{
  "train_loss": [
    1.015915178439834,
    0.7911280244588852,
    0.6885502649979158,
    0.6255338662727312,
    0.5464291553944349,
    0.49339879989962687,
    0.4614664466882294,
    0.33303158317523246,
    0.2653237837869462,
    0.24831914038143374,
    0.22785389457236638,
    0.17555189649944872,
    0.17672746736471626,
    0.17981507672613423,
    0.1023225525555476,
    0.1349419693955993,
    0.1266434339000129,
    0.11084422893294356,
    0.09464783243443393,
    0.09210585892056274,
    0.06069766031528574,
    0.034253458625461135,
    0.030465956566341778,
    0.030888704301307,
    0.024165831915240688,
    0.025510692431329186,
    0.034810477934994116,
    0.02769366792473575,
    0.018484622668283504
  ],
  "val_loss": [
    0.7802473965444063,
    0.7589871318716752,
    0.6998640777249086,
    0.6793272479584342,
    0.7322122533070413,
    0.7428370376950816,
    1.0755942973651385,
    0.9863762032044562,
    1.1079805516882946,
    0.9226962571081362,
    1.3068058571141017,
    1.5472857505083084,
    1.6224075257778168,
    1.3430800214409828,
    1.6168554272306592,
    1.6754571330782615,
    2.2234296861447786,
    1.9065702816373424,
    1.6893830911109322,
    2.3212416603376993,
    2.1960295227013136,
    2.3495317603412427,
    2.524407535791397,
    2.883202757098173,
    2.7512489663142907,
    2.7669587692147806,
    2.676433602053868,
    2.7151465137538158,
    2.863470257897126
  ],
  "val_prauc": [
    0.6547720545805312,
    0.6280378517199251,
    0.6755765995975328,
    0.6594637291364903,
    0.6986770926308914,
    0.67515990953775,
    0.6891124601144532,
    0.6645451166287605,
    0.6389246658159577,
    0.6992105237093672,
    0.659702527977749,
    0.6721249395688358,
    0.6523455036919242,
    0.726233751403483,
    0.6654075522007175,
    0.6681362461284672,
    0.6659692066192598,
    0.6874148824896656,
    0.6655251809600755,
    0.667908001171537,
    0.6875818442059561,
    0.6780380865750552,
    0.6847336483318678,
    0.6921655668098625,
    0.6876167136592384,
    0.6844341601816756,
    0.6887571620137302,
    0.6793305471728267,
    0.6804824082769779
  ],
  "val_f1": [
    0.5367088607594936,
    0.5589041095890411,
    0.6149068322981367,
    0.632996632996633,
    0.6486486486486487,
    0.6550522648083623,
    0.6382978723404256,
    0.664,
    0.6324110671936759,
    0.6715328467153284,
    0.6147186147186147,
    0.6166666666666667,
    0.631578947368421,
    0.6782608695652174,
    0.636734693877551,
    0.6403162055335968,
    0.6146788990825688,
    0.6390041493775933,
    0.6614173228346457,
    0.6244725738396625,
    0.6290322580645161,
    0.640625,
    0.6377952755905512,
    0.6607142857142857,
    0.6468085106382979,
    0.6333333333333333,
    0.6443514644351465,
    0.6527196652719666,
    0.6437768240343348
  ]
}