{
  "train_loss": [
    0.8419410208155056,
    0.7825570583040944,
    0.7602358009609474,
    0.7507159088166232,
    0.742290619817482,
    0.7245794569477817,
    0.7131362077850981,
    0.7198112718950068,
    0.7188797830627655,
    0.7079464799256494,
    0.7121481946882258,
    0.7054010255990295,
    0.7021089494228363,
    0.6957202552236276,
    0.6927209616009959,
    0.6822264648330998,
    0.6983193215077299,
    0.6823856311703697,
    0.6891496384204342,
    0.6779863431974111,
    0.6819883299055438,
    0.6847348854626496,
    0.6843572691612437,
    0.673845947545192,
    0.672595048918942,
    0.6711526254409461,
    0.6761786234257791,
    0.663319196344027,
    0.655766047196945,
    0.6616938961338876,
    0.6570412502978659,
    0.6551972030080514,
    0.6720647515379233,
    0.6551270477360275,
    0.6569354786788146,
    0.6590153187664632,
    0.6444512018697516,
    0.6447718400640536,
    0.650106861355341,
    0.650173030831487,
    0.6506062175719266,
    0.6575091372286608,
    0.6489595599888545,
    0.6510977392571832,
    0.6796634968767311,
    0.6521064741962452,
    0.6494222486079647,
    0.6485656973371651,
    0.6545594811136952,
    0.6482565319780166,
    0.655262225170426,
    0.6424536001561257,
    0.6432155393404404,
    0.6455698048100253,
    0.64255546691454,
    0.6468382924038747,
    0.6327463973899783,
    0.637055476607405,
    0.6406537852614059,
    0.6393081548855389
  ],
  "val_loss": [
    1.2626554110022479,
    0.7139000511446665,
    0.7486612975250843,
    0.9785613178513771,
    1.0752265559032905,
    1.3817299365304236,
    0.9746340667439062,
    0.8231272749429526,
    0.7950929614693619,
    0.929778526688731,
    0.875451494441476,
    0.9512295508107473,
    1.2351384194091308,
    0.9636404129654862,
    0.8625147141689478,
    0.8482301299308621,
    1.055505669047666,
    1.1237897762032443,
    1.2766980206550553,
    1.282069446735604,
    0.9809135759985724,
    0.985799541826858,
    0.9287857006109038,
    1.1578765877111012,
    1.0389628886829976,
    0.8027514685378518,
    0.8533445780360421,
    0.9240198409141496,
    1.096785042868104,
    0.9260739727422248,
    1.1752520411513572,
    1.0678594341111738,
    1.1395299739615863,
    1.2044622234480327,
    1.1549113599020382,
    1.153450267432734,
    1.1875753359392631,
    1.165501810956833,
    1.1145262413246686,
    1.076122252227262,
    1.03498166366372,
    1.3772908441375855,
    1.131607943669308,
    1.2743479136464209,
    1.161678736466308,
    1.47896293741326,
    1.595267535642136,
    1.5791877636382745,
    1.2121562344390293,
    1.4914869867958302,
    1.7154203053823738,
    1.8199783278585866,
    1.564432576471983,
    1.5837905918962734,
    1.619821801348481,
    1.7197533557408078,
    1.814903315416602,
    1.7543650757261486,
    1.836573811551166,
    1.8315953077791736
  ],
  "val_prauc": [
    0.47078483562742923,
    0.5086608820536767,
    0.5633278495481537,
    0.5582079982522691,
    0.5645376300899596,
    0.5798838122953697,
    0.5870256283704839,
    0.5663247802262383,
    0.5780016397846484,
    0.5792847372241937,
    0.5713708757029585,
    0.5917490831984629,
    0.591047809280207,
    0.5899298432875795,
    0.5904611445042033,
    0.5795778814881392,
    0.5878107872906784,
    0.5946014850819915,
    0.5915353874526338,
    0.5922383847828909,
    0.6039289162672405,
    0.577048680333377,
    0.594779173576956,
    0.5892160001083832,
    0.5876235338644803,
    0.5980620180472926,
    0.5858520893350209,
    0.6070792830003363,
    0.6084457606790801,
    0.5996564348671692,
    0.6049086474141296,
    0.6090944636396989,
    0.6086167806290123,
    0.5967592060943192,
    0.5906577648248568,
    0.5952189670529142,
    0.6103141012452499,
    0.5995981279519849,
    0.6028514528261284,
    0.6087417751344649,
    0.5956408966803349,
    0.6105999009168598,
    0.6060213024909489,
    0.6005624753948152,
    0.6207625939495428,
    0.5989630732988095,
    0.5977314229013714,
    0.608520218548585,
    0.6005347156489558,
    0.594613484364944,
    0.5801615489314029,
    0.5920596482777652,
    0.594825899915327,
    0.5975617105810743,
    0.5937608189831372,
    0.5896775873908396,
    0.5875023330590128,
    0.5776343854173212,
    0.5925217077431255,
    0.5965640929945116
  ],
  "val_f1": [
    0.009345794392523364,
    0.5566502463054187,
    0.5728395061728395,
    0.44776119402985076,
    0.2222222222222222,
    0.08928571428571429,
    0.42138364779874216,
    0.45664739884393063,
    0.49586776859504134,
    0.4699140401146132,
    0.4647058823529412,
    0.445141065830721,
    0.2139917695473251,
    0.4525993883792049,
    0.47023809523809523,
    0.46285714285714286,
    0.32209737827715357,
    0.3732394366197183,
    0.04608294930875576,
    0.18333333333333332,
    0.3233082706766917,
    0.39867109634551495,
    0.453416149068323,
    0.2677165354330709,
    0.3918918918918919,
    0.4444444444444444,
    0.419672131147541,
    0.30943396226415093,
    0.1702127659574468,
    0.3490909090909091,
    0.20491803278688525,
    0.22040816326530613,
    0.13852813852813853,
    0.028037383177570093,
    0.16170212765957448,
    0.13100436681222707,
    0.1623931623931624,
    0.10619469026548672,
    0.15450643776824036,
    0.1702127659574468,
    0.1825726141078838,
    0.06334841628959276,
    0.13100436681222707,
    0.045871559633027525,
    0.06363636363636363,
    0.0,
    0.0,
    0.05504587155963303,
    0.08968609865470852,
    0.009433962264150943,
    0.0,
    0.0,
    0.0,
    0.0,
    0.0,
    0.0,
    0.0,
    0.0,
    0.0,
    0.0
  ]
}