{
  "train_loss": [
    0.8351257024054042,
    0.7472145064862189,
    0.7328035902834225,
    0.7225884531072514,
    0.7062834977746724,
    0.697428329976019,
    0.6933614525966302,
    0.6881672652538665,
    0.6887384108797519,
    0.6612600277283949,
    0.6684949396256201,
    0.6693249724939198,
    0.6683337531403867,
    0.6532155625120608,
    0.6670720159650563,
    0.6507641267990638,
    0.6475805472471043,
    0.6334107211250031,
    0.6453097218167996,
    0.6484165179158399,
    0.6513365583862373,
    0.6363384943165465,
    0.6210533398354124,
    0.611108379806587,
    0.6237065636826132,
    0.6146088551261468,
    0.6368829060100509,
    0.6073032553324442,
    0.6057108048193469,
    0.5932812194624347,
    0.6227234039834874,
    0.6172011558881063,
    0.5956382978105259,
    0.6065088992347261,
    0.6045841076773798,
    0.6023705389328345,
    0.6045637819581403,
    0.5991754371249033,
    0.5985330332539038,
    0.5984061549523634,
    0.5951709374339281,
    0.6127051902031471,
    0.6023941946600726,
    0.6101836096383855,
    0.5975604094787986,
    0.5983883624305268,
    0.6006128882576606,
    0.5943650158936392,
    0.5933881923110186,
    0.5960545218633321,
    0.5965461657789652,
    0.5977712152246943,
    0.5959641863842924,
    0.5963885637814413,
    0.5769508545270223,
    0.5836862571939023,
    0.5904488838361409,
    0.5939486800375099,
    0.5898894139392648,
    0.6046798188172414,
    0.5870617785139712,
    0.5762926832644525,
    0.6034171417087852,
    0.5715161306772404,
    0.5840857089636569,
    0.5801676397552034,
    0.5762829885868255,
    0.5862221848108098,
    0.5813679677283693,
    0.5701248445910608,
    0.5737757854119032,
    0.5760621228617823,
    0.5814838705662482,
    0.5842871922932699,
    0.5866131265006379,
    0.5787575541142218,
    0.5693145280112764,
    0.5735031432377364,
    0.5750700449515246,
    0.5789260098677196,
    0.5840431548164277,
    0.5653581746859465,
    0.5759131994076118,
    0.5732771661467181,
    0.5856836149078644,
    0.5839672895248779,
    0.5691075275044242,
    0.5778114099702435
  ],
  "val_loss": [
    3.0007709372374745,
    3.3565935430427394,
    2.6184980151140027,
    1.8364676390257146,
    2.9093811584429607,
    2.293075499435266,
    2.5487889875140457,
    1.489210205980473,
    1.181096002459526,
    1.1807186733931303,
    1.4138595900601811,
    1.1357368578513463,
    1.11450621071789,
    1.5270373225212097,
    1.154488464196523,
    0.9967393562611606,
    1.3212860599160194,
    1.2680842677752178,
    1.3840983311335247,
    1.107888496791323,
    1.0632556604428425,
    0.9105741067065133,
    0.7624870923658212,
    0.9912468528168069,
    0.9597727509422435,
    1.13102549707724,
    1.2414545108460717,
    0.9322215732600954,
    0.9712463064740101,
    1.1725476553870573,
    1.2827817683832512,
    1.1438993900600407,
    1.3661949030227132,
    1.1432398489365976,
    1.1840355675667524,
    1.1754758974744215,
    1.2532949346221156,
    1.3512806194937892,
    1.0910563847670953,
    1.3006322061022122,
    1.3226700443774462,
    1.3854362178179953,
    1.3550835537413757,
    1.2521014178378715,
    1.3921629192514553,
    1.3499225684338145,
    1.7879764652914472,
    1.393927838653326,
    1.6234748363494873,
    1.496026226836774,
    1.4843271523714066,
    1.5373153614087238,
    1.665775540802214,
    1.4106757636699412,
    1.3518564324412081,
    1.4369928948581219,
    1.358329618556632,
    1.5557947986655765,
    1.5340975634753704,
    1.3446306093699403,
    1.4451651598016422,
    1.4741867631673813,
    1.4785343172649543,
    1.4763643170396488,
    1.4320511629598007,
    1.4750038863470156,
    1.5915683031909995,
    1.4377346330632765,
    1.4737873727248774,
    1.3952156288756266,
    1.3911177493217919,
    1.3835146731386583,
    1.3857727208071284,
    1.5618694790949423,
    1.4045528336945508,
    1.380176801027523,
    1.5132892442246277,
    1.4943241483221452,
    1.5499151506357722,
    1.374613843444321,
    1.451996064434449,
    1.461725639179349,
    1.414417149292098,
    1.3758753548479743,
    1.5193287955804005,
    1.462517275992367,
    1.3982110106282764,
    1.4808098274386592
  ],
  "val_prauc": [
    0.47428020857181746,
    0.5017983806780898,
    0.5178899181598874,
    0.5137778572078073,
    0.5387812676006736,
    0.5282060631290387,
    0.5433542148645629,
    0.5275360348734455,
    0.5448897955809191,
    0.5377685139585243,
    0.5423990220131556,
    0.5462921416323844,
    0.5535438180111943,
    0.5422269565025394,
    0.5582037842530759,
    0.5714028620309022,
    0.5454367430166709,
    0.5459861843194753,
    0.556695556201763,
    0.5674111079446078,
    0.5693092309252908,
    0.5696691876750283,
    0.583630850021484,
    0.5788185942541382,
    0.5869284096281954,
    0.5716717729350017,
    0.5808657917416361,
    0.588028871027471,
    0.5732818627377699,
    0.5870579822552378,
    0.5728012679460901,
    0.579414612411669,
    0.5736477964412463,
    0.5758470720749401,
    0.5824762906462855,
    0.5748111093114221,
    0.5777441154516895,
    0.5714147397078866,
    0.5894148380736707,
    0.5787834261518133,
    0.5819091642258085,
    0.5828753196062345,
    0.5852173677182574,
    0.5906074750586633,
    0.585349435249149,
    0.5922012443110155,
    0.5934485966133433,
    0.5848235934277088,
    0.5875707038768319,
    0.5904326494687852,
    0.5982407001453773,
    0.5919244888058874,
    0.5995887577293606,
    0.5983588084832886,
    0.5935319754792112,
    0.589970414630317,
    0.5944173848991481,
    0.5925978735964681,
    0.5865110316804862,
    0.5975765885377081,
    0.6022053868434332,
    0.5971770452120538,
    0.5946322183525538,
    0.5950149339142542,
    0.6011161818326386,
    0.5951513789977041,
    0.5909529140712967,
    0.5989709967459522,
    0.5910700048316925,
    0.598203024964931,
    0.5969826222600595,
    0.6018896283059807,
    0.6048922468806578,
    0.5980870144471024,
    0.5980458398666373,
    0.5971993853296067,
    0.5949870195821744,
    0.5962818663939863,
    0.5965824778392171,
    0.594857106186717,
    0.598101350226717,
    0.5944379954546829,
    0.5957613831578287,
    0.59608455145402,
    0.5966476793858453,
    0.599027542709508,
    0.5973375379037164,
    0.5928941007646695
  ],
  "val_f1": [
    0.0,
    0.0,
    0.0,
    0.0,
    0.0,
    0.0,
    0.053763440860215055,
    0.20657276995305165,
    0.1414141414141414,
    0.23853211009174313,
    0.21052631578947367,
    0.15841584158415842,
    0.2028985507246377,
    0.06417112299465241,
    0.17475728155339806,
    0.24074074074074073,
    0.09473684210526316,
    0.19138755980861244,
    0.28448275862068967,
    0.33191489361702126,
    0.2488479262672811,
    0.4726027397260274,
    0.5653495440729484,
    0.43243243243243246,
    0.4230769230769231,
    0.2,
    0.2048780487804878,
    0.2535211267605634,
    0.3162393162393162,
    0.2909090909090909,
    0.03225806451612903,
    0.03260869565217391,
    0.011111111111111112,
    0.13333333333333333,
    0.09473684210526316,
    0.12371134020618557,
    0.09473684210526316,
    0.02185792349726776,
    0.1791044776119403,
    0.09375,
    0.06417112299465241,
    0.03260869565217391,
    0.043243243243243246,
    0.03260869565217391,
    0.0,
    0.03260869565217391,
    0.0,
    0.01098901098901099,
    0.0,
    0.0111731843575419,
    0.0111731843575419,
    0.011111111111111112,
    0.0,
    0.0111731843575419,
    0.0111731843575419,
    0.0,
    0.0111731843575419,
    0.0,
    0.0,
    0.0111731843575419,
    0.0,
    0.0,
    0.0,
    0.0,
    0.0,
    0.0,
    0.0,
    0.0,
    0.0,
    0.0,
    0.0,
    0.0,
    0.0,
    0.0,
    0.0,
    0.0,
    0.0,
    0.0,
    0.0,
    0.0,
    0.0,
    0.0,
    0.0,
    0.0,
    0.0,
    0.0,
    0.0,
    0.0
  ]
}