{
  "train_loss": [
    0.850164001853905,
    0.7794477597101411,
    0.7331143475290555,
    0.7367365974098888,
    0.7279009088058377,
    0.7204411614000501,
    0.71696187874571,
    0.7189912300797837,
    0.7064402702435926,
    0.6959536604916872,
    0.6901615429576949,
    0.6975612053230628,
    0.6862166085053439,
    0.690564160026721,
    0.6828055577491646,
    0.6805714497815317,
    0.6669138346738483,
    0.6682210652092796,
    0.6755576190070727,
    0.6646667358590596,
    0.6694510166917867,
    0.6626456519264486,
    0.6695944410354937,
    0.6533387760024759,
    0.6471024772421045,
    0.6377618729475125,
    0.6599733006598344,
    0.6424225135822201,
    0.6506415633716394,
    0.639672412356334,
    0.630069200968861,
    0.6460247674391637
  ],
  "val_loss": [
    0.7384154285219583,
    0.7302719178524885,
    0.7219848592172969,
    0.792252647944472,
    0.8020669411529194,
    0.7320188297466799,
    0.8257854218510065,
    0.7669699144634333,
    0.7261614294892008,
    0.6807467436248605,
    0.6869745979254896,
    0.7060349993407726,
    0.6947231380776926,
    0.6868723773143508,
    0.7446271973577413,
    1.2501837595111944,
    1.0031397049738602,
    1.1879132185131311,
    0.8740343862975185,
    0.9593579664149068,
    0.9100206818600948,
    1.021255723031407,
    0.9250186122107235,
    0.8929383592172102,
    0.9745965788818218,
    1.0138811189681292,
    0.9745099087330428,
    1.1761183478784831,
    0.9355442276732489,
    1.0301187288185412,
    1.167257966389033,
    1.3518554423935711
  ],
  "val_prauc": [
    0.5010881795722262,
    0.5510824729298649,
    0.5536655340703002,
    0.5676298814022447,
    0.5627728557663437,
    0.5908141674760902,
    0.5741510969287142,
    0.5724624054254924,
    0.5769880089836421,
    0.5792415995490791,
    0.5957375218468098,
    0.5820045495192856,
    0.5831229486644113,
    0.5772674691009027,
    0.591185745814642,
    0.5766612069021214,
    0.597379457458471,
    0.5565336473717427,
    0.5433621495713647,
    0.5643169088618424,
    0.5657197855327636,
    0.5920159045484098,
    0.5673906713180139,
    0.5766934496508255,
    0.5852560163213836,
    0.5657566603352759,
    0.5777968375430862,
    0.5711888691915117,
    0.5928953593342917,
    0.5882111234624257,
    0.5848916009627784,
    0.5854898096275595
  ],
  "val_f1": [
    0.5503355704697986,
    0.5458422174840085,
    0.5576923076923077,
    0.5862785862785863,
    0.5925925925925926,
    0.5359281437125748,
    0.5754716981132075,
    0.5930735930735931,
    0.6081871345029239,
    0.6038461538461538,
    0.5821428571428572,
    0.6122448979591837,
    0.5968819599109132,
    0.5857740585774058,
    0.5869565217391305,
    0.5087719298245614,
    0.5885167464114832,
    0.5139664804469274,
    0.5812807881773399,
    0.5812807881773399,
    0.5801886792452831,
    0.5764411027568922,
    0.5574572127139364,
    0.5522388059701493,
    0.5492227979274611,
    0.5576407506702413,
    0.5277777777777778,
    0.4839650145772595,
    0.5498783454987834,
    0.5773195876288659,
    0.5509641873278237,
    0.43312101910828027
  ]
}