{
  "train_loss": [
    0.918745681643486,
    0.7783968958717126,
    0.7535096068794911,
    0.738462702012979,
    0.6904771769276032,
    0.6540740963358146,
    0.6389371844438406,
    0.6597850592090533,
    0.611210781794328,
    0.6439140719863085,
    0.6529464991046832,
    0.6394919174221846,
    0.6380118034206904,
    0.6155313012691644,
    0.6325574843929365,
    0.6059428940598781,
    0.5945933650319393,
    0.5883623914649854,
    0.6240951324311587,
    0.5946856209864984,
    0.5886404835260831,
    0.5861806898162916,
    0.5791726083709643,
    0.588628249672743
  ],
  "val_loss": [
    1.1452243371556203,
    1.207726910089453,
    2.696021523947517,
    1.696654553214709,
    2.1130732564876475,
    1.9535515221456687,
    2.0425032085428634,
    1.6616885351638,
    1.4195998298625152,
    1.6338346265256405,
    1.646211654568712,
    2.32085428138574,
    2.1354695223271847,
    2.4111120086163282,
    2.14740275281171,
    3.0034110844135284,
    2.7719934601336718,
    2.9801769418021045,
    3.770248595625162,
    3.5510947182774544,
    3.463795801003774,
    3.261155595382055,
    3.4130058586597443,
    3.5275864377617836
  ],
  "val_prauc": [
    0.6168140799357266,
    0.6549365045395559,
    0.6562023403895201,
    0.6420860741181151,
    0.6826258907784839,
    0.6687991163396152,
    0.6500249141827106,
    0.6635514162766997,
    0.7016414809875715,
    0.6550575211179918,
    0.6558377775488952,
    0.6666776371449252,
    0.6860551970359213,
    0.6363005493045865,
    0.6109371829332267,
    0.6150426899976909,
    0.6321629589244716,
    0.6305428440050801,
    0.623522472483359,
    0.623941329423512,
    0.6301457485639592,
    0.6291444465365393,
    0.6246141578864977,
    0.626086005884098
  ],
  "val_f1": [
    0.0,
    0.0,
    0.0,
    0.0,
    0.0,
    0.0,
    0.0,
    0.0,
    0.0,
    0.0,
    0.0,
    0.0,
    0.0,
    0.0,
    0.0,
    0.0,
    0.0,
    0.0,
    0.0,
    0.0,
    0.0,
    0.0,
    0.0,
    0.0
  ]
}