{
  "train_loss": [
    0.9589603394269943,
    0.7865412791187947,
    0.7466407349476447,
    0.7420848034895383,
    0.6707393870903895,
    0.6653538569808006,
    0.6607369998326669,
    0.6722242832183838,
    0.651197530902349,
    0.6338443326262327,
    0.6146087314073856,
    0.6162609692949516,
    0.6298299976266347,
    0.6272921361602269,
    0.6324899345636368,
    0.620354496802275,
    0.6095759433049422,
    0.6281919003679202,
    0.6309574553026602,
    0.6032707032102805,
    0.5893492836218613,
    0.6156633840157435,
    0.5770619368323913,
    0.6004689020606188,
    0.5742119327187538,
    0.5578910066531255,
    0.5853066037480648,
    0.557946289388033,
    0.58311933107101,
    0.5553463296248362,
    0.5609312791090745,
    0.5472305514491521,
    0.5616762234041324
  ],
  "val_loss": [
    0.9374625235795975,
    1.002793810640772,
    2.4107774483660855,
    1.1469125592460234,
    0.6239032745361328,
    0.9162440026799837,
    1.3165400307625532,
    1.030726180722316,
    0.8462030266722044,
    0.9909228061636289,
    1.283804430315892,
    1.0028746090829372,
    1.3125789289673169,
    1.3878871947526932,
    1.2677293823411067,
    1.305602736150225,
    1.5246061980724335,
    0.836225830639402,
    0.8908840157091618,
    0.7836777785172065,
    1.2428492822994788,
    1.5048956330865622,
    1.2851937816788752,
    1.2938440671811502,
    1.3019030534972746,
    1.5314049019167821,
    1.6764835007488728,
    1.5096522700041533,
    1.192632816111048,
    1.4015008080750704,
    1.2956938414524,
    1.3054234888404608,
    1.510310438151161
  ],
  "val_prauc": [
    0.551239483724858,
    0.6321197321070772,
    0.620932162143242,
    0.6653249939148224,
    0.6520902609528634,
    0.6578011569924964,
    0.6577918420289123,
    0.6672657323621578,
    0.6504509271978979,
    0.6805079846799251,
    0.6805256948089455,
    0.6869110381852574,
    0.6874553527908247,
    0.6906708231033227,
    0.700222412714638,
    0.6972862566193982,
    0.686822111374814,
    0.7139300165224217,
    0.7056358240440297,
    0.6979641739058305,
    0.68482373108879,
    0.6750571270028294,
    0.6800658846031588,
    0.692263392672486,
    0.6941591042875115,
    0.6989156905318717,
    0.6906653251668213,
    0.6902810831830152,
    0.6934553103609705,
    0.6950253822450495,
    0.6967009057240003,
    0.7109954526457558,
    0.69740252025781
  ],
  "val_f1": [
    0.0,
    0.3466666666666667,
    0.0,
    0.0,
    0.6464646464646465,
    0.5287356321839081,
    0.15625,
    0.4,
    0.5287356321839081,
    0.47619047619047616,
    0.12698412698412698,
    0.4578313253012048,
    0.12698412698412698,
    0.12698412698412698,
    0.12698412698412698,
    0.12698412698412698,
    0.12698412698412698,
    0.49411764705882355,
    0.47619047619047616,
    0.5777777777777777,
    0.3055555555555556,
    0.12698412698412698,
    0.3013698630136986,
    0.208955223880597,
    0.208955223880597,
    0.15625,
    0.03389830508474576,
    0.15625,
    0.4050632911392405,
    0.2898550724637681,
    0.3684210526315789,
    0.38961038961038963,
    0.15625
  ]
}