{
  "train_loss": [
    0.8320094648592486,
    0.7782831598898607,
    0.7512781102500276,
    0.7335058977147062,
    0.7225043757589992,
    0.7159838928077036,
    0.7028723375169103,
    0.7104978022461166,
    0.6980547535562229,
    0.6825550305629204,
    0.6873557970909301,
    0.6941570496844675,
    0.6807150494552658,
    0.662109260965964,
    0.6818496163733705,
    0.6787243596094097,
    0.6721793982440126,
    0.6636214606062381,
    0.660251338503318,
    0.6687459206866647,
    0.6523619088940992,
    0.6398033605007354,
    0.6664112156736637,
    0.6346739437765704,
    0.6428556299495126,
    0.6473476137229782,
    0.6499246835351704,
    0.6275711270149597,
    0.6394088041639614,
    0.6333386608940399,
    0.6511383948925726,
    0.6313597386825585,
    0.6448625618826129,
    0.6349211758125328,
    0.6352972614907932,
    0.6245294866447677,
    0.6162952552298586,
    0.621886397014835,
    0.6204787235773966,
    0.6273421547013128,
    0.6276121530347242,
    0.6184175503468086,
    0.6259432504633944,
    0.6275354539919756,
    0.6218601491993773,
    0.6154745808261597,
    0.6207756912279986,
    0.6079406400997481,
    0.6017292480982707,
    0.6151057108790575,
    0.6114847592251029,
    0.6082215484030946,
    0.6054830474410943,
    0.6172686672496225,
    0.6077721777433407
  ],
  "val_loss": [
    1.6625036528954904,
    2.2275886279013424,
    0.978944417503145,
    0.9912600467602412,
    1.195024736225605,
    0.961469662686189,
    1.0316087988515694,
    0.7703040792710252,
    0.9106784156627126,
    0.9638693146407604,
    0.9760028767502971,
    0.8137511139114698,
    0.77194084185693,
    1.079680022680097,
    0.8211462265915341,
    1.0443841500414743,
    0.9113540995038218,
    1.048102153879073,
    0.9350664029932685,
    0.9358834653264947,
    0.864713622464074,
    0.8920152503997087,
    0.8813840513014131,
    0.8922202707164817,
    1.0316510322607226,
    0.921980605357223,
    0.9336877519057857,
    0.8043950682299005,
    0.8610097716252009,
    1.0369454154537783,
    0.9970490938673416,
    1.0387275893655088,
    1.0236923282759056,
    0.9512107564757267,
    0.9246548374907838,
    1.0353230854703321,
    1.0801384943640895,
    1.0745066998319492,
    1.0231936458084319,
    1.0600950606167316,
    1.1200106802086036,
    1.068784013390541,
    1.1661473945197132,
    1.1143689252850082,
    1.2688821618341737,
    1.1138827602068584,
    1.2279877269433603,
    1.1903691705730226,
    1.0956030980580382,
    1.1069218315598037,
    1.0736883617937565,
    1.1293852939787838,
    1.1610272007269993,
    1.1173228859487507,
    1.1337073714368873
  ],
  "val_prauc": [
    0.4579174720937149,
    0.4668068311714311,
    0.4982876182455583,
    0.5121979546878306,
    0.5030739381099703,
    0.518569482886173,
    0.5072015720468475,
    0.5267368274277673,
    0.5145165436130575,
    0.5113372362541329,
    0.5217073848268657,
    0.5488885211921064,
    0.5487962562422792,
    0.5261944281515674,
    0.541370218010297,
    0.5206360251402224,
    0.5386205559648451,
    0.5280239866901638,
    0.5396974103890064,
    0.5519224557256605,
    0.554444052350618,
    0.5506701596296132,
    0.5399704726101493,
    0.5565353692834201,
    0.5618062811395181,
    0.5574482679862418,
    0.5507324134248212,
    0.5713317733794779,
    0.5587855068451557,
    0.5507749007278983,
    0.5482360639061985,
    0.565696336056483,
    0.5616708545558885,
    0.5579492876116313,
    0.569892948477616,
    0.5672212029965572,
    0.5657309319331064,
    0.5726045868785437,
    0.5749742970398177,
    0.5822832414313276,
    0.5808619914277204,
    0.571514293209103,
    0.5755681557811363,
    0.581553619434247,
    0.571690130863366,
    0.5764697494521527,
    0.5707452259804646,
    0.5671257645551482,
    0.5776389742368429,
    0.5724350837863292,
    0.5717129223935129,
    0.5709420248645062,
    0.5746234217080235,
    0.5742420964149807,
    0.5771418511226636
  ],
  "val_f1": [
    0.011111111111111112,
    0.0,
    0.379182156133829,
    0.5481049562682215,
    0.26556016597510373,
    0.3622641509433962,
    0.4797297297297297,
    0.5682451253481894,
    0.4520547945205479,
    0.32786885245901637,
    0.3,
    0.5538461538461539,
    0.5806451612903226,
    0.4259927797833935,
    0.5565749235474006,
    0.2600896860986547,
    0.5016501650165016,
    0.31932773109243695,
    0.5098039215686274,
    0.5194805194805194,
    0.5671641791044776,
    0.5552238805970149,
    0.5316455696202531,
    0.56973293768546,
    0.4855072463768116,
    0.5273311897106109,
    0.5142857142857142,
    0.5994397759103641,
    0.5585585585585585,
    0.512987012987013,
    0.4354243542435424,
    0.5034013605442177,
    0.488135593220339,
    0.5203761755485894,
    0.5636363636363636,
    0.5,
    0.4913494809688581,
    0.45652173913043476,
    0.4697508896797153,
    0.4444444444444444,
    0.37344398340248963,
    0.4676258992805755,
    0.33191489361702126,
    0.4108527131782946,
    0.2702702702702703,
    0.45185185185185184,
    0.35537190082644626,
    0.3247863247863248,
    0.44776119402985076,
    0.4744525547445255,
    0.4782608695652174,
    0.4031620553359684,
    0.3870967741935484,
    0.4393939393939394,
    0.416988416988417
  ]
}