{
  "train_loss": [
    1.0544508722695438,
    0.7812226905741475,
    0.6097731441259384,
    0.4838324512609027,
    0.524031794375994,
    0.3522049606439065,
    0.2716352133588357,
    0.22414421076378363,
    0.22224549514728345,
    0.23374249312539838,
    0.19646316754965068,
    0.1539276959453921,
    0.10905585680054421,
    0.06976263968830278,
    0.05163790215762922,
    0.04665139973423555,
    0.08076366519294838,
    0.055133306868314816,
    0.04039334305757207,
    0.0381733100414501,
    0.042139238733728816
  ],
  "val_loss": [
    0.7722038548243674,
    0.6611034948574869,
    0.7310029546681204,
    0.6907295310183575,
    0.7223565641202425,
    0.8088561947408476,
    0.9457211572872964,
    1.0323927708362277,
    1.4380248596793728,
    1.1845549313645614,
    1.1666649156495144,
    1.1577565615114414,
    1.5090722520100444,
    2.391808630898595,
    1.8027082109137584,
    3.5610905390379854,
    1.819928316693557,
    2.4246786836730805,
    2.1387398031197096,
    3.1793697712648856,
    2.288745031545037
  ],
  "val_prauc": [
    0.6346771610033486,
    0.6980128031061991,
    0.7101663387448587,
    0.7050329431438844,
    0.675328441037761,
    0.7252078934310987,
    0.6762955044499367,
    0.6861011789272468,
    0.6927445754975461,
    0.6831549735346701,
    0.69113219274057,
    0.6816913384565608,
    0.7015435331147347,
    0.7028445631585771,
    0.6929292781083067,
    0.6903743509950125,
    0.6952546307815275,
    0.7038141331370681,
    0.6937126676760763,
    0.7048318877001082,
    0.6814807537398039
  ],
  "val_f1": [
    0.6434108527131783,
    0.637223974763407,
    0.6775510204081633,
    0.6691729323308271,
    0.5945945945945946,
    0.6744186046511628,
    0.6615969581749049,
    0.6642335766423357,
    0.646551724137931,
    0.6568265682656826,
    0.6530612244897959,
    0.6379928315412187,
    0.6554621848739496,
    0.5961538461538461,
    0.6040816326530613,
    0.5454545454545454,
    0.626984126984127,
    0.6181818181818182,
    0.6290322580645161,
    0.5980392156862745,
    0.6178861788617886
  ]
}