{
  "train_loss": [
    1.0542878169905057,
    0.7754924646155401,
    0.6105460339987819,
    0.4866365133361383,
    0.4644649273461916,
    0.3268600246149369,
    0.2965027601246468,
    0.2426256349162114,
    0.21008751268329268,
    0.2570461446514607,
    0.20383334217529575,
    0.17798980499289677,
    0.17278915166719921,
    0.09936759756882649,
    0.13281620185493506,
    0.16385720811740612,
    0.08781154632412257,
    0.04250037283806953,
    0.047833547899534264,
    0.06376655377954937,
    0.040277075825253465,
    0.07325250778142783,
    0.03145248403730379,
    0.024544840290631822,
    0.019704227191895865
  ],
  "val_loss": [
    0.7947471157500618,
    0.6839135822496916,
    0.7057720642340811,
    0.6597865992470792,
    0.740721804530997,
    0.779000500315114,
    0.9782059992614546,
    0.9256753937194222,
    1.1611475081820237,
    1.318769274573577,
    1.39199997014121,
    1.3121299747573703,
    1.1663400099465722,
    1.5766809565064155,
    1.7449780988850092,
    1.5804148065416437,
    2.0731989727600624,
    1.991345944765367,
    2.5718106698048744,
    1.9863439776787633,
    1.82585687307935,
    1.700393924979787,
    2.5336350456713452,
    2.307599678439529,
    2.0980271316672625
  ],
  "val_prauc": [
    0.6234515520161805,
    0.6799384477488518,
    0.6949805387015179,
    0.6999120141151645,
    0.6667779989256681,
    0.7012066592808581,
    0.6954423035478805,
    0.695382716717485,
    0.6999468837493162,
    0.7198542700923118,
    0.6952314856785621,
    0.7158518875392788,
    0.6897210804773825,
    0.6916045333078367,
    0.6975753032095378,
    0.6986198905630487,
    0.710769546808489,
    0.6960735644141895,
    0.7072492640288953,
    0.6980453140847123,
    0.6940946407050466,
    0.6993986554964409,
    0.7055001781313104,
    0.703958470049348,
    0.6993205774837533
  ],
  "val_f1": [
    0.6639004149377593,
    0.5938375350140056,
    0.6718146718146718,
    0.6006006006006006,
    0.5519125683060109,
    0.6472727272727272,
    0.6434108527131783,
    0.6112956810631229,
    0.6403162055335968,
    0.6410256410256411,
    0.5909090909090909,
    0.6428571428571429,
    0.640926640926641,
    0.6016949152542372,
    0.6359832635983264,
    0.664,
    0.6488888888888888,
    0.6363636363636364,
    0.5909090909090909,
    0.6293103448275862,
    0.6456692913385826,
    0.6587301587301587,
    0.5963302752293578,
    0.5929203539823009,
    0.6561264822134387
  ]
}