{
  "train_loss": [
    1.1181043460965157,
    0.9293874492022124,
    0.8306501030244611,
    0.6938841889866374,
    0.5894920549948107,
    0.5200954455543648,
    0.5086552927439864,
    0.4013618546622721,
    0.37645362357778306,
    0.29381278809159994,
    0.30932071510787035,
    0.26724712718913163,
    0.22988890926353633,
    0.24747451624981212,
    0.22762494165693747,
    0.17876704661466647,
    0.17504626807137605,
    0.1949316390647172,
    0.11472092194890138,
    0.16722720742770683,
    0.16464891797725364,
    0.1356905700615078,
    0.12298108521446754,
    0.19015340169029182,
    0.1624863109082071,
    0.0915880831287888,
    0.07085444280784775,
    0.042520191367243984,
    0.05931494237062845,
    0.04519771557724281,
    0.044705391959083005,
    0.05233766746447476,
    0.07700320437619336,
    0.038031830217939634
  ],
  "val_loss": [
    1.0432893069166886,
    0.8898710482998898,
    0.8533036222583369,
    0.8243332991474553,
    0.7882772605670126,
    0.7385508559252086,
    0.7832650746169844,
    0.8313953907866227,
    0.8600526577547977,
    0.8800627291202545,
    0.8638575461349989,
    0.8290562833610334,
    0.9322637656801626,
    0.9023021961513319,
    0.9661634838894794,
    0.8933065792447642,
    0.9013853433885073,
    0.940696645724146,
    1.0921097523287724,
    1.0195865262495845,
    1.1340980953291844,
    1.089986317251858,
    1.229716816230824,
    1.055007423225202,
    1.0058095917889947,
    1.0839543624928123,
    1.0853826952608008,
    1.2911266315924494,
    1.3479407398324263,
    1.2278044090459221,
    1.4603992708419498,
    1.3143586288941533,
    1.396448896119469,
    1.3428344522651874
  ],
  "val_prauc": [
    0.4865540424010357,
    0.567075654382823,
    0.6210491882470272,
    0.5876312707612992,
    0.6355264191972161,
    0.6346114031976232,
    0.6282816486616328,
    0.6006592865300406,
    0.637293020213546,
    0.6335051329026529,
    0.6660979701149312,
    0.6195112353591181,
    0.6617692851449569,
    0.6026736583563029,
    0.5997784065420965,
    0.6490204019426256,
    0.6890533836753527,
    0.6553911825396231,
    0.7015679322675457,
    0.6749755891848966,
    0.6981435008880427,
    0.6500987844026529,
    0.6464568337115224,
    0.6610281613924196,
    0.6599683007499301,
    0.6762011413967843,
    0.6793798464062386,
    0.6779631930194554,
    0.6749695981844827,
    0.6748935930733013,
    0.6820394552835013,
    0.6814926998801322,
    0.6773085531301553,
    0.6690292895948509
  ],
  "val_f1": [
    0.43209876543209874,
    0.5245098039215687,
    0.5935483870967742,
    0.5845272206303725,
    0.629757785467128,
    0.6089743589743589,
    0.6026490066225165,
    0.5243243243243243,
    0.6377952755905512,
    0.5743243243243243,
    0.6374501992031872,
    0.5760517799352751,
    0.6177606177606177,
    0.5686900958466453,
    0.5369649805447471,
    0.6070038910505836,
    0.6015037593984962,
    0.6165413533834586,
    0.6666666666666666,
    0.6125461254612546,
    0.6517857142857143,
    0.6224066390041494,
    0.6183206106870229,
    0.5631067961165048,
    0.6071428571428571,
    0.6,
    0.5979381443298969,
    0.6190476190476191,
    0.6190476190476191,
    0.6515151515151515,
    0.6302521008403361,
    0.6177606177606177,
    0.626984126984127,
    0.6060606060606061
  ]
}