{
  "train_loss": [
    0.9348027476897607,
    0.7535336533418069,
    0.724166367489558,
    0.6939892012339371,
    0.6855376723867196,
    0.6657068345409173,
    0.6663359873569928,
    0.6404400800283139,
    0.6603572168029271,
    0.6437205976018539,
    0.6287498881037419,
    0.6272305502341344,
    0.607358856843068,
    0.6142950625373766,
    0.6087533132388041,
    0.5992428906835042,
    0.6264255419373512,
    0.6124545754148409,
    0.6057839691638947,
    0.5799701918776219
  ],
  "val_loss": [
    0.7900224961340427,
    3.068737857043743,
    1.3974367411186297,
    2.8236753505965075,
    2.4809939358383417,
    1.7049556995431583,
    2.8244361598044634,
    3.6442393014828363,
    3.3538602168361344,
    2.542713745807608,
    3.3500961512327194,
    3.597229178994894,
    3.9005789955457053,
    3.6553400543828807,
    3.2267186349878707,
    3.5653503263990083,
    3.341323643301924,
    3.7468347599109015,
    3.799236868818601,
    3.7703841676314673
  ],
  "val_prauc": [
    0.4790379177887671,
    0.5300442339712816,
    0.5641989462323235,
    0.5677381949043596,
    0.5707666760910751,
    0.5594908757892649,
    0.5433687906635947,
    0.5464055098088549,
    0.5566916427810356,
    0.5615312243147449,
    0.5404468953085251,
    0.555918715379115,
    0.5534748156114805,
    0.5469371974688348,
    0.5427259415006451,
    0.5469086040285585,
    0.5382155697401416,
    0.5362878042420599,
    0.5302677745976762,
    0.5286725421128787
  ],
  "val_f1": [
    0.5142857142857142,
    0.0,
    0.15625,
    0.0,
    0.0,
    0.125,
    0.0,
    0.0,
    0.0,
    0.0,
    0.0,
    0.0,
    0.0,
    0.0,
    0.0,
    0.0,
    0.0,
    0.0,
    0.0,
    0.0
  ]
}