{
  "train_loss": [
    0.7683136218452248,
    0.286041557740677,
    0.2325267113327723,
    0.17688196128036562,
    0.14142601757991763,
    0.11431430485390592,
    0.08969867230691056,
    0.09270930759571613,
    0.06468511617555939,
    0.03793601019907751,
    0.027557034474049377,
    0.057784197317771645,
    0.017243072909611235,
    0.044061155485220015,
    0.07033127154710624,
    0.012206943812567135,
    0.015193347601870426,
    0.010937761006675435,
    0.01933058812287706,
    0.01559396158592892,
    0.007172159963490862,
    0.0009741558442466032
  ],
  "val_loss": [
    0.606239816211164,
    0.5544792367517948,
    0.3373924581706524,
    3.4813757147081197,
    1.3098709807544946,
    1.9418671552464366,
    2.877404033273051,
    3.3093625846877694,
    2.4718447990901766,
    2.9808563441503795,
    2.659268153309822,
    2.769160435050726,
    2.239415963627398,
    3.4799986465950496,
    3.4864570507277675,
    2.9095738294278273,
    3.5317997182636462,
    3.2687496407248546,
    3.6816109029523796,
    2.785012130048126,
    3.1341722638579084,
    3.2370422404562125
  ],
  "val_prauc": [
    0.8448922838967654,
    0.9064977600383716,
    0.8921297109116779,
    0.8230527868026017,
    0.8905355275261564,
    0.8795820215331795,
    0.8506185870594982,
    0.8875783306166826,
    0.8953304279613279,
    0.8739106148348073,
    0.9041139782200774,
    0.8825269776270684,
    0.8966987391791831,
    0.8916308082691196,
    0.8984458815613171,
    0.8935874708628211,
    0.8876755477337239,
    0.8838626385464643,
    0.8776080579439507,
    0.8935208157121924,
    0.8880708694671747,
    0.8923074150685066
  ],
  "val_f1": [
    0.7564102564102564,
    0.8322147651006712,
    0.7407407407407407,
    0.5765765765765766,
    0.7913669064748201,
    0.7786259541984732,
    0.6554621848739496,
    0.6140350877192983,
    0.75,
    0.736,
    0.7692307692307693,
    0.75,
    0.8,
    0.6885245901639344,
    0.6722689075630253,
    0.7401574803149606,
    0.6722689075630253,
    0.7142857142857143,
    0.6776859504132231,
    0.7538461538461538,
    0.734375,
    0.734375
  ]
}