{
  "train_loss": [
    0.942302855239673,
    0.7041829204694792,
    0.5876358637416904,
    0.4697776318273761,
    0.3810128982771527,
    0.370833061974157,
    0.2819214184472168,
    0.22769982242872092,
    0.19818608543242922,
    0.2016464168184691,
    0.1725015309506985,
    0.19781882407948037,
    0.15754575239605567,
    0.1434668745311104,
    0.12862301859687167,
    0.087478537547709,
    0.06363578935667068,
    0.06439915281854072,
    0.058455105408277384,
    0.051218781523030804,
    0.04609061599463034,
    0.042990820087616365,
    0.05417870920436227,
    0.03575730823484429,
    0.05197149296286212,
    0.031086921966231206,
    0.03857397547670354,
    0.02497027166360898,
    0.022699929502798775,
    0.020803047433033003,
    0.02391823658962783,
    0.01948658624690903,
    0.02546529392808142,
    0.021221423847712438,
    0.015085442599653024,
    0.01752320061199374,
    0.007442602182023124,
    0.01638359495432889,
    0.01154135961854763,
    0.020207187629570068
  ],
  "val_loss": [
    0.7394747757597974,
    0.8290572166442871,
    0.8914452257909273,
    0.9887298259295916,
    1.510704133855669,
    1.60572691997023,
    1.8073247614267625,
    2.631418061785792,
    2.1298916206548086,
    4.303659559206081,
    3.4388189521667205,
    3.6981020170435506,
    3.348834565448526,
    3.2610522513522913,
    2.9964791248111347,
    3.8692560339052426,
    3.0546196505035224,
    3.778762721039943,
    4.1853536508524005,
    3.5265575068218538,
    4.564691901194716,
    3.3237660757609104,
    3.8021324289668548,
    5.243289142798044,
    4.533145294426696,
    3.966798017193612,
    4.056461702346017,
    5.3148086028967025,
    4.311243152638015,
    5.738475313845188,
    5.509294159960853,
    5.056258118725198,
    4.511680030208816,
    4.737469346850719,
    4.856574399660244,
    5.134247599463714,
    4.94841076394445,
    5.159918612555454,
    4.9418518930967705,
    5.204193525212376
  ],
  "val_prauc": [
    0.6432233296861922,
    0.689103438337618,
    0.7088546718530685,
    0.6922183408898533,
    0.6881105629013078,
    0.6768800863249266,
    0.6957525903344377,
    0.7170086464126026,
    0.6972676476784735,
    0.6663048059575886,
    0.6957517605295646,
    0.7026600621213075,
    0.6870108348278425,
    0.6695556081347699,
    0.6960854663332747,
    0.7023940023405404,
    0.7230929533693883,
    0.724048223104822,
    0.7135180297111565,
    0.7146274512556124,
    0.707806139322683,
    0.7043755098612572,
    0.6915336485481781,
    0.7206327782153819,
    0.7286718635624022,
    0.7242739817111551,
    0.7180608716013386,
    0.7191541819086085,
    0.7144355166302128,
    0.7180545819223367,
    0.717544352671286,
    0.7158674765342511,
    0.7107618062300317,
    0.7176613800951298,
    0.716753170691868,
    0.7170641132114112,
    0.7106844894699152,
    0.7087126011380814,
    0.7084501736315297,
    0.707370592653811
  ],
  "val_f1": [
    0.6397058823529411,
    0.6106194690265486,
    0.6232558139534884,
    0.611764705882353,
    0.5686274509803921,
    0.5714285714285714,
    0.6306306306306306,
    0.47674418604651164,
    0.5933014354066986,
    0.3924050632911392,
    0.5082872928176796,
    0.532608695652174,
    0.5612244897959183,
    0.5714285714285714,
    0.5876288659793815,
    0.5543478260869565,
    0.5989847715736041,
    0.5384615384615384,
    0.5454545454545454,
    0.6031746031746031,
    0.6021505376344086,
    0.6244343891402715,
    0.5841584158415841,
    0.5714285714285714,
    0.5789473684210527,
    0.6161616161616161,
    0.6078431372549019,
    0.5824175824175825,
    0.6280193236714976,
    0.5760869565217391,
    0.5901639344262295,
    0.5882352941176471,
    0.5846153846153846,
    0.5888324873096447,
    0.5888324873096447,
    0.5906735751295337,
    0.5888324873096447,
    0.5968586387434555,
    0.5918367346938775,
    0.5957446808510638
  ]
}