canonical_cve,first_row_id,event_date,first_event_source,first_row_cvss_score,cvss_severity,current_dataset_epss_score,epss_status,attack_vector,attack_complexity,privileges_required,user_interaction,scope,confidentiality_impact,integrity_impact,availability_impact,social_post_rows,social_platform_count,all_platforms,first_event_date,last_event_date,max_occurrence_count,source_links_available_any,github_code_available_any,max_cvss_score,max_epss_current_dataset,event_id
CVE-2021-41379,CVE-2021-41379-1,2021-11-23,Reddit,5.5,medium,0.06701,original,LOCAL,LOW,LOW,NONE,UNCHANGED,NONE,NONE,HIGH,1,1,Reddit,2021-11-23,2021-11-23,1,True,False,5.5,0.06701,188
CVE-2021-45046,CVE-2021-45046-2,2021-12-14,Reddit,9.0,critical,0.05553,enriched,NETWORK,HIGH,NONE,NONE,CHANGED,HIGH,HIGH,HIGH,2,1,Reddit,2021-12-14,2021-12-20,2,True,False,9.0,0.78666,195
CVE-2021-45105,CVE-2021-45105-1,2021-12-18,Reddit,5.9,medium,0.20412,enriched,NETWORK,HIGH,NONE,NONE,UNCHANGED,NONE,NONE,HIGH,3,1,Reddit,2021-12-18,2021-12-20,3,True,False,5.9,0.20412,196
CVE-2021-44228,CVE-2021-44228-1,2021-12-20,Reddit,10.0,critical,0.92515,original,NETWORK,LOW,NONE,NONE,CHANGED,HIGH,HIGH,HIGH,1,1,Reddit,2021-12-20,2021-12-20,2,True,True,10.0,0.92515,191
CVE-2021-39630,CVE-2021-39630-1,2022-01-10,Reddit,7.8,high,0.00389,enriched,LOCAL,LOW,LOW,NONE,UNCHANGED,HIGH,HIGH,HIGH,1,1,Reddit,2022-01-10,2022-01-10,1,True,False,7.8,0.00389,184
CVE-2021-39659,CVE-2021-39659-1,2022-01-10,Reddit,5.5,medium,0.00485,enriched,LOCAL,LOW,LOW,NONE,UNCHANGED,NONE,NONE,HIGH,1,1,Reddit,2022-01-10,2022-01-10,1,True,False,5.5,0.00485,185
CVE-2022-3786,CVE-2022-3786-1,2022-11-01,Reddit,7.5,high,0.01669,enriched,NETWORK,LOW,NONE,NONE,UNCHANGED,NONE,NONE,HIGH,1,1,Reddit,2022-11-01,2022-11-01,1,True,False,7.5,0.01669,255
CVE-2022-3602,CVE-2022-3602-1,2022-11-01,Reddit,7.5,high,0.05315,enriched,NETWORK,LOW,NONE,NONE,UNCHANGED,NONE,NONE,HIGH,1,1,Reddit,2022-11-01,2022-11-01,1,True,False,7.5,0.05315,252
CVE-2022-38023,CVE-2022-38023-3,2023-01-16,Reddit,8.1,high,0.05569,original,NETWORK,HIGH,NONE,NONE,UNCHANGED,HIGH,HIGH,HIGH,4,1,Reddit,2023-01-16,2023-05-14,4,True,False,8.1,0.05569,262
CVE-2022-37966,CVE-2022-37966-3,2023-01-16,Reddit,8.1,high,0.05569,original,NETWORK,HIGH,NONE,NONE,UNCHANGED,HIGH,HIGH,HIGH,4,1,Reddit,2023-01-16,2023-05-14,4,True,False,8.1,0.05569,257
CVE-2021-26414,CVE-2021-26414-2,2023-01-16,Reddit,4.8,medium,0.03083,original,NETWORK,HIGH,LOW,REQUIRED,UNCHANGED,NONE,HIGH,NONE,2,1,Reddit,2023-01-16,2023-02-04,2,True,False,4.8,0.03083,160
CVE-2021-42291,CVE-2021-42291-6,2023-01-16,Reddit,7.5,high,0.0115,original,NETWORK,HIGH,LOW,NONE,UNCHANGED,HIGH,HIGH,HIGH,4,1,Reddit,2023-01-16,2023-05-14,7,True,False,7.5,0.0285,190
CVE-2022-26931,CVE-2022-26931-3,2023-01-16,Reddit,7.5,high,0.0115,original,NETWORK,HIGH,LOW,NONE,UNCHANGED,HIGH,HIGH,HIGH,4,1,Reddit,2023-01-16,2023-05-14,5,True,False,7.5,0.0115,230
CVE-2022-37967,CVE-2022-37967-3,2023-01-16,Reddit,7.2,high,0.01743,original,NETWORK,LOW,HIGH,NONE,UNCHANGED,HIGH,HIGH,HIGH,4,1,Reddit,2023-01-16,2023-05-14,4,True,False,7.2,0.01743,258
CVE-2020-5741,CVE-2020-5741-1,2023-03-03,Reddit,7.2,high,0.20713,original,NETWORK,LOW,HIGH,NONE,UNCHANGED,HIGH,HIGH,HIGH,1,1,Reddit,2023-03-03,2023-03-03,1,True,False,7.2,0.20713,145
CVE-2023-23397,CVE-2023-23397-2,2023-03-15,Reddit,9.8,critical,0.00459,original,NETWORK,LOW,NONE,NONE,UNCHANGED,HIGH,HIGH,HIGH,5,2,"BleepingComputer, Reddit",2023-03-15,2025-05-21,5,True,False,9.8,0.93765,347
CVE-2023-25438,CVE-2023-25438-1,2023-05-02,ExploitDB,7.8,high,0.00253,enriched,LOCAL,LOW,LOW,NONE,UNCHANGED,HIGH,HIGH,HIGH,1,1,ExploitDB,2023-05-02,2023-05-02,1,True,False,7.8,0.00253,363
CVE-2023-30350,CVE-2023-30350-1,2023-05-02,ExploitDB,8.8,high,0.00122,enriched,NETWORK,LOW,LOW,NONE,UNCHANGED,HIGH,HIGH,HIGH,1,1,ExploitDB,2023-05-02,2023-05-02,1,True,False,8.8,0.00122,407
CVE-2023-30330,CVE-2023-30330-1,2023-05-02,ExploitDB,9.8,critical,0.00205,enriched,NETWORK,LOW,NONE,NONE,UNCHANGED,HIGH,HIGH,HIGH,1,1,ExploitDB,2023-05-02,2023-05-02,1,True,False,9.8,0.00205,406
CVE-2023-29983,CVE-2023-29983-1,2023-05-02,ExploitDB,5.4,medium,0.00221,enriched,NETWORK,LOW,LOW,REQUIRED,CHANGED,LOW,LOW,NONE,1,1,ExploitDB,2023-05-02,2023-05-02,1,True,False,5.4,0.00221,401
CVE-2022-47875,CVE-2022-47875-1,2023-05-05,ExploitDB,8.8,high,0.00055,original,NETWORK,LOW,LOW,NONE,UNCHANGED,HIGH,HIGH,HIGH,1,1,ExploitDB,2023-05-05,2023-05-05,1,True,False,8.8,0.00055,301
CVE-2022-47877,CVE-2022-47877-1,2023-05-05,ExploitDB,5.4,medium,0.00047,original,NETWORK,LOW,LOW,REQUIRED,CHANGED,LOW,LOW,NONE,1,1,ExploitDB,2023-05-05,2023-05-05,1,True,False,5.4,0.00047,303
CVE-2022-47874,CVE-2022-47874-1,2023-05-05,ExploitDB,6.5,medium,0.00047,original,NETWORK,LOW,LOW,NONE,UNCHANGED,HIGH,NONE,NONE,1,1,ExploitDB,2023-05-05,2023-05-05,1,True,False,6.5,0.00047,300
CVE-2022-47878,CVE-2022-47878-1,2023-05-05,ExploitDB,8.8,high,0.00291,original,NETWORK,LOW,LOW,NONE,UNCHANGED,HIGH,HIGH,HIGH,1,1,ExploitDB,2023-05-05,2023-05-05,1,True,False,8.8,0.00291,304
CVE-2022-47879,CVE-2022-47879-1,2023-05-05,ExploitDB,7.5,high,0.00253,enriched,NETWORK,HIGH,LOW,NONE,UNCHANGED,HIGH,HIGH,HIGH,1,1,ExploitDB,2023-05-05,2023-05-05,1,True,False,7.5,0.00253,305
CVE-2023-2246,CVE-2023-2246-1,2023-05-05,ExploitDB,6.3,medium,0.00063,original,NETWORK,LOW,LOW,NONE,UNCHANGED,LOW,LOW,LOW,1,1,ExploitDB,2023-05-05,2023-05-05,1,True,False,6.3,0.00063,344
CVE-2022-47880,CVE-2022-47880-1,2023-05-05,ExploitDB,5.3,medium,0.00084,enriched,NETWORK,HIGH,LOW,NONE,UNCHANGED,HIGH,NONE,NONE,1,1,ExploitDB,2023-05-05,2023-05-05,1,True,False,5.3,0.00084,306
CVE-2023-29809,CVE-2023-29809-1,2023-05-05,ExploitDB,9.8,critical,0.00221,enriched,NETWORK,LOW,NONE,NONE,UNCHANGED,HIGH,HIGH,HIGH,1,1,ExploitDB,2023-05-05,2023-05-05,1,True,False,9.8,0.00221,399
CVE-2022-47876,CVE-2022-47876-1,2023-05-05,ExploitDB,8.8,high,0.00045,original,NETWORK,LOW,LOW,NONE,UNCHANGED,HIGH,HIGH,HIGH,1,1,ExploitDB,2023-05-05,2023-05-05,1,True,False,8.8,0.00045,302
CVE-2019-20893,CVE-2019-20893-1,2023-05-10,Reddit,9.8,critical,0.00363,original,NETWORK,LOW,NONE,NONE,UNCHANGED,HIGH,HIGH,HIGH,1,1,Reddit,2023-05-10,2023-05-10,1,True,False,9.8,0.00363,101
CVE-2023-2137,CVE-2023-2137-1,2023-05-10,Reddit,8.8,high,0.0027,original,NETWORK,LOW,NONE,REQUIRED,UNCHANGED,HIGH,HIGH,HIGH,1,1,Reddit,2023-05-10,2023-05-10,1,True,False,8.8,0.0027,336
CVE-2023-24059,CVE-2023-24059-1,2023-05-10,Reddit,7.3,high,0.00159,original,NETWORK,LOW,NONE,NONE,UNCHANGED,LOW,LOW,LOW,1,1,Reddit,2023-05-10,2023-05-10,1,True,False,7.3,0.00159,355
CVE-2023-24947,CVE-2023-24947-1,2023-05-10,Reddit,8.8,high,0.00095,original,ADJACENT_NETWORK,LOW,NONE,NONE,UNCHANGED,HIGH,HIGH,HIGH,1,1,Reddit,2023-05-10,2023-05-10,1,True,False,8.8,0.00095,361
CVE-2022-48434,CVE-2022-48434-1,2023-05-10,Reddit,8.1,high,0.00096,original,NETWORK,HIGH,NONE,NONE,UNCHANGED,HIGH,HIGH,HIGH,1,1,Reddit,2023-05-10,2023-05-10,1,True,False,8.1,0.00096,308
CVE-2022-2591,CVE-2022-2591-1,2023-05-13,ExploitDB,7.5,high,0.00046,original,NETWORK,LOW,NONE,NONE,UNCHANGED,NONE,NONE,HIGH,1,1,ExploitDB,2023-05-13,2023-05-13,1,True,False,7.5,0.00046,225
CVE-2023-24932,CVE-2023-24932-3,2023-05-14,Reddit,6.7,medium,0.00043,original,LOCAL,LOW,HIGH,NONE,UNCHANGED,HIGH,HIGH,HIGH,4,2,"BleepingComputer, Reddit",2023-05-14,2025-03-28,5,True,False,6.7,0.01091,359
CVE-2023-24941,CVE-2023-24941-1,2023-05-14,Reddit,9.8,critical,0.00237,original,NETWORK,LOW,NONE,NONE,UNCHANGED,HIGH,HIGH,HIGH,1,1,Reddit,2023-05-14,2023-05-14,1,True,False,9.8,0.00237,360
CVE-2023-27217,CVE-2023-27217-1,2023-05-17,Reddit,9.8,critical,0.00061,enriched,NETWORK,LOW,NONE,NONE,UNCHANGED,HIGH,HIGH,HIGH,1,1,Reddit,2023-05-17,2023-05-17,1,True,False,9.8,0.00061,372
CVE-2023-31698,CVE-2023-31698-1,2023-05-23,ExploitDB,5.4,medium,0.00043,original,NETWORK,LOW,LOW,REQUIRED,CHANGED,LOW,LOW,NONE,1,1,ExploitDB,2023-05-23,2023-05-23,1,True,False,5.4,0.00043,415
CVE-2023-1934,CVE-2023-1934-1,2023-05-23,ExploitDB,9.8,critical,0.00044,original,NETWORK,LOW,NONE,NONE,UNCHANGED,HIGH,HIGH,HIGH,1,1,ExploitDB,2023-05-23,2023-05-23,1,True,False,9.8,0.00044,323
CVE-2023-30256,CVE-2023-30256-1,2023-05-23,ExploitDB,6.1,medium,0.00106,original,NETWORK,LOW,NONE,REQUIRED,CHANGED,LOW,LOW,NONE,1,1,ExploitDB,2023-05-23,2023-05-23,1,True,False,6.1,0.00106,404
CVE-2023-31699,CVE-2023-31699-1,2023-05-23,ExploitDB,4.8,medium,0.00043,original,NETWORK,LOW,HIGH,REQUIRED,CHANGED,LOW,LOW,NONE,1,1,ExploitDB,2023-05-23,2023-05-23,1,True,False,4.8,0.00043,416
CVE-2023-31702,CVE-2023-31702-1,2023-05-23,ExploitDB,7.2,high,0.00045,original,NETWORK,LOW,HIGH,NONE,UNCHANGED,HIGH,HIGH,HIGH,1,1,ExploitDB,2023-05-23,2023-05-23,1,True,True,7.2,0.00045,417
CVE-2023-27823,CVE-2023-27823-1,2023-05-23,ExploitDB,9.8,critical,0.00043,original,NETWORK,LOW,NONE,NONE,UNCHANGED,HIGH,HIGH,HIGH,1,1,ExploitDB,2023-05-23,2023-05-23,1,True,False,9.8,0.00043,382
CVE-2023-27524,CVE-2023-27524-1,2023-05-23,ExploitDB,8.9,high,0.91495,original,NETWORK,HIGH,NONE,NONE,CHANGED,HIGH,HIGH,LOW,1,1,ExploitDB,2023-05-23,2023-05-23,1,True,False,8.9,0.91495,378
CVE-2023-31703,CVE-2023-31703-1,2023-05-23,ExploitDB,9.0,critical,0.00047,original,NETWORK,LOW,LOW,REQUIRED,CHANGED,HIGH,HIGH,HIGH,1,1,ExploitDB,2023-05-23,2023-05-23,1,True,True,9.0,0.00047,418
CVE-2022-41544,CVE-2022-41544-1,2023-05-23,ExploitDB,9.8,critical,0.00699,original,NETWORK,LOW,NONE,NONE,UNCHANGED,HIGH,HIGH,HIGH,1,1,ExploitDB,2023-05-23,2023-05-23,1,True,False,9.8,0.00699,277
CVE-2023-27350,CVE-2023-27350-1,2023-05-23,ExploitDB,9.8,critical,0.9416,original,NETWORK,LOW,NONE,NONE,UNCHANGED,HIGH,HIGH,HIGH,1,1,ExploitDB,2023-05-23,2023-05-23,1,True,False,9.8,0.9416,375
CVE-2023-31748,CVE-2023-31748-1,2023-05-23,ExploitDB,7.8,high,0.00144,enriched,LOCAL,LOW,LOW,NONE,UNCHANGED,HIGH,HIGH,HIGH,1,1,ExploitDB,2023-05-23,2023-05-23,1,True,False,7.8,0.00144,420
CVE-2023-25440,CVE-2023-25440-1,2023-05-23,ExploitDB,5.4,medium,0.00042,original,NETWORK,LOW,LOW,REQUIRED,CHANGED,LOW,LOW,NONE,1,1,ExploitDB,2023-05-23,2023-05-23,1,True,False,5.4,0.00042,365
CVE-2023-25439,CVE-2023-25439-1,2023-05-23,ExploitDB,6.1,medium,0.00092,enriched,NETWORK,LOW,NONE,REQUIRED,CHANGED,LOW,LOW,NONE,1,1,ExploitDB,2023-05-23,2023-05-23,1,True,False,6.1,0.00092,364
CVE-2023-31873,CVE-2023-31873-1,2023-05-23,ExploitDB,7.8,high,0.00065,enriched,LOCAL,LOW,NONE,REQUIRED,UNCHANGED,HIGH,HIGH,HIGH,1,1,ExploitDB,2023-05-23,2023-05-23,1,True,False,7.8,0.00065,423
CVE-2023-31874,CVE-2023-31874-1,2023-05-23,ExploitDB,8.8,high,0.00065,enriched,NETWORK,LOW,LOW,NONE,UNCHANGED,HIGH,HIGH,HIGH,1,1,ExploitDB,2023-05-23,2023-05-23,1,True,False,8.8,0.00065,424
CVE-2023-34581,CVE-2023-34581-1,2023-05-24,ExploitDB,9.8,critical,0.00045,enriched,NETWORK,LOW,NONE,NONE,UNCHANGED,HIGH,HIGH,HIGH,1,1,ExploitDB,2023-05-24,2023-05-24,1,True,True,9.8,0.00045,457
CVE-2023-33829,CVE-2023-33829-1,2023-05-25,ExploitDB,5.4,medium,0.00043,original,NETWORK,LOW,LOW,REQUIRED,CHANGED,LOW,LOW,NONE,1,1,ExploitDB,2023-05-25,2023-05-25,1,True,False,5.4,0.00043,447
CVE-2020-6627,CVE-2020-6627-1,2023-05-25,ExploitDB,9.8,critical,0.00075,original,NETWORK,LOW,NONE,NONE,UNCHANGED,HIGH,HIGH,HIGH,1,1,ExploitDB,2023-05-25,2023-05-25,1,True,True,9.8,0.00075,146
CVE-2023-31747,CVE-2023-31747-1,2023-05-25,ExploitDB,7.8,high,0.00045,original,LOCAL,LOW,LOW,NONE,UNCHANGED,HIGH,HIGH,HIGH,1,1,ExploitDB,2023-05-25,2023-05-25,1,True,False,7.8,0.00045,419
CVE-2023-30145,CVE-2023-30145-1,2023-05-26,ExploitDB,9.8,critical,0.0008,enriched,NETWORK,LOW,NONE,NONE,UNCHANGED,HIGH,HIGH,HIGH,1,1,ExploitDB,2023-05-26,2023-05-26,1,True,False,9.8,0.0008,402
CVE-2023-32750,CVE-2023-32750-1,2023-05-31,ExploitDB,6.5,medium,0.00144,enriched,NETWORK,LOW,LOW,NONE,UNCHANGED,HIGH,NONE,NONE,1,1,ExploitDB,2023-05-31,2023-05-31,1,True,False,6.5,0.00144,434
CVE-2023-32749,CVE-2023-32749-1,2023-05-31,ExploitDB,8.8,high,0.00084,enriched,NETWORK,LOW,LOW,NONE,UNCHANGED,HIGH,HIGH,HIGH,1,1,ExploitDB,2023-05-31,2023-05-31,1,True,False,8.8,0.00084,433
CVE-2023-32751,CVE-2023-32751-1,2023-05-31,ExploitDB,5.4,medium,0.00099,enriched,NETWORK,LOW,LOW,REQUIRED,CHANGED,LOW,LOW,NONE,1,1,ExploitDB,2023-05-31,2023-05-31,1,True,False,5.4,0.00099,435
CVE-2023-0527,CVE-2023-0527-1,2023-05-31,ExploitDB,3.5,low,0.0006,original,NETWORK,LOW,LOW,REQUIRED,UNCHANGED,NONE,LOW,NONE,1,1,ExploitDB,2023-05-31,2023-05-31,1,True,True,3.5,0.0006,317
CVE-2023-0455,CVE-2023-0455-1,2023-05-31,ExploitDB,8.8,high,0.0005,original,NETWORK,LOW,LOW,NONE,UNCHANGED,HIGH,HIGH,HIGH,1,1,ExploitDB,2023-05-31,2023-05-31,1,True,True,8.8,0.0005,316
CVE-2018-8065,CVE-2018-8065-1,2023-05-31,ExploitDB,7.5,high,0.9655,original,NETWORK,LOW,NONE,NONE,UNCHANGED,NONE,NONE,HIGH,1,1,ExploitDB,2023-05-31,2023-05-31,1,True,True,7.5,0.9655,66
CVE-2023-33440,CVE-2023-33440-1,2023-05-31,ExploitDB,7.2,high,0.00055,original,NETWORK,LOW,HIGH,NONE,UNCHANGED,HIGH,HIGH,HIGH,1,1,ExploitDB,2023-05-31,2023-05-31,1,True,True,7.2,0.00055,443
CVE-2023-2068,CVE-2023-2068-1,2023-06-04,ExploitDB,9.8,critical,0.00118,enriched,NETWORK,LOW,NONE,NONE,UNCHANGED,HIGH,HIGH,HIGH,1,1,ExploitDB,2023-06-04,2023-06-04,1,True,False,9.8,0.00118,334
CVE-2023-33584,CVE-2023-33584-1,2023-06-04,ExploitDB,9.8,critical,0.00062,enriched,NETWORK,LOW,NONE,NONE,UNCHANGED,HIGH,HIGH,HIGH,1,1,ExploitDB,2023-06-04,2023-06-04,1,True,True,9.8,0.00062,445
CVE-2023-33243,CVE-2023-33243-1,2023-06-04,ExploitDB,8.1,high,0.00101,enriched,NETWORK,HIGH,NONE,NONE,UNCHANGED,HIGH,HIGH,HIGH,1,1,ExploitDB,2023-06-04,2023-06-04,1,True,False,8.1,0.00101,441
CVE-2023-30868,CVE-2023-30868-1,2023-06-06,ExploitDB,7.1,high,0.00046,original,NETWORK,LOW,NONE,REQUIRED,CHANGED,LOW,LOW,LOW,1,1,ExploitDB,2023-06-06,2023-06-06,1,True,False,7.1,0.00046,408
CVE-2023-34096,CVE-2023-34096-1,2023-06-09,ExploitDB,6.5,medium,0.00046,original,NETWORK,LOW,LOW,NONE,UNCHANGED,NONE,HIGH,NONE,1,1,ExploitDB,2023-06-09,2023-06-09,1,True,True,6.5,0.00046,451
CVE-2021-24499,CVE-2021-24499-1,2023-06-09,ExploitDB,9.8,critical,0.16056,original,NETWORK,LOW,NONE,NONE,UNCHANGED,HIGH,HIGH,HIGH,1,1,ExploitDB,2023-06-09,2023-06-09,1,True,False,9.8,0.16056,155
CVE-2023-3187,CVE-2023-3187-1,2023-06-13,ExploitDB,6.3,medium,0.00045,original,NETWORK,LOW,LOW,NONE,UNCHANGED,LOW,LOW,LOW,1,1,ExploitDB,2023-06-13,2023-06-13,1,True,True,6.3,0.00045,422
CVE-2023-3184,CVE-2023-3184-1,2023-06-13,ExploitDB,2.4,low,0.00045,original,NETWORK,LOW,HIGH,REQUIRED,UNCHANGED,NONE,LOW,NONE,1,1,ExploitDB,2023-06-13,2023-06-13,1,True,True,2.4,0.00045,421
CVE-2023-0297,CVE-2023-0297-1,2023-06-14,ExploitDB,9.8,critical,0.03035,original,NETWORK,LOW,NONE,NONE,UNCHANGED,HIGH,HIGH,HIGH,1,1,ExploitDB,2023-06-14,2023-06-14,1,True,True,9.8,0.03035,314
CVE-2020-11027,CVE-2020-11027-1,2023-06-19,ExploitDB,6.1,medium,0.00279,original,NETWORK,HIGH,NONE,REQUIRED,CHANGED,HIGH,NONE,NONE,1,1,ExploitDB,2023-06-19,2023-06-19,1,True,False,6.1,0.00279,119
CVE-2023-33580,CVE-2023-33580-1,2023-06-19,ExploitDB,4.8,medium,0.00099,enriched,NETWORK,LOW,HIGH,REQUIRED,CHANGED,LOW,LOW,NONE,1,1,ExploitDB,2023-06-19,2023-06-19,1,True,True,4.8,0.00099,444
CVE-2023-23956,CVE-2023-23956-1,2023-06-19,ExploitDB,5.4,medium,0.00045,original,NETWORK,LOW,LOW,REQUIRED,CHANGED,LOW,LOW,NONE,1,1,ExploitDB,2023-06-19,2023-06-19,1,True,False,5.4,0.00045,351
CVE-2023-2779,CVE-2023-2779-1,2023-06-20,ExploitDB,6.1,medium,0.00058,enriched,NETWORK,LOW,NONE,REQUIRED,CHANGED,LOW,LOW,NONE,1,1,ExploitDB,2023-06-20,2023-06-20,1,True,False,6.1,0.00058,381
CVE-2023-25187,CVE-2023-25187-1,2023-06-20,ExploitDB,6.3,medium,0.000725,enriched,LOCAL,HIGH,HIGH,REQUIRED,UNCHANGED,HIGH,HIGH,HIGH,1,1,ExploitDB,2023-06-20,2023-06-20,1,True,False,6.3,0.000725,362
CVE-2023-27372,CVE-2023-27372-2,2023-06-20,ExploitDB,9.8,critical,0.6023499999999999,enriched,NETWORK,LOW,NONE,NONE,UNCHANGED,HIGH,HIGH,HIGH,1,1,ExploitDB,2023-06-20,2023-06-20,2,True,False,9.8,0.6023499999999999,376
CVE-2023-3320,CVE-2023-3320-1,2023-06-20,ExploitDB,6.1,medium,0.00085,enriched,NETWORK,LOW,NONE,REQUIRED,CHANGED,LOW,LOW,NONE,1,1,ExploitDB,2023-06-20,2023-06-20,1,True,False,6.1,0.00085,440
CVE-2022-47076,CVE-2022-47076-1,2023-06-22,ExploitDB,7.5,high,0.00064,enriched,NETWORK,LOW,NONE,NONE,UNCHANGED,HIGH,NONE,NONE,1,1,ExploitDB,2023-06-22,2023-06-22,1,True,False,7.5,0.00064,298
CVE-2023-34834,CVE-2023-34834-1,2023-06-23,ExploitDB,5.3,medium,0.00144,enriched,NETWORK,LOW,NONE,NONE,UNCHANGED,LOW,NONE,NONE,1,1,ExploitDB,2023-06-23,2023-06-23,1,True,False,5.3,0.00144,461
CVE-2020-11560,CVE-2020-11560-1,2023-06-23,ExploitDB,7.8,high,0.00042,original,LOCAL,LOW,LOW,NONE,UNCHANGED,HIGH,HIGH,HIGH,1,1,ExploitDB,2023-06-23,2023-06-23,1,True,False,7.8,0.00042,121
CVE-2023-23408,CVE-2023-23408-1,2023-06-26,ExploitDB,4.5,medium,0.00049,original,NETWORK,LOW,HIGH,REQUIRED,UNCHANGED,NONE,HIGH,NONE,1,1,ExploitDB,2023-06-26,2023-06-26,1,True,False,4.5,0.00049,348
CVE-2023-28288,CVE-2023-28288-1,2023-06-26,ExploitDB,8.1,high,0.00101,original,NETWORK,LOW,LOW,NONE,UNCHANGED,HIGH,HIGH,NONE,1,1,ExploitDB,2023-06-26,2023-06-26,1,True,False,8.1,0.00101,390
CVE-2023-28293,CVE-2023-28293-3,2023-06-26,ExploitDB,7.8,high,0.00064,original,LOCAL,LOW,LOW,NONE,UNCHANGED,HIGH,HIGH,HIGH,3,2,"ExploitDB, HackerNews",2023-06-26,2025-05-25,3,True,False,7.8,0.06926,391
CVE-2023-30198,CVE-2023-30198-1,2023-06-26,ExploitDB,7.5,high,0.0009,original,NETWORK,LOW,NONE,NONE,UNCHANGED,HIGH,NONE,NONE,1,1,ExploitDB,2023-06-26,2023-06-26,1,True,True,7.5,0.0009,403
CVE-2023-24078,CVE-2023-24078-1,2023-07-03,ExploitDB,8.8,high,0.0015,original,NETWORK,LOW,LOW,NONE,UNCHANGED,HIGH,HIGH,HIGH,1,1,ExploitDB,2023-07-03,2023-07-03,1,True,False,8.8,0.0015,356
CVE-2023-36346,CVE-2023-36346-1,2023-07-03,ExploitDB,6.1,medium,0.00046,original,NETWORK,LOW,NONE,REQUIRED,CHANGED,LOW,LOW,NONE,1,1,ExploitDB,2023-07-03,2023-07-03,1,True,False,6.1,0.00046,476
CVE-2023-36348,CVE-2023-36348-1,2023-07-03,ExploitDB,8.8,high,0.00139,original,NETWORK,LOW,LOW,NONE,UNCHANGED,HIGH,HIGH,HIGH,1,1,ExploitDB,2023-07-03,2023-07-03,1,True,False,8.8,0.00139,477
CVE-2023-33137,CVE-2023-33137-1,2023-07-03,ExploitDB,7.8,high,0.00113,original,LOCAL,LOW,NONE,REQUIRED,UNCHANGED,HIGH,HIGH,HIGH,1,1,ExploitDB,2023-07-03,2023-07-03,1,True,False,7.8,0.00113,437
CVE-2023-36355,CVE-2023-36355-1,2023-07-03,ExploitDB,9.9,critical,0.00046,original,NETWORK,LOW,LOW,NONE,CHANGED,HIGH,HIGH,HIGH,1,1,ExploitDB,2023-07-03,2023-07-03,1,True,True,9.9,0.00046,478
CVE-2022-4297,CVE-2022-4297-1,2023-07-03,ExploitDB,9.8,critical,0.00423,original,NETWORK,LOW,NONE,NONE,UNCHANGED,HIGH,HIGH,HIGH,1,1,ExploitDB,2023-07-03,2023-07-03,1,True,False,9.8,0.00423,285
CVE-2023-28285,CVE-2023-28285-1,2023-07-03,ExploitDB,7.8,high,0.00431,original,LOCAL,LOW,NONE,REQUIRED,UNCHANGED,HIGH,HIGH,HIGH,1,1,ExploitDB,2023-07-03,2023-07-03,1,True,False,7.8,0.00431,389
CVE-2023-33592,CVE-2023-33592-1,2023-07-06,ExploitDB,9.8,critical,0.00043,original,NETWORK,LOW,NONE,NONE,UNCHANGED,HIGH,HIGH,HIGH,1,1,ExploitDB,2023-07-06,2023-07-06,1,True,True,9.8,0.00043,446
CVE-2023-33145,CVE-2023-33145-1,2023-07-06,ExploitDB,6.5,medium,0.00106,original,NETWORK,LOW,NONE,REQUIRED,UNCHANGED,HIGH,NONE,NONE,1,1,ExploitDB,2023-07-06,2023-07-06,1,True,False,6.5,0.00106,438
CVE-2022-21907,CVE-2022-21907-1,2023-07-07,ExploitDB,9.8,critical,0.94965,original,NETWORK,LOW,NONE,NONE,UNCHANGED,HIGH,HIGH,HIGH,1,1,ExploitDB,2023-07-07,2023-07-07,1,True,False,9.8,0.94965,210
CVE-2023-33131,CVE-2023-33131-1,2023-07-07,ExploitDB,8.8,high,0.02137,original,NETWORK,LOW,NONE,REQUIRED,UNCHANGED,HIGH,HIGH,HIGH,1,1,ExploitDB,2023-07-07,2023-07-07,1,True,False,8.8,0.02137,436
CVE-2022-22963,CVE-2022-22963-1,2023-07-11,ExploitDB,9.8,critical,0.97507,original,NETWORK,LOW,NONE,NONE,UNCHANGED,HIGH,HIGH,HIGH,1,1,ExploitDB,2023-07-11,2023-07-11,1,True,False,9.8,0.97507,215
CVE-2023-36163,CVE-2023-36163-1,2023-07-11,ExploitDB,6.1,medium,0.00443,enriched,NETWORK,LOW,NONE,REQUIRED,CHANGED,LOW,LOW,NONE,1,1,ExploitDB,2023-07-11,2023-07-11,1,True,False,6.1,0.00443,473
CVE-2023-36884,CVE-2023-36884-1,2023-07-12,Reddit,7.5,high,0.00051,original,NETWORK,HIGH,NONE,REQUIRED,UNCHANGED,HIGH,HIGH,HIGH,3,2,"HackerNews, Reddit",2023-07-12,2025-05-01,3,True,False,7.5,0.93071,484
CVE-2019-1937,CVE-2019-1937-1,2023-07-15,ExploitDB,9.8,critical,0.01127,original,NETWORK,LOW,NONE,NONE,UNCHANGED,HIGH,HIGH,HIGH,1,1,ExploitDB,2023-07-15,2023-07-15,1,True,False,9.8,0.01127,100
CVE-2022-24715,CVE-2022-24715-1,2023-07-15,ExploitDB,8.5,high,0.00137,original,NETWORK,HIGH,LOW,NONE,CHANGED,HIGH,HIGH,HIGH,1,1,ExploitDB,2023-07-15,2023-07-15,1,True,True,8.5,0.00137,223
CVE-2023-37269,CVE-2023-37269-1,2023-07-15,ExploitDB,2.0,low,0.00052,original,NETWORK,HIGH,HIGH,REQUIRED,UNCHANGED,NONE,LOW,NONE,1,1,ExploitDB,2023-07-15,2023-07-15,1,True,True,2.0,0.00052,486
CVE-2023-37629,CVE-2023-37629-1,2023-07-19,ExploitDB,9.8,critical,0.00044,original,NETWORK,LOW,NONE,NONE,UNCHANGED,HIGH,HIGH,HIGH,1,1,ExploitDB,2023-07-19,2023-07-19,1,True,False,9.8,0.00044,489
CVE-2023-1258,CVE-2023-1258-1,2023-07-19,ExploitDB,5.3,medium,0.00046,original,NETWORK,LOW,NONE,NONE,UNCHANGED,LOW,NONE,NONE,1,1,ExploitDB,2023-07-19,2023-07-19,1,True,False,5.3,0.00046,319
CVE-2022-28171,CVE-2022-28171-1,2023-07-19,ExploitDB,7.5,high,0.00367,original,NETWORK,LOW,NONE,NONE,UNCHANGED,HIGH,NONE,NONE,1,1,ExploitDB,2023-07-19,2023-07-19,1,True,False,7.5,0.00367,233
CVE-2023-34635,CVE-2023-34635-1,2023-07-20,ExploitDB,9.8,critical,0.001,enriched,NETWORK,LOW,NONE,NONE,UNCHANGED,HIGH,HIGH,HIGH,1,1,ExploitDB,2023-07-20,2023-07-20,1,True,False,9.8,0.001,459
CVE-2023-27253,CVE-2023-27253-1,2023-07-20,ExploitDB,8.8,high,0.04352,original,NETWORK,LOW,LOW,NONE,UNCHANGED,HIGH,HIGH,HIGH,1,1,ExploitDB,2023-07-20,2023-07-20,1,True,True,8.8,0.04352,373
CVE-2023-33148,CVE-2023-33148-1,2023-07-20,ExploitDB,7.8,high,0.00052,original,LOCAL,LOW,LOW,NONE,UNCHANGED,HIGH,HIGH,HIGH,1,1,ExploitDB,2023-07-20,2023-07-20,1,True,False,7.8,0.00052,439
CVE-2023-38357,CVE-2023-38357-1,2023-07-20,ExploitDB,5.3,medium,0.00168,enriched,NETWORK,LOW,NONE,NONE,UNCHANGED,LOW,NONE,NONE,1,1,ExploitDB,2023-07-20,2023-07-20,1,True,False,5.3,0.00168,501
CVE-2023-29918,CVE-2023-29918-1,2023-07-28,ExploitDB,5.4,medium,0.00045,original,NETWORK,LOW,LOW,REQUIRED,CHANGED,LOW,LOW,NONE,1,1,ExploitDB,2023-07-28,2023-07-28,1,True,False,5.4,0.00045,400
CVE-2023-2636,CVE-2023-2636-1,2023-07-28,ExploitDB,8.8,high,0.0005,original,NETWORK,LOW,LOW,NONE,UNCHANGED,HIGH,HIGH,HIGH,1,1,ExploitDB,2023-07-28,2023-07-28,1,True,False,8.8,0.0005,368
CVE-2023-36266,CVE-2023-36266-1,2023-07-28,ExploitDB,5.5,medium,0.00042,original,LOCAL,LOW,LOW,NONE,UNCHANGED,HIGH,NONE,NONE,1,1,ExploitDB,2023-07-28,2023-07-28,1,True,False,5.5,0.00042,474
CVE-2023-3849,CVE-2023-3849-1,2023-07-28,ExploitDB,3.5,low,0.00045,original,NETWORK,LOW,LOW,REQUIRED,UNCHANGED,NONE,LOW,NONE,1,1,ExploitDB,2023-07-28,2023-07-28,1,True,False,3.5,0.00045,504
CVE-2023-38501,CVE-2023-38501-1,2023-07-28,ExploitDB,6.3,medium,0.00043,original,NETWORK,LOW,NONE,REQUIRED,UNCHANGED,LOW,LOW,LOW,1,1,ExploitDB,2023-07-28,2023-07-28,1,True,True,6.3,0.00043,505
CVE-2023-34634,CVE-2023-34634-1,2023-07-28,ExploitDB,7.8,high,0.00398,enriched,LOCAL,LOW,NONE,REQUIRED,UNCHANGED,HIGH,HIGH,HIGH,1,1,ExploitDB,2023-07-28,2023-07-28,1,True,True,7.8,0.00398,458
CVE-2023-32629,CVE-2023-32629-1,2023-07-31,Reddit,7.8,high,0.00042,original,LOCAL,LOW,LOW,NONE,UNCHANGED,HIGH,HIGH,HIGH,1,1,Reddit,2023-07-31,2023-07-31,1,True,False,7.8,0.00042,431
CVE-2023-2640,CVE-2023-2640-1,2023-07-31,Reddit,7.8,high,0.00045,original,LOCAL,LOW,LOW,NONE,UNCHANGED,HIGH,HIGH,HIGH,1,1,Reddit,2023-07-31,2023-07-31,1,True,False,7.8,0.00045,369
CVE-2023-39147,CVE-2023-39147-1,2023-07-31,ExploitDB,7.8,high,0.00053,enriched,LOCAL,LOW,NONE,REQUIRED,UNCHANGED,HIGH,HIGH,HIGH,1,1,ExploitDB,2023-07-31,2023-07-31,1,True,False,7.8,0.00053,512
CVE-2023-33383,CVE-2023-33383-1,2023-08-04,ExploitDB,5.3,medium,0.00144,enriched,NETWORK,LOW,NONE,NONE,UNCHANGED,NONE,NONE,LOW,1,1,ExploitDB,2023-08-04,2023-08-04,1,True,False,5.3,0.00144,442
CVE-2023-4112,CVE-2023-4112-1,2023-08-04,ExploitDB,4.3,medium,0.0006,enriched,NETWORK,LOW,NONE,REQUIRED,UNCHANGED,NONE,LOW,NONE,1,1,ExploitDB,2023-08-04,2023-08-04,1,True,False,4.3,0.0006,528
CVE-2023-3219,CVE-2023-3219-1,2023-08-04,ExploitDB,5.3,medium,0.0945,enriched,NETWORK,LOW,NONE,NONE,UNCHANGED,LOW,NONE,NONE,1,1,ExploitDB,2023-08-04,2023-08-04,1,True,False,5.3,0.0945,427
CVE-2023-37979,CVE-2023-37979-1,2023-08-04,ExploitDB,7.1,high,0.0004799999999999,enriched,NETWORK,LOW,NONE,REQUIRED,CHANGED,LOW,LOW,LOW,1,1,ExploitDB,2023-08-04,2023-08-04,1,True,False,7.1,0.0004799999999999,495
CVE-2023-2796,CVE-2023-2796-1,2023-08-04,ExploitDB,5.3,medium,0.00391,original,NETWORK,LOW,NONE,NONE,UNCHANGED,LOW,NONE,NONE,1,1,ExploitDB,2023-08-04,2023-08-04,1,True,False,5.3,0.00391,383
CVE-2023-4117,CVE-2023-4117-1,2023-08-04,ExploitDB,4.3,medium,0.00146,enriched,NETWORK,LOW,NONE,REQUIRED,UNCHANGED,NONE,LOW,NONE,1,1,ExploitDB,2023-08-04,2023-08-04,1,True,False,4.3,0.00146,534
CVE-2023-39115,CVE-2023-39115-1,2023-08-04,ExploitDB,9.8,critical,0.00066,enriched,NETWORK,LOW,NONE,NONE,UNCHANGED,HIGH,HIGH,HIGH,1,1,ExploitDB,2023-08-04,2023-08-04,1,True,False,9.8,0.00066,511
CVE-2023-4115,CVE-2023-4115-1,2023-08-04,ExploitDB,4.3,medium,0.00146,enriched,NETWORK,LOW,NONE,REQUIRED,UNCHANGED,NONE,LOW,NONE,1,1,ExploitDB,2023-08-04,2023-08-04,1,True,False,4.3,0.00146,532
CVE-2023-4113,CVE-2023-4113-1,2023-08-04,ExploitDB,4.3,medium,0.00146,enriched,NETWORK,LOW,NONE,REQUIRED,UNCHANGED,NONE,LOW,NONE,1,1,ExploitDB,2023-08-04,2023-08-04,1,True,False,4.3,0.00146,529
CVE-2023-4119,CVE-2023-4119-1,2023-08-04,ExploitDB,4.3,medium,0.00055,enriched,NETWORK,LOW,NONE,REQUIRED,UNCHANGED,NONE,LOW,NONE,1,1,ExploitDB,2023-08-04,2023-08-04,1,True,False,4.3,0.00055,535
CVE-2023-4116,CVE-2023-4116-1,2023-08-04,ExploitDB,4.3,medium,0.00146,enriched,NETWORK,LOW,NONE,REQUIRED,UNCHANGED,NONE,LOW,NONE,1,1,ExploitDB,2023-08-04,2023-08-04,1,True,False,4.3,0.00146,533
CVE-2023-36306,CVE-2023-36306-1,2023-08-04,ExploitDB,6.1,medium,0.00216,enriched,NETWORK,LOW,NONE,REQUIRED,CHANGED,LOW,LOW,NONE,1,1,ExploitDB,2023-08-04,2023-08-04,1,True,False,6.1,0.00216,475
CVE-2023-4114,CVE-2023-4114-1,2023-08-04,ExploitDB,4.3,medium,0.00146,enriched,NETWORK,LOW,NONE,REQUIRED,UNCHANGED,NONE,LOW,NONE,1,1,ExploitDB,2023-08-04,2023-08-04,1,True,False,4.3,0.00146,531
CVE-2023-4174,CVE-2023-4174-1,2023-08-08,ExploitDB,3.5,low,0.00049,enriched,NETWORK,LOW,LOW,REQUIRED,UNCHANGED,NONE,LOW,NONE,1,1,ExploitDB,2023-08-08,2023-08-08,1,True,False,3.5,0.00049,540
CVE-2023-4173,CVE-2023-4173-1,2023-08-08,ExploitDB,3.5,low,0.00049,enriched,NETWORK,LOW,LOW,REQUIRED,UNCHANGED,NONE,LOW,NONE,1,1,ExploitDB,2023-08-08,2023-08-08,1,True,False,3.5,0.00049,539
CVE-2023-4168,CVE-2023-4168-1,2023-08-08,ExploitDB,4.3,medium,0.002545,enriched,NETWORK,LOW,LOW,NONE,UNCHANGED,LOW,NONE,NONE,1,1,ExploitDB,2023-08-08,2023-08-08,1,True,False,4.3,0.002545,538
CVE-2023-37569,CVE-2023-37569-1,2023-08-08,ExploitDB,8.8,high,0.00307,enriched,NETWORK,LOW,LOW,NONE,UNCHANGED,HIGH,HIGH,HIGH,1,1,ExploitDB,2023-08-08,2023-08-08,1,True,False,8.8,0.00307,488
CVE-2023-29689,CVE-2023-29689-1,2023-08-08,ExploitDB,9.8,critical,0.001305,enriched,NETWORK,LOW,NONE,NONE,UNCHANGED,HIGH,HIGH,HIGH,1,1,ExploitDB,2023-08-08,2023-08-08,1,True,False,9.8,0.001305,398
CVE-2022-47636,CVE-2022-47636-1,2023-08-10,ExploitDB,7.8,high,0.00065,enriched,LOCAL,LOW,NONE,REQUIRED,UNCHANGED,HIGH,HIGH,HIGH,1,1,ExploitDB,2023-08-10,2023-08-10,1,True,False,7.8,0.00065,299
CVE-2023-1389,CVE-2023-1389-3,2023-08-10,ExploitDB,8.8,high,0.01513,original,ADJACENT_NETWORK,LOW,NONE,NONE,UNCHANGED,HIGH,HIGH,HIGH,1,1,ExploitDB,2023-08-10,2023-08-10,3,True,False,8.8,0.01513,320
CVE-2023-31067,CVE-2023-31067-1,2023-08-21,ExploitDB,9.8,critical,0.01585,enriched,NETWORK,LOW,NONE,NONE,UNCHANGED,HIGH,HIGH,HIGH,1,1,ExploitDB,2023-08-21,2023-08-21,1,True,False,9.8,0.01585,409
CVE-2023-31069,CVE-2023-31069-1,2023-08-21,ExploitDB,9.8,critical,0.01935,enriched,NETWORK,LOW,NONE,NONE,UNCHANGED,HIGH,HIGH,HIGH,1,1,ExploitDB,2023-08-21,2023-08-21,1,True,False,9.8,0.01935,411
CVE-2023-31068,CVE-2023-31068-1,2023-08-21,ExploitDB,9.8,critical,0.00799,enriched,NETWORK,LOW,NONE,NONE,UNCHANGED,HIGH,HIGH,HIGH,1,1,ExploitDB,2023-08-21,2023-08-21,1,True,False,9.8,0.00799,410
CVE-2023-31468,CVE-2023-31468-1,2023-08-21,ExploitDB,7.8,high,0.00144,enriched,LOCAL,LOW,LOW,NONE,UNCHANGED,HIGH,HIGH,HIGH,1,1,ExploitDB,2023-08-21,2023-08-21,1,True,False,7.8,0.00144,414
CVE-2023-37759,CVE-2023-37759-1,2023-08-21,ExploitDB,9.8,critical,0.00084,enriched,NETWORK,LOW,NONE,NONE,UNCHANGED,HIGH,HIGH,HIGH,1,1,ExploitDB,2023-08-21,2023-08-21,1,True,False,9.8,0.00084,490
CVE-2023-4547,CVE-2023-4547-1,2023-09-04,ExploitDB,3.5,low,0.00058,original,NETWORK,LOW,LOW,REQUIRED,UNCHANGED,NONE,LOW,NONE,1,1,ExploitDB,2023-09-04,2023-09-04,1,True,False,3.5,0.00058,572
CVE-2023-4407,CVE-2023-4407-1,2023-09-04,ExploitDB,6.3,medium,0.00077,original,NETWORK,LOW,LOW,NONE,UNCHANGED,LOW,LOW,LOW,1,1,ExploitDB,2023-09-04,2023-09-04,1,True,False,6.3,0.00077,559
CVE-2023-4382,CVE-2023-4382-1,2023-09-04,ExploitDB,3.5,low,0.0005,original,NETWORK,LOW,LOW,REQUIRED,UNCHANGED,NONE,LOW,NONE,1,1,ExploitDB,2023-09-04,2023-09-04,1,True,False,3.5,0.0005,557
CVE-2022-23513,CVE-2022-23513-1,2023-09-04,ExploitDB,5.3,medium,0.00046,original,NETWORK,LOW,NONE,NONE,UNCHANGED,LOW,NONE,NONE,1,1,ExploitDB,2023-09-04,2023-09-04,1,True,False,5.3,0.00046,219
CVE-2023-39026,CVE-2023-39026-1,2023-09-04,ExploitDB,7.5,high,0.01308,original,NETWORK,LOW,NONE,NONE,UNCHANGED,HIGH,NONE,NONE,1,1,ExploitDB,2023-09-04,2023-09-04,1,True,False,7.5,0.01308,510
CVE-2023-32560,CVE-2023-32560-1,2023-09-04,ExploitDB,9.8,critical,0.00134,original,NETWORK,LOW,NONE,NONE,UNCHANGED,HIGH,HIGH,HIGH,1,1,ExploitDB,2023-09-04,2023-09-04,1,True,False,9.8,0.00134,430
CVE-2022-25148,CVE-2022-25148-1,2023-09-04,ExploitDB,9.8,critical,0.00703,original,NETWORK,LOW,NONE,NONE,UNCHANGED,HIGH,HIGH,HIGH,1,1,ExploitDB,2023-09-04,2023-09-04,1,True,False,9.8,0.00703,224
CVE-2023-34723,CVE-2023-34723-1,2023-09-08,ExploitDB,7.5,high,0.00084,original,NETWORK,LOW,NONE,NONE,UNCHANGED,HIGH,NONE,NONE,1,1,ExploitDB,2023-09-08,2023-09-08,1,True,False,7.5,0.00084,460
CVE-2022-4953,CVE-2022-4953-1,2023-09-08,ExploitDB,6.1,medium,0.00046,original,NETWORK,LOW,NONE,REQUIRED,CHANGED,LOW,LOW,NONE,1,1,ExploitDB,2023-09-08,2023-09-08,1,True,True,6.1,0.00046,310
CVE-2022-31470,CVE-2022-31470-1,2023-09-08,ExploitDB,6.1,medium,0.00068,original,NETWORK,LOW,NONE,REQUIRED,CHANGED,LOW,LOW,NONE,1,1,ExploitDB,2023-09-08,2023-09-08,1,True,False,6.1,0.00068,240
CVE-2023-4548,CVE-2023-4548-1,2023-09-08,ExploitDB,6.3,medium,0.00089,original,NETWORK,LOW,LOW,NONE,UNCHANGED,LOW,LOW,LOW,1,1,ExploitDB,2023-09-08,2023-09-08,1,True,False,6.3,0.00089,573
CVE-2022-35919,CVE-2022-35919-1,2023-10-09,ExploitDB,7.4,high,0.00141,original,NETWORK,LOW,LOW,NONE,CHANGED,LOW,LOW,LOW,1,1,ExploitDB,2023-10-09,2023-10-09,1,True,True,7.4,0.00141,251
CVE-2023-4634,CVE-2023-4634-1,2023-10-09,ExploitDB,9.8,critical,0.05685,original,NETWORK,LOW,NONE,NONE,UNCHANGED,HIGH,HIGH,HIGH,1,1,ExploitDB,2023-10-09,2023-10-09,1,True,False,9.8,0.05685,584
CVE-2023-32707,CVE-2023-32707-1,2023-10-09,ExploitDB,8.8,high,0.0005,original,NETWORK,LOW,LOW,NONE,UNCHANGED,HIGH,HIGH,HIGH,1,1,ExploitDB,2023-10-09,2023-10-09,1,True,False,8.8,0.0005,432
CVE-2020-11060,CVE-2020-11060-1,2023-10-09,ExploitDB,7.4,high,0.00219,original,NETWORK,LOW,LOW,NONE,CHANGED,LOW,LOW,LOW,1,1,ExploitDB,2023-10-09,2023-10-09,1,True,True,7.4,0.00219,120
CVE-2023-38836,CVE-2023-38836-1,2023-10-09,ExploitDB,8.8,high,0.0012,original,NETWORK,LOW,LOW,NONE,UNCHANGED,HIGH,HIGH,HIGH,1,1,ExploitDB,2023-10-09,2023-10-09,1,True,False,8.8,0.0012,508
CVE-2023-4708,CVE-2023-4708-1,2023-10-09,ExploitDB,6.3,medium,0.00063,original,NETWORK,LOW,LOW,NONE,UNCHANGED,LOW,LOW,LOW,1,1,ExploitDB,2023-10-09,2023-10-09,1,True,False,6.3,0.00063,593
CVE-2023-39362,CVE-2023-39362-1,2023-10-09,ExploitDB,7.2,high,0.00103,original,NETWORK,LOW,HIGH,NONE,UNCHANGED,HIGH,HIGH,HIGH,1,1,ExploitDB,2023-10-09,2023-10-09,1,True,False,7.2,0.00103,513
CVE-2023-4278,CVE-2023-4278-1,2023-10-09,ExploitDB,7.5,high,0.00048,original,NETWORK,LOW,NONE,NONE,UNCHANGED,NONE,HIGH,NONE,1,1,ExploitDB,2023-10-09,2023-10-09,1,True,False,7.5,0.00048,547
CVE-2023-41991,CVE-2023-41991-1,2023-11-27,Reddit,5.5,medium,0.00551,original,LOCAL,LOW,NONE,REQUIRED,UNCHANGED,NONE,HIGH,NONE,1,1,Reddit,2023-11-27,2023-11-27,1,True,False,5.5,0.00551,542
CVE-2023-3897,CVE-2023-3897-1,2024-02-19,ExploitDB,4.8,medium,0.00046,original,NETWORK,HIGH,NONE,NONE,UNCHANGED,LOW,NONE,LOW,2,1,ExploitDB,2024-02-19,2024-02-19,2,True,False,4.8,0.00046,509
CVE-2024-22318,CVE-2024-22318-1,2024-02-26,ExploitDB,5.1,medium,0.00045,original,LOCAL,HIGH,NONE,NONE,UNCHANGED,HIGH,NONE,NONE,2,1,ExploitDB,2024-02-26,2024-02-26,2,True,False,5.1,0.00045,1100
CVE-2024-25734,CVE-2024-25734-1,2024-02-26,ExploitDB,7.5,high,0.00144,enriched,NETWORK,LOW,NONE,NONE,UNCHANGED,HIGH,NONE,NONE,2,1,ExploitDB,2024-02-26,2024-02-26,2,True,False,7.5,0.00144,1148
CVE-2024-25735,CVE-2024-25735-1,2024-02-26,ExploitDB,9.1,critical,0.00381,enriched,NETWORK,LOW,NONE,NONE,UNCHANGED,HIGH,HIGH,NONE,2,1,ExploitDB,2024-02-26,2024-02-26,2,True,False,9.1,0.00381,1149
CVE-2024-25736,CVE-2024-25736-1,2024-02-26,ExploitDB,7.5,high,0.00144,enriched,NETWORK,LOW,NONE,NONE,UNCHANGED,NONE,NONE,HIGH,2,1,ExploitDB,2024-02-26,2024-02-26,2,True,False,7.5,0.00144,1150
CVE-2024-27743,CVE-2024-27743-1,2024-03-03,ExploitDB,6.1,medium,0.00045,original,NETWORK,LOW,NONE,REQUIRED,CHANGED,LOW,LOW,NONE,2,1,ExploitDB,2024-03-03,2024-03-03,2,True,True,6.1,0.00045,1169
CVE-2024-27747,CVE-2024-27747-1,2024-03-03,ExploitDB,9.8,critical,0.00045,original,NETWORK,LOW,NONE,NONE,UNCHANGED,HIGH,HIGH,HIGH,2,1,ExploitDB,2024-03-03,2024-03-03,2,True,True,9.8,0.00045,1172
CVE-2024-27746,CVE-2024-27746-1,2024-03-03,ExploitDB,9.8,critical,0.00045,original,NETWORK,LOW,NONE,NONE,UNCHANGED,HIGH,HIGH,HIGH,2,1,ExploitDB,2024-03-03,2024-03-03,2,True,True,9.8,0.00045,1171
CVE-2024-27744,CVE-2024-27744-1,2024-03-03,ExploitDB,6.1,medium,0.00045,original,NETWORK,LOW,NONE,REQUIRED,CHANGED,LOW,LOW,NONE,2,1,ExploitDB,2024-03-03,2024-03-03,2,True,True,6.1,0.00045,1170
CVE-2022-4681,CVE-2022-4681-1,2024-03-10,ExploitDB,9.8,critical,0.00227,original,NETWORK,LOW,NONE,NONE,UNCHANGED,HIGH,HIGH,HIGH,2,1,ExploitDB,2024-03-10,2024-03-10,2,True,False,9.8,0.00227,294
CVE-2024-27612,CVE-2024-27612-1,2024-03-10,ExploitDB,6.2,medium,0.00043,original,LOCAL,LOW,NONE,NONE,UNCHANGED,NONE,HIGH,NONE,2,1,ExploitDB,2024-03-10,2024-03-10,2,True,False,6.2,0.00043,1167
CVE-2024-25832,CVE-2024-25832-1,2024-03-10,ExploitDB,8.8,high,0.00043,original,NETWORK,LOW,LOW,NONE,UNCHANGED,HIGH,HIGH,HIGH,2,1,ExploitDB,2024-03-10,2024-03-10,2,True,False,8.8,0.00043,1151
CVE-2024-27620,CVE-2024-27620-1,2024-03-10,ExploitDB,7.5,high,0.00084,enriched,NETWORK,LOW,NONE,NONE,UNCHANGED,HIGH,NONE,NONE,2,1,ExploitDB,2024-03-10,2024-03-10,2,True,False,7.5,0.00084,1168
CVE-2024-22836,CVE-2024-22836-1,2024-03-10,ExploitDB,9.8,critical,0.0006,original,NETWORK,LOW,NONE,NONE,UNCHANGED,HIGH,HIGH,HIGH,2,1,ExploitDB,2024-03-10,2024-03-10,2,True,False,9.8,0.0006,1103
CVE-2023-7028,CVE-2023-7028-2,2024-03-14,ExploitDB,10.0,critical,0.20153,original,NETWORK,LOW,NONE,NONE,CHANGED,HIGH,HIGH,NONE,3,2,"ExploitDB, Mastodon",2024-03-14,2025-03-03,4,True,False,10.0,0.93215,637
CVE-2023-23333,CVE-2023-23333-1,2024-03-14,ExploitDB,9.8,critical,0.89832,original,NETWORK,LOW,NONE,NONE,UNCHANGED,HIGH,HIGH,HIGH,2,1,ExploitDB,2024-03-14,2024-03-14,2,True,False,9.8,0.89832,346
CVE-2024-23749,CVE-2024-23749-1,2024-03-14,ExploitDB,7.8,high,0.00046,original,LOCAL,LOW,LOW,NONE,UNCHANGED,HIGH,HIGH,HIGH,2,1,ExploitDB,2024-03-14,2024-03-14,2,True,False,7.8,0.00046,1111
CVE-2024-25003,CVE-2024-25003-1,2024-03-14,ExploitDB,7.8,high,0.00043,original,LOCAL,LOW,LOW,NONE,UNCHANGED,HIGH,HIGH,HIGH,2,1,ExploitDB,2024-03-14,2024-03-14,2,True,False,7.8,0.00043,1141
CVE-2023-5702,CVE-2023-5702-1,2024-03-14,ExploitDB,4.3,medium,0.00052,original,ADJACENT_NETWORK,LOW,NONE,NONE,UNCHANGED,LOW,NONE,NONE,2,1,ExploitDB,2024-03-14,2024-03-14,2,True,True,4.3,0.00052,631
CVE-2024-25004,CVE-2024-25004-1,2024-03-14,ExploitDB,7.8,high,0.00043,original,LOCAL,LOW,LOW,NONE,UNCHANGED,HIGH,HIGH,HIGH,2,1,ExploitDB,2024-03-14,2024-03-14,2,True,False,7.8,0.00043,1142
CVE-2023-3710,CVE-2023-3710-2,2024-03-14,ExploitDB,9.9,critical,0.68018,original,NETWORK,LOW,NONE,NONE,CHANGED,LOW,LOW,HIGH,2,1,ExploitDB,2024-03-14,2024-03-14,3,True,False,9.9,0.68018,485
CVE-2023-42793,CVE-2023-42793-1,2024-03-14,ExploitDB,9.8,critical,0.97345,original,NETWORK,LOW,NONE,NONE,UNCHANGED,HIGH,HIGH,HIGH,3,2,"ExploitDB, HackerNews",2024-03-14,2025-05-13,4,True,False,9.8,0.97345,548
CVE-2018-20817,CVE-2018-20817-1,2024-03-18,Reddit,9.8,critical,0.0099,original,NETWORK,LOW,NONE,NONE,UNCHANGED,HIGH,HIGH,HIGH,1,1,Reddit,2024-03-18,2024-03-18,1,True,False,9.8,0.0099,57
CVE-2023-6538,CVE-2023-6538-1,2024-03-20,ExploitDB,7.6,high,0.00049,original,NETWORK,LOW,LOW,NONE,UNCHANGED,HIGH,LOW,LOW,2,1,ExploitDB,2024-03-20,2024-03-20,2,True,False,7.6,0.00049,634
CVE-2024-28595,CVE-2024-28595-1,2024-03-20,ExploitDB,9.8,critical,0.00043,original,NETWORK,LOW,NONE,NONE,UNCHANGED,HIGH,HIGH,HIGH,2,1,ExploitDB,2024-03-20,2024-03-20,2,True,True,9.8,0.00043,1177
CVE-2023-46024,CVE-2023-46024-1,2024-03-20,ExploitDB,7.5,high,0.00073,original,NETWORK,LOW,NONE,NONE,UNCHANGED,HIGH,NONE,NONE,2,1,ExploitDB,2024-03-20,2024-03-20,2,True,True,7.5,0.00073,580
CVE-2023-46022,CVE-2023-46022-1,2024-03-20,ExploitDB,7.8,high,0.00043,original,LOCAL,LOW,LOW,NONE,UNCHANGED,HIGH,HIGH,HIGH,2,1,ExploitDB,2024-03-20,2024-03-20,2,True,False,7.8,0.00043,579
CVE-2024-3094,CVE-2024-3094-1,2024-03-29,Reddit,10.0,critical,0.00045,enriched,NETWORK,LOW,NONE,NONE,CHANGED,HIGH,HIGH,HIGH,6,2,"HackerNews, Reddit",2024-03-29,2025-05-21,8,True,False,10.0,0.91042,1204
CVE-2024-21338,CVE-2024-21338-2,2024-04-02,ExploitDB,7.8,high,0.00105,original,LOCAL,LOW,LOW,NONE,UNCHANGED,HIGH,HIGH,HIGH,7,3,"ExploitDB, HackerNews, Reddit",2024-04-02,2025-05-26,7,True,False,7.8,0.81906,1073
CVE-2023-48974,CVE-2023-48974-1,2024-04-02,ExploitDB,9.6,critical,0.00091,original,NETWORK,LOW,NONE,REQUIRED,CHANGED,HIGH,HIGH,HIGH,2,1,ExploitDB,2024-04-02,2024-04-02,2,True,False,9.6,0.00091,605
CVE-2024-27356,CVE-2024-27356-1,2024-04-02,ExploitDB,7.5,high,0.00043,original,NETWORK,LOW,NONE,NONE,UNCHANGED,HIGH,NONE,NONE,2,1,ExploitDB,2024-04-02,2024-04-02,2,True,True,7.5,0.00043,1165
CVE-2024-24494,CVE-2024-24494-1,2024-04-02,ExploitDB,6.1,medium,0.00043,original,NETWORK,LOW,NONE,REQUIRED,CHANGED,LOW,LOW,NONE,2,1,ExploitDB,2024-04-02,2024-04-02,2,True,True,6.1,0.00043,1130
CVE-2024-24724,CVE-2024-24724-1,2024-04-02,ExploitDB,9.8,critical,0.00144,enriched,NETWORK,LOW,NONE,NONE,UNCHANGED,HIGH,HIGH,HIGH,2,1,ExploitDB,2024-04-02,2024-04-02,2,True,False,9.8,0.00144,1136
CVE-2023-34927,CVE-2023-34927-1,2024-04-02,ExploitDB,6.5,medium,0.00054,original,NETWORK,LOW,NONE,REQUIRED,UNCHANGED,NONE,HIGH,NONE,2,1,ExploitDB,2024-04-02,2024-04-02,2,True,False,6.5,0.00054,463
CVE-2022-4395,CVE-2022-4395-1,2024-04-02,ExploitDB,9.8,critical,0.00373,original,NETWORK,LOW,NONE,NONE,UNCHANGED,HIGH,HIGH,HIGH,2,1,ExploitDB,2024-04-02,2024-04-02,2,True,False,9.8,0.00373,287
CVE-2024-24495,CVE-2024-24495-1,2024-04-02,ExploitDB,9.8,critical,0.00106,original,NETWORK,LOW,NONE,NONE,UNCHANGED,HIGH,HIGH,HIGH,2,1,ExploitDB,2024-04-02,2024-04-02,2,True,True,9.8,0.00106,1131
CVE-2024-24496,CVE-2024-24496-1,2024-04-02,ExploitDB,9.8,critical,0.00106,original,NETWORK,LOW,NONE,NONE,UNCHANGED,HIGH,HIGH,HIGH,2,1,ExploitDB,2024-04-02,2024-04-02,2,True,True,9.8,0.00106,1132
CVE-2024-24747,CVE-2024-24747-1,2024-04-12,ExploitDB,8.8,high,0.00058,original,NETWORK,LOW,LOW,NONE,UNCHANGED,HIGH,HIGH,HIGH,2,1,ExploitDB,2024-04-12,2024-04-12,2,True,True,8.8,0.00058,1137
CVE-2024-31804,CVE-2024-31804-1,2024-04-12,ExploitDB,6.7,medium,0.00084,enriched,LOCAL,LOW,HIGH,NONE,UNCHANGED,HIGH,HIGH,HIGH,2,1,ExploitDB,2024-04-12,2024-04-12,2,True,False,6.7,0.00084,1207
CVE-2023-6019,CVE-2023-6019-1,2024-04-12,ExploitDB,9.8,critical,0.00097,original,NETWORK,LOW,NONE,NONE,UNCHANGED,HIGH,HIGH,HIGH,2,1,ExploitDB,2024-04-12,2024-04-12,2,True,False,9.8,0.00097,632
CVE-2024-3400,CVE-2024-3400-5,2024-04-12,Reddit,10.0,critical,0.00043,original,NETWORK,LOW,NONE,NONE,CHANGED,HIGH,HIGH,HIGH,9,5,"BleepingComputer, ExploitDB, HackerNews, Mastodon, Reddit",2024-04-12,2025-04-23,9,True,False,10.0,0.95885,1227
CVE-2023-40279,CVE-2023-40279-1,2024-04-15,ExploitDB,7.5,high,0.00043,original,NETWORK,LOW,NONE,NONE,UNCHANGED,HIGH,NONE,NONE,2,1,ExploitDB,2024-04-15,2024-04-15,2,True,True,7.5,0.00043,518
CVE-2023-40278,CVE-2023-40278-1,2024-04-15,ExploitDB,7.5,high,0.00043,original,NETWORK,LOW,NONE,NONE,UNCHANGED,HIGH,NONE,NONE,2,1,ExploitDB,2024-04-15,2024-04-15,2,True,True,7.5,0.00043,517
CVE-2024-22513,CVE-2024-22513-1,2024-04-15,ExploitDB,5.5,medium,0.00065,original,LOCAL,LOW,LOW,NONE,UNCHANGED,HIGH,NONE,NONE,2,1,ExploitDB,2024-04-15,2024-04-15,2,True,False,5.5,0.00065,1102
CVE-2024-23897,CVE-2024-23897-1,2024-04-15,ExploitDB,9.8,critical,0.94455,original,NETWORK,LOW,NONE,NONE,UNCHANGED,HIGH,HIGH,HIGH,7,2,"ExploitDB, HackerNews",2024-04-15,2025-05-13,9,True,False,9.8,0.94466,1112
CVE-2024-31621,CVE-2024-31621-1,2024-04-21,ExploitDB,7.6,high,0.00381,enriched,NETWORK,LOW,LOW,NONE,UNCHANGED,LOW,HIGH,LOW,2,1,ExploitDB,2024-04-21,2024-04-21,2,True,False,7.6,0.00381,1205
CVE-2023-6710,CVE-2023-6710-1,2024-05-13,ExploitDB,5.4,medium,0.00068,original,NETWORK,LOW,LOW,REQUIRED,CHANGED,LOW,LOW,NONE,2,1,ExploitDB,2024-05-13,2024-05-13,2,True,False,5.4,0.00068,636
CVE-2022-35914,CVE-2022-35914-2,2024-05-19,ExploitDB,9.8,critical,0.97385,original,NETWORK,LOW,NONE,NONE,UNCHANGED,HIGH,HIGH,HIGH,2,1,ExploitDB,2024-05-19,2024-05-19,3,True,True,9.8,0.97385,250
CVE-2024-33559,CVE-2024-33559-1,2024-05-19,ExploitDB,9.3,critical,0.00043,original,NETWORK,LOW,NONE,NONE,CHANGED,HIGH,NONE,LOW,2,1,ExploitDB,2024-05-19,2024-05-19,2,True,False,9.3,0.00043,1220
CVE-2024-32113,CVE-2024-32113-1,2024-05-19,ExploitDB,9.8,critical,0.00045,original,NETWORK,LOW,NONE,NONE,UNCHANGED,HIGH,HIGH,HIGH,2,1,ExploitDB,2024-05-19,2024-05-19,2,True,False,9.8,0.00045,1210
CVE-2023-27636,CVE-2023-27636-1,2024-06-03,ExploitDB,5.4,medium,0.00101,enriched,NETWORK,LOW,LOW,REQUIRED,CHANGED,LOW,LOW,NONE,2,1,ExploitDB,2024-06-03,2024-06-03,2,True,False,5.4,0.00101,380
CVE-2024-32896,CVE-2024-32896-1,2024-06-24,Reddit,7.8,high,0.00083,original,LOCAL,LOW,NONE,REQUIRED,UNCHANGED,HIGH,HIGH,HIGH,3,2,"HackerNews, Reddit",2024-06-24,2025-05-01,3,True,False,7.8,0.00083,1217
CVE-2024-30078,CVE-2024-30078-1,2024-06-25,Reddit,8.8,high,0.00052,original,ADJACENT_NETWORK,LOW,NONE,NONE,UNCHANGED,HIGH,HIGH,HIGH,1,1,Reddit,2024-06-25,2024-06-25,1,True,False,8.8,0.00052,1199
CVE-2024-28999,CVE-2024-28999-1,2024-06-26,ExploitDB,6.4,medium,0.00091,original,ADJACENT_NETWORK,HIGH,NONE,NONE,UNCHANGED,HIGH,LOW,LOW,2,1,ExploitDB,2024-06-26,2024-06-26,2,True,False,6.4,0.00091,1185
CVE-2024-6387,CVE-2024-6387-3,2024-07-01,Reddit,8.1,high,0.00046,enriched,NETWORK,HIGH,NONE,NONE,UNCHANGED,HIGH,HIGH,HIGH,4,2,"ExploitDB, Reddit",2024-07-01,2025-05-07,10,True,True,8.1,0.55567,2291
CVE-2024-40422,CVE-2024-40422-1,2024-08-04,ExploitDB,9.1,critical,0.00066,original,NETWORK,LOW,NONE,NONE,UNCHANGED,HIGH,HIGH,NONE,2,1,ExploitDB,2024-08-04,2024-08-04,2,True,True,9.1,0.00066,1356
CVE-2024-38063,CVE-2024-38063-2,2024-08-14,Reddit,9.8,critical,0.00091,original,NETWORK,LOW,NONE,NONE,UNCHANGED,HIGH,HIGH,HIGH,2,2,"Mastodon, Reddit",2024-08-14,2025-04-27,4,True,False,9.8,0.87927,1284
CVE-2024-7261,CVE-2024-7261-1,2024-09-04,Mastodon,9.8,critical,0.0009,original,NETWORK,LOW,NONE,NONE,UNCHANGED,HIGH,HIGH,HIGH,1,1,Mastodon,2024-09-04,2024-09-04,1,False,False,9.8,0.0009,2307
CVE-2024-42154,CVE-2024-42154-1,2024-09-04,Mastodon,4.4,medium,0.00378,original,LOCAL,LOW,LOW,NONE,UNCHANGED,LOW,LOW,NONE,1,1,Mastodon,2024-09-04,2024-09-04,1,False,False,4.4,0.00378,1411
CVE-2024-4550,CVE-2024-4550-1,2024-09-07,Mastodon,6.7,medium,0.00043,enriched,LOCAL,LOW,HIGH,NONE,UNCHANGED,HIGH,HIGH,HIGH,1,1,Mastodon,2024-09-07,2024-09-07,1,False,False,6.7,0.00043,1512
CVE-2024-45506,CVE-2024-45506-1,2024-09-07,Mastodon,7.5,high,0.00858,original,NETWORK,LOW,NONE,NONE,UNCHANGED,NONE,NONE,HIGH,1,1,Mastodon,2024-09-07,2024-09-07,1,False,False,7.5,0.00858,1514
CVE-2020-2778,CVE-2020-2778-1,2024-09-09,Mastodon,3.7,low,0.00111,original,NETWORK,HIGH,NONE,NONE,UNCHANGED,LOW,NONE,NONE,1,1,Mastodon,2024-09-09,2024-09-09,1,False,False,3.7,0.00111,136
CVE-2020-27786,CVE-2020-27786-1,2024-09-09,Mastodon,7.8,high,0.00043,original,LOCAL,LOW,LOW,NONE,UNCHANGED,HIGH,HIGH,HIGH,1,1,Mastodon,2024-09-09,2024-09-09,1,False,False,7.8,0.00043,137
CVE-2024-38106,CVE-2024-38106-1,2024-09-10,Mastodon,7.0,high,0.00043,original,LOCAL,HIGH,LOW,NONE,UNCHANGED,HIGH,HIGH,HIGH,1,1,Mastodon,2024-09-10,2024-09-10,1,False,False,7.0,0.00043,1285
CVE-2023-27532,CVE-2023-27532-1,2024-09-10,Mastodon,7.5,high,0.0308,original,NETWORK,LOW,NONE,NONE,UNCHANGED,HIGH,NONE,NONE,1,1,Mastodon,2024-09-10,2024-09-10,2,False,False,7.5,0.0308,379
CVE-2024-43491,CVE-2024-43491-1,2024-09-11,Mastodon,9.8,critical,0.00712,original,NETWORK,LOW,NONE,NONE,UNCHANGED,HIGH,HIGH,HIGH,1,1,Mastodon,2024-09-11,2024-09-11,1,False,False,9.8,0.00712,1450
CVE-2024-8504,CVE-2024-8504-1,2024-09-16,Mastodon,8.8,high,0.00043,original,NETWORK,LOW,LOW,NONE,UNCHANGED,HIGH,HIGH,HIGH,1,1,Mastodon,2024-09-16,2024-09-16,1,False,False,8.8,0.00043,2328
CVE-2024-6678,CVE-2024-6678-1,2024-09-16,Mastodon,9.9,critical,0.00043,original,NETWORK,LOW,LOW,NONE,CHANGED,HIGH,HIGH,HIGH,1,1,Mastodon,2024-09-16,2024-09-16,1,False,False,9.9,0.00043,2301
CVE-2024-8503,CVE-2024-8503-1,2024-09-16,Mastodon,9.8,critical,0.00043,original,NETWORK,LOW,NONE,NONE,UNCHANGED,HIGH,HIGH,HIGH,1,1,Mastodon,2024-09-16,2024-09-16,1,False,False,9.8,0.00043,2327
CVE-2023-45249,CVE-2023-45249-1,2024-09-17,Mastodon,9.8,critical,0.12209,original,NETWORK,LOW,NONE,NONE,UNCHANGED,HIGH,HIGH,HIGH,1,1,Mastodon,2024-09-17,2024-09-17,1,False,False,9.8,0.12209,565
CVE-2024-7965,CVE-2024-7965-1,2024-09-17,Mastodon,8.8,high,0.00159,original,NETWORK,LOW,NONE,REQUIRED,UNCHANGED,HIGH,HIGH,HIGH,1,1,Mastodon,2024-09-17,2024-09-17,1,False,False,8.8,0.00159,2318
CVE-2024-37397,CVE-2024-37397-1,2024-09-17,Mastodon,8.2,high,0.00043,original,NETWORK,LOW,NONE,NONE,UNCHANGED,HIGH,LOW,NONE,1,1,Mastodon,2024-09-17,2024-09-17,1,False,False,8.2,0.00043,1276
CVE-2024-45489,CVE-2024-45489-2,2024-09-20,Reddit,9.8,critical,0.00045,enriched,NETWORK,LOW,NONE,NONE,UNCHANGED,HIGH,HIGH,HIGH,2,2,"Mastodon, Reddit",2024-09-20,2024-09-23,2,True,False,9.8,0.00045,1509
CVE-2024-45488,CVE-2024-45488-1,2024-09-24,Mastodon,9.8,critical,0.00043,original,NETWORK,LOW,NONE,NONE,UNCHANGED,HIGH,HIGH,HIGH,1,1,Mastodon,2024-09-24,2024-09-24,1,False,False,9.8,0.00043,1508
CVE-2024-47176,CVE-2024-47176-1,2024-09-26,Mastodon,5.3,medium,0.00045,enriched,NETWORK,LOW,NONE,NONE,UNCHANGED,NONE,LOW,NONE,1,1,Mastodon,2024-09-26,2024-09-26,2,True,True,5.3,0.00045,1565
CVE-2024-47175,CVE-2024-47175-1,2024-09-26,Mastodon,8.6,high,0.00044,enriched,NETWORK,LOW,NONE,NONE,CHANGED,NONE,HIGH,NONE,1,1,Mastodon,2024-09-26,2024-09-26,2,True,True,8.6,0.00044,1564
CVE-2024-47076,CVE-2024-47076-1,2024-09-26,Mastodon,8.6,high,0.00044,enriched,NETWORK,LOW,NONE,NONE,CHANGED,NONE,HIGH,NONE,1,1,Mastodon,2024-09-26,2024-09-26,2,True,True,8.6,0.00044,1560
CVE-2024-6769,CVE-2024-6769-1,2024-09-27,Mastodon,6.7,medium,0.00043,original,LOCAL,LOW,HIGH,NONE,UNCHANGED,HIGH,HIGH,HIGH,1,1,Mastodon,2024-09-27,2024-09-27,1,True,False,6.7,0.00043,2302
CVE-2024-46626,CVE-2024-46626-1,2024-10-01,ExploitDB,8.8,high,0.00043,enriched,NETWORK,LOW,LOW,NONE,UNCHANGED,HIGH,HIGH,HIGH,2,1,ExploitDB,2024-10-01,2024-10-01,2,True,True,8.8,0.00043,1540
CVE-2024-36435,CVE-2024-36435-1,2024-10-06,Mastodon,9.8,critical,0.00043,original,NETWORK,LOW,NONE,NONE,UNCHANGED,HIGH,HIGH,HIGH,1,1,Mastodon,2024-10-06,2024-10-06,1,False,False,9.8,0.00043,1259
CVE-2024-38526,CVE-2024-38526-1,2024-10-09,Mastodon,7.2,high,0.00065,original,NETWORK,LOW,NONE,NONE,CHANGED,LOW,NONE,LOW,1,1,Mastodon,2024-10-09,2024-10-09,1,True,True,7.2,0.00065,1300
CVE-2024-45519,CVE-2024-45519-1,2024-10-09,Mastodon,10.0,critical,0.95031,original,NETWORK,LOW,NONE,NONE,CHANGED,HIGH,HIGH,HIGH,5,2,"HackerNews, Mastodon",2024-10-09,2025-04-28,5,True,False,10.0,0.95031,1515
CVE-2024-43047,CVE-2024-43047-1,2024-10-10,Mastodon,7.8,high,0.00113,original,LOCAL,LOW,LOW,NONE,UNCHANGED,HIGH,HIGH,HIGH,7,2,"BleepingComputer, Mastodon",2024-10-10,2025-04-07,7,True,False,7.8,0.01625,1432
CVE-2024-9680,CVE-2024-9680-1,2024-10-10,Mastodon,9.8,critical,0.00043,original,NETWORK,LOW,NONE,NONE,UNCHANGED,HIGH,HIGH,HIGH,9,4,"BleepingComputer, HackerNews, Mastodon, Reddit",2024-10-10,2025-05-07,12,True,False,9.8,0.57303,2402
CVE-2024-8698,CVE-2024-8698-1,2024-10-11,Mastodon,7.7,high,0.00125,original,NETWORK,HIGH,LOW,NONE,CHANGED,HIGH,LOW,LOW,1,1,Mastodon,2024-10-11,2024-10-11,1,False,False,7.7,0.00125,2337
CVE-2024-47374,CVE-2024-47374-1,2024-10-11,Mastodon,7.1,high,0.00043,original,NETWORK,LOW,NONE,REQUIRED,CHANGED,LOW,LOW,LOW,1,1,Mastodon,2024-10-11,2024-10-11,1,False,False,7.1,0.00043,1568
CVE-2024-9164,CVE-2024-9164-1,2024-10-11,Mastodon,9.6,critical,0.00043,enriched,NETWORK,LOW,LOW,NONE,CHANGED,HIGH,HIGH,NONE,1,1,Mastodon,2024-10-11,2024-10-11,1,False,False,9.6,0.00043,2367
CVE-2024-9465,CVE-2024-9465-1,2024-10-13,Mastodon,9.1,critical,0.0005,original,NETWORK,LOW,NONE,NONE,UNCHANGED,HIGH,HIGH,NONE,1,1,Mastodon,2024-10-13,2024-10-13,1,False,False,9.1,0.0005,2384
CVE-2024-43044,CVE-2024-43044-1,2024-10-13,Mastodon,8.8,high,0.0005,original,NETWORK,LOW,LOW,NONE,UNCHANGED,HIGH,HIGH,HIGH,1,1,Mastodon,2024-10-13,2024-10-13,4,False,False,8.8,0.0005,1431
CVE-2024-37383,CVE-2024-37383-1,2024-10-15,Mastodon,6.1,medium,0.00045,original,NETWORK,LOW,NONE,REQUIRED,CHANGED,LOW,LOW,NONE,3,2,"ExploitDB, Mastodon",2024-10-15,2025-04-11,6,True,True,6.1,0.83228,1275
CVE-2024-38178,CVE-2024-38178-1,2024-10-16,Mastodon,7.5,high,0.01323,original,NETWORK,HIGH,NONE,REQUIRED,UNCHANGED,HIGH,HIGH,HIGH,4,2,"HackerNews, Mastodon",2024-10-16,2025-05-01,5,True,False,7.5,0.15451,1287
CVE-2024-5836,CVE-2024-5836-1,2024-10-17,Mastodon,8.8,high,0.00056,original,NETWORK,LOW,NONE,REQUIRED,UNCHANGED,HIGH,HIGH,HIGH,1,1,Mastodon,2024-10-17,2024-10-17,1,False,False,8.8,0.00056,2279
CVE-2024-28987,CVE-2024-28987-3,2024-10-17,Mastodon,9.1,critical,0.96019,original,NETWORK,LOW,NONE,NONE,UNCHANGED,HIGH,HIGH,NONE,3,1,Mastodon,2024-10-17,2024-10-31,4,False,False,9.1,0.96019,1182
CVE-2024-6778,CVE-2024-6778-1,2024-10-17,Mastodon,7.5,high,0.00043,original,NETWORK,HIGH,NONE,REQUIRED,UNCHANGED,HIGH,HIGH,HIGH,1,1,Mastodon,2024-10-17,2024-10-17,1,False,False,7.5,0.00043,2303
CVE-2024-38227,CVE-2024-38227-1,2024-10-17,Mastodon,7.2,high,0.00046,original,NETWORK,LOW,HIGH,NONE,UNCHANGED,HIGH,HIGH,HIGH,1,1,Mastodon,2024-10-17,2024-10-17,1,False,False,7.2,0.00046,1291
CVE-2024-9264,CVE-2024-9264-1,2024-10-20,Mastodon,9.9,critical,0.00043,original,NETWORK,LOW,LOW,NONE,CHANGED,HIGH,HIGH,HIGH,1,1,Mastodon,2024-10-20,2024-10-20,2,False,False,9.9,0.00043,2373
CVE-2024-44133,CVE-2024-44133-1,2024-10-20,Mastodon,5.5,medium,0.00043,original,LOCAL,LOW,LOW,NONE,UNCHANGED,NONE,HIGH,NONE,1,1,Mastodon,2024-10-20,2024-10-20,1,False,False,5.5,0.00043,1476
CVE-2024-47575,CVE-2024-47575-2,2024-10-24,Mastodon,9.8,critical,0.01216,original,NETWORK,LOW,NONE,NONE,UNCHANGED,HIGH,HIGH,HIGH,10,3,"BleepingComputer, HackerNews, Mastodon",2024-10-24,2025-04-28,10,True,False,9.8,0.91765,1580
CVE-2024-9632,CVE-2024-9632-1,2024-10-30,Mastodon,7.8,high,0.00043,enriched,LOCAL,LOW,LOW,NONE,UNCHANGED,HIGH,HIGH,HIGH,1,1,Mastodon,2024-10-30,2024-10-30,1,False,False,7.8,0.00043,2396
CVE-2024-7826,CVE-2024-7826-1,2024-10-30,Mastodon,9.8,critical,0.00043,original,NETWORK,LOW,NONE,NONE,UNCHANGED,HIGH,HIGH,HIGH,1,1,Mastodon,2024-10-30,2024-10-30,1,False,False,9.8,0.00043,2317
CVE-2024-10349,CVE-2024-10349-1,2024-10-30,Mastodon,6.3,medium,0.00045,original,NETWORK,LOW,LOW,NONE,UNCHANGED,LOW,LOW,LOW,1,1,Mastodon,2024-10-30,2024-10-30,1,True,True,6.3,0.00045,670
CVE-2024-48964,CVE-2024-48964-1,2024-10-30,Mastodon,7.5,high,0.00043,original,NETWORK,HIGH,NONE,REQUIRED,UNCHANGED,HIGH,HIGH,HIGH,1,1,Mastodon,2024-10-30,2024-10-30,1,True,True,7.5,0.00043,1626
CVE-2024-28020,CVE-2024-28020-1,2024-10-30,Mastodon,8.0,high,0.0005,original,NETWORK,HIGH,HIGH,NONE,CHANGED,HIGH,HIGH,HIGH,1,1,Mastodon,2024-10-30,2024-10-30,1,False,False,8.0,0.0005,1176
CVE-2024-10338,CVE-2024-10338-1,2024-10-30,Mastodon,4.7,medium,0.00045,original,NETWORK,LOW,HIGH,NONE,UNCHANGED,LOW,LOW,LOW,1,1,Mastodon,2024-10-30,2024-10-30,1,False,False,4.7,0.00045,669
CVE-2024-34669,CVE-2024-34669-1,2024-10-30,Mastodon,7.5,high,0.00043,original,NETWORK,HIGH,NONE,REQUIRED,UNCHANGED,HIGH,HIGH,HIGH,1,1,Mastodon,2024-10-30,2024-10-30,1,False,False,7.5,0.00043,1231
CVE-2024-49767,CVE-2024-49767-1,2024-11-01,Mastodon,7.5,high,0.00045,original,NETWORK,LOW,NONE,NONE,UNCHANGED,NONE,NONE,HIGH,1,1,Mastodon,2024-11-01,2024-11-01,1,True,True,7.5,0.00045,1710
CVE-2023-22098,CVE-2023-22098-1,2024-11-02,Mastodon,8.2,high,0.00043,original,LOCAL,LOW,HIGH,NONE,CHANGED,HIGH,HIGH,HIGH,1,1,Mastodon,2024-11-02,2024-11-02,1,False,False,8.2,0.00043,343
CVE-2024-51774,CVE-2024-51774-2,2024-11-04,Reddit,8.1,high,0.00045,original,NETWORK,HIGH,NONE,NONE,UNCHANGED,HIGH,HIGH,HIGH,3,2,"ExploitDB, Reddit",2024-11-04,2025-04-11,3,True,False,8.1,0.00098,1794
CVE-2024-43093,CVE-2024-43093-2,2024-11-05,Mastodon,7.8,high,0.01972,enriched,LOCAL,LOW,NONE,REQUIRED,UNCHANGED,HIGH,HIGH,HIGH,10,3,"BleepingComputer, HackerNews, Mastodon",2024-11-05,2025-04-28,10,True,False,7.8,0.01972,1435
CVE-2024-20418,CVE-2024-20418-1,2024-11-07,Mastodon,10.0,critical,0.00043,original,NETWORK,LOW,NONE,NONE,CHANGED,HIGH,HIGH,HIGH,3,2,"BleepingComputer, Mastodon",2024-11-07,2025-01-22,3,True,False,10.0,0.00043,1060
CVE-2024-51623,CVE-2024-51623-1,2024-11-09,Mastodon,8.5,high,0.00043,enriched,NETWORK,LOW,LOW,NONE,CHANGED,HIGH,NONE,LOW,1,1,Mastodon,2024-11-09,2024-11-09,1,False,False,8.5,0.00043,1789
CVE-2024-48989,CVE-2024-48989-1,2024-11-09,Mastodon,7.5,high,0.00043,enriched,NETWORK,LOW,NONE,NONE,UNCHANGED,NONE,NONE,HIGH,1,1,Mastodon,2024-11-09,2024-11-09,1,False,False,7.5,0.00043,1633
CVE-2024-51606,CVE-2024-51606-1,2024-11-09,Mastodon,8.5,high,0.00043,enriched,NETWORK,LOW,LOW,NONE,CHANGED,HIGH,NONE,LOW,1,1,Mastodon,2024-11-09,2024-11-09,1,False,False,8.5,0.00043,1786
CVE-2024-51608,CVE-2024-51608-1,2024-11-09,Mastodon,8.5,high,0.00043,enriched,NETWORK,LOW,LOW,NONE,CHANGED,HIGH,NONE,LOW,1,1,Mastodon,2024-11-09,2024-11-09,1,False,False,8.5,0.00043,1787
CVE-2024-11047,CVE-2024-11047-1,2024-11-10,Mastodon,8.8,high,0.00045,original,NETWORK,LOW,LOW,NONE,UNCHANGED,HIGH,HIGH,HIGH,1,1,Mastodon,2024-11-10,2024-11-10,1,True,True,8.8,0.00045,727
CVE-2024-11056,CVE-2024-11056-1,2024-11-10,Mastodon,8.8,high,0.00045,enriched,NETWORK,LOW,LOW,NONE,UNCHANGED,HIGH,HIGH,HIGH,1,1,Mastodon,2024-11-10,2024-11-10,1,False,False,8.8,0.00045,730
CVE-2024-11048,CVE-2024-11048-1,2024-11-10,Mastodon,8.8,high,0.00045,original,NETWORK,LOW,LOW,NONE,UNCHANGED,HIGH,HIGH,HIGH,1,1,Mastodon,2024-11-10,2024-11-10,1,True,True,8.8,0.00045,728
CVE-2024-21545,CVE-2024-21545-1,2024-11-11,Mastodon,8.2,high,0.00043,original,NETWORK,HIGH,LOW,NONE,CHANGED,HIGH,HIGH,NONE,1,1,Mastodon,2024-11-11,2024-11-11,1,False,False,8.2,0.00043,1080
CVE-2024-11068,CVE-2024-11068-1,2024-11-11,Mastodon,9.8,critical,0.00091,enriched,NETWORK,LOW,NONE,NONE,UNCHANGED,HIGH,HIGH,HIGH,1,1,Mastodon,2024-11-11,2024-11-11,1,False,False,9.8,0.00091,732
CVE-2024-51747,CVE-2024-51747-1,2024-11-11,Mastodon,9.1,critical,0.00044,enriched,NETWORK,LOW,HIGH,NONE,CHANGED,HIGH,HIGH,HIGH,1,1,Mastodon,2024-11-11,2024-11-11,1,True,False,9.1,0.00044,1792
CVE-2024-11016,CVE-2024-11016-1,2024-11-11,Mastodon,9.8,critical,0.00091,enriched,NETWORK,LOW,NONE,NONE,UNCHANGED,HIGH,HIGH,HIGH,1,1,Mastodon,2024-11-11,2024-11-11,1,False,False,9.8,0.00091,722
CVE-2024-11017,CVE-2024-11017-1,2024-11-11,Mastodon,8.8,high,0.0005,enriched,NETWORK,LOW,LOW,NONE,UNCHANGED,HIGH,HIGH,HIGH,1,1,Mastodon,2024-11-11,2024-11-11,1,False,False,8.8,0.0005,723
CVE-2024-11020,CVE-2024-11020-1,2024-11-11,Mastodon,9.8,critical,0.00091,enriched,NETWORK,LOW,NONE,NONE,UNCHANGED,HIGH,HIGH,HIGH,1,1,Mastodon,2024-11-11,2024-11-11,1,False,False,9.8,0.00091,725
CVE-2024-51882,CVE-2024-51882-1,2024-11-11,Mastodon,8.5,high,0.00043,enriched,NETWORK,LOW,LOW,NONE,CHANGED,HIGH,NONE,LOW,1,1,Mastodon,2024-11-11,2024-11-11,1,False,False,8.5,0.00043,1808
CVE-2024-51845,CVE-2024-51845-1,2024-11-11,Mastodon,8.5,high,0.00043,enriched,NETWORK,LOW,LOW,NONE,CHANGED,HIGH,NONE,LOW,1,1,Mastodon,2024-11-11,2024-11-11,1,False,False,8.5,0.00043,1807
CVE-2024-51843,CVE-2024-51843-1,2024-11-11,Mastodon,8.5,high,0.00043,enriched,NETWORK,LOW,LOW,NONE,CHANGED,HIGH,NONE,LOW,1,1,Mastodon,2024-11-11,2024-11-11,1,False,False,8.5,0.00043,1806
CVE-2024-51837,CVE-2024-51837-1,2024-11-11,Mastodon,8.5,high,0.00043,enriched,NETWORK,LOW,LOW,NONE,CHANGED,HIGH,NONE,LOW,1,1,Mastodon,2024-11-11,2024-11-11,1,False,False,8.5,0.00043,1805
CVE-2024-51820,CVE-2024-51820-1,2024-11-11,Mastodon,8.5,high,0.00043,enriched,NETWORK,LOW,LOW,NONE,CHANGED,HIGH,NONE,LOW,1,1,Mastodon,2024-11-11,2024-11-11,1,False,False,8.5,0.00043,1804
CVE-2024-51793,CVE-2024-51793-1,2024-11-11,Mastodon,10.0,critical,0.00043,enriched,NETWORK,LOW,NONE,NONE,CHANGED,HIGH,HIGH,HIGH,1,1,Mastodon,2024-11-11,2024-11-11,2,False,False,10.0,0.00043,1800
CVE-2024-51792,CVE-2024-51792-1,2024-11-11,Mastodon,10.0,critical,0.00043,enriched,NETWORK,LOW,NONE,NONE,CHANGED,HIGH,HIGH,HIGH,1,1,Mastodon,2024-11-11,2024-11-11,1,False,False,10.0,0.00043,1799
CVE-2024-11018,CVE-2024-11018-1,2024-11-11,Mastodon,9.8,critical,0.00091,enriched,NETWORK,LOW,NONE,NONE,UNCHANGED,HIGH,HIGH,HIGH,1,1,Mastodon,2024-11-11,2024-11-11,1,False,False,9.8,0.00091,724
CVE-2024-51791,CVE-2024-51791-1,2024-11-11,Mastodon,10.0,critical,0.00043,enriched,NETWORK,LOW,NONE,NONE,CHANGED,HIGH,HIGH,HIGH,1,1,Mastodon,2024-11-11,2024-11-11,1,False,False,10.0,0.00043,1798
CVE-2024-51788,CVE-2024-51788-1,2024-11-11,Mastodon,10.0,critical,0.00043,enriched,NETWORK,LOW,NONE,NONE,CHANGED,HIGH,HIGH,HIGH,1,1,Mastodon,2024-11-11,2024-11-11,1,False,False,10.0,0.00043,1795
CVE-2024-11061,CVE-2024-11061-1,2024-11-11,Mastodon,8.8,high,0.00045,original,NETWORK,LOW,LOW,NONE,UNCHANGED,HIGH,HIGH,HIGH,1,1,Mastodon,2024-11-11,2024-11-11,1,False,False,8.8,0.00045,731
CVE-2024-51789,CVE-2024-51789-1,2024-11-11,Mastodon,10.0,critical,0.00043,enriched,NETWORK,LOW,NONE,NONE,CHANGED,HIGH,HIGH,HIGH,1,1,Mastodon,2024-11-11,2024-11-11,1,False,False,10.0,0.00043,1796
CVE-2024-51748,CVE-2024-51748-1,2024-11-11,Mastodon,9.1,critical,0.00044,enriched,NETWORK,LOW,HIGH,NONE,CHANGED,HIGH,HIGH,HIGH,1,1,Mastodon,2024-11-11,2024-11-11,1,True,False,9.1,0.00044,1793
CVE-2024-51790,CVE-2024-51790-1,2024-11-11,Mastodon,10.0,critical,0.00043,enriched,NETWORK,LOW,NONE,NONE,CHANGED,HIGH,HIGH,HIGH,1,1,Mastodon,2024-11-11,2024-11-11,1,False,False,10.0,0.00043,1797
CVE-2024-44102,CVE-2024-44102-1,2024-11-12,Mastodon,10.0,critical,0.00071,enriched,NETWORK,LOW,NONE,NONE,CHANGED,HIGH,HIGH,HIGH,1,1,Mastodon,2024-11-12,2024-11-12,1,False,False,10.0,0.00071,1475
CVE-2024-11006,CVE-2024-11006-1,2024-11-12,Mastodon,9.1,critical,0.00043,enriched,NETWORK,LOW,HIGH,NONE,CHANGED,HIGH,HIGH,HIGH,1,1,Mastodon,2024-11-12,2024-11-12,1,False,False,9.1,0.00043,719
CVE-2024-49018,CVE-2024-49018-1,2024-11-12,Mastodon,8.8,high,0.00091,enriched,NETWORK,LOW,NONE,REQUIRED,UNCHANGED,HIGH,HIGH,HIGH,1,1,Mastodon,2024-11-12,2024-11-12,1,False,False,8.8,0.00091,1656
CVE-2024-47590,CVE-2024-47590-1,2024-11-12,Mastodon,8.8,high,0.00043,original,NETWORK,LOW,NONE,REQUIRED,UNCHANGED,HIGH,HIGH,HIGH,1,1,Mastodon,2024-11-12,2024-11-12,1,False,False,8.8,0.00043,1582
CVE-2024-11005,CVE-2024-11005-1,2024-11-12,Mastodon,9.1,critical,0.00043,enriched,NETWORK,LOW,HIGH,NONE,CHANGED,HIGH,HIGH,HIGH,1,1,Mastodon,2024-11-12,2024-11-12,1,False,False,9.1,0.00043,718
CVE-2024-11004,CVE-2024-11004-1,2024-11-12,Mastodon,6.1,medium,0.00043,enriched,NETWORK,LOW,NONE,REQUIRED,CHANGED,LOW,LOW,NONE,1,1,Mastodon,2024-11-12,2024-11-12,1,False,False,6.1,0.00043,717
CVE-2024-46966,CVE-2024-46966-1,2024-11-12,Mastodon,8.1,high,0.00043,original,NETWORK,LOW,NONE,REQUIRED,UNCHANGED,HIGH,HIGH,NONE,1,1,Mastodon,2024-11-12,2024-11-12,1,True,True,8.1,0.00043,1557
CVE-2024-52533,CVE-2024-52533-1,2024-11-12,Mastodon,9.8,critical,0.00045,original,NETWORK,LOW,NONE,NONE,UNCHANGED,HIGH,HIGH,HIGH,1,1,Mastodon,2024-11-12,2024-11-12,1,False,False,9.8,0.00045,1885
CVE-2024-50386,CVE-2024-50386-1,2024-11-12,Mastodon,8.5,high,0.00045,enriched,NETWORK,HIGH,LOW,NONE,CHANGED,HIGH,HIGH,HIGH,1,1,Mastodon,2024-11-12,2024-11-12,1,False,False,8.5,0.00045,1731
CVE-2024-46964,CVE-2024-46964-1,2024-11-12,Mastodon,8.1,high,0.00043,original,NETWORK,LOW,NONE,REQUIRED,UNCHANGED,HIGH,HIGH,NONE,1,1,Mastodon,2024-11-12,2024-11-12,1,True,True,8.1,0.00043,1556
CVE-2024-50330,CVE-2024-50330-1,2024-11-12,Mastodon,9.8,critical,0.00043,enriched,NETWORK,LOW,NONE,NONE,UNCHANGED,HIGH,HIGH,HIGH,1,1,Mastodon,2024-11-12,2024-11-12,1,False,False,9.8,0.00043,1728
CVE-2024-50329,CVE-2024-50329-1,2024-11-12,Mastodon,8.8,high,0.00044,enriched,NETWORK,LOW,NONE,REQUIRED,UNCHANGED,HIGH,HIGH,HIGH,1,1,Mastodon,2024-11-12,2024-11-12,1,False,False,8.8,0.00044,1727
CVE-2024-46963,CVE-2024-46963-1,2024-11-12,Mastodon,8.1,high,0.00043,original,NETWORK,LOW,NONE,REQUIRED,UNCHANGED,HIGH,HIGH,NONE,1,1,Mastodon,2024-11-12,2024-11-12,1,True,True,8.1,0.00043,1555
CVE-2024-46962,CVE-2024-46962-1,2024-11-12,Mastodon,9.1,critical,0.00043,original,NETWORK,LOW,NONE,NONE,UNCHANGED,HIGH,HIGH,NONE,1,1,Mastodon,2024-11-12,2024-11-12,1,True,True,9.1,0.00043,1554
CVE-2024-11007,CVE-2024-11007-1,2024-11-12,Mastodon,9.1,critical,0.00043,enriched,NETWORK,LOW,HIGH,NONE,CHANGED,HIGH,HIGH,HIGH,1,1,Mastodon,2024-11-12,2024-11-12,1,False,False,9.1,0.00043,720
CVE-2024-10943,CVE-2024-10943-1,2024-11-12,Mastodon,9.1,critical,0.00043,enriched,NETWORK,LOW,NONE,NONE,UNCHANGED,HIGH,HIGH,NONE,1,1,Mastodon,2024-11-12,2024-11-12,1,False,False,9.1,0.00043,711
CVE-2024-46890,CVE-2024-46890-1,2024-11-12,Mastodon,9.1,critical,0.00052,enriched,NETWORK,LOW,HIGH,NONE,CHANGED,HIGH,HIGH,HIGH,1,1,Mastodon,2024-11-12,2024-11-12,1,False,False,9.1,0.00052,1547
CVE-2024-46888,CVE-2024-46888-1,2024-11-12,Mastodon,9.9,critical,0.00049,enriched,NETWORK,LOW,LOW,NONE,CHANGED,HIGH,HIGH,HIGH,1,1,Mastodon,2024-11-12,2024-11-12,1,False,False,9.9,0.00049,1546
CVE-2024-10245,CVE-2024-10245-1,2024-11-12,Mastodon,9.8,critical,0.00091,enriched,NETWORK,LOW,NONE,NONE,UNCHANGED,HIGH,HIGH,HIGH,1,1,Mastodon,2024-11-12,2024-11-12,1,False,False,9.8,0.00091,668
CVE-2024-45827,CVE-2024-45827-1,2024-11-12,Mastodon,8.0,high,0.00043,enriched,ADJACENT_NETWORK,LOW,LOW,NONE,UNCHANGED,HIGH,HIGH,HIGH,1,1,Mastodon,2024-11-12,2024-11-12,1,False,False,8.0,0.00043,1522
CVE-2024-11114,CVE-2024-11114-1,2024-11-12,Mastodon,8.3,high,0.00043,enriched,NETWORK,HIGH,NONE,REQUIRED,CHANGED,HIGH,HIGH,HIGH,1,1,Mastodon,2024-11-12,2024-11-12,1,False,False,8.3,0.00043,737
CVE-2024-9420,CVE-2024-9420-1,2024-11-12,Mastodon,8.8,high,0.00043,enriched,NETWORK,LOW,LOW,NONE,UNCHANGED,HIGH,HIGH,HIGH,1,1,Mastodon,2024-11-12,2024-11-12,1,False,False,8.8,0.00043,2380
CVE-2024-43415,CVE-2024-43415-1,2024-11-12,Mastodon,9.0,critical,0.00045,enriched,NETWORK,LOW,HIGH,NONE,CHANGED,HIGH,HIGH,LOW,1,1,Mastodon,2024-11-12,2024-11-12,1,True,True,9.0,0.00045,1444
CVE-2024-11113,CVE-2024-11113-1,2024-11-12,Mastodon,8.8,high,0.00043,enriched,NETWORK,LOW,NONE,REQUIRED,UNCHANGED,HIGH,HIGH,HIGH,1,1,Mastodon,2024-11-12,2024-11-12,1,False,False,8.8,0.00043,736
CVE-2024-49013,CVE-2024-49013-1,2024-11-12,Mastodon,8.8,high,0.00091,enriched,NETWORK,LOW,NONE,REQUIRED,UNCHANGED,HIGH,HIGH,HIGH,1,1,Mastodon,2024-11-12,2024-11-12,1,False,False,8.8,0.00091,1651
CVE-2024-10944,CVE-2024-10944-1,2024-11-12,Mastodon,8.4,high,0.00043,enriched,NETWORK,LOW,HIGH,REQUIRED,CHANGED,HIGH,HIGH,HIGH,1,1,Mastodon,2024-11-12,2024-11-12,1,False,False,8.4,0.00043,712
CVE-2024-47808,CVE-2024-47808-1,2024-11-12,Mastodon,8.4,high,0.00043,enriched,LOCAL,LOW,LOW,NONE,CHANGED,NONE,HIGH,HIGH,1,1,Mastodon,2024-11-12,2024-11-12,1,False,False,8.4,0.00043,1586
CVE-2024-49014,CVE-2024-49014-1,2024-11-12,Mastodon,8.8,high,0.00091,enriched,NETWORK,LOW,NONE,REQUIRED,UNCHANGED,HIGH,HIGH,HIGH,1,1,Mastodon,2024-11-12,2024-11-12,1,False,False,8.8,0.00091,1652
CVE-2024-49017,CVE-2024-49017-1,2024-11-12,Mastodon,8.8,high,0.00091,enriched,NETWORK,LOW,NONE,REQUIRED,UNCHANGED,HIGH,HIGH,HIGH,1,1,Mastodon,2024-11-12,2024-11-12,1,False,False,8.8,0.00091,1655
CVE-2024-49012,CVE-2024-49012-1,2024-11-12,Mastodon,8.8,high,0.00091,enriched,NETWORK,LOW,NONE,REQUIRED,UNCHANGED,HIGH,HIGH,HIGH,1,1,Mastodon,2024-11-12,2024-11-12,1,False,False,8.8,0.00091,1650
CVE-2024-49011,CVE-2024-49011-1,2024-11-12,Mastodon,8.8,high,0.00091,enriched,NETWORK,LOW,NONE,REQUIRED,UNCHANGED,HIGH,HIGH,HIGH,1,1,Mastodon,2024-11-12,2024-11-12,1,False,False,8.8,0.00091,1649
CVE-2024-49016,CVE-2024-49016-1,2024-11-12,Mastodon,8.8,high,0.00091,enriched,NETWORK,LOW,NONE,REQUIRED,UNCHANGED,HIGH,HIGH,HIGH,1,1,Mastodon,2024-11-12,2024-11-12,1,False,False,8.8,0.00091,1654
CVE-2024-49015,CVE-2024-49015-1,2024-11-12,Mastodon,8.8,high,0.00091,enriched,NETWORK,LOW,NONE,REQUIRED,UNCHANGED,HIGH,HIGH,HIGH,1,1,Mastodon,2024-11-12,2024-11-12,1,False,False,8.8,0.00091,1653
CVE-2024-52297,CVE-2024-52297-1,2024-11-12,Mastodon,9.8,critical,0.00045,enriched,NETWORK,LOW,NONE,NONE,UNCHANGED,HIGH,HIGH,HIGH,1,1,Mastodon,2024-11-12,2024-11-12,1,True,True,9.8,0.00045,1817
CVE-2024-2208,CVE-2024-2208-1,2024-11-12,Mastodon,8.8,high,0.00043,enriched,LOCAL,LOW,LOW,NONE,CHANGED,HIGH,HIGH,HIGH,1,1,Mastodon,2024-11-12,2024-11-12,1,False,False,8.8,0.00043,1098
CVE-2024-49009,CVE-2024-49009-1,2024-11-12,Mastodon,8.8,high,0.00091,enriched,NETWORK,LOW,NONE,REQUIRED,UNCHANGED,HIGH,HIGH,HIGH,1,1,Mastodon,2024-11-12,2024-11-12,1,False,False,8.8,0.00091,1647
CVE-2024-49008,CVE-2024-49008-1,2024-11-12,Mastodon,8.8,high,0.00091,enriched,NETWORK,LOW,NONE,REQUIRED,UNCHANGED,HIGH,HIGH,HIGH,1,1,Mastodon,2024-11-12,2024-11-12,1,False,False,8.8,0.00091,1646
CVE-2024-49007,CVE-2024-49007-1,2024-11-12,Mastodon,8.8,high,0.00091,enriched,NETWORK,LOW,NONE,REQUIRED,UNCHANGED,HIGH,HIGH,HIGH,1,1,Mastodon,2024-11-12,2024-11-12,1,False,False,8.8,0.00091,1645
CVE-2024-49006,CVE-2024-49006-1,2024-11-12,Mastodon,8.8,high,0.00091,enriched,NETWORK,LOW,NONE,REQUIRED,UNCHANGED,HIGH,HIGH,HIGH,1,1,Mastodon,2024-11-12,2024-11-12,1,False,False,8.8,0.00091,1644
CVE-2024-49039,CVE-2024-49039-1,2024-11-12,Mastodon,8.8,high,0.00185,enriched,LOCAL,LOW,LOW,NONE,CHANGED,HIGH,HIGH,HIGH,5,3,"BleepingComputer, HackerNews, Mastodon",2024-11-12,2025-05-01,5,True,False,8.8,0.37704,1657
CVE-2024-49010,CVE-2024-49010-1,2024-11-12,Mastodon,8.8,high,0.00091,enriched,NETWORK,LOW,NONE,REQUIRED,UNCHANGED,HIGH,HIGH,HIGH,1,1,Mastodon,2024-11-12,2024-11-12,1,False,False,8.8,0.00091,1648
CVE-2024-49004,CVE-2024-49004-1,2024-11-12,Mastodon,8.8,high,0.00091,enriched,NETWORK,LOW,NONE,REQUIRED,UNCHANGED,HIGH,HIGH,HIGH,1,1,Mastodon,2024-11-12,2024-11-12,1,False,False,8.8,0.00091,1642
CVE-2024-49369,CVE-2024-49369-1,2024-11-12,Mastodon,9.8,critical,0.00044,enriched,NETWORK,LOW,NONE,NONE,UNCHANGED,HIGH,HIGH,HIGH,1,1,Mastodon,2024-11-12,2024-11-12,1,True,True,9.8,0.00044,1694
CVE-2024-48997,CVE-2024-48997-1,2024-11-12,Mastodon,8.8,high,0.00091,enriched,NETWORK,LOW,NONE,REQUIRED,UNCHANGED,HIGH,HIGH,HIGH,1,1,Mastodon,2024-11-12,2024-11-12,1,False,False,8.8,0.00091,1635
CVE-2024-49005,CVE-2024-49005-1,2024-11-12,Mastodon,8.8,high,0.00091,enriched,NETWORK,LOW,NONE,REQUIRED,UNCHANGED,HIGH,HIGH,HIGH,1,1,Mastodon,2024-11-12,2024-11-12,1,False,False,8.8,0.00091,1643
CVE-2024-48999,CVE-2024-48999-1,2024-11-12,Mastodon,8.8,high,0.00091,enriched,NETWORK,LOW,NONE,REQUIRED,UNCHANGED,HIGH,HIGH,HIGH,1,1,Mastodon,2024-11-12,2024-11-12,1,False,False,8.8,0.00091,1637
CVE-2024-49000,CVE-2024-49000-1,2024-11-12,Mastodon,8.8,high,0.00091,enriched,NETWORK,LOW,NONE,REQUIRED,UNCHANGED,HIGH,HIGH,HIGH,1,1,Mastodon,2024-11-12,2024-11-12,1,False,False,8.8,0.00091,1638
CVE-2024-48998,CVE-2024-48998-1,2024-11-12,Mastodon,8.8,high,0.00091,enriched,NETWORK,LOW,NONE,REQUIRED,UNCHANGED,HIGH,HIGH,HIGH,1,1,Mastodon,2024-11-12,2024-11-12,1,False,False,8.8,0.00091,1636
CVE-2024-36513,CVE-2024-36513-1,2024-11-12,Mastodon,8.2,high,0.00043,enriched,LOCAL,LOW,LOW,REQUIRED,CHANGED,HIGH,HIGH,HIGH,1,1,Mastodon,2024-11-12,2024-11-12,1,False,False,8.2,0.00043,1261
CVE-2024-49050,CVE-2024-49050-1,2024-11-12,Mastodon,8.8,high,0.00091,enriched,NETWORK,LOW,NONE,REQUIRED,UNCHANGED,HIGH,HIGH,HIGH,4,3,"HackerNews, Mastodon, Reddit",2024-11-12,2025-05-15,4,True,False,8.8,0.02167,1659
CVE-2024-49002,CVE-2024-49002-1,2024-11-12,Mastodon,8.8,high,0.00091,enriched,NETWORK,LOW,NONE,REQUIRED,UNCHANGED,HIGH,HIGH,HIGH,1,1,Mastodon,2024-11-12,2024-11-12,1,False,False,8.8,0.00091,1640
CVE-2024-49048,CVE-2024-49048-1,2024-11-12,Mastodon,8.1,high,0.00066,enriched,NETWORK,HIGH,NONE,NONE,UNCHANGED,HIGH,HIGH,HIGH,1,1,Mastodon,2024-11-12,2024-11-12,1,False,False,8.1,0.00066,1658
CVE-2024-49003,CVE-2024-49003-1,2024-11-12,Mastodon,8.8,high,0.00091,enriched,NETWORK,LOW,NONE,REQUIRED,UNCHANGED,HIGH,HIGH,HIGH,1,1,Mastodon,2024-11-12,2024-11-12,1,False,False,8.8,0.00091,1641
CVE-2024-49001,CVE-2024-49001-1,2024-11-12,Mastodon,8.8,high,0.00091,enriched,NETWORK,LOW,NONE,REQUIRED,UNCHANGED,HIGH,HIGH,HIGH,1,1,Mastodon,2024-11-12,2024-11-12,1,False,False,8.8,0.00091,1639
CVE-2024-36482,CVE-2024-36482-1,2024-11-13,Mastodon,8.2,high,0.00043,enriched,LOCAL,LOW,HIGH,NONE,CHANGED,HIGH,HIGH,HIGH,1,1,Mastodon,2024-11-13,2024-11-13,1,False,False,8.2,0.00043,1260
CVE-2024-36282,CVE-2024-36282-1,2024-11-13,Mastodon,8.2,high,0.00043,enriched,LOCAL,LOW,HIGH,NONE,CHANGED,HIGH,HIGH,HIGH,1,1,Mastodon,2024-11-13,2024-11-13,1,False,False,8.2,0.00043,1256
CVE-2024-36242,CVE-2024-36242-1,2024-11-13,Mastodon,8.8,high,0.00043,enriched,LOCAL,LOW,LOW,NONE,CHANGED,HIGH,HIGH,HIGH,1,1,Mastodon,2024-11-13,2024-11-13,1,False,False,8.8,0.00043,1255
CVE-2024-11028,CVE-2024-11028-1,2024-11-13,Mastodon,9.8,critical,0.00063,enriched,NETWORK,LOW,NONE,NONE,UNCHANGED,HIGH,HIGH,HIGH,1,1,Mastodon,2024-11-13,2024-11-13,1,False,False,9.8,0.00063,726
CVE-2024-10629,CVE-2024-10629-1,2024-11-13,Mastodon,8.8,high,0.0005,original,NETWORK,LOW,LOW,NONE,UNCHANGED,HIGH,HIGH,HIGH,1,1,Mastodon,2024-11-13,2024-11-13,1,False,False,8.8,0.0005,688
CVE-2024-10800,CVE-2024-10800-1,2024-11-13,Mastodon,8.8,high,0.0005,original,NETWORK,LOW,LOW,NONE,UNCHANGED,HIGH,HIGH,HIGH,1,1,Mastodon,2024-11-13,2024-11-13,1,False,False,8.8,0.0005,698
CVE-2024-10820,CVE-2024-10820-1,2024-11-13,Mastodon,9.8,critical,0.00043,original,NETWORK,LOW,NONE,NONE,UNCHANGED,HIGH,HIGH,HIGH,1,1,Mastodon,2024-11-13,2024-11-13,1,False,False,9.8,0.00043,700
CVE-2024-10828,CVE-2024-10828-1,2024-11-13,Mastodon,8.1,high,0.00063,original,NETWORK,HIGH,NONE,NONE,UNCHANGED,HIGH,HIGH,HIGH,1,1,Mastodon,2024-11-13,2024-11-13,1,False,False,8.1,0.00063,701
CVE-2024-32483,CVE-2024-32483-1,2024-11-13,Mastodon,8.2,high,0.00043,enriched,LOCAL,LOW,LOW,REQUIRED,CHANGED,HIGH,HIGH,HIGH,1,1,Mastodon,2024-11-13,2024-11-13,1,False,False,8.2,0.00043,1213
CVE-2024-34023,CVE-2024-34023-1,2024-11-13,Mastodon,8.4,high,0.00043,enriched,LOCAL,LOW,LOW,NONE,CHANGED,NONE,HIGH,HIGH,1,1,Mastodon,2024-11-13,2024-11-13,1,False,False,8.4,0.00043,1228
CVE-2024-10575,CVE-2024-10575-1,2024-11-13,Mastodon,9.8,critical,0.00043,original,NETWORK,LOW,NONE,NONE,UNCHANGED,HIGH,HIGH,HIGH,1,1,Mastodon,2024-11-13,2024-11-13,1,False,False,9.8,0.00043,683
CVE-2024-8069,CVE-2024-8069-1,2024-11-13,Mastodon,8.8,high,0.00043,original,NETWORK,LOW,LOW,NONE,UNCHANGED,HIGH,HIGH,HIGH,1,1,Mastodon,2024-11-13,2024-11-13,1,False,False,8.8,0.00043,2320
CVE-2024-38655,CVE-2024-38655-1,2024-11-13,Mastodon,9.1,critical,0.00043,original,NETWORK,LOW,HIGH,NONE,CHANGED,HIGH,HIGH,HIGH,1,1,Mastodon,2024-11-13,2024-11-13,1,False,False,9.1,0.00043,1301
CVE-2022-45157,CVE-2022-45157-1,2024-11-13,Mastodon,9.1,critical,0.00043,enriched,NETWORK,LOW,LOW,NONE,CHANGED,HIGH,LOW,LOW,1,1,Mastodon,2024-11-13,2024-11-13,1,True,False,9.1,0.00043,290
CVE-2024-52291,CVE-2024-52291-1,2024-11-13,Mastodon,8.4,high,0.00044,enriched,NETWORK,LOW,HIGH,REQUIRED,CHANGED,HIGH,HIGH,HIGH,1,1,Mastodon,2024-11-13,2024-11-13,1,True,False,8.4,0.00044,1816
CVE-2024-52300,CVE-2024-52300-1,2024-11-13,Mastodon,9.0,critical,0.00043,enriched,NETWORK,LOW,LOW,REQUIRED,CHANGED,HIGH,HIGH,HIGH,1,1,Mastodon,2024-11-13,2024-11-13,1,True,False,9.0,0.00043,1818
CVE-2024-28726,CVE-2024-28726-1,2024-11-13,Mastodon,8.0,high,0.00043,original,ADJACENT_NETWORK,LOW,LOW,NONE,UNCHANGED,HIGH,HIGH,HIGH,1,1,Mastodon,2024-11-13,2024-11-13,1,True,True,8.0,0.00043,1178
CVE-2024-11150,CVE-2024-11150-1,2024-11-13,Mastodon,9.8,critical,0.00091,original,NETWORK,LOW,NONE,NONE,UNCHANGED,HIGH,HIGH,HIGH,1,1,Mastodon,2024-11-13,2024-11-13,1,False,False,9.8,0.00091,741
CVE-2024-52553,CVE-2024-52553-1,2024-11-13,Mastodon,8.8,high,0.00043,enriched,NETWORK,LOW,NONE,REQUIRED,UNCHANGED,HIGH,HIGH,HIGH,1,1,Mastodon,2024-11-13,2024-11-13,1,False,False,8.8,0.00043,1890
CVE-2024-11115,CVE-2024-11115-1,2024-11-13,Mastodon,8.8,high,0.00043,original,NETWORK,LOW,NONE,REQUIRED,UNCHANGED,HIGH,HIGH,HIGH,1,1,Mastodon,2024-11-13,2024-11-13,1,False,False,8.8,0.00043,738
CVE-2024-39712,CVE-2024-39712-1,2024-11-13,Mastodon,9.1,critical,0.00043,original,NETWORK,LOW,HIGH,NONE,CHANGED,HIGH,HIGH,HIGH,1,1,Mastodon,2024-11-13,2024-11-13,1,False,False,9.1,0.00043,1322
CVE-2024-39711,CVE-2024-39711-1,2024-11-13,Mastodon,9.1,critical,0.00043,original,NETWORK,LOW,HIGH,NONE,CHANGED,HIGH,HIGH,HIGH,1,1,Mastodon,2024-11-13,2024-11-13,1,False,False,9.1,0.00043,1321
CVE-2024-52554,CVE-2024-52554-1,2024-11-13,Mastodon,8.8,high,0.00043,enriched,NETWORK,LOW,LOW,NONE,UNCHANGED,HIGH,HIGH,HIGH,1,1,Mastodon,2024-11-13,2024-11-13,1,False,False,8.8,0.00043,1891
CVE-2024-39710,CVE-2024-39710-1,2024-11-13,Mastodon,9.1,critical,0.00043,original,NETWORK,LOW,HIGH,NONE,CHANGED,HIGH,HIGH,HIGH,1,1,Mastodon,2024-11-13,2024-11-13,1,False,False,9.1,0.00043,1320
CVE-2024-38656,CVE-2024-38656-1,2024-11-13,Mastodon,9.1,critical,0.00043,original,NETWORK,LOW,HIGH,NONE,CHANGED,HIGH,HIGH,HIGH,1,1,Mastodon,2024-11-13,2024-11-13,1,False,False,9.1,0.00043,1302
CVE-2024-38665,CVE-2024-38665-1,2024-11-13,Mastodon,8.4,high,0.00043,enriched,LOCAL,LOW,LOW,NONE,CHANGED,NONE,HIGH,HIGH,1,1,Mastodon,2024-11-13,2024-11-13,1,False,False,8.4,0.00043,1304
CVE-2024-23918,CVE-2024-23918-1,2024-11-13,Mastodon,8.8,high,0.00043,enriched,LOCAL,LOW,LOW,NONE,CHANGED,HIGH,HIGH,HIGH,1,1,Mastodon,2024-11-13,2024-11-13,1,False,False,8.8,0.00043,1113
CVE-2024-8938,CVE-2024-8938-1,2024-11-13,Mastodon,8.1,high,0.00043,original,NETWORK,HIGH,NONE,NONE,UNCHANGED,HIGH,HIGH,HIGH,1,1,Mastodon,2024-11-13,2024-11-13,1,False,False,8.1,0.00043,2345
CVE-2024-39368,CVE-2024-39368-1,2024-11-13,Mastodon,8.0,high,0.00043,enriched,ADJACENT_NETWORK,LOW,LOW,NONE,UNCHANGED,HIGH,HIGH,HIGH,1,1,Mastodon,2024-11-13,2024-11-13,1,False,False,8.0,0.00043,1316
CVE-2024-48974,CVE-2024-48974-1,2024-11-14,Mastodon,9.3,critical,0.00043,enriched,LOCAL,LOW,NONE,NONE,CHANGED,HIGH,HIGH,HIGH,1,1,Mastodon,2024-11-14,2024-11-14,1,False,False,9.3,0.00043,1632
CVE-2024-48973,CVE-2024-48973-1,2024-11-14,Mastodon,9.3,critical,0.00043,enriched,LOCAL,LOW,NONE,NONE,CHANGED,HIGH,HIGH,HIGH,1,1,Mastodon,2024-11-14,2024-11-14,1,False,False,9.3,0.00043,1631
CVE-2024-48971,CVE-2024-48971-1,2024-11-14,Mastodon,9.3,critical,0.00043,enriched,LOCAL,LOW,NONE,NONE,CHANGED,HIGH,HIGH,HIGH,1,1,Mastodon,2024-11-14,2024-11-14,1,False,False,9.3,0.00043,1630
CVE-2024-48970,CVE-2024-48970-1,2024-11-14,Mastodon,9.3,critical,0.00043,enriched,LOCAL,LOW,NONE,NONE,CHANGED,HIGH,HIGH,HIGH,1,1,Mastodon,2024-11-14,2024-11-14,1,False,False,9.3,0.00043,1629
CVE-2024-48967,CVE-2024-48967-1,2024-11-14,Mastodon,10.0,critical,0.00043,enriched,NETWORK,LOW,NONE,NONE,CHANGED,HIGH,HIGH,HIGH,1,1,Mastodon,2024-11-14,2024-11-14,1,False,False,10.0,0.00043,1628
CVE-2024-3502,CVE-2024-3502-1,2024-11-14,Mastodon,8.1,high,0.00043,enriched,NETWORK,LOW,LOW,NONE,UNCHANGED,HIGH,HIGH,NONE,1,1,Mastodon,2024-11-14,2024-11-14,1,True,True,8.1,0.00043,1236
CVE-2024-3379,CVE-2024-3379-1,2024-11-14,Mastodon,8.1,high,0.00043,enriched,NETWORK,LOW,LOW,NONE,UNCHANGED,HIGH,HIGH,NONE,1,1,Mastodon,2024-11-14,2024-11-14,1,True,True,8.1,0.00043,1224
CVE-2024-10979,CVE-2024-10979-1,2024-11-14,Mastodon,8.8,high,0.00043,enriched,NETWORK,LOW,LOW,NONE,UNCHANGED,HIGH,HIGH,HIGH,1,1,Mastodon,2024-11-14,2024-11-14,1,True,True,8.8,0.00043,716
CVE-2024-10962,CVE-2024-10962-1,2024-11-14,Mastodon,8.8,high,0.00063,enriched,NETWORK,LOW,NONE,REQUIRED,UNCHANGED,HIGH,HIGH,HIGH,1,1,Mastodon,2024-11-14,2024-11-14,1,False,False,8.8,0.00063,715
CVE-2024-3501,CVE-2024-3501-1,2024-11-14,Mastodon,8.1,high,0.00043,enriched,NETWORK,LOW,LOW,NONE,UNCHANGED,HIGH,HIGH,NONE,1,1,Mastodon,2024-11-14,2024-11-14,1,True,True,8.1,0.00043,1235
CVE-2024-37285,CVE-2024-37285-1,2024-11-14,Mastodon,9.1,critical,0.00043,enriched,NETWORK,LOW,HIGH,NONE,CHANGED,HIGH,HIGH,HIGH,1,1,Mastodon,2024-11-14,2024-11-14,2,False,False,9.1,0.00043,1270
CVE-2024-4343,CVE-2024-4343-1,2024-11-14,Mastodon,9.8,critical,0.00043,enriched,NETWORK,LOW,NONE,NONE,UNCHANGED,HIGH,HIGH,HIGH,1,1,Mastodon,2024-11-14,2024-11-14,1,True,True,9.8,0.00043,1446
CVE-2024-43091,CVE-2024-43091-1,2024-11-14,Mastodon,9.8,critical,0.00043,original,NETWORK,LOW,NONE,NONE,UNCHANGED,HIGH,HIGH,HIGH,1,1,Mastodon,2024-11-14,2024-11-14,1,False,False,9.8,0.00043,1434
CVE-2024-10571,CVE-2024-10571-1,2024-11-14,Mastodon,9.8,critical,0.00091,enriched,NETWORK,LOW,NONE,NONE,UNCHANGED,HIGH,HIGH,HIGH,1,1,Mastodon,2024-11-14,2024-11-14,1,False,False,9.8,0.00091,682
CVE-2024-48966,CVE-2024-48966-1,2024-11-14,Mastodon,10.0,critical,0.00043,enriched,NETWORK,LOW,NONE,NONE,CHANGED,HIGH,HIGH,HIGH,1,1,Mastodon,2024-11-14,2024-11-14,1,False,False,10.0,0.00043,1627
CVE-2024-48510,CVE-2024-48510-1,2024-11-14,Mastodon,9.8,critical,0.00045,original,NETWORK,LOW,NONE,NONE,UNCHANGED,HIGH,HIGH,HIGH,1,1,Mastodon,2024-11-14,2024-11-14,1,True,True,9.8,0.00045,1601
CVE-2024-52369,CVE-2024-52369-1,2024-11-14,Mastodon,9.9,critical,0.00043,enriched,NETWORK,LOW,LOW,NONE,CHANGED,HIGH,HIGH,HIGH,1,1,Mastodon,2024-11-14,2024-11-14,1,False,False,9.9,0.00043,1827
CVE-2024-52551,CVE-2024-52551-1,2024-11-14,Mastodon,8.0,high,0.00043,original,NETWORK,LOW,LOW,REQUIRED,UNCHANGED,HIGH,HIGH,HIGH,1,1,Mastodon,2024-11-14,2024-11-14,1,False,False,8.0,0.00043,1888
CVE-2024-50853,CVE-2024-50853-1,2024-11-14,Mastodon,8.8,high,0.00043,original,NETWORK,LOW,LOW,NONE,UNCHANGED,HIGH,HIGH,HIGH,1,1,Mastodon,2024-11-14,2024-11-14,1,True,True,8.8,0.00043,1745
CVE-2024-50854,CVE-2024-50854-1,2024-11-14,Mastodon,8.8,high,0.00043,original,NETWORK,LOW,LOW,NONE,UNCHANGED,HIGH,HIGH,HIGH,1,1,Mastodon,2024-11-14,2024-11-14,1,True,True,8.8,0.00043,1746
CVE-2024-52374,CVE-2024-52374-1,2024-11-14,Mastodon,10.0,critical,0.00043,enriched,NETWORK,LOW,NONE,NONE,CHANGED,HIGH,HIGH,HIGH,1,1,Mastodon,2024-11-14,2024-11-14,1,False,False,10.0,0.00043,1832
CVE-2024-50970,CVE-2024-50970-1,2024-11-14,Mastodon,8.8,high,0.00043,original,NETWORK,LOW,LOW,NONE,UNCHANGED,HIGH,HIGH,HIGH,1,1,Mastodon,2024-11-14,2024-11-14,1,True,False,8.8,0.00043,1754
CVE-2024-52552,CVE-2024-52552-1,2024-11-14,Mastodon,8.0,high,0.00043,original,NETWORK,LOW,LOW,REQUIRED,UNCHANGED,HIGH,HIGH,HIGH,1,1,Mastodon,2024-11-14,2024-11-14,1,False,False,8.0,0.00043,1889
CVE-2024-52393,CVE-2024-52393-1,2024-11-14,Mastodon,9.1,critical,0.00043,enriched,NETWORK,LOW,HIGH,NONE,CHANGED,HIGH,HIGH,HIGH,1,1,Mastodon,2024-11-14,2024-11-14,1,False,False,9.1,0.00043,1841
CVE-2024-52384,CVE-2024-52384-1,2024-11-14,Mastodon,9.9,critical,0.00043,enriched,NETWORK,LOW,LOW,NONE,CHANGED,HIGH,HIGH,HIGH,1,1,Mastodon,2024-11-14,2024-11-14,1,False,False,9.9,0.00043,1840
CVE-2024-52382,CVE-2024-52382-1,2024-11-14,Mastodon,9.8,critical,0.00043,enriched,NETWORK,LOW,NONE,NONE,UNCHANGED,HIGH,HIGH,HIGH,1,1,Mastodon,2024-11-14,2024-11-14,1,False,False,9.8,0.00043,1839
CVE-2024-50852,CVE-2024-50852-1,2024-11-14,Mastodon,8.8,high,0.00043,original,NETWORK,LOW,LOW,NONE,UNCHANGED,HIGH,HIGH,HIGH,1,1,Mastodon,2024-11-14,2024-11-14,1,True,True,8.8,0.00043,1744
CVE-2024-52308,CVE-2024-52308-1,2024-11-14,Mastodon,8.0,high,0.00043,enriched,NETWORK,HIGH,LOW,REQUIRED,CHANGED,HIGH,HIGH,HIGH,1,1,Mastodon,2024-11-14,2024-11-14,1,True,False,8.0,0.00043,1819
CVE-2024-52380,CVE-2024-52380-1,2024-11-14,Mastodon,10.0,critical,0.00043,enriched,NETWORK,LOW,NONE,NONE,CHANGED,HIGH,HIGH,HIGH,1,1,Mastodon,2024-11-14,2024-11-14,1,False,False,10.0,0.00043,1837
CVE-2024-52379,CVE-2024-52379-1,2024-11-14,Mastodon,10.0,critical,0.00043,enriched,NETWORK,LOW,NONE,NONE,CHANGED,HIGH,HIGH,HIGH,1,1,Mastodon,2024-11-14,2024-11-14,1,False,False,10.0,0.00043,1836
CVE-2024-52377,CVE-2024-52377-1,2024-11-14,Mastodon,10.0,critical,0.00043,enriched,NETWORK,LOW,NONE,NONE,CHANGED,HIGH,HIGH,HIGH,1,1,Mastodon,2024-11-14,2024-11-14,1,False,False,10.0,0.00043,1835
CVE-2024-52376,CVE-2024-52376-1,2024-11-14,Mastodon,10.0,critical,0.00043,enriched,NETWORK,LOW,NONE,NONE,CHANGED,HIGH,HIGH,HIGH,1,1,Mastodon,2024-11-14,2024-11-14,1,False,False,10.0,0.00043,1834
CVE-2024-52370,CVE-2024-52370-1,2024-11-14,Mastodon,9.9,critical,0.00043,enriched,NETWORK,LOW,LOW,NONE,CHANGED,HIGH,HIGH,HIGH,1,1,Mastodon,2024-11-14,2024-11-14,1,False,False,9.9,0.00043,1828
CVE-2024-52371,CVE-2024-52371-1,2024-11-14,Mastodon,8.6,high,0.00044,enriched,NETWORK,LOW,NONE,NONE,CHANGED,NONE,NONE,HIGH,1,1,Mastodon,2024-11-14,2024-11-14,1,False,False,8.6,0.00044,1829
CVE-2024-52372,CVE-2024-52372-1,2024-11-14,Mastodon,10.0,critical,0.00043,enriched,NETWORK,LOW,NONE,NONE,CHANGED,HIGH,HIGH,HIGH,1,1,Mastodon,2024-11-14,2024-11-14,1,False,False,10.0,0.00043,1830
CVE-2024-52373,CVE-2024-52373-1,2024-11-14,Mastodon,10.0,critical,0.00043,enriched,NETWORK,LOW,NONE,NONE,CHANGED,HIGH,HIGH,HIGH,1,1,Mastodon,2024-11-14,2024-11-14,1,False,False,10.0,0.00043,1831
CVE-2024-52381,CVE-2024-52381-1,2024-11-14,Mastodon,8.1,high,0.00043,enriched,NETWORK,HIGH,NONE,NONE,UNCHANGED,HIGH,HIGH,HIGH,1,1,Mastodon,2024-11-14,2024-11-14,1,False,False,8.1,0.00043,1838
CVE-2024-50306,CVE-2024-50306-1,2024-11-14,Mastodon,9.1,critical,0.00043,enriched,NETWORK,LOW,NONE,NONE,UNCHANGED,NONE,HIGH,HIGH,1,1,Mastodon,2024-11-14,2024-11-14,1,False,False,9.1,0.00043,1726
CVE-2024-52375,CVE-2024-52375-1,2024-11-14,Mastodon,10.0,critical,0.00043,enriched,NETWORK,LOW,NONE,NONE,CHANGED,HIGH,HIGH,HIGH,1,1,Mastodon,2024-11-14,2024-11-14,1,False,False,10.0,0.00043,1833
CVE-2024-9834,CVE-2024-9834-1,2024-11-14,Mastodon,9.3,critical,0.00043,enriched,LOCAL,LOW,NONE,NONE,CHANGED,HIGH,HIGH,HIGH,1,1,Mastodon,2024-11-14,2024-11-14,1,False,False,9.3,0.00043,2406
CVE-2024-9832,CVE-2024-9832-1,2024-11-14,Mastodon,9.3,critical,0.00043,enriched,LOCAL,LOW,NONE,NONE,CHANGED,HIGH,HIGH,HIGH,1,1,Mastodon,2024-11-14,2024-11-14,1,False,False,9.3,0.00043,2405
CVE-2024-9693,CVE-2024-9693-1,2024-11-14,Mastodon,8.5,high,0.00043,enriched,NETWORK,HIGH,LOW,NONE,CHANGED,HIGH,HIGH,HIGH,1,1,Mastodon,2024-11-14,2024-11-14,1,False,False,8.5,0.00043,2403
CVE-2024-8979,CVE-2024-8979-1,2024-11-15,Mastodon,8.0,high,0.00056,enriched,NETWORK,LOW,LOW,REQUIRED,UNCHANGED,HIGH,HIGH,HIGH,1,1,Mastodon,2024-11-15,2024-11-15,1,False,False,8.0,0.00056,2351
CVE-2024-45971,CVE-2024-45971-1,2024-11-15,Mastodon,9.8,critical,0.00043,enriched,NETWORK,LOW,NONE,NONE,UNCHANGED,HIGH,HIGH,HIGH,1,1,Mastodon,2024-11-15,2024-11-15,1,True,True,9.8,0.00043,1524
CVE-2024-49060,CVE-2024-49060-1,2024-11-15,Mastodon,8.8,high,0.00043,enriched,LOCAL,LOW,LOW,NONE,CHANGED,HIGH,HIGH,HIGH,1,1,Mastodon,2024-11-15,2024-11-15,1,False,False,8.8,0.00043,1660
CVE-2023-0109,CVE-2023-0109-1,2024-11-15,Mastodon,5.4,medium,0.00043,enriched,NETWORK,LOW,LOW,REQUIRED,CHANGED,LOW,LOW,NONE,1,1,Mastodon,2024-11-15,2024-11-15,1,True,True,5.4,0.00043,312
CVE-2022-20649,CVE-2022-20649-1,2024-11-15,Mastodon,8.1,high,0.00063,enriched,NETWORK,HIGH,NONE,NONE,UNCHANGED,HIGH,HIGH,HIGH,1,1,Mastodon,2024-11-15,2024-11-15,1,False,False,8.1,0.00063,206
CVE-2024-52508,CVE-2024-52508-1,2024-11-15,Mastodon,8.2,high,0.00045,enriched,NETWORK,HIGH,NONE,REQUIRED,CHANGED,HIGH,HIGH,LOW,1,1,Mastodon,2024-11-15,2024-11-15,1,True,True,8.2,0.00045,1884
CVE-2021-3838,CVE-2021-3838-1,2024-11-15,Mastodon,9.8,critical,0.00043,enriched,NETWORK,LOW,NONE,NONE,UNCHANGED,HIGH,HIGH,HIGH,1,1,Mastodon,2024-11-15,2024-11-15,1,True,True,9.8,0.00043,182
CVE-2021-3902,CVE-2021-3902-1,2024-11-15,Mastodon,9.8,critical,0.00043,enriched,NETWORK,LOW,NONE,NONE,UNCHANGED,HIGH,HIGH,HIGH,1,1,Mastodon,2024-11-15,2024-11-15,1,True,True,9.8,0.00043,183
CVE-2024-40638,CVE-2024-40638-1,2024-11-15,Mastodon,8.1,high,0.00043,enriched,NETWORK,LOW,LOW,NONE,UNCHANGED,HIGH,HIGH,NONE,1,1,Mastodon,2024-11-15,2024-11-15,1,True,False,8.1,0.00043,1359
CVE-2024-10934,CVE-2024-10934-1,2024-11-15,Mastodon,9.8,critical,0.00043,enriched,NETWORK,LOW,NONE,NONE,UNCHANGED,HIGH,HIGH,HIGH,1,1,Mastodon,2024-11-15,2024-11-15,1,False,False,9.8,0.00043,709
CVE-2024-39726,CVE-2024-39726-1,2024-11-15,Mastodon,8.2,high,0.00087,enriched,NETWORK,LOW,NONE,NONE,UNCHANGED,HIGH,NONE,LOW,1,1,Mastodon,2024-11-15,2024-11-15,1,False,False,8.2,0.00087,1323
CVE-2024-10924,CVE-2024-10924-1,2024-11-15,Mastodon,9.8,critical,0.00045,original,NETWORK,LOW,NONE,NONE,UNCHANGED,HIGH,HIGH,HIGH,5,3,"ExploitDB, Mastodon, Reddit",2024-11-15,2025-05-09,5,True,False,9.8,0.93781,706
CVE-2022-1884,CVE-2022-1884-1,2024-11-15,Mastodon,9.8,critical,0.00043,enriched,NETWORK,LOW,NONE,NONE,UNCHANGED,HIGH,HIGH,HIGH,1,1,Mastodon,2024-11-15,2024-11-15,1,False,False,9.8,0.00043,205
CVE-2024-0875,CVE-2024-0875-1,2024-11-15,Mastodon,4.8,medium,0.00043,enriched,NETWORK,LOW,HIGH,REQUIRED,CHANGED,LOW,LOW,NONE,1,1,Mastodon,2024-11-15,2024-11-15,1,True,True,4.8,0.00043,658
CVE-2024-10443,CVE-2024-10443-1,2024-11-15,Mastodon,9.8,critical,0.00043,enriched,NETWORK,LOW,NONE,NONE,UNCHANGED,HIGH,HIGH,HIGH,1,1,Mastodon,2024-11-15,2024-11-15,1,False,False,9.8,0.00043,675
CVE-2024-45970,CVE-2024-45970-1,2024-11-15,Mastodon,9.8,critical,0.00043,enriched,NETWORK,LOW,NONE,NONE,UNCHANGED,HIGH,HIGH,HIGH,1,1,Mastodon,2024-11-15,2024-11-15,1,True,True,9.8,0.00043,1523
CVE-2024-11248,CVE-2024-11248-1,2024-11-15,Mastodon,8.8,high,0.00045,enriched,NETWORK,LOW,LOW,NONE,UNCHANGED,HIGH,HIGH,HIGH,1,1,Mastodon,2024-11-15,2024-11-15,1,False,False,8.8,0.00045,747
CVE-2024-11263,CVE-2024-11263-1,2024-11-15,Mastodon,9.3,critical,0.00043,enriched,LOCAL,LOW,NONE,NONE,CHANGED,HIGH,HIGH,HIGH,1,1,Mastodon,2024-11-15,2024-11-15,1,True,False,9.3,0.00043,748
CVE-2024-49778,CVE-2024-49778-1,2024-11-15,Mastodon,8.8,high,0.00043,original,NETWORK,LOW,NONE,REQUIRED,UNCHANGED,HIGH,HIGH,HIGH,1,1,Mastodon,2024-11-15,2024-11-15,1,True,False,8.8,0.00043,1713
CVE-2024-11120,CVE-2024-11120-1,2024-11-15,Mastodon,9.8,critical,0.0009,original,NETWORK,LOW,NONE,NONE,UNCHANGED,HIGH,HIGH,HIGH,1,1,Mastodon,2024-11-15,2024-11-15,2,False,False,9.8,0.0009,739
CVE-2023-20036,CVE-2023-20036-1,2024-11-15,Mastodon,9.9,critical,0.00052,enriched,NETWORK,LOW,LOW,NONE,CHANGED,HIGH,HIGH,HIGH,1,1,Mastodon,2024-11-15,2024-11-15,1,False,False,9.9,0.00052,327
CVE-2022-20655,CVE-2022-20655-1,2024-11-15,Mastodon,8.8,high,0.00043,enriched,LOCAL,LOW,LOW,NONE,CHANGED,HIGH,HIGH,HIGH,1,1,Mastodon,2024-11-15,2024-11-15,1,False,False,8.8,0.00043,207
CVE-2023-20154,CVE-2023-20154-1,2024-11-15,Mastodon,9.1,critical,0.00091,enriched,NETWORK,LOW,NONE,NONE,UNCHANGED,HIGH,HIGH,NONE,1,1,Mastodon,2024-11-15,2024-11-15,1,False,False,9.1,0.00091,331
CVE-2024-41209,CVE-2024-41209-1,2024-11-15,Mastodon,8.8,high,0.00043,original,NETWORK,LOW,NONE,REQUIRED,UNCHANGED,HIGH,HIGH,HIGH,1,1,Mastodon,2024-11-15,2024-11-15,1,True,False,8.8,0.00043,1386
CVE-2024-49777,CVE-2024-49777-1,2024-11-15,Mastodon,8.8,high,0.00043,original,NETWORK,LOW,NONE,REQUIRED,UNCHANGED,HIGH,HIGH,HIGH,1,1,Mastodon,2024-11-15,2024-11-15,1,True,False,8.8,0.00043,1712
CVE-2023-20125,CVE-2023-20125-1,2024-11-15,Mastodon,8.6,high,0.00046,enriched,NETWORK,LOW,NONE,NONE,CHANGED,NONE,NONE,HIGH,1,1,Mastodon,2024-11-15,2024-11-15,1,False,False,8.6,0.00046,330
CVE-2024-52405,CVE-2024-52405-1,2024-11-16,Mastodon,9.9,critical,0.00043,enriched,NETWORK,LOW,LOW,NONE,CHANGED,HIGH,HIGH,HIGH,1,1,Mastodon,2024-11-16,2024-11-16,1,False,False,9.9,0.00043,1850
CVE-2024-52408,CVE-2024-52408-1,2024-11-16,Mastodon,9.9,critical,0.00043,enriched,NETWORK,LOW,LOW,NONE,CHANGED,HIGH,HIGH,HIGH,1,1,Mastodon,2024-11-16,2024-11-16,1,False,False,9.9,0.00043,1853
CVE-2024-8856,CVE-2024-8856-1,2024-11-16,Mastodon,9.8,critical,0.00063,original,NETWORK,LOW,NONE,NONE,UNCHANGED,HIGH,HIGH,HIGH,3,2,"ExploitDB, Mastodon",2024-11-16,2025-04-06,3,True,False,9.8,0.87698,2342
CVE-2024-52409,CVE-2024-52409-1,2024-11-16,Mastodon,9.8,critical,0.00043,enriched,NETWORK,LOW,NONE,NONE,UNCHANGED,HIGH,HIGH,HIGH,1,1,Mastodon,2024-11-16,2024-11-16,1,False,False,9.8,0.00043,1854
CVE-2024-52410,CVE-2024-52410-1,2024-11-16,Mastodon,9.8,critical,0.00043,enriched,NETWORK,LOW,NONE,NONE,UNCHANGED,HIGH,HIGH,HIGH,1,1,Mastodon,2024-11-16,2024-11-16,1,False,False,9.8,0.00043,1855
CVE-2024-52412,CVE-2024-52412-1,2024-11-16,Mastodon,9.8,critical,0.00043,enriched,NETWORK,LOW,NONE,NONE,UNCHANGED,HIGH,HIGH,HIGH,1,1,Mastodon,2024-11-16,2024-11-16,1,False,False,9.8,0.00043,1857
CVE-2024-52413,CVE-2024-52413-1,2024-11-16,Mastodon,9.8,critical,0.00043,enriched,NETWORK,LOW,NONE,NONE,UNCHANGED,HIGH,HIGH,HIGH,1,1,Mastodon,2024-11-16,2024-11-16,1,False,False,9.8,0.00043,1858
CVE-2024-10728,CVE-2024-10728-1,2024-11-16,Mastodon,8.8,high,0.00066,original,NETWORK,LOW,LOW,NONE,UNCHANGED,HIGH,HIGH,HIGH,1,1,Mastodon,2024-11-16,2024-11-16,1,False,False,8.8,0.00066,690
CVE-2024-52414,CVE-2024-52414-1,2024-11-16,Mastodon,9.8,critical,0.00043,enriched,NETWORK,LOW,NONE,NONE,UNCHANGED,HIGH,HIGH,HIGH,1,1,Mastodon,2024-11-16,2024-11-16,1,False,False,9.8,0.00043,1859
CVE-2024-9849,CVE-2024-9849-1,2024-11-16,Mastodon,8.8,high,0.0005,original,NETWORK,LOW,LOW,NONE,UNCHANGED,HIGH,HIGH,HIGH,1,1,Mastodon,2024-11-16,2024-11-16,1,False,False,8.8,0.0005,2408
CVE-2024-52411,CVE-2024-52411-1,2024-11-16,Mastodon,9.8,critical,0.00043,enriched,NETWORK,LOW,NONE,NONE,UNCHANGED,HIGH,HIGH,HIGH,1,1,Mastodon,2024-11-16,2024-11-16,1,False,False,9.8,0.00043,1856
CVE-2024-52397,CVE-2024-52397-1,2024-11-16,Mastodon,9.1,critical,0.00043,enriched,NETWORK,LOW,HIGH,NONE,CHANGED,HIGH,HIGH,HIGH,1,1,Mastodon,2024-11-16,2024-11-16,1,False,False,9.1,0.00043,1842
CVE-2024-52398,CVE-2024-52398-1,2024-11-16,Mastodon,9.1,critical,0.00043,enriched,NETWORK,LOW,HIGH,NONE,CHANGED,HIGH,HIGH,HIGH,1,1,Mastodon,2024-11-16,2024-11-16,1,False,False,9.1,0.00043,1843
CVE-2024-52399,CVE-2024-52399-1,2024-11-16,Mastodon,9.9,critical,0.00043,enriched,NETWORK,LOW,LOW,NONE,CHANGED,HIGH,HIGH,HIGH,1,1,Mastodon,2024-11-16,2024-11-16,1,False,False,9.9,0.00043,1844
CVE-2024-52400,CVE-2024-52400-1,2024-11-16,Mastodon,9.9,critical,0.00043,enriched,NETWORK,LOW,LOW,NONE,CHANGED,HIGH,HIGH,HIGH,1,1,Mastodon,2024-11-16,2024-11-16,1,False,False,9.9,0.00043,1845
CVE-2024-52403,CVE-2024-52403-1,2024-11-16,Mastodon,9.9,critical,0.00043,enriched,NETWORK,LOW,LOW,NONE,CHANGED,HIGH,HIGH,HIGH,1,1,Mastodon,2024-11-16,2024-11-16,1,False,False,9.9,0.00043,1848
CVE-2024-52415,CVE-2024-52415-1,2024-11-16,Mastodon,8.8,high,0.00043,enriched,NETWORK,LOW,NONE,REQUIRED,UNCHANGED,HIGH,HIGH,HIGH,1,1,Mastodon,2024-11-16,2024-11-16,1,False,False,8.8,0.00043,1860
CVE-2024-52407,CVE-2024-52407-1,2024-11-16,Mastodon,9.9,critical,0.00043,enriched,NETWORK,LOW,LOW,NONE,CHANGED,HIGH,HIGH,HIGH,1,1,Mastodon,2024-11-16,2024-11-16,1,False,False,9.9,0.00043,1852
CVE-2024-9110,CVE-2024-9110-1,2024-11-16,Mastodon,6.4,medium,0.00043,original,NETWORK,HIGH,NONE,REQUIRED,UNCHANGED,HIGH,LOW,LOW,1,1,Mastodon,2024-11-16,2024-11-16,1,False,False,6.4,0.00043,2360
CVE-2024-52404,CVE-2024-52404-1,2024-11-16,Mastodon,9.9,critical,0.00043,enriched,NETWORK,LOW,LOW,NONE,CHANGED,HIGH,HIGH,HIGH,1,1,Mastodon,2024-11-16,2024-11-16,1,False,False,9.9,0.00043,1849
CVE-2024-9192,CVE-2024-9192-1,2024-11-16,Mastodon,8.8,high,0.0005,original,NETWORK,LOW,LOW,NONE,UNCHANGED,HIGH,HIGH,HIGH,1,1,Mastodon,2024-11-16,2024-11-16,1,False,False,8.8,0.0005,2369
CVE-2024-52416,CVE-2024-52416-1,2024-11-16,Mastodon,10.0,critical,0.00043,enriched,NETWORK,LOW,NONE,NONE,CHANGED,HIGH,HIGH,HIGH,1,1,Mastodon,2024-11-16,2024-11-16,1,False,False,10.0,0.00043,1861
CVE-2024-52406,CVE-2024-52406-1,2024-11-16,Mastodon,9.9,critical,0.00043,enriched,NETWORK,LOW,LOW,NONE,CHANGED,HIGH,HIGH,HIGH,1,1,Mastodon,2024-11-16,2024-11-16,1,False,False,9.9,0.00043,1851
CVE-2023-43091,CVE-2023-43091-1,2024-11-17,Mastodon,9.8,critical,0.00045,enriched,NETWORK,LOW,NONE,NONE,UNCHANGED,HIGH,HIGH,HIGH,1,1,Mastodon,2024-11-17,2024-11-17,1,False,False,9.8,0.00045,552
CVE-2024-52867,CVE-2024-52867-1,2024-11-17,Mastodon,8.1,high,0.00045,original,LOCAL,HIGH,NONE,NONE,CHANGED,HIGH,HIGH,HIGH,1,1,Mastodon,2024-11-17,2024-11-17,1,False,False,8.1,0.00045,1906
CVE-2024-52430,CVE-2024-52430-1,2024-11-18,Mastodon,9.8,critical,0.00043,enriched,NETWORK,LOW,NONE,NONE,UNCHANGED,HIGH,HIGH,HIGH,1,1,Mastodon,2024-11-18,2024-11-18,1,False,False,9.8,0.00043,1865
CVE-2024-11315,CVE-2024-11315-1,2024-11-18,Mastodon,9.8,critical,0.00091,enriched,NETWORK,LOW,NONE,NONE,UNCHANGED,HIGH,HIGH,HIGH,1,1,Mastodon,2024-11-18,2024-11-18,1,False,False,9.8,0.00091,764
CVE-2024-52427,CVE-2024-52427-1,2024-11-18,Mastodon,9.9,critical,0.00043,enriched,NETWORK,LOW,LOW,NONE,CHANGED,HIGH,HIGH,HIGH,1,1,Mastodon,2024-11-18,2024-11-18,1,False,False,9.9,0.00043,1862
CVE-2024-47533,CVE-2024-47533-1,2024-11-18,Mastodon,9.8,critical,0.00045,enriched,NETWORK,LOW,NONE,NONE,UNCHANGED,HIGH,HIGH,HIGH,1,1,Mastodon,2024-11-18,2024-11-18,1,True,True,9.8,0.00045,1576
CVE-2024-11319,CVE-2024-11319-1,2024-11-18,Mastodon,3.8,low,0.00045,enriched,NETWORK,LOW,HIGH,NONE,UNCHANGED,LOW,LOW,NONE,1,1,Mastodon,2024-11-18,2024-11-18,1,True,True,3.8,0.00045,766
CVE-2024-3370,CVE-2024-3370-1,2024-11-18,Mastodon,8.6,high,0.00043,enriched,NETWORK,LOW,NONE,NONE,UNCHANGED,HIGH,LOW,LOW,1,1,Mastodon,2024-11-18,2024-11-18,1,False,False,8.6,0.00043,1223
CVE-2024-0012,CVE-2024-0012-3,2024-11-18,Mastodon,9.8,critical,0.01216,enriched,NETWORK,LOW,NONE,NONE,UNCHANGED,HIGH,HIGH,HIGH,7,3,"BleepingComputer, Mastodon, Reddit",2024-11-18,2025-02-13,8,True,False,9.8,0.96998,642
CVE-2024-9474,CVE-2024-9474-2,2024-11-18,Mastodon,7.2,high,0.02252,enriched,NETWORK,LOW,HIGH,NONE,UNCHANGED,HIGH,HIGH,HIGH,10,3,"BleepingComputer, Mastodon, Reddit",2024-11-18,2025-02-21,13,True,False,7.2,0.9748,2385
CVE-2024-41151,CVE-2024-41151-1,2024-11-18,Mastodon,8.8,high,0.00043,enriched,NETWORK,LOW,LOW,NONE,UNCHANGED,HIGH,HIGH,HIGH,1,1,Mastodon,2024-11-18,2024-11-18,1,False,False,8.8,0.00043,1384
CVE-2024-49574,CVE-2024-49574-1,2024-11-18,Mastodon,8.3,high,0.00043,enriched,NETWORK,LOW,LOW,NONE,UNCHANGED,HIGH,HIGH,LOW,1,1,Mastodon,2024-11-18,2024-11-18,1,False,False,8.3,0.00043,1699
CVE-2024-41967,CVE-2024-41967-1,2024-11-18,Mastodon,8.1,high,0.00046,enriched,NETWORK,LOW,LOW,NONE,UNCHANGED,NONE,HIGH,HIGH,1,1,Mastodon,2024-11-18,2024-11-18,1,False,False,8.1,0.00046,1403
CVE-2024-41969,CVE-2024-41969-1,2024-11-18,Mastodon,8.8,high,0.0005,enriched,NETWORK,LOW,LOW,NONE,UNCHANGED,HIGH,HIGH,HIGH,1,1,Mastodon,2024-11-18,2024-11-18,1,False,False,8.8,0.0005,1404
CVE-2024-41971,CVE-2024-41971-1,2024-11-18,Mastodon,8.1,high,0.00046,enriched,NETWORK,LOW,LOW,NONE,UNCHANGED,NONE,HIGH,HIGH,1,1,Mastodon,2024-11-18,2024-11-18,1,False,False,8.1,0.00046,1405
CVE-2024-41973,CVE-2024-41973-1,2024-11-18,Mastodon,8.1,high,0.00046,enriched,NETWORK,LOW,LOW,NONE,UNCHANGED,NONE,HIGH,HIGH,1,1,Mastodon,2024-11-18,2024-11-18,1,False,False,8.1,0.00046,1406
CVE-2024-42386,CVE-2024-42386-1,2024-11-18,Mastodon,8.2,high,0.00043,enriched,NETWORK,LOW,NONE,NONE,UNCHANGED,NONE,LOW,HIGH,1,1,Mastodon,2024-11-18,2024-11-18,1,False,False,8.2,0.00043,1415
CVE-2020-26071,CVE-2020-26071-1,2024-11-18,Mastodon,8.4,high,0.00044,enriched,LOCAL,LOW,LOW,NONE,CHANGED,NONE,HIGH,HIGH,1,1,Mastodon,2024-11-18,2024-11-18,1,False,False,8.4,0.00044,134
CVE-2020-27124,CVE-2020-27124-1,2024-11-18,Mastodon,8.6,high,0.00049,enriched,NETWORK,LOW,NONE,NONE,CHANGED,NONE,NONE,HIGH,1,1,Mastodon,2024-11-18,2024-11-18,1,False,False,8.6,0.00049,135
CVE-2024-43704,CVE-2024-43704-1,2024-11-18,Mastodon,8.4,high,0.00043,original,LOCAL,LOW,NONE,NONE,UNCHANGED,HIGH,HIGH,HIGH,1,1,Mastodon,2024-11-18,2024-11-18,1,False,False,8.4,0.00043,1467
CVE-2024-52428,CVE-2024-52428-1,2024-11-18,Mastodon,8.1,high,0.00043,enriched,NETWORK,HIGH,NONE,NONE,UNCHANGED,HIGH,HIGH,HIGH,1,1,Mastodon,2024-11-18,2024-11-18,1,False,False,8.1,0.00043,1863
CVE-2024-11312,CVE-2024-11312-1,2024-11-18,Mastodon,9.8,critical,0.00091,enriched,NETWORK,LOW,NONE,NONE,UNCHANGED,HIGH,HIGH,HIGH,1,1,Mastodon,2024-11-18,2024-11-18,1,False,False,9.8,0.00091,761
CVE-2024-52431,CVE-2024-52431-1,2024-11-18,Mastodon,9.3,critical,0.00043,enriched,NETWORK,LOW,NONE,NONE,CHANGED,HIGH,NONE,LOW,1,1,Mastodon,2024-11-18,2024-11-18,1,False,False,9.3,0.00043,1866
CVE-2024-52432,CVE-2024-52432-1,2024-11-18,Mastodon,9.8,critical,0.00043,enriched,NETWORK,LOW,NONE,NONE,UNCHANGED,HIGH,HIGH,HIGH,1,1,Mastodon,2024-11-18,2024-11-18,1,False,False,9.8,0.00043,1867
CVE-2024-11311,CVE-2024-11311-1,2024-11-18,Mastodon,9.8,critical,0.00091,enriched,NETWORK,LOW,NONE,NONE,UNCHANGED,HIGH,HIGH,HIGH,1,1,Mastodon,2024-11-18,2024-11-18,1,False,False,9.8,0.00091,760
CVE-2024-52316,CVE-2024-52316-2,2024-11-18,Mastodon,9.8,critical,0.00043,enriched,NETWORK,LOW,NONE,NONE,UNCHANGED,HIGH,HIGH,HIGH,2,1,Mastodon,2024-11-18,2025-01-08,2,True,False,9.8,0.00043,1820
CVE-2024-52583,CVE-2024-52583-1,2024-11-18,Mastodon,8.2,high,0.00045,enriched,NETWORK,LOW,NONE,REQUIRED,CHANGED,HIGH,LOW,NONE,1,1,Mastodon,2024-11-18,2024-11-18,1,True,True,8.2,0.00045,1892
CVE-2024-52429,CVE-2024-52429-1,2024-11-18,Mastodon,9.9,critical,0.00043,enriched,NETWORK,LOW,LOW,NONE,CHANGED,HIGH,HIGH,HIGH,1,1,Mastodon,2024-11-18,2024-11-18,1,False,False,9.9,0.00043,1864
CVE-2024-52433,CVE-2024-52433-1,2024-11-18,Mastodon,9.8,critical,0.00043,enriched,NETWORK,LOW,NONE,NONE,UNCHANGED,HIGH,HIGH,HIGH,1,1,Mastodon,2024-11-18,2024-11-18,3,False,False,9.8,0.00043,1868
CVE-2024-45505,CVE-2024-45505-1,2024-11-18,Mastodon,8.8,high,0.00043,enriched,NETWORK,LOW,LOW,NONE,UNCHANGED,HIGH,HIGH,HIGH,1,1,Mastodon,2024-11-18,2024-11-18,1,False,False,8.8,0.00043,1513
CVE-2024-11313,CVE-2024-11313-1,2024-11-18,Mastodon,9.8,critical,0.00091,enriched,NETWORK,LOW,NONE,NONE,UNCHANGED,HIGH,HIGH,HIGH,1,1,Mastodon,2024-11-18,2024-11-18,1,False,False,9.8,0.00091,762
CVE-2024-11314,CVE-2024-11314-1,2024-11-18,Mastodon,9.8,critical,0.00091,enriched,NETWORK,LOW,NONE,NONE,UNCHANGED,HIGH,HIGH,HIGH,1,1,Mastodon,2024-11-18,2024-11-18,1,False,False,9.8,0.00091,763
CVE-2024-52434,CVE-2024-52434-1,2024-11-18,Mastodon,9.1,critical,0.00043,enriched,NETWORK,LOW,HIGH,NONE,CHANGED,HIGH,HIGH,HIGH,1,1,Mastodon,2024-11-18,2024-11-18,1,False,False,9.1,0.00043,1869
CVE-2024-11194,CVE-2024-11194-1,2024-11-19,Mastodon,8.8,high,0.00066,enriched,NETWORK,LOW,LOW,NONE,UNCHANGED,HIGH,HIGH,HIGH,1,1,Mastodon,2024-11-19,2024-11-19,1,False,False,8.8,0.00066,743
CVE-2024-52587,CVE-2024-52587-1,2024-11-19,Mastodon,8.8,high,0.00046,original,NETWORK,LOW,LOW,NONE,UNCHANGED,HIGH,HIGH,HIGH,1,1,Mastodon,2024-11-19,2024-11-19,1,True,True,8.8,0.00046,1893
CVE-2024-11075,CVE-2024-11075-1,2024-11-19,Mastodon,8.8,high,0.00044,enriched,LOCAL,LOW,LOW,NONE,CHANGED,HIGH,HIGH,HIGH,1,1,Mastodon,2024-11-19,2024-11-19,1,False,False,8.8,0.00044,734
CVE-2024-48292,CVE-2024-48292-1,2024-11-19,Mastodon,8.8,high,0.00043,original,NETWORK,LOW,LOW,NONE,UNCHANGED,HIGH,HIGH,HIGH,1,1,Mastodon,2024-11-19,2024-11-19,1,True,True,8.8,0.00043,1599
CVE-2024-47208,CVE-2024-47208-1,2024-11-19,Mastodon,9.8,critical,0.00062,original,NETWORK,LOW,NONE,NONE,UNCHANGED,HIGH,HIGH,HIGH,1,1,Mastodon,2024-11-19,2024-11-19,1,False,False,9.8,0.00062,1566
CVE-2024-45419,CVE-2024-45419-1,2024-11-19,Mastodon,8.1,high,0.00043,enriched,NETWORK,LOW,NONE,REQUIRED,UNCHANGED,HIGH,HIGH,NONE,1,1,Mastodon,2024-11-19,2024-11-19,1,False,False,8.1,0.00043,1505
CVE-2024-42450,CVE-2024-42450-1,2024-11-19,Mastodon,10.0,critical,0.00043,enriched,NETWORK,LOW,NONE,NONE,CHANGED,HIGH,HIGH,HIGH,1,1,Mastodon,2024-11-19,2024-11-19,1,False,False,10.0,0.00043,1418
CVE-2024-52402,CVE-2024-52402-1,2024-11-19,Mastodon,9.6,critical,0.00043,enriched,NETWORK,LOW,NONE,REQUIRED,CHANGED,HIGH,HIGH,HIGH,1,1,Mastodon,2024-11-19,2024-11-19,1,False,False,9.6,0.00043,1847
CVE-2024-51503,CVE-2024-51503-1,2024-11-19,Mastodon,8.0,high,0.00043,enriched,ADJACENT_NETWORK,HIGH,LOW,NONE,CHANGED,HIGH,HIGH,HIGH,1,1,Mastodon,2024-11-19,2024-11-19,1,False,False,8.0,0.00043,1770
CVE-2024-50919,CVE-2024-50919-1,2024-11-19,Mastodon,9.8,critical,0.00045,original,NETWORK,LOW,NONE,NONE,UNCHANGED,HIGH,HIGH,HIGH,1,1,Mastodon,2024-11-19,2024-11-19,1,True,True,9.8,0.00045,1751
CVE-2024-52401,CVE-2024-52401-1,2024-11-19,Mastodon,9.6,critical,0.00043,enriched,NETWORK,LOW,NONE,REQUIRED,CHANGED,HIGH,HIGH,HIGH,1,1,Mastodon,2024-11-19,2024-11-19,1,False,False,9.6,0.00043,1846
CVE-2024-51053,CVE-2024-51053-1,2024-11-19,Mastodon,9.8,critical,0.00043,original,NETWORK,LOW,NONE,NONE,UNCHANGED,HIGH,HIGH,HIGH,1,1,Mastodon,2024-11-19,2024-11-19,1,False,False,9.8,0.00043,1756
CVE-2024-21697,CVE-2024-21697-1,2024-11-19,Mastodon,8.8,high,0.00043,enriched,NETWORK,LOW,NONE,REQUIRED,UNCHANGED,HIGH,HIGH,HIGH,1,1,Mastodon,2024-11-19,2024-11-19,1,False,False,8.8,0.00043,1089
CVE-2024-11395,CVE-2024-11395-1,2024-11-19,Mastodon,8.8,high,0.00043,enriched,NETWORK,LOW,NONE,REQUIRED,UNCHANGED,HIGH,HIGH,HIGH,1,1,Mastodon,2024-11-19,2024-11-19,1,False,False,8.8,0.00043,772
CVE-2024-51051,CVE-2024-51051-1,2024-11-19,Mastodon,9.8,critical,0.00043,original,NETWORK,LOW,NONE,NONE,UNCHANGED,HIGH,HIGH,HIGH,1,1,Mastodon,2024-11-19,2024-11-19,1,True,True,9.8,0.00043,1755
CVE-2024-51743,CVE-2024-51743-1,2024-11-19,Mastodon,8.8,high,0.00043,original,NETWORK,LOW,LOW,NONE,UNCHANGED,HIGH,HIGH,HIGH,1,1,Mastodon,2024-11-19,2024-11-19,1,True,True,8.8,0.00043,1791
CVE-2024-48895,CVE-2024-48895-1,2024-11-20,Mastodon,8.8,high,0.00043,enriched,NETWORK,LOW,LOW,NONE,UNCHANGED,HIGH,HIGH,HIGH,1,1,Mastodon,2024-11-20,2024-11-20,1,False,False,8.8,0.00043,1624
CVE-2024-10855,CVE-2024-10855-1,2024-11-20,Mastodon,8.1,high,0.00051,enriched,NETWORK,LOW,LOW,NONE,UNCHANGED,NONE,HIGH,HIGH,1,1,Mastodon,2024-11-20,2024-11-20,1,False,False,8.1,0.00051,702
CVE-2024-52447,CVE-2024-52447-1,2024-11-20,Mastodon,8.6,high,0.00043,enriched,NETWORK,LOW,NONE,NONE,CHANGED,NONE,NONE,HIGH,1,1,Mastodon,2024-11-20,2024-11-20,1,False,False,8.6,0.00043,1879
CVE-2024-52451,CVE-2024-52451-1,2024-11-20,Mastodon,8.2,high,0.00043,enriched,NETWORK,LOW,NONE,REQUIRED,CHANGED,HIGH,NONE,LOW,1,1,Mastodon,2024-11-20,2024-11-20,1,False,False,8.2,0.00043,1880
CVE-2024-10913,CVE-2024-10913-1,2024-11-20,Mastodon,8.8,high,0.00063,enriched,NETWORK,LOW,NONE,REQUIRED,UNCHANGED,HIGH,HIGH,HIGH,1,1,Mastodon,2024-11-20,2024-11-20,1,False,False,8.8,0.00063,704
CVE-2018-9474,CVE-2018-9474-1,2024-11-20,Mastodon,7.8,high,0.00043,enriched,LOCAL,LOW,LOW,NONE,UNCHANGED,HIGH,HIGH,HIGH,1,1,Mastodon,2024-11-20,2024-11-20,1,False,False,7.8,0.00043,83
CVE-2018-9471,CVE-2018-9471-1,2024-11-20,Mastodon,7.8,high,0.00043,enriched,LOCAL,LOW,LOW,NONE,UNCHANGED,HIGH,HIGH,HIGH,1,1,Mastodon,2024-11-20,2024-11-20,1,False,False,7.8,0.00043,81
CVE-2018-9341,CVE-2018-9341-1,2024-11-20,Mastodon,7.8,high,0.00043,original,LOCAL,LOW,NONE,REQUIRED,UNCHANGED,HIGH,HIGH,HIGH,1,1,Mastodon,2024-11-20,2024-11-20,1,False,False,7.8,0.00043,69
CVE-2018-9472,CVE-2018-9472-1,2024-11-20,Mastodon,8.8,high,0.00043,enriched,NETWORK,LOW,NONE,REQUIRED,UNCHANGED,HIGH,HIGH,HIGH,1,1,Mastodon,2024-11-20,2024-11-20,1,False,False,8.8,0.00043,82
CVE-2018-9478,CVE-2018-9478-1,2024-11-20,Mastodon,9.8,critical,0.00043,enriched,NETWORK,LOW,NONE,NONE,UNCHANGED,HIGH,HIGH,HIGH,1,1,Mastodon,2024-11-20,2024-11-20,1,False,False,9.8,0.00043,84
CVE-2018-9470,CVE-2018-9470-1,2024-11-20,Mastodon,8.8,high,0.00043,enriched,NETWORK,LOW,NONE,REQUIRED,UNCHANGED,HIGH,HIGH,HIGH,1,1,Mastodon,2024-11-20,2024-11-20,1,False,False,8.8,0.00043,80
CVE-2024-52739,CVE-2024-52739-1,2024-11-20,Mastodon,8.0,high,0.00043,enriched,NETWORK,LOW,LOW,REQUIRED,UNCHANGED,HIGH,HIGH,HIGH,1,1,Mastodon,2024-11-20,2024-11-20,1,True,True,8.0,0.00043,1896
CVE-2018-9469,CVE-2018-9469-1,2024-11-20,Mastodon,7.8,high,0.00043,enriched,LOCAL,LOW,NONE,REQUIRED,UNCHANGED,HIGH,HIGH,HIGH,1,1,Mastodon,2024-11-20,2024-11-20,1,False,False,7.8,0.00043,79
CVE-2018-9466,CVE-2018-9466-1,2024-11-20,Mastodon,8.8,high,0.00043,original,NETWORK,LOW,NONE,REQUIRED,UNCHANGED,HIGH,HIGH,HIGH,1,1,Mastodon,2024-11-20,2024-11-20,1,False,False,8.8,0.00043,78
CVE-2024-52445,CVE-2024-52445-1,2024-11-20,Mastodon,8.8,high,0.00043,enriched,NETWORK,LOW,LOW,NONE,UNCHANGED,HIGH,HIGH,HIGH,1,1,Mastodon,2024-11-20,2024-11-20,1,False,False,8.8,0.00043,1877
CVE-2024-52446,CVE-2024-52446-1,2024-11-20,Mastodon,8.8,high,0.00043,enriched,NETWORK,LOW,NONE,REQUIRED,UNCHANGED,HIGH,HIGH,HIGH,1,1,Mastodon,2024-11-20,2024-11-20,1,False,False,8.8,0.00043,1878
CVE-2024-52443,CVE-2024-52443-1,2024-11-20,Mastodon,9.8,critical,0.00043,enriched,NETWORK,LOW,NONE,NONE,UNCHANGED,HIGH,HIGH,HIGH,1,1,Mastodon,2024-11-20,2024-11-20,1,False,False,9.8,0.00043,1876
CVE-2018-9479,CVE-2018-9479-1,2024-11-20,Mastodon,9.8,critical,0.00043,enriched,NETWORK,LOW,NONE,NONE,UNCHANGED,HIGH,HIGH,HIGH,1,1,Mastodon,2024-11-20,2024-11-20,1,False,False,9.8,0.00043,85
CVE-2024-10094,CVE-2024-10094-1,2024-11-20,Mastodon,9.1,critical,0.00043,enriched,NETWORK,LOW,HIGH,NONE,CHANGED,HIGH,HIGH,HIGH,1,1,Mastodon,2024-11-20,2024-11-20,1,False,False,9.1,0.00043,661
CVE-2024-52442,CVE-2024-52442-1,2024-11-20,Mastodon,9.8,critical,0.00043,enriched,NETWORK,LOW,NONE,NONE,UNCHANGED,HIGH,HIGH,HIGH,1,1,Mastodon,2024-11-20,2024-11-20,1,False,False,9.8,0.00043,1875
CVE-2024-44308,CVE-2024-44308-1,2024-11-20,Mastodon,8.8,high,0.00045,original,NETWORK,LOW,NONE,REQUIRED,UNCHANGED,HIGH,HIGH,HIGH,3,2,"HackerNews, Mastodon",2024-11-20,2025-05-01,3,True,False,8.8,0.00334,1483
CVE-2018-9411,CVE-2018-9411-1,2024-11-20,Mastodon,8.8,high,0.00043,original,NETWORK,LOW,NONE,REQUIRED,UNCHANGED,HIGH,HIGH,HIGH,1,1,Mastodon,2024-11-20,2024-11-20,1,False,False,8.8,0.00043,73
CVE-2018-9428,CVE-2018-9428-1,2024-11-20,Mastodon,7.8,high,0.00043,original,LOCAL,LOW,NONE,REQUIRED,UNCHANGED,HIGH,HIGH,HIGH,1,1,Mastodon,2024-11-20,2024-11-20,1,False,False,7.8,0.00043,76
CVE-2024-52441,CVE-2024-52441-1,2024-11-20,Mastodon,9.8,critical,0.00043,enriched,NETWORK,LOW,NONE,NONE,UNCHANGED,HIGH,HIGH,HIGH,1,1,Mastodon,2024-11-20,2024-11-20,1,False,False,9.8,0.00043,1874
CVE-2024-52437,CVE-2024-52437-1,2024-11-20,Mastodon,8.8,high,0.00043,enriched,NETWORK,LOW,LOW,NONE,UNCHANGED,HIGH,HIGH,HIGH,1,1,Mastodon,2024-11-20,2024-11-20,1,False,False,8.8,0.00043,1870
CVE-2024-52438,CVE-2024-52438-1,2024-11-20,Mastodon,8.8,high,0.00043,enriched,NETWORK,LOW,LOW,NONE,UNCHANGED,HIGH,HIGH,HIGH,1,1,Mastodon,2024-11-20,2024-11-20,1,False,False,8.8,0.00043,1871
CVE-2024-52440,CVE-2024-52440-1,2024-11-20,Mastodon,9.8,critical,0.00043,enriched,NETWORK,LOW,NONE,NONE,UNCHANGED,HIGH,HIGH,HIGH,1,1,Mastodon,2024-11-20,2024-11-20,1,False,False,9.8,0.00043,1873
CVE-2024-52439,CVE-2024-52439-1,2024-11-20,Mastodon,9.8,critical,0.00043,enriched,NETWORK,LOW,NONE,NONE,UNCHANGED,HIGH,HIGH,HIGH,1,1,Mastodon,2024-11-20,2024-11-20,1,False,False,9.8,0.00043,1872
CVE-2024-53915,CVE-2024-53915-1,2024-11-25,Mastodon,9.8,critical,0.00043,original,NETWORK,LOW,NONE,NONE,UNCHANGED,HIGH,HIGH,HIGH,1,1,Mastodon,2024-11-25,2024-11-25,1,False,False,9.8,0.00043,1964
CVE-2024-29014,CVE-2024-29014-1,2024-11-27,Mastodon,8.8,high,0.00049,original,NETWORK,LOW,LOW,NONE,UNCHANGED,HIGH,HIGH,HIGH,2,1,Mastodon,2024-11-27,2024-11-27,2,False,False,8.8,0.00049,1186
CVE-2024-24402,CVE-2024-24402-1,2024-11-27,Mastodon,9.8,critical,0.00043,original,NETWORK,LOW,NONE,NONE,UNCHANGED,HIGH,HIGH,HIGH,1,1,Mastodon,2024-11-27,2024-11-27,1,False,False,9.8,0.00043,1127
CVE-2024-53920,CVE-2024-53920-1,2024-11-27,Mastodon,7.8,high,0.00045,enriched,LOCAL,LOW,NONE,REQUIRED,UNCHANGED,HIGH,HIGH,HIGH,1,1,Mastodon,2024-11-27,2024-11-27,1,False,False,7.8,0.00045,1965
CVE-2024-24401,CVE-2024-24401-1,2024-11-27,Mastodon,9.8,critical,0.00043,original,NETWORK,LOW,NONE,NONE,UNCHANGED,HIGH,HIGH,HIGH,1,1,Mastodon,2024-11-27,2024-11-27,1,False,False,9.8,0.00043,1126
CVE-2024-11481,CVE-2024-11481-1,2024-11-30,Mastodon,8.2,high,0.00043,original,NETWORK,LOW,NONE,NONE,UNCHANGED,LOW,HIGH,NONE,1,1,Mastodon,2024-11-30,2024-11-30,1,False,False,8.2,0.00043,777
CVE-2024-52779,CVE-2024-52779-1,2024-11-30,Mastodon,9.8,critical,0.00043,original,NETWORK,LOW,NONE,NONE,UNCHANGED,HIGH,HIGH,HIGH,1,1,Mastodon,2024-11-30,2024-11-30,1,False,False,9.8,0.00043,1900
CVE-2024-52781,CVE-2024-52781-1,2024-11-30,Mastodon,9.8,critical,0.00043,original,NETWORK,LOW,NONE,NONE,UNCHANGED,HIGH,HIGH,HIGH,1,1,Mastodon,2024-11-30,2024-11-30,1,False,False,9.8,0.00043,1902
CVE-2024-52782,CVE-2024-52782-1,2024-11-30,Mastodon,9.8,critical,0.00043,original,NETWORK,LOW,NONE,NONE,UNCHANGED,HIGH,HIGH,HIGH,1,1,Mastodon,2024-11-30,2024-11-30,1,False,False,9.8,0.00043,1903
CVE-2024-49806,CVE-2024-49806-1,2024-11-30,Mastodon,9.4,critical,0.00043,original,NETWORK,LOW,NONE,NONE,UNCHANGED,HIGH,HIGH,LOW,1,1,Mastodon,2024-11-30,2024-11-30,1,False,False,9.4,0.00043,1716
CVE-2024-49803,CVE-2024-49803-1,2024-11-30,Mastodon,9.8,critical,0.00043,original,NETWORK,LOW,NONE,NONE,UNCHANGED,HIGH,HIGH,HIGH,1,1,Mastodon,2024-11-30,2024-11-30,1,False,False,9.8,0.00043,1714
CVE-2024-50357,CVE-2024-50357-1,2024-11-30,Mastodon,9.8,critical,0.00043,original,NETWORK,LOW,NONE,NONE,UNCHANGED,HIGH,HIGH,HIGH,1,1,Mastodon,2024-11-30,2024-11-30,1,False,False,9.8,0.00043,1729
CVE-2024-11482,CVE-2024-11482-1,2024-11-30,Mastodon,9.8,critical,0.00043,original,NETWORK,LOW,NONE,NONE,UNCHANGED,HIGH,HIGH,HIGH,1,1,Mastodon,2024-11-30,2024-11-30,1,False,False,9.8,0.00043,778
CVE-2024-52778,CVE-2024-52778-1,2024-11-30,Mastodon,9.8,critical,0.00043,original,NETWORK,LOW,NONE,NONE,UNCHANGED,HIGH,HIGH,HIGH,1,1,Mastodon,2024-11-30,2024-11-30,1,False,False,9.8,0.00043,1899
CVE-2024-49805,CVE-2024-49805-1,2024-11-30,Mastodon,9.4,critical,0.00043,original,NETWORK,LOW,NONE,NONE,UNCHANGED,HIGH,HIGH,LOW,1,1,Mastodon,2024-11-30,2024-11-30,1,False,False,9.4,0.00043,1715
CVE-2024-52780,CVE-2024-52780-1,2024-11-30,Mastodon,9.8,critical,0.00043,original,NETWORK,LOW,NONE,NONE,UNCHANGED,HIGH,HIGH,HIGH,1,1,Mastodon,2024-11-30,2024-11-30,1,False,False,9.8,0.00043,1901
CVE-2024-11959,CVE-2024-11959-1,2024-11-30,Mastodon,8.8,high,0.00044,original,NETWORK,LOW,LOW,NONE,UNCHANGED,HIGH,HIGH,HIGH,1,1,Mastodon,2024-11-30,2024-11-30,1,True,True,8.8,0.00044,813
CVE-2024-52777,CVE-2024-52777-1,2024-11-30,Mastodon,9.8,critical,0.00043,original,NETWORK,LOW,NONE,NONE,UNCHANGED,HIGH,HIGH,HIGH,1,1,Mastodon,2024-11-30,2024-11-30,1,False,False,9.8,0.00043,1898
CVE-2024-53865,CVE-2024-53865-1,2024-11-30,Mastodon,8.2,high,0.00043,original,LOCAL,LOW,HIGH,NONE,CHANGED,HIGH,HIGH,HIGH,1,1,Mastodon,2024-11-30,2024-11-30,1,True,True,8.2,0.00043,1960
CVE-2024-11960,CVE-2024-11960-1,2024-11-30,Mastodon,8.8,high,0.00044,original,NETWORK,LOW,LOW,NONE,UNCHANGED,HIGH,HIGH,HIGH,1,1,Mastodon,2024-11-30,2024-11-30,1,True,True,8.8,0.00044,814
CVE-2024-11969,CVE-2024-11969-1,2024-11-30,Mastodon,8.8,high,0.00043,original,LOCAL,LOW,LOW,NONE,CHANGED,HIGH,HIGH,HIGH,1,1,Mastodon,2024-11-30,2024-11-30,1,False,False,8.8,0.00043,815
CVE-2024-53979,CVE-2024-53979-1,2024-11-30,Mastodon,8.2,high,0.00043,original,LOCAL,LOW,HIGH,NONE,CHANGED,HIGH,HIGH,HIGH,1,1,Mastodon,2024-11-30,2024-11-30,1,True,True,8.2,0.00043,1973
CVE-2024-52495,CVE-2024-52495-1,2024-11-30,Mastodon,8.5,high,0.00043,original,NETWORK,LOW,LOW,NONE,CHANGED,HIGH,NONE,LOW,1,1,Mastodon,2024-11-30,2024-11-30,1,False,False,8.5,0.00043,1883
CVE-2024-52490,CVE-2024-52490-1,2024-11-30,Mastodon,10.0,critical,0.00043,original,NETWORK,LOW,NONE,NONE,CHANGED,HIGH,HIGH,HIGH,1,1,Mastodon,2024-11-30,2024-11-30,1,False,False,10.0,0.00043,1882
CVE-2024-11992,CVE-2024-11992-1,2024-11-30,Mastodon,9.1,critical,0.00043,original,NETWORK,LOW,NONE,NONE,UNCHANGED,HIGH,HIGH,NONE,1,1,Mastodon,2024-11-30,2024-11-30,1,False,False,9.1,0.00043,821
CVE-2024-11979,CVE-2024-11979-1,2024-11-30,Mastodon,9.8,critical,0.00043,original,NETWORK,LOW,NONE,NONE,UNCHANGED,HIGH,HIGH,HIGH,1,1,Mastodon,2024-11-30,2024-11-30,1,False,False,9.8,0.00043,817
CVE-2024-52338,CVE-2024-52338-1,2024-11-30,Mastodon,9.8,critical,0.00043,original,NETWORK,LOW,NONE,NONE,UNCHANGED,HIGH,HIGH,HIGH,1,1,Mastodon,2024-11-30,2024-11-30,1,True,True,9.8,0.00043,1826
CVE-2024-54124,CVE-2024-54124-1,2024-11-30,Mastodon,8.8,high,0.00043,original,NETWORK,LOW,LOW,NONE,UNCHANGED,HIGH,HIGH,HIGH,1,1,Mastodon,2024-11-30,2024-11-30,1,False,False,8.8,0.00043,1983
CVE-2024-49360,CVE-2024-49360-1,2024-11-30,Mastodon,9.2,critical,0.00043,original,LOCAL,LOW,NONE,NONE,CHANGED,HIGH,HIGH,LOW,1,1,Mastodon,2024-11-30,2024-11-30,1,True,False,9.2,0.00043,1693
CVE-2024-11980,CVE-2024-11980-1,2024-11-30,Mastodon,8.6,high,0.00043,original,NETWORK,LOW,NONE,NONE,UNCHANGED,LOW,LOW,HIGH,1,1,Mastodon,2024-11-30,2024-11-30,1,False,False,8.6,0.00043,818
CVE-2024-43702,CVE-2024-43702-1,2024-12-01,Mastodon,8.1,high,0.00043,enriched,NETWORK,LOW,LOW,NONE,UNCHANGED,HIGH,HIGH,NONE,1,1,Mastodon,2024-12-01,2024-12-01,1,False,False,8.1,0.00043,1465
CVE-2024-53739,CVE-2024-53739-1,2024-12-01,Mastodon,8.1,high,0.00043,enriched,NETWORK,HIGH,NONE,NONE,UNCHANGED,HIGH,HIGH,HIGH,1,1,Mastodon,2024-12-01,2024-12-01,1,False,False,8.1,0.00043,1948
CVE-2024-43703,CVE-2024-43703-1,2024-12-01,Mastodon,8.1,high,0.00043,enriched,NETWORK,LOW,LOW,NONE,UNCHANGED,HIGH,HIGH,NONE,1,1,Mastodon,2024-12-01,2024-12-01,1,False,False,8.1,0.00043,1466
CVE-2024-33044,CVE-2024-33044-1,2024-12-02,Mastodon,8.4,high,0.00043,enriched,LOCAL,LOW,NONE,NONE,UNCHANGED,HIGH,HIGH,HIGH,1,1,Mastodon,2024-12-02,2024-12-02,1,False,False,8.4,0.00043,1218
CVE-2024-53793,CVE-2024-53793-1,2024-12-02,Mastodon,8.2,high,0.00043,enriched,NETWORK,LOW,NONE,REQUIRED,CHANGED,HIGH,NONE,LOW,1,1,Mastodon,2024-12-02,2024-12-02,1,False,False,8.2,0.00043,1950
CVE-2018-9380,CVE-2018-9380-1,2024-12-02,Mastodon,8.8,high,0.00043,enriched,NETWORK,LOW,NONE,REQUIRED,UNCHANGED,HIGH,HIGH,HIGH,1,1,Mastodon,2024-12-02,2024-12-02,1,False,False,8.8,0.00043,71
CVE-2024-35368,CVE-2024-35368-1,2024-12-02,Mastodon,9.8,critical,0.00045,original,NETWORK,LOW,NONE,NONE,UNCHANGED,HIGH,HIGH,HIGH,1,1,Mastodon,2024-12-02,2024-12-02,1,True,True,9.8,0.00045,1248
CVE-2024-10905,CVE-2024-10905-1,2024-12-02,Mastodon,10.0,critical,0.00043,enriched,NETWORK,LOW,NONE,NONE,CHANGED,HIGH,HIGH,HIGH,1,1,Mastodon,2024-12-02,2024-12-02,1,False,False,10.0,0.00043,703
CVE-2024-53507,CVE-2024-53507-1,2024-12-02,Mastodon,9.8,critical,0.00043,original,NETWORK,LOW,NONE,NONE,UNCHANGED,HIGH,HIGH,HIGH,1,1,Mastodon,2024-12-02,2024-12-02,1,True,False,9.8,0.00043,1936
CVE-2024-35367,CVE-2024-35367-1,2024-12-02,Mastodon,9.1,critical,0.00045,original,NETWORK,LOW,NONE,NONE,UNCHANGED,HIGH,NONE,HIGH,1,1,Mastodon,2024-12-02,2024-12-02,1,True,True,9.1,0.00045,1247
CVE-2024-35366,CVE-2024-35366-1,2024-12-02,Mastodon,9.1,critical,0.00045,original,NETWORK,LOW,NONE,NONE,UNCHANGED,NONE,HIGH,HIGH,1,1,Mastodon,2024-12-02,2024-12-02,1,True,True,9.1,0.00045,1246
CVE-2024-39890,CVE-2024-39890-1,2024-12-02,Mastodon,8.1,high,0.00043,enriched,NETWORK,HIGH,NONE,NONE,UNCHANGED,HIGH,HIGH,HIGH,1,1,Mastodon,2024-12-02,2024-12-02,1,False,False,8.1,0.00043,1351
CVE-2024-53792,CVE-2024-53792-1,2024-12-02,Mastodon,8.5,high,0.00043,enriched,NETWORK,LOW,LOW,NONE,CHANGED,HIGH,NONE,LOW,1,1,Mastodon,2024-12-02,2024-12-02,1,False,False,8.5,0.00043,1949
CVE-2024-33056,CVE-2024-33056-1,2024-12-02,Mastodon,8.4,high,0.00043,enriched,LOCAL,LOW,NONE,NONE,UNCHANGED,HIGH,HIGH,HIGH,1,1,Mastodon,2024-12-02,2024-12-02,1,False,False,8.4,0.00043,1219
CVE-2024-8785,CVE-2024-8785-1,2024-12-02,Mastodon,9.8,critical,0.00045,enriched,NETWORK,LOW,NONE,NONE,UNCHANGED,HIGH,HIGH,HIGH,1,1,Mastodon,2024-12-02,2024-12-02,1,False,False,9.8,0.00045,2339
CVE-2024-46908,CVE-2024-46908-1,2024-12-02,Mastodon,8.8,high,0.00045,enriched,NETWORK,LOW,LOW,NONE,UNCHANGED,HIGH,HIGH,HIGH,1,1,Mastodon,2024-12-02,2024-12-02,1,False,False,8.8,0.00045,1551
CVE-2024-46907,CVE-2024-46907-1,2024-12-02,Mastodon,8.8,high,0.00045,enriched,NETWORK,LOW,LOW,NONE,UNCHANGED,HIGH,HIGH,HIGH,1,1,Mastodon,2024-12-02,2024-12-02,1,False,False,8.8,0.00045,1550
CVE-2024-46909,CVE-2024-46909-1,2024-12-02,Mastodon,9.8,critical,0.00045,enriched,NETWORK,LOW,NONE,NONE,UNCHANGED,HIGH,HIGH,HIGH,1,1,Mastodon,2024-12-02,2024-12-02,1,False,False,9.8,0.00045,1552
CVE-2024-52806,CVE-2024-52806-1,2024-12-02,Mastodon,8.3,high,0.00043,enriched,NETWORK,LOW,NONE,NONE,CHANGED,LOW,LOW,LOW,1,1,Mastodon,2024-12-02,2024-12-02,1,True,True,8.3,0.00043,1904
CVE-2024-46906,CVE-2024-46906-1,2024-12-02,Mastodon,8.8,high,0.00045,enriched,NETWORK,LOW,LOW,NONE,UNCHANGED,HIGH,HIGH,HIGH,1,1,Mastodon,2024-12-02,2024-12-02,1,False,False,8.8,0.00045,1549
CVE-2024-52476,CVE-2024-52476-1,2024-12-02,Mastodon,10.0,critical,0.00043,enriched,NETWORK,LOW,NONE,NONE,CHANGED,HIGH,HIGH,HIGH,1,1,Mastodon,2024-12-02,2024-12-02,1,False,False,10.0,0.00043,1881
CVE-2024-46905,CVE-2024-46905-1,2024-12-02,Mastodon,8.8,high,0.00045,enriched,NETWORK,LOW,LOW,NONE,UNCHANGED,HIGH,HIGH,HIGH,1,1,Mastodon,2024-12-02,2024-12-02,1,False,False,8.8,0.00045,1548
CVE-2024-53506,CVE-2024-53506-1,2024-12-02,Mastodon,9.8,critical,0.00043,original,NETWORK,LOW,NONE,NONE,UNCHANGED,HIGH,HIGH,HIGH,1,1,Mastodon,2024-12-02,2024-12-02,1,True,False,9.8,0.00043,1935
CVE-2024-53505,CVE-2024-53505-1,2024-12-02,Mastodon,9.8,critical,0.00043,original,NETWORK,LOW,NONE,NONE,UNCHANGED,HIGH,HIGH,HIGH,1,1,Mastodon,2024-12-02,2024-12-02,1,True,False,9.8,0.00043,1934
CVE-2024-53504,CVE-2024-53504-1,2024-12-02,Mastodon,9.8,critical,0.00043,original,NETWORK,LOW,NONE,NONE,UNCHANGED,HIGH,HIGH,HIGH,1,1,Mastodon,2024-12-02,2024-12-02,1,True,False,9.8,0.00043,1933
CVE-2024-45106,CVE-2024-45106-1,2024-12-03,Mastodon,8.1,high,0.00043,enriched,NETWORK,LOW,LOW,NONE,UNCHANGED,HIGH,HIGH,NONE,1,1,Mastodon,2024-12-03,2024-12-03,1,False,False,8.1,0.00043,1495
CVE-2024-52724,CVE-2024-52724-1,2024-12-03,Mastodon,9.8,critical,0.00043,original,NETWORK,LOW,NONE,NONE,UNCHANGED,HIGH,HIGH,HIGH,1,1,Mastodon,2024-12-03,2024-12-03,1,True,True,9.8,0.00043,1894
CVE-2024-52732,CVE-2024-52732-1,2024-12-03,Mastodon,9.1,critical,0.00045,original,NETWORK,LOW,NONE,NONE,UNCHANGED,HIGH,HIGH,NONE,1,1,Mastodon,2024-12-03,2024-12-03,1,True,True,9.1,0.00045,1895
CVE-2024-40691,CVE-2024-40691-1,2024-12-03,Mastodon,8.0,high,0.00043,enriched,NETWORK,LOW,LOW,REQUIRED,UNCHANGED,HIGH,HIGH,HIGH,1,1,Mastodon,2024-12-03,2024-12-03,1,False,False,8.0,0.00043,1366
CVE-2024-53900,CVE-2024-53900-1,2024-12-03,Mastodon,9.1,critical,0.00045,original,NETWORK,LOW,NONE,NONE,UNCHANGED,HIGH,HIGH,NONE,2,1,Mastodon,2024-12-03,2025-01-15,2,True,True,9.1,0.00045,1962
CVE-2024-49415,CVE-2024-49415-1,2024-12-03,Mastodon,8.1,high,0.00043,enriched,NETWORK,HIGH,NONE,NONE,UNCHANGED,HIGH,HIGH,HIGH,1,1,Mastodon,2024-12-03,2024-12-03,3,False,False,8.1,0.00043,1696
CVE-2024-52544,CVE-2024-52544-1,2024-12-03,Mastodon,9.8,critical,0.00043,enriched,NETWORK,LOW,NONE,NONE,UNCHANGED,HIGH,HIGH,HIGH,1,1,Mastodon,2024-12-03,2024-12-03,1,True,False,9.8,0.00043,1887
CVE-2024-53937,CVE-2024-53937-1,2024-12-03,Mastodon,8.8,high,0.00043,original,ADJACENT_NETWORK,LOW,NONE,NONE,UNCHANGED,HIGH,HIGH,HIGH,1,1,Mastodon,2024-12-03,2024-12-03,1,True,True,8.8,0.00043,1967
CVE-2024-53938,CVE-2024-53938-1,2024-12-03,Mastodon,8.8,high,0.00043,original,ADJACENT_NETWORK,LOW,NONE,NONE,UNCHANGED,HIGH,HIGH,HIGH,1,1,Mastodon,2024-12-03,2024-12-03,1,True,True,8.8,0.00043,1968
CVE-2024-53939,CVE-2024-53939-1,2024-12-03,Mastodon,8.8,high,0.00045,original,ADJACENT_NETWORK,LOW,NONE,NONE,UNCHANGED,HIGH,HIGH,HIGH,1,1,Mastodon,2024-12-03,2024-12-03,1,True,True,8.8,0.00045,1969
CVE-2024-12053,CVE-2024-12053-1,2024-12-03,Mastodon,8.8,high,0.00043,enriched,NETWORK,LOW,NONE,REQUIRED,UNCHANGED,HIGH,HIGH,HIGH,1,1,Mastodon,2024-12-03,2024-12-03,1,False,False,8.8,0.00043,826
CVE-2024-53940,CVE-2024-53940-1,2024-12-03,Mastodon,8.8,high,0.00043,original,ADJACENT_NETWORK,LOW,NONE,NONE,UNCHANGED,HIGH,HIGH,HIGH,1,1,Mastodon,2024-12-03,2024-12-03,1,True,True,8.8,0.00043,1970
CVE-2024-53941,CVE-2024-53941-1,2024-12-03,Mastodon,8.8,high,0.00043,original,ADJACENT_NETWORK,LOW,NONE,NONE,UNCHANGED,HIGH,HIGH,HIGH,1,1,Mastodon,2024-12-03,2024-12-03,1,True,True,8.8,0.00043,1971
CVE-2024-53564,CVE-2024-53564-1,2024-12-03,Mastodon,2.2,low,0.00043,original,NETWORK,HIGH,HIGH,NONE,UNCHANGED,NONE,LOW,NONE,1,1,Mastodon,2024-12-03,2024-12-03,1,True,False,2.2,0.00043,1939
CVE-2018-9418,CVE-2018-9418-1,2024-12-03,Mastodon,9.8,critical,0.00043,original,NETWORK,LOW,NONE,NONE,UNCHANGED,HIGH,HIGH,HIGH,1,1,Mastodon,2024-12-03,2024-12-03,1,False,False,9.8,0.00043,75
CVE-2024-53999,CVE-2024-53999-1,2024-12-03,Mastodon,8.1,high,0.00043,enriched,NETWORK,LOW,HIGH,REQUIRED,CHANGED,HIGH,HIGH,NONE,1,1,Mastodon,2024-12-03,2024-12-03,1,True,True,8.1,0.00043,1974
CVE-2024-53375,CVE-2024-53375-1,2024-12-03,Mastodon,8.0,high,0.00043,original,ADJACENT_NETWORK,LOW,LOW,NONE,UNCHANGED,HIGH,HIGH,HIGH,1,1,Mastodon,2024-12-03,2024-12-03,1,True,False,8.0,0.00043,1930
CVE-2024-53484,CVE-2024-53484-1,2024-12-03,Mastodon,8.8,high,0.00045,original,NETWORK,LOW,LOW,NONE,UNCHANGED,HIGH,HIGH,HIGH,1,1,Mastodon,2024-12-03,2024-12-03,1,True,True,8.8,0.00045,1932
CVE-2018-9413,CVE-2018-9413-1,2024-12-03,Mastodon,8.8,high,0.00043,original,NETWORK,LOW,NONE,REQUIRED,UNCHANGED,HIGH,HIGH,HIGH,1,1,Mastodon,2024-12-03,2024-12-03,1,False,False,8.8,0.00043,74
CVE-2024-10074,CVE-2024-10074-1,2024-12-03,Mastodon,8.8,high,0.00043,enriched,LOCAL,LOW,LOW,NONE,CHANGED,HIGH,HIGH,HIGH,1,1,Mastodon,2024-12-03,2024-12-03,1,False,False,8.8,0.00043,660
CVE-2018-9430,CVE-2018-9430-1,2024-12-03,Mastodon,9.8,critical,0.00043,original,NETWORK,LOW,NONE,NONE,UNCHANGED,HIGH,HIGH,HIGH,1,1,Mastodon,2024-12-03,2024-12-03,1,False,False,9.8,0.00043,77
CVE-2024-42422,CVE-2024-42422-1,2024-12-03,Mastodon,8.3,high,0.00043,enriched,NETWORK,LOW,NONE,NONE,CHANGED,LOW,LOW,LOW,1,1,Mastodon,2024-12-03,2024-12-03,1,False,False,8.3,0.00043,1417
CVE-2020-0238,CVE-2020-0238-1,2024-12-04,Mastodon,7.0,high,0.00042,original,LOCAL,HIGH,LOW,NONE,UNCHANGED,HIGH,HIGH,HIGH,1,1,Mastodon,2024-12-04,2024-12-04,1,False,False,7.0,0.00042,114
CVE-2024-10587,CVE-2024-10587-1,2024-12-04,Mastodon,8.8,high,0.00043,original,NETWORK,LOW,LOW,NONE,UNCHANGED,HIGH,HIGH,HIGH,1,1,Mastodon,2024-12-04,2024-12-04,1,False,False,8.8,0.00043,685
CVE-2024-11398,CVE-2024-11398-1,2024-12-04,Mastodon,8.1,high,0.00043,enriched,NETWORK,LOW,LOW,NONE,UNCHANGED,NONE,HIGH,HIGH,1,1,Mastodon,2024-12-04,2024-12-04,1,False,False,8.1,0.00043,773
CVE-2024-54154,CVE-2024-54154-1,2024-12-04,Mastodon,8.0,high,0.00043,enriched,NETWORK,LOW,LOW,REQUIRED,UNCHANGED,HIGH,HIGH,HIGH,1,1,Mastodon,2024-12-04,2024-12-04,1,False,False,8.0,0.00043,1992
CVE-2024-54661,CVE-2024-54661-1,2024-12-04,Mastodon,9.8,critical,0.00043,original,NETWORK,LOW,NONE,NONE,UNCHANGED,HIGH,HIGH,HIGH,1,1,Mastodon,2024-12-04,2024-12-04,1,False,False,9.8,0.00043,2030
CVE-2024-11293,CVE-2024-11293-1,2024-12-04,Mastodon,8.1,high,0.00043,enriched,NETWORK,HIGH,NONE,NONE,UNCHANGED,HIGH,HIGH,HIGH,1,1,Mastodon,2024-12-04,2024-12-04,1,False,False,8.1,0.00043,758
CVE-2024-42452,CVE-2024-42452-1,2024-12-04,Mastodon,8.8,high,0.00043,original,NETWORK,LOW,LOW,NONE,UNCHANGED,HIGH,HIGH,HIGH,1,1,Mastodon,2024-12-04,2024-12-04,1,False,False,8.8,0.00043,1419
CVE-2024-40717,CVE-2024-40717-1,2024-12-04,Mastodon,8.8,high,0.00043,original,NETWORK,LOW,LOW,NONE,UNCHANGED,HIGH,HIGH,HIGH,1,1,Mastodon,2024-12-04,2024-12-04,1,False,False,8.8,0.00043,1371
CVE-2024-46624,CVE-2024-46624-1,2024-12-04,Mastodon,8.8,high,0.00043,original,NETWORK,LOW,LOW,NONE,UNCHANGED,HIGH,HIGH,HIGH,1,1,Mastodon,2024-12-04,2024-12-04,1,True,True,8.8,0.00043,1539
CVE-2024-11643,CVE-2024-11643-1,2024-12-04,Mastodon,8.8,high,0.00045,enriched,NETWORK,LOW,LOW,NONE,UNCHANGED,HIGH,HIGH,HIGH,1,1,Mastodon,2024-12-04,2024-12-04,1,False,False,8.8,0.00045,792
CVE-2024-42456,CVE-2024-42456-1,2024-12-04,Mastodon,8.8,high,0.00043,original,NETWORK,LOW,LOW,NONE,UNCHANGED,HIGH,HIGH,HIGH,1,1,Mastodon,2024-12-04,2024-12-04,1,False,False,8.8,0.00043,1420
CVE-2024-51465,CVE-2024-51465-1,2024-12-04,Mastodon,8.8,high,0.00043,enriched,NETWORK,LOW,LOW,NONE,UNCHANGED,HIGH,HIGH,HIGH,1,1,Mastodon,2024-12-04,2024-12-04,1,False,False,8.8,0.00043,1768
CVE-2024-6784,CVE-2024-6784-1,2024-12-05,Mastodon,9.9,critical,0.00043,enriched,NETWORK,LOW,LOW,NONE,CHANGED,HIGH,HIGH,HIGH,1,1,Mastodon,2024-12-05,2024-12-05,1,False,False,9.9,0.00043,2304
CVE-2024-51555,CVE-2024-51555-1,2024-12-05,Mastodon,10.0,critical,0.00043,enriched,NETWORK,LOW,NONE,NONE,CHANGED,HIGH,HIGH,HIGH,1,1,Mastodon,2024-12-05,2024-12-05,1,False,False,10.0,0.00043,1785
CVE-2024-11429,CVE-2024-11429-1,2024-12-05,Mastodon,8.8,high,0.00045,enriched,NETWORK,LOW,LOW,NONE,UNCHANGED,HIGH,HIGH,HIGH,1,1,Mastodon,2024-12-05,2024-12-05,1,False,False,8.8,0.00045,774
CVE-2022-41137,CVE-2022-41137-1,2024-12-05,Mastodon,8.3,high,0.00045,enriched,NETWORK,LOW,LOW,NONE,UNCHANGED,LOW,HIGH,HIGH,1,1,Mastodon,2024-12-05,2024-12-05,1,True,True,8.3,0.00045,273
CVE-2024-45318,CVE-2024-45318-1,2024-12-05,Mastodon,8.1,high,0.00043,enriched,NETWORK,HIGH,NONE,NONE,UNCHANGED,HIGH,HIGH,HIGH,1,1,Mastodon,2024-12-05,2024-12-05,1,False,False,8.1,0.00043,1499
CVE-2024-51541,CVE-2024-51541-1,2024-12-05,Mastodon,8.2,high,0.00043,enriched,NETWORK,LOW,NONE,NONE,UNCHANGED,HIGH,LOW,NONE,1,1,Mastodon,2024-12-05,2024-12-05,1,False,False,8.2,0.00043,1773
CVE-2024-48839,CVE-2024-48839-1,2024-12-05,Mastodon,10.0,critical,0.00043,enriched,NETWORK,LOW,NONE,NONE,CHANGED,HIGH,HIGH,LOW,3,2,"ExploitDB, Mastodon",2024-12-05,2025-04-15,3,True,False,10.0,0.00316,1608
CVE-2024-48840,CVE-2024-48840-1,2024-12-05,Mastodon,10.0,critical,0.00043,enriched,NETWORK,LOW,NONE,NONE,CHANGED,HIGH,HIGH,LOW,3,2,"ExploitDB, Mastodon",2024-12-05,2025-04-17,3,True,False,10.0,0.00502,1609
CVE-2024-48845,CVE-2024-48845-1,2024-12-05,Mastodon,9.4,critical,0.00043,enriched,NETWORK,LOW,NONE,NONE,UNCHANGED,HIGH,HIGH,LOW,3,2,"ExploitDB, Mastodon",2024-12-05,2025-04-15,3,True,False,9.4,0.00121,1612
CVE-2024-48847,CVE-2024-48847-1,2024-12-05,Mastodon,8.2,high,0.00043,enriched,NETWORK,LOW,NONE,NONE,UNCHANGED,LOW,HIGH,NONE,1,1,Mastodon,2024-12-05,2024-12-05,1,False,False,8.2,0.00043,1614
CVE-2024-53703,CVE-2024-53703-1,2024-12-05,Mastodon,8.1,high,0.00043,enriched,NETWORK,HIGH,NONE,NONE,UNCHANGED,HIGH,HIGH,HIGH,1,1,Mastodon,2024-12-05,2024-12-05,1,False,False,8.1,0.00043,1944
CVE-2018-9402,CVE-2018-9402-1,2024-12-05,Mastodon,7.8,high,0.00043,original,LOCAL,LOW,LOW,NONE,UNCHANGED,HIGH,HIGH,HIGH,1,1,Mastodon,2024-12-05,2024-12-05,1,False,False,7.8,0.00043,72
CVE-2024-51554,CVE-2024-51554-1,2024-12-05,Mastodon,9.1,critical,0.00043,enriched,NETWORK,LOW,LOW,NONE,CHANGED,HIGH,LOW,LOW,1,1,Mastodon,2024-12-05,2024-12-05,1,False,False,9.1,0.00043,1784
CVE-2024-54221,CVE-2024-54221-1,2024-12-05,Mastodon,9.3,critical,0.00043,original,NETWORK,LOW,NONE,NONE,CHANGED,HIGH,NONE,LOW,1,1,Mastodon,2024-12-05,2024-12-05,1,False,False,9.3,0.00043,1996
CVE-2024-6515,CVE-2024-6515-1,2024-12-05,Mastodon,9.6,critical,0.00043,enriched,NETWORK,LOW,LOW,NONE,CHANGED,HIGH,HIGH,NONE,1,1,Mastodon,2024-12-05,2024-12-05,1,False,False,9.6,0.00043,2296
CVE-2024-51550,CVE-2024-51550-1,2024-12-05,Mastodon,10.0,critical,0.00043,enriched,NETWORK,LOW,NONE,NONE,CHANGED,HIGH,HIGH,LOW,1,1,Mastodon,2024-12-05,2024-12-05,1,False,False,10.0,0.00043,1782
CVE-2024-51549,CVE-2024-51549-1,2024-12-05,Mastodon,10.0,critical,0.00043,enriched,NETWORK,LOW,NONE,NONE,CHANGED,HIGH,HIGH,LOW,1,1,Mastodon,2024-12-05,2024-12-05,1,False,False,10.0,0.00043,1781
CVE-2024-51548,CVE-2024-51548-1,2024-12-05,Mastodon,9.9,critical,0.00043,enriched,NETWORK,LOW,LOW,NONE,CHANGED,HIGH,HIGH,HIGH,1,1,Mastodon,2024-12-05,2024-12-05,1,False,False,9.9,0.00043,1780
CVE-2024-51542,CVE-2024-51542-1,2024-12-05,Mastodon,8.2,high,0.00043,enriched,NETWORK,LOW,NONE,NONE,UNCHANGED,HIGH,LOW,NONE,1,1,Mastodon,2024-12-05,2024-12-05,1,False,False,8.2,0.00043,1774
CVE-2024-6516,CVE-2024-6516-1,2024-12-05,Mastodon,9.0,critical,0.00043,enriched,NETWORK,LOW,HIGH,NONE,CHANGED,HIGH,HIGH,LOW,7,2,"ExploitDB, Mastodon",2024-12-05,2025-04-15,7,True,False,9.0,0.00055,2297
CVE-2024-11317,CVE-2024-11317-1,2024-12-05,Mastodon,10.0,critical,0.00043,enriched,NETWORK,LOW,NONE,NONE,CHANGED,HIGH,HIGH,NONE,1,1,Mastodon,2024-12-05,2024-12-05,1,False,False,10.0,0.00043,765
CVE-2024-51543,CVE-2024-51543-1,2024-12-05,Mastodon,8.2,high,0.00043,enriched,NETWORK,LOW,NONE,NONE,UNCHANGED,HIGH,LOW,NONE,1,1,Mastodon,2024-12-05,2024-12-05,1,False,False,8.2,0.00043,1775
CVE-2024-51551,CVE-2024-51551-1,2024-12-05,Mastodon,10.0,critical,0.00043,enriched,NETWORK,LOW,NONE,NONE,CHANGED,HIGH,HIGH,HIGH,1,1,Mastodon,2024-12-05,2024-12-05,1,False,False,10.0,0.00043,1783
CVE-2024-51544,CVE-2024-51544-1,2024-12-05,Mastodon,8.2,high,0.00043,enriched,NETWORK,LOW,NONE,NONE,UNCHANGED,HIGH,LOW,NONE,1,1,Mastodon,2024-12-05,2024-12-05,1,False,False,8.2,0.00043,1776
CVE-2024-51545,CVE-2024-51545-1,2024-12-05,Mastodon,10.0,critical,0.00043,enriched,NETWORK,LOW,NONE,NONE,CHANGED,HIGH,HIGH,HIGH,1,1,Mastodon,2024-12-05,2024-12-05,1,False,False,10.0,0.00043,1777
CVE-2024-10578,CVE-2024-10578-1,2024-12-06,Mastodon,8.8,high,0.00045,enriched,NETWORK,LOW,LOW,NONE,UNCHANGED,HIGH,HIGH,HIGH,1,1,Mastodon,2024-12-06,2024-12-06,1,False,False,8.8,0.00045,684
CVE-2024-54750,CVE-2024-54750-1,2024-12-06,Mastodon,9.8,critical,0.00043,enriched,NETWORK,LOW,NONE,NONE,UNCHANGED,HIGH,HIGH,HIGH,1,1,Mastodon,2024-12-06,2024-12-06,1,False,False,9.8,0.00043,2034
CVE-2024-21571,CVE-2024-21571-1,2024-12-06,Mastodon,8.1,high,0.00043,enriched,LOCAL,HIGH,NONE,NONE,CHANGED,HIGH,HIGH,HIGH,1,1,Mastodon,2024-12-06,2024-12-06,1,False,False,8.1,0.00043,1082
CVE-2024-11323,CVE-2024-11323-1,2024-12-06,Mastodon,8.8,high,0.00043,enriched,NETWORK,LOW,LOW,NONE,UNCHANGED,HIGH,HIGH,HIGH,1,1,Mastodon,2024-12-06,2024-12-06,1,False,False,8.8,0.00043,767
CVE-2024-10771,CVE-2024-10771-1,2024-12-06,Mastodon,8.8,high,0.00044,enriched,NETWORK,LOW,LOW,NONE,UNCHANGED,HIGH,HIGH,HIGH,1,1,Mastodon,2024-12-06,2024-12-06,1,False,False,8.8,0.00044,693
CVE-2024-10772,CVE-2024-10772-1,2024-12-06,Mastodon,8.8,high,0.00044,enriched,NETWORK,LOW,LOW,NONE,UNCHANGED,HIGH,HIGH,HIGH,1,1,Mastodon,2024-12-06,2024-12-06,1,False,False,8.8,0.00044,694
CVE-2024-10773,CVE-2024-10773-1,2024-12-06,Mastodon,9.0,critical,0.00044,enriched,NETWORK,HIGH,NONE,NONE,CHANGED,HIGH,HIGH,HIGH,1,1,Mastodon,2024-12-06,2024-12-06,1,False,False,9.0,0.00044,695
CVE-2024-10776,CVE-2024-10776-1,2024-12-06,Mastodon,8.2,high,0.00044,enriched,NETWORK,LOW,NONE,NONE,UNCHANGED,NONE,LOW,HIGH,1,1,Mastodon,2024-12-06,2024-12-06,1,False,False,8.2,0.00044,696
CVE-2024-11178,CVE-2024-11178-1,2024-12-06,Mastodon,8.1,high,0.00045,enriched,NETWORK,HIGH,NONE,NONE,UNCHANGED,HIGH,HIGH,HIGH,1,1,Mastodon,2024-12-06,2024-12-06,1,False,False,8.1,0.00045,742
CVE-2024-11289,CVE-2024-11289-1,2024-12-06,Mastodon,8.1,high,0.00043,enriched,NETWORK,HIGH,NONE,NONE,UNCHANGED,HIGH,HIGH,HIGH,1,1,Mastodon,2024-12-06,2024-12-06,1,False,False,8.1,0.00043,757
CVE-2024-10516,CVE-2024-10516-1,2024-12-06,Mastodon,8.1,high,0.00045,enriched,NETWORK,HIGH,NONE,NONE,UNCHANGED,HIGH,HIGH,HIGH,1,1,Mastodon,2024-12-06,2024-12-06,1,False,False,8.1,0.00045,680
CVE-2024-12155,CVE-2024-12155-1,2024-12-06,Mastodon,9.8,critical,0.00043,enriched,NETWORK,LOW,NONE,NONE,UNCHANGED,HIGH,HIGH,HIGH,1,1,Mastodon,2024-12-06,2024-12-06,1,False,False,9.8,0.00043,845
CVE-2024-0130,CVE-2024-0130-1,2024-12-06,Mastodon,8.8,high,0.00043,enriched,ADJACENT_NETWORK,LOW,NONE,NONE,UNCHANGED,HIGH,HIGH,HIGH,1,1,Mastodon,2024-12-06,2024-12-06,1,False,False,8.8,0.00043,644
CVE-2024-53808,CVE-2024-53808-1,2024-12-06,Mastodon,8.5,high,0.00043,enriched,NETWORK,LOW,LOW,NONE,CHANGED,HIGH,NONE,LOW,1,1,Mastodon,2024-12-06,2024-12-06,1,False,False,8.5,0.00043,1953
CVE-2024-53908,CVE-2024-53908-1,2024-12-06,Mastodon,9.8,critical,0.00045,enriched,NETWORK,LOW,NONE,NONE,UNCHANGED,HIGH,HIGH,HIGH,1,1,Mastodon,2024-12-06,2024-12-06,1,False,False,9.8,0.00045,1963
CVE-2024-53807,CVE-2024-53807-1,2024-12-06,Mastodon,8.5,high,0.00043,enriched,NETWORK,LOW,LOW,NONE,CHANGED,HIGH,NONE,LOW,1,1,Mastodon,2024-12-06,2024-12-06,1,False,False,8.5,0.00043,1952
CVE-2024-47547,CVE-2024-47547-1,2024-12-06,Mastodon,9.4,critical,0.00043,enriched,NETWORK,LOW,NONE,NONE,UNCHANGED,HIGH,HIGH,LOW,1,1,Mastodon,2024-12-06,2024-12-06,1,False,False,9.4,0.00043,1577
CVE-2024-46874,CVE-2024-46874-1,2024-12-06,Mastodon,8.1,high,0.00043,enriched,NETWORK,HIGH,NONE,NONE,UNCHANGED,HIGH,HIGH,HIGH,1,1,Mastodon,2024-12-06,2024-12-06,1,False,False,8.1,0.00043,1545
CVE-2024-48871,CVE-2024-48871-1,2024-12-06,Mastodon,9.8,critical,0.00043,enriched,NETWORK,LOW,NONE,NONE,UNCHANGED,HIGH,HIGH,HIGH,1,1,Mastodon,2024-12-06,2024-12-06,1,False,False,9.8,0.00043,1620
CVE-2024-48874,CVE-2024-48874-1,2024-12-06,Mastodon,9.8,critical,0.00043,enriched,NETWORK,LOW,NONE,NONE,UNCHANGED,HIGH,HIGH,HIGH,1,1,Mastodon,2024-12-06,2024-12-06,1,False,False,9.8,0.00043,1621
CVE-2024-52335,CVE-2024-52335-1,2024-12-06,Mastodon,9.8,critical,0.00043,enriched,NETWORK,LOW,NONE,NONE,UNCHANGED,HIGH,HIGH,HIGH,1,1,Mastodon,2024-12-06,2024-12-06,1,False,False,9.8,0.00043,1825
CVE-2024-52324,CVE-2024-52324-1,2024-12-06,Mastodon,9.8,critical,0.00043,enriched,NETWORK,LOW,NONE,NONE,UNCHANGED,HIGH,HIGH,HIGH,1,1,Mastodon,2024-12-06,2024-12-06,1,False,False,9.8,0.00043,1822
CVE-2024-53815,CVE-2024-53815-1,2024-12-06,Mastodon,8.5,high,0.00043,enriched,NETWORK,LOW,LOW,NONE,CHANGED,HIGH,NONE,LOW,1,1,Mastodon,2024-12-06,2024-12-06,1,False,False,8.5,0.00043,1955
CVE-2024-54135,CVE-2024-54135-1,2024-12-06,Mastodon,9.8,critical,0.00043,enriched,NETWORK,LOW,NONE,NONE,UNCHANGED,HIGH,HIGH,HIGH,1,1,Mastodon,2024-12-06,2024-12-06,1,True,True,9.8,0.00043,1984
CVE-2024-52320,CVE-2024-52320-1,2024-12-06,Mastodon,9.8,critical,0.00043,enriched,NETWORK,LOW,NONE,NONE,UNCHANGED,HIGH,HIGH,HIGH,1,1,Mastodon,2024-12-06,2024-12-06,1,False,False,9.8,0.00043,1821
CVE-2024-54141,CVE-2024-54141-1,2024-12-06,Mastodon,8.6,high,0.00043,enriched,NETWORK,LOW,NONE,NONE,UNCHANGED,HIGH,LOW,LOW,1,1,Mastodon,2024-12-06,2024-12-06,1,True,True,8.6,0.00043,1986
CVE-2024-51815,CVE-2024-51815-1,2024-12-06,Mastodon,9.0,critical,0.00043,enriched,NETWORK,HIGH,NONE,NONE,CHANGED,HIGH,HIGH,HIGH,1,1,Mastodon,2024-12-06,2024-12-06,1,False,False,9.0,0.00043,1802
CVE-2024-51615,CVE-2024-51615-1,2024-12-06,Mastodon,9.3,critical,0.00043,enriched,NETWORK,LOW,NONE,NONE,CHANGED,HIGH,NONE,LOW,1,1,Mastodon,2024-12-06,2024-12-06,1,False,False,9.3,0.00043,1788
CVE-2024-54214,CVE-2024-54214-1,2024-12-06,Mastodon,10.0,critical,0.00043,enriched,NETWORK,LOW,NONE,NONE,CHANGED,HIGH,HIGH,HIGH,1,1,Mastodon,2024-12-06,2024-12-06,1,False,False,10.0,0.00043,1994
CVE-2024-54136,CVE-2024-54136-1,2024-12-06,Mastodon,9.8,critical,0.00043,enriched,NETWORK,LOW,NONE,NONE,UNCHANGED,HIGH,HIGH,HIGH,1,1,Mastodon,2024-12-06,2024-12-06,1,True,True,9.8,0.00043,1985
CVE-2024-53810,CVE-2024-53810-1,2024-12-06,Mastodon,9.1,critical,0.00043,enriched,NETWORK,LOW,NONE,NONE,UNCHANGED,NONE,HIGH,HIGH,1,1,Mastodon,2024-12-06,2024-12-06,1,False,False,9.1,0.00043,1954
CVE-2024-11501,CVE-2024-11501-1,2024-12-07,Mastodon,8.8,high,0.00043,enriched,NETWORK,LOW,LOW,NONE,UNCHANGED,HIGH,HIGH,HIGH,1,1,Mastodon,2024-12-07,2024-12-07,1,False,False,8.8,0.00043,780
CVE-2024-12209,CVE-2024-12209-1,2024-12-08,Mastodon,9.8,critical,0.00043,enriched,NETWORK,LOW,NONE,NONE,UNCHANGED,HIGH,HIGH,HIGH,2,1,Mastodon,2024-12-08,2024-12-17,2,False,False,9.8,0.01723,848
CVE-2023-49817,CVE-2023-49817-1,2024-12-09,Mastodon,8.2,high,0.00043,enriched,NETWORK,LOW,NONE,NONE,UNCHANGED,NONE,HIGH,LOW,1,1,Mastodon,2024-12-09,2024-12-09,1,False,False,8.2,0.00043,610
CVE-2023-49856,CVE-2023-49856-1,2024-12-09,Mastodon,8.1,high,0.00043,enriched,NETWORK,LOW,LOW,NONE,UNCHANGED,NONE,HIGH,HIGH,1,1,Mastodon,2024-12-09,2024-12-09,1,False,False,8.1,0.00043,611
CVE-2024-55579,CVE-2024-55579-1,2024-12-09,Mastodon,8.8,high,0.00043,enriched,NETWORK,LOW,NONE,REQUIRED,UNCHANGED,HIGH,HIGH,HIGH,1,1,Mastodon,2024-12-09,2024-12-09,1,False,False,8.8,0.00043,2085
CVE-2024-43222,CVE-2024-43222-1,2024-12-09,Mastodon,9.8,critical,0.00043,enriched,NETWORK,LOW,NONE,NONE,UNCHANGED,HIGH,HIGH,HIGH,1,1,Mastodon,2024-12-09,2024-12-09,1,False,False,9.8,0.00043,1440
CVE-2024-55564,CVE-2024-55564-1,2024-12-09,Mastodon,9.8,critical,0.00043,enriched,NETWORK,LOW,NONE,NONE,UNCHANGED,HIGH,HIGH,HIGH,1,1,Mastodon,2024-12-09,2024-12-09,1,False,False,9.8,0.00043,2081
CVE-2023-48286,CVE-2023-48286-1,2024-12-09,Mastodon,8.2,high,0.00043,enriched,NETWORK,LOW,NONE,NONE,UNCHANGED,NONE,HIGH,LOW,1,1,Mastodon,2024-12-09,2024-12-09,1,False,False,8.2,0.00043,601
CVE-2023-51355,CVE-2023-51355-1,2024-12-09,Mastodon,8.2,high,0.00043,enriched,NETWORK,LOW,NONE,NONE,UNCHANGED,NONE,HIGH,LOW,1,1,Mastodon,2024-12-09,2024-12-09,1,False,False,8.2,0.00043,623
CVE-2024-55560,CVE-2024-55560-1,2024-12-09,Mastodon,9.8,critical,0.00043,enriched,NETWORK,LOW,NONE,NONE,UNCHANGED,HIGH,HIGH,HIGH,1,1,Mastodon,2024-12-09,2024-12-09,1,True,True,9.8,0.00043,2080
CVE-2023-47698,CVE-2023-47698-1,2024-12-09,Mastodon,8.6,high,0.00043,enriched,NETWORK,LOW,NONE,NONE,UNCHANGED,LOW,HIGH,LOW,1,1,Mastodon,2024-12-09,2024-12-09,1,False,False,8.6,0.00043,600
CVE-2024-54747,CVE-2024-54747-1,2024-12-09,Mastodon,9.8,critical,0.00043,original,NETWORK,LOW,NONE,NONE,UNCHANGED,HIGH,HIGH,HIGH,1,1,Mastodon,2024-12-09,2024-12-09,1,False,False,9.8,0.00043,2033
CVE-2023-32117,CVE-2023-32117-1,2024-12-09,Mastodon,9.8,critical,0.00054,enriched,NETWORK,LOW,NONE,NONE,UNCHANGED,HIGH,HIGH,HIGH,1,1,Mastodon,2024-12-09,2024-12-09,1,False,False,9.8,0.00054,426
CVE-2024-54149,CVE-2024-54149-1,2024-12-09,Mastodon,8.4,high,0.00043,enriched,NETWORK,LOW,HIGH,REQUIRED,CHANGED,HIGH,HIGH,HIGH,1,1,Mastodon,2024-12-09,2024-12-09,1,True,True,8.4,0.00043,1990
CVE-2024-54215,CVE-2024-54215-1,2024-12-09,Mastodon,9.3,critical,0.00043,enriched,NETWORK,LOW,NONE,NONE,CHANGED,HIGH,NONE,LOW,1,1,Mastodon,2024-12-09,2024-12-09,1,False,False,9.3,0.00043,1995
CVE-2024-53822,CVE-2024-53822-1,2024-12-09,Mastodon,10.0,critical,0.00043,enriched,NETWORK,LOW,NONE,NONE,CHANGED,HIGH,HIGH,HIGH,1,1,Mastodon,2024-12-09,2024-12-09,1,False,False,10.0,0.00043,1956
CVE-2024-11773,CVE-2024-11773-1,2024-12-10,Mastodon,9.1,critical,0.00043,enriched,NETWORK,LOW,HIGH,NONE,CHANGED,HIGH,HIGH,HIGH,1,1,Mastodon,2024-12-10,2024-12-10,1,False,False,9.1,0.00043,800
CVE-2024-11772,CVE-2024-11772-1,2024-12-10,Mastodon,9.1,critical,0.00043,enriched,NETWORK,LOW,HIGH,NONE,CHANGED,HIGH,HIGH,HIGH,1,1,Mastodon,2024-12-10,2024-12-10,1,False,False,9.1,0.00043,799
CVE-2024-54920,CVE-2024-54920-1,2024-12-10,Mastodon,9.8,critical,0.00043,original,NETWORK,LOW,NONE,NONE,UNCHANGED,HIGH,HIGH,HIGH,1,1,Mastodon,2024-12-10,2024-12-10,1,True,True,9.8,0.00043,2046
CVE-2024-11205,CVE-2024-11205-1,2024-12-10,Mastodon,8.5,high,0.00043,original,NETWORK,LOW,LOW,NONE,CHANGED,LOW,HIGH,NONE,1,1,Mastodon,2024-12-10,2024-12-10,1,False,False,8.5,0.00043,744
CVE-2024-11633,CVE-2024-11633-1,2024-12-10,Mastodon,9.1,critical,0.00043,enriched,NETWORK,LOW,HIGH,NONE,CHANGED,HIGH,HIGH,HIGH,1,1,Mastodon,2024-12-10,2024-12-10,1,False,False,9.1,0.00043,784
CVE-2024-11634,CVE-2024-11634-1,2024-12-10,Mastodon,9.1,critical,0.00043,enriched,NETWORK,LOW,HIGH,NONE,CHANGED,HIGH,HIGH,HIGH,1,1,Mastodon,2024-12-10,2024-12-10,1,False,False,9.1,0.00043,785
CVE-2024-53247,CVE-2024-53247-1,2024-12-10,Mastodon,8.8,high,0.00043,enriched,NETWORK,LOW,LOW,NONE,UNCHANGED,HIGH,HIGH,HIGH,1,1,Mastodon,2024-12-10,2024-12-10,1,False,False,8.8,0.00043,1922
CVE-2024-50623,CVE-2024-50623-1,2024-12-10,Mastodon,9.8,critical,0.00043,original,NETWORK,LOW,NONE,NONE,UNCHANGED,HIGH,HIGH,HIGH,7,2,"BleepingComputer, Mastodon",2024-12-10,2025-04-07,7,True,False,9.8,0.94,1733
CVE-2024-11639,CVE-2024-11639-1,2024-12-10,Mastodon,10.0,critical,0.00043,enriched,NETWORK,LOW,NONE,NONE,CHANGED,HIGH,HIGH,HIGH,1,1,Mastodon,2024-12-10,2024-12-10,1,False,False,10.0,0.00043,788
CVE-2024-55636,CVE-2024-55636-1,2024-12-10,Mastodon,9.8,critical,0.00043,original,NETWORK,LOW,NONE,NONE,UNCHANGED,HIGH,HIGH,HIGH,1,1,Mastodon,2024-12-10,2024-12-10,1,False,False,9.8,0.00043,2090
CVE-2024-55637,CVE-2024-55637-1,2024-12-10,Mastodon,9.8,critical,0.00043,original,NETWORK,LOW,NONE,NONE,UNCHANGED,HIGH,HIGH,HIGH,1,1,Mastodon,2024-12-10,2024-12-10,1,False,False,9.8,0.00043,2091
CVE-2024-47578,CVE-2024-47578-1,2024-12-10,Mastodon,9.1,critical,0.00043,original,NETWORK,LOW,HIGH,NONE,CHANGED,HIGH,HIGH,HIGH,1,1,Mastodon,2024-12-10,2024-12-10,1,False,False,9.1,0.00043,1581
CVE-2024-47484,CVE-2024-47484-1,2024-12-10,Mastodon,8.2,high,0.00043,enriched,NETWORK,LOW,NONE,NONE,UNCHANGED,HIGH,NONE,LOW,1,1,Mastodon,2024-12-10,2024-12-10,1,False,False,8.2,0.00043,1572
CVE-2024-5660,CVE-2024-5660-1,2024-12-10,Mastodon,9.8,critical,0.00043,enriched,NETWORK,LOW,NONE,NONE,UNCHANGED,HIGH,HIGH,HIGH,1,1,Mastodon,2024-12-10,2024-12-10,1,False,False,9.8,0.00043,2197
CVE-2024-8540,CVE-2024-8540-1,2024-12-10,Mastodon,8.8,high,0.00043,enriched,LOCAL,LOW,LOW,NONE,CHANGED,HIGH,HIGH,HIGH,1,1,Mastodon,2024-12-10,2024-12-10,1,False,False,8.8,0.00043,2330
CVE-2024-55638,CVE-2024-55638-1,2024-12-10,Mastodon,9.8,critical,0.00043,original,NETWORK,LOW,NONE,NONE,UNCHANGED,HIGH,HIGH,HIGH,1,1,Mastodon,2024-12-10,2024-12-10,1,False,False,9.8,0.00043,2092
CVE-2024-12286,CVE-2024-12286-1,2024-12-10,Mastodon,9.8,critical,0.00043,enriched,NETWORK,LOW,NONE,NONE,UNCHANGED,HIGH,HIGH,HIGH,1,1,Mastodon,2024-12-10,2024-12-10,1,False,False,9.8,0.00043,856
CVE-2024-54198,CVE-2024-54198-1,2024-12-10,Mastodon,8.5,high,0.00043,original,NETWORK,HIGH,LOW,NONE,CHANGED,HIGH,HIGH,HIGH,1,1,Mastodon,2024-12-10,2024-12-10,1,False,False,8.5,0.00043,1993
CVE-2024-21542,CVE-2024-21542-1,2024-12-10,Mastodon,8.6,high,0.00043,original,NETWORK,LOW,NONE,NONE,CHANGED,NONE,HIGH,NONE,1,1,Mastodon,2024-12-10,2024-12-10,1,True,True,8.6,0.00043,1079
CVE-2024-37143,CVE-2024-37143-1,2024-12-10,Mastodon,10.0,critical,0.00043,original,NETWORK,LOW,NONE,NONE,CHANGED,HIGH,HIGH,HIGH,1,1,Mastodon,2024-12-10,2024-12-10,1,False,False,10.0,0.00043,1268
CVE-2024-37144,CVE-2024-37144-1,2024-12-10,Mastodon,8.2,high,0.00043,original,LOCAL,LOW,HIGH,NONE,CHANGED,HIGH,HIGH,HIGH,1,1,Mastodon,2024-12-10,2024-12-10,1,False,False,8.2,0.00043,1269
CVE-2024-54036,CVE-2024-54036-1,2024-12-10,Mastodon,9.3,critical,0.00043,enriched,NETWORK,LOW,NONE,REQUIRED,CHANGED,HIGH,HIGH,NONE,1,1,Mastodon,2024-12-10,2024-12-10,1,False,False,9.3,0.00043,1979
CVE-2024-54034,CVE-2024-54034-1,2024-12-10,Mastodon,9.3,critical,0.00043,enriched,NETWORK,LOW,NONE,REQUIRED,CHANGED,HIGH,HIGH,NONE,1,1,Mastodon,2024-12-10,2024-12-10,1,False,False,9.3,0.00043,1978
CVE-2024-54032,CVE-2024-54032-1,2024-12-10,Mastodon,9.3,critical,0.00043,enriched,NETWORK,LOW,NONE,REQUIRED,CHANGED,HIGH,HIGH,NONE,1,1,Mastodon,2024-12-10,2024-12-10,1,False,False,9.3,0.00043,1977
CVE-2020-28398,CVE-2020-28398-1,2024-12-10,Mastodon,8.8,high,0.00043,enriched,NETWORK,LOW,NONE,REQUIRED,UNCHANGED,HIGH,HIGH,HIGH,1,1,Mastodon,2024-12-10,2024-12-10,1,False,False,8.8,0.00043,138
CVE-2024-11053,CVE-2024-11053-1,2024-12-11,Mastodon,3.4,low,0.00045,enriched,NETWORK,HIGH,NONE,REQUIRED,CHANGED,LOW,NONE,NONE,1,1,Mastodon,2024-12-11,2024-12-11,1,False,False,3.4,0.00045,729
CVE-2024-50699,CVE-2024-50699-1,2024-12-11,Mastodon,8.0,high,0.00043,original,ADJACENT_NETWORK,LOW,LOW,NONE,UNCHANGED,HIGH,HIGH,HIGH,1,1,Mastodon,2024-12-11,2024-12-11,1,False,False,8.0,0.00043,1738
CVE-2024-12381,CVE-2024-12381-1,2024-12-11,Mastodon,8.8,high,0.00043,enriched,NETWORK,LOW,NONE,REQUIRED,UNCHANGED,HIGH,HIGH,HIGH,1,1,Mastodon,2024-12-11,2024-12-11,1,False,False,8.8,0.00043,871
CVE-2024-42327,CVE-2024-42327-1,2024-12-11,Mastodon,9.9,critical,0.00043,original,NETWORK,LOW,LOW,NONE,CHANGED,HIGH,HIGH,HIGH,3,2,"ExploitDB, Mastodon",2024-12-11,2025-04-16,3,True,False,9.9,0.82679,1414
CVE-2024-46442,CVE-2024-46442-1,2024-12-11,Mastodon,9.8,critical,0.00045,original,NETWORK,LOW,NONE,NONE,UNCHANGED,HIGH,HIGH,HIGH,1,1,Mastodon,2024-12-11,2024-12-11,1,True,False,9.8,0.00045,1535
CVE-2024-55586,CVE-2024-55586-1,2024-12-11,Mastodon,9.8,critical,0.00045,original,NETWORK,LOW,NONE,NONE,UNCHANGED,HIGH,HIGH,HIGH,1,1,Mastodon,2024-12-11,2024-12-11,1,True,False,9.8,0.00045,2086
CVE-2024-46340,CVE-2024-46340-1,2024-12-11,Mastodon,9.8,critical,0.00043,original,NETWORK,LOW,NONE,NONE,UNCHANGED,HIGH,HIGH,HIGH,1,1,Mastodon,2024-12-11,2024-12-11,1,False,False,9.8,0.00043,1526
CVE-2024-46341,CVE-2024-46341-1,2024-12-11,Mastodon,8.0,high,0.00043,original,ADJACENT_NETWORK,LOW,LOW,NONE,UNCHANGED,HIGH,HIGH,HIGH,1,1,Mastodon,2024-12-11,2024-12-11,1,False,False,8.0,0.00043,1527
CVE-2024-50920,CVE-2024-50920-1,2024-12-11,Mastodon,8.8,high,0.00043,original,ADJACENT_NETWORK,LOW,NONE,NONE,UNCHANGED,HIGH,HIGH,HIGH,1,1,Mastodon,2024-12-11,2024-12-11,1,True,True,8.8,0.00043,1752
CVE-2024-45493,CVE-2024-45493-1,2024-12-11,Mastodon,9.8,critical,0.00043,original,NETWORK,LOW,NONE,NONE,UNCHANGED,HIGH,HIGH,HIGH,1,1,Mastodon,2024-12-11,2024-12-11,1,False,False,9.8,0.00043,1510
CVE-2024-11737,CVE-2024-11737-1,2024-12-11,Mastodon,9.8,critical,0.00043,enriched,NETWORK,LOW,NONE,NONE,UNCHANGED,HIGH,HIGH,HIGH,1,1,Mastodon,2024-12-11,2024-12-11,1,False,False,9.8,0.00043,798
CVE-2024-55500,CVE-2024-55500-1,2024-12-11,Mastodon,8.8,high,0.00043,original,NETWORK,LOW,LOW,NONE,UNCHANGED,HIGH,HIGH,HIGH,1,1,Mastodon,2024-12-11,2024-12-11,1,True,True,8.8,0.00043,2070
CVE-2024-53290,CVE-2024-53290-1,2024-12-11,Mastodon,8.4,high,0.00043,enriched,LOCAL,LOW,NONE,NONE,UNCHANGED,HIGH,HIGH,HIGH,1,1,Mastodon,2024-12-11,2024-12-11,1,False,False,8.4,0.00043,1923
CVE-2024-45494,CVE-2024-45494-1,2024-12-11,Mastodon,9.8,critical,0.00043,original,NETWORK,LOW,NONE,NONE,UNCHANGED,HIGH,HIGH,HIGH,1,1,Mastodon,2024-12-11,2024-12-11,1,False,False,9.8,0.00043,1511
CVE-2024-54751,CVE-2024-54751-1,2024-12-11,Mastodon,9.8,critical,0.00043,original,NETWORK,LOW,NONE,NONE,UNCHANGED,HIGH,HIGH,HIGH,1,1,Mastodon,2024-12-11,2024-12-11,1,False,False,9.8,0.00043,2035
CVE-2024-49104,CVE-2024-49104-1,2024-12-12,Mastodon,8.8,high,0.00043,original,NETWORK,LOW,NONE,REQUIRED,UNCHANGED,HIGH,HIGH,HIGH,1,1,Mastodon,2024-12-12,2024-12-12,1,False,False,8.8,0.00043,1665
CVE-2024-49120,CVE-2024-49120-1,2024-12-12,Mastodon,8.1,high,0.00043,original,NETWORK,HIGH,NONE,NONE,UNCHANGED,HIGH,HIGH,HIGH,1,1,Mastodon,2024-12-12,2024-12-12,1,False,False,8.1,0.00043,1677
CVE-2024-49119,CVE-2024-49119-1,2024-12-12,Mastodon,8.1,high,0.00043,original,NETWORK,HIGH,NONE,NONE,UNCHANGED,HIGH,HIGH,HIGH,1,1,Mastodon,2024-12-12,2024-12-12,1,False,False,8.1,0.00043,1676
CVE-2024-49118,CVE-2024-49118-1,2024-12-12,Mastodon,8.1,high,0.00043,original,NETWORK,HIGH,NONE,NONE,UNCHANGED,HIGH,HIGH,HIGH,1,1,Mastodon,2024-12-12,2024-12-12,1,False,False,8.1,0.00043,1675
CVE-2024-11947,CVE-2024-11947-1,2024-12-12,Mastodon,8.8,high,0.00043,original,NETWORK,LOW,LOW,NONE,UNCHANGED,HIGH,HIGH,HIGH,1,1,Mastodon,2024-12-12,2024-12-12,1,False,False,8.8,0.00043,807
CVE-2024-12312,CVE-2024-12312-1,2024-12-12,Mastodon,8.1,high,0.00045,enriched,NETWORK,HIGH,NONE,NONE,UNCHANGED,HIGH,HIGH,HIGH,1,1,Mastodon,2024-12-12,2024-12-12,1,False,False,8.1,0.00045,861
CVE-2013-3900,CVE-2013-3900-2,2024-12-12,Reddit,5.5,medium,0.64868,original,LOCAL,LOW,NONE,REQUIRED,UNCHANGED,NONE,HIGH,NONE,2,1,Reddit,2024-12-12,2025-05-15,2,True,False,5.5,0.77259,7
CVE-2024-12040,CVE-2024-12040-1,2024-12-12,Mastodon,8.8,high,0.00043,enriched,NETWORK,LOW,LOW,NONE,UNCHANGED,HIGH,HIGH,HIGH,1,1,Mastodon,2024-12-12,2024-12-12,1,False,False,8.8,0.00043,825
CVE-2024-49115,CVE-2024-49115-1,2024-12-12,Mastodon,8.1,high,0.00043,original,NETWORK,HIGH,NONE,NONE,UNCHANGED,HIGH,HIGH,HIGH,1,1,Mastodon,2024-12-12,2024-12-12,1,False,False,8.1,0.00043,1672
CVE-2024-49127,CVE-2024-49127-1,2024-12-12,Mastodon,8.1,high,0.00043,original,NETWORK,HIGH,NONE,NONE,UNCHANGED,HIGH,HIGH,HIGH,1,1,Mastodon,2024-12-12,2024-12-12,1,False,False,8.1,0.00043,1683
CVE-2024-49105,CVE-2024-49105-1,2024-12-12,Mastodon,8.4,high,0.00043,original,NETWORK,LOW,HIGH,REQUIRED,CHANGED,HIGH,HIGH,HIGH,1,1,Mastodon,2024-12-12,2024-12-12,1,False,False,8.4,0.00043,1666
CVE-2024-11948,CVE-2024-11948-1,2024-12-12,Mastodon,9.8,critical,0.00043,original,NETWORK,LOW,NONE,NONE,UNCHANGED,HIGH,HIGH,HIGH,1,1,Mastodon,2024-12-12,2024-12-12,1,False,False,9.8,0.00043,808
CVE-2024-49125,CVE-2024-49125-1,2024-12-12,Mastodon,8.8,high,0.00043,original,NETWORK,LOW,NONE,REQUIRED,UNCHANGED,HIGH,HIGH,HIGH,1,1,Mastodon,2024-12-12,2024-12-12,1,False,False,8.8,0.00043,1681
CVE-2024-49123,CVE-2024-49123-1,2024-12-12,Mastodon,8.1,high,0.00043,original,NETWORK,HIGH,NONE,NONE,UNCHANGED,HIGH,HIGH,HIGH,1,1,Mastodon,2024-12-12,2024-12-12,1,False,False,8.1,0.00043,1679
CVE-2024-49108,CVE-2024-49108-1,2024-12-12,Mastodon,8.1,high,0.00043,original,NETWORK,HIGH,NONE,NONE,UNCHANGED,HIGH,HIGH,HIGH,1,1,Mastodon,2024-12-12,2024-12-12,1,False,False,8.1,0.00043,1668
CVE-2024-49106,CVE-2024-49106-1,2024-12-12,Mastodon,8.1,high,0.00043,original,NETWORK,HIGH,NONE,NONE,UNCHANGED,HIGH,HIGH,HIGH,1,1,Mastodon,2024-12-12,2024-12-12,1,False,False,8.1,0.00043,1667
CVE-2024-21575,CVE-2024-21575-1,2024-12-12,Mastodon,8.6,high,0.00043,enriched,NETWORK,LOW,NONE,NONE,CHANGED,NONE,HIGH,NONE,1,1,Mastodon,2024-12-12,2024-12-12,1,True,True,8.6,0.00043,1084
CVE-2024-49126,CVE-2024-49126-1,2024-12-12,Mastodon,8.1,high,0.00043,original,NETWORK,HIGH,NONE,NONE,UNCHANGED,HIGH,HIGH,HIGH,1,1,Mastodon,2024-12-12,2024-12-12,1,False,False,8.1,0.00043,1682
CVE-2024-49147,CVE-2024-49147-1,2024-12-12,Mastodon,9.3,critical,0.00043,enriched,NETWORK,LOW,NONE,NONE,CHANGED,HIGH,LOW,NONE,2,1,Mastodon,2024-12-12,2024-12-13,2,False,False,9.3,0.00043,1687
CVE-2024-11689,CVE-2024-11689-1,2024-12-12,Mastodon,8.8,high,0.00045,original,NETWORK,LOW,NONE,REQUIRED,UNCHANGED,HIGH,HIGH,HIGH,1,1,Mastodon,2024-12-12,2024-12-12,1,False,False,8.8,0.00045,794
CVE-2024-49124,CVE-2024-49124-1,2024-12-12,Mastodon,8.1,high,0.00043,original,NETWORK,HIGH,NONE,NONE,UNCHANGED,HIGH,HIGH,HIGH,1,1,Mastodon,2024-12-12,2024-12-12,1,False,False,8.1,0.00043,1680
CVE-2024-49112,CVE-2024-49112-2,2024-12-12,Mastodon,9.8,critical,0.00043,original,NETWORK,LOW,NONE,NONE,UNCHANGED,HIGH,HIGH,HIGH,4,2,"BleepingComputer, Mastodon",2024-12-12,2025-01-11,8,True,False,9.8,0.00091,1669
CVE-2024-49132,CVE-2024-49132-1,2024-12-12,Mastodon,8.1,high,0.00043,original,NETWORK,HIGH,NONE,NONE,UNCHANGED,HIGH,HIGH,HIGH,1,1,Mastodon,2024-12-12,2024-12-12,1,False,False,8.1,0.00043,1685
CVE-2024-49128,CVE-2024-49128-1,2024-12-12,Mastodon,8.1,high,0.00043,original,NETWORK,HIGH,NONE,NONE,UNCHANGED,HIGH,HIGH,HIGH,1,1,Mastodon,2024-12-12,2024-12-12,1,False,False,8.1,0.00043,1684
CVE-2024-21574,CVE-2024-21574-1,2024-12-12,Mastodon,10.0,critical,0.00043,enriched,NETWORK,LOW,NONE,NONE,CHANGED,HIGH,HIGH,HIGH,1,1,Mastodon,2024-12-12,2024-12-12,1,True,True,10.0,0.00043,1083
CVE-2024-49122,CVE-2024-49122-1,2024-12-12,Mastodon,8.1,high,0.00043,original,NETWORK,HIGH,NONE,NONE,UNCHANGED,HIGH,HIGH,HIGH,1,1,Mastodon,2024-12-12,2024-12-12,1,False,False,8.1,0.00043,1678
CVE-2024-11949,CVE-2024-11949-1,2024-12-12,Mastodon,8.8,high,0.00043,original,NETWORK,LOW,LOW,NONE,UNCHANGED,HIGH,HIGH,HIGH,1,1,Mastodon,2024-12-12,2024-12-12,1,False,False,8.8,0.00043,809
CVE-2024-49117,CVE-2024-49117-1,2024-12-12,Mastodon,8.8,high,0.00043,original,LOCAL,LOW,LOW,NONE,CHANGED,HIGH,HIGH,HIGH,1,1,Mastodon,2024-12-12,2024-12-12,1,False,False,8.8,0.00043,1674
CVE-2024-49093,CVE-2024-49093-1,2024-12-12,Mastodon,8.8,high,0.00043,original,LOCAL,LOW,LOW,NONE,CHANGED,HIGH,HIGH,HIGH,1,1,Mastodon,2024-12-12,2024-12-12,1,False,False,8.8,0.00043,1663
CVE-2024-11015,CVE-2024-11015-1,2024-12-12,Mastodon,9.8,critical,0.00043,original,NETWORK,LOW,NONE,NONE,UNCHANGED,HIGH,HIGH,HIGH,1,1,Mastodon,2024-12-12,2024-12-12,1,False,False,9.8,0.00043,721
CVE-2024-54098,CVE-2024-54098-1,2024-12-12,Mastodon,8.5,high,0.00043,enriched,LOCAL,LOW,NONE,REQUIRED,CHANGED,LOW,HIGH,HIGH,1,1,Mastodon,2024-12-12,2024-12-12,1,False,False,8.5,0.00043,1982
CVE-2024-10111,CVE-2024-10111-1,2024-12-12,Mastodon,8.1,high,0.00043,original,NETWORK,HIGH,NONE,NONE,UNCHANGED,HIGH,HIGH,HIGH,1,1,Mastodon,2024-12-12,2024-12-12,1,False,False,8.1,0.00043,663
CVE-2024-10124,CVE-2024-10124-1,2024-12-12,Mastodon,9.8,critical,0.00044,enriched,NETWORK,LOW,NONE,NONE,UNCHANGED,HIGH,HIGH,HIGH,1,1,Mastodon,2024-12-12,2024-12-12,1,False,False,9.8,0.00044,664
CVE-2024-54492,CVE-2024-54492-1,2024-12-12,Mastodon,5.9,medium,0.00045,original,NETWORK,HIGH,NONE,NONE,UNCHANGED,NONE,HIGH,NONE,1,1,Mastodon,2024-12-12,2024-12-12,1,False,False,5.9,0.00045,2027
CVE-2024-49102,CVE-2024-49102-1,2024-12-12,Mastodon,8.8,high,0.00043,original,NETWORK,LOW,NONE,REQUIRED,UNCHANGED,HIGH,HIGH,HIGH,1,1,Mastodon,2024-12-12,2024-12-12,1,False,False,8.8,0.00043,1664
CVE-2024-54514,CVE-2024-54514-1,2024-12-12,Mastodon,8.6,high,0.00044,original,LOCAL,LOW,NONE,REQUIRED,CHANGED,HIGH,HIGH,HIGH,1,1,Mastodon,2024-12-12,2024-12-12,1,False,False,8.6,0.00044,2028
CVE-2024-44241,CVE-2024-44241-1,2024-12-12,Mastodon,9.8,critical,0.00043,original,NETWORK,LOW,NONE,NONE,UNCHANGED,HIGH,HIGH,HIGH,1,1,Mastodon,2024-12-12,2024-12-12,1,False,False,9.8,0.00043,1479
CVE-2024-44242,CVE-2024-44242-1,2024-12-12,Mastodon,9.8,critical,0.00043,original,NETWORK,LOW,NONE,NONE,UNCHANGED,HIGH,HIGH,HIGH,1,1,Mastodon,2024-12-12,2024-12-12,1,False,False,9.8,0.00043,1480
CVE-2024-49116,CVE-2024-49116-1,2024-12-12,Mastodon,8.1,high,0.00043,original,NETWORK,HIGH,NONE,NONE,UNCHANGED,HIGH,HIGH,HIGH,1,1,Mastodon,2024-12-12,2024-12-12,1,False,False,8.1,0.00043,1673
CVE-2024-54842,CVE-2024-54842-1,2024-12-12,Mastodon,9.8,critical,0.00043,enriched,NETWORK,LOW,NONE,NONE,UNCHANGED,HIGH,HIGH,HIGH,1,1,Mastodon,2024-12-12,2024-12-12,1,True,True,9.8,0.00043,2043
CVE-2024-55099,CVE-2024-55099-1,2024-12-12,Mastodon,9.8,critical,0.00043,enriched,NETWORK,LOW,NONE,NONE,UNCHANGED,HIGH,HIGH,HIGH,1,1,Mastodon,2024-12-12,2024-12-12,1,True,True,9.8,0.00043,2055
CVE-2024-44299,CVE-2024-44299-1,2024-12-12,Mastodon,9.8,critical,0.00043,original,NETWORK,LOW,NONE,NONE,UNCHANGED,HIGH,HIGH,HIGH,1,1,Mastodon,2024-12-12,2024-12-12,1,False,False,9.8,0.00043,1482
CVE-2024-10590,CVE-2024-10590-1,2024-12-12,Mastodon,8.8,high,0.00043,original,NETWORK,LOW,LOW,NONE,UNCHANGED,HIGH,HIGH,HIGH,1,1,Mastodon,2024-12-12,2024-12-12,1,False,False,8.8,0.00043,686
CVE-2024-49086,CVE-2024-49086-1,2024-12-12,Mastodon,8.8,high,0.00043,original,NETWORK,LOW,NONE,REQUIRED,UNCHANGED,HIGH,HIGH,HIGH,1,1,Mastodon,2024-12-12,2024-12-12,1,False,False,8.8,0.00043,1662
CVE-2024-49085,CVE-2024-49085-1,2024-12-12,Mastodon,8.8,high,0.00043,original,NETWORK,LOW,NONE,REQUIRED,UNCHANGED,HIGH,HIGH,HIGH,1,1,Mastodon,2024-12-12,2024-12-12,1,False,False,8.8,0.00043,1661
CVE-2024-11443,CVE-2024-11443-1,2024-12-12,Mastodon,8.8,high,0.00045,original,NETWORK,LOW,LOW,NONE,UNCHANGED,HIGH,HIGH,HIGH,1,1,Mastodon,2024-12-12,2024-12-12,1,False,False,8.8,0.00045,775
CVE-2024-55587,CVE-2024-55587-1,2024-12-12,Mastodon,8.8,high,0.00045,original,NETWORK,LOW,LOW,NONE,UNCHANGED,HIGH,HIGH,HIGH,1,1,Mastodon,2024-12-12,2024-12-12,1,True,True,8.8,0.00045,2087
CVE-2024-55879,CVE-2024-55879-1,2024-12-12,Mastodon,9.1,critical,0.00045,enriched,NETWORK,LOW,HIGH,NONE,CHANGED,HIGH,HIGH,HIGH,1,1,Mastodon,2024-12-12,2024-12-12,1,True,True,9.1,0.00045,2098
CVE-2024-55884,CVE-2024-55884-1,2024-12-12,Mastodon,9.0,critical,0.00045,original,NETWORK,HIGH,NONE,NONE,CHANGED,HIGH,HIGH,HIGH,1,1,Mastodon,2024-12-12,2024-12-12,1,True,True,9.0,0.00045,2099
CVE-2024-55875,CVE-2024-55875-1,2024-12-12,Mastodon,9.8,critical,0.00045,enriched,NETWORK,LOW,NONE,NONE,UNCHANGED,HIGH,HIGH,HIGH,1,1,Mastodon,2024-12-12,2024-12-12,1,True,True,9.8,0.00045,2096
CVE-2024-55662,CVE-2024-55662-1,2024-12-12,Mastodon,9.9,critical,0.00045,enriched,NETWORK,LOW,LOW,NONE,CHANGED,HIGH,HIGH,HIGH,1,1,Mastodon,2024-12-12,2024-12-12,1,True,True,9.9,0.00045,2095
CVE-2024-11274,CVE-2024-11274-1,2024-12-12,Mastodon,8.7,high,0.00043,enriched,NETWORK,LOW,LOW,REQUIRED,CHANGED,HIGH,HIGH,NONE,1,1,Mastodon,2024-12-12,2024-12-12,1,False,False,8.7,0.00043,752
CVE-2024-55877,CVE-2024-55877-1,2024-12-12,Mastodon,9.9,critical,0.00045,enriched,NETWORK,LOW,LOW,NONE,CHANGED,HIGH,HIGH,HIGH,1,1,Mastodon,2024-12-12,2024-12-12,1,True,True,9.9,0.00045,2097
CVE-2024-42407,CVE-2024-42407-1,2024-12-12,Mastodon,8.5,high,0.00043,original,NETWORK,LOW,LOW,NONE,CHANGED,HIGH,LOW,NONE,1,1,Mastodon,2024-12-12,2024-12-12,1,False,False,8.5,0.00043,1416
CVE-2024-54262,CVE-2024-54262-1,2024-12-13,Mastodon,9.9,critical,0.00043,enriched,NETWORK,LOW,LOW,NONE,CHANGED,HIGH,HIGH,HIGH,1,1,Mastodon,2024-12-13,2024-12-13,1,False,False,9.9,0.00043,2003
CVE-2024-54273,CVE-2024-54273-1,2024-12-13,Mastodon,9.8,critical,0.00043,enriched,NETWORK,LOW,NONE,NONE,UNCHANGED,HIGH,HIGH,HIGH,1,1,Mastodon,2024-12-13,2024-12-13,1,False,False,9.8,0.00043,2005
CVE-2024-54248,CVE-2024-54248-1,2024-12-13,Mastodon,8.8,high,0.00043,enriched,NETWORK,LOW,NONE,REQUIRED,UNCHANGED,HIGH,HIGH,HIGH,1,1,Mastodon,2024-12-13,2024-12-13,1,False,False,8.8,0.00043,2000
CVE-2024-54261,CVE-2024-54261-1,2024-12-13,Mastodon,10.0,critical,0.00043,enriched,NETWORK,LOW,NONE,NONE,CHANGED,HIGH,HIGH,HIGH,1,1,Mastodon,2024-12-13,2024-12-13,1,False,False,10.0,0.00043,2002
CVE-2024-54258,CVE-2024-54258-1,2024-12-13,Mastodon,8.5,high,0.00043,enriched,NETWORK,LOW,LOW,NONE,CHANGED,HIGH,NONE,LOW,1,1,Mastodon,2024-12-13,2024-12-13,1,False,False,8.5,0.00043,2001
CVE-2024-54292,CVE-2024-54292-1,2024-12-13,Mastodon,9.3,critical,0.00043,enriched,NETWORK,LOW,NONE,NONE,CHANGED,HIGH,NONE,LOW,1,1,Mastodon,2024-12-13,2024-12-13,1,False,False,9.3,0.00043,2009
CVE-2024-54293,CVE-2024-54293-1,2024-12-13,Mastodon,9.8,critical,0.00043,enriched,NETWORK,LOW,NONE,NONE,UNCHANGED,HIGH,HIGH,HIGH,1,1,Mastodon,2024-12-13,2024-12-13,1,False,False,9.8,0.00043,2010
CVE-2024-21576,CVE-2024-21576-1,2024-12-13,Mastodon,10.0,critical,0.00043,enriched,NETWORK,LOW,NONE,NONE,CHANGED,HIGH,HIGH,HIGH,1,1,Mastodon,2024-12-13,2024-12-13,1,True,True,10.0,0.00043,1085
CVE-2024-54295,CVE-2024-54295-1,2024-12-13,Mastodon,9.8,critical,0.00043,enriched,NETWORK,LOW,NONE,NONE,UNCHANGED,HIGH,HIGH,HIGH,1,1,Mastodon,2024-12-13,2024-12-13,1,False,False,9.8,0.00043,2012
CVE-2024-54296,CVE-2024-54296-1,2024-12-13,Mastodon,9.8,critical,0.00043,enriched,NETWORK,LOW,NONE,NONE,UNCHANGED,HIGH,HIGH,HIGH,1,1,Mastodon,2024-12-13,2024-12-13,1,False,False,9.8,0.00043,2013
CVE-2024-54297,CVE-2024-54297-1,2024-12-13,Mastodon,9.8,critical,0.00043,enriched,NETWORK,LOW,NONE,NONE,UNCHANGED,HIGH,HIGH,HIGH,1,1,Mastodon,2024-12-13,2024-12-13,1,False,False,9.8,0.00043,2014
CVE-2024-54304,CVE-2024-54304-1,2024-12-13,Mastodon,8.5,high,0.00043,enriched,NETWORK,LOW,LOW,NONE,CHANGED,HIGH,NONE,LOW,1,1,Mastodon,2024-12-13,2024-12-13,1,False,False,8.5,0.00043,2015
CVE-2024-54336,CVE-2024-54336-1,2024-12-13,Mastodon,8.8,high,0.00043,enriched,NETWORK,LOW,LOW,NONE,UNCHANGED,HIGH,HIGH,HIGH,1,1,Mastodon,2024-12-13,2024-12-13,1,False,False,8.8,0.00043,2016
CVE-2024-21577,CVE-2024-21577-1,2024-12-13,Mastodon,10.0,critical,0.00043,enriched,NETWORK,LOW,NONE,NONE,CHANGED,HIGH,HIGH,HIGH,1,1,Mastodon,2024-12-13,2024-12-13,1,True,True,10.0,0.00043,1086
CVE-2024-22461,CVE-2024-22461-1,2024-12-13,Mastodon,8.8,high,0.00043,enriched,NETWORK,LOW,LOW,NONE,UNCHANGED,HIGH,HIGH,HIGH,1,1,Mastodon,2024-12-13,2024-12-13,1,False,False,8.8,0.00043,1101
CVE-2024-9290,CVE-2024-9290-1,2024-12-13,Mastodon,9.8,critical,0.00043,enriched,NETWORK,LOW,NONE,NONE,UNCHANGED,HIGH,HIGH,HIGH,1,1,Mastodon,2024-12-13,2024-12-13,1,False,False,9.8,0.00043,2374
CVE-2024-54234,CVE-2024-54234-1,2024-12-13,Mastodon,9.3,critical,0.00043,enriched,NETWORK,LOW,NONE,NONE,CHANGED,HIGH,NONE,LOW,1,1,Mastodon,2024-12-13,2024-12-13,1,False,False,9.3,0.00043,1998
CVE-2024-55887,CVE-2024-55887-1,2024-12-13,Mastodon,8.6,high,0.00043,enriched,NETWORK,LOW,NONE,NONE,CHANGED,HIGH,NONE,NONE,1,1,Mastodon,2024-12-13,2024-12-13,1,True,False,8.6,0.00043,2100
CVE-2024-54294,CVE-2024-54294-1,2024-12-13,Mastodon,9.8,critical,0.00043,enriched,NETWORK,LOW,NONE,NONE,UNCHANGED,HIGH,HIGH,HIGH,1,1,Mastodon,2024-12-13,2024-12-13,1,False,False,9.8,0.00043,2011
CVE-2024-54239,CVE-2024-54239-1,2024-12-13,Mastodon,9.8,critical,0.00043,enriched,NETWORK,LOW,NONE,NONE,UNCHANGED,HIGH,HIGH,HIGH,1,1,Mastodon,2024-12-13,2024-12-13,1,False,False,9.8,0.00043,1999
CVE-2024-55661,CVE-2024-55661-1,2024-12-13,Mastodon,8.8,high,0.00043,enriched,NETWORK,LOW,NONE,REQUIRED,UNCHANGED,HIGH,HIGH,HIGH,1,1,Mastodon,2024-12-13,2024-12-13,1,True,True,8.8,0.00043,2094
CVE-2024-10783,CVE-2024-10783-1,2024-12-13,Mastodon,8.1,high,0.00044,enriched,NETWORK,HIGH,NONE,NONE,UNCHANGED,HIGH,HIGH,HIGH,1,1,Mastodon,2024-12-13,2024-12-13,1,False,False,8.1,0.00044,697
CVE-2023-38385,CVE-2023-38385-1,2024-12-13,Mastodon,8.3,high,0.00043,enriched,NETWORK,LOW,LOW,NONE,UNCHANGED,LOW,HIGH,HIGH,1,1,Mastodon,2024-12-13,2024-12-13,1,False,False,8.3,0.00043,502
CVE-2023-33996,CVE-2023-33996-1,2024-12-13,Mastodon,8.8,high,0.00043,enriched,NETWORK,LOW,LOW,NONE,UNCHANGED,HIGH,HIGH,HIGH,1,1,Mastodon,2024-12-13,2024-12-13,1,False,False,8.8,0.00043,448
CVE-2023-41130,CVE-2023-41130-1,2024-12-13,Mastodon,8.1,high,0.00043,enriched,NETWORK,LOW,LOW,NONE,UNCHANGED,NONE,HIGH,HIGH,1,1,Mastodon,2024-12-13,2024-12-13,1,False,False,8.1,0.00043,530
CVE-2024-11986,CVE-2024-11986-1,2024-12-13,Mastodon,9.6,critical,0.00043,enriched,NETWORK,LOW,NONE,REQUIRED,CHANGED,HIGH,HIGH,HIGH,1,1,Mastodon,2024-12-13,2024-12-13,1,False,False,9.6,0.00043,820
CVE-2022-46838,CVE-2022-46838-1,2024-12-13,Mastodon,9.1,critical,0.00043,enriched,NETWORK,LOW,NONE,NONE,UNCHANGED,NONE,HIGH,HIGH,1,1,Mastodon,2024-12-13,2024-12-13,1,False,False,9.1,0.00043,295
CVE-2024-11721,CVE-2024-11721-1,2024-12-14,Mastodon,8.1,high,0.00043,enriched,NETWORK,HIGH,NONE,NONE,UNCHANGED,HIGH,HIGH,HIGH,1,1,Mastodon,2024-12-14,2024-12-14,1,False,False,8.1,0.00043,795
CVE-2024-48990,CVE-2024-48990-1,2024-12-14,Mastodon,7.8,high,0.00045,original,LOCAL,LOW,LOW,NONE,UNCHANGED,HIGH,HIGH,HIGH,1,1,Mastodon,2024-12-14,2024-12-14,1,True,True,7.8,0.00045,1634
CVE-2024-11858,CVE-2024-11858-1,2024-12-15,Mastodon,8.6,high,0.00043,enriched,LOCAL,LOW,NONE,REQUIRED,CHANGED,HIGH,HIGH,HIGH,1,1,Mastodon,2024-12-15,2024-12-15,1,False,False,8.6,0.00043,804
CVE-2024-42845,CVE-2024-42845-1,2024-12-15,Mastodon,8.0,high,0.00045,original,NETWORK,LOW,LOW,REQUIRED,UNCHANGED,HIGH,HIGH,HIGH,1,1,Mastodon,2024-12-15,2024-12-15,1,True,False,8.0,0.00045,1430
CVE-2024-12643,CVE-2024-12643-1,2024-12-16,Mastodon,8.1,high,0.00048,enriched,NETWORK,LOW,NONE,REQUIRED,UNCHANGED,NONE,HIGH,HIGH,1,1,Mastodon,2024-12-16,2024-12-16,1,False,False,8.1,0.00048,892
CVE-2024-12668,CVE-2024-12668-1,2024-12-16,Mastodon,8.2,high,0.00043,enriched,LOCAL,LOW,HIGH,NONE,CHANGED,HIGH,HIGH,HIGH,1,1,Mastodon,2024-12-16,2024-12-16,1,True,False,8.2,0.00043,899
CVE-2024-12641,CVE-2024-12641-1,2024-12-16,Mastodon,9.6,critical,0.00091,enriched,NETWORK,LOW,NONE,REQUIRED,CHANGED,HIGH,HIGH,HIGH,1,1,Mastodon,2024-12-16,2024-12-16,1,False,False,9.6,0.00091,890
CVE-2024-11972,CVE-2024-11972-1,2024-12-16,Mastodon,9.8,critical,0.00043,enriched,NETWORK,LOW,NONE,NONE,UNCHANGED,HIGH,HIGH,HIGH,3,2,"ExploitDB, Mastodon",2024-12-16,2025-04-18,6,True,False,9.8,0.6694,816
CVE-2024-54379,CVE-2024-54379-1,2024-12-16,Mastodon,8.8,high,0.00043,enriched,NETWORK,LOW,LOW,NONE,UNCHANGED,HIGH,HIGH,HIGH,1,1,Mastodon,2024-12-16,2024-12-16,1,False,False,8.8,0.00043,2024
CVE-2024-12646,CVE-2024-12646-1,2024-12-16,Mastodon,8.1,high,0.00048,enriched,NETWORK,LOW,NONE,REQUIRED,UNCHANGED,NONE,HIGH,HIGH,1,1,Mastodon,2024-12-16,2024-12-16,1,False,False,8.1,0.00048,893
CVE-2024-51378,CVE-2024-51378-1,2024-12-16,Mastodon,10.0,critical,0.00211,original,NETWORK,LOW,NONE,NONE,CHANGED,HIGH,HIGH,HIGH,3,2,"ExploitDB, Mastodon",2024-12-16,2025-04-11,3,True,True,10.0,0.93477,1762
CVE-2024-54370,CVE-2024-54370-1,2024-12-16,Mastodon,9.9,critical,0.00043,enriched,NETWORK,LOW,LOW,NONE,CHANGED,HIGH,HIGH,HIGH,1,1,Mastodon,2024-12-16,2024-12-16,1,False,False,9.9,0.00043,2021
CVE-2024-54372,CVE-2024-54372-1,2024-12-16,Mastodon,9.6,critical,0.00043,enriched,NETWORK,LOW,NONE,REQUIRED,CHANGED,HIGH,HIGH,LOW,1,1,Mastodon,2024-12-16,2024-12-16,1,False,False,9.6,0.00043,2022
CVE-2024-10095,CVE-2024-10095-1,2024-12-16,Mastodon,8.4,high,0.00043,enriched,LOCAL,LOW,NONE,NONE,UNCHANGED,HIGH,HIGH,HIGH,2,2,"Mastodon, Reddit",2024-12-16,2025-04-21,2,True,False,8.4,0.00109,662
CVE-2024-54369,CVE-2024-54369-1,2024-12-16,Mastodon,9.1,critical,0.00043,enriched,NETWORK,LOW,NONE,NONE,UNCHANGED,NONE,HIGH,HIGH,1,1,Mastodon,2024-12-16,2024-12-16,1,False,False,9.1,0.00043,2020
CVE-2024-54368,CVE-2024-54368-1,2024-12-16,Mastodon,9.6,critical,0.00043,enriched,NETWORK,LOW,NONE,REQUIRED,CHANGED,HIGH,HIGH,HIGH,1,1,Mastodon,2024-12-16,2024-12-16,1,False,False,9.6,0.00043,2019
CVE-2024-54352,CVE-2024-54352-1,2024-12-16,Mastodon,8.8,high,0.00043,enriched,NETWORK,LOW,NONE,REQUIRED,UNCHANGED,HIGH,HIGH,HIGH,1,1,Mastodon,2024-12-16,2024-12-16,1,False,False,8.8,0.00043,2017
CVE-2024-6001,CVE-2024-6001-1,2024-12-16,Mastodon,8.1,high,0.00091,enriched,NETWORK,HIGH,NONE,NONE,UNCHANGED,HIGH,HIGH,HIGH,1,1,Mastodon,2024-12-16,2024-12-16,1,False,False,8.1,0.00091,2282
CVE-2024-54285,CVE-2024-54285-1,2024-12-16,Mastodon,9.1,critical,0.00043,enriched,NETWORK,LOW,HIGH,NONE,CHANGED,HIGH,HIGH,HIGH,1,1,Mastodon,2024-12-16,2024-12-16,1,False,False,9.1,0.00043,2007
CVE-2024-54280,CVE-2024-54280-1,2024-12-16,Mastodon,9.3,critical,0.00043,enriched,NETWORK,LOW,NONE,NONE,CHANGED,HIGH,NONE,LOW,1,1,Mastodon,2024-12-16,2024-12-16,1,False,False,9.3,0.00043,2006
CVE-2024-54229,CVE-2024-54229-1,2024-12-16,Mastodon,9.8,critical,0.00043,enriched,NETWORK,LOW,NONE,NONE,UNCHANGED,HIGH,HIGH,HIGH,1,1,Mastodon,2024-12-16,2024-12-16,1,False,False,9.8,0.00043,1997
CVE-2024-43234,CVE-2024-43234-1,2024-12-16,Mastodon,9.8,critical,0.00043,enriched,NETWORK,LOW,NONE,NONE,UNCHANGED,HIGH,HIGH,HIGH,1,1,Mastodon,2024-12-16,2024-12-16,1,False,False,9.8,0.00043,1441
CVE-2024-54378,CVE-2024-54378-1,2024-12-16,Mastodon,8.8,high,0.00043,enriched,NETWORK,LOW,LOW,NONE,UNCHANGED,HIGH,HIGH,HIGH,1,1,Mastodon,2024-12-16,2024-12-16,1,False,False,8.8,0.00043,2023
CVE-2024-55972,CVE-2024-55972-1,2024-12-16,Mastodon,9.3,critical,0.00043,enriched,NETWORK,LOW,NONE,NONE,CHANGED,HIGH,NONE,LOW,1,1,Mastodon,2024-12-16,2024-12-16,1,False,False,9.3,0.00043,2111
CVE-2024-56012,CVE-2024-56012-1,2024-12-16,Mastodon,9.8,critical,0.00043,enriched,NETWORK,LOW,NONE,NONE,UNCHANGED,HIGH,HIGH,HIGH,1,1,Mastodon,2024-12-16,2024-12-16,1,False,False,9.8,0.00043,2129
CVE-2024-12642,CVE-2024-12642-1,2024-12-16,Mastodon,8.1,high,0.00048,enriched,NETWORK,LOW,NONE,REQUIRED,UNCHANGED,NONE,HIGH,HIGH,1,1,Mastodon,2024-12-16,2024-12-16,1,False,False,8.1,0.00048,891
CVE-2024-55976,CVE-2024-55976-1,2024-12-16,Mastodon,9.3,critical,0.00043,enriched,NETWORK,LOW,NONE,NONE,CHANGED,HIGH,NONE,LOW,1,1,Mastodon,2024-12-16,2024-12-16,1,False,False,9.3,0.00043,2115
CVE-2024-55977,CVE-2024-55977-1,2024-12-16,Mastodon,9.3,critical,0.00043,enriched,NETWORK,LOW,NONE,NONE,CHANGED,HIGH,NONE,LOW,1,1,Mastodon,2024-12-16,2024-12-16,1,False,False,9.3,0.00043,2116
CVE-2024-55973,CVE-2024-55973-1,2024-12-16,Mastodon,8.5,high,0.00043,enriched,NETWORK,LOW,LOW,NONE,CHANGED,HIGH,NONE,LOW,1,1,Mastodon,2024-12-16,2024-12-16,1,False,False,8.5,0.00043,2112
CVE-2024-55978,CVE-2024-55978-1,2024-12-16,Mastodon,9.3,critical,0.00043,enriched,NETWORK,LOW,NONE,NONE,CHANGED,HIGH,NONE,LOW,1,1,Mastodon,2024-12-16,2024-12-16,1,False,False,9.3,0.00043,2117
CVE-2024-55979,CVE-2024-55979-1,2024-12-16,Mastodon,8.5,high,0.00043,enriched,NETWORK,LOW,LOW,NONE,CHANGED,HIGH,NONE,LOW,1,1,Mastodon,2024-12-16,2024-12-16,1,False,False,8.5,0.00043,2118
CVE-2024-49775,CVE-2024-49775-1,2024-12-16,Mastodon,9.8,critical,0.00091,enriched,NETWORK,LOW,NONE,NONE,UNCHANGED,HIGH,HIGH,HIGH,1,1,Mastodon,2024-12-16,2024-12-16,1,False,False,9.8,0.00091,1711
CVE-2024-55980,CVE-2024-55980-1,2024-12-16,Mastodon,9.3,critical,0.00043,enriched,NETWORK,LOW,NONE,NONE,CHANGED,HIGH,NONE,LOW,1,1,Mastodon,2024-12-16,2024-12-16,1,False,False,9.3,0.00043,2119
CVE-2024-55981,CVE-2024-55981-1,2024-12-16,Mastodon,9.3,critical,0.00043,enriched,NETWORK,LOW,NONE,NONE,CHANGED,HIGH,NONE,LOW,1,1,Mastodon,2024-12-16,2024-12-16,1,False,False,9.3,0.00043,2120
CVE-2024-55982,CVE-2024-55982-1,2024-12-16,Mastodon,9.3,critical,0.00043,enriched,NETWORK,LOW,NONE,NONE,CHANGED,HIGH,NONE,LOW,1,1,Mastodon,2024-12-16,2024-12-16,1,False,False,9.3,0.00043,2121
CVE-2024-55974,CVE-2024-55974-1,2024-12-16,Mastodon,8.5,high,0.00043,enriched,NETWORK,LOW,LOW,NONE,CHANGED,HIGH,NONE,LOW,1,1,Mastodon,2024-12-16,2024-12-16,1,False,False,8.5,0.00043,2113
CVE-2024-55987,CVE-2024-55987-1,2024-12-16,Mastodon,8.5,high,0.00043,enriched,NETWORK,LOW,LOW,NONE,CHANGED,HIGH,NONE,LOW,1,1,Mastodon,2024-12-16,2024-12-16,1,False,False,8.5,0.00043,2126
CVE-2024-12092,CVE-2024-12092-1,2024-12-16,Mastodon,8.7,high,0.00043,enriched,NETWORK,LOW,LOW,REQUIRED,CHANGED,HIGH,HIGH,NONE,1,1,Mastodon,2024-12-16,2024-12-16,1,False,False,8.7,0.00043,837
CVE-2024-12091,CVE-2024-12091-1,2024-12-16,Mastodon,8.7,high,0.00043,enriched,NETWORK,LOW,LOW,REQUIRED,CHANGED,HIGH,HIGH,NONE,1,1,Mastodon,2024-12-16,2024-12-16,1,False,False,8.7,0.00043,836
CVE-2024-12090,CVE-2024-12090-1,2024-12-16,Mastodon,8.7,high,0.00043,enriched,NETWORK,LOW,LOW,REQUIRED,CHANGED,HIGH,HIGH,NONE,1,1,Mastodon,2024-12-16,2024-12-16,1,False,False,8.7,0.00043,835
CVE-2024-12089,CVE-2024-12089-1,2024-12-16,Mastodon,8.7,high,0.00043,enriched,NETWORK,LOW,LOW,REQUIRED,CHANGED,HIGH,HIGH,NONE,1,1,Mastodon,2024-12-16,2024-12-16,1,False,False,8.7,0.00043,834
CVE-2024-56013,CVE-2024-56013-1,2024-12-16,Mastodon,8.8,high,0.00043,enriched,NETWORK,LOW,LOW,NONE,UNCHANGED,HIGH,HIGH,HIGH,1,1,Mastodon,2024-12-16,2024-12-16,1,False,False,8.8,0.00043,2130
CVE-2024-55988,CVE-2024-55988-1,2024-12-16,Mastodon,9.3,critical,0.00043,enriched,NETWORK,LOW,NONE,NONE,CHANGED,HIGH,NONE,LOW,1,1,Mastodon,2024-12-16,2024-12-16,1,False,False,9.3,0.00043,2127
CVE-2024-55986,CVE-2024-55986-1,2024-12-16,Mastodon,8.5,high,0.00043,enriched,NETWORK,LOW,LOW,NONE,CHANGED,HIGH,NONE,LOW,1,1,Mastodon,2024-12-16,2024-12-16,1,False,False,8.5,0.00043,2125
CVE-2024-8326,CVE-2024-8326-1,2024-12-17,Mastodon,8.8,high,0.00066,enriched,NETWORK,LOW,LOW,NONE,UNCHANGED,HIGH,HIGH,HIGH,1,1,Mastodon,2024-12-17,2024-12-17,1,False,False,8.8,0.00066,2323
CVE-2024-55085,CVE-2024-55085-1,2024-12-17,Mastodon,9.8,critical,0.00043,original,NETWORK,LOW,NONE,NONE,UNCHANGED,HIGH,HIGH,HIGH,1,1,Mastodon,2024-12-17,2024-12-17,1,False,False,9.8,0.00043,2054
CVE-2024-11999,CVE-2024-11999-1,2024-12-17,Mastodon,8.8,high,0.00043,enriched,NETWORK,LOW,LOW,NONE,UNCHANGED,HIGH,HIGH,HIGH,1,1,Mastodon,2024-12-17,2024-12-17,1,False,False,8.8,0.00043,822
CVE-2024-52949,CVE-2024-52949-1,2024-12-17,Mastodon,7.5,high,0.00043,original,NETWORK,LOW,NONE,NONE,UNCHANGED,NONE,NONE,HIGH,1,1,Mastodon,2024-12-17,2024-12-17,1,True,False,7.5,0.00043,1914
CVE-2024-8972,CVE-2024-8972-1,2024-12-17,Mastodon,9.8,critical,0.00091,enriched,NETWORK,LOW,NONE,NONE,UNCHANGED,HIGH,HIGH,HIGH,1,1,Mastodon,2024-12-17,2024-12-17,1,False,False,9.8,0.00091,2350
CVE-2024-12293,CVE-2024-12293-1,2024-12-17,Mastodon,8.8,high,0.00054,enriched,NETWORK,LOW,NONE,REQUIRED,UNCHANGED,HIGH,HIGH,HIGH,1,1,Mastodon,2024-12-17,2024-12-17,1,False,False,8.8,0.00054,858
CVE-2024-10476,CVE-2024-10476-1,2024-12-17,Mastodon,8.0,high,0.00043,enriched,ADJACENT_NETWORK,LOW,LOW,NONE,UNCHANGED,HIGH,HIGH,HIGH,1,1,Mastodon,2024-12-17,2024-12-17,1,False,False,8.0,0.00043,678
CVE-2024-38499,CVE-2024-38499-1,2024-12-17,Mastodon,8.8,high,0.00043,enriched,NETWORK,LOW,LOW,NONE,UNCHANGED,HIGH,HIGH,HIGH,1,1,Mastodon,2024-12-17,2024-12-17,1,False,False,8.8,0.00043,1299
CVE-2024-29671,CVE-2024-29671-1,2024-12-17,Mastodon,9.8,critical,0.00045,original,NETWORK,LOW,NONE,NONE,UNCHANGED,HIGH,HIGH,HIGH,1,1,Mastodon,2024-12-17,2024-12-17,1,True,False,9.8,0.00045,1191
CVE-2024-10205,CVE-2024-10205-1,2024-12-17,Mastodon,9.4,critical,0.00043,original,NETWORK,LOW,NONE,NONE,UNCHANGED,LOW,HIGH,HIGH,1,1,Mastodon,2024-12-17,2024-12-17,1,False,False,9.4,0.00043,665
CVE-2024-12356,CVE-2024-12356-1,2024-12-17,Mastodon,9.8,critical,0.00045,original,NETWORK,LOW,NONE,NONE,UNCHANGED,HIGH,HIGH,HIGH,6,3,"BleepingComputer, Mastodon, Reddit",2024-12-17,2025-02-14,8,True,False,9.8,0.01304,867
CVE-2024-55557,CVE-2024-55557-1,2024-12-17,Mastodon,9.8,critical,0.00045,original,NETWORK,LOW,NONE,NONE,UNCHANGED,HIGH,HIGH,HIGH,1,1,Mastodon,2024-12-17,2024-12-17,1,True,False,9.8,0.00045,2079
CVE-2024-37774,CVE-2024-37774-1,2024-12-17,Mastodon,8.0,high,0.00043,original,NETWORK,LOW,LOW,REQUIRED,UNCHANGED,HIGH,HIGH,HIGH,1,1,Mastodon,2024-12-17,2024-12-17,1,False,False,8.0,0.00043,1281
CVE-2024-50379,CVE-2024-50379-1,2024-12-17,Mastodon,9.8,critical,0.00043,enriched,NETWORK,LOW,NONE,NONE,UNCHANGED,HIGH,HIGH,HIGH,1,1,Mastodon,2024-12-17,2024-12-17,1,False,False,9.8,0.00043,1730
CVE-2024-12432,CVE-2024-12432-1,2024-12-18,Mastodon,8.1,high,0.00091,original,NETWORK,HIGH,NONE,NONE,UNCHANGED,HIGH,HIGH,HIGH,1,1,Mastodon,2024-12-18,2024-12-18,1,False,False,8.1,0.00091,876
CVE-2024-56058,CVE-2024-56058-1,2024-12-18,Mastodon,9.8,critical,0.00043,enriched,NETWORK,LOW,NONE,NONE,UNCHANGED,HIGH,HIGH,HIGH,1,1,Mastodon,2024-12-18,2024-12-18,1,False,False,9.8,0.00043,2148
CVE-2024-55983,CVE-2024-55983-1,2024-12-18,Mastodon,8.5,high,0.00043,enriched,NETWORK,LOW,LOW,NONE,CHANGED,HIGH,NONE,LOW,1,1,Mastodon,2024-12-18,2024-12-18,1,False,False,8.5,0.00043,2122
CVE-2024-55984,CVE-2024-55984-1,2024-12-18,Mastodon,8.5,high,0.00043,enriched,NETWORK,LOW,LOW,NONE,CHANGED,HIGH,NONE,LOW,1,1,Mastodon,2024-12-18,2024-12-18,1,False,False,8.5,0.00043,2123
CVE-2024-55985,CVE-2024-55985-1,2024-12-18,Mastodon,8.5,high,0.00043,enriched,NETWORK,LOW,LOW,NONE,CHANGED,HIGH,NONE,LOW,1,1,Mastodon,2024-12-18,2024-12-18,1,False,False,8.5,0.00043,2124
CVE-2024-1610,CVE-2024-1610-1,2024-12-18,Mastodon,9.8,critical,0.00043,enriched,NETWORK,LOW,NONE,NONE,UNCHANGED,HIGH,HIGH,HIGH,1,1,Mastodon,2024-12-18,2024-12-18,1,False,False,9.8,0.00043,1049
CVE-2024-8672,CVE-2024-8672-1,2024-12-18,Mastodon,9.9,critical,0.00045,original,NETWORK,LOW,LOW,NONE,CHANGED,HIGH,HIGH,HIGH,1,1,Mastodon,2024-12-18,2024-12-18,1,False,False,9.9,0.00045,2334
CVE-2024-56047,CVE-2024-56047-1,2024-12-18,Mastodon,8.5,high,0.00043,enriched,NETWORK,LOW,LOW,NONE,CHANGED,HIGH,NONE,LOW,1,1,Mastodon,2024-12-18,2024-12-18,1,False,False,8.5,0.00043,2139
CVE-2024-49576,CVE-2024-49576-2,2024-12-18,Mastodon,8.8,high,0.00043,enriched,NETWORK,LOW,NONE,REQUIRED,UNCHANGED,HIGH,HIGH,HIGH,2,1,Mastodon,2024-12-18,2024-12-20,2,False,False,8.8,0.00043,1700
CVE-2024-56049,CVE-2024-56049-1,2024-12-18,Mastodon,8.5,high,0.00043,enriched,NETWORK,LOW,LOW,NONE,CHANGED,NONE,LOW,HIGH,1,1,Mastodon,2024-12-18,2024-12-18,1,False,False,8.5,0.00043,2141
CVE-2024-54270,CVE-2024-54270-1,2024-12-18,Mastodon,8.1,high,0.00043,enriched,NETWORK,HIGH,NONE,NONE,UNCHANGED,HIGH,HIGH,HIGH,1,1,Mastodon,2024-12-18,2024-12-18,1,False,False,8.1,0.00043,2004
CVE-2023-34990,CVE-2023-34990-1,2024-12-18,Mastodon,9.8,critical,0.00043,enriched,NETWORK,LOW,NONE,NONE,UNCHANGED,HIGH,HIGH,HIGH,2,1,Mastodon,2024-12-18,2024-12-18,2,False,False,9.8,0.00043,464
CVE-2024-56174,CVE-2024-56174-1,2024-12-18,Mastodon,8.1,high,0.00043,enriched,NETWORK,HIGH,NONE,NONE,UNCHANGED,HIGH,HIGH,HIGH,1,1,Mastodon,2024-12-18,2024-12-18,1,False,False,8.1,0.00043,2160
CVE-2024-4996,CVE-2024-4996-1,2024-12-18,Mastodon,9.8,critical,0.00045,enriched,NETWORK,LOW,NONE,NONE,UNCHANGED,HIGH,HIGH,HIGH,1,1,Mastodon,2024-12-18,2024-12-18,1,False,False,9.8,0.00045,1721
CVE-2024-47810,CVE-2024-47810-1,2024-12-18,Mastodon,8.8,high,0.00043,enriched,NETWORK,LOW,NONE,REQUIRED,UNCHANGED,HIGH,HIGH,HIGH,1,1,Mastodon,2024-12-18,2024-12-18,1,False,False,8.8,0.00043,1587
CVE-2024-4995,CVE-2024-4995-1,2024-12-18,Mastodon,9.8,critical,0.00045,enriched,NETWORK,LOW,NONE,NONE,UNCHANGED,HIGH,HIGH,HIGH,1,1,Mastodon,2024-12-18,2024-12-18,1,False,False,9.8,0.00045,1720
CVE-2024-29646,CVE-2024-29646-1,2024-12-18,Mastodon,9.8,critical,0.00044,original,NETWORK,LOW,NONE,NONE,UNCHANGED,HIGH,HIGH,HIGH,1,1,Mastodon,2024-12-18,2024-12-18,1,True,True,9.8,0.00044,1190
CVE-2024-39703,CVE-2024-39703-1,2024-12-18,Mastodon,8.8,high,0.00045,enriched,NETWORK,LOW,LOW,NONE,UNCHANGED,HIGH,HIGH,HIGH,1,1,Mastodon,2024-12-18,2024-12-18,1,False,False,8.8,0.00045,1319
CVE-2024-56050,CVE-2024-56050-1,2024-12-18,Mastodon,9.9,critical,0.00043,enriched,NETWORK,LOW,LOW,NONE,CHANGED,HIGH,HIGH,HIGH,1,1,Mastodon,2024-12-18,2024-12-18,1,False,False,9.9,0.00043,2142
CVE-2024-56059,CVE-2024-56059-1,2024-12-18,Mastodon,9.8,critical,0.00043,enriched,NETWORK,LOW,NONE,NONE,UNCHANGED,HIGH,HIGH,HIGH,1,1,Mastodon,2024-12-18,2024-12-18,1,False,False,9.8,0.00043,2149
CVE-2024-56048,CVE-2024-56048-1,2024-12-18,Mastodon,8.8,high,0.00043,enriched,NETWORK,LOW,LOW,NONE,UNCHANGED,HIGH,HIGH,HIGH,1,1,Mastodon,2024-12-18,2024-12-18,1,False,False,8.8,0.00043,2140
CVE-2024-56051,CVE-2024-56051-1,2024-12-18,Mastodon,8.5,high,0.00043,enriched,NETWORK,HIGH,LOW,NONE,CHANGED,HIGH,HIGH,HIGH,1,1,Mastodon,2024-12-18,2024-12-18,1,False,False,8.5,0.00043,2143
CVE-2024-55516,CVE-2024-55516-1,2024-12-18,Mastodon,9.1,critical,0.00043,original,NETWORK,LOW,NONE,NONE,UNCHANGED,HIGH,HIGH,NONE,1,1,Mastodon,2024-12-18,2024-12-18,1,True,False,9.1,0.00043,2074
CVE-2024-56057,CVE-2024-56057-1,2024-12-18,Mastodon,9.9,critical,0.00043,enriched,NETWORK,LOW,LOW,NONE,CHANGED,HIGH,HIGH,HIGH,1,1,Mastodon,2024-12-18,2024-12-18,1,False,False,9.9,0.00043,2147
CVE-2024-55975,CVE-2024-55975-1,2024-12-18,Mastodon,8.5,high,0.00043,enriched,NETWORK,LOW,LOW,NONE,CHANGED,HIGH,NONE,LOW,1,1,Mastodon,2024-12-18,2024-12-18,1,False,False,8.5,0.00043,2114
CVE-2024-12287,CVE-2024-12287-1,2024-12-18,Mastodon,9.8,critical,0.00091,enriched,NETWORK,LOW,NONE,NONE,UNCHANGED,HIGH,HIGH,HIGH,1,1,Mastodon,2024-12-18,2024-12-18,1,False,False,9.8,0.00091,857
CVE-2024-55513,CVE-2024-55513-1,2024-12-18,Mastodon,9.1,critical,0.00043,original,NETWORK,LOW,NONE,NONE,UNCHANGED,HIGH,HIGH,NONE,1,1,Mastodon,2024-12-18,2024-12-18,1,True,False,9.1,0.00043,2072
CVE-2024-56054,CVE-2024-56054-1,2024-12-18,Mastodon,9.1,critical,0.00043,enriched,NETWORK,LOW,HIGH,NONE,CHANGED,HIGH,HIGH,HIGH,1,1,Mastodon,2024-12-18,2024-12-18,1,False,False,9.1,0.00043,2145
CVE-2024-56055,CVE-2024-56055-1,2024-12-18,Mastodon,8.5,high,0.00043,enriched,NETWORK,LOW,LOW,NONE,CHANGED,NONE,LOW,HIGH,1,1,Mastodon,2024-12-18,2024-12-18,1,False,False,8.5,0.00043,2146
CVE-2024-12259,CVE-2024-12259-1,2024-12-18,Mastodon,8.8,high,0.00066,original,NETWORK,LOW,LOW,NONE,UNCHANGED,HIGH,HIGH,HIGH,1,1,Mastodon,2024-12-18,2024-12-18,1,False,False,8.8,0.00066,852
CVE-2024-54662,CVE-2024-54662-1,2024-12-18,Mastodon,9.1,critical,0.00043,original,NETWORK,LOW,NONE,NONE,UNCHANGED,HIGH,HIGH,NONE,1,1,Mastodon,2024-12-18,2024-12-18,1,False,False,9.1,0.00043,2031
CVE-2024-54383,CVE-2024-54383-1,2024-12-18,Mastodon,9.8,critical,0.00043,enriched,NETWORK,LOW,NONE,NONE,UNCHANGED,HIGH,HIGH,HIGH,1,1,Mastodon,2024-12-18,2024-12-18,1,False,False,9.8,0.00043,2025
CVE-2024-21546,CVE-2024-21546-1,2024-12-18,Mastodon,9.8,critical,0.00045,enriched,NETWORK,LOW,NONE,NONE,UNCHANGED,HIGH,HIGH,HIGH,1,1,Mastodon,2024-12-18,2024-12-18,1,True,True,9.8,0.00045,1081
CVE-2024-31668,CVE-2024-31668-1,2024-12-18,Mastodon,9.1,critical,0.00043,original,NETWORK,LOW,NONE,NONE,UNCHANGED,HIGH,HIGH,NONE,1,1,Mastodon,2024-12-18,2024-12-18,1,True,True,9.1,0.00043,1206
CVE-2024-56052,CVE-2024-56052-1,2024-12-18,Mastodon,9.9,critical,0.00043,enriched,NETWORK,LOW,LOW,NONE,CHANGED,HIGH,HIGH,HIGH,1,1,Mastodon,2024-12-18,2024-12-18,1,False,False,9.9,0.00043,2144
CVE-2024-55515,CVE-2024-55515-1,2024-12-18,Mastodon,9.8,critical,0.00043,original,NETWORK,LOW,NONE,NONE,UNCHANGED,HIGH,HIGH,HIGH,1,1,Mastodon,2024-12-18,2024-12-18,1,True,False,9.8,0.00043,2073
CVE-2021-32589,CVE-2021-32589-1,2024-12-19,Mastodon,8.1,high,0.00043,enriched,NETWORK,HIGH,NONE,NONE,UNCHANGED,HIGH,HIGH,HIGH,1,1,Mastodon,2024-12-19,2024-12-19,1,False,False,8.1,0.00043,175
CVE-2024-12626,CVE-2024-12626-1,2024-12-19,Mastodon,9.6,critical,0.00091,enriched,NETWORK,LOW,NONE,REQUIRED,CHANGED,HIGH,HIGH,HIGH,1,1,Mastodon,2024-12-19,2024-12-19,1,False,False,9.6,0.00091,889
CVE-2023-4617,CVE-2023-4617-1,2024-12-19,Mastodon,10.0,critical,0.00045,enriched,NETWORK,LOW,NONE,NONE,CHANGED,LOW,HIGH,HIGH,1,1,Mastodon,2024-12-19,2024-12-19,1,False,False,10.0,0.00045,581
CVE-2024-56200,CVE-2024-56200-1,2024-12-19,Mastodon,8.6,high,0.00045,enriched,NETWORK,LOW,NONE,NONE,CHANGED,NONE,NONE,HIGH,1,1,Mastodon,2024-12-19,2024-12-19,1,True,True,8.6,0.00045,2163
CVE-2020-15934,CVE-2020-15934-1,2024-12-19,Mastodon,8.8,high,0.00043,enriched,ADJACENT_NETWORK,LOW,NONE,NONE,UNCHANGED,HIGH,HIGH,HIGH,1,1,Mastodon,2024-12-19,2024-12-19,1,False,False,8.8,0.00043,129
CVE-2024-12700,CVE-2024-12700-1,2024-12-19,Mastodon,8.8,high,0.00043,enriched,NETWORK,LOW,LOW,NONE,UNCHANGED,HIGH,HIGH,HIGH,1,1,Mastodon,2024-12-19,2024-12-19,1,False,False,8.8,0.00043,901
CVE-2024-12727,CVE-2024-12727-1,2024-12-19,Mastodon,9.8,critical,0.00043,enriched,NETWORK,LOW,NONE,NONE,UNCHANGED,HIGH,HIGH,HIGH,2,1,Mastodon,2024-12-19,2024-12-20,4,False,False,9.8,0.00043,902
CVE-2024-12111,CVE-2024-12111-1,2024-12-19,Mastodon,8.0,high,0.00043,enriched,NETWORK,HIGH,LOW,REQUIRED,CHANGED,HIGH,HIGH,HIGH,1,1,Mastodon,2024-12-19,2024-12-19,1,False,False,8.0,0.00043,841
CVE-2024-12728,CVE-2024-12728-1,2024-12-19,Mastodon,9.8,critical,0.00043,enriched,NETWORK,LOW,NONE,NONE,UNCHANGED,HIGH,HIGH,HIGH,2,1,Mastodon,2024-12-19,2024-12-20,3,False,False,9.8,0.00043,903
CVE-2024-12729,CVE-2024-12729-1,2024-12-19,Mastodon,8.8,high,0.00043,enriched,NETWORK,LOW,LOW,NONE,UNCHANGED,HIGH,HIGH,HIGH,2,1,Mastodon,2024-12-19,2024-12-20,3,False,False,8.8,0.00043,904
CVE-2024-10244,CVE-2024-10244-1,2024-12-19,Mastodon,9.8,critical,0.00091,enriched,NETWORK,LOW,NONE,NONE,UNCHANGED,HIGH,HIGH,HIGH,1,1,Mastodon,2024-12-19,2024-12-19,1,False,False,9.8,0.00091,667
CVE-2024-47093,CVE-2024-47093-1,2024-12-19,Mastodon,8.8,high,0.00045,enriched,NETWORK,LOW,NONE,REQUIRED,UNCHANGED,HIGH,HIGH,HIGH,1,1,Mastodon,2024-12-19,2024-12-19,1,True,True,8.8,0.00045,1561
CVE-2024-25131,CVE-2024-25131-1,2024-12-19,Mastodon,8.8,high,0.00115,enriched,NETWORK,LOW,LOW,NONE,UNCHANGED,HIGH,HIGH,HIGH,1,1,Mastodon,2024-12-19,2024-12-19,1,True,True,8.8,0.00115,1144
CVE-2021-26102,CVE-2021-26102-1,2024-12-19,Mastodon,9.8,critical,0.00043,enriched,NETWORK,LOW,NONE,NONE,UNCHANGED,HIGH,HIGH,HIGH,1,1,Mastodon,2024-12-19,2024-12-19,1,False,False,9.8,0.00043,159
CVE-2022-32144,CVE-2022-32144-1,2024-12-20,Mastodon,8.6,high,0.00043,original,NETWORK,LOW,NONE,NONE,UNCHANGED,LOW,LOW,HIGH,1,1,Mastodon,2024-12-20,2024-12-20,1,False,False,8.6,0.00043,243
CVE-2024-11984,CVE-2024-11984-1,2024-12-20,Mastodon,8.8,high,0.00043,original,NETWORK,LOW,LOW,NONE,UNCHANGED,HIGH,HIGH,HIGH,1,1,Mastodon,2024-12-20,2024-12-20,1,False,False,8.8,0.00043,819
CVE-2022-32203,CVE-2022-32203-1,2024-12-20,Mastodon,9.8,critical,0.00043,original,NETWORK,LOW,NONE,NONE,UNCHANGED,HIGH,HIGH,HIGH,1,1,Mastodon,2024-12-20,2024-12-20,1,False,False,9.8,0.00043,244
CVE-2024-54150,CVE-2024-54150-1,2024-12-20,Mastodon,9.1,critical,0.00043,original,NETWORK,LOW,NONE,NONE,UNCHANGED,HIGH,HIGH,NONE,1,1,Mastodon,2024-12-20,2024-12-20,1,True,True,9.1,0.00043,1991
CVE-2024-37758,CVE-2024-37758-1,2024-12-20,Mastodon,8.8,high,0.00043,enriched,NETWORK,LOW,LOW,NONE,UNCHANGED,HIGH,HIGH,HIGH,1,1,Mastodon,2024-12-20,2024-12-20,1,False,False,8.8,0.00043,1280
CVE-2024-40695,CVE-2024-40695-1,2024-12-20,Mastodon,8.0,high,0.0005,enriched,NETWORK,LOW,LOW,REQUIRED,UNCHANGED,HIGH,HIGH,HIGH,1,1,Mastodon,2024-12-20,2024-12-20,1,False,False,8.0,0.0005,1368
CVE-2024-56358,CVE-2024-56358-1,2024-12-20,Mastodon,8.1,high,0.00043,enriched,NETWORK,LOW,NONE,REQUIRED,UNCHANGED,HIGH,HIGH,NONE,1,1,Mastodon,2024-12-20,2024-12-20,1,True,True,8.1,0.00043,2189
CVE-2024-56357,CVE-2024-56357-1,2024-12-20,Mastodon,8.1,high,0.00043,enriched,NETWORK,LOW,NONE,REQUIRED,UNCHANGED,HIGH,HIGH,NONE,1,1,Mastodon,2024-12-20,2024-12-20,1,True,True,8.1,0.00043,2188
CVE-2024-12832,CVE-2024-12832-1,2024-12-20,Mastodon,6.3,medium,0.00043,original,NETWORK,LOW,LOW,NONE,UNCHANGED,LOW,LOW,LOW,1,1,Mastodon,2024-12-20,2024-12-20,1,False,False,6.3,0.00043,923
CVE-2024-12830,CVE-2024-12830-1,2024-12-20,Mastodon,7.3,high,0.00044,original,NETWORK,LOW,NONE,NONE,UNCHANGED,LOW,LOW,LOW,1,1,Mastodon,2024-12-20,2024-12-20,1,False,False,7.3,0.00044,922
CVE-2024-51466,CVE-2024-51466-1,2024-12-20,Mastodon,9.0,critical,0.00129,enriched,NETWORK,HIGH,NONE,NONE,CHANGED,HIGH,HIGH,HIGH,1,1,Mastodon,2024-12-20,2024-12-20,1,False,False,9.0,0.00129,1769
CVE-2024-56359,CVE-2024-56359-1,2024-12-20,Mastodon,8.1,high,0.00043,enriched,NETWORK,LOW,NONE,REQUIRED,UNCHANGED,HIGH,HIGH,NONE,1,1,Mastodon,2024-12-20,2024-12-20,1,True,True,8.1,0.00043,2190
CVE-2024-12571,CVE-2024-12571-1,2024-12-20,Mastodon,9.8,critical,0.00091,enriched,NETWORK,LOW,NONE,NONE,UNCHANGED,HIGH,HIGH,HIGH,1,1,Mastodon,2024-12-20,2024-12-20,1,False,False,9.8,0.00091,886
CVE-2024-56327,CVE-2024-56327-1,2024-12-20,Mastodon,9.8,critical,0.00045,original,NETWORK,LOW,NONE,NONE,UNCHANGED,HIGH,HIGH,HIGH,1,1,Mastodon,2024-12-20,2024-12-20,1,True,False,9.8,0.00045,2183
CVE-2024-12771,CVE-2024-12771-1,2024-12-21,Mastodon,8.8,high,0.00054,enriched,NETWORK,LOW,NONE,REQUIRED,UNCHANGED,HIGH,HIGH,HIGH,1,1,Mastodon,2024-12-21,2024-12-21,1,False,False,8.8,0.00054,911
CVE-2023-31279,CVE-2023-31279-1,2024-12-21,Mastodon,8.1,high,0.00043,original,NETWORK,LOW,LOW,NONE,UNCHANGED,NONE,HIGH,HIGH,1,1,Mastodon,2024-12-21,2024-12-21,1,False,False,8.1,0.00043,413
CVE-2024-11349,CVE-2024-11349-1,2024-12-21,Mastodon,9.8,critical,0.00091,original,NETWORK,LOW,NONE,NONE,UNCHANGED,HIGH,HIGH,HIGH,1,1,Mastodon,2024-12-21,2024-12-21,1,False,False,9.8,0.00091,769
CVE-2024-12066,CVE-2024-12066-1,2024-12-21,Mastodon,8.8,high,0.0005,enriched,NETWORK,LOW,LOW,NONE,UNCHANGED,HIGH,HIGH,HIGH,1,1,Mastodon,2024-12-21,2024-12-21,1,False,False,8.8,0.0005,828
CVE-2024-12902,CVE-2024-12902-1,2024-12-23,Mastodon,8.4,high,0.00053,enriched,LOCAL,LOW,NONE,NONE,UNCHANGED,HIGH,HIGH,HIGH,1,1,Mastodon,2024-12-23,2024-12-23,1,False,False,8.4,0.00053,938
CVE-2024-46873,CVE-2024-46873-1,2024-12-23,Mastodon,9.8,critical,0.00043,original,NETWORK,LOW,NONE,NONE,UNCHANGED,HIGH,HIGH,HIGH,1,1,Mastodon,2024-12-23,2024-12-23,1,False,False,9.8,0.00043,1544
CVE-2024-45387,CVE-2024-45387-1,2024-12-23,Mastodon,9.9,critical,0.00043,enriched,NETWORK,LOW,LOW,NONE,CHANGED,HIGH,HIGH,HIGH,1,1,Mastodon,2024-12-23,2024-12-23,1,False,False,9.9,0.00043,1504
CVE-2024-56310,CVE-2024-56310-1,2024-12-24,Mastodon,8.8,high,0.00043,original,NETWORK,LOW,NONE,REQUIRED,UNCHANGED,HIGH,HIGH,HIGH,1,1,Mastodon,2024-12-24,2024-12-24,1,True,False,8.8,0.00043,2180
CVE-2024-12594,CVE-2024-12594-1,2024-12-24,Mastodon,8.8,high,0.0005,enriched,NETWORK,LOW,LOW,NONE,UNCHANGED,HIGH,HIGH,HIGH,1,1,Mastodon,2024-12-24,2024-12-24,1,False,False,8.8,0.0005,888
CVE-2019-2483,CVE-2019-2483-1,2024-12-24,Mastodon,8.2,high,0.00043,enriched,NETWORK,LOW,NONE,REQUIRED,CHANGED,HIGH,LOW,NONE,1,1,Mastodon,2024-12-24,2024-12-24,1,False,False,8.2,0.00043,102
CVE-2024-56326,CVE-2024-56326-1,2024-12-24,Mastodon,7.8,high,0.00129,original,LOCAL,LOW,LOW,NONE,UNCHANGED,HIGH,HIGH,HIGH,1,1,Mastodon,2024-12-24,2024-12-24,1,True,True,7.8,0.00129,2182
CVE-2024-54148,CVE-2024-54148-1,2024-12-24,Mastodon,9.8,critical,0.00045,original,NETWORK,LOW,NONE,NONE,UNCHANGED,HIGH,HIGH,HIGH,1,1,Mastodon,2024-12-24,2024-12-24,1,True,True,9.8,0.00045,1989
CVE-2024-56337,CVE-2024-56337-1,2024-12-24,Mastodon,9.8,critical,0.00043,original,NETWORK,LOW,NONE,NONE,UNCHANGED,HIGH,HIGH,HIGH,1,1,Mastodon,2024-12-24,2024-12-24,1,False,False,9.8,0.00043,2185
CVE-2024-12746,CVE-2024-12746-1,2024-12-24,Mastodon,8.0,high,0.00043,enriched,NETWORK,LOW,LOW,REQUIRED,UNCHANGED,HIGH,HIGH,HIGH,1,1,Mastodon,2024-12-24,2024-12-24,1,True,False,8.0,0.00043,907
CVE-2024-47515,CVE-2024-47515-1,2024-12-24,Mastodon,8.1,high,0.0005,original,NETWORK,LOW,LOW,NONE,UNCHANGED,HIGH,HIGH,NONE,1,1,Mastodon,2024-12-24,2024-12-24,1,False,False,8.1,0.0005,1573
CVE-2024-12745,CVE-2024-12745-1,2024-12-24,Mastodon,8.0,high,0.00043,enriched,NETWORK,LOW,LOW,REQUIRED,UNCHANGED,HIGH,HIGH,HIGH,1,1,Mastodon,2024-12-24,2024-12-24,1,True,False,8.0,0.00043,906
CVE-2024-40896,CVE-2024-40896-2,2024-12-24,Mastodon,9.1,critical,0.00043,original,NETWORK,LOW,NONE,NONE,UNCHANGED,NONE,HIGH,HIGH,2,1,Mastodon,2024-12-24,2024-12-26,2,False,False,9.1,0.00043,1381
CVE-2024-12881,CVE-2024-12881-1,2024-12-24,Mastodon,8.8,high,0.0005,enriched,NETWORK,LOW,LOW,NONE,UNCHANGED,HIGH,HIGH,HIGH,1,1,Mastodon,2024-12-24,2024-12-24,1,False,False,8.8,0.0005,937
CVE-2024-12744,CVE-2024-12744-1,2024-12-24,Mastodon,8.0,high,0.00043,enriched,NETWORK,LOW,LOW,REQUIRED,UNCHANGED,HIGH,HIGH,HIGH,1,1,Mastodon,2024-12-24,2024-12-24,1,True,False,8.0,0.00043,905
CVE-2024-56311,CVE-2024-56311-1,2024-12-24,Mastodon,8.8,high,0.00043,original,NETWORK,LOW,NONE,REQUIRED,UNCHANGED,HIGH,HIGH,HIGH,1,1,Mastodon,2024-12-24,2024-12-24,1,True,False,8.8,0.00043,2181
CVE-2024-8950,CVE-2024-8950-1,2024-12-25,Mastodon,9.9,critical,0.0005,enriched,NETWORK,LOW,LOW,NONE,CHANGED,HIGH,HIGH,HIGH,1,1,Mastodon,2024-12-25,2024-12-25,1,False,False,9.9,0.0005,2347
CVE-2024-11281,CVE-2024-11281-1,2024-12-25,Mastodon,9.8,critical,0.00091,enriched,NETWORK,LOW,NONE,NONE,UNCHANGED,HIGH,HIGH,HIGH,1,1,Mastodon,2024-12-25,2024-12-25,1,False,False,9.8,0.00091,753
CVE-2024-12272,CVE-2024-12272-1,2024-12-25,Mastodon,8.8,high,0.0005,original,NETWORK,LOW,LOW,NONE,UNCHANGED,HIGH,HIGH,HIGH,1,1,Mastodon,2024-12-25,2024-12-25,1,False,False,8.8,0.0005,854
CVE-2024-53850,CVE-2024-53850-1,2024-12-26,Mastodon,8.2,high,0.00043,enriched,NETWORK,LOW,NONE,NONE,UNCHANGED,HIGH,NONE,LOW,1,1,Mastodon,2024-12-26,2024-12-26,1,True,True,8.2,0.00043,1959
CVE-2024-51540,CVE-2024-51540-1,2024-12-26,Mastodon,8.1,high,0.00043,enriched,NETWORK,LOW,LOW,NONE,UNCHANGED,NONE,HIGH,HIGH,1,1,Mastodon,2024-12-26,2024-12-26,1,False,False,8.1,0.00043,1772
CVE-2024-54907,CVE-2024-54907-1,2024-12-26,Mastodon,8.8,high,0.00043,enriched,NETWORK,LOW,LOW,NONE,UNCHANGED,HIGH,HIGH,HIGH,1,1,Mastodon,2024-12-26,2024-12-26,1,True,False,8.8,0.00043,2045
CVE-2023-7300,CVE-2023-7300-1,2024-12-26,Mastodon,8.0,high,0.00043,enriched,ADJACENT_NETWORK,LOW,LOW,NONE,UNCHANGED,HIGH,HIGH,HIGH,1,1,Mastodon,2024-12-26,2024-12-26,1,False,False,8.0,0.00043,639
CVE-2024-2550,CVE-2024-2550-1,2024-12-27,Reddit,7.5,high,0.00043,original,NETWORK,LOW,NONE,NONE,UNCHANGED,NONE,NONE,HIGH,1,1,Reddit,2024-12-27,2024-12-27,1,True,False,7.5,0.00043,1146
CVE-2024-3393,CVE-2024-3393-1,2024-12-27,Reddit,7.5,high,0.00043,enriched,NETWORK,LOW,NONE,NONE,UNCHANGED,NONE,NONE,HIGH,2,1,Reddit,2024-12-27,2024-12-27,2,True,False,7.5,0.00043,1226
CVE-2020-9236,CVE-2020-9236-1,2024-12-27,Mastodon,8.8,high,0.00043,enriched,NETWORK,LOW,LOW,NONE,UNCHANGED,HIGH,HIGH,HIGH,1,1,Mastodon,2024-12-27,2024-12-27,1,False,False,8.8,0.00043,148
CVE-2024-56509,CVE-2024-56509-1,2024-12-27,Mastodon,8.6,high,0.00044,enriched,NETWORK,LOW,NONE,NONE,CHANGED,HIGH,NONE,NONE,1,1,Mastodon,2024-12-27,2024-12-27,1,True,True,8.6,0.00044,2193
CVE-2024-50717,CVE-2024-50717-1,2024-12-28,Mastodon,9.8,critical,0.00043,original,NETWORK,LOW,NONE,NONE,UNCHANGED,HIGH,HIGH,HIGH,1,1,Mastodon,2024-12-28,2024-12-28,1,False,False,9.8,0.00043,1743
CVE-2024-54450,CVE-2024-54450-1,2024-12-28,Mastodon,9.4,critical,0.00043,original,NETWORK,LOW,NONE,NONE,UNCHANGED,LOW,HIGH,HIGH,1,1,Mastodon,2024-12-28,2024-12-28,1,False,False,9.4,0.00043,2026
CVE-2024-56732,CVE-2024-56732-1,2024-12-28,Mastodon,8.8,high,0.00043,original,NETWORK,LOW,NONE,REQUIRED,UNCHANGED,HIGH,HIGH,HIGH,1,1,Mastodon,2024-12-28,2024-12-28,1,True,True,8.8,0.00043,2198
CVE-2024-50944,CVE-2024-50944-1,2024-12-28,Mastodon,9.8,critical,0.00045,original,NETWORK,LOW,NONE,NONE,UNCHANGED,HIGH,HIGH,HIGH,1,1,Mastodon,2024-12-28,2024-12-28,1,True,False,9.8,0.00045,1753
CVE-2024-50716,CVE-2024-50716-1,2024-12-28,Mastodon,9.8,critical,0.00043,original,NETWORK,LOW,NONE,NONE,UNCHANGED,HIGH,HIGH,HIGH,1,1,Mastodon,2024-12-28,2024-12-28,1,False,False,9.8,0.00043,1742
CVE-2024-47926,CVE-2024-47926-1,2024-12-30,Mastodon,9.8,critical,0.00043,enriched,NETWORK,LOW,NONE,NONE,UNCHANGED,HIGH,HIGH,HIGH,1,1,Mastodon,2024-12-30,2024-12-30,1,False,False,9.8,0.00043,1594
CVE-2024-47919,CVE-2024-47919-1,2024-12-30,Mastodon,9.8,critical,0.00043,enriched,NETWORK,LOW,NONE,NONE,UNCHANGED,HIGH,HIGH,HIGH,1,1,Mastodon,2024-12-30,2024-12-30,1,False,False,9.8,0.00043,1592
CVE-2024-56799,CVE-2024-56799-1,2024-12-30,Mastodon,10.0,critical,0.00043,enriched,NETWORK,LOW,NONE,NONE,CHANGED,HIGH,HIGH,NONE,1,1,Mastodon,2024-12-30,2024-12-30,1,True,True,10.0,0.00043,2199
CVE-2024-12828,CVE-2024-12828-1,2024-12-30,Mastodon,9.9,critical,0.00043,enriched,NETWORK,LOW,LOW,NONE,CHANGED,HIGH,HIGH,HIGH,1,1,Mastodon,2024-12-30,2024-12-30,1,True,True,9.9,0.00043,921
CVE-2024-47921,CVE-2024-47921-1,2024-12-30,Mastodon,8.4,high,0.00043,enriched,LOCAL,LOW,NONE,NONE,UNCHANGED,HIGH,HIGH,HIGH,1,1,Mastodon,2024-12-30,2024-12-30,1,False,False,8.4,0.00043,1593
CVE-2024-10044,CVE-2024-10044-1,2024-12-30,Mastodon,9.3,critical,0.00043,enriched,NETWORK,LOW,NONE,NONE,CHANGED,HIGH,LOW,NONE,1,1,Mastodon,2024-12-30,2024-12-30,1,False,False,9.3,0.00043,659
CVE-2024-56205,CVE-2024-56205-1,2024-12-31,Mastodon,9.8,critical,0.00043,enriched,NETWORK,LOW,NONE,NONE,UNCHANGED,HIGH,HIGH,HIGH,1,1,Mastodon,2024-12-31,2024-12-31,1,True,False,9.8,0.00043,2166
CVE-2024-56204,CVE-2024-56204-1,2024-12-31,Mastodon,8.8,high,0.00043,enriched,NETWORK,LOW,NONE,REQUIRED,UNCHANGED,HIGH,HIGH,HIGH,1,1,Mastodon,2024-12-31,2024-12-31,1,True,False,8.8,0.00043,2165
CVE-2024-56064,CVE-2024-56064-1,2024-12-31,Mastodon,10.0,critical,0.00043,enriched,NETWORK,LOW,NONE,NONE,CHANGED,HIGH,HIGH,HIGH,1,1,Mastodon,2024-12-31,2024-12-31,1,True,False,10.0,0.00043,2151
CVE-2024-56203,CVE-2024-56203-1,2024-12-31,Mastodon,8.8,high,0.00043,enriched,NETWORK,LOW,NONE,REQUIRED,UNCHANGED,HIGH,HIGH,HIGH,1,1,Mastodon,2024-12-31,2024-12-31,1,True,False,8.8,0.00043,2164
CVE-2024-13040,CVE-2024-13040-1,2024-12-31,Mastodon,8.8,high,0.0005,original,NETWORK,LOW,LOW,NONE,UNCHANGED,HIGH,HIGH,HIGH,1,1,Mastodon,2024-12-31,2024-12-31,1,False,False,8.8,0.0005,949
CVE-2024-56220,CVE-2024-56220-1,2024-12-31,Mastodon,9.8,critical,0.00043,enriched,NETWORK,LOW,NONE,NONE,UNCHANGED,HIGH,HIGH,HIGH,1,1,Mastodon,2024-12-31,2024-12-31,1,True,False,9.8,0.00043,2172
CVE-2024-12108,CVE-2024-12108-1,2024-12-31,Mastodon,9.6,critical,0.00043,enriched,NETWORK,LOW,LOW,NONE,CHANGED,HIGH,HIGH,NONE,1,1,Mastodon,2024-12-31,2024-12-31,1,True,False,9.6,0.00043,840
CVE-2024-56061,CVE-2024-56061-1,2024-12-31,Mastodon,8.8,high,0.00043,enriched,NETWORK,LOW,LOW,NONE,UNCHANGED,HIGH,HIGH,HIGH,1,1,Mastodon,2024-12-31,2024-12-31,1,True,False,8.8,0.00043,2150
CVE-2024-56071,CVE-2024-56071-1,2024-12-31,Mastodon,9.8,critical,0.00043,enriched,NETWORK,LOW,NONE,NONE,UNCHANGED,HIGH,HIGH,HIGH,1,1,Mastodon,2024-12-31,2024-12-31,1,True,False,9.8,0.00043,2153
CVE-2024-56039,CVE-2024-56039-1,2024-12-31,Mastodon,9.3,critical,0.00043,enriched,NETWORK,LOW,NONE,NONE,CHANGED,HIGH,NONE,LOW,1,1,Mastodon,2024-12-31,2024-12-31,1,True,False,9.3,0.00043,2131
CVE-2024-12106,CVE-2024-12106-1,2024-12-31,Mastodon,9.4,critical,0.00043,enriched,NETWORK,LOW,NONE,NONE,UNCHANGED,HIGH,HIGH,LOW,1,1,Mastodon,2024-12-31,2024-12-31,1,True,False,9.4,0.00043,839
CVE-2024-13061,CVE-2024-13061-1,2024-12-31,Mastodon,9.8,critical,0.00124,enriched,NETWORK,LOW,NONE,NONE,UNCHANGED,HIGH,HIGH,HIGH,1,1,Mastodon,2024-12-31,2024-12-31,1,True,False,9.8,0.00124,951
CVE-2024-56211,CVE-2024-56211-1,2024-12-31,Mastodon,8.8,high,0.00043,enriched,NETWORK,LOW,LOW,NONE,UNCHANGED,HIGH,HIGH,HIGH,1,1,Mastodon,2024-12-31,2024-12-31,1,False,False,8.8,0.00043,2169
CVE-2024-25133,CVE-2024-25133-1,2024-12-31,Mastodon,8.8,high,0.0005,enriched,NETWORK,LOW,LOW,NONE,UNCHANGED,HIGH,HIGH,HIGH,1,1,Mastodon,2024-12-31,2024-12-31,1,True,True,8.8,0.0005,1145
CVE-2024-56206,CVE-2024-56206-1,2024-12-31,Mastodon,8.8,high,0.00043,enriched,NETWORK,LOW,NONE,REQUIRED,UNCHANGED,HIGH,HIGH,HIGH,1,1,Mastodon,2024-12-31,2024-12-31,1,True,False,8.8,0.00043,2167
CVE-2024-56046,CVE-2024-56046-1,2024-12-31,Mastodon,10.0,critical,0.00043,enriched,NETWORK,LOW,NONE,NONE,CHANGED,HIGH,HIGH,HIGH,1,1,Mastodon,2024-12-31,2024-12-31,1,True,False,10.0,0.00043,2138
CVE-2024-56045,CVE-2024-56045-1,2024-12-31,Mastodon,9.3,critical,0.00043,enriched,NETWORK,LOW,NONE,NONE,CHANGED,NONE,LOW,HIGH,1,1,Mastodon,2024-12-31,2024-12-31,1,True,False,9.3,0.00043,2137
CVE-2024-56214,CVE-2024-56214-1,2024-12-31,Mastodon,8.3,high,0.00043,enriched,NETWORK,HIGH,NONE,REQUIRED,CHANGED,HIGH,HIGH,HIGH,1,1,Mastodon,2024-12-31,2024-12-31,1,True,False,8.3,0.00043,2171
CVE-2024-56207,CVE-2024-56207-1,2024-12-31,Mastodon,8.8,high,0.00043,enriched,NETWORK,LOW,NONE,REQUIRED,UNCHANGED,HIGH,HIGH,HIGH,1,1,Mastodon,2024-12-31,2024-12-31,1,True,False,8.8,0.00043,2168
CVE-2024-56040,CVE-2024-56040-1,2024-12-31,Mastodon,9.8,critical,0.00043,enriched,NETWORK,LOW,NONE,NONE,UNCHANGED,HIGH,HIGH,HIGH,1,1,Mastodon,2024-12-31,2024-12-31,1,True,False,9.8,0.00043,2132
CVE-2024-56044,CVE-2024-56044-1,2024-12-31,Mastodon,9.8,critical,0.00043,enriched,NETWORK,LOW,NONE,NONE,UNCHANGED,HIGH,HIGH,HIGH,1,1,Mastodon,2024-12-31,2024-12-31,1,True,False,9.8,0.00043,2136
CVE-2024-12839,CVE-2024-12839-1,2024-12-31,Mastodon,8.8,high,0.00091,original,NETWORK,LOW,NONE,REQUIRED,UNCHANGED,HIGH,HIGH,HIGH,1,1,Mastodon,2024-12-31,2024-12-31,1,False,False,8.8,0.00091,926
CVE-2024-56212,CVE-2024-56212-1,2024-12-31,Mastodon,8.5,high,0.00043,enriched,NETWORK,LOW,LOW,NONE,CHANGED,HIGH,NONE,LOW,1,1,Mastodon,2024-12-31,2024-12-31,1,False,False,8.5,0.00043,2170
CVE-2024-56041,CVE-2024-56041-1,2024-12-31,Mastodon,8.5,high,0.00043,enriched,NETWORK,LOW,LOW,NONE,CHANGED,HIGH,NONE,LOW,1,1,Mastodon,2024-12-31,2024-12-31,1,True,False,8.5,0.00043,2133
CVE-2024-56043,CVE-2024-56043-1,2024-12-31,Mastodon,9.8,critical,0.00043,enriched,NETWORK,LOW,NONE,NONE,UNCHANGED,HIGH,HIGH,HIGH,1,1,Mastodon,2024-12-31,2024-12-31,1,True,False,9.8,0.00043,2135
CVE-2024-12838,CVE-2024-12838-1,2024-12-31,Mastodon,8.8,high,0.0005,original,NETWORK,LOW,LOW,NONE,UNCHANGED,HIGH,HIGH,HIGH,1,1,Mastodon,2024-12-31,2024-12-31,1,False,False,8.8,0.0005,925
CVE-2024-56066,CVE-2024-56066-1,2024-12-31,Mastodon,9.8,critical,0.00043,enriched,NETWORK,LOW,NONE,NONE,UNCHANGED,HIGH,HIGH,HIGH,1,1,Mastodon,2024-12-31,2024-12-31,1,True,False,9.8,0.00043,2152
CVE-2024-56042,CVE-2024-56042-1,2024-12-31,Mastodon,9.3,critical,0.00043,enriched,NETWORK,LOW,NONE,NONE,CHANGED,HIGH,NONE,LOW,1,1,Mastodon,2024-12-31,2024-12-31,1,True,False,9.3,0.00043,2134
CVE-2024-56249,CVE-2024-56249-1,2025-01-02,Mastodon,9.1,critical,0.00043,enriched,NETWORK,LOW,HIGH,NONE,CHANGED,HIGH,HIGH,HIGH,1,1,Mastodon,2025-01-02,2025-01-02,1,True,False,9.1,0.00043,2173
CVE-2024-56829,CVE-2024-56829-1,2025-01-02,Mastodon,10.0,critical,0.00043,original,NETWORK,LOW,NONE,NONE,CHANGED,HIGH,HIGH,HIGH,1,1,Mastodon,2025-01-02,2025-01-02,1,True,True,10.0,0.00043,2200
CVE-2023-47179,CVE-2023-47179-1,2025-01-02,Mastodon,8.8,high,0.00043,enriched,NETWORK,LOW,LOW,NONE,UNCHANGED,HIGH,HIGH,HIGH,1,1,Mastodon,2025-01-02,2025-01-02,1,True,False,8.8,0.00043,596
CVE-2024-39623,CVE-2024-39623-1,2025-01-02,Mastodon,8.8,high,0.00043,enriched,NETWORK,LOW,NONE,REQUIRED,UNCHANGED,HIGH,HIGH,HIGH,1,1,Mastodon,2025-01-02,2025-01-02,1,True,False,8.8,0.00043,1317
CVE-2024-55507,CVE-2024-55507-1,2025-01-03,Mastodon,9.8,critical,0.00043,enriched,NETWORK,LOW,NONE,NONE,UNCHANGED,HIGH,HIGH,HIGH,1,1,Mastodon,2025-01-03,2025-01-03,1,True,True,9.8,0.00043,2071
CVE-2025-22376,CVE-2025-22376-1,2025-01-03,Mastodon,5.3,medium,0.00043,enriched,NETWORK,LOW,NONE,NONE,UNCHANGED,NONE,NONE,LOW,1,1,Mastodon,2025-01-03,2025-01-03,1,True,True,5.3,0.00043,2826
CVE-2024-9140,CVE-2024-9140-1,2025-01-03,Mastodon,9.8,critical,0.00043,enriched,NETWORK,LOW,NONE,NONE,UNCHANGED,HIGH,HIGH,HIGH,3,2,"BleepingComputer, Mastodon",2025-01-03,2025-01-06,3,True,False,9.8,0.00043,2364
CVE-2024-55078,CVE-2024-55078-1,2025-01-03,Mastodon,9.8,critical,0.00043,enriched,NETWORK,LOW,NONE,NONE,UNCHANGED,HIGH,HIGH,HIGH,1,1,Mastodon,2025-01-03,2025-01-03,1,True,True,9.8,0.00043,2053
CVE-2025-22275,CVE-2025-22275-1,2025-01-03,Mastodon,9.3,critical,0.00045,enriched,NETWORK,LOW,NONE,NONE,CHANGED,HIGH,LOW,NONE,1,1,Mastodon,2025-01-03,2025-01-03,1,True,False,9.3,0.00045,2818
CVE-2024-43767,CVE-2024-43767-1,2025-01-03,Mastodon,8.8,high,0.00043,original,NETWORK,LOW,NONE,REQUIRED,UNCHANGED,HIGH,HIGH,HIGH,1,1,Mastodon,2025-01-03,2025-01-03,1,True,False,8.8,0.00043,1468
CVE-2024-13129,CVE-2024-13129-1,2025-01-03,Mastodon,8.8,high,0.00046,enriched,NETWORK,LOW,LOW,NONE,UNCHANGED,HIGH,HIGH,HIGH,1,1,Mastodon,2025-01-03,2025-01-03,1,True,True,8.8,0.00046,957
CVE-2024-53842,CVE-2024-53842-1,2025-01-03,Mastodon,9.8,critical,0.00043,original,NETWORK,LOW,NONE,NONE,UNCHANGED,HIGH,HIGH,HIGH,1,1,Mastodon,2025-01-03,2025-01-03,1,True,False,9.8,0.00043,1958
CVE-2024-35365,CVE-2024-35365-1,2025-01-03,Mastodon,8.8,high,0.00045,enriched,NETWORK,LOW,NONE,REQUIRED,UNCHANGED,HIGH,HIGH,HIGH,1,1,Mastodon,2025-01-03,2025-01-03,1,True,True,8.8,0.00045,1245
CVE-2024-10957,CVE-2024-10957-1,2025-01-04,Mastodon,8.8,high,0.00063,enriched,NETWORK,LOW,NONE,REQUIRED,UNCHANGED,HIGH,HIGH,HIGH,1,1,Mastodon,2025-01-04,2025-01-04,1,True,False,8.8,0.00063,713
CVE-2024-10932,CVE-2024-10932-1,2025-01-04,Mastodon,8.8,high,0.00063,enriched,NETWORK,LOW,NONE,REQUIRED,UNCHANGED,HIGH,HIGH,HIGH,1,1,Mastodon,2025-01-04,2025-01-04,1,True,False,8.8,0.00063,708
CVE-2024-12583,CVE-2024-12583-1,2025-01-04,Mastodon,9.9,critical,0.00056,enriched,NETWORK,LOW,LOW,NONE,CHANGED,HIGH,HIGH,HIGH,1,1,Mastodon,2025-01-04,2025-01-04,1,True,False,9.9,0.00056,887
CVE-2024-43405,CVE-2024-43405-1,2025-01-04,BleepingComputer,7.4,high,0.00053,original,LOCAL,HIGH,NONE,REQUIRED,CHANGED,HIGH,HIGH,NONE,2,1,BleepingComputer,2025-01-04,2025-01-04,3,True,True,7.4,0.00053,1443
CVE-2024-55076,CVE-2024-55076-1,2025-01-06,Mastodon,8.1,high,0.00043,enriched,NETWORK,HIGH,NONE,NONE,UNCHANGED,HIGH,HIGH,HIGH,1,1,Mastodon,2025-01-06,2025-01-06,1,True,False,8.1,0.00043,2052
CVE-2024-55074,CVE-2024-55074-1,2025-01-06,Mastodon,8.8,high,0.00043,enriched,NETWORK,LOW,LOW,NONE,UNCHANGED,HIGH,HIGH,HIGH,1,1,Mastodon,2025-01-06,2025-01-06,1,True,False,8.8,0.00043,2051
CVE-2025-21611,CVE-2025-21611-1,2025-01-06,Mastodon,8.8,high,0.00045,enriched,NETWORK,LOW,LOW,NONE,UNCHANGED,HIGH,HIGH,HIGH,1,1,Mastodon,2025-01-06,2025-01-06,1,True,True,8.8,0.00045,2792
CVE-2025-21613,CVE-2025-21613-1,2025-01-06,Mastodon,9.8,critical,0.00043,enriched,NETWORK,LOW,NONE,NONE,UNCHANGED,HIGH,HIGH,HIGH,2,1,Mastodon,2025-01-06,2025-01-08,2,True,False,9.8,0.00043,2794
CVE-2024-9138,CVE-2024-9138-1,2025-01-06,BleepingComputer,7.2,high,0.00043,original,NETWORK,LOW,HIGH,NONE,UNCHANGED,HIGH,HIGH,HIGH,2,1,BleepingComputer,2025-01-06,2025-01-06,2,True,False,7.2,0.00043,2363
CVE-2024-21464,CVE-2024-21464-1,2025-01-06,Mastodon,8.4,high,0.00053,enriched,LOCAL,LOW,NONE,NONE,UNCHANGED,HIGH,HIGH,HIGH,1,1,Mastodon,2025-01-06,2025-01-06,1,True,False,8.4,0.00053,1077
CVE-2024-13085,CVE-2024-13085-1,2025-01-06,Mastodon,7.3,high,0.00045,original,NETWORK,LOW,NONE,NONE,UNCHANGED,LOW,LOW,LOW,1,1,Mastodon,2025-01-06,2025-01-06,1,True,False,7.3,0.00045,955
CVE-2024-13084,CVE-2024-13084-1,2025-01-06,Mastodon,6.3,medium,0.00045,original,NETWORK,LOW,LOW,NONE,UNCHANGED,LOW,LOW,LOW,1,1,Mastodon,2025-01-06,2025-01-06,1,True,False,6.3,0.00045,954
CVE-2024-13078,CVE-2024-13078-1,2025-01-06,Mastodon,6.3,medium,0.00045,original,NETWORK,LOW,LOW,NONE,UNCHANGED,LOW,LOW,LOW,1,1,Mastodon,2025-01-06,2025-01-06,1,True,False,6.3,0.00045,952
CVE-2025-21612,CVE-2025-21612-1,2025-01-06,Mastodon,8.6,high,0.00045,enriched,NETWORK,LOW,NONE,NONE,UNCHANGED,HIGH,LOW,LOW,1,1,Mastodon,2025-01-06,2025-01-06,1,True,True,8.6,0.00045,2793
CVE-2024-20154,CVE-2024-20154-1,2025-01-06,Mastodon,8.1,high,0.00043,original,NETWORK,HIGH,NONE,NONE,UNCHANGED,HIGH,HIGH,HIGH,1,1,Mastodon,2025-01-06,2025-01-06,1,True,False,8.1,0.00043,1057
CVE-2024-13079,CVE-2024-13079-1,2025-01-06,Mastodon,6.3,medium,0.00045,original,NETWORK,LOW,LOW,NONE,UNCHANGED,LOW,LOW,LOW,1,1,Mastodon,2025-01-06,2025-01-06,1,True,False,6.3,0.00045,953
CVE-2024-20146,CVE-2024-20146-1,2025-01-06,Mastodon,8.1,high,0.00043,original,ADJACENT_NETWORK,LOW,NONE,NONE,UNCHANGED,NONE,HIGH,HIGH,1,1,Mastodon,2025-01-06,2025-01-06,1,True,False,8.1,0.00043,1055
CVE-2021-26855,CVE-2021-26855-2,2025-01-06,BleepingComputer,9.1,critical,0.97508,original,NETWORK,LOW,NONE,NONE,UNCHANGED,HIGH,HIGH,NONE,8,2,"BleepingComputer, Reddit",2025-01-06,2025-05-04,10,True,False,9.1,0.97508,161
CVE-2024-5594,CVE-2024-5594-1,2025-01-06,Mastodon,9.1,critical,0.00043,enriched,NETWORK,LOW,NONE,NONE,UNCHANGED,HIGH,HIGH,NONE,2,2,"HackerNews, Mastodon",2025-01-06,2025-05-17,2,True,False,9.1,0.00076,2104
CVE-2024-55529,CVE-2024-55529-1,2025-01-06,Mastodon,9.8,critical,0.00043,enriched,NETWORK,LOW,NONE,NONE,UNCHANGED,HIGH,HIGH,HIGH,1,1,Mastodon,2025-01-06,2025-01-06,1,True,False,9.8,0.00043,2076
CVE-2024-45555,CVE-2024-45555-1,2025-01-06,Mastodon,8.4,high,0.00053,enriched,LOCAL,LOW,NONE,NONE,UNCHANGED,HIGH,HIGH,HIGH,1,1,Mastodon,2025-01-06,2025-01-06,1,True,False,8.4,0.00053,1517
CVE-2024-20148,CVE-2024-20148-1,2025-01-06,Mastodon,9.8,critical,0.00043,original,NETWORK,LOW,NONE,NONE,UNCHANGED,HIGH,HIGH,HIGH,1,1,Mastodon,2025-01-06,2025-01-06,1,True,False,9.8,0.00043,1056
CVE-2024-49222,CVE-2024-49222-1,2025-01-07,Mastodon,9.8,critical,0.00043,enriched,NETWORK,LOW,NONE,NONE,UNCHANGED,HIGH,HIGH,HIGH,1,1,Mastodon,2025-01-07,2025-01-07,1,True,False,9.8,0.00043,1689
CVE-2024-12471,CVE-2024-12471-1,2025-01-07,Mastodon,8.8,high,0.00049,enriched,NETWORK,LOW,LOW,NONE,UNCHANGED,HIGH,HIGH,HIGH,1,1,Mastodon,2025-01-07,2025-01-07,1,True,False,8.8,0.00049,878
CVE-2024-12470,CVE-2024-12470-1,2025-01-07,Mastodon,9.8,critical,0.00091,original,NETWORK,LOW,NONE,NONE,UNCHANGED,HIGH,HIGH,HIGH,1,1,Mastodon,2025-01-07,2025-01-07,1,True,False,9.8,0.00091,877
CVE-2024-12402,CVE-2024-12402-1,2025-01-07,Mastodon,9.8,critical,0.00091,original,NETWORK,LOW,NONE,NONE,UNCHANGED,HIGH,HIGH,HIGH,1,1,Mastodon,2025-01-07,2025-01-07,1,True,False,9.8,0.00091,874
CVE-2024-11626,CVE-2024-11626-1,2025-01-07,Mastodon,8.4,high,0.00043,enriched,NETWORK,LOW,HIGH,REQUIRED,CHANGED,HIGH,HIGH,HIGH,1,1,Mastodon,2025-01-07,2025-01-07,1,True,False,8.4,0.00043,783
CVE-2024-49649,CVE-2024-49649-1,2025-01-07,Mastodon,9.8,critical,0.00043,enriched,NETWORK,LOW,NONE,NONE,UNCHANGED,HIGH,HIGH,HIGH,1,1,Mastodon,2025-01-07,2025-01-07,1,True,False,9.8,0.00043,1702
CVE-2025-22133,CVE-2025-22133-1,2025-01-07,Mastodon,9.9,critical,0.00043,enriched,NETWORK,LOW,LOW,NONE,CHANGED,HIGH,HIGH,HIGH,1,1,Mastodon,2025-01-07,2025-01-07,1,True,True,9.9,0.00043,2802
CVE-2025-22132,CVE-2025-22132-1,2025-01-07,Mastodon,8.3,high,0.00043,enriched,NETWORK,LOW,HIGH,REQUIRED,CHANGED,HIGH,HIGH,LOW,1,1,Mastodon,2025-01-07,2025-01-07,1,True,True,8.3,0.00043,2801
CVE-2024-49644,CVE-2024-49644-1,2025-01-07,Mastodon,8.8,high,0.00043,enriched,NETWORK,LOW,LOW,NONE,UNCHANGED,HIGH,HIGH,HIGH,1,1,Mastodon,2025-01-07,2025-01-07,1,True,False,8.8,0.00043,1701
CVE-2024-11725,CVE-2024-11725-1,2025-01-07,Mastodon,8.8,high,0.00087,enriched,NETWORK,LOW,LOW,NONE,UNCHANGED,HIGH,HIGH,HIGH,1,1,Mastodon,2025-01-07,2025-01-07,1,True,False,8.8,0.00087,796
CVE-2024-55550,CVE-2024-55550-1,2025-01-07,BleepingComputer,2.7,low,0.00043,original,NETWORK,LOW,HIGH,NONE,UNCHANGED,LOW,NONE,NONE,2,1,BleepingComputer,2025-01-07,2025-01-07,2,True,False,2.7,0.00043,2077
CVE-2024-55555,CVE-2024-55555-1,2025-01-07,Mastodon,8.8,high,0.00043,enriched,NETWORK,LOW,LOW,NONE,UNCHANGED,HIGH,HIGH,HIGH,1,1,Mastodon,2025-01-07,2025-01-07,1,True,True,8.8,0.00043,2078
CVE-2024-56291,CVE-2024-56291-1,2025-01-07,Mastodon,8.1,high,0.00043,enriched,NETWORK,HIGH,NONE,NONE,UNCHANGED,HIGH,HIGH,HIGH,1,1,Mastodon,2025-01-07,2025-01-07,1,True,False,8.1,0.00043,2179
CVE-2024-12202,CVE-2024-12202-1,2025-01-07,Mastodon,8.8,high,0.0005,enriched,NETWORK,LOW,LOW,NONE,UNCHANGED,HIGH,HIGH,HIGH,1,1,Mastodon,2025-01-07,2025-01-07,1,True,False,8.8,0.0005,847
CVE-2024-12322,CVE-2024-12322-1,2025-01-07,Mastodon,8.8,high,0.00054,original,NETWORK,LOW,NONE,REQUIRED,UNCHANGED,HIGH,HIGH,HIGH,1,1,Mastodon,2025-01-07,2025-01-07,1,True,False,8.8,0.00054,863
CVE-2024-12313,CVE-2024-12313-1,2025-01-07,Mastodon,8.1,high,0.00063,original,NETWORK,HIGH,NONE,NONE,UNCHANGED,HIGH,HIGH,HIGH,1,1,Mastodon,2025-01-07,2025-01-07,1,True,False,8.1,0.00063,862
CVE-2024-12252,CVE-2024-12252-1,2025-01-07,Mastodon,9.8,critical,0.00093,original,NETWORK,LOW,NONE,NONE,UNCHANGED,HIGH,HIGH,HIGH,1,1,Mastodon,2025-01-07,2025-01-07,1,True,False,9.8,0.00093,851
CVE-2024-12264,CVE-2024-12264-1,2025-01-07,Mastodon,9.8,critical,0.00091,original,NETWORK,LOW,NONE,NONE,UNCHANGED,HIGH,HIGH,HIGH,1,1,Mastodon,2025-01-07,2025-01-07,1,True,False,9.8,0.00091,853
CVE-2024-49249,CVE-2024-49249-1,2025-01-07,Mastodon,8.6,high,0.00043,enriched,NETWORK,LOW,NONE,NONE,CHANGED,NONE,NONE,HIGH,1,1,Mastodon,2025-01-07,2025-01-07,1,True,False,8.6,0.00043,1690
CVE-2025-21624,CVE-2025-21624-1,2025-01-07,Mastodon,9.8,critical,0.00043,enriched,NETWORK,LOW,NONE,NONE,UNCHANGED,HIGH,HIGH,HIGH,1,1,Mastodon,2025-01-07,2025-01-07,1,True,True,9.8,0.00043,2795
CVE-2024-12535,CVE-2024-12535-1,2025-01-07,Mastodon,8.6,high,0.00087,enriched,NETWORK,LOW,NONE,NONE,CHANGED,HIGH,NONE,NONE,1,1,Mastodon,2025-01-07,2025-01-07,1,True,False,8.6,0.00087,880
CVE-2023-1968,CVE-2023-1968-1,2025-01-07,BleepingComputer,10.0,critical,0.0015,original,NETWORK,LOW,NONE,NONE,CHANGED,HIGH,HIGH,HIGH,2,1,BleepingComputer,2025-01-07,2025-01-07,2,True,False,10.0,0.0015,325
CVE-2024-56284,CVE-2024-56284-1,2025-01-07,Mastodon,9.3,critical,0.00043,enriched,NETWORK,LOW,NONE,NONE,CHANGED,HIGH,NONE,LOW,1,1,Mastodon,2025-01-07,2025-01-07,1,True,False,9.3,0.00043,2177
CVE-2024-40762,CVE-2024-40762-2,2025-01-07,Mastodon,9.8,critical,0.00043,enriched,NETWORK,LOW,NONE,NONE,UNCHANGED,HIGH,HIGH,HIGH,4,2,"BleepingComputer, Mastodon",2025-01-07,2025-01-09,4,True,False,9.8,0.00043,1372
CVE-2024-56280,CVE-2024-56280-1,2025-01-07,Mastodon,8.8,high,0.00043,enriched,NETWORK,LOW,LOW,NONE,UNCHANGED,HIGH,HIGH,HIGH,1,1,Mastodon,2025-01-07,2025-01-07,1,True,False,8.8,0.00043,2175
CVE-2024-53706,CVE-2024-53706-1,2025-01-07,Mastodon,7.8,high,0.00043,enriched,LOCAL,LOW,LOW,NONE,UNCHANGED,HIGH,HIGH,HIGH,3,2,"BleepingComputer, Mastodon",2025-01-07,2025-01-08,3,True,False,7.8,0.00043,1947
CVE-2024-56278,CVE-2024-56278-1,2025-01-07,Mastodon,9.1,critical,0.00043,enriched,NETWORK,LOW,HIGH,NONE,CHANGED,HIGH,HIGH,HIGH,1,1,Mastodon,2025-01-07,2025-01-07,1,True,False,9.1,0.00043,2174
CVE-2024-8855,CVE-2024-8855-1,2025-01-07,Mastodon,9.8,critical,0.00043,enriched,NETWORK,LOW,NONE,NONE,UNCHANGED,HIGH,HIGH,HIGH,1,1,Mastodon,2025-01-07,2025-01-07,1,True,False,9.8,0.00043,2341
CVE-2024-43243,CVE-2024-43243-1,2025-01-07,Mastodon,10.0,critical,0.00043,enriched,NETWORK,LOW,NONE,NONE,CHANGED,HIGH,HIGH,HIGH,1,1,Mastodon,2025-01-07,2025-01-07,1,True,False,10.0,0.00043,1442
CVE-2025-22519,CVE-2025-22519-1,2025-01-07,Mastodon,8.5,high,0.00043,enriched,NETWORK,LOW,LOW,NONE,CHANGED,HIGH,NONE,LOW,1,1,Mastodon,2025-01-07,2025-01-07,1,True,False,8.5,0.00043,2842
CVE-2024-53345,CVE-2024-53345-1,2025-01-07,Mastodon,8.8,high,0.00043,enriched,NETWORK,LOW,LOW,NONE,UNCHANGED,HIGH,HIGH,HIGH,1,1,Mastodon,2025-01-07,2025-01-07,1,True,False,8.8,0.00043,1926
CVE-2024-56283,CVE-2024-56283-1,2025-01-07,Mastodon,8.1,high,0.00043,enriched,NETWORK,HIGH,NONE,NONE,UNCHANGED,HIGH,HIGH,HIGH,1,1,Mastodon,2025-01-07,2025-01-07,1,True,False,8.1,0.00043,2176
CVE-2024-51715,CVE-2024-51715-1,2025-01-07,Mastodon,8.5,high,0.00043,enriched,NETWORK,LOW,LOW,NONE,CHANGED,HIGH,NONE,LOW,1,1,Mastodon,2025-01-07,2025-01-07,1,True,False,8.5,0.00043,1790
CVE-2020-2883,CVE-2020-2883-1,2025-01-07,BleepingComputer,9.8,critical,0.96449,original,NETWORK,LOW,NONE,NONE,UNCHANGED,HIGH,HIGH,HIGH,2,1,BleepingComputer,2025-01-07,2025-01-07,2,True,False,9.8,0.96449,139
CVE-2024-53704,CVE-2024-53704-4,2025-01-07,Mastodon,9.8,critical,0.00043,enriched,NETWORK,LOW,NONE,NONE,UNCHANGED,HIGH,HIGH,HIGH,12,2,"BleepingComputer, Mastodon",2025-01-07,2025-02-14,16,True,False,9.8,0.00054,1945
CVE-2024-53800,CVE-2024-53800-1,2025-01-07,Mastodon,8.1,high,0.00043,enriched,NETWORK,HIGH,NONE,NONE,UNCHANGED,HIGH,HIGH,HIGH,1,1,Mastodon,2025-01-07,2025-01-07,1,True,False,8.1,0.00043,1951
CVE-2025-22395,CVE-2025-22395-1,2025-01-07,Mastodon,8.2,high,0.00043,original,LOCAL,LOW,LOW,REQUIRED,CHANGED,HIGH,HIGH,HIGH,1,1,Mastodon,2025-01-07,2025-01-07,1,True,False,8.2,0.00043,2828
CVE-2024-12856,CVE-2024-12856-1,2025-01-07,BleepingComputer,7.2,high,0.00046,original,NETWORK,LOW,HIGH,NONE,UNCHANGED,HIGH,HIGH,HIGH,2,1,BleepingComputer,2025-01-07,2025-01-07,2,True,False,7.2,0.00046,931
CVE-2024-40702,CVE-2024-40702-1,2025-01-07,Mastodon,8.2,high,0.00087,enriched,NETWORK,LOW,NONE,NONE,UNCHANGED,HIGH,LOW,NONE,1,1,Mastodon,2025-01-07,2025-01-07,1,True,False,8.2,0.00087,1369
CVE-2024-47398,CVE-2024-47398-1,2025-01-07,Mastodon,8.8,high,0.00043,enriched,LOCAL,LOW,LOW,NONE,CHANGED,HIGH,HIGH,HIGH,1,1,Mastodon,2025-01-07,2025-01-07,1,True,False,8.8,0.00043,1569
CVE-2024-41713,CVE-2024-41713-2,2025-01-07,BleepingComputer,9.1,critical,0.00054,original,NETWORK,LOW,NONE,NONE,UNCHANGED,HIGH,HIGH,NONE,5,4,"BleepingComputer, HackerNews, Mastodon, Reddit",2025-01-07,2025-04-21,7,True,False,9.1,0.93962,1391
CVE-2024-56290,CVE-2024-56290-1,2025-01-07,Mastodon,9.3,critical,0.00043,enriched,NETWORK,LOW,NONE,NONE,CHANGED,HIGH,NONE,LOW,1,1,Mastodon,2025-01-07,2025-01-07,1,True,False,9.3,0.00043,2178
CVE-2023-1966,CVE-2023-1966-1,2025-01-07,BleepingComputer,7.4,high,0.00388,original,PHYSICAL,LOW,LOW,NONE,CHANGED,HIGH,HIGH,HIGH,2,1,BleepingComputer,2025-01-07,2025-01-07,2,True,False,7.4,0.00388,324
CVE-2025-22348,CVE-2025-22348-1,2025-01-07,Mastodon,8.5,high,0.00043,enriched,NETWORK,LOW,LOW,NONE,CHANGED,HIGH,NONE,LOW,1,1,Mastodon,2025-01-07,2025-01-07,1,True,False,8.5,0.00043,2824
CVE-2025-22347,CVE-2025-22347-1,2025-01-07,Mastodon,8.2,high,0.00043,enriched,NETWORK,LOW,NONE,REQUIRED,CHANGED,HIGH,NONE,LOW,1,1,Mastodon,2025-01-07,2025-01-07,1,True,False,8.2,0.00043,2823
CVE-2024-53705,CVE-2024-53705-1,2025-01-07,Mastodon,7.5,high,0.00043,enriched,NETWORK,LOW,NONE,NONE,UNCHANGED,NONE,HIGH,NONE,3,2,"BleepingComputer, Mastodon",2025-01-07,2025-01-08,3,True,False,7.5,0.00043,1946
CVE-2024-11270,CVE-2024-11270-1,2025-01-08,Mastodon,8.8,high,0.0005,original,NETWORK,LOW,LOW,NONE,UNCHANGED,HIGH,HIGH,HIGH,1,1,Mastodon,2025-01-08,2025-01-08,1,True,False,8.8,0.0005,750
CVE-2025-0291,CVE-2025-0291-1,2025-01-08,Mastodon,8.8,high,0.00043,enriched,NETWORK,LOW,NONE,REQUIRED,UNCHANGED,HIGH,HIGH,HIGH,7,1,Mastodon,2025-01-08,2025-01-08,7,True,False,8.8,0.00043,2435
CVE-2024-11635,CVE-2024-11635-1,2025-01-08,Mastodon,9.8,critical,0.00093,enriched,NETWORK,LOW,NONE,NONE,UNCHANGED,HIGH,HIGH,HIGH,1,1,Mastodon,2025-01-08,2025-01-08,1,True,False,9.8,0.00093,786
CVE-2024-11271,CVE-2024-11271-1,2025-01-08,Mastodon,8.8,high,0.0005,original,NETWORK,LOW,LOW,NONE,UNCHANGED,HIGH,HIGH,HIGH,1,1,Mastodon,2025-01-08,2025-01-08,1,True,False,8.8,0.0005,751
CVE-2024-12853,CVE-2024-12853-1,2025-01-08,Mastodon,8.8,high,0.0005,enriched,NETWORK,LOW,LOW,NONE,UNCHANGED,HIGH,HIGH,HIGH,3,1,Mastodon,2025-01-08,2025-01-08,3,True,False,8.8,0.0005,929
CVE-2025-0283,CVE-2025-0283-4,2025-01-08,BleepingComputer,7.0,high,0.00043,enriched,LOCAL,HIGH,LOW,NONE,UNCHANGED,HIGH,HIGH,HIGH,5,2,"BleepingComputer, Mastodon",2025-01-08,2025-01-08,5,True,False,7.0,0.00043,2432
CVE-2024-54010,CVE-2024-54010-1,2025-01-08,Mastodon,3.4,low,0.00043,enriched,ADJACENT_NETWORK,HIGH,NONE,NONE,CHANGED,LOW,NONE,NONE,3,1,Mastodon,2025-01-08,2025-01-08,3,False,False,3.4,0.00043,1975
CVE-2024-55517,CVE-2024-55517-1,2025-01-08,Mastodon,8.8,high,0.00043,enriched,NETWORK,LOW,LOW,NONE,UNCHANGED,HIGH,HIGH,HIGH,7,1,Mastodon,2025-01-08,2025-01-08,7,True,False,8.8,0.00043,2075
CVE-2025-0247,CVE-2025-0247-1,2025-01-08,Mastodon,9.8,critical,0.00043,original,NETWORK,LOW,NONE,NONE,UNCHANGED,HIGH,HIGH,HIGH,1,1,Mastodon,2025-01-08,2025-01-08,1,True,False,9.8,0.00043,2430
CVE-2018-4301,CVE-2018-4301-1,2025-01-08,Mastodon,9.8,critical,0.00043,original,NETWORK,LOW,NONE,NONE,UNCHANGED,HIGH,HIGH,HIGH,1,1,Mastodon,2025-01-08,2025-01-08,1,True,False,9.8,0.00043,63
CVE-2024-12854,CVE-2024-12854-1,2025-01-08,Mastodon,8.8,high,0.0005,enriched,NETWORK,LOW,LOW,NONE,UNCHANGED,HIGH,HIGH,HIGH,3,1,Mastodon,2025-01-08,2025-01-08,3,True,False,8.8,0.0005,930
CVE-2025-0194,CVE-2025-0194-1,2025-01-08,Mastodon,6.5,medium,0.00043,enriched,NETWORK,LOW,HIGH,NONE,UNCHANGED,HIGH,HIGH,NONE,6,1,Mastodon,2025-01-08,2025-01-08,6,True,False,6.5,0.00043,2429
CVE-2024-50660,CVE-2024-50660-1,2025-01-08,Mastodon,9.8,critical,0.00045,original,NETWORK,LOW,NONE,NONE,UNCHANGED,HIGH,HIGH,HIGH,1,1,Mastodon,2025-01-08,2025-01-08,1,True,False,9.8,0.00045,1735
CVE-2024-11350,CVE-2024-11350-1,2025-01-08,Mastodon,9.8,critical,0.00091,enriched,NETWORK,LOW,NONE,NONE,UNCHANGED,HIGH,HIGH,HIGH,1,1,Mastodon,2025-01-08,2025-01-08,1,True,False,9.8,0.00091,770
CVE-2024-50658,CVE-2024-50658-1,2025-01-08,Mastodon,9.8,critical,0.00045,original,NETWORK,LOW,NONE,NONE,UNCHANGED,HIGH,HIGH,HIGH,1,1,Mastodon,2025-01-08,2025-01-08,1,True,False,9.8,0.00045,1734
CVE-2022-45185,CVE-2022-45185-1,2025-01-08,Mastodon,8.8,high,0.00045,original,NETWORK,LOW,LOW,NONE,UNCHANGED,HIGH,HIGH,HIGH,1,1,Mastodon,2025-01-08,2025-01-08,1,True,True,8.8,0.00045,291
CVE-2022-45186,CVE-2022-45186-1,2025-01-08,Mastodon,8.1,high,0.00045,original,NETWORK,LOW,LOW,NONE,UNCHANGED,HIGH,HIGH,NONE,1,1,Mastodon,2025-01-08,2025-01-08,1,True,True,8.1,0.00045,292
CVE-2024-11613,CVE-2024-11613-1,2025-01-08,Mastodon,9.8,critical,0.00152,enriched,NETWORK,LOW,NONE,NONE,UNCHANGED,HIGH,HIGH,HIGH,1,1,Mastodon,2025-01-08,2025-01-08,1,True,False,9.8,0.00152,781
CVE-2025-0282,CVE-2025-0282-15,2025-01-08,BleepingComputer,9.0,critical,0.00834,enriched,NETWORK,HIGH,NONE,NONE,CHANGED,HIGH,HIGH,HIGH,28,4,"BleepingComputer, ExploitDB, Mastodon, Reddit",2025-01-08,2025-04-27,28,True,False,9.0,0.92336,2431
CVE-2024-35532,CVE-2024-35532-1,2025-01-08,Mastodon,9.1,critical,0.00043,original,NETWORK,LOW,NONE,NONE,UNCHANGED,HIGH,NONE,HIGH,1,1,Mastodon,2025-01-08,2025-01-08,1,True,True,9.1,0.00043,1249
CVE-2024-12431,CVE-2024-12431-1,2025-01-08,Mastodon,4.3,medium,0.00045,enriched,NETWORK,LOW,LOW,NONE,UNCHANGED,NONE,LOW,NONE,6,1,Mastodon,2025-01-08,2025-01-08,6,False,False,4.3,0.00045,875
CVE-2024-52875,CVE-2024-52875-10,2025-01-08,BleepingComputer,8.8,high,0.00053,enriched,NETWORK,LOW,NONE,REQUIRED,UNCHANGED,HIGH,HIGH,HIGH,6,2,"BleepingComputer, Mastodon",2025-01-08,2025-02-10,10,True,False,8.8,0.00053,1908
CVE-2022-41573,CVE-2022-41573-1,2025-01-08,Mastodon,9.8,critical,0.00045,original,NETWORK,LOW,NONE,NONE,UNCHANGED,HIGH,HIGH,HIGH,1,1,Mastodon,2025-01-08,2025-01-08,1,True,True,9.8,0.00045,280
CVE-2025-22140,CVE-2025-22140-1,2025-01-08,Mastodon,8.8,high,0.00043,enriched,NETWORK,LOW,LOW,NONE,UNCHANGED,HIGH,HIGH,HIGH,6,1,Mastodon,2025-01-08,2025-01-08,6,True,False,8.8,0.00043,2804
CVE-2024-11816,CVE-2024-11816-1,2025-01-08,Mastodon,8.8,high,0.00056,original,NETWORK,LOW,LOW,NONE,UNCHANGED,HIGH,HIGH,HIGH,1,1,Mastodon,2025-01-08,2025-01-08,1,True,False,8.8,0.00056,801
CVE-2025-22141,CVE-2025-22141-1,2025-01-08,Mastodon,8.8,high,0.00043,enriched,NETWORK,LOW,LOW,NONE,UNCHANGED,HIGH,HIGH,HIGH,6,1,Mastodon,2025-01-08,2025-01-08,6,True,False,8.8,0.00043,2805
CVE-2025-22143,CVE-2025-22143-1,2025-01-08,Mastodon,6.1,medium,0.00043,enriched,NETWORK,LOW,NONE,REQUIRED,CHANGED,LOW,LOW,NONE,6,1,Mastodon,2025-01-08,2025-01-08,6,True,False,6.1,0.00043,2806
CVE-2024-55656,CVE-2024-55656-1,2025-01-08,Mastodon,8.8,high,0.00043,enriched,NETWORK,LOW,LOW,NONE,UNCHANGED,HIGH,HIGH,HIGH,7,1,Mastodon,2025-01-08,2025-01-08,7,True,False,8.8,0.00043,2093
CVE-2022-41572,CVE-2022-41572-1,2025-01-08,Mastodon,9.8,critical,0.00043,original,NETWORK,LOW,NONE,NONE,UNCHANGED,HIGH,HIGH,HIGH,1,1,Mastodon,2025-01-08,2025-01-08,1,True,False,9.8,0.00043,279
CVE-2024-54676,CVE-2024-54676-1,2025-01-08,Mastodon,9.8,critical,0.00043,enriched,NETWORK,LOW,NONE,NONE,UNCHANGED,HIGH,HIGH,HIGH,1,1,Mastodon,2025-01-08,2025-01-08,1,True,False,9.8,0.00043,2032
CVE-2024-54818,CVE-2024-54818-1,2025-01-08,Mastodon,8.8,high,0.00043,enriched,NETWORK,LOW,LOW,NONE,UNCHANGED,HIGH,HIGH,HIGH,6,1,Mastodon,2025-01-08,2025-01-08,6,True,False,8.8,0.00043,2040
CVE-2024-54819,CVE-2024-54819-1,2025-01-08,Mastodon,9.1,critical,0.00043,original,NETWORK,LOW,NONE,NONE,UNCHANGED,HIGH,HIGH,NONE,1,1,Mastodon,2025-01-08,2025-01-08,1,True,True,9.1,0.00043,2041
CVE-2024-45033,CVE-2024-45033-1,2025-01-08,Mastodon,8.1,high,0.00043,enriched,NETWORK,LOW,LOW,NONE,UNCHANGED,HIGH,HIGH,NONE,1,1,Mastodon,2025-01-08,2025-01-08,1,True,True,8.1,0.00043,1491
CVE-2024-13189,CVE-2024-13189-1,2025-01-08,Mastodon,7.3,high,0.00045,enriched,NETWORK,LOW,NONE,NONE,UNCHANGED,LOW,LOW,LOW,2,1,Mastodon,2025-01-08,2025-01-08,2,True,False,7.3,0.00045,967
CVE-2024-13190,CVE-2024-13190-1,2025-01-08,Mastodon,6.3,medium,0.00045,enriched,NETWORK,LOW,LOW,NONE,UNCHANGED,LOW,LOW,LOW,2,1,Mastodon,2025-01-08,2025-01-08,2,True,False,6.3,0.00045,968
CVE-2024-50603,CVE-2024-50603-1,2025-01-08,Mastodon,10.0,critical,0.00046,original,NETWORK,LOW,NONE,NONE,CHANGED,HIGH,HIGH,HIGH,3,2,"BleepingComputer, Mastodon",2025-01-08,2025-01-13,3,True,False,10.0,0.00962,1732
CVE-2024-51442,CVE-2024-51442-1,2025-01-08,Mastodon,8.8,high,0.00045,enriched,NETWORK,LOW,NONE,REQUIRED,UNCHANGED,HIGH,HIGH,HIGH,6,1,Mastodon,2025-01-08,2025-01-08,6,True,False,8.8,0.00045,1763
CVE-2024-55414,CVE-2024-55414-1,2025-01-08,Mastodon,9.8,critical,0.00043,original,NETWORK,LOW,NONE,NONE,UNCHANGED,HIGH,HIGH,HIGH,1,1,Mastodon,2025-01-08,2025-01-08,1,True,True,9.8,0.00043,2067
CVE-2024-52869,CVE-2024-52869-1,2025-01-08,Mastodon,6.0,medium,0.00043,enriched,NETWORK,HIGH,LOW,NONE,CHANGED,LOW,LOW,LOW,6,1,Mastodon,2025-01-08,2025-01-08,6,False,False,6.0,0.00043,1907
CVE-2025-22137,CVE-2025-22137-1,2025-01-08,Mastodon,9.8,critical,0.00045,enriched,NETWORK,LOW,NONE,NONE,UNCHANGED,HIGH,HIGH,HIGH,7,1,Mastodon,2025-01-08,2025-01-08,7,True,True,9.8,0.00045,2803
CVE-2025-0349,CVE-2025-0349-1,2025-01-09,Mastodon,8.8,high,0.00045,enriched,NETWORK,LOW,LOW,NONE,UNCHANGED,HIGH,HIGH,HIGH,1,1,Mastodon,2025-01-09,2025-01-09,1,True,False,8.8,0.00045,2441
CVE-2024-27980,CVE-2024-27980-1,2025-01-09,Mastodon,8.1,high,0.00045,original,NETWORK,HIGH,NONE,NONE,UNCHANGED,HIGH,HIGH,HIGH,1,1,Mastodon,2025-01-09,2025-01-09,1,True,False,8.1,0.00045,1175
CVE-2023-27997,CVE-2023-27997-1,2025-01-09,BleepingComputer,9.8,critical,0.10651,original,NETWORK,LOW,NONE,NONE,UNCHANGED,HIGH,HIGH,HIGH,8,3,"BleepingComputer, HackerNews, Reddit",2025-01-09,2025-04-27,8,True,False,9.8,0.91008,384
CVE-2024-10215,CVE-2024-10215-1,2025-01-09,Mastodon,9.8,critical,0.00091,enriched,NETWORK,LOW,NONE,NONE,UNCHANGED,HIGH,HIGH,HIGH,1,1,Mastodon,2025-01-09,2025-01-09,1,True,False,9.8,0.00091,666
CVE-2023-28461,CVE-2023-28461-1,2025-01-09,BleepingComputer,9.8,critical,0.35592,original,NETWORK,LOW,NONE,NONE,UNCHANGED,HIGH,HIGH,HIGH,2,1,BleepingComputer,2025-01-09,2025-01-09,2,True,False,9.8,0.35592,393
CVE-2024-40765,CVE-2024-40765-1,2025-01-09,Mastodon,9.8,critical,0.00043,enriched,NETWORK,LOW,NONE,NONE,UNCHANGED,HIGH,HIGH,HIGH,1,1,Mastodon,2025-01-09,2025-01-09,1,True,False,9.8,0.00043,1373
CVE-2023-24010,CVE-2023-24010-1,2025-01-09,Mastodon,8.2,high,0.00043,enriched,NETWORK,LOW,NONE,NONE,UNCHANGED,HIGH,NONE,LOW,1,1,Mastodon,2025-01-09,2025-01-09,1,True,False,8.2,0.00043,352
CVE-2024-43653,CVE-2024-43653-1,2025-01-09,Mastodon,8.8,high,0.00046,enriched,NETWORK,LOW,LOW,NONE,UNCHANGED,HIGH,HIGH,HIGH,1,1,Mastodon,2025-01-09,2025-01-09,1,True,False,8.8,0.00046,1457
CVE-2023-3519,CVE-2023-3519-2,2025-01-09,BleepingComputer,9.8,critical,0.96277,original,NETWORK,LOW,NONE,NONE,UNCHANGED,HIGH,HIGH,HIGH,8,2,"BleepingComputer, HackerNews",2025-01-09,2025-04-28,9,True,False,9.8,0.96599,466
CVE-2024-12802,CVE-2024-12802-1,2025-01-09,Mastodon,9.1,critical,0.00043,enriched,NETWORK,LOW,NONE,NONE,UNCHANGED,HIGH,HIGH,NONE,1,1,Mastodon,2025-01-09,2025-01-09,1,True,False,9.1,0.00043,913
CVE-2024-12803,CVE-2024-12803-1,2025-01-09,Mastodon,7.2,high,0.00043,enriched,NETWORK,LOW,HIGH,NONE,UNCHANGED,HIGH,HIGH,HIGH,1,1,Mastodon,2025-01-09,2025-01-09,1,True,False,7.2,0.00043,914
CVE-2025-22504,CVE-2025-22504-1,2025-01-09,Mastodon,10.0,critical,0.00043,enriched,NETWORK,LOW,NONE,NONE,CHANGED,HIGH,HIGH,HIGH,1,1,Mastodon,2025-01-09,2025-01-09,1,True,False,10.0,0.00043,2839
CVE-2025-21628,CVE-2025-21628-1,2025-01-09,Mastodon,9.1,critical,0.00043,enriched,NETWORK,LOW,LOW,NONE,CHANGED,HIGH,LOW,LOW,1,1,Mastodon,2025-01-09,2025-01-09,1,True,True,9.1,0.00043,2796
CVE-2024-12805,CVE-2024-12805-1,2025-01-09,Mastodon,7.2,high,0.00043,enriched,NETWORK,LOW,HIGH,NONE,UNCHANGED,HIGH,HIGH,HIGH,1,1,Mastodon,2025-01-09,2025-01-09,1,True,False,7.2,0.00043,915
CVE-2025-22505,CVE-2025-22505-1,2025-01-09,Mastodon,8.5,high,0.00043,enriched,NETWORK,LOW,LOW,NONE,CHANGED,HIGH,NONE,LOW,1,1,Mastodon,2025-01-09,2025-01-09,1,True,False,8.5,0.00043,2840
CVE-2025-22508,CVE-2025-22508-1,2025-01-09,Mastodon,8.1,high,0.00043,enriched,NETWORK,HIGH,NONE,NONE,UNCHANGED,HIGH,HIGH,HIGH,1,1,Mastodon,2025-01-09,2025-01-09,1,True,False,8.1,0.00043,2841
CVE-2024-43654,CVE-2024-43654-1,2025-01-09,Mastodon,8.8,high,0.00046,enriched,NETWORK,LOW,LOW,NONE,UNCHANGED,HIGH,HIGH,HIGH,1,1,Mastodon,2025-01-09,2025-01-09,1,True,False,8.8,0.00046,1458
CVE-2025-22535,CVE-2025-22535-1,2025-01-09,Mastodon,8.5,high,0.00043,enriched,NETWORK,LOW,LOW,NONE,CHANGED,HIGH,NONE,LOW,1,1,Mastodon,2025-01-09,2025-01-09,1,True,False,8.5,0.00043,2845
CVE-2025-22537,CVE-2025-22537-1,2025-01-09,Mastodon,8.5,high,0.00043,enriched,NETWORK,LOW,LOW,NONE,CHANGED,HIGH,NONE,LOW,1,1,Mastodon,2025-01-09,2025-01-09,1,True,False,8.5,0.00043,2846
CVE-2025-22540,CVE-2025-22540-1,2025-01-09,Mastodon,9.3,critical,0.00043,enriched,NETWORK,LOW,NONE,NONE,CHANGED,HIGH,NONE,LOW,1,1,Mastodon,2025-01-09,2025-01-09,1,True,False,9.3,0.00043,2847
CVE-2024-11642,CVE-2024-11642-1,2025-01-09,Mastodon,9.8,critical,0.00091,enriched,NETWORK,LOW,NONE,NONE,UNCHANGED,HIGH,HIGH,HIGH,1,1,Mastodon,2025-01-09,2025-01-09,1,True,False,9.8,0.00091,791
CVE-2025-22542,CVE-2025-22542-1,2025-01-09,Mastodon,9.3,critical,0.00043,enriched,NETWORK,LOW,NONE,NONE,CHANGED,HIGH,NONE,LOW,1,1,Mastodon,2025-01-09,2025-01-09,1,True,False,9.3,0.00043,2848
CVE-2024-43652,CVE-2024-43652-1,2025-01-09,Mastodon,8.8,high,0.00046,enriched,NETWORK,LOW,LOW,NONE,UNCHANGED,HIGH,HIGH,HIGH,1,1,Mastodon,2025-01-09,2025-01-09,1,True,False,8.8,0.00046,1456
CVE-2024-43649,CVE-2024-43649-1,2025-01-09,Mastodon,8.8,high,0.00046,enriched,NETWORK,LOW,LOW,NONE,UNCHANGED,HIGH,HIGH,HIGH,1,1,Mastodon,2025-01-09,2025-01-09,1,True,False,8.8,0.00046,1455
CVE-2023-1907,CVE-2023-1907-1,2025-01-09,Mastodon,8.0,high,0.00043,enriched,NETWORK,HIGH,LOW,REQUIRED,CHANGED,HIGH,HIGH,HIGH,1,1,Mastodon,2025-01-09,2025-01-09,1,True,False,8.0,0.00043,322
CVE-2024-43661,CVE-2024-43661-1,2025-01-09,Mastodon,9.8,critical,0.00045,enriched,NETWORK,LOW,NONE,NONE,UNCHANGED,HIGH,HIGH,HIGH,1,1,Mastodon,2025-01-09,2025-01-09,1,True,False,9.8,0.00045,1461
CVE-2024-12542,CVE-2024-12542-1,2025-01-09,Mastodon,8.6,high,0.00087,enriched,NETWORK,LOW,NONE,NONE,CHANGED,HIGH,NONE,NONE,1,1,Mastodon,2025-01-09,2025-01-09,1,True,False,8.6,0.00087,881
CVE-2023-24011,CVE-2023-24011-1,2025-01-09,Mastodon,8.2,high,0.00043,enriched,NETWORK,LOW,NONE,NONE,UNCHANGED,HIGH,NONE,LOW,1,1,Mastodon,2025-01-09,2025-01-09,1,True,False,8.2,0.00043,353
CVE-2024-43648,CVE-2024-43648-1,2025-01-09,Mastodon,8.8,high,0.00046,enriched,NETWORK,LOW,LOW,NONE,UNCHANGED,HIGH,HIGH,HIGH,1,1,Mastodon,2025-01-09,2025-01-09,1,True,False,8.8,0.00046,1454
CVE-2025-21380,CVE-2025-21380-1,2025-01-09,Mastodon,8.8,high,0.0005,enriched,NETWORK,LOW,LOW,NONE,UNCHANGED,HIGH,HIGH,HIGH,1,1,Mastodon,2025-01-09,2025-01-09,1,True,False,8.8,0.0005,2760
CVE-2025-21385,CVE-2025-21385-1,2025-01-09,Mastodon,8.8,high,0.0005,enriched,NETWORK,LOW,LOW,NONE,UNCHANGED,HIGH,HIGH,HIGH,1,1,Mastodon,2025-01-09,2025-01-09,1,True,False,8.8,0.0005,2762
CVE-2024-43663,CVE-2024-43663-1,2025-01-09,Mastodon,9.8,critical,0.00045,enriched,NETWORK,LOW,NONE,NONE,UNCHANGED,HIGH,HIGH,HIGH,1,1,Mastodon,2025-01-09,2025-01-09,1,True,False,9.8,0.00045,1462
CVE-2024-43657,CVE-2024-43657-1,2025-01-09,Mastodon,8.8,high,0.00046,enriched,NETWORK,LOW,LOW,NONE,UNCHANGED,HIGH,HIGH,HIGH,1,1,Mastodon,2025-01-09,2025-01-09,1,True,False,8.8,0.00046,1460
CVE-2024-43656,CVE-2024-43656-1,2025-01-09,Mastodon,8.8,high,0.00046,enriched,NETWORK,LOW,LOW,NONE,UNCHANGED,HIGH,HIGH,HIGH,1,1,Mastodon,2025-01-09,2025-01-09,1,True,False,8.8,0.00046,1459
CVE-2023-24012,CVE-2023-24012-1,2025-01-09,Mastodon,8.2,high,0.00043,enriched,NETWORK,LOW,NONE,NONE,UNCHANGED,HIGH,NONE,LOW,1,1,Mastodon,2025-01-09,2025-01-09,1,True,False,8.2,0.00043,354
CVE-2024-12848,CVE-2024-12848-1,2025-01-09,Mastodon,8.8,high,0.00066,enriched,NETWORK,LOW,LOW,NONE,UNCHANGED,HIGH,HIGH,HIGH,1,1,Mastodon,2025-01-09,2025-01-09,1,True,False,8.8,0.00066,928
CVE-2024-13285,CVE-2024-13285-1,2025-01-10,Mastodon,9.8,critical,0.00043,original,NETWORK,LOW,NONE,NONE,UNCHANGED,HIGH,HIGH,HIGH,1,1,Mastodon,2025-01-10,2025-01-10,1,True,False,9.8,0.00043,982
CVE-2024-13282,CVE-2024-13282-1,2025-01-10,Mastodon,8.8,high,0.00043,original,NETWORK,LOW,NONE,REQUIRED,UNCHANGED,HIGH,HIGH,HIGH,1,1,Mastodon,2025-01-10,2025-01-10,1,True,False,8.8,0.00043,980
CVE-2024-13251,CVE-2024-13251-1,2025-01-10,Mastodon,8.8,high,0.00043,original,NETWORK,LOW,LOW,NONE,UNCHANGED,HIGH,HIGH,HIGH,1,1,Mastodon,2025-01-10,2025-01-10,1,True,False,8.8,0.00043,970
CVE-2024-13253,CVE-2024-13253-1,2025-01-10,Mastodon,9.1,critical,0.00043,original,NETWORK,LOW,NONE,NONE,UNCHANGED,NONE,HIGH,HIGH,1,1,Mastodon,2025-01-10,2025-01-10,1,True,False,9.1,0.00043,971
CVE-2024-13284,CVE-2024-13284-1,2025-01-10,Mastodon,8.8,high,0.00043,original,NETWORK,LOW,NONE,REQUIRED,UNCHANGED,HIGH,HIGH,HIGH,1,1,Mastodon,2025-01-10,2025-01-10,1,True,False,8.8,0.00043,981
CVE-2024-13281,CVE-2024-13281-1,2025-01-10,Mastodon,9.1,critical,0.00043,original,NETWORK,LOW,NONE,NONE,UNCHANGED,HIGH,HIGH,NONE,1,1,Mastodon,2025-01-10,2025-01-10,1,True,False,9.1,0.00043,979
CVE-2024-13277,CVE-2024-13277-1,2025-01-10,Mastodon,9.1,critical,0.00043,original,NETWORK,LOW,NONE,NONE,UNCHANGED,HIGH,HIGH,NONE,1,1,Mastodon,2025-01-10,2025-01-10,1,True,False,9.1,0.00043,975
CVE-2024-13258,CVE-2024-13258-1,2025-01-10,Mastodon,9.8,critical,0.00043,original,NETWORK,LOW,NONE,NONE,UNCHANGED,HIGH,HIGH,HIGH,1,1,Mastodon,2025-01-10,2025-01-10,1,True,False,9.8,0.00043,972
CVE-2024-13278,CVE-2024-13278-1,2025-01-10,Mastodon,9.1,critical,0.00043,original,NETWORK,LOW,NONE,NONE,UNCHANGED,HIGH,HIGH,NONE,1,1,Mastodon,2025-01-10,2025-01-10,1,True,False,9.1,0.00043,976
CVE-2024-13279,CVE-2024-13279-1,2025-01-10,Mastodon,9.8,critical,0.00043,original,NETWORK,LOW,NONE,NONE,UNCHANGED,HIGH,HIGH,HIGH,1,1,Mastodon,2025-01-10,2025-01-10,1,True,False,9.8,0.00043,977
CVE-2024-13260,CVE-2024-13260-1,2025-01-10,Mastodon,8.8,high,0.00043,original,NETWORK,LOW,NONE,REQUIRED,UNCHANGED,HIGH,HIGH,HIGH,1,1,Mastodon,2025-01-10,2025-01-10,1,True,False,8.8,0.00043,973
CVE-2024-13280,CVE-2024-13280-1,2025-01-10,Mastodon,9.8,critical,0.00043,original,NETWORK,LOW,NONE,NONE,UNCHANGED,HIGH,HIGH,HIGH,1,1,Mastodon,2025-01-10,2025-01-10,1,True,False,9.8,0.00043,978
CVE-2024-13264,CVE-2024-13264-1,2025-01-10,Mastodon,9.8,critical,0.00043,original,NETWORK,LOW,NONE,NONE,UNCHANGED,HIGH,HIGH,HIGH,1,1,Mastodon,2025-01-10,2025-01-10,1,True,False,9.8,0.00043,974
CVE-2024-57687,CVE-2024-57687-1,2025-01-10,Mastodon,9.8,critical,0.00043,enriched,NETWORK,LOW,NONE,NONE,UNCHANGED,HIGH,HIGH,HIGH,1,1,Mastodon,2025-01-10,2025-01-10,1,True,True,9.8,0.00043,2253
CVE-2024-55225,CVE-2024-55225-2,2025-01-10,Mastodon,9.8,critical,0.00045,original,NETWORK,LOW,NONE,NONE,UNCHANGED,HIGH,HIGH,HIGH,3,1,Mastodon,2025-01-10,2025-01-13,3,True,False,9.8,0.00045,2062
CVE-2025-22152,CVE-2025-22152-1,2025-01-10,Mastodon,9.1,critical,0.00044,enriched,NETWORK,LOW,HIGH,NONE,CHANGED,HIGH,HIGH,HIGH,1,1,Mastodon,2025-01-10,2025-01-10,1,True,False,9.1,0.00044,2808
CVE-2024-9132,CVE-2024-9132-1,2025-01-10,Mastodon,8.1,high,0.00043,enriched,NETWORK,HIGH,NONE,NONE,UNCHANGED,HIGH,HIGH,HIGH,1,1,Mastodon,2025-01-10,2025-01-10,1,True,False,8.1,0.00043,2361
CVE-2024-9134,CVE-2024-9134-1,2025-01-10,Mastodon,8.3,high,0.00043,enriched,NETWORK,LOW,LOW,NONE,UNCHANGED,HIGH,HIGH,LOW,1,1,Mastodon,2025-01-10,2025-01-10,1,True,False,8.3,0.00043,2362
CVE-2024-51229,CVE-2024-51229-1,2025-01-10,Mastodon,8.8,high,0.00043,original,NETWORK,LOW,NONE,REQUIRED,UNCHANGED,HIGH,HIGH,HIGH,1,1,Mastodon,2025-01-10,2025-01-10,1,True,False,8.8,0.00043,1761
CVE-2025-22597,CVE-2025-22597-1,2025-01-10,Mastodon,8.3,high,0.00043,enriched,NETWORK,LOW,NONE,REQUIRED,UNCHANGED,HIGH,HIGH,LOW,1,1,Mastodon,2025-01-10,2025-01-10,1,True,False,8.3,0.00043,2851
CVE-2025-22598,CVE-2025-22598-1,2025-01-10,Mastodon,8.3,high,0.00043,enriched,NETWORK,LOW,NONE,REQUIRED,UNCHANGED,HIGH,HIGH,LOW,1,1,Mastodon,2025-01-10,2025-01-10,1,True,False,8.3,0.00043,2852
CVE-2024-55224,CVE-2024-55224-1,2025-01-10,Mastodon,9.6,critical,0.00045,original,NETWORK,LOW,NONE,REQUIRED,CHANGED,HIGH,HIGH,HIGH,2,1,Mastodon,2025-01-10,2025-01-13,2,True,False,9.6,0.00045,2061
CVE-2024-41787,CVE-2024-41787-1,2025-01-10,Mastodon,9.8,critical,0.00091,enriched,NETWORK,LOW,NONE,NONE,UNCHANGED,HIGH,HIGH,HIGH,1,1,Mastodon,2025-01-10,2025-01-10,1,True,False,9.8,0.00091,1395
CVE-2024-57686,CVE-2024-57686-1,2025-01-10,Mastodon,9.8,critical,0.00043,enriched,NETWORK,LOW,NONE,NONE,UNCHANGED,HIGH,HIGH,HIGH,1,1,Mastodon,2025-01-10,2025-01-10,1,True,True,9.8,0.00043,2252
CVE-2024-12847,CVE-2024-12847-1,2025-01-10,Mastodon,9.8,critical,0.00045,enriched,NETWORK,LOW,NONE,NONE,UNCHANGED,HIGH,HIGH,HIGH,1,1,Mastodon,2025-01-10,2025-01-10,1,True,False,9.8,0.00045,927
CVE-2024-57823,CVE-2024-57823-1,2025-01-10,Mastodon,9.3,critical,0.00045,enriched,LOCAL,LOW,NONE,NONE,CHANGED,HIGH,HIGH,HIGH,1,1,Mastodon,2025-01-10,2025-01-10,1,True,True,9.3,0.00045,2260
CVE-2024-47519,CVE-2024-47519-1,2025-01-10,Mastodon,8.3,high,0.00043,enriched,NETWORK,LOW,LOW,NONE,UNCHANGED,HIGH,HIGH,LOW,1,1,Mastodon,2025-01-10,2025-01-10,1,True,False,8.3,0.00043,1575
CVE-2025-23016,CVE-2025-23016-1,2025-01-10,Mastodon,9.3,critical,0.00043,enriched,LOCAL,LOW,NONE,NONE,CHANGED,HIGH,HIGH,HIGH,5,3,"HackerNews, Mastodon, Reddit",2025-01-10,2025-04-29,5,True,False,9.3,0.00043,2898
CVE-2023-28354,CVE-2023-28354-1,2025-01-10,Mastodon,9.8,critical,0.00043,original,NETWORK,LOW,NONE,NONE,UNCHANGED,HIGH,HIGH,HIGH,1,1,Mastodon,2025-01-10,2025-01-10,1,True,True,9.8,0.00043,392
CVE-2024-9188,CVE-2024-9188-1,2025-01-10,Mastodon,8.8,high,0.00043,enriched,NETWORK,LOW,NONE,REQUIRED,UNCHANGED,HIGH,HIGH,HIGH,1,1,Mastodon,2025-01-10,2025-01-10,1,True,False,8.8,0.00043,2368
CVE-2024-42168,CVE-2024-42168-1,2025-01-11,Mastodon,8.9,high,0.00043,original,NETWORK,HIGH,NONE,NONE,CHANGED,HIGH,HIGH,LOW,1,1,Mastodon,2025-01-11,2025-01-11,1,True,False,8.9,0.00043,1412
CVE-2024-49113,CVE-2024-49113-1,2025-01-11,BleepingComputer,7.5,high,0.00046,original,NETWORK,LOW,NONE,NONE,UNCHANGED,NONE,NONE,HIGH,6,2,"BleepingComputer, HackerNews",2025-01-11,2025-04-28,7,True,False,7.5,0.88204,1670
CVE-2024-12877,CVE-2024-12877-1,2025-01-11,Mastodon,9.8,critical,0.00071,enriched,NETWORK,LOW,NONE,NONE,UNCHANGED,HIGH,HIGH,HIGH,1,1,Mastodon,2025-01-11,2025-01-11,1,True,False,9.8,0.00071,936
CVE-2024-5743,CVE-2024-5743-1,2025-01-13,Mastodon,9.8,critical,0.00043,enriched,NETWORK,LOW,NONE,NONE,UNCHANGED,HIGH,HIGH,HIGH,1,1,Mastodon,2025-01-13,2025-01-13,1,True,False,9.8,0.00043,2238
CVE-2024-57225,CVE-2024-57225-1,2025-01-13,Mastodon,9.8,critical,0.00043,original,NETWORK,LOW,NONE,NONE,UNCHANGED,HIGH,HIGH,HIGH,1,1,Mastodon,2025-01-13,2025-01-13,1,True,True,9.8,0.00043,2231
CVE-2024-57224,CVE-2024-57224-1,2025-01-13,Mastodon,9.8,critical,0.00043,original,NETWORK,LOW,NONE,NONE,UNCHANGED,HIGH,HIGH,HIGH,1,1,Mastodon,2025-01-13,2025-01-13,1,True,True,9.8,0.00043,2230
CVE-2024-57223,CVE-2024-57223-1,2025-01-13,Mastodon,9.8,critical,0.00043,original,NETWORK,LOW,NONE,NONE,UNCHANGED,HIGH,HIGH,HIGH,1,1,Mastodon,2025-01-13,2025-01-13,1,True,True,9.8,0.00043,2229
CVE-2024-44243,CVE-2024-44243-3,2025-01-13,BleepingComputer,5.5,medium,0.00045,original,LOCAL,LOW,NONE,REQUIRED,UNCHANGED,NONE,HIGH,NONE,6,2,"BleepingComputer, HackerNews",2025-01-13,2025-04-28,8,True,False,5.5,0.00045,1481
CVE-2024-46479,CVE-2024-46479-1,2025-01-13,Mastodon,9.9,critical,0.00045,enriched,NETWORK,LOW,LOW,NONE,CHANGED,HIGH,HIGH,HIGH,1,1,Mastodon,2025-01-13,2025-01-13,1,True,True,9.9,0.00045,1536
CVE-2024-46480,CVE-2024-46480-1,2025-01-13,Mastodon,8.4,high,0.00045,enriched,ADJACENT_NETWORK,LOW,HIGH,NONE,CHANGED,HIGH,HIGH,HIGH,1,1,Mastodon,2025-01-13,2025-01-13,1,True,True,8.4,0.00045,1537
CVE-2025-22777,CVE-2025-22777-1,2025-01-13,Mastodon,9.8,critical,0.00043,enriched,NETWORK,LOW,NONE,NONE,UNCHANGED,HIGH,HIGH,HIGH,1,1,Mastodon,2025-01-13,2025-01-13,1,True,False,9.8,0.00043,2870
CVE-2024-54996,CVE-2024-54996-1,2025-01-13,Mastodon,8.8,high,0.00043,original,NETWORK,LOW,LOW,NONE,UNCHANGED,HIGH,HIGH,HIGH,1,1,Mastodon,2025-01-13,2025-01-13,1,True,False,8.8,0.00043,2047
CVE-2024-55226,CVE-2024-55226-1,2025-01-13,Mastodon,5.4,medium,0.00045,original,NETWORK,LOW,LOW,REQUIRED,CHANGED,LOW,LOW,NONE,1,1,Mastodon,2025-01-13,2025-01-13,1,True,False,5.4,0.00045,2063
CVE-2024-12686,CVE-2024-12686-4,2025-01-13,BleepingComputer,6.6,medium,0.00043,original,NETWORK,HIGH,HIGH,NONE,UNCHANGED,HIGH,HIGH,HIGH,4,1,BleepingComputer,2025-01-13,2025-02-14,6,True,False,6.6,0.0618,900
CVE-2023-32369,CVE-2023-32369-1,2025-01-13,BleepingComputer,6.0,medium,0.00045,original,LOCAL,LOW,HIGH,NONE,CHANGED,NONE,HIGH,NONE,2,1,BleepingComputer,2025-01-13,2025-01-13,2,True,False,6.0,0.00045,429
CVE-2022-42821,CVE-2022-42821-1,2025-01-13,BleepingComputer,5.5,medium,0.00084,original,LOCAL,LOW,NONE,REQUIRED,UNCHANGED,NONE,HIGH,NONE,2,1,BleepingComputer,2025-01-13,2025-01-13,2,True,False,5.5,0.00084,283
CVE-2021-30970,CVE-2021-30970-1,2025-01-13,BleepingComputer,5.5,medium,0.00071,original,LOCAL,LOW,NONE,REQUIRED,UNCHANGED,HIGH,NONE,NONE,2,1,BleepingComputer,2025-01-13,2025-01-13,2,True,False,5.5,0.00071,172
CVE-2024-52333,CVE-2024-52333-1,2025-01-13,Mastodon,8.4,high,0.00043,enriched,LOCAL,LOW,NONE,NONE,UNCHANGED,HIGH,HIGH,HIGH,1,1,Mastodon,2025-01-13,2025-01-13,1,True,False,8.4,0.00043,1824
CVE-2024-47796,CVE-2024-47796-1,2025-01-13,Mastodon,8.4,high,0.00043,enriched,LOCAL,LOW,NONE,NONE,UNCHANGED,HIGH,HIGH,HIGH,1,1,Mastodon,2025-01-13,2025-01-13,1,True,False,8.4,0.00043,1585
CVE-2024-47897,CVE-2024-47897-1,2025-01-13,Mastodon,8.8,high,0.00043,enriched,NETWORK,LOW,LOW,NONE,UNCHANGED,HIGH,HIGH,HIGH,1,1,Mastodon,2025-01-13,2025-01-13,1,True,False,8.8,0.00043,1590
CVE-2021-30892,CVE-2021-30892-1,2025-01-13,BleepingComputer,5.5,medium,0.0007,original,LOCAL,LOW,NONE,REQUIRED,UNCHANGED,NONE,HIGH,NONE,2,1,BleepingComputer,2025-01-13,2025-01-13,2,True,False,5.5,0.0007,171
CVE-2024-39769,CVE-2024-39769-1,2025-01-14,Mastodon,9.1,critical,0.0005,enriched,NETWORK,LOW,HIGH,NONE,CHANGED,HIGH,HIGH,HIGH,1,1,Mastodon,2025-01-14,2025-01-14,1,True,False,9.1,0.0005,1328
CVE-2024-39768,CVE-2024-39768-1,2025-01-14,Mastodon,9.1,critical,0.0005,enriched,NETWORK,LOW,HIGH,NONE,CHANGED,HIGH,HIGH,HIGH,1,1,Mastodon,2025-01-14,2025-01-14,1,True,False,9.1,0.0005,1327
CVE-2024-39770,CVE-2024-39770-1,2025-01-14,Mastodon,9.1,critical,0.0005,enriched,NETWORK,LOW,HIGH,NONE,CHANGED,HIGH,HIGH,HIGH,1,1,Mastodon,2025-01-14,2025-01-14,1,True,False,9.1,0.0005,1329
CVE-2024-39765,CVE-2024-39765-1,2025-01-14,Mastodon,9.1,critical,0.00049,enriched,NETWORK,LOW,HIGH,NONE,CHANGED,HIGH,HIGH,HIGH,1,1,Mastodon,2025-01-14,2025-01-14,1,True,False,9.1,0.00049,1326
CVE-2024-39764,CVE-2024-39764-1,2025-01-14,Mastodon,9.1,critical,0.00049,enriched,NETWORK,LOW,HIGH,NONE,CHANGED,HIGH,HIGH,HIGH,1,1,Mastodon,2025-01-14,2025-01-14,1,True,False,9.1,0.00049,1325
CVE-2024-39774,CVE-2024-39774-1,2025-01-14,Mastodon,9.1,critical,0.00043,enriched,NETWORK,LOW,HIGH,NONE,CHANGED,HIGH,HIGH,HIGH,1,1,Mastodon,2025-01-14,2025-01-14,1,True,False,9.1,0.00043,1330
CVE-2025-23025,CVE-2025-23025-2,2025-01-14,Mastodon,9.0,critical,0.00045,enriched,NETWORK,LOW,LOW,REQUIRED,CHANGED,HIGH,HIGH,HIGH,2,1,Mastodon,2025-01-14,2025-01-15,2,True,False,9.0,0.00045,2900
CVE-2023-37931,CVE-2023-37931-1,2025-01-14,Mastodon,8.8,high,0.00043,enriched,NETWORK,LOW,LOW,NONE,UNCHANGED,HIGH,HIGH,HIGH,1,1,Mastodon,2025-01-14,2025-01-14,1,True,False,8.8,0.00043,492
CVE-2025-0063,CVE-2025-0063-1,2025-01-14,Mastodon,8.8,high,0.00043,original,NETWORK,LOW,LOW,NONE,UNCHANGED,HIGH,HIGH,HIGH,1,1,Mastodon,2025-01-14,2025-01-14,1,True,False,8.8,0.00043,2412
CVE-2024-39781,CVE-2024-39781-1,2025-01-14,Mastodon,9.1,critical,0.00049,enriched,NETWORK,LOW,HIGH,NONE,CHANGED,HIGH,HIGH,HIGH,1,1,Mastodon,2025-01-14,2025-01-14,1,True,False,9.1,0.00049,1332
CVE-2025-21417,CVE-2025-21417-1,2025-01-14,Mastodon,8.8,high,0.00091,enriched,NETWORK,LOW,NONE,REQUIRED,UNCHANGED,HIGH,HIGH,HIGH,2,1,Mastodon,2025-01-14,2025-01-15,2,True,False,8.8,0.00091,2775
CVE-2025-21413,CVE-2025-21413-1,2025-01-14,Mastodon,8.8,high,0.00091,enriched,NETWORK,LOW,NONE,REQUIRED,UNCHANGED,HIGH,HIGH,HIGH,2,1,Mastodon,2025-01-14,2025-01-15,2,True,False,8.8,0.00091,2772
CVE-2025-21411,CVE-2025-21411-1,2025-01-14,Mastodon,8.8,high,0.00091,enriched,NETWORK,LOW,NONE,REQUIRED,UNCHANGED,HIGH,HIGH,HIGH,2,1,Mastodon,2025-01-14,2025-01-15,2,True,False,8.8,0.00091,2771
CVE-2025-21409,CVE-2025-21409-1,2025-01-14,Mastodon,8.8,high,0.00091,enriched,NETWORK,LOW,NONE,REQUIRED,UNCHANGED,HIGH,HIGH,HIGH,2,1,Mastodon,2025-01-14,2025-01-15,2,True,False,8.8,0.00091,2769
CVE-2025-21395,CVE-2025-21395-1,2025-01-14,BleepingComputer,7.8,high,0.00053,enriched,LOCAL,LOW,NONE,REQUIRED,UNCHANGED,HIGH,HIGH,HIGH,2,1,BleepingComputer,2025-01-14,2025-01-14,2,True,False,7.8,0.00053,2764
CVE-2025-21366,CVE-2025-21366-1,2025-01-14,BleepingComputer,7.8,high,0.00053,enriched,LOCAL,LOW,NONE,REQUIRED,UNCHANGED,HIGH,HIGH,HIGH,2,1,BleepingComputer,2025-01-14,2025-01-14,2,True,False,7.8,0.00053,2753
CVE-2024-12919,CVE-2024-12919-1,2025-01-14,Mastodon,9.8,critical,0.00091,enriched,NETWORK,LOW,NONE,NONE,UNCHANGED,HIGH,HIGH,HIGH,1,1,Mastodon,2025-01-14,2025-01-14,1,True,False,9.8,0.00091,943
CVE-2024-39782,CVE-2024-39782-1,2025-01-14,Mastodon,9.1,critical,0.00049,enriched,NETWORK,LOW,HIGH,NONE,CHANGED,HIGH,HIGH,HIGH,1,1,Mastodon,2025-01-14,2025-01-14,1,True,False,9.1,0.00049,1333
CVE-2024-39786,CVE-2024-39786-1,2025-01-14,Mastodon,9.1,critical,0.00049,enriched,NETWORK,LOW,HIGH,NONE,CHANGED,HIGH,HIGH,HIGH,1,1,Mastodon,2025-01-14,2025-01-14,1,True,False,9.1,0.00049,1337
CVE-2024-39784,CVE-2024-39784-1,2025-01-14,Mastodon,9.1,critical,0.0005,enriched,NETWORK,LOW,HIGH,NONE,CHANGED,HIGH,HIGH,HIGH,1,1,Mastodon,2025-01-14,2025-01-14,1,True,False,9.1,0.0005,1335
CVE-2024-48856,CVE-2024-48856-1,2025-01-14,Mastodon,9.8,critical,0.00043,enriched,NETWORK,LOW,NONE,NONE,UNCHANGED,HIGH,HIGH,HIGH,2,1,Mastodon,2025-01-14,2025-01-15,2,True,False,9.8,0.00043,1619
CVE-2024-54142,CVE-2024-54142-1,2025-01-14,Mastodon,9.0,critical,0.00043,enriched,NETWORK,LOW,LOW,REQUIRED,CHANGED,HIGH,HIGH,HIGH,2,1,Mastodon,2025-01-14,2025-01-15,2,True,True,9.0,0.00043,1987
CVE-2024-48886,CVE-2024-48886-1,2025-01-14,Mastodon,9.0,critical,0.00043,enriched,NETWORK,HIGH,NONE,NONE,CHANGED,HIGH,HIGH,HIGH,1,1,Mastodon,2025-01-14,2025-01-14,1,True,False,9.0,0.00043,1622
CVE-2024-47572,CVE-2024-47572-1,2025-01-14,Mastodon,9.0,critical,0.00043,enriched,NETWORK,LOW,LOW,REQUIRED,CHANGED,HIGH,HIGH,HIGH,1,1,Mastodon,2025-01-14,2025-01-14,1,True,False,9.0,0.00043,1579
CVE-2023-37936,CVE-2023-37936-3,2025-01-14,BleepingComputer,9.8,critical,0.00043,enriched,NETWORK,LOW,NONE,NONE,UNCHANGED,HIGH,HIGH,HIGH,4,2,"BleepingComputer, Mastodon",2025-01-14,2025-01-15,4,True,False,9.8,0.00043,494
CVE-2024-47571,CVE-2024-47571-1,2025-01-14,Mastodon,8.1,high,0.00043,enriched,NETWORK,HIGH,NONE,NONE,UNCHANGED,HIGH,HIGH,HIGH,1,1,Mastodon,2025-01-14,2025-01-14,1,True,False,8.1,0.00043,1578
CVE-2024-39803,CVE-2024-39803-1,2025-01-14,Mastodon,9.1,critical,0.0005,enriched,NETWORK,LOW,HIGH,NONE,CHANGED,HIGH,HIGH,HIGH,1,1,Mastodon,2025-01-14,2025-01-14,1,True,False,9.1,0.0005,1350
CVE-2024-39802,CVE-2024-39802-1,2025-01-14,Mastodon,9.1,critical,0.0005,enriched,NETWORK,LOW,HIGH,NONE,CHANGED,HIGH,HIGH,HIGH,1,1,Mastodon,2025-01-14,2025-01-14,1,True,False,9.1,0.0005,1349
CVE-2024-39801,CVE-2024-39801-1,2025-01-14,Mastodon,9.1,critical,0.0005,enriched,NETWORK,LOW,HIGH,NONE,CHANGED,HIGH,HIGH,HIGH,1,1,Mastodon,2025-01-14,2025-01-14,1,True,False,9.1,0.0005,1348
CVE-2024-39800,CVE-2024-39800-1,2025-01-14,Mastodon,9.1,critical,0.0005,enriched,NETWORK,LOW,HIGH,NONE,CHANGED,HIGH,HIGH,HIGH,1,1,Mastodon,2025-01-14,2025-01-14,1,True,False,9.1,0.0005,1347
CVE-2024-39799,CVE-2024-39799-1,2025-01-14,Mastodon,9.1,critical,0.0005,enriched,NETWORK,LOW,HIGH,NONE,CHANGED,HIGH,HIGH,HIGH,1,1,Mastodon,2025-01-14,2025-01-14,1,True,False,9.1,0.0005,1346
CVE-2024-39798,CVE-2024-39798-1,2025-01-14,Mastodon,9.1,critical,0.0005,enriched,NETWORK,LOW,HIGH,NONE,CHANGED,HIGH,HIGH,HIGH,1,1,Mastodon,2025-01-14,2025-01-14,1,True,False,9.1,0.0005,1345
CVE-2024-39795,CVE-2024-39795-1,2025-01-14,Mastodon,9.1,critical,0.0005,enriched,NETWORK,LOW,HIGH,NONE,CHANGED,HIGH,HIGH,HIGH,1,1,Mastodon,2025-01-14,2025-01-14,1,True,False,9.1,0.0005,1344
CVE-2024-39794,CVE-2024-39794-1,2025-01-14,Mastodon,9.1,critical,0.0005,enriched,NETWORK,LOW,HIGH,NONE,CHANGED,HIGH,HIGH,HIGH,1,1,Mastodon,2025-01-14,2025-01-14,1,True,False,9.1,0.0005,1343
CVE-2024-39793,CVE-2024-39793-1,2025-01-14,Mastodon,9.1,critical,0.0005,enriched,NETWORK,LOW,HIGH,NONE,CHANGED,HIGH,HIGH,HIGH,1,1,Mastodon,2025-01-14,2025-01-14,1,True,False,9.1,0.0005,1342
CVE-2024-39790,CVE-2024-39790-1,2025-01-14,Mastodon,9.1,critical,0.0005,enriched,NETWORK,LOW,HIGH,NONE,CHANGED,HIGH,HIGH,HIGH,1,1,Mastodon,2025-01-14,2025-01-14,1,True,False,9.1,0.0005,1341
CVE-2024-39789,CVE-2024-39789-1,2025-01-14,Mastodon,9.1,critical,0.0005,enriched,NETWORK,LOW,HIGH,NONE,CHANGED,HIGH,HIGH,HIGH,1,1,Mastodon,2025-01-14,2025-01-14,1,True,False,9.1,0.0005,1340
CVE-2024-39788,CVE-2024-39788-1,2025-01-14,Mastodon,9.1,critical,0.0005,enriched,NETWORK,LOW,HIGH,NONE,CHANGED,HIGH,HIGH,HIGH,1,1,Mastodon,2025-01-14,2025-01-14,1,True,False,9.1,0.0005,1339
CVE-2024-39787,CVE-2024-39787-1,2025-01-14,Mastodon,9.1,critical,0.00049,enriched,NETWORK,LOW,HIGH,NONE,CHANGED,HIGH,HIGH,HIGH,1,1,Mastodon,2025-01-14,2025-01-14,1,True,False,9.1,0.00049,1338
CVE-2024-11497,CVE-2024-11497-1,2025-01-14,Mastodon,8.8,high,0.0005,enriched,NETWORK,LOW,LOW,NONE,UNCHANGED,HIGH,HIGH,HIGH,1,1,Mastodon,2025-01-14,2025-01-14,1,True,False,8.8,0.0005,779
CVE-2024-39785,CVE-2024-39785-1,2025-01-14,Mastodon,9.1,critical,0.0005,enriched,NETWORK,LOW,HIGH,NONE,CHANGED,HIGH,HIGH,HIGH,1,1,Mastodon,2025-01-14,2025-01-14,1,True,False,9.1,0.0005,1336
CVE-2024-39783,CVE-2024-39783-1,2025-01-14,Mastodon,9.1,critical,0.00049,enriched,NETWORK,LOW,HIGH,NONE,CHANGED,HIGH,HIGH,HIGH,1,1,Mastodon,2025-01-14,2025-01-14,1,True,False,9.1,0.00049,1334
CVE-2024-38030,CVE-2024-38030-1,2025-01-14,BleepingComputer,6.5,medium,0.00351,original,NETWORK,LOW,NONE,REQUIRED,UNCHANGED,HIGH,NONE,NONE,2,1,BleepingComputer,2025-01-14,2025-01-14,4,True,False,6.5,0.00351,1282
CVE-2024-23106,CVE-2024-23106-1,2025-01-14,Mastodon,8.1,high,0.00043,enriched,NETWORK,HIGH,NONE,NONE,UNCHANGED,HIGH,HIGH,HIGH,1,1,Mastodon,2025-01-14,2025-01-14,1,True,False,8.1,0.00043,1104
CVE-2025-21291,CVE-2025-21291-1,2025-01-14,Mastodon,8.8,high,0.00091,enriched,NETWORK,LOW,NONE,REQUIRED,UNCHANGED,HIGH,HIGH,HIGH,1,1,Mastodon,2025-01-14,2025-01-14,1,False,False,8.8,0.00091,2727
CVE-2025-21297,CVE-2025-21297-1,2025-01-14,Mastodon,8.1,high,0.00091,enriched,NETWORK,HIGH,NONE,NONE,UNCHANGED,HIGH,HIGH,HIGH,5,2,"Mastodon, Reddit",2025-01-14,2025-05-24,5,True,False,8.1,0.02274,2732
CVE-2025-21298,CVE-2025-21298-1,2025-01-14,Mastodon,9.8,critical,0.00091,enriched,NETWORK,LOW,NONE,NONE,UNCHANGED,HIGH,HIGH,HIGH,1,1,Mastodon,2025-01-14,2025-01-14,3,False,False,9.8,0.00091,2733
CVE-2025-21303,CVE-2025-21303-1,2025-01-14,Mastodon,8.8,high,0.00091,enriched,NETWORK,LOW,NONE,REQUIRED,UNCHANGED,HIGH,HIGH,HIGH,1,1,Mastodon,2025-01-14,2025-01-14,1,True,False,8.8,0.00091,2736
CVE-2025-21302,CVE-2025-21302-1,2025-01-14,Mastodon,8.8,high,0.00091,enriched,NETWORK,LOW,NONE,REQUIRED,UNCHANGED,HIGH,HIGH,HIGH,1,1,Mastodon,2025-01-14,2025-01-14,1,True,False,8.8,0.00091,2735
CVE-2025-21339,CVE-2025-21339-1,2025-01-14,Mastodon,8.8,high,0.00091,enriched,NETWORK,LOW,NONE,REQUIRED,UNCHANGED,HIGH,HIGH,HIGH,2,1,Mastodon,2025-01-14,2025-01-15,2,True,False,8.8,0.00091,2746
CVE-2025-21292,CVE-2025-21292-1,2025-01-14,Mastodon,8.8,high,0.00043,enriched,LOCAL,LOW,LOW,NONE,CHANGED,HIGH,HIGH,HIGH,1,1,Mastodon,2025-01-14,2025-01-14,1,False,False,8.8,0.00043,2728
CVE-2025-0070,CVE-2025-0070-1,2025-01-14,Mastodon,9.9,critical,0.00043,original,NETWORK,LOW,LOW,NONE,CHANGED,HIGH,HIGH,HIGH,1,1,Mastodon,2025-01-14,2025-01-14,1,True,False,9.9,0.00043,2415
CVE-2024-55591,CVE-2024-55591-10,2025-01-14,BleepingComputer,9.8,critical,0.01179,enriched,NETWORK,LOW,NONE,NONE,UNCHANGED,HIGH,HIGH,HIGH,14,4,"BleepingComputer, HackerNews, Mastodon, Reddit",2025-01-14,2025-05-13,16,True,False,9.8,0.93007,2089
CVE-2025-21286,CVE-2025-21286-1,2025-01-14,Mastodon,8.8,high,0.00091,enriched,NETWORK,LOW,NONE,REQUIRED,UNCHANGED,HIGH,HIGH,HIGH,1,1,Mastodon,2025-01-14,2025-01-14,1,False,False,8.8,0.00091,2726
CVE-2024-35277,CVE-2024-35277-1,2025-01-14,Mastodon,8.6,high,0.00043,enriched,NETWORK,LOW,NONE,NONE,CHANGED,HIGH,NONE,NONE,1,1,Mastodon,2025-01-14,2025-01-14,1,True,False,8.6,0.00043,1244
CVE-2025-0066,CVE-2025-0066-1,2025-01-14,Mastodon,9.9,critical,0.00043,original,NETWORK,LOW,LOW,NONE,CHANGED,HIGH,HIGH,HIGH,1,1,Mastodon,2025-01-14,2025-01-14,1,True,False,9.9,0.00043,2414
CVE-2025-21282,CVE-2025-21282-1,2025-01-14,Mastodon,8.8,high,0.00091,enriched,NETWORK,LOW,NONE,REQUIRED,UNCHANGED,HIGH,HIGH,HIGH,1,1,Mastodon,2025-01-14,2025-01-14,1,False,False,8.8,0.00091,2725
CVE-2025-0394,CVE-2025-0394-1,2025-01-14,Mastodon,8.8,high,0.00066,enriched,NETWORK,LOW,LOW,NONE,UNCHANGED,HIGH,HIGH,HIGH,1,1,Mastodon,2025-01-14,2025-01-14,1,True,False,8.8,0.00066,2447
CVE-2025-21186,CVE-2025-21186-1,2025-01-14,BleepingComputer,7.8,high,0.00053,enriched,LOCAL,LOW,NONE,REQUIRED,UNCHANGED,HIGH,HIGH,HIGH,2,1,BleepingComputer,2025-01-14,2025-01-14,2,True,False,7.8,0.00053,2709
CVE-2025-21252,CVE-2025-21252-1,2025-01-14,Mastodon,8.8,high,0.00091,enriched,NETWORK,LOW,NONE,REQUIRED,UNCHANGED,HIGH,HIGH,HIGH,1,1,Mastodon,2025-01-14,2025-01-14,1,True,False,8.8,0.00091,2720
CVE-2025-21266,CVE-2025-21266-1,2025-01-14,Mastodon,8.8,high,0.00091,enriched,NETWORK,LOW,NONE,REQUIRED,UNCHANGED,HIGH,HIGH,HIGH,1,1,Mastodon,2025-01-14,2025-01-14,1,False,False,8.8,0.00091,2722
CVE-2024-27778,CVE-2024-27778-1,2025-01-14,Mastodon,8.8,high,0.00043,enriched,NETWORK,LOW,LOW,NONE,UNCHANGED,HIGH,HIGH,HIGH,1,1,Mastodon,2025-01-14,2025-01-14,1,True,False,8.8,0.00043,1173
CVE-2025-21273,CVE-2025-21273-1,2025-01-14,Mastodon,8.8,high,0.00091,enriched,NETWORK,LOW,NONE,REQUIRED,UNCHANGED,HIGH,HIGH,HIGH,1,1,Mastodon,2025-01-14,2025-01-14,1,False,False,8.8,0.00091,2723
CVE-2025-20055,CVE-2025-20055-1,2025-01-14,Mastodon,9.8,critical,0.00043,enriched,NETWORK,LOW,NONE,NONE,UNCHANGED,HIGH,HIGH,HIGH,1,1,Mastodon,2025-01-14,2025-01-14,1,True,False,9.8,0.00043,2656
CVE-2024-12398,CVE-2024-12398-1,2025-01-14,Mastodon,8.8,high,0.0005,original,NETWORK,LOW,LOW,NONE,UNCHANGED,HIGH,HIGH,HIGH,1,1,Mastodon,2025-01-14,2025-01-14,1,True,False,8.8,0.0005,873
CVE-2025-21335,CVE-2025-21335-5,2025-01-14,BleepingComputer,7.8,high,0.00144,enriched,LOCAL,LOW,LOW,NONE,UNCHANGED,HIGH,HIGH,HIGH,2,1,BleepingComputer,2025-01-14,2025-01-14,6,True,False,7.8,0.00144,2745
CVE-2025-21293,CVE-2025-21293-1,2025-01-14,Mastodon,8.8,high,0.0005,enriched,NETWORK,LOW,LOW,NONE,UNCHANGED,HIGH,HIGH,HIGH,3,1,Mastodon,2025-01-14,2025-03-21,4,False,False,8.8,0.19608,2729
CVE-2025-21294,CVE-2025-21294-1,2025-01-14,Mastodon,8.1,high,0.00091,enriched,NETWORK,HIGH,NONE,NONE,UNCHANGED,HIGH,HIGH,HIGH,1,1,Mastodon,2025-01-14,2025-01-14,3,False,False,8.1,0.00091,2730
CVE-2025-21334,CVE-2025-21334-5,2025-01-14,BleepingComputer,7.8,high,0.00144,enriched,LOCAL,LOW,LOW,NONE,UNCHANGED,HIGH,HIGH,HIGH,2,1,BleepingComputer,2025-01-14,2025-01-14,6,True,False,7.8,0.00144,2744
CVE-2025-21333,CVE-2025-21333-11,2025-01-14,BleepingComputer,7.8,high,0.00144,enriched,LOCAL,LOW,LOW,NONE,UNCHANGED,HIGH,HIGH,HIGH,4,3,"BleepingComputer, Mastodon, Reddit",2025-01-14,2025-03-13,11,True,False,7.8,0.03481,2743
CVE-2025-21311,CVE-2025-21311-2,2025-01-14,Mastodon,9.8,critical,0.00091,enriched,NETWORK,LOW,NONE,NONE,UNCHANGED,HIGH,HIGH,HIGH,2,1,Mastodon,2025-01-14,2025-01-15,2,True,False,9.8,0.00091,2742
CVE-2025-21309,CVE-2025-21309-1,2025-01-14,Mastodon,8.1,high,0.00091,enriched,NETWORK,HIGH,NONE,NONE,UNCHANGED,HIGH,HIGH,HIGH,2,1,Mastodon,2025-01-14,2025-01-15,2,True,False,8.1,0.00091,2741
CVE-2024-55924,CVE-2024-55924-1,2025-01-14,Mastodon,8.0,high,0.00043,enriched,NETWORK,LOW,LOW,REQUIRED,UNCHANGED,HIGH,HIGH,HIGH,2,1,Mastodon,2025-01-14,2025-01-15,2,True,False,8.0,0.00043,2103
CVE-2025-21308,CVE-2025-21308-2,2025-01-14,BleepingComputer,6.5,medium,0.00087,enriched,NETWORK,LOW,NONE,REQUIRED,UNCHANGED,HIGH,NONE,NONE,4,1,BleepingComputer,2025-01-14,2025-03-25,5,True,False,6.5,0.00139,2740
CVE-2025-21295,CVE-2025-21295-1,2025-01-14,Mastodon,8.1,high,0.00091,enriched,NETWORK,HIGH,NONE,NONE,UNCHANGED,HIGH,HIGH,HIGH,1,1,Mastodon,2025-01-14,2025-01-14,1,True,False,8.1,0.00091,2731
CVE-2025-21306,CVE-2025-21306-1,2025-01-14,Mastodon,8.8,high,0.00091,enriched,NETWORK,LOW,NONE,REQUIRED,UNCHANGED,HIGH,HIGH,HIGH,1,1,Mastodon,2025-01-14,2025-01-14,1,True,False,8.8,0.00091,2738
CVE-2025-21305,CVE-2025-21305-1,2025-01-14,Mastodon,8.8,high,0.00091,enriched,NETWORK,LOW,NONE,REQUIRED,UNCHANGED,HIGH,HIGH,HIGH,1,1,Mastodon,2025-01-14,2025-01-14,1,True,False,8.8,0.00091,2737
CVE-2025-0061,CVE-2025-0061-1,2025-01-14,Mastodon,8.7,high,0.00043,original,NETWORK,HIGH,NONE,NONE,CHANGED,HIGH,HIGH,NONE,1,1,Mastodon,2025-01-14,2025-01-14,1,True,False,8.7,0.00043,2411
CVE-2024-49375,CVE-2024-49375-1,2025-01-14,Mastodon,9.0,critical,0.00043,enriched,NETWORK,HIGH,NONE,NONE,CHANGED,HIGH,HIGH,HIGH,2,1,Mastodon,2025-01-14,2025-01-15,2,True,False,9.0,0.00043,1695
CVE-2024-12365,CVE-2024-12365-1,2025-01-14,Mastodon,8.5,high,0.0013,enriched,NETWORK,LOW,LOW,NONE,CHANGED,HIGH,LOW,NONE,3,2,"BleepingComputer, Mastodon",2025-01-14,2025-01-16,3,True,False,8.5,0.0013,868
CVE-2024-10811,CVE-2024-10811-1,2025-01-14,Mastodon,9.8,critical,0.00043,enriched,NETWORK,LOW,NONE,NONE,UNCHANGED,HIGH,HIGH,HIGH,1,1,Mastodon,2025-01-14,2025-01-14,1,True,False,9.8,0.00043,699
CVE-2025-21307,CVE-2025-21307-1,2025-01-14,Mastodon,9.8,critical,0.00091,enriched,NETWORK,LOW,NONE,NONE,UNCHANGED,HIGH,HIGH,HIGH,1,1,Mastodon,2025-01-14,2025-01-14,1,True,False,9.8,0.00091,2739
CVE-2025-21275,CVE-2025-21275-1,2025-01-14,BleepingComputer,7.8,high,0.00043,enriched,LOCAL,LOW,LOW,NONE,UNCHANGED,HIGH,HIGH,HIGH,2,1,BleepingComputer,2025-01-14,2025-01-14,2,True,False,7.8,0.00043,2724
CVE-2025-21354,CVE-2025-21354-1,2025-01-15,Mastodon,8.4,high,0.00053,original,LOCAL,LOW,NONE,NONE,UNCHANGED,HIGH,HIGH,HIGH,2,1,Mastodon,2025-01-15,2025-01-15,2,True,False,8.4,0.00053,2749
CVE-2024-55577,CVE-2024-55577-1,2025-01-15,Mastodon,7.0,high,0.00043,enriched,LOCAL,HIGH,NONE,REQUIRED,UNCHANGED,HIGH,HIGH,HIGH,1,1,Mastodon,2025-01-15,2025-01-15,1,False,False,7.0,0.00043,2084
CVE-2025-0434,CVE-2025-0434-1,2025-01-15,Mastodon,8.8,high,0.00043,enriched,NETWORK,LOW,NONE,REQUIRED,UNCHANGED,HIGH,HIGH,HIGH,1,1,Mastodon,2025-01-15,2025-01-15,1,True,False,8.8,0.00043,2451
CVE-2025-0436,CVE-2025-0436-1,2025-01-15,Mastodon,8.8,high,0.00043,enriched,NETWORK,LOW,NONE,REQUIRED,UNCHANGED,HIGH,HIGH,HIGH,1,1,Mastodon,2025-01-15,2025-01-15,1,True,False,8.8,0.00043,2452
CVE-2025-0438,CVE-2025-0438-1,2025-01-15,Mastodon,8.8,high,0.00043,enriched,NETWORK,LOW,NONE,REQUIRED,UNCHANGED,HIGH,HIGH,HIGH,1,1,Mastodon,2025-01-15,2025-01-15,1,True,False,8.8,0.00043,2453
CVE-2025-0447,CVE-2025-0447-1,2025-01-15,Mastodon,8.8,high,0.00043,enriched,NETWORK,LOW,NONE,REQUIRED,UNCHANGED,HIGH,HIGH,HIGH,1,1,Mastodon,2025-01-15,2025-01-15,1,True,False,8.8,0.00043,2455
CVE-2024-5198,CVE-2024-5198-1,2025-01-15,Mastodon,3.3,low,0.00043,enriched,LOCAL,LOW,LOW,NONE,UNCHANGED,NONE,NONE,LOW,1,1,Mastodon,2025-01-15,2025-01-15,1,False,False,3.3,0.00043,1814
CVE-2025-23061,CVE-2025-23061-1,2025-01-15,Mastodon,9.0,critical,0.00045,original,NETWORK,HIGH,NONE,NONE,CHANGED,HIGH,HIGH,HIGH,2,1,Mastodon,2025-01-15,2025-01-15,2,True,True,9.0,0.00045,2903
CVE-2024-50858,CVE-2024-50858-1,2025-01-15,Mastodon,8.8,high,0.00045,original,NETWORK,LOW,NONE,REQUIRED,UNCHANGED,HIGH,HIGH,HIGH,3,2,"ExploitDB, Mastodon",2025-01-15,2025-04-14,3,True,False,8.8,0.00045,1748
CVE-2024-45061,CVE-2024-45061-1,2025-01-15,Mastodon,8.7,high,0.00043,enriched,NETWORK,LOW,LOW,REQUIRED,CHANGED,HIGH,HIGH,NONE,1,1,Mastodon,2025-01-15,2025-01-15,1,True,False,8.7,0.00043,1492
CVE-2024-12084,CVE-2024-12084-4,2025-01-15,BleepingComputer,9.8,critical,0.00063,enriched,NETWORK,LOW,NONE,NONE,UNCHANGED,HIGH,HIGH,HIGH,6,2,"BleepingComputer, Mastodon",2025-01-15,2025-01-23,6,True,False,9.8,0.00063,829
CVE-2024-13394,CVE-2024-13394-1,2025-01-15,Mastodon,6.4,medium,0.00053,enriched,NETWORK,LOW,LOW,NONE,CHANGED,LOW,LOW,NONE,1,1,Mastodon,2025-01-15,2025-01-15,1,False,False,6.4,0.00053,991
CVE-2018-13379,CVE-2018-13379-3,2025-01-15,BleepingComputer,9.1,critical,0.96926,original,NETWORK,LOW,NONE,NONE,UNCHANGED,HIGH,NONE,HIGH,6,3,"BleepingComputer, HackerNews, Mastodon",2025-01-15,2025-05-13,6,True,False,9.1,0.96926,51
CVE-2025-0443,CVE-2025-0443-1,2025-01-15,Mastodon,8.8,high,0.00043,enriched,NETWORK,LOW,NONE,REQUIRED,UNCHANGED,HIGH,HIGH,HIGH,1,1,Mastodon,2025-01-15,2025-01-15,1,True,False,8.8,0.00043,2454
CVE-2025-0147,CVE-2025-0147-2,2025-01-15,Mastodon,8.8,high,0.00043,enriched,NETWORK,LOW,NONE,REQUIRED,UNCHANGED,HIGH,HIGH,HIGH,2,1,Mastodon,2025-01-15,2025-01-30,2,True,False,8.8,0.00043,2420
CVE-2025-22782,CVE-2025-22782-1,2025-01-15,Mastodon,9.9,critical,0.00043,enriched,NETWORK,LOW,LOW,NONE,CHANGED,HIGH,HIGH,HIGH,1,1,Mastodon,2025-01-15,2025-01-15,1,True,False,9.9,0.00043,2871
CVE-2024-11848,CVE-2024-11848-1,2025-01-15,Mastodon,8.1,high,0.00046,enriched,NETWORK,LOW,LOW,NONE,UNCHANGED,NONE,HIGH,HIGH,2,1,Mastodon,2025-01-15,2025-01-15,2,True,False,8.1,0.00046,803
CVE-2024-47140,CVE-2024-47140-1,2025-01-15,Mastodon,8.7,high,0.00043,enriched,NETWORK,LOW,LOW,REQUIRED,CHANGED,HIGH,HIGH,NONE,1,1,Mastodon,2025-01-15,2025-01-15,1,True,False,8.7,0.00043,1563
CVE-2025-22736,CVE-2025-22736-1,2025-01-15,Mastodon,8.8,high,0.00043,enriched,NETWORK,LOW,LOW,NONE,UNCHANGED,HIGH,HIGH,HIGH,1,1,Mastodon,2025-01-15,2025-01-15,1,True,False,8.8,0.00043,2869
CVE-2025-22784,CVE-2025-22784-1,2025-01-15,Mastodon,8.6,high,0.00043,enriched,NETWORK,LOW,NONE,NONE,CHANGED,NONE,NONE,HIGH,1,1,Mastodon,2025-01-15,2025-01-15,1,True,False,8.6,0.00043,2873
CVE-2025-22785,CVE-2025-22785-1,2025-01-15,Mastodon,9.3,critical,0.00043,enriched,NETWORK,LOW,NONE,NONE,CHANGED,HIGH,NONE,LOW,1,1,Mastodon,2025-01-15,2025-01-15,1,True,False,9.3,0.00043,2874
CVE-2025-22799,CVE-2025-22799-1,2025-01-15,Mastodon,8.5,high,0.00043,enriched,NETWORK,LOW,LOW,NONE,CHANGED,HIGH,NONE,LOW,1,1,Mastodon,2025-01-15,2025-01-15,1,True,False,8.5,0.00043,2875
CVE-2025-22146,CVE-2025-22146-1,2025-01-15,Mastodon,9.1,critical,0.00043,enriched,NETWORK,LOW,NONE,NONE,UNCHANGED,HIGH,HIGH,NONE,1,1,Mastodon,2025-01-15,2025-01-15,1,True,True,9.1,0.00043,2807
CVE-2024-57901,CVE-2024-57901-1,2025-01-15,Mastodon,5.5,medium,0.00044,enriched,LOCAL,LOW,LOW,NONE,UNCHANGED,NONE,NONE,HIGH,1,1,Mastodon,2025-01-15,2025-01-15,1,False,False,5.5,0.00044,2265
CVE-2024-57902,CVE-2024-57902-1,2025-01-15,Mastodon,5.5,medium,0.00044,enriched,LOCAL,LOW,LOW,NONE,UNCHANGED,NONE,NONE,HIGH,1,1,Mastodon,2025-01-15,2025-01-15,1,False,False,5.5,0.00044,2266
CVE-2024-57896,CVE-2024-57896-1,2025-01-15,Mastodon,7.8,high,0.00044,enriched,LOCAL,LOW,LOW,NONE,UNCHANGED,HIGH,HIGH,HIGH,1,1,Mastodon,2025-01-15,2025-01-15,1,False,False,7.8,0.00044,2263
CVE-2024-57895,CVE-2024-57895-1,2025-01-15,Mastodon,5.5,medium,0.00045,enriched,LOCAL,LOW,LOW,NONE,UNCHANGED,NONE,NONE,HIGH,1,1,Mastodon,2025-01-15,2025-01-15,1,False,False,5.5,0.00045,2262
CVE-2024-57892,CVE-2024-57892-1,2025-01-15,Mastodon,7.8,high,0.00045,enriched,LOCAL,LOW,LOW,NONE,UNCHANGED,HIGH,HIGH,HIGH,1,1,Mastodon,2025-01-15,2025-01-15,1,False,False,7.8,0.00045,2261
CVE-2024-9636,CVE-2024-9636-1,2025-01-15,Mastodon,9.8,critical,0.00063,enriched,NETWORK,LOW,NONE,NONE,UNCHANGED,HIGH,HIGH,HIGH,2,1,Mastodon,2025-01-15,2025-01-15,2,True,False,9.8,0.00063,2397
CVE-2025-21362,CVE-2025-21362-1,2025-01-15,Mastodon,8.4,high,0.00053,original,LOCAL,LOW,NONE,NONE,UNCHANGED,HIGH,HIGH,HIGH,2,1,Mastodon,2025-01-15,2025-01-15,2,True,False,8.4,0.00053,2752
CVE-2024-38058,CVE-2024-38058-1,2025-01-15,BleepingComputer,6.8,medium,0.00048,original,PHYSICAL,LOW,NONE,NONE,UNCHANGED,HIGH,HIGH,HIGH,2,1,BleepingComputer,2025-01-15,2025-01-15,2,True,False,6.8,0.00048,1283
CVE-2024-57900,CVE-2024-57900-1,2025-01-15,Mastodon,7.8,high,0.00044,enriched,LOCAL,LOW,LOW,NONE,UNCHANGED,HIGH,HIGH,HIGH,1,1,Mastodon,2025-01-15,2025-01-15,1,False,False,7.8,0.00044,2264
CVE-2024-47002,CVE-2024-47002-1,2025-01-15,Mastodon,8.7,high,0.00043,enriched,NETWORK,LOW,LOW,REQUIRED,CHANGED,HIGH,HIGH,NONE,1,1,Mastodon,2025-01-15,2025-01-15,1,True,False,8.7,0.00043,1558
CVE-2024-57013,CVE-2024-57013-1,2025-01-16,Mastodon,8.8,high,0.00043,original,NETWORK,LOW,LOW,NONE,UNCHANGED,HIGH,HIGH,HIGH,1,1,Mastodon,2025-01-16,2025-01-16,1,True,True,8.8,0.00043,2208
CVE-2024-57014,CVE-2024-57014-1,2025-01-16,Mastodon,8.8,high,0.00043,original,NETWORK,LOW,LOW,NONE,UNCHANGED,HIGH,HIGH,HIGH,1,1,Mastodon,2025-01-16,2025-01-16,1,True,True,8.8,0.00043,2209
CVE-2025-23913,CVE-2025-23913-1,2025-01-16,Mastodon,8.5,high,0.00043,enriched,NETWORK,LOW,LOW,NONE,CHANGED,HIGH,NONE,LOW,1,1,Mastodon,2025-01-16,2025-01-16,1,True,False,8.5,0.00043,2949
CVE-2024-40771,CVE-2024-40771-1,2025-01-16,Mastodon,7.8,high,0.00044,original,LOCAL,LOW,LOW,NONE,UNCHANGED,HIGH,HIGH,HIGH,1,1,Mastodon,2025-01-16,2025-01-16,1,True,False,7.8,0.00044,1375
CVE-2025-23922,CVE-2025-23922-1,2025-01-16,Mastodon,10.0,critical,0.00043,enriched,NETWORK,LOW,NONE,NONE,CHANGED,HIGH,HIGH,HIGH,1,1,Mastodon,2025-01-16,2025-01-16,1,True,False,10.0,0.00043,2953
CVE-2024-57021,CVE-2024-57021-1,2025-01-16,Mastodon,8.8,high,0.00043,original,NETWORK,LOW,LOW,NONE,UNCHANGED,HIGH,HIGH,HIGH,1,1,Mastodon,2025-01-16,2025-01-16,1,True,True,8.8,0.00043,2216
CVE-2024-57015,CVE-2024-57015-1,2025-01-16,Mastodon,8.8,high,0.00043,original,NETWORK,LOW,LOW,NONE,UNCHANGED,HIGH,HIGH,HIGH,1,1,Mastodon,2025-01-16,2025-01-16,1,True,True,8.8,0.00043,2210
CVE-2024-57022,CVE-2024-57022-1,2025-01-16,Mastodon,8.8,high,0.00043,original,NETWORK,LOW,LOW,NONE,UNCHANGED,HIGH,HIGH,HIGH,1,1,Mastodon,2025-01-16,2025-01-16,1,True,True,8.8,0.00043,2217
CVE-2024-57011,CVE-2024-57011-1,2025-01-16,Mastodon,8.8,high,0.00043,original,NETWORK,LOW,LOW,NONE,UNCHANGED,HIGH,HIGH,HIGH,1,1,Mastodon,2025-01-16,2025-01-16,1,True,True,8.8,0.00043,2206
CVE-2024-57016,CVE-2024-57016-1,2025-01-16,Mastodon,8.8,high,0.00043,original,NETWORK,LOW,LOW,NONE,UNCHANGED,HIGH,HIGH,HIGH,1,1,Mastodon,2025-01-16,2025-01-16,1,True,True,8.8,0.00043,2211
CVE-2024-57017,CVE-2024-57017-1,2025-01-16,Mastodon,8.8,high,0.00043,original,NETWORK,LOW,LOW,NONE,UNCHANGED,HIGH,HIGH,HIGH,1,1,Mastodon,2025-01-16,2025-01-16,1,True,True,8.8,0.00043,2212
CVE-2024-57018,CVE-2024-57018-1,2025-01-16,Mastodon,8.8,high,0.00043,original,NETWORK,LOW,LOW,NONE,UNCHANGED,HIGH,HIGH,HIGH,1,1,Mastodon,2025-01-16,2025-01-16,1,True,True,8.8,0.00043,2213
CVE-2024-57019,CVE-2024-57019-1,2025-01-16,Mastodon,8.8,high,0.00043,original,NETWORK,LOW,LOW,NONE,UNCHANGED,HIGH,HIGH,HIGH,1,1,Mastodon,2025-01-16,2025-01-16,1,True,True,8.8,0.00043,2214
CVE-2024-57012,CVE-2024-57012-1,2025-01-16,Mastodon,8.8,high,0.00043,original,NETWORK,LOW,LOW,NONE,UNCHANGED,HIGH,HIGH,HIGH,1,1,Mastodon,2025-01-16,2025-01-16,1,True,True,8.8,0.00043,2207
CVE-2024-57020,CVE-2024-57020-1,2025-01-16,Mastodon,8.8,high,0.00043,original,NETWORK,LOW,LOW,NONE,UNCHANGED,HIGH,HIGH,HIGH,1,1,Mastodon,2025-01-16,2025-01-16,1,True,True,8.8,0.00043,2215
CVE-2022-29154,CVE-2022-29154-1,2025-01-16,Reddit,7.4,high,0.00069,original,NETWORK,HIGH,NONE,NONE,UNCHANGED,NONE,HIGH,HIGH,1,1,Reddit,2025-01-16,2025-01-16,1,True,False,7.4,0.00069,235
CVE-2025-23912,CVE-2025-23912-1,2025-01-16,Mastodon,8.5,high,0.00043,enriched,NETWORK,LOW,LOW,NONE,CHANGED,HIGH,NONE,LOW,1,1,Mastodon,2025-01-16,2025-01-16,1,True,False,8.5,0.00043,2948
CVE-2024-57726,CVE-2024-57726-1,2025-01-16,Mastodon,9.9,critical,0.00043,original,NETWORK,LOW,LOW,NONE,CHANGED,HIGH,HIGH,HIGH,6,2,"BleepingComputer, Mastodon",2025-01-16,2025-05-27,7,True,False,9.9,0.00164,2256
CVE-2025-0471,CVE-2025-0471-1,2025-01-16,Mastodon,9.9,critical,0.00043,enriched,NETWORK,LOW,LOW,NONE,CHANGED,HIGH,HIGH,HIGH,2,1,Mastodon,2025-01-16,2025-01-17,2,True,False,9.9,0.00043,2461
CVE-2025-22907,CVE-2025-22907-1,2025-01-16,Mastodon,9.8,critical,0.00045,original,NETWORK,LOW,NONE,NONE,UNCHANGED,HIGH,HIGH,HIGH,2,1,Mastodon,2025-01-16,2025-01-17,2,True,False,9.8,0.00045,2882
CVE-2025-0457,CVE-2025-0457-1,2025-01-16,Mastodon,8.8,high,0.00052,original,NETWORK,LOW,LOW,NONE,UNCHANGED,HIGH,HIGH,HIGH,1,1,Mastodon,2025-01-16,2025-01-16,1,True,False,8.8,0.00052,2459
CVE-2025-22916,CVE-2025-22916-1,2025-01-16,Mastodon,9.8,critical,0.00045,original,NETWORK,LOW,NONE,NONE,UNCHANGED,HIGH,HIGH,HIGH,2,1,Mastodon,2025-01-16,2025-01-17,2,True,False,9.8,0.00045,2885
CVE-2025-23911,CVE-2025-23911-1,2025-01-16,Mastodon,8.5,high,0.00043,enriched,NETWORK,LOW,LOW,NONE,CHANGED,HIGH,NONE,LOW,1,1,Mastodon,2025-01-16,2025-01-16,1,True,False,8.5,0.00043,2947
CVE-2025-22906,CVE-2025-22906-1,2025-01-16,Mastodon,9.8,critical,0.00045,original,NETWORK,LOW,NONE,NONE,UNCHANGED,HIGH,HIGH,HIGH,1,1,Mastodon,2025-01-16,2025-01-16,1,True,False,9.8,0.00045,2881
CVE-2025-22968,CVE-2025-22968-1,2025-01-16,Mastodon,9.8,critical,0.00045,original,NETWORK,LOW,NONE,NONE,UNCHANGED,HIGH,HIGH,HIGH,1,1,Mastodon,2025-01-16,2025-01-16,1,True,False,9.8,0.00045,2891
CVE-2024-57684,CVE-2024-57684-1,2025-01-16,Mastodon,9.8,critical,0.00043,enriched,NETWORK,LOW,NONE,NONE,UNCHANGED,HIGH,HIGH,HIGH,1,1,Mastodon,2025-01-16,2025-01-16,1,True,True,9.8,0.00043,2251
CVE-2025-22905,CVE-2025-22905-1,2025-01-16,Mastodon,9.8,critical,0.00045,original,NETWORK,LOW,NONE,NONE,UNCHANGED,HIGH,HIGH,HIGH,1,1,Mastodon,2025-01-16,2025-01-16,1,True,False,9.8,0.00045,2880
CVE-2025-22913,CVE-2025-22913-1,2025-01-16,Mastodon,9.8,critical,0.00043,original,NETWORK,LOW,NONE,NONE,UNCHANGED,HIGH,HIGH,HIGH,2,1,Mastodon,2025-01-16,2025-01-17,2,True,False,9.8,0.00043,2884
CVE-2024-7344,CVE-2024-7344-2,2025-01-16,BleepingComputer,8.2,high,0.00045,original,LOCAL,LOW,HIGH,NONE,CHANGED,HIGH,HIGH,HIGH,5,3,"BleepingComputer, Mastodon, Reddit",2025-01-16,2025-05-07,5,True,False,8.2,0.00045,2310
CVE-2024-44136,CVE-2024-44136-1,2025-01-16,Mastodon,4.6,medium,0.00043,original,PHYSICAL,LOW,NONE,NONE,UNCHANGED,NONE,HIGH,NONE,1,1,Mastodon,2025-01-16,2025-01-16,1,True,False,4.6,0.00043,1477
CVE-2025-0455,CVE-2025-0455-1,2025-01-16,Mastodon,9.8,critical,0.00091,original,NETWORK,LOW,NONE,NONE,UNCHANGED,HIGH,HIGH,HIGH,1,1,Mastodon,2025-01-16,2025-01-16,1,True,False,9.8,0.00091,2457
CVE-2025-23528,CVE-2025-23528-1,2025-01-16,Mastodon,8.8,high,0.00043,enriched,NETWORK,LOW,LOW,NONE,UNCHANGED,HIGH,HIGH,HIGH,1,1,Mastodon,2025-01-16,2025-01-16,1,True,False,8.8,0.00043,2939
CVE-2025-23530,CVE-2025-23530-1,2025-01-16,Mastodon,8.8,high,0.00043,enriched,NETWORK,LOW,NONE,REQUIRED,UNCHANGED,HIGH,HIGH,HIGH,1,1,Mastodon,2025-01-16,2025-01-16,1,True,False,8.8,0.00043,2940
CVE-2025-0456,CVE-2025-0456-1,2025-01-16,Mastodon,9.8,critical,0.00091,original,NETWORK,LOW,NONE,NONE,UNCHANGED,HIGH,HIGH,HIGH,1,1,Mastodon,2025-01-16,2025-01-16,1,True,False,9.8,0.00091,2458
CVE-2025-23532,CVE-2025-23532-1,2025-01-16,Mastodon,8.8,high,0.00043,enriched,NETWORK,LOW,NONE,REQUIRED,UNCHANGED,HIGH,HIGH,HIGH,1,1,Mastodon,2025-01-16,2025-01-16,1,True,False,8.8,0.00043,2941
CVE-2025-23797,CVE-2025-23797-1,2025-01-16,Mastodon,9.8,critical,0.00043,enriched,NETWORK,LOW,NONE,NONE,UNCHANGED,HIGH,HIGH,HIGH,1,1,Mastodon,2025-01-16,2025-01-16,1,True,False,9.8,0.00043,2944
CVE-2024-55954,CVE-2024-55954-1,2025-01-16,Mastodon,8.7,high,0.00043,enriched,NETWORK,LOW,HIGH,NONE,CHANGED,HIGH,HIGH,NONE,1,1,Mastodon,2025-01-16,2025-01-16,1,True,True,8.7,0.00043,2106
CVE-2025-22912,CVE-2025-22912-1,2025-01-16,Mastodon,9.8,critical,0.00045,original,NETWORK,LOW,NONE,NONE,UNCHANGED,HIGH,HIGH,HIGH,2,1,Mastodon,2025-01-16,2025-01-17,2,True,False,9.8,0.00045,2883
CVE-2024-12757,CVE-2024-12757-1,2025-01-17,Mastodon,8.6,high,0.00043,enriched,NETWORK,LOW,NONE,NONE,UNCHANGED,HIGH,LOW,LOW,1,1,Mastodon,2025-01-17,2025-01-17,1,True,False,8.6,0.00043,910
CVE-2024-57768,CVE-2024-57768-1,2025-01-17,Mastodon,9.8,critical,0.00043,original,NETWORK,LOW,NONE,NONE,UNCHANGED,HIGH,HIGH,HIGH,1,1,Mastodon,2025-01-17,2025-01-17,1,True,False,9.8,0.00043,2259
CVE-2024-10497,CVE-2024-10497-1,2025-01-17,Mastodon,8.8,high,0.00043,enriched,NETWORK,LOW,LOW,NONE,UNCHANGED,HIGH,HIGH,HIGH,1,1,Mastodon,2025-01-17,2025-01-17,1,True,False,8.8,0.00043,679
CVE-2024-57030,CVE-2024-57030-1,2025-01-17,Mastodon,8.1,high,0.00043,enriched,NETWORK,HIGH,NONE,NONE,UNCHANGED,HIGH,HIGH,HIGH,1,1,Mastodon,2025-01-17,2025-01-17,1,True,False,8.1,0.00043,2218
CVE-2024-12142,CVE-2024-12142-1,2025-01-17,Mastodon,8.6,high,0.00043,enriched,NETWORK,LOW,NONE,NONE,UNCHANGED,LOW,LOW,HIGH,1,1,Mastodon,2025-01-17,2025-01-17,1,True,False,8.6,0.00043,843
CVE-2024-57582,CVE-2024-57582-1,2025-01-17,Mastodon,9.8,critical,0.00043,original,NETWORK,LOW,NONE,NONE,UNCHANGED,HIGH,HIGH,HIGH,1,1,Mastodon,2025-01-17,2025-01-17,1,True,False,9.8,0.00043,2248
CVE-2024-57581,CVE-2024-57581-1,2025-01-17,Mastodon,9.8,critical,0.00043,original,NETWORK,LOW,NONE,NONE,UNCHANGED,HIGH,HIGH,HIGH,1,1,Mastodon,2025-01-17,2025-01-17,1,True,False,9.8,0.00043,2247
CVE-2024-57580,CVE-2024-57580-1,2025-01-17,Mastodon,9.8,critical,0.00043,original,NETWORK,LOW,NONE,NONE,UNCHANGED,HIGH,HIGH,HIGH,1,1,Mastodon,2025-01-17,2025-01-17,1,True,False,9.8,0.00043,2246
CVE-2024-57579,CVE-2024-57579-1,2025-01-17,Mastodon,9.8,critical,0.00043,original,NETWORK,LOW,NONE,NONE,UNCHANGED,HIGH,HIGH,HIGH,1,1,Mastodon,2025-01-17,2025-01-17,1,True,False,9.8,0.00043,2245
CVE-2024-47113,CVE-2024-47113-1,2025-01-18,Mastodon,8.1,high,0.0005,enriched,NETWORK,LOW,LOW,NONE,UNCHANGED,HIGH,HIGH,NONE,1,1,Mastodon,2025-01-18,2025-01-18,1,True,False,8.1,0.0005,1562
CVE-2023-50739,CVE-2023-50739-1,2025-01-18,Mastodon,8.8,high,0.00065,original,ADJACENT_NETWORK,LOW,NONE,NONE,UNCHANGED,HIGH,HIGH,HIGH,1,1,Mastodon,2025-01-18,2025-01-18,1,True,False,8.8,0.00065,617
CVE-2025-23209,CVE-2025-23209-1,2025-01-18,Mastodon,8.0,high,0.00045,original,NETWORK,HIGH,LOW,REQUIRED,CHANGED,HIGH,HIGH,HIGH,3,2,"BleepingComputer, Mastodon",2025-01-18,2025-02-21,3,True,True,8.0,0.00235,2916
CVE-2024-13375,CVE-2024-13375-1,2025-01-18,Mastodon,9.8,critical,0.00091,enriched,NETWORK,LOW,NONE,NONE,UNCHANGED,HIGH,HIGH,HIGH,1,1,Mastodon,2025-01-18,2025-01-18,1,True,False,9.8,0.00091,989
CVE-2024-41783,CVE-2024-41783-1,2025-01-19,Mastodon,9.1,critical,0.0005,enriched,NETWORK,LOW,HIGH,NONE,CHANGED,HIGH,HIGH,HIGH,2,1,Mastodon,2025-01-19,2025-01-19,2,True,False,9.1,0.0005,1394
CVE-2024-38337,CVE-2024-38337-1,2025-01-19,Mastodon,9.1,critical,0.00091,enriched,NETWORK,LOW,NONE,NONE,UNCHANGED,HIGH,HIGH,NONE,2,1,Mastodon,2025-01-19,2025-01-19,2,True,False,9.1,0.00091,1295
CVE-2025-0566,CVE-2025-0566-1,2025-01-19,Mastodon,8.8,high,0.00114,enriched,NETWORK,LOW,LOW,NONE,UNCHANGED,HIGH,HIGH,HIGH,2,1,Mastodon,2025-01-19,2025-01-19,2,True,False,8.8,0.00114,2465
CVE-2025-0590,CVE-2025-0590-1,2025-01-20,Mastodon,7.5,high,0.00043,enriched,NETWORK,LOW,NONE,NONE,UNCHANGED,HIGH,NONE,NONE,1,1,Mastodon,2025-01-20,2025-01-20,1,False,False,7.5,0.00043,2469
CVE-2025-24337,CVE-2025-24337-1,2025-01-20,Mastodon,8.4,high,0.00045,enriched,LOCAL,LOW,NONE,NONE,UNCHANGED,HIGH,HIGH,HIGH,1,1,Mastodon,2025-01-20,2025-01-20,1,True,False,8.4,0.00045,3029
CVE-2025-0585,CVE-2025-0585-1,2025-01-20,Mastodon,9.8,critical,0.00091,original,NETWORK,LOW,NONE,NONE,UNCHANGED,HIGH,HIGH,HIGH,2,1,Mastodon,2025-01-20,2025-01-20,2,True,False,9.8,0.00091,2467
CVE-2025-0586,CVE-2025-0586-1,2025-01-20,Mastodon,7.2,high,0.0005,original,NETWORK,LOW,HIGH,NONE,UNCHANGED,HIGH,HIGH,HIGH,1,1,Mastodon,2025-01-20,2025-01-20,1,False,False,7.2,0.0005,2468
CVE-2024-51818,CVE-2024-51818-1,2025-01-21,Mastodon,9.3,critical,0.00043,enriched,NETWORK,LOW,NONE,NONE,CHANGED,HIGH,NONE,LOW,1,1,Mastodon,2025-01-21,2025-01-21,1,True,False,9.3,0.00043,1803
CVE-2024-49303,CVE-2024-49303-1,2025-01-21,Mastodon,8.5,high,0.00043,enriched,NETWORK,LOW,LOW,NONE,CHANGED,HIGH,NONE,LOW,1,1,Mastodon,2025-01-21,2025-01-21,1,True,False,8.5,0.00043,1691
CVE-2024-49333,CVE-2024-49333-1,2025-01-21,Mastodon,8.5,high,0.00043,enriched,NETWORK,LOW,LOW,NONE,CHANGED,HIGH,NONE,LOW,1,1,Mastodon,2025-01-21,2025-01-21,1,True,False,8.5,0.00043,1692
CVE-2024-51888,CVE-2024-51888-1,2025-01-21,Mastodon,9.8,critical,0.00043,enriched,NETWORK,LOW,NONE,NONE,UNCHANGED,HIGH,HIGH,HIGH,1,1,Mastodon,2025-01-21,2025-01-21,1,True,False,9.8,0.00043,1809
CVE-2024-49699,CVE-2024-49699-1,2025-01-21,Mastodon,8.8,high,0.00043,enriched,NETWORK,LOW,LOW,NONE,UNCHANGED,HIGH,HIGH,HIGH,1,1,Mastodon,2025-01-21,2025-01-21,1,True,False,8.8,0.00043,1706
CVE-2024-51919,CVE-2024-51919-1,2025-01-21,Mastodon,9.0,critical,0.00043,enriched,NETWORK,HIGH,NONE,NONE,CHANGED,HIGH,HIGH,HIGH,1,1,Mastodon,2025-01-21,2025-01-21,1,True,False,9.0,0.00043,1810
CVE-2024-43468,CVE-2024-43468-5,2025-01-21,Reddit,9.8,critical,0.00052,original,NETWORK,LOW,NONE,NONE,UNCHANGED,HIGH,HIGH,HIGH,1,1,Reddit,2025-01-21,2025-01-21,5,True,False,9.8,0.00052,1449
CVE-2024-49688,CVE-2024-49688-1,2025-01-21,Mastodon,9.8,critical,0.00043,enriched,NETWORK,LOW,NONE,NONE,UNCHANGED,HIGH,HIGH,HIGH,1,1,Mastodon,2025-01-21,2025-01-21,1,True,False,9.8,0.00043,1705
CVE-2024-54794,CVE-2024-54794-1,2025-01-21,Mastodon,9.1,critical,0.00043,enriched,NETWORK,LOW,HIGH,NONE,CHANGED,HIGH,HIGH,HIGH,1,1,Mastodon,2025-01-21,2025-01-21,1,True,False,9.1,0.00043,2039
CVE-2024-53829,CVE-2024-53829-1,2025-01-21,Mastodon,8.2,high,0.00043,enriched,NETWORK,LOW,NONE,REQUIRED,CHANGED,LOW,HIGH,NONE,1,1,Mastodon,2025-01-21,2025-01-21,1,True,False,8.2,0.00043,1957
CVE-2024-49666,CVE-2024-49666-1,2025-01-21,Mastodon,8.5,high,0.00043,enriched,NETWORK,LOW,LOW,NONE,CHANGED,HIGH,NONE,LOW,1,1,Mastodon,2025-01-21,2025-01-21,1,True,False,8.5,0.00043,1704
CVE-2023-50733,CVE-2023-50733-1,2025-01-21,Mastodon,8.6,high,0.00043,enriched,NETWORK,LOW,NONE,NONE,CHANGED,HIGH,NONE,NONE,1,1,Mastodon,2025-01-21,2025-01-21,1,True,False,8.6,0.00043,616
CVE-2025-0411,CVE-2025-0411-11,2025-01-21,BleepingComputer,7.0,high,0.00043,enriched,LOCAL,HIGH,NONE,REQUIRED,UNCHANGED,HIGH,HIGH,HIGH,6,2,"BleepingComputer, Mastodon",2025-01-21,2025-02-04,12,True,False,7.0,0.00043,2449
CVE-2025-22723,CVE-2025-22723-1,2025-01-21,Mastodon,9.1,critical,0.00043,enriched,NETWORK,LOW,HIGH,NONE,CHANGED,HIGH,HIGH,HIGH,1,1,Mastodon,2025-01-21,2025-01-21,1,True,False,9.1,0.00043,2868
CVE-2025-24024,CVE-2025-24024-1,2025-01-21,Mastodon,9.1,critical,0.00045,enriched,NETWORK,LOW,NONE,NONE,UNCHANGED,NONE,HIGH,HIGH,1,1,Mastodon,2025-01-21,2025-01-21,1,True,True,9.1,0.00045,2970
CVE-2025-22716,CVE-2025-22716-1,2025-01-21,Mastodon,8.5,high,0.00043,enriched,NETWORK,LOW,LOW,NONE,CHANGED,HIGH,NONE,LOW,1,1,Mastodon,2025-01-21,2025-01-21,1,True,False,8.5,0.00043,2867
CVE-2025-23220,CVE-2025-23220-1,2025-01-21,Mastodon,9.8,critical,0.00043,original,NETWORK,LOW,NONE,NONE,UNCHANGED,HIGH,HIGH,HIGH,1,1,Mastodon,2025-01-21,2025-01-21,1,True,True,9.8,0.00043,2921
CVE-2024-32555,CVE-2024-32555-1,2025-01-21,Mastodon,9.8,critical,0.00043,enriched,NETWORK,LOW,NONE,NONE,UNCHANGED,HIGH,HIGH,HIGH,3,2,"BleepingComputer, Mastodon",2025-01-21,2025-01-22,3,True,False,9.8,0.00043,1215
CVE-2024-49655,CVE-2024-49655-1,2025-01-21,Mastodon,9.3,critical,0.00043,enriched,NETWORK,LOW,NONE,NONE,CHANGED,HIGH,NONE,LOW,1,1,Mastodon,2025-01-21,2025-01-21,1,True,False,9.3,0.00043,1703
CVE-2013-4786,CVE-2013-4786-1,2025-01-21,Mastodon,7.5,high,0.36512,original,NETWORK,LOW,NONE,NONE,UNCHANGED,HIGH,NONE,NONE,1,1,Mastodon,2025-01-21,2025-01-21,2,True,False,7.5,0.36512,8
CVE-2025-22553,CVE-2025-22553-1,2025-01-21,Mastodon,9.3,critical,0.00043,enriched,NETWORK,LOW,NONE,NONE,CHANGED,HIGH,NONE,LOW,1,1,Mastodon,2025-01-21,2025-01-21,1,True,False,9.3,0.00043,2850
CVE-2024-21412,CVE-2024-21412-1,2025-01-21,BleepingComputer,8.1,high,0.02838,original,NETWORK,LOW,NONE,REQUIRED,UNCHANGED,HIGH,HIGH,NONE,6,2,"BleepingComputer, HackerNews",2025-01-21,2025-04-28,6,True,False,8.1,0.93659,1075
CVE-2025-23477,CVE-2025-23477-1,2025-01-21,Mastodon,8.2,high,0.00043,enriched,NETWORK,LOW,NONE,NONE,UNCHANGED,NONE,HIGH,LOW,1,1,Mastodon,2025-01-21,2025-01-21,1,True,False,8.2,0.00043,2938
CVE-2025-21564,CVE-2025-21564-1,2025-01-21,Mastodon,8.1,high,0.00048,enriched,NETWORK,LOW,LOW,NONE,UNCHANGED,HIGH,NONE,HIGH,1,1,Mastodon,2025-01-21,2025-01-21,1,True,False,8.1,0.00048,2785
CVE-2025-23219,CVE-2025-23219-1,2025-01-21,Mastodon,9.8,critical,0.00043,original,NETWORK,LOW,NONE,NONE,UNCHANGED,HIGH,HIGH,HIGH,1,1,Mastodon,2025-01-21,2025-01-21,1,True,True,9.8,0.00043,2920
CVE-2025-21556,CVE-2025-21556-1,2025-01-21,Mastodon,9.9,critical,0.0005,enriched,NETWORK,LOW,LOW,NONE,CHANGED,HIGH,HIGH,HIGH,1,1,Mastodon,2025-01-21,2025-01-21,1,True,False,9.9,0.0005,2784
CVE-2024-10936,CVE-2024-10936-1,2025-01-21,Mastodon,8.8,high,0.00063,enriched,NETWORK,LOW,NONE,REQUIRED,UNCHANGED,HIGH,HIGH,HIGH,1,1,Mastodon,2025-01-21,2025-01-21,1,True,False,8.8,0.00063,710
CVE-2025-21547,CVE-2025-21547-1,2025-01-21,Mastodon,9.1,critical,0.00087,enriched,NETWORK,LOW,NONE,NONE,UNCHANGED,HIGH,NONE,HIGH,1,1,Mastodon,2025-01-21,2025-01-21,1,True,False,9.1,0.00087,2783
CVE-2025-21535,CVE-2025-21535-1,2025-01-21,Mastodon,9.8,critical,0.00091,enriched,NETWORK,LOW,NONE,NONE,UNCHANGED,HIGH,HIGH,HIGH,1,1,Mastodon,2025-01-21,2025-01-21,1,True,False,9.8,0.00091,2782
CVE-2025-21524,CVE-2025-21524-1,2025-01-21,Mastodon,9.8,critical,0.00091,enriched,NETWORK,LOW,NONE,NONE,UNCHANGED,HIGH,HIGH,HIGH,1,1,Mastodon,2025-01-21,2025-01-21,1,True,False,9.8,0.00091,2781
CVE-2025-21516,CVE-2025-21516-1,2025-01-21,Mastodon,8.1,high,0.0005,enriched,NETWORK,LOW,LOW,NONE,UNCHANGED,HIGH,HIGH,NONE,1,1,Mastodon,2025-01-21,2025-01-21,1,True,False,8.1,0.0005,2780
CVE-2025-21515,CVE-2025-21515-1,2025-01-21,Mastodon,8.8,high,0.0005,enriched,NETWORK,LOW,LOW,NONE,UNCHANGED,HIGH,HIGH,HIGH,1,1,Mastodon,2025-01-21,2025-01-21,1,True,False,8.8,0.0005,2779
CVE-2025-21506,CVE-2025-21506-1,2025-01-21,Mastodon,8.1,high,0.0005,enriched,NETWORK,LOW,LOW,NONE,UNCHANGED,HIGH,HIGH,NONE,1,1,Mastodon,2025-01-21,2025-01-21,1,True,False,8.1,0.0005,2778
CVE-2024-38213,CVE-2024-38213-1,2025-01-21,BleepingComputer,6.5,medium,0.00311,original,NETWORK,LOW,NONE,REQUIRED,UNCHANGED,NONE,HIGH,NONE,2,1,BleepingComputer,2025-01-21,2025-01-21,3,True,False,6.5,0.00311,1290
CVE-2025-23218,CVE-2025-23218-1,2025-01-21,Mastodon,9.8,critical,0.00043,original,NETWORK,LOW,NONE,NONE,UNCHANGED,HIGH,HIGH,HIGH,1,1,Mastodon,2025-01-21,2025-01-21,1,True,True,9.8,0.00043,2919
CVE-2025-23910,CVE-2025-23910-1,2025-01-22,Mastodon,8.5,high,0.00043,enriched,NETWORK,LOW,LOW,NONE,CHANGED,HIGH,NONE,LOW,2,1,Mastodon,2025-01-22,2025-01-22,2,True,False,8.5,0.00043,2946
CVE-2025-20156,CVE-2025-20156-2,2025-01-22,BleepingComputer,9.9,critical,0.00056,enriched,NETWORK,LOW,LOW,NONE,CHANGED,HIGH,HIGH,HIGH,3,2,"BleepingComputer, Mastodon",2025-01-22,2025-01-22,3,True,False,9.9,0.00056,2676
CVE-2024-43770,CVE-2024-43770-1,2025-01-22,Mastodon,8.8,high,0.00043,original,ADJACENT_NETWORK,LOW,NONE,NONE,UNCHANGED,HIGH,HIGH,HIGH,1,1,Mastodon,2025-01-22,2025-01-22,1,True,False,8.8,0.00043,1469
CVE-2025-23914,CVE-2025-23914-1,2025-01-22,Mastodon,9.8,critical,0.00043,enriched,NETWORK,LOW,NONE,NONE,UNCHANGED,HIGH,HIGH,HIGH,2,1,Mastodon,2025-01-22,2025-01-22,2,True,False,9.8,0.00043,2950
CVE-2025-23809,CVE-2025-23809-1,2025-01-22,Mastodon,7.1,high,0.00043,enriched,NETWORK,LOW,NONE,REQUIRED,CHANGED,LOW,LOW,LOW,1,1,Mastodon,2025-01-22,2025-01-22,1,False,False,7.1,0.00043,2945
CVE-2024-43771,CVE-2024-43771-1,2025-01-22,Mastodon,8.8,high,0.00043,original,ADJACENT_NETWORK,LOW,NONE,NONE,UNCHANGED,HIGH,HIGH,HIGH,1,1,Mastodon,2025-01-22,2025-01-22,1,True,False,8.8,0.00043,1470
CVE-2025-0638,CVE-2025-0638-1,2025-01-22,Mastodon,7.5,high,0.00043,enriched,NETWORK,LOW,NONE,NONE,UNCHANGED,NONE,NONE,HIGH,1,1,Mastodon,2025-01-22,2025-01-22,1,False,False,7.5,0.00043,2480
CVE-2025-23918,CVE-2025-23918-1,2025-01-22,Mastodon,9.9,critical,0.00043,enriched,NETWORK,LOW,LOW,NONE,CHANGED,HIGH,HIGH,HIGH,2,1,Mastodon,2025-01-22,2025-01-22,2,True,False,9.9,0.00043,2951
CVE-2024-20481,CVE-2024-20481-1,2025-01-22,BleepingComputer,5.8,medium,0.00181,original,NETWORK,LOW,NONE,NONE,CHANGED,NONE,NONE,LOW,2,1,BleepingComputer,2025-01-22,2025-01-22,2,True,False,5.8,0.00181,1064
CVE-2024-10929,CVE-2024-10929-1,2025-01-22,Mastodon,5.1,medium,0.00043,enriched,LOCAL,LOW,NONE,NONE,UNCHANGED,LOW,LOW,NONE,1,1,Mastodon,2025-01-22,2025-01-22,1,False,False,5.1,0.00043,707
CVE-2024-31903,CVE-2024-31903-1,2025-01-22,Mastodon,8.8,high,0.00053,enriched,ADJACENT_NETWORK,LOW,NONE,NONE,UNCHANGED,HIGH,HIGH,HIGH,2,1,Mastodon,2025-01-22,2025-01-22,2,True,False,8.8,0.00053,1208
CVE-2024-55488,CVE-2024-55488-1,2025-01-22,Mastodon,6.5,medium,0.00043,enriched,NETWORK,LOW,NONE,NONE,UNCHANGED,LOW,LOW,NONE,1,1,Mastodon,2025-01-22,2025-01-22,1,False,False,6.5,0.00043,2069
CVE-2024-24429,CVE-2024-24429-1,2025-01-22,Mastodon,8.6,high,0.00043,enriched,NETWORK,LOW,NONE,NONE,CHANGED,NONE,NONE,HIGH,1,1,Mastodon,2025-01-22,2025-01-22,1,False,False,8.6,0.00043,1129
CVE-2024-11218,CVE-2024-11218-1,2025-01-22,Mastodon,8.6,high,0.00053,original,LOCAL,LOW,NONE,REQUIRED,CHANGED,HIGH,HIGH,HIGH,2,1,Mastodon,2025-01-22,2025-01-22,2,True,True,8.6,0.00053,745
CVE-2025-21173,CVE-2025-21173-1,2025-01-22,Mastodon,7.3,high,0.00043,original,LOCAL,LOW,LOW,REQUIRED,UNCHANGED,HIGH,HIGH,HIGH,1,1,Mastodon,2025-01-22,2025-01-22,1,False,False,7.3,0.00043,2707
CVE-2025-20165,CVE-2025-20165-1,2025-01-22,BleepingComputer,7.5,high,0.00051,enriched,NETWORK,LOW,NONE,NONE,UNCHANGED,NONE,NONE,HIGH,2,1,BleepingComputer,2025-01-22,2025-01-22,2,True,False,7.5,0.00051,2679
CVE-2025-23196,CVE-2025-23196-1,2025-01-22,Mastodon,8.8,high,0.00043,original,NETWORK,LOW,LOW,NONE,UNCHANGED,HIGH,HIGH,HIGH,1,1,Mastodon,2025-01-22,2025-01-22,1,True,False,8.8,0.00043,2915
CVE-2025-23921,CVE-2025-23921-1,2025-01-22,Mastodon,9.0,critical,0.00043,enriched,NETWORK,HIGH,NONE,NONE,CHANGED,HIGH,HIGH,HIGH,2,1,Mastodon,2025-01-22,2025-01-22,2,True,False,9.0,0.00043,2952
CVE-2025-20128,CVE-2025-20128-1,2025-01-22,BleepingComputer,5.3,medium,0.00046,enriched,NETWORK,LOW,NONE,NONE,UNCHANGED,NONE,NONE,LOW,2,1,BleepingComputer,2025-01-22,2025-01-22,2,True,False,5.3,0.00046,2669
CVE-2025-23953,CVE-2025-23953-1,2025-01-22,Mastodon,10.0,critical,0.00043,enriched,NETWORK,LOW,NONE,NONE,CHANGED,HIGH,HIGH,HIGH,2,1,Mastodon,2025-01-22,2025-01-22,2,True,False,10.0,0.00043,2963
CVE-2025-23931,CVE-2025-23931-1,2025-01-22,Mastodon,9.3,critical,0.00043,enriched,NETWORK,LOW,NONE,NONE,CHANGED,HIGH,NONE,LOW,2,1,Mastodon,2025-01-22,2025-01-22,2,True,False,9.3,0.00043,2954
CVE-2024-51941,CVE-2024-51941-1,2025-01-22,Mastodon,8.8,high,0.00043,original,NETWORK,LOW,LOW,NONE,UNCHANGED,HIGH,HIGH,HIGH,1,1,Mastodon,2025-01-22,2025-01-22,1,True,False,8.8,0.00043,1811
CVE-2024-12857,CVE-2024-12857-1,2025-01-22,Mastodon,9.8,critical,0.00091,enriched,NETWORK,LOW,NONE,NONE,UNCHANGED,HIGH,HIGH,HIGH,2,1,Mastodon,2025-01-22,2025-01-22,2,True,False,9.8,0.00091,932
CVE-2025-24027,CVE-2025-24027-1,2025-01-22,Mastodon,6.2,medium,0.00043,enriched,NETWORK,HIGH,HIGH,NONE,UNCHANGED,HIGH,LOW,HIGH,1,1,Mastodon,2025-01-22,2025-01-22,1,True,True,6.2,0.00043,2971
CVE-2025-23992,CVE-2025-23992-1,2025-01-22,Mastodon,5.9,medium,0.00043,enriched,NETWORK,LOW,HIGH,REQUIRED,CHANGED,LOW,LOW,LOW,1,1,Mastodon,2025-01-22,2025-01-22,1,False,False,5.9,0.00043,2967
CVE-2024-43096,CVE-2024-43096-1,2025-01-22,Mastodon,8.8,high,0.00043,original,ADJACENT_NETWORK,LOW,NONE,NONE,UNCHANGED,HIGH,HIGH,HIGH,1,1,Mastodon,2025-01-22,2025-01-22,1,True,False,8.8,0.00043,1436
CVE-2025-23966,CVE-2025-23966-1,2025-01-22,Mastodon,7.1,high,0.00043,enriched,NETWORK,LOW,NONE,REQUIRED,CHANGED,LOW,LOW,LOW,1,1,Mastodon,2025-01-22,2025-01-22,1,False,False,7.1,0.00043,2966
CVE-2025-23959,CVE-2025-23959-1,2025-01-22,Mastodon,7.1,high,0.00043,enriched,NETWORK,LOW,NONE,REQUIRED,CHANGED,LOW,LOW,LOW,1,1,Mastodon,2025-01-22,2025-01-22,1,False,False,7.1,0.00043,2964
CVE-2023-37777,CVE-2023-37777-1,2025-01-22,Mastodon,9.8,critical,0.00043,enriched,NETWORK,LOW,NONE,NONE,UNCHANGED,HIGH,HIGH,HIGH,1,1,Mastodon,2025-01-22,2025-01-22,1,False,False,9.8,0.00043,491
CVE-2025-23949,CVE-2025-23949-1,2025-01-22,Mastodon,8.1,high,0.00043,enriched,NETWORK,HIGH,NONE,NONE,UNCHANGED,HIGH,HIGH,HIGH,2,1,Mastodon,2025-01-22,2025-01-22,2,True,False,8.1,0.00043,2960
CVE-2024-49749,CVE-2024-49749-1,2025-01-22,Mastodon,8.8,high,0.00043,original,NETWORK,LOW,NONE,REQUIRED,UNCHANGED,HIGH,HIGH,HIGH,1,1,Mastodon,2025-01-22,2025-01-22,1,True,False,8.8,0.00043,1709
CVE-2024-13091,CVE-2024-13091-1,2025-01-22,Mastodon,9.8,critical,0.00091,original,NETWORK,LOW,NONE,NONE,UNCHANGED,HIGH,HIGH,HIGH,1,1,Mastodon,2025-01-22,2025-01-22,1,True,False,9.8,0.00091,956
CVE-2024-49747,CVE-2024-49747-1,2025-01-22,Mastodon,9.8,critical,0.00043,original,NETWORK,LOW,NONE,NONE,UNCHANGED,HIGH,HIGH,HIGH,1,1,Mastodon,2025-01-22,2025-01-22,1,True,False,9.8,0.00043,1707
CVE-2025-23948,CVE-2025-23948-1,2025-01-22,Mastodon,8.1,high,0.00043,enriched,NETWORK,HIGH,NONE,NONE,UNCHANGED,HIGH,HIGH,HIGH,2,1,Mastodon,2025-01-22,2025-01-22,2,True,False,8.1,0.00043,2959
CVE-2025-23944,CVE-2025-23944-1,2025-01-22,Mastodon,8.8,high,0.00043,enriched,NETWORK,LOW,LOW,NONE,UNCHANGED,HIGH,HIGH,HIGH,2,1,Mastodon,2025-01-22,2025-01-22,2,True,False,8.8,0.00043,2958
CVE-2025-23942,CVE-2025-23942-1,2025-01-22,Mastodon,9.1,critical,0.00043,enriched,NETWORK,LOW,HIGH,NONE,CHANGED,HIGH,HIGH,HIGH,2,1,Mastodon,2025-01-22,2025-01-22,2,True,False,9.1,0.00043,2957
CVE-2024-42012,CVE-2024-42012-1,2025-01-22,Mastodon,5.7,medium,0.00043,enriched,LOCAL,HIGH,HIGH,NONE,UNCHANGED,HIGH,HIGH,NONE,1,1,Mastodon,2025-01-22,2025-01-22,1,False,False,5.7,0.00043,1408
CVE-2024-42013,CVE-2024-42013-1,2025-01-22,Mastodon,6.4,medium,0.00043,enriched,LOCAL,HIGH,HIGH,NONE,UNCHANGED,HIGH,HIGH,HIGH,1,1,Mastodon,2025-01-22,2025-01-22,1,False,False,6.4,0.00043,1409
CVE-2025-23932,CVE-2025-23932-1,2025-01-22,Mastodon,9.8,critical,0.00043,enriched,NETWORK,LOW,NONE,NONE,UNCHANGED,HIGH,HIGH,HIGH,2,1,Mastodon,2025-01-22,2025-01-22,2,True,False,9.8,0.00043,2955
CVE-2024-49748,CVE-2024-49748-1,2025-01-22,Mastodon,9.8,critical,0.00043,original,NETWORK,LOW,NONE,NONE,UNCHANGED,HIGH,HIGH,HIGH,1,1,Mastodon,2025-01-22,2025-01-22,1,True,False,9.8,0.00043,1708
CVE-2024-12088,CVE-2024-12088-1,2025-01-23,BleepingComputer,6.5,medium,0.00045,original,NETWORK,LOW,NONE,REQUIRED,UNCHANGED,NONE,HIGH,NONE,2,1,BleepingComputer,2025-01-23,2025-01-23,2,True,False,6.5,0.00045,833
CVE-2023-2868,CVE-2023-2868-1,2025-01-23,BleepingComputer,9.4,critical,0.07893,original,NETWORK,LOW,NONE,NONE,UNCHANGED,HIGH,HIGH,LOW,2,1,BleepingComputer,2025-01-23,2025-01-23,2,True,False,9.4,0.07893,394
CVE-2024-12747,CVE-2024-12747-1,2025-01-23,BleepingComputer,5.6,medium,0.00045,original,LOCAL,HIGH,LOW,NONE,CHANGED,HIGH,NONE,NONE,2,1,BleepingComputer,2025-01-23,2025-01-23,2,True,False,5.6,0.00045,908
CVE-2024-12087,CVE-2024-12087-1,2025-01-23,BleepingComputer,6.5,medium,0.00045,original,NETWORK,LOW,NONE,REQUIRED,UNCHANGED,NONE,HIGH,NONE,2,1,BleepingComputer,2025-01-23,2025-01-23,2,True,False,6.5,0.00045,832
CVE-2025-24399,CVE-2025-24399-1,2025-01-23,Mastodon,8.8,high,0.00043,original,NETWORK,LOW,LOW,NONE,UNCHANGED,HIGH,HIGH,HIGH,1,1,Mastodon,2025-01-23,2025-01-23,1,True,False,8.8,0.00043,3038
CVE-2025-24398,CVE-2025-24398-1,2025-01-23,Mastodon,8.8,high,0.00043,original,NETWORK,LOW,NONE,REQUIRED,UNCHANGED,HIGH,HIGH,HIGH,1,1,Mastodon,2025-01-23,2025-01-23,1,True,False,8.8,0.00043,3037
CVE-2024-55573,CVE-2024-55573-1,2025-01-23,Mastodon,9.1,critical,0.00043,enriched,NETWORK,LOW,HIGH,NONE,CHANGED,HIGH,HIGH,HIGH,1,1,Mastodon,2025-01-23,2025-01-23,1,True,False,9.1,0.00043,2083
CVE-2024-52975,CVE-2024-52975-1,2025-01-23,Mastodon,9.0,critical,0.00043,enriched,ADJACENT_NETWORK,LOW,LOW,NONE,CHANGED,HIGH,HIGH,HIGH,1,1,Mastodon,2025-01-23,2025-01-23,1,True,False,9.0,0.00043,1916
CVE-2024-52325,CVE-2024-52325-1,2025-01-23,Mastodon,9.6,critical,0.00045,enriched,ADJACENT_NETWORK,LOW,NONE,NONE,CHANGED,HIGH,HIGH,HIGH,1,1,Mastodon,2025-01-23,2025-01-23,1,True,False,9.6,0.00045,1823
CVE-2025-0650,CVE-2025-0650-1,2025-01-23,Mastodon,8.1,high,0.00045,enriched,NETWORK,HIGH,NONE,NONE,UNCHANGED,HIGH,HIGH,HIGH,1,1,Mastodon,2025-01-23,2025-01-23,1,True,False,8.1,0.00045,2481
CVE-2024-9380,CVE-2024-9380-1,2025-01-23,BleepingComputer,7.2,high,0.04272,original,NETWORK,LOW,HIGH,NONE,UNCHANGED,HIGH,HIGH,HIGH,2,1,BleepingComputer,2025-01-23,2025-01-23,2,True,False,7.2,0.04272,2378
CVE-2024-9379,CVE-2024-9379-1,2025-01-23,BleepingComputer,6.5,medium,0.00606,original,NETWORK,LOW,HIGH,NONE,UNCHANGED,NONE,HIGH,HIGH,2,1,BleepingComputer,2025-01-23,2025-01-23,2,True,False,6.5,0.00606,2377
CVE-2024-8963,CVE-2024-8963-1,2025-01-23,BleepingComputer,9.4,critical,0.96799,original,NETWORK,LOW,NONE,NONE,UNCHANGED,HIGH,HIGH,LOW,2,1,BleepingComputer,2025-01-23,2025-01-23,2,True,False,9.4,0.96799,2349
CVE-2024-8190,CVE-2024-8190-1,2025-01-23,BleepingComputer,7.2,high,0.11331,original,NETWORK,LOW,HIGH,NONE,UNCHANGED,HIGH,HIGH,HIGH,2,1,BleepingComputer,2025-01-23,2025-01-23,2,True,False,7.2,0.11331,2322
CVE-2024-53923,CVE-2024-53923-1,2025-01-23,Mastodon,9.1,critical,0.00043,enriched,NETWORK,LOW,HIGH,NONE,CHANGED,HIGH,HIGH,HIGH,1,1,Mastodon,2025-01-23,2025-01-23,1,True,False,9.1,0.00043,1966
CVE-2024-12085,CVE-2024-12085-1,2025-01-23,BleepingComputer,7.5,high,0.00045,original,NETWORK,LOW,NONE,NONE,UNCHANGED,HIGH,NONE,NONE,2,1,BleepingComputer,2025-01-23,2025-01-23,2,True,False,7.5,0.00045,830
CVE-2024-12086,CVE-2024-12086-1,2025-01-23,BleepingComputer,6.1,medium,0.00045,original,NETWORK,HIGH,NONE,REQUIRED,CHANGED,HIGH,NONE,NONE,2,1,BleepingComputer,2025-01-23,2025-01-23,2,True,False,6.1,0.00045,831
CVE-2025-23006,CVE-2025-23006-2,2025-01-23,BleepingComputer,9.8,critical,0.00043,enriched,NETWORK,LOW,NONE,NONE,UNCHANGED,HIGH,HIGH,HIGH,7,3,"BleepingComputer, HackerNews, Mastodon",2025-01-23,2025-04-28,7,True,False,9.8,0.60256,2895
CVE-2025-0637,CVE-2025-0637-1,2025-01-23,Mastodon,9.8,critical,0.00043,enriched,NETWORK,LOW,NONE,NONE,UNCHANGED,HIGH,HIGH,HIGH,1,1,Mastodon,2025-01-23,2025-01-23,1,True,False,9.8,0.00043,2479
CVE-2025-23011,CVE-2025-23011-1,2025-01-23,Mastodon,8.8,high,0.00045,enriched,NETWORK,LOW,LOW,NONE,UNCHANGED,HIGH,HIGH,HIGH,1,1,Mastodon,2025-01-23,2025-01-23,1,True,False,8.8,0.00045,2896
CVE-2025-24650,CVE-2025-24650-2,2025-01-24,Mastodon,9.1,critical,0.00043,enriched,NETWORK,LOW,HIGH,NONE,CHANGED,HIGH,HIGH,HIGH,2,1,Mastodon,2025-01-24,2025-01-25,2,True,False,9.1,0.00043,3064
CVE-2019-15690,CVE-2019-15690-1,2025-01-24,Mastodon,8.8,high,0.00043,enriched,NETWORK,LOW,NONE,REQUIRED,UNCHANGED,HIGH,HIGH,HIGH,2,1,Mastodon,2025-01-24,2025-01-25,2,True,False,8.8,0.00043,96
CVE-2025-24669,CVE-2025-24669-1,2025-01-24,Mastodon,8.5,high,0.00043,enriched,NETWORK,LOW,LOW,NONE,CHANGED,HIGH,NONE,LOW,2,1,Mastodon,2025-01-24,2025-01-25,2,True,False,8.5,0.00043,3069
CVE-2025-22609,CVE-2025-22609-1,2025-01-24,Mastodon,10.0,critical,0.00043,enriched,NETWORK,LOW,NONE,NONE,CHANGED,HIGH,HIGH,HIGH,2,1,Mastodon,2025-01-24,2025-01-25,2,True,False,10.0,0.00043,2854
CVE-2025-24728,CVE-2025-24728-1,2025-01-24,Mastodon,8.5,high,0.00043,enriched,NETWORK,LOW,LOW,NONE,CHANGED,HIGH,NONE,LOW,2,1,Mastodon,2025-01-24,2025-01-25,2,True,False,8.5,0.00043,3076
CVE-2024-52807,CVE-2024-52807-1,2025-01-24,Mastodon,8.6,high,0.00043,enriched,NETWORK,LOW,NONE,NONE,CHANGED,HIGH,NONE,NONE,2,1,Mastodon,2025-01-24,2025-01-25,2,True,True,8.6,0.00043,1905
CVE-2025-23222,CVE-2025-23222-1,2025-01-24,Mastodon,8.4,high,0.00045,enriched,LOCAL,LOW,NONE,NONE,UNCHANGED,HIGH,HIGH,HIGH,2,1,Mastodon,2025-01-24,2025-01-25,2,True,False,8.4,0.00045,2922
CVE-2025-22612,CVE-2025-22612-1,2025-01-24,Mastodon,10.0,critical,0.00043,enriched,NETWORK,LOW,NONE,NONE,CHANGED,HIGH,HIGH,HIGH,2,1,Mastodon,2025-01-24,2025-01-25,2,True,False,10.0,0.00043,2856
CVE-2024-25034,CVE-2024-25034-1,2025-01-24,Mastodon,8.0,high,0.0005,enriched,NETWORK,LOW,LOW,REQUIRED,UNCHANGED,HIGH,HIGH,HIGH,2,1,Mastodon,2025-01-24,2025-01-25,2,True,False,8.0,0.0005,1143
CVE-2025-24359,CVE-2025-24359-1,2025-01-24,Mastodon,8.4,high,0.00045,enriched,LOCAL,LOW,NONE,NONE,UNCHANGED,HIGH,HIGH,HIGH,2,1,Mastodon,2025-01-24,2025-01-25,2,True,True,8.4,0.00045,3031
CVE-2025-22611,CVE-2025-22611-1,2025-01-24,Mastodon,9.9,critical,0.00043,enriched,NETWORK,LOW,LOW,NONE,CHANGED,HIGH,HIGH,HIGH,2,1,Mastodon,2025-01-24,2025-01-25,2,True,False,9.9,0.00043,2855
CVE-2024-13545,CVE-2024-13545-1,2025-01-24,Mastodon,9.8,critical,0.00091,enriched,NETWORK,LOW,NONE,NONE,UNCHANGED,HIGH,HIGH,HIGH,1,1,Mastodon,2025-01-24,2025-01-24,1,True,False,9.8,0.00091,1000
CVE-2025-24672,CVE-2025-24672-1,2025-01-24,Mastodon,8.5,high,0.00043,enriched,NETWORK,LOW,LOW,NONE,CHANGED,HIGH,NONE,LOW,2,1,Mastodon,2025-01-24,2025-01-25,2,True,False,8.5,0.00043,3071
CVE-2024-56404,CVE-2024-56404-1,2025-01-24,Mastodon,9.9,critical,0.00045,enriched,NETWORK,LOW,LOW,NONE,CHANGED,HIGH,HIGH,HIGH,2,1,Mastodon,2025-01-24,2025-01-25,2,True,False,9.9,0.00045,2192
CVE-2024-9493,CVE-2024-9493-1,2025-01-24,Mastodon,8.6,high,0.00043,enriched,LOCAL,LOW,NONE,REQUIRED,CHANGED,HIGH,HIGH,HIGH,1,1,Mastodon,2025-01-24,2025-01-24,1,True,False,8.6,0.00043,2389
CVE-2024-40693,CVE-2024-40693-2,2025-01-24,Mastodon,8.0,high,0.0005,enriched,NETWORK,LOW,LOW,REQUIRED,UNCHANGED,HIGH,HIGH,HIGH,2,1,Mastodon,2025-01-24,2025-01-25,2,True,False,8.0,0.0005,1367
CVE-2025-0314,CVE-2025-0314-1,2025-01-24,Mastodon,8.7,high,0.00043,original,NETWORK,LOW,LOW,REQUIRED,CHANGED,HIGH,HIGH,NONE,1,1,Mastodon,2025-01-24,2025-01-24,1,True,False,8.7,0.00043,2439
CVE-2024-9499,CVE-2024-9499-1,2025-01-24,Mastodon,8.6,high,0.00043,enriched,LOCAL,LOW,NONE,REQUIRED,CHANGED,HIGH,HIGH,HIGH,1,1,Mastodon,2025-01-24,2025-01-24,1,True,False,8.6,0.00043,2395
CVE-2024-9498,CVE-2024-9498-1,2025-01-24,Mastodon,8.6,high,0.00043,enriched,LOCAL,LOW,NONE,REQUIRED,CHANGED,HIGH,HIGH,HIGH,1,1,Mastodon,2025-01-24,2025-01-24,1,True,False,8.6,0.00043,2394
CVE-2024-41739,CVE-2024-41739-1,2025-01-24,Mastodon,8.8,high,0.00091,enriched,NETWORK,LOW,NONE,REQUIRED,UNCHANGED,HIGH,HIGH,HIGH,1,1,Mastodon,2025-01-24,2025-01-24,1,True,False,8.8,0.00091,1393
CVE-2024-9497,CVE-2024-9497-1,2025-01-24,Mastodon,8.6,high,0.00043,enriched,LOCAL,LOW,NONE,REQUIRED,CHANGED,HIGH,HIGH,HIGH,1,1,Mastodon,2025-01-24,2025-01-24,1,True,False,8.6,0.00043,2393
CVE-2024-9496,CVE-2024-9496-1,2025-01-24,Mastodon,8.6,high,0.00043,enriched,LOCAL,LOW,NONE,REQUIRED,CHANGED,HIGH,HIGH,HIGH,1,1,Mastodon,2025-01-24,2025-01-24,1,True,False,8.6,0.00043,2392
CVE-2024-9495,CVE-2024-9495-1,2025-01-24,Mastodon,8.6,high,0.00043,enriched,LOCAL,LOW,NONE,REQUIRED,CHANGED,HIGH,HIGH,HIGH,1,1,Mastodon,2025-01-24,2025-01-24,1,True,False,8.6,0.00043,2391
CVE-2024-9490,CVE-2024-9490-1,2025-01-24,Mastodon,8.6,high,0.00043,enriched,LOCAL,LOW,NONE,REQUIRED,CHANGED,HIGH,HIGH,HIGH,1,1,Mastodon,2025-01-24,2025-01-24,1,True,False,8.6,0.00043,2386
CVE-2024-9491,CVE-2024-9491-1,2025-01-24,Mastodon,8.6,high,0.00043,enriched,LOCAL,LOW,NONE,REQUIRED,CHANGED,HIGH,HIGH,HIGH,1,1,Mastodon,2025-01-24,2025-01-24,1,True,False,8.6,0.00043,2387
CVE-2024-9492,CVE-2024-9492-1,2025-01-24,Mastodon,8.6,high,0.00043,enriched,LOCAL,LOW,NONE,REQUIRED,CHANGED,HIGH,HIGH,HIGH,1,1,Mastodon,2025-01-24,2025-01-24,1,True,False,8.6,0.00043,2388
CVE-2024-9494,CVE-2024-9494-1,2025-01-24,Mastodon,8.6,high,0.00043,enriched,LOCAL,LOW,NONE,REQUIRED,CHANGED,HIGH,HIGH,HIGH,1,1,Mastodon,2025-01-24,2025-01-24,1,True,False,8.6,0.00043,2390
CVE-2025-0682,CVE-2025-0682-1,2025-01-25,Mastodon,8.8,high,0.0005,enriched,NETWORK,LOW,LOW,NONE,UNCHANGED,HIGH,HIGH,HIGH,1,1,Mastodon,2025-01-25,2025-01-25,1,True,False,8.8,0.0005,2486
CVE-2025-0357,CVE-2025-0357-1,2025-01-25,Mastodon,9.8,critical,0.00091,original,NETWORK,LOW,NONE,NONE,UNCHANGED,HIGH,HIGH,HIGH,2,1,Mastodon,2025-01-25,2025-01-25,2,True,False,9.8,0.00091,2442
CVE-2024-13709,CVE-2024-13709-1,2025-01-25,Mastodon,4.3,medium,0.00046,original,NETWORK,LOW,NONE,REQUIRED,UNCHANGED,NONE,LOW,NONE,1,1,Mastodon,2025-01-25,2025-01-25,1,False,False,4.3,0.00046,1014
CVE-2024-39750,CVE-2024-39750-1,2025-01-25,Mastodon,8.8,high,0.0005,enriched,NETWORK,LOW,LOW,NONE,UNCHANGED,HIGH,HIGH,HIGH,1,1,Mastodon,2025-01-25,2025-01-25,1,True,False,8.8,0.0005,1324
CVE-2024-11936,CVE-2024-11936-1,2025-01-26,Mastodon,8.8,high,0.0005,enriched,NETWORK,LOW,LOW,NONE,UNCHANGED,HIGH,HIGH,HIGH,1,1,Mastodon,2025-01-26,2025-01-26,1,True,False,8.8,0.0005,806
CVE-2024-11641,CVE-2024-11641-1,2025-01-26,Mastodon,8.8,high,0.00058,enriched,NETWORK,LOW,NONE,REQUIRED,UNCHANGED,HIGH,HIGH,HIGH,1,1,Mastodon,2025-01-26,2025-01-26,1,True,False,8.8,0.00058,790
CVE-2022-49043,CVE-2022-49043-1,2025-01-26,Mastodon,8.1,high,0.00043,enriched,LOCAL,HIGH,NONE,NONE,CHANGED,HIGH,HIGH,HIGH,1,1,Mastodon,2025-01-26,2025-01-26,1,True,False,8.1,0.00043,309
CVE-2024-50697,CVE-2024-50697-1,2025-01-27,Mastodon,8.1,high,0.00043,original,NETWORK,HIGH,NONE,NONE,UNCHANGED,HIGH,HIGH,HIGH,1,1,Mastodon,2025-01-27,2025-01-27,1,True,False,8.1,0.00043,1737
CVE-2025-24365,CVE-2025-24365-1,2025-01-27,Mastodon,8.1,high,0.00043,enriched,NETWORK,LOW,LOW,NONE,UNCHANGED,HIGH,HIGH,NONE,2,1,Mastodon,2025-01-27,2025-04-22,8,True,False,8.1,0.00043,3033
CVE-2025-24734,CVE-2025-24734-1,2025-01-27,Mastodon,8.8,high,0.00043,enriched,NETWORK,LOW,LOW,NONE,UNCHANGED,HIGH,HIGH,HIGH,1,1,Mastodon,2025-01-27,2025-01-27,1,True,False,8.8,0.00043,3077
CVE-2025-24685,CVE-2025-24685-1,2025-01-27,Mastodon,8.1,high,0.00043,enriched,NETWORK,HIGH,NONE,NONE,UNCHANGED,HIGH,HIGH,HIGH,1,1,Mastodon,2025-01-27,2025-01-27,1,True,False,8.1,0.00043,3073
CVE-2025-24671,CVE-2025-24671-1,2025-01-27,Mastodon,9.8,critical,0.00043,enriched,NETWORK,LOW,NONE,NONE,UNCHANGED,HIGH,HIGH,HIGH,1,1,Mastodon,2025-01-27,2025-01-27,1,True,False,9.8,0.00043,3070
CVE-2025-24601,CVE-2025-24601-1,2025-01-27,Mastodon,9.8,critical,0.00043,enriched,NETWORK,LOW,NONE,NONE,UNCHANGED,HIGH,HIGH,HIGH,1,1,Mastodon,2025-01-27,2025-01-27,1,True,False,9.8,0.00043,3062
CVE-2022-4975,CVE-2022-4975-1,2025-01-27,Mastodon,8.9,high,0.0005,enriched,NETWORK,LOW,LOW,REQUIRED,CHANGED,HIGH,HIGH,LOW,1,1,Mastodon,2025-01-27,2025-01-27,1,True,False,8.9,0.0005,311
CVE-2025-24665,CVE-2025-24665-1,2025-01-27,Mastodon,9.3,critical,0.00043,enriched,NETWORK,LOW,NONE,NONE,CHANGED,HIGH,NONE,LOW,1,1,Mastodon,2025-01-27,2025-01-27,1,True,False,9.3,0.00043,3067
CVE-2024-48841,CVE-2024-48841-1,2025-01-27,Mastodon,10.0,critical,0.00043,enriched,NETWORK,LOW,NONE,NONE,CHANGED,HIGH,HIGH,HIGH,5,2,"ExploitDB, Mastodon",2025-01-27,2025-04-11,5,True,False,10.0,0.0012,1610
CVE-2025-24085,CVE-2025-24085-13,2025-01-27,BleepingComputer,7.8,high,0.00045,enriched,LOCAL,LOW,NONE,REQUIRED,UNCHANGED,HIGH,HIGH,HIGH,12,3,"BleepingComputer, Mastodon, Reddit",2025-01-27,2025-05-27,16,True,False,7.8,0.0784,2983
CVE-2024-57595,CVE-2024-57595-1,2025-01-27,Mastodon,9.8,critical,0.00043,enriched,NETWORK,LOW,NONE,NONE,UNCHANGED,HIGH,HIGH,HIGH,1,1,Mastodon,2025-01-27,2025-01-27,1,True,True,9.8,0.00043,2249
CVE-2025-24612,CVE-2025-24612-1,2025-01-27,Mastodon,9.3,critical,0.00043,enriched,NETWORK,LOW,NONE,NONE,CHANGED,HIGH,NONE,LOW,1,1,Mastodon,2025-01-27,2025-01-27,1,True,False,9.3,0.00043,3063
CVE-2025-24664,CVE-2025-24664-1,2025-01-27,Mastodon,9.3,critical,0.00043,enriched,NETWORK,LOW,NONE,NONE,CHANGED,HIGH,NONE,LOW,1,1,Mastodon,2025-01-27,2025-01-27,1,True,False,9.3,0.00043,3066
CVE-2025-24667,CVE-2025-24667-1,2025-01-27,Mastodon,9.3,critical,0.00043,enriched,NETWORK,LOW,NONE,NONE,CHANGED,HIGH,NONE,LOW,1,1,Mastodon,2025-01-27,2025-01-27,1,True,False,9.3,0.00043,3068
CVE-2024-23222,CVE-2024-23222-1,2025-01-27,BleepingComputer,8.8,high,0.0013,original,NETWORK,LOW,NONE,REQUIRED,UNCHANGED,HIGH,HIGH,HIGH,6,2,"BleepingComputer, HackerNews",2025-01-27,2025-04-28,6,True,False,8.8,0.00137,1107
CVE-2025-22604,CVE-2025-22604-1,2025-01-27,Mastodon,9.1,critical,0.00043,enriched,NETWORK,LOW,HIGH,NONE,CHANGED,HIGH,HIGH,HIGH,1,1,Mastodon,2025-01-27,2025-01-27,2,True,True,9.1,0.00043,2853
CVE-2025-24126,CVE-2025-24126-1,2025-01-28,Mastodon,7.3,high,0.00045,original,ADJACENT_NETWORK,LOW,LOW,NONE,UNCHANGED,NONE,HIGH,HIGH,2,2,"HackerNews, Mastodon",2025-01-28,2025-04-29,2,True,False,7.3,0.00119,2994
CVE-2025-23213,CVE-2025-23213-1,2025-01-28,Mastodon,8.7,high,0.00043,enriched,NETWORK,LOW,LOW,REQUIRED,CHANGED,HIGH,HIGH,NONE,2,1,Mastodon,2025-01-28,2025-01-29,2,True,True,8.7,0.00043,2918
CVE-2025-24130,CVE-2025-24130-1,2025-01-28,Mastodon,5.5,medium,0.00045,original,LOCAL,LOW,NONE,REQUIRED,UNCHANGED,NONE,HIGH,NONE,1,1,Mastodon,2025-01-28,2025-01-28,1,True,False,5.5,0.00045,2996
CVE-2024-57728,CVE-2024-57728-2,2025-01-28,BleepingComputer,7.2,high,0.0005,original,NETWORK,LOW,HIGH,NONE,UNCHANGED,HIGH,HIGH,HIGH,5,1,BleepingComputer,2025-01-28,2025-05-27,6,True,False,7.2,0.00737,2258
CVE-2025-24124,CVE-2025-24124-1,2025-01-28,Mastodon,5.5,medium,0.00044,original,LOCAL,LOW,NONE,REQUIRED,UNCHANGED,NONE,NONE,HIGH,1,1,Mastodon,2025-01-28,2025-01-28,1,True,False,5.5,0.00044,2993
CVE-2024-12648,CVE-2024-12648-1,2025-01-28,Mastodon,9.8,critical,0.00045,original,NETWORK,LOW,NONE,NONE,UNCHANGED,HIGH,HIGH,HIGH,1,1,Mastodon,2025-01-28,2025-01-28,1,True,False,9.8,0.00045,895
CVE-2024-40677,CVE-2024-40677-1,2025-01-28,Mastodon,8.4,high,0.00043,enriched,LOCAL,LOW,NONE,NONE,UNCHANGED,HIGH,HIGH,HIGH,2,1,Mastodon,2025-01-28,2025-01-29,2,True,False,8.4,0.00043,1365
CVE-2025-24123,CVE-2025-24123-1,2025-01-28,Mastodon,5.5,medium,0.00044,original,LOCAL,LOW,NONE,REQUIRED,UNCHANGED,NONE,NONE,HIGH,1,1,Mastodon,2025-01-28,2025-01-28,1,True,False,5.5,0.00044,2992
CVE-2024-40672,CVE-2024-40672-1,2025-01-28,Mastodon,8.4,high,0.00043,enriched,LOCAL,LOW,NONE,NONE,UNCHANGED,HIGH,HIGH,HIGH,2,1,Mastodon,2025-01-28,2025-01-29,2,True,False,8.4,0.00043,1364
CVE-2025-24118,CVE-2025-24118-1,2025-01-28,Mastodon,7.1,high,0.00045,original,LOCAL,LOW,NONE,REQUIRED,UNCHANGED,NONE,HIGH,HIGH,2,2,"HackerNews, Mastodon",2025-01-28,2025-05-25,2,True,False,7.1,0.06427,2991
CVE-2024-40670,CVE-2024-40670-1,2025-01-28,Mastodon,8.4,high,0.00043,enriched,LOCAL,LOW,NONE,NONE,UNCHANGED,HIGH,HIGH,HIGH,2,1,Mastodon,2025-01-28,2025-01-29,2,True,False,8.4,0.00043,1363
CVE-2025-24109,CVE-2025-24109-1,2025-01-28,Mastodon,5.5,medium,0.00045,original,LOCAL,LOW,NONE,REQUIRED,UNCHANGED,HIGH,NONE,NONE,1,1,Mastodon,2025-01-28,2025-01-28,1,True,False,5.5,0.00045,2990
CVE-2025-24106,CVE-2025-24106-1,2025-01-28,Mastodon,5.5,medium,0.00045,original,LOCAL,LOW,NONE,REQUIRED,UNCHANGED,NONE,NONE,HIGH,1,1,Mastodon,2025-01-28,2025-01-28,1,True,False,5.5,0.00045,2989
CVE-2022-3365,CVE-2022-3365-1,2025-01-28,Mastodon,9.8,critical,0.00267,original,NETWORK,LOW,NONE,NONE,UNCHANGED,HIGH,HIGH,HIGH,1,1,Mastodon,2025-01-28,2025-01-28,1,True,True,9.8,0.00267,246
CVE-2025-24102,CVE-2025-24102-1,2025-01-28,Mastodon,9.8,critical,0.00045,original,NETWORK,LOW,NONE,NONE,UNCHANGED,HIGH,HIGH,HIGH,1,1,Mastodon,2025-01-28,2025-01-28,1,True,False,9.8,0.00045,2988
CVE-2024-40669,CVE-2024-40669-1,2025-01-28,Mastodon,8.4,high,0.00043,enriched,LOCAL,LOW,NONE,NONE,UNCHANGED,HIGH,HIGH,HIGH,2,1,Mastodon,2025-01-28,2025-01-29,2,True,False,8.4,0.00043,1362
CVE-2024-13448,CVE-2024-13448-1,2025-01-28,Mastodon,9.8,critical,0.00091,enriched,NETWORK,LOW,NONE,NONE,UNCHANGED,HIGH,HIGH,HIGH,1,1,Mastodon,2025-01-28,2025-01-28,1,True,False,9.8,0.00091,997
CVE-2024-40651,CVE-2024-40651-1,2025-01-28,Mastodon,8.4,high,0.00043,enriched,LOCAL,LOW,NONE,NONE,UNCHANGED,HIGH,HIGH,HIGH,2,1,Mastodon,2025-01-28,2025-01-29,2,True,False,8.4,0.00043,1361
CVE-2024-40649,CVE-2024-40649-1,2025-01-28,Mastodon,8.4,high,0.00043,enriched,LOCAL,LOW,NONE,NONE,UNCHANGED,HIGH,HIGH,HIGH,2,1,Mastodon,2025-01-28,2025-01-29,2,True,False,8.4,0.00043,1360
CVE-2024-57548,CVE-2024-57548-1,2025-01-28,Mastodon,9.1,critical,0.00043,original,NETWORK,LOW,NONE,NONE,UNCHANGED,HIGH,HIGH,NONE,1,1,Mastodon,2025-01-28,2025-01-28,1,True,True,9.1,0.00043,2244
CVE-2025-23211,CVE-2025-23211-1,2025-01-28,Mastodon,9.9,critical,0.00045,enriched,NETWORK,LOW,LOW,NONE,CHANGED,HIGH,HIGH,HIGH,1,1,Mastodon,2025-01-28,2025-01-28,1,True,True,9.9,0.00045,2917
CVE-2025-24135,CVE-2025-24135-1,2025-01-28,Mastodon,7.8,high,0.00043,original,LOCAL,LOW,NONE,REQUIRED,UNCHANGED,HIGH,HIGH,HIGH,1,1,Mastodon,2025-01-28,2025-01-28,1,True,False,7.8,0.00043,2999
CVE-2025-24139,CVE-2025-24139-1,2025-01-28,Mastodon,5.5,medium,0.00045,original,LOCAL,LOW,NONE,REQUIRED,UNCHANGED,NONE,NONE,HIGH,1,1,Mastodon,2025-01-28,2025-01-28,1,True,False,5.5,0.00045,3001
CVE-2025-24146,CVE-2025-24146-1,2025-01-28,Mastodon,9.8,critical,0.00045,original,NETWORK,LOW,NONE,NONE,UNCHANGED,HIGH,HIGH,HIGH,1,1,Mastodon,2025-01-28,2025-01-28,1,True,False,9.8,0.00045,3002
CVE-2025-22217,CVE-2025-22217-1,2025-01-28,Mastodon,8.6,high,0.00043,enriched,NETWORK,LOW,NONE,NONE,CHANGED,HIGH,NONE,NONE,2,1,Mastodon,2025-01-28,2025-01-29,2,True,False,8.6,0.00043,2810
CVE-2024-45340,CVE-2024-45340-1,2025-01-28,Mastodon,8.8,high,0.00045,original,NETWORK,LOW,LOW,NONE,UNCHANGED,HIGH,HIGH,HIGH,1,1,Mastodon,2025-01-28,2025-01-28,1,True,False,8.8,0.00045,1501
CVE-2024-57373,CVE-2024-57373-1,2025-01-28,Mastodon,8.1,high,0.00043,original,NETWORK,LOW,NONE,REQUIRED,UNCHANGED,HIGH,HIGH,NONE,1,1,Mastodon,2025-01-28,2025-01-28,1,True,False,8.1,0.00043,2234
CVE-2025-0781,CVE-2025-0781-1,2025-01-28,Mastodon,8.6,high,0.00045,enriched,LOCAL,LOW,NONE,REQUIRED,CHANGED,HIGH,HIGH,HIGH,2,1,Mastodon,2025-01-28,2025-01-29,2,True,False,8.6,0.00045,2498
CVE-2024-0146,CVE-2024-0146-1,2025-01-28,Mastodon,7.8,high,0.00043,original,LOCAL,LOW,LOW,NONE,UNCHANGED,HIGH,HIGH,HIGH,1,1,Mastodon,2025-01-28,2025-01-28,1,False,False,7.8,0.00043,647
CVE-2024-12647,CVE-2024-12647-1,2025-01-28,Mastodon,9.8,critical,0.00045,original,NETWORK,LOW,NONE,NONE,UNCHANGED,HIGH,HIGH,HIGH,1,1,Mastodon,2025-01-28,2025-01-28,1,True,False,9.8,0.00045,894
CVE-2024-13484,CVE-2024-13484-1,2025-01-28,Mastodon,8.2,high,0.00043,enriched,LOCAL,LOW,HIGH,NONE,CHANGED,HIGH,HIGH,HIGH,3,2,"HackerNews, Mastodon",2025-01-28,2025-05-09,3,True,False,8.2,0.00043,998
CVE-2025-24174,CVE-2025-24174-1,2025-01-28,Mastodon,7.7,high,0.00045,original,LOCAL,LOW,NONE,NONE,UNCHANGED,HIGH,HIGH,NONE,1,1,Mastodon,2025-01-28,2025-01-28,1,True,False,7.7,0.00045,3008
CVE-2024-12649,CVE-2024-12649-1,2025-01-28,Mastodon,9.8,critical,0.00045,original,NETWORK,LOW,NONE,NONE,UNCHANGED,HIGH,HIGH,HIGH,1,1,Mastodon,2025-01-28,2025-01-28,1,True,False,9.8,0.00045,896
CVE-2025-24162,CVE-2025-24162-1,2025-01-28,Mastodon,6.5,medium,0.00044,original,NETWORK,LOW,NONE,REQUIRED,UNCHANGED,NONE,NONE,HIGH,1,1,Mastodon,2025-01-28,2025-01-28,1,True,False,6.5,0.00044,3005
CVE-2024-34732,CVE-2024-34732-1,2025-01-28,Mastodon,8.4,high,0.00043,enriched,LOCAL,LOW,NONE,NONE,UNCHANGED,HIGH,HIGH,HIGH,2,1,Mastodon,2025-01-28,2025-01-29,2,True,False,8.4,0.00043,1232
CVE-2025-24154,CVE-2025-24154-1,2025-01-28,Mastodon,9.1,critical,0.00045,original,NETWORK,LOW,NONE,NONE,UNCHANGED,NONE,HIGH,HIGH,1,1,Mastodon,2025-01-28,2025-01-28,1,True,False,9.1,0.00045,3004
CVE-2018-9373,CVE-2018-9373-1,2025-01-28,Mastodon,8.8,high,0.00043,enriched,ADJACENT_NETWORK,LOW,NONE,NONE,UNCHANGED,HIGH,HIGH,HIGH,2,1,Mastodon,2025-01-28,2025-01-29,2,True,False,8.8,0.00043,70
CVE-2025-24151,CVE-2025-24151-1,2025-01-28,Mastodon,5.5,medium,0.00045,original,LOCAL,LOW,NONE,REQUIRED,UNCHANGED,NONE,NONE,HIGH,1,1,Mastodon,2025-01-28,2025-01-28,1,True,False,5.5,0.00045,3003
CVE-2024-34733,CVE-2024-34733-2,2025-01-28,Mastodon,8.4,high,0.00043,enriched,LOCAL,LOW,NONE,NONE,UNCHANGED,HIGH,HIGH,HIGH,2,1,Mastodon,2025-01-28,2025-01-29,2,True,False,8.4,0.00043,1233
CVE-2024-34748,CVE-2024-34748-1,2025-01-28,Mastodon,8.4,high,0.00043,enriched,LOCAL,LOW,NONE,NONE,UNCHANGED,HIGH,HIGH,HIGH,2,1,Mastodon,2025-01-28,2025-01-29,2,True,False,8.4,0.00043,1234
CVE-2024-57052,CVE-2024-57052-1,2025-01-28,Mastodon,9.8,critical,0.00043,original,NETWORK,LOW,NONE,NONE,UNCHANGED,HIGH,HIGH,HIGH,1,1,Mastodon,2025-01-28,2025-01-28,1,True,False,9.8,0.00043,2223
CVE-2025-24163,CVE-2025-24163-1,2025-01-28,Mastodon,5.5,medium,0.00044,original,LOCAL,LOW,NONE,REQUIRED,UNCHANGED,NONE,NONE,HIGH,1,1,Mastodon,2025-01-28,2025-01-28,1,True,False,5.5,0.00044,3006
CVE-2024-57727,CVE-2024-57727-2,2025-01-28,BleepingComputer,7.5,high,0.00466,original,NETWORK,LOW,NONE,NONE,UNCHANGED,HIGH,NONE,NONE,5,1,BleepingComputer,2025-01-28,2025-05-27,6,True,False,7.5,0.93586,2257
CVE-2024-48852,CVE-2024-48852-1,2025-01-29,Mastodon,9.4,critical,0.00043,enriched,NETWORK,LOW,NONE,NONE,UNCHANGED,LOW,HIGH,HIGH,3,2,"ExploitDB, Mastodon",2025-01-29,2025-04-11,3,True,False,9.4,0.00057,1617
CVE-2024-48849,CVE-2024-48849-1,2025-01-29,Mastodon,9.4,critical,0.00043,enriched,NETWORK,LOW,NONE,NONE,UNCHANGED,LOW,HIGH,HIGH,3,2,"ExploitDB, Mastodon",2025-01-29,2025-04-11,3,True,False,9.4,0.00043,1615
CVE-2024-55968,CVE-2024-55968-1,2025-01-29,Mastodon,8.8,high,0.00043,original,NETWORK,LOW,LOW,NONE,UNCHANGED,HIGH,HIGH,HIGH,1,1,Mastodon,2025-01-29,2025-01-29,1,True,False,8.8,0.00043,2110
CVE-2025-0804,CVE-2025-0804-1,2025-01-29,Mastodon,6.4,medium,0.00045,original,NETWORK,LOW,LOW,NONE,CHANGED,LOW,LOW,NONE,1,1,Mastodon,2025-01-29,2025-01-29,1,False,False,6.4,0.00045,2503
CVE-2022-31137,CVE-2022-31137-1,2025-01-29,BleepingComputer,10.0,critical,0.94976,original,NETWORK,LOW,NONE,NONE,CHANGED,HIGH,HIGH,HIGH,2,1,BleepingComputer,2025-01-29,2025-01-29,2,True,True,10.0,0.94976,239
CVE-2024-40891,CVE-2024-40891-3,2025-01-29,BleepingComputer,8.8,high,0.00052,enriched,NETWORK,LOW,LOW,NONE,UNCHANGED,HIGH,HIGH,HIGH,5,2,"BleepingComputer, Mastodon",2025-01-29,2025-02-04,5,True,False,8.8,0.00052,1378
CVE-2025-20014,CVE-2025-20014-1,2025-01-29,Mastodon,9.8,critical,0.00043,enriched,NETWORK,LOW,NONE,NONE,UNCHANGED,HIGH,HIGH,HIGH,1,1,Mastodon,2025-01-29,2025-01-29,1,True,False,9.8,0.00043,2649
CVE-2018-10562,CVE-2018-10562-1,2025-01-29,BleepingComputer,9.8,critical,0.971,original,NETWORK,LOW,NONE,NONE,UNCHANGED,HIGH,HIGH,HIGH,2,1,BleepingComputer,2025-01-29,2025-01-29,2,True,False,9.8,0.971,48
CVE-2018-10561,CVE-2018-10561-1,2025-01-29,BleepingComputer,9.8,critical,0.96379,original,NETWORK,LOW,NONE,NONE,UNCHANGED,HIGH,HIGH,HIGH,2,1,BleepingComputer,2025-01-29,2025-01-29,2,True,False,9.8,0.96379,47
CVE-2024-57376,CVE-2024-57376-1,2025-01-29,Mastodon,8.8,high,0.00043,original,ADJACENT_NETWORK,LOW,NONE,NONE,UNCHANGED,HIGH,HIGH,HIGH,1,1,Mastodon,2025-01-29,2025-01-29,1,True,False,8.8,0.00043,2235
CVE-2024-12749,CVE-2024-12749-1,2025-01-29,Mastodon,7.1,high,0.00043,enriched,NETWORK,LOW,NONE,REQUIRED,CHANGED,LOW,LOW,LOW,1,1,Mastodon,2025-01-29,2025-01-29,1,False,False,7.1,0.00043,909
CVE-2024-41710,CVE-2024-41710-2,2025-01-29,BleepingComputer,7.2,high,0.00045,original,NETWORK,LOW,HIGH,NONE,UNCHANGED,HIGH,HIGH,HIGH,3,2,"BleepingComputer, Mastodon",2025-01-29,2025-01-30,3,True,True,7.2,0.00045,1390
CVE-2025-20061,CVE-2025-20061-1,2025-01-29,Mastodon,9.8,critical,0.00043,enriched,NETWORK,LOW,NONE,NONE,UNCHANGED,HIGH,HIGH,HIGH,1,1,Mastodon,2025-01-29,2025-01-29,1,True,False,9.8,0.00043,2659
CVE-2025-24527,CVE-2025-24527-1,2025-01-29,Mastodon,8.0,high,0.00043,enriched,NETWORK,HIGH,HIGH,NONE,CHANGED,HIGH,HIGH,HIGH,1,1,Mastodon,2025-01-29,2025-01-29,1,True,False,8.0,0.00043,3059
CVE-2025-0762,CVE-2025-0762-1,2025-01-29,Mastodon,8.8,high,0.00043,enriched,NETWORK,LOW,NONE,REQUIRED,UNCHANGED,HIGH,HIGH,HIGH,1,1,Mastodon,2025-01-29,2025-01-29,1,True,False,8.8,0.00043,2497
CVE-2025-23362,CVE-2025-23362-1,2025-01-29,Mastodon,6.1,medium,0.00045,original,NETWORK,LOW,NONE,REQUIRED,CHANGED,LOW,LOW,NONE,1,1,Mastodon,2025-01-29,2025-01-29,1,False,False,6.1,0.00045,2929
CVE-2025-0802,CVE-2025-0802-1,2025-01-29,Mastodon,7.3,high,0.00052,original,NETWORK,LOW,NONE,NONE,UNCHANGED,LOW,LOW,LOW,1,1,Mastodon,2025-01-29,2025-01-29,1,True,True,7.3,0.00052,2501
CVE-2025-0803,CVE-2025-0803-1,2025-01-29,Mastodon,7.3,high,0.00052,original,NETWORK,LOW,NONE,NONE,UNCHANGED,LOW,LOW,LOW,1,1,Mastodon,2025-01-29,2025-01-29,1,True,False,7.3,0.00052,2502
CVE-2018-17532,CVE-2018-17532-1,2025-01-29,BleepingComputer,9.8,critical,0.01462,original,NETWORK,LOW,NONE,NONE,UNCHANGED,HIGH,HIGH,HIGH,2,1,BleepingComputer,2025-01-29,2025-01-29,2,True,False,9.8,0.01462,55
CVE-2024-41140,CVE-2024-41140-1,2025-01-29,Mastodon,8.1,high,0.00043,enriched,NETWORK,LOW,LOW,NONE,UNCHANGED,HIGH,HIGH,NONE,1,1,Mastodon,2025-01-29,2025-01-29,1,True,False,8.1,0.00043,1383
CVE-2024-40890,CVE-2024-40890-3,2025-01-29,BleepingComputer,8.8,high,0.00052,enriched,NETWORK,LOW,LOW,NONE,UNCHANGED,HIGH,HIGH,HIGH,5,2,"BleepingComputer, Mastodon",2025-01-29,2025-02-04,5,True,False,8.8,0.00052,1377
CVE-2025-0806,CVE-2025-0806-1,2025-01-29,Mastodon,4.3,medium,0.00052,original,NETWORK,LOW,NONE,REQUIRED,UNCHANGED,NONE,LOW,NONE,1,1,Mastodon,2025-01-29,2025-01-29,1,True,True,4.3,0.00052,2504
CVE-2023-26801,CVE-2023-26801-1,2025-01-29,BleepingComputer,9.8,critical,0.01112,original,NETWORK,LOW,NONE,NONE,UNCHANGED,HIGH,HIGH,HIGH,2,1,BleepingComputer,2025-01-29,2025-01-29,2,True,False,9.8,0.01112,371
CVE-2025-0798,CVE-2025-0798-1,2025-01-29,Mastodon,8.1,high,0.00059,original,NETWORK,HIGH,NONE,NONE,UNCHANGED,HIGH,HIGH,HIGH,2,1,Mastodon,2025-01-29,2025-01-29,2,True,True,8.1,0.00059,2499
CVE-2025-0800,CVE-2025-0800-1,2025-01-29,Mastodon,2.4,low,0.00068,original,NETWORK,LOW,HIGH,REQUIRED,UNCHANGED,NONE,LOW,NONE,1,1,Mastodon,2025-01-29,2025-01-29,1,False,False,2.4,0.00068,2500
CVE-2025-24802,CVE-2025-24802-1,2025-01-30,Mastodon,8.6,high,0.00045,enriched,NETWORK,LOW,NONE,NONE,CHANGED,NONE,HIGH,NONE,1,1,Mastodon,2025-01-30,2025-01-30,1,True,True,8.6,0.00045,3085
CVE-2024-13742,CVE-2024-13742-1,2025-01-30,Mastodon,9.8,critical,0.00063,enriched,NETWORK,LOW,NONE,NONE,UNCHANGED,HIGH,HIGH,HIGH,1,1,Mastodon,2025-01-30,2025-01-30,1,True,False,9.8,0.00063,1018
CVE-2024-13707,CVE-2024-13707-1,2025-01-30,Mastodon,8.8,high,0.00058,enriched,NETWORK,LOW,NONE,REQUIRED,UNCHANGED,HIGH,HIGH,HIGH,1,1,Mastodon,2025-01-30,2025-01-30,1,True,False,8.8,0.00058,1013
CVE-2024-12129,CVE-2024-12129-1,2025-01-30,Mastodon,8.8,high,0.0005,enriched,NETWORK,LOW,LOW,NONE,UNCHANGED,HIGH,HIGH,HIGH,1,1,Mastodon,2025-01-30,2025-01-30,1,True,False,8.8,0.0005,842
CVE-2025-23374,CVE-2025-23374-1,2025-01-30,Mastodon,8.0,high,0.00043,original,NETWORK,HIGH,HIGH,NONE,CHANGED,HIGH,HIGH,HIGH,1,1,Mastodon,2025-01-30,2025-01-30,1,True,False,8.0,0.00043,2931
CVE-2024-13720,CVE-2024-13720-1,2025-01-30,Mastodon,8.8,high,0.00048,enriched,NETWORK,LOW,LOW,NONE,UNCHANGED,HIGH,HIGH,HIGH,1,1,Mastodon,2025-01-30,2025-01-30,1,True,False,8.8,0.00048,1016
CVE-2024-54851,CVE-2024-54851-1,2025-01-30,Mastodon,8.8,high,0.00043,original,NETWORK,LOW,NONE,REQUIRED,UNCHANGED,HIGH,HIGH,HIGH,1,1,Mastodon,2025-01-30,2025-01-30,1,True,True,8.8,0.00043,2044
CVE-2025-0574,CVE-2025-0574-1,2025-01-30,Mastodon,7.5,high,0.00043,enriched,NETWORK,LOW,NONE,NONE,UNCHANGED,NONE,NONE,HIGH,1,1,Mastodon,2025-01-30,2025-01-30,1,True,False,7.5,0.00043,2466
CVE-2024-10591,CVE-2024-10591-1,2025-01-30,Mastodon,8.8,high,0.0005,enriched,NETWORK,LOW,LOW,NONE,UNCHANGED,HIGH,HIGH,HIGH,1,1,Mastodon,2025-01-30,2025-01-30,1,True,False,8.8,0.0005,687
CVE-2025-0680,CVE-2025-0680-1,2025-01-30,Mastodon,9.8,critical,0.00043,enriched,NETWORK,LOW,NONE,NONE,UNCHANGED,HIGH,HIGH,HIGH,1,1,Mastodon,2025-01-30,2025-01-30,1,True,False,9.8,0.00043,2485
CVE-2024-12822,CVE-2024-12822-1,2025-01-30,Mastodon,9.8,critical,0.00091,enriched,NETWORK,LOW,NONE,NONE,UNCHANGED,HIGH,HIGH,HIGH,1,1,Mastodon,2025-01-30,2025-01-30,1,True,False,9.8,0.00091,919
CVE-2024-12821,CVE-2024-12821-1,2025-01-30,Mastodon,8.8,high,0.0005,enriched,NETWORK,LOW,LOW,NONE,UNCHANGED,HIGH,HIGH,HIGH,1,1,Mastodon,2025-01-30,2025-01-30,1,True,False,8.8,0.0005,918
CVE-2025-0739,CVE-2025-0739-1,2025-01-30,Mastodon,8.6,high,0.00043,enriched,NETWORK,LOW,NONE,NONE,CHANGED,HIGH,NONE,NONE,1,1,Mastodon,2025-01-30,2025-01-30,1,True,False,8.6,0.00043,2491
CVE-2025-0851,CVE-2025-0851-1,2025-01-30,Mastodon,9.8,critical,0.00043,original,NETWORK,LOW,NONE,NONE,UNCHANGED,HIGH,HIGH,HIGH,1,1,Mastodon,2025-01-30,2025-01-30,1,True,False,9.8,0.00043,2514
CVE-2025-0740,CVE-2025-0740-1,2025-01-30,Mastodon,8.6,high,0.00043,enriched,NETWORK,LOW,NONE,NONE,CHANGED,HIGH,NONE,NONE,1,1,Mastodon,2025-01-30,2025-01-30,1,True,False,8.6,0.00043,2492
CVE-2025-21415,CVE-2025-21415-1,2025-01-30,Mastodon,9.9,critical,0.00069,original,NETWORK,LOW,LOW,NONE,CHANGED,HIGH,HIGH,HIGH,1,1,Mastodon,2025-01-30,2025-01-30,4,True,False,9.9,0.00069,2773
CVE-2025-0747,CVE-2025-0747-1,2025-01-30,Mastodon,8.6,high,0.00043,enriched,NETWORK,LOW,NONE,NONE,CHANGED,HIGH,NONE,NONE,1,1,Mastodon,2025-01-30,2025-01-30,1,True,False,8.6,0.00043,2493
CVE-2025-22218,CVE-2025-22218-1,2025-01-30,Mastodon,8.5,high,0.00043,enriched,NETWORK,HIGH,LOW,NONE,CHANGED,HIGH,HIGH,HIGH,1,1,Mastodon,2025-01-30,2025-01-30,1,True,False,8.5,0.00043,2811
CVE-2024-13646,CVE-2024-13646-1,2025-01-30,Mastodon,8.1,high,0.00046,enriched,NETWORK,LOW,LOW,NONE,UNCHANGED,NONE,HIGH,HIGH,1,1,Mastodon,2025-01-30,2025-01-30,1,True,False,8.1,0.00046,1006
CVE-2025-0493,CVE-2025-0493-1,2025-01-31,Mastodon,9.8,critical,0.00062,original,NETWORK,LOW,NONE,NONE,UNCHANGED,HIGH,HIGH,HIGH,1,1,Mastodon,2025-01-31,2025-01-31,1,True,False,9.8,0.00062,2463
CVE-2025-0929,CVE-2025-0929-1,2025-01-31,Mastodon,9.8,critical,0.00043,enriched,NETWORK,LOW,NONE,NONE,UNCHANGED,HIGH,HIGH,HIGH,1,1,Mastodon,2025-01-31,2025-01-31,1,True,False,9.8,0.00043,2519
CVE-2024-12248,CVE-2024-12248-1,2025-01-31,Mastodon,9.8,critical,0.00043,original,NETWORK,LOW,NONE,NONE,UNCHANGED,HIGH,HIGH,HIGH,2,2,"Mastodon, Reddit",2025-01-31,2025-05-15,2,True,False,9.8,0.00269,850
CVE-2024-23929,CVE-2024-23929-1,2025-01-31,Mastodon,8.0,high,0.00065,original,ADJACENT_NETWORK,LOW,LOW,NONE,UNCHANGED,HIGH,HIGH,HIGH,1,1,Mastodon,2025-01-31,2025-01-31,1,True,False,8.0,0.00065,1118
CVE-2024-23973,CVE-2024-23973-1,2025-01-31,Mastodon,8.8,high,0.00046,original,ADJACENT_NETWORK,LOW,NONE,NONE,UNCHANGED,HIGH,HIGH,HIGH,1,1,Mastodon,2025-01-31,2025-01-31,1,True,False,8.8,0.00046,1125
CVE-2024-13767,CVE-2024-13767-1,2025-01-31,Mastodon,8.1,high,0.00046,original,NETWORK,LOW,LOW,NONE,UNCHANGED,NONE,HIGH,HIGH,1,1,Mastodon,2025-01-31,2025-01-31,1,True,False,8.1,0.00046,1021
CVE-2024-23920,CVE-2024-23920-1,2025-01-31,Mastodon,8.8,high,0.00065,original,ADJACENT_NETWORK,LOW,NONE,NONE,UNCHANGED,HIGH,HIGH,HIGH,1,1,Mastodon,2025-01-31,2025-01-31,1,True,False,8.8,0.00065,1114
CVE-2024-23921,CVE-2024-23921-1,2025-01-31,Mastodon,8.8,high,0.00065,original,ADJACENT_NETWORK,LOW,NONE,NONE,UNCHANGED,HIGH,HIGH,HIGH,1,1,Mastodon,2025-01-31,2025-01-31,1,True,False,8.8,0.00065,1115
CVE-2024-47891,CVE-2024-47891-1,2025-01-31,Mastodon,7.8,high,0.00043,original,LOCAL,LOW,LOW,NONE,UNCHANGED,HIGH,HIGH,HIGH,1,1,Mastodon,2025-01-31,2025-01-31,1,True,False,7.8,0.00043,1589
CVE-2024-23928,CVE-2024-23928-1,2025-01-31,Mastodon,8.1,high,0.00065,original,ADJACENT_NETWORK,LOW,NONE,NONE,UNCHANGED,HIGH,HIGH,NONE,2,1,Mastodon,2025-01-31,2025-02-01,2,True,False,8.1,0.00065,1117
CVE-2024-23971,CVE-2024-23971-1,2025-01-31,Mastodon,8.8,high,0.00065,original,ADJACENT_NETWORK,LOW,NONE,NONE,UNCHANGED,HIGH,HIGH,HIGH,1,1,Mastodon,2025-01-31,2025-01-31,1,True,False,8.8,0.00065,1124
CVE-2024-23969,CVE-2024-23969-1,2025-01-31,Mastodon,8.8,high,0.00065,original,ADJACENT_NETWORK,LOW,NONE,NONE,UNCHANGED,HIGH,HIGH,HIGH,1,1,Mastodon,2025-01-31,2025-01-31,1,True,False,8.8,0.00065,1123
CVE-2024-23968,CVE-2024-23968-1,2025-01-31,Mastodon,8.8,high,0.00065,original,ADJACENT_NETWORK,LOW,NONE,NONE,UNCHANGED,HIGH,HIGH,HIGH,1,1,Mastodon,2025-01-31,2025-01-31,1,True,False,8.8,0.00065,1122
CVE-2024-23963,CVE-2024-23963-1,2025-01-31,Mastodon,8.8,high,0.00065,original,ADJACENT_NETWORK,LOW,NONE,NONE,UNCHANGED,HIGH,HIGH,HIGH,2,1,Mastodon,2025-01-31,2025-02-01,2,True,False,8.8,0.00065,1121
CVE-2025-0366,CVE-2025-0366-1,2025-02-01,Mastodon,8.8,high,0.00056,enriched,NETWORK,LOW,LOW,NONE,UNCHANGED,HIGH,HIGH,HIGH,2,1,Mastodon,2025-02-01,2025-02-03,2,True,False,8.8,0.00056,2445
CVE-2024-12171,CVE-2024-12171-1,2025-02-01,Mastodon,8.8,high,0.00056,original,NETWORK,LOW,LOW,NONE,UNCHANGED,HIGH,HIGH,HIGH,1,1,Mastodon,2025-02-01,2025-02-01,1,True,False,8.8,0.00056,846
CVE-2025-24891,CVE-2025-24891-1,2025-02-01,Mastodon,9.6,critical,0.00044,original,NETWORK,LOW,NONE,REQUIRED,CHANGED,HIGH,HIGH,HIGH,1,1,Mastodon,2025-02-01,2025-02-01,1,True,True,9.6,0.00044,3090
CVE-2024-13343,CVE-2024-13343-1,2025-02-01,Mastodon,8.8,high,0.0005,original,NETWORK,LOW,LOW,NONE,UNCHANGED,HIGH,HIGH,HIGH,1,1,Mastodon,2025-02-01,2025-02-01,1,True,False,8.8,0.0005,984
CVE-2024-49839,CVE-2024-49839-1,2025-02-03,Mastodon,8.2,high,0.00087,enriched,NETWORK,LOW,NONE,NONE,UNCHANGED,HIGH,NONE,LOW,1,1,Mastodon,2025-02-03,2025-02-03,1,True,False,8.2,0.00087,1718
CVE-2025-25066,CVE-2025-25066-1,2025-02-03,Mastodon,8.1,high,0.00043,enriched,LOCAL,HIGH,NONE,NONE,CHANGED,HIGH,HIGH,HIGH,2,1,Mastodon,2025-02-03,2025-02-03,2,True,True,8.1,0.00043,3121
CVE-2025-24661,CVE-2025-24661-1,2025-02-03,Mastodon,8.8,high,0.00043,enriched,NETWORK,LOW,LOW,NONE,UNCHANGED,HIGH,HIGH,HIGH,1,1,Mastodon,2025-02-03,2025-02-03,1,True,False,8.8,0.00043,3065
CVE-2024-49838,CVE-2024-49838-1,2025-02-03,Mastodon,8.2,high,0.00087,enriched,NETWORK,LOW,NONE,NONE,UNCHANGED,HIGH,NONE,LOW,1,1,Mastodon,2025-02-03,2025-02-03,1,True,False,8.2,0.00087,1717
CVE-2025-24960,CVE-2025-24960-1,2025-02-03,Mastodon,8.7,high,0.00045,enriched,NETWORK,LOW,HIGH,NONE,CHANGED,HIGH,HIGH,NONE,1,1,Mastodon,2025-02-03,2025-02-03,1,True,True,8.7,0.00045,3101
CVE-2024-45569,CVE-2024-45569-2,2025-02-03,BleepingComputer,9.8,critical,0.00091,enriched,NETWORK,LOW,NONE,NONE,UNCHANGED,HIGH,HIGH,HIGH,3,2,"BleepingComputer, Mastodon",2025-02-03,2025-02-03,3,True,False,9.8,0.00091,1518
CVE-2024-12859,CVE-2024-12859-1,2025-02-03,Mastodon,8.8,high,0.0005,enriched,NETWORK,LOW,LOW,NONE,UNCHANGED,HIGH,HIGH,HIGH,1,1,Mastodon,2025-02-03,2025-02-03,1,True,False,8.8,0.0005,933
CVE-2025-20633,CVE-2025-20633-1,2025-02-03,Mastodon,8.8,high,0.00043,original,ADJACENT_NETWORK,LOW,NONE,NONE,UNCHANGED,HIGH,HIGH,HIGH,1,1,Mastodon,2025-02-03,2025-02-03,1,True,False,8.8,0.00043,2692
CVE-2025-20634,CVE-2025-20634-1,2025-02-03,Mastodon,9.8,critical,0.00043,original,NETWORK,LOW,NONE,NONE,UNCHANGED,HIGH,HIGH,HIGH,1,1,Mastodon,2025-02-03,2025-02-03,1,True,False,9.8,0.00043,2693
CVE-2024-55062,CVE-2024-55062-1,2025-02-03,Mastodon,9.8,critical,0.00043,original,NETWORK,LOW,NONE,NONE,UNCHANGED,HIGH,HIGH,HIGH,1,1,Mastodon,2025-02-03,2025-02-03,1,True,True,9.8,0.00043,2050
CVE-2025-22957,CVE-2025-22957-1,2025-02-03,Mastodon,9.8,critical,0.00043,original,NETWORK,LOW,NONE,NONE,UNCHANGED,HIGH,HIGH,HIGH,1,1,Mastodon,2025-02-03,2025-02-03,1,True,True,9.8,0.00043,2890
CVE-2024-57432,CVE-2024-57432-1,2025-02-03,Mastodon,7.5,high,0.00043,original,NETWORK,LOW,NONE,NONE,UNCHANGED,HIGH,NONE,NONE,1,1,Mastodon,2025-02-03,2025-02-03,1,True,True,7.5,0.00043,2240
CVE-2024-10395,CVE-2024-10395-1,2025-02-03,Mastodon,8.6,high,0.00043,enriched,NETWORK,LOW,NONE,NONE,UNCHANGED,LOW,LOW,HIGH,2,1,Mastodon,2025-02-03,2025-02-03,2,True,False,8.6,0.00043,672
CVE-2024-47857,CVE-2024-47857-1,2025-02-03,Mastodon,9.8,critical,0.00043,original,NETWORK,LOW,NONE,NONE,UNCHANGED,HIGH,HIGH,HIGH,1,1,Mastodon,2025-02-03,2025-02-03,1,True,False,9.8,0.00043,1588
CVE-2024-53320,CVE-2024-53320-1,2025-02-03,Mastodon,9.8,critical,0.00043,original,NETWORK,LOW,NONE,NONE,UNCHANGED,HIGH,HIGH,HIGH,1,1,Mastodon,2025-02-03,2025-02-03,1,True,False,9.8,0.00043,1925
CVE-2024-53584,CVE-2024-53584-1,2025-02-03,Mastodon,9.8,critical,0.00043,original,NETWORK,LOW,NONE,NONE,UNCHANGED,HIGH,HIGH,HIGH,3,2,"ExploitDB, Mastodon",2025-02-03,2025-04-14,3,True,False,9.8,0.0051,1941
CVE-2024-57434,CVE-2024-57434-1,2025-02-03,Mastodon,8.8,high,0.00043,original,NETWORK,LOW,LOW,NONE,UNCHANGED,HIGH,HIGH,HIGH,1,1,Mastodon,2025-02-03,2025-02-03,1,True,True,8.8,0.00043,2241
CVE-2024-53356,CVE-2024-53356-1,2025-02-03,Mastodon,9.8,critical,0.00043,original,NETWORK,LOW,NONE,NONE,UNCHANGED,HIGH,HIGH,HIGH,1,1,Mastodon,2025-02-03,2025-02-03,1,True,True,9.8,0.00043,1929
CVE-2024-53355,CVE-2024-53355-1,2025-02-03,Mastodon,8.8,high,0.00043,original,NETWORK,LOW,LOW,NONE,UNCHANGED,HIGH,HIGH,HIGH,1,1,Mastodon,2025-02-03,2025-02-03,1,True,True,8.8,0.00043,1928
CVE-2024-57968,CVE-2024-57968-1,2025-02-03,Mastodon,9.9,critical,0.00043,enriched,NETWORK,LOW,LOW,NONE,CHANGED,HIGH,HIGH,HIGH,1,1,Mastodon,2025-02-03,2025-02-03,1,True,False,9.9,0.00043,2267
CVE-2024-53104,CVE-2024-53104-11,2025-02-03,BleepingComputer,7.8,high,0.00044,original,LOCAL,LOW,LOW,NONE,UNCHANGED,HIGH,HIGH,HIGH,20,4,"BleepingComputer, HackerNews, Mastodon, Reddit",2025-02-03,2025-05-06,24,True,False,7.8,0.02438,1918
CVE-2024-38420,CVE-2024-38420-1,2025-02-03,Mastodon,8.8,high,0.00043,enriched,LOCAL,LOW,LOW,NONE,CHANGED,HIGH,HIGH,HIGH,1,1,Mastodon,2025-02-03,2025-02-03,1,True,False,8.8,0.00043,1297
CVE-2024-9644,CVE-2024-9644-1,2025-02-04,Mastodon,9.8,critical,0.00043,enriched,NETWORK,LOW,NONE,NONE,UNCHANGED,HIGH,HIGH,HIGH,1,1,Mastodon,2025-02-04,2025-02-04,1,True,False,9.8,0.00043,2399
CVE-2024-56898,CVE-2024-56898-1,2025-02-04,Mastodon,8.8,high,0.00043,original,NETWORK,LOW,LOW,NONE,UNCHANGED,HIGH,HIGH,HIGH,3,2,"ExploitDB, Mastodon",2025-02-04,2025-04-11,3,True,False,8.8,0.0135,2202
CVE-2024-56901,CVE-2024-56901-1,2025-02-04,Mastodon,8.8,high,0.00043,original,NETWORK,LOW,NONE,REQUIRED,UNCHANGED,HIGH,HIGH,HIGH,3,2,"ExploitDB, Mastodon",2025-02-04,2025-04-11,3,True,False,8.8,0.01113,2203
CVE-2025-0960,CVE-2025-0960-1,2025-02-04,Mastodon,9.8,critical,0.00043,enriched,NETWORK,LOW,NONE,NONE,UNCHANGED,HIGH,HIGH,HIGH,1,1,Mastodon,2025-02-04,2025-02-04,1,True,False,9.8,0.00043,2523
CVE-2025-25064,CVE-2025-25064-1,2025-02-04,Mastodon,8.8,high,0.00045,original,NETWORK,LOW,LOW,NONE,UNCHANGED,HIGH,HIGH,HIGH,1,1,Mastodon,2025-02-04,2025-02-04,1,True,False,8.8,0.00045,3120
CVE-2024-56903,CVE-2024-56903-1,2025-02-04,Mastodon,8.1,high,0.00043,original,NETWORK,LOW,NONE,REQUIRED,UNCHANGED,NONE,HIGH,HIGH,1,1,Mastodon,2025-02-04,2025-02-04,1,True,False,8.1,0.00043,2205
CVE-2024-55948,CVE-2024-55948-1,2025-02-04,Mastodon,8.2,high,0.00043,enriched,NETWORK,LOW,NONE,NONE,UNCHANGED,NONE,HIGH,LOW,1,1,Mastodon,2025-02-04,2025-02-04,1,True,False,8.2,0.00043,2105
CVE-2025-0890,CVE-2025-0890-1,2025-02-04,Mastodon,9.8,critical,0.00091,enriched,NETWORK,LOW,NONE,NONE,UNCHANGED,HIGH,HIGH,HIGH,1,1,Mastodon,2025-02-04,2025-02-04,1,True,False,9.8,0.00091,2516
CVE-2025-24968,CVE-2025-24968-1,2025-02-04,Mastodon,8.8,high,0.00043,enriched,NETWORK,LOW,LOW,NONE,UNCHANGED,HIGH,HIGH,HIGH,1,1,Mastodon,2025-02-04,2025-02-04,1,True,False,8.8,0.00043,3103
CVE-2025-22204,CVE-2025-22204-1,2025-02-04,Mastodon,9.8,critical,0.00043,enriched,NETWORK,LOW,NONE,NONE,UNCHANGED,HIGH,HIGH,HIGH,1,1,Mastodon,2025-02-04,2025-02-04,1,True,False,9.8,0.00043,2809
CVE-2024-9643,CVE-2024-9643-1,2025-02-04,Mastodon,9.8,critical,0.00043,enriched,NETWORK,LOW,NONE,NONE,UNCHANGED,HIGH,HIGH,HIGH,1,1,Mastodon,2025-02-04,2025-02-04,1,True,False,9.8,0.00043,2398
CVE-2025-22699,CVE-2025-22699-1,2025-02-04,Mastodon,9.0,critical,0.00043,enriched,NETWORK,HIGH,NONE,NONE,CHANGED,HIGH,HIGH,HIGH,1,1,Mastodon,2025-02-04,2025-02-04,1,True,False,9.0,0.00043,2864
CVE-2025-22700,CVE-2025-22700-1,2025-02-04,Mastodon,8.5,high,0.00043,enriched,NETWORK,HIGH,LOW,NONE,CHANGED,HIGH,HIGH,HIGH,1,1,Mastodon,2025-02-04,2025-02-04,1,True,False,8.5,0.00043,2866
CVE-2025-22978,CVE-2025-22978-1,2025-02-04,Mastodon,9.8,critical,0.00043,original,NETWORK,LOW,NONE,NONE,UNCHANGED,HIGH,HIGH,HIGH,1,1,Mastodon,2025-02-04,2025-02-04,1,True,True,9.8,0.00043,2893
CVE-2025-23023,CVE-2025-23023-1,2025-02-04,Mastodon,8.2,high,0.00043,enriched,NETWORK,LOW,NONE,NONE,UNCHANGED,NONE,HIGH,LOW,1,1,Mastodon,2025-02-04,2025-02-04,1,True,False,8.2,0.00043,2899
CVE-2025-23058,CVE-2025-23058-1,2025-02-04,Mastodon,8.8,high,0.00043,enriched,NETWORK,LOW,LOW,NONE,UNCHANGED,HIGH,HIGH,HIGH,1,1,Mastodon,2025-02-04,2025-02-04,1,True,False,8.8,0.00043,2902
CVE-2025-24677,CVE-2025-24677-1,2025-02-04,Mastodon,9.9,critical,0.00043,enriched,NETWORK,LOW,LOW,NONE,CHANGED,HIGH,HIGH,HIGH,1,1,Mastodon,2025-02-04,2025-02-04,1,True,False,9.9,0.00043,3072
CVE-2024-57098,CVE-2024-57098-1,2025-02-04,Mastodon,9.8,critical,0.00043,original,NETWORK,LOW,NONE,NONE,UNCHANGED,HIGH,HIGH,HIGH,1,1,Mastodon,2025-02-04,2025-02-04,1,True,False,9.8,0.00043,2226
CVE-2025-0364,CVE-2025-0364-1,2025-02-04,Mastodon,9.8,critical,0.00043,enriched,NETWORK,LOW,NONE,NONE,UNCHANGED,HIGH,HIGH,HIGH,1,1,Mastodon,2025-02-04,2025-02-04,1,True,False,9.8,0.00043,2444
CVE-2024-57099,CVE-2024-57099-1,2025-02-04,Mastodon,9.8,critical,0.00043,original,NETWORK,LOW,NONE,NONE,UNCHANGED,HIGH,HIGH,HIGH,1,1,Mastodon,2025-02-04,2025-02-04,1,True,False,9.8,0.00043,2227
CVE-2025-24964,CVE-2025-24964-1,2025-02-04,Mastodon,9.6,critical,0.00045,enriched,NETWORK,LOW,NONE,REQUIRED,CHANGED,HIGH,HIGH,HIGH,1,1,Mastodon,2025-02-04,2025-02-04,1,True,True,9.6,0.00045,3102
CVE-2025-23015,CVE-2025-23015-1,2025-02-04,Mastodon,8.8,high,0.00043,enriched,NETWORK,LOW,LOW,NONE,UNCHANGED,HIGH,HIGH,HIGH,1,1,Mastodon,2025-02-04,2025-02-04,1,True,False,8.8,0.00043,2897
CVE-2024-57450,CVE-2024-57450-1,2025-02-04,Mastodon,9.8,critical,0.00043,original,NETWORK,LOW,NONE,NONE,UNCHANGED,HIGH,HIGH,HIGH,1,1,Mastodon,2025-02-04,2025-02-04,1,True,False,9.8,0.00043,2242
CVE-2024-29059,CVE-2024-29059-1,2025-02-05,BleepingComputer,7.5,high,0.69858,original,NETWORK,LOW,NONE,NONE,UNCHANGED,HIGH,NONE,NONE,2,1,BleepingComputer,2025-02-05,2025-02-05,2,True,False,7.5,0.69858,1188
CVE-2025-20029,CVE-2025-20029-1,2025-02-05,Mastodon,8.8,high,0.00043,enriched,NETWORK,LOW,LOW,NONE,UNCHANGED,HIGH,HIGH,HIGH,1,1,Mastodon,2025-02-05,2025-02-05,1,True,False,8.8,0.00043,2651
CVE-2025-24320,CVE-2025-24320-1,2025-02-05,Mastodon,8.0,high,0.00043,enriched,NETWORK,LOW,LOW,REQUIRED,UNCHANGED,HIGH,HIGH,HIGH,1,1,Mastodon,2025-02-05,2025-02-05,1,True,False,8.0,0.00043,3028
CVE-2025-23114,CVE-2025-23114-1,2025-02-05,Mastodon,9.0,critical,0.00043,original,NETWORK,HIGH,NONE,NONE,CHANGED,HIGH,HIGH,HIGH,1,1,Mastodon,2025-02-05,2025-02-05,1,True,False,9.0,0.00043,2905
CVE-2025-25246,CVE-2025-25246-1,2025-02-05,Mastodon,8.1,high,0.00043,original,NETWORK,HIGH,NONE,NONE,UNCHANGED,HIGH,HIGH,HIGH,1,1,Mastodon,2025-02-05,2025-02-05,1,True,False,8.1,0.00043,3141
CVE-2024-56133,CVE-2024-56133-1,2025-02-05,Mastodon,8.4,high,0.00043,enriched,ADJACENT_NETWORK,LOW,HIGH,NONE,CHANGED,HIGH,HIGH,HIGH,1,1,Mastodon,2025-02-05,2025-02-05,1,True,False,8.4,0.00043,2156
CVE-2025-23239,CVE-2025-23239-1,2025-02-05,Mastodon,8.7,high,0.00043,enriched,NETWORK,LOW,HIGH,NONE,CHANGED,HIGH,HIGH,NONE,1,1,Mastodon,2025-02-05,2025-02-05,1,True,False,8.7,0.00043,2924
CVE-2024-56134,CVE-2024-56134-1,2025-02-05,Mastodon,8.4,high,0.00043,enriched,ADJACENT_NETWORK,LOW,HIGH,NONE,CHANGED,HIGH,HIGH,HIGH,1,1,Mastodon,2025-02-05,2025-02-05,1,True,False,8.4,0.00043,2157
CVE-2024-56135,CVE-2024-56135-1,2025-02-05,Mastodon,8.4,high,0.00043,enriched,ADJACENT_NETWORK,LOW,HIGH,NONE,CHANGED,HIGH,HIGH,HIGH,1,1,Mastodon,2025-02-05,2025-02-05,1,True,False,8.4,0.00043,2158
CVE-2024-56132,CVE-2024-56132-1,2025-02-05,Mastodon,8.4,high,0.00043,enriched,ADJACENT_NETWORK,LOW,HIGH,NONE,CHANGED,HIGH,HIGH,HIGH,1,1,Mastodon,2025-02-05,2025-02-05,1,True,False,8.4,0.00043,2155
CVE-2025-1028,CVE-2025-1028-1,2025-02-05,Mastodon,8.1,high,0.00091,original,NETWORK,HIGH,NONE,NONE,UNCHANGED,HIGH,HIGH,HIGH,1,1,Mastodon,2025-02-05,2025-02-05,1,True,False,8.1,0.00091,2533
CVE-2024-56161,CVE-2024-56161-5,2025-02-05,BleepingComputer,7.2,high,0.00043,original,LOCAL,HIGH,HIGH,NONE,CHANGED,HIGH,HIGH,NONE,4,2,"BleepingComputer, Mastodon",2025-02-05,2025-02-07,6,True,False,7.2,0.00043,2159
CVE-2024-56131,CVE-2024-56131-1,2025-02-05,Mastodon,8.4,high,0.00043,enriched,ADJACENT_NETWORK,LOW,HIGH,NONE,CHANGED,HIGH,HIGH,HIGH,1,1,Mastodon,2025-02-05,2025-02-05,1,True,False,8.4,0.00043,2154
CVE-2024-45195,CVE-2024-45195-1,2025-02-05,BleepingComputer,7.5,high,0.71149,original,NETWORK,LOW,NONE,NONE,UNCHANGED,HIGH,NONE,NONE,3,2,"BleepingComputer, HackerNews",2025-02-05,2025-05-08,3,True,False,7.5,0.94081,1496
CVE-2025-1022,CVE-2025-1022-1,2025-02-05,Mastodon,8.2,high,0.00045,enriched,NETWORK,LOW,NONE,NONE,UNCHANGED,HIGH,LOW,NONE,1,1,Mastodon,2025-02-05,2025-02-05,1,True,True,8.2,0.00045,2531
CVE-2025-0665,CVE-2025-0665-1,2025-02-05,Mastodon,9.8,critical,0.00045,enriched,NETWORK,LOW,NONE,NONE,UNCHANGED,HIGH,HIGH,HIGH,1,1,Mastodon,2025-02-05,2025-02-05,1,True,False,9.8,0.00045,2482
CVE-2025-20124,CVE-2025-20124-1,2025-02-05,Mastodon,9.9,critical,0.00046,enriched,NETWORK,LOW,LOW,NONE,CHANGED,LOW,HIGH,HIGH,4,2,"BleepingComputer, Mastodon",2025-02-05,2025-02-06,4,True,False,9.9,0.00046,2667
CVE-2018-19410,CVE-2018-19410-1,2025-02-05,BleepingComputer,9.8,critical,0.04906,original,NETWORK,LOW,NONE,NONE,UNCHANGED,HIGH,HIGH,HIGH,2,1,BleepingComputer,2025-02-05,2025-02-05,2,True,False,9.8,0.04906,56
CVE-2018-9276,CVE-2018-9276-1,2025-02-05,BleepingComputer,7.2,high,0.811,original,NETWORK,LOW,HIGH,NONE,UNCHANGED,HIGH,HIGH,HIGH,2,1,BleepingComputer,2025-02-05,2025-02-05,2,True,False,7.2,0.811,68
CVE-2025-1012,CVE-2025-1012-1,2025-02-05,Mastodon,7.5,high,0.00044,original,NETWORK,HIGH,NONE,REQUIRED,UNCHANGED,HIGH,HIGH,HIGH,1,1,Mastodon,2025-02-05,2025-02-05,1,True,False,7.5,0.00044,2530
CVE-2025-20125,CVE-2025-20125-1,2025-02-05,Mastodon,9.1,critical,0.00044,enriched,NETWORK,LOW,LOW,NONE,CHANGED,LOW,LOW,HIGH,4,2,"BleepingComputer, Mastodon",2025-02-05,2025-02-06,4,True,False,9.1,0.00044,2668
CVE-2025-1026,CVE-2025-1026-1,2025-02-05,Mastodon,8.6,high,0.00045,enriched,NETWORK,LOW,NONE,NONE,CHANGED,HIGH,NONE,NONE,1,1,Mastodon,2025-02-05,2025-02-05,1,True,True,8.6,0.00045,2532
CVE-2025-23236,CVE-2025-23236-1,2025-02-06,Mastodon,8.8,high,0.00043,enriched,LOCAL,LOW,LOW,NONE,CHANGED,HIGH,HIGH,HIGH,1,1,Mastodon,2025-02-06,2025-02-06,1,True,False,8.8,0.00043,2923
CVE-2024-48445,CVE-2024-48445-1,2025-02-06,Mastodon,9.8,critical,0.00043,original,NETWORK,LOW,NONE,NONE,UNCHANGED,HIGH,HIGH,HIGH,3,2,"ExploitDB, Mastodon",2025-02-06,2025-04-17,3,True,False,9.8,0.00283,1600
CVE-2025-22992,CVE-2025-22992-1,2025-02-06,Mastodon,9.8,critical,0.00043,enriched,NETWORK,LOW,NONE,NONE,UNCHANGED,HIGH,HIGH,HIGH,1,1,Mastodon,2025-02-06,2025-02-06,1,True,False,9.8,0.00043,2894
CVE-2025-20171,CVE-2025-20171-1,2025-02-06,BleepingComputer,7.7,high,0.00044,original,NETWORK,LOW,LOW,NONE,CHANGED,NONE,NONE,HIGH,2,1,BleepingComputer,2025-02-06,2025-02-06,2,True,False,7.7,0.00044,2682
CVE-2024-51450,CVE-2024-51450-1,2025-02-06,Mastodon,9.1,critical,0.00052,original,NETWORK,LOW,HIGH,NONE,CHANGED,HIGH,HIGH,HIGH,1,1,Mastodon,2025-02-06,2025-02-06,1,True,False,9.1,0.00052,1764
CVE-2022-31764,CVE-2022-31764-1,2025-02-06,Mastodon,8.5,high,0.00043,enriched,NETWORK,HIGH,LOW,NONE,CHANGED,HIGH,HIGH,HIGH,1,1,Mastodon,2025-02-06,2025-02-06,1,True,False,8.5,0.00043,242
CVE-2025-20170,CVE-2025-20170-1,2025-02-06,BleepingComputer,7.7,high,0.00044,original,NETWORK,LOW,LOW,NONE,CHANGED,NONE,NONE,HIGH,2,1,BleepingComputer,2025-02-06,2025-02-06,2,True,False,7.7,0.00044,2681
CVE-2025-20094,CVE-2025-20094-1,2025-02-06,Mastodon,8.8,high,0.00043,enriched,LOCAL,LOW,LOW,NONE,CHANGED,HIGH,HIGH,HIGH,1,1,Mastodon,2025-02-06,2025-02-06,1,True,False,8.8,0.00043,2662
CVE-2024-51547,CVE-2024-51547-1,2025-02-06,Mastodon,9.8,critical,0.00043,original,NETWORK,LOW,NONE,NONE,UNCHANGED,HIGH,HIGH,HIGH,1,1,Mastodon,2025-02-06,2025-02-06,1,True,False,9.8,0.00043,1779
CVE-2025-24981,CVE-2025-24981-1,2025-02-06,Mastodon,9.3,critical,0.00045,enriched,NETWORK,LOW,NONE,NONE,CHANGED,HIGH,NONE,LOW,1,1,Mastodon,2025-02-06,2025-02-06,1,True,True,9.3,0.00045,3105
CVE-2025-20169,CVE-2025-20169-1,2025-02-06,BleepingComputer,7.7,high,0.00044,original,NETWORK,LOW,LOW,NONE,CHANGED,NONE,NONE,HIGH,3,2,"BleepingComputer, Reddit",2025-02-06,2025-05-05,3,True,False,7.7,0.00163,2680
CVE-2024-47258,CVE-2024-47258-1,2025-02-06,Mastodon,8.1,high,0.00043,enriched,ADJACENT_NETWORK,LOW,NONE,NONE,UNCHANGED,HIGH,HIGH,NONE,2,1,Mastodon,2025-02-06,2025-02-07,2,True,False,8.1,0.00043,1567
CVE-2020-36084,CVE-2020-36084-1,2025-02-06,Mastodon,9.8,critical,0.00101,original,NETWORK,LOW,NONE,NONE,UNCHANGED,HIGH,HIGH,HIGH,1,1,Mastodon,2025-02-06,2025-02-06,1,True,False,9.8,0.00101,143
CVE-2025-24787,CVE-2025-24787-1,2025-02-06,Mastodon,8.6,high,0.00043,enriched,NETWORK,LOW,NONE,NONE,CHANGED,HIGH,NONE,NONE,1,1,Mastodon,2025-02-06,2025-02-06,1,True,True,8.6,0.00043,3081
CVE-2025-1066,CVE-2025-1066-1,2025-02-06,Mastodon,9.8,critical,0.00043,original,NETWORK,LOW,NONE,NONE,UNCHANGED,HIGH,HIGH,HIGH,1,1,Mastodon,2025-02-06,2025-02-06,1,True,True,9.8,0.00043,2543
CVE-2024-57077,CVE-2024-57077-1,2025-02-06,Mastodon,9.1,critical,0.00043,original,NETWORK,LOW,NONE,NONE,UNCHANGED,NONE,HIGH,HIGH,1,1,Mastodon,2025-02-06,2025-02-06,1,True,False,9.1,0.00043,2225
CVE-2024-39272,CVE-2024-39272-1,2025-02-06,Mastodon,9.0,critical,0.00043,enriched,NETWORK,LOW,LOW,REQUIRED,CHANGED,HIGH,HIGH,HIGH,1,1,Mastodon,2025-02-06,2025-02-06,1,True,False,9.0,0.00043,1311
CVE-2024-37358,CVE-2024-37358-1,2025-02-06,Mastodon,8.6,high,0.00043,enriched,NETWORK,LOW,NONE,NONE,CHANGED,NONE,NONE,HIGH,1,1,Mastodon,2025-02-06,2025-02-06,1,True,False,8.6,0.00043,1272
CVE-2024-20397,CVE-2024-20397-1,2025-02-06,BleepingComputer,5.2,medium,0.00043,original,PHYSICAL,LOW,NONE,NONE,UNCHANGED,LOW,HIGH,NONE,2,1,BleepingComputer,2025-02-06,2025-02-06,2,True,False,5.2,0.00043,1059
CVE-2024-57430,CVE-2024-57430-1,2025-02-06,Mastodon,9.8,critical,0.00043,enriched,NETWORK,LOW,NONE,NONE,UNCHANGED,HIGH,HIGH,HIGH,1,1,Mastodon,2025-02-06,2025-02-06,1,True,False,9.8,0.00043,2239
CVE-2025-24786,CVE-2025-24786-1,2025-02-06,Mastodon,10.0,critical,0.00045,enriched,NETWORK,LOW,NONE,NONE,CHANGED,HIGH,HIGH,NONE,1,1,Mastodon,2025-02-06,2025-02-06,1,True,True,10.0,0.00045,3080
CVE-2024-21413,CVE-2024-21413-10,2025-02-06,BleepingComputer,9.8,critical,0.00053,original,NETWORK,LOW,NONE,NONE,UNCHANGED,HIGH,HIGH,HIGH,9,3,"BleepingComputer, Mastodon, Reddit",2025-02-06,2025-05-28,11,True,False,9.8,0.93857,1076
CVE-2024-57520,CVE-2024-57520-1,2025-02-06,Mastodon,9.8,critical,0.00043,original,NETWORK,LOW,NONE,NONE,UNCHANGED,HIGH,HIGH,HIGH,1,1,Mastodon,2025-02-06,2025-02-06,1,True,False,9.8,0.00043,2243
CVE-2024-57428,CVE-2024-57428-1,2025-02-06,Mastodon,9.3,critical,0.00043,enriched,NETWORK,LOW,NONE,REQUIRED,CHANGED,HIGH,HIGH,NONE,1,1,Mastodon,2025-02-06,2025-02-06,1,True,False,9.3,0.00043,2237
CVE-2024-57668,CVE-2024-57668-1,2025-02-07,Mastodon,8.8,high,0.00043,original,NETWORK,LOW,LOW,NONE,UNCHANGED,HIGH,HIGH,HIGH,1,1,Mastodon,2025-02-07,2025-02-07,1,True,False,8.8,0.00043,2250
CVE-2025-25101,CVE-2025-25101-1,2025-02-07,Mastodon,9.6,critical,0.00043,enriched,NETWORK,LOW,NONE,REQUIRED,CHANGED,HIGH,HIGH,HIGH,1,1,Mastodon,2025-02-07,2025-02-07,1,True,False,9.6,0.00043,3124
CVE-2025-0994,CVE-2025-0994-1,2025-02-07,BleepingComputer,8.8,high,0.00043,original,NETWORK,LOW,LOW,NONE,UNCHANGED,HIGH,HIGH,HIGH,4,2,"BleepingComputer, Reddit",2025-02-07,2025-05-27,5,True,False,8.8,0.73041,2526
CVE-2024-10383,CVE-2024-10383-1,2025-02-07,Mastodon,8.7,high,0.00043,enriched,NETWORK,LOW,LOW,REQUIRED,CHANGED,HIGH,HIGH,NONE,1,1,Mastodon,2025-02-07,2025-02-07,1,True,False,8.7,0.00043,671
CVE-2025-25106,CVE-2025-25106-1,2025-02-07,Mastodon,9.6,critical,0.00043,enriched,NETWORK,LOW,NONE,REQUIRED,CHANGED,HIGH,HIGH,HIGH,1,1,Mastodon,2025-02-07,2025-02-07,1,True,False,9.6,0.00043,3125
CVE-2025-21342,CVE-2025-21342-1,2025-02-07,Mastodon,8.8,high,0.00091,original,NETWORK,LOW,NONE,REQUIRED,UNCHANGED,HIGH,HIGH,HIGH,2,1,Mastodon,2025-02-07,2025-02-07,2,True,False,8.8,0.00091,2747
CVE-2022-23824,CVE-2022-23824-1,2025-02-07,Mastodon,5.5,medium,0.00059,original,LOCAL,LOW,LOW,NONE,UNCHANGED,HIGH,NONE,NONE,1,1,Mastodon,2025-02-07,2025-02-07,1,False,False,5.5,0.00059,220
CVE-2024-7419,CVE-2024-7419-1,2025-02-07,Mastodon,8.3,high,0.00076,enriched,NETWORK,HIGH,NONE,REQUIRED,CHANGED,HIGH,HIGH,HIGH,1,1,Mastodon,2025-02-07,2025-02-07,1,True,False,8.3,0.00076,2313
CVE-2025-21177,CVE-2025-21177-1,2025-02-07,Mastodon,8.7,high,0.0005,original,NETWORK,LOW,LOW,REQUIRED,CHANGED,HIGH,HIGH,NONE,2,1,Mastodon,2025-02-07,2025-02-07,2,True,False,8.7,0.0005,2708
CVE-2025-25107,CVE-2025-25107-1,2025-02-07,Mastodon,9.6,critical,0.00043,enriched,NETWORK,LOW,NONE,REQUIRED,CHANGED,HIGH,HIGH,HIGH,1,1,Mastodon,2025-02-07,2025-02-07,1,True,False,9.6,0.00043,3126
CVE-2025-25167,CVE-2025-25167-1,2025-02-07,Mastodon,8.2,high,0.00043,enriched,NETWORK,LOW,NONE,NONE,UNCHANGED,NONE,LOW,HIGH,1,1,Mastodon,2025-02-07,2025-02-07,1,True,False,8.2,0.00043,3132
CVE-2025-0674,CVE-2025-0674-1,2025-02-07,Mastodon,9.8,critical,0.00043,original,NETWORK,LOW,NONE,NONE,UNCHANGED,HIGH,HIGH,HIGH,2,1,Mastodon,2025-02-07,2025-02-07,2,True,False,9.8,0.00043,2483
CVE-2025-1107,CVE-2025-1107-1,2025-02-07,Mastodon,9.9,critical,0.00043,enriched,NETWORK,LOW,NONE,NONE,CHANGED,LOW,HIGH,LOW,1,1,Mastodon,2025-02-07,2025-02-07,1,True,False,9.9,0.00043,2552
CVE-2025-1108,CVE-2025-1108-1,2025-02-07,Mastodon,8.6,high,0.00043,enriched,NETWORK,LOW,NONE,NONE,CHANGED,NONE,HIGH,NONE,1,1,Mastodon,2025-02-07,2025-02-07,1,True,False,8.6,0.00043,2553
CVE-2025-1061,CVE-2025-1061-1,2025-02-07,Mastodon,9.8,critical,0.00063,original,NETWORK,LOW,NONE,NONE,UNCHANGED,HIGH,HIGH,HIGH,1,1,Mastodon,2025-02-07,2025-02-07,1,True,False,9.8,0.00063,2542
CVE-2025-25151,CVE-2025-25151-1,2025-02-07,Mastodon,8.5,high,0.00043,enriched,NETWORK,LOW,LOW,NONE,CHANGED,HIGH,NONE,LOW,1,1,Mastodon,2025-02-07,2025-02-07,1,True,False,8.5,0.00043,3131
CVE-2025-0303,CVE-2025-0303-1,2025-02-07,Mastodon,8.8,high,0.00043,enriched,LOCAL,LOW,LOW,NONE,CHANGED,HIGH,HIGH,HIGH,1,1,Mastodon,2025-02-07,2025-02-07,1,True,False,8.8,0.00043,2437
CVE-2025-21408,CVE-2025-21408-1,2025-02-07,Mastodon,8.8,high,0.00091,original,NETWORK,LOW,NONE,REQUIRED,UNCHANGED,HIGH,HIGH,HIGH,2,1,Mastodon,2025-02-07,2025-02-07,2,True,False,8.8,0.00091,2768
CVE-2025-0304,CVE-2025-0304-1,2025-02-07,Mastodon,8.8,high,0.00043,enriched,LOCAL,LOW,LOW,NONE,CHANGED,HIGH,HIGH,HIGH,1,1,Mastodon,2025-02-07,2025-02-07,1,True,False,8.8,0.00043,2438
CVE-2024-57357,CVE-2024-57357-1,2025-02-08,Mastodon,8.0,high,0.00043,original,ADJACENT_NETWORK,LOW,LOW,NONE,UNCHANGED,HIGH,HIGH,HIGH,1,1,Mastodon,2025-02-08,2025-02-08,1,True,False,8.0,0.00043,2233
CVE-2025-0316,CVE-2025-0316-1,2025-02-08,Mastodon,9.8,critical,0.00091,enriched,NETWORK,LOW,NONE,NONE,UNCHANGED,HIGH,HIGH,HIGH,1,1,Mastodon,2025-02-08,2025-02-08,1,True,False,9.8,0.00091,2440
CVE-2024-55215,CVE-2024-55215-1,2025-02-08,Mastodon,9.8,critical,0.00043,original,NETWORK,LOW,NONE,NONE,UNCHANGED,HIGH,HIGH,HIGH,1,1,Mastodon,2025-02-08,2025-02-08,1,True,True,9.8,0.00043,2060
CVE-2024-55214,CVE-2024-55214-1,2025-02-10,Mastodon,6.5,medium,0.00043,original,ADJACENT_NETWORK,LOW,NONE,NONE,UNCHANGED,HIGH,NONE,NONE,1,1,Mastodon,2025-02-10,2025-02-10,1,True,False,6.5,0.00043,2059
CVE-2024-55213,CVE-2024-55213-1,2025-02-10,Mastodon,6.5,medium,0.00043,original,ADJACENT_NETWORK,LOW,NONE,NONE,UNCHANGED,HIGH,NONE,NONE,1,1,Mastodon,2025-02-10,2025-02-10,1,True,False,6.5,0.00043,2058
CVE-2025-24016,CVE-2025-24016-1,2025-02-10,Mastodon,9.9,critical,0.00043,enriched,NETWORK,LOW,LOW,NONE,CHANGED,LOW,HIGH,HIGH,1,1,Mastodon,2025-02-10,2025-02-10,6,True,False,9.9,0.00043,2968
CVE-2025-1193,CVE-2025-1193-1,2025-02-10,Mastodon,8.1,high,0.00043,enriched,NETWORK,LOW,NONE,REQUIRED,UNCHANGED,HIGH,HIGH,NONE,1,1,Mastodon,2025-02-10,2025-02-10,1,True,False,8.1,0.00043,2559
CVE-2024-57707,CVE-2024-57707-1,2025-02-10,Mastodon,9.8,critical,0.00043,original,NETWORK,LOW,NONE,NONE,UNCHANGED,HIGH,HIGH,HIGH,1,1,Mastodon,2025-02-10,2025-02-10,1,True,True,9.8,0.00043,2255
CVE-2024-42512,CVE-2024-42512-1,2025-02-10,Mastodon,8.6,high,0.00043,enriched,NETWORK,LOW,NONE,NONE,UNCHANGED,HIGH,LOW,LOW,1,1,Mastodon,2025-02-10,2025-02-10,1,True,False,8.6,0.00043,1423
CVE-2023-41061,CVE-2023-41061-1,2025-02-10,BleepingComputer,7.8,high,0.00098,original,LOCAL,LOW,NONE,REQUIRED,UNCHANGED,HIGH,HIGH,HIGH,2,1,BleepingComputer,2025-02-10,2025-02-10,2,True,False,7.8,0.00098,525
CVE-2024-13011,CVE-2024-13011-1,2025-02-10,Mastodon,9.8,critical,0.00091,enriched,NETWORK,LOW,NONE,NONE,UNCHANGED,HIGH,HIGH,HIGH,1,1,Mastodon,2025-02-10,2025-02-10,1,True,False,9.8,0.00091,948
CVE-2024-8684,CVE-2024-8684-1,2025-02-10,Mastodon,8.3,high,0.00043,enriched,NETWORK,LOW,LOW,NONE,UNCHANGED,LOW,HIGH,HIGH,1,1,Mastodon,2025-02-10,2025-02-10,1,True,False,8.3,0.00043,2335
CVE-2023-41064,CVE-2023-41064-1,2025-02-10,BleepingComputer,7.8,high,0.00453,original,LOCAL,LOW,NONE,REQUIRED,UNCHANGED,HIGH,HIGH,HIGH,2,1,BleepingComputer,2025-02-10,2025-02-10,2,True,False,7.8,0.00453,526
CVE-2024-46434,CVE-2024-46434-1,2025-02-10,Mastodon,8.8,high,0.00043,enriched,ADJACENT_NETWORK,LOW,NONE,NONE,UNCHANGED,HIGH,HIGH,HIGH,1,1,Mastodon,2025-02-10,2025-02-10,1,True,False,8.8,0.00043,1532
CVE-2025-24200,CVE-2025-24200-10,2025-02-10,BleepingComputer,6.1,medium,0.00043,enriched,PHYSICAL,LOW,NONE,NONE,UNCHANGED,HIGH,HIGH,NONE,14,4,"BleepingComputer, HackerNews, Mastodon, Reddit",2025-02-10,2025-05-02,22,True,False,6.1,0.30283,3014
CVE-2024-11621,CVE-2024-11621-1,2025-02-10,Mastodon,8.8,high,0.00043,enriched,NETWORK,LOW,NONE,REQUIRED,UNCHANGED,HIGH,HIGH,HIGH,1,1,Mastodon,2025-02-10,2025-02-10,1,True,False,8.8,0.00043,782
CVE-2024-46435,CVE-2024-46435-1,2025-02-10,Mastodon,8.0,high,0.00043,enriched,ADJACENT_NETWORK,LOW,LOW,NONE,UNCHANGED,HIGH,HIGH,HIGH,1,1,Mastodon,2025-02-10,2025-02-10,1,True,False,8.0,0.00043,1533
CVE-2024-57249,CVE-2024-57249-1,2025-02-10,Mastodon,6.5,medium,0.00043,original,ADJACENT_NETWORK,LOW,NONE,NONE,UNCHANGED,HIGH,NONE,NONE,1,1,Mastodon,2025-02-10,2025-02-10,1,True,False,6.5,0.00043,2232
CVE-2024-46433,CVE-2024-46433-1,2025-02-10,Mastodon,8.8,high,0.00043,enriched,ADJACENT_NETWORK,LOW,NONE,NONE,UNCHANGED,HIGH,HIGH,HIGH,1,1,Mastodon,2025-02-10,2025-02-10,1,True,False,8.8,0.00043,1531
CVE-2024-46436,CVE-2024-46436-1,2025-02-10,Mastodon,8.3,high,0.00043,enriched,ADJACENT_NETWORK,LOW,NONE,NONE,UNCHANGED,HIGH,HIGH,LOW,1,1,Mastodon,2025-02-10,2025-02-10,1,True,False,8.3,0.00043,1534
CVE-2024-46429,CVE-2024-46429-1,2025-02-10,Mastodon,8.8,high,0.00043,enriched,ADJACENT_NETWORK,LOW,NONE,NONE,UNCHANGED,HIGH,HIGH,HIGH,1,1,Mastodon,2025-02-10,2025-02-10,1,True,False,8.8,0.00043,1528
CVE-2024-46431,CVE-2024-46431-1,2025-02-10,Mastodon,8.0,high,0.00043,enriched,ADJACENT_NETWORK,LOW,LOW,NONE,UNCHANGED,HIGH,HIGH,HIGH,1,1,Mastodon,2025-02-10,2025-02-10,1,True,False,8.0,0.00043,1529
CVE-2024-46432,CVE-2024-46432-1,2025-02-10,Mastodon,8.8,high,0.00043,enriched,ADJACENT_NETWORK,LOW,NONE,NONE,UNCHANGED,HIGH,HIGH,HIGH,1,1,Mastodon,2025-02-10,2025-02-10,1,True,False,8.8,0.00043,1530
CVE-2025-21198,CVE-2025-21198-1,2025-02-11,Mastodon,9.0,critical,0.00043,enriched,ADJACENT_NETWORK,LOW,LOW,NONE,CHANGED,HIGH,HIGH,HIGH,1,1,Mastodon,2025-02-11,2025-02-11,1,True,False,9.0,0.00043,2712
CVE-2025-21190,CVE-2025-21190-1,2025-02-11,Mastodon,8.8,high,0.00091,enriched,NETWORK,LOW,NONE,REQUIRED,UNCHANGED,HIGH,HIGH,HIGH,1,1,Mastodon,2025-02-11,2025-02-11,1,True,False,8.8,0.00091,2710
CVE-2024-13830,CVE-2024-13830-1,2025-02-11,Mastodon,6.1,medium,0.00043,enriched,NETWORK,LOW,NONE,REQUIRED,CHANGED,LOW,LOW,NONE,1,1,Mastodon,2025-02-11,2025-02-11,1,False,False,6.1,0.00043,1036
CVE-2024-13813,CVE-2024-13813-1,2025-02-11,Mastodon,7.1,high,0.00043,enriched,LOCAL,LOW,LOW,NONE,UNCHANGED,NONE,HIGH,HIGH,1,1,Mastodon,2025-02-11,2025-02-11,1,False,False,7.1,0.00043,1034
CVE-2022-26118,CVE-2022-26118-1,2025-02-11,Mastodon,6.7,medium,0.00044,original,LOCAL,LOW,HIGH,NONE,UNCHANGED,HIGH,HIGH,HIGH,1,1,Mastodon,2025-02-11,2025-02-11,1,False,False,6.7,0.00044,227
CVE-2025-24896,CVE-2025-24896-1,2025-02-11,Mastodon,8.1,high,0.00043,enriched,NETWORK,LOW,NONE,REQUIRED,UNCHANGED,HIGH,HIGH,NONE,1,1,Mastodon,2025-02-11,2025-02-11,1,True,True,8.1,0.00043,3094
CVE-2025-24876,CVE-2025-24876-1,2025-02-11,Mastodon,8.1,high,0.00045,original,NETWORK,LOW,NONE,REQUIRED,UNCHANGED,HIGH,HIGH,NONE,1,1,Mastodon,2025-02-11,2025-02-11,1,True,False,8.1,0.00045,3088
CVE-2025-24897,CVE-2025-24897-1,2025-02-11,Mastodon,8.2,high,0.00043,enriched,NETWORK,LOW,NONE,REQUIRED,CHANGED,NONE,HIGH,LOW,1,1,Mastodon,2025-02-11,2025-02-11,1,True,True,8.2,0.00043,3095
CVE-2025-21201,CVE-2025-21201-1,2025-02-11,Mastodon,8.8,high,0.00091,enriched,NETWORK,LOW,NONE,REQUIRED,UNCHANGED,HIGH,HIGH,HIGH,1,1,Mastodon,2025-02-11,2025-02-11,1,True,False,8.8,0.00091,2714
CVE-2024-0179,CVE-2024-0179-1,2025-02-11,Mastodon,8.2,high,0.00043,enriched,LOCAL,LOW,HIGH,NONE,CHANGED,HIGH,HIGH,HIGH,1,1,Mastodon,2025-02-11,2025-02-11,1,True,False,8.2,0.00043,651
CVE-2025-22467,CVE-2025-22467-1,2025-02-11,Mastodon,9.9,critical,0.00043,enriched,NETWORK,LOW,LOW,NONE,CHANGED,HIGH,HIGH,HIGH,2,1,Mastodon,2025-02-11,2025-02-11,2,True,False,9.9,0.00043,2835
CVE-2024-21924,CVE-2024-21924-1,2025-02-11,Mastodon,8.2,high,0.00043,enriched,LOCAL,LOW,HIGH,NONE,CHANGED,HIGH,HIGH,HIGH,1,1,Mastodon,2025-02-11,2025-02-11,1,True,False,8.2,0.00043,1095
CVE-2025-0064,CVE-2025-0064-1,2025-02-11,Mastodon,8.7,high,0.0005,original,NETWORK,LOW,HIGH,NONE,CHANGED,HIGH,HIGH,NONE,1,1,Mastodon,2025-02-11,2025-02-11,1,True,False,8.7,0.0005,2413
CVE-2024-21925,CVE-2024-21925-1,2025-02-11,Mastodon,8.2,high,0.00043,enriched,LOCAL,LOW,HIGH,NONE,CHANGED,HIGH,HIGH,HIGH,1,1,Mastodon,2025-02-11,2025-02-11,1,True,False,8.2,0.00043,1096
CVE-2024-47908,CVE-2024-47908-1,2025-02-11,Mastodon,9.1,critical,0.00043,enriched,NETWORK,LOW,HIGH,NONE,CHANGED,HIGH,HIGH,HIGH,1,1,Mastodon,2025-02-11,2025-02-11,1,True,False,9.1,0.00043,1591
CVE-2025-0180,CVE-2025-0180-1,2025-02-11,Mastodon,9.8,critical,0.00091,enriched,NETWORK,LOW,NONE,NONE,UNCHANGED,HIGH,HIGH,HIGH,1,1,Mastodon,2025-02-11,2025-02-11,1,True,False,9.8,0.00091,2426
CVE-2025-0181,CVE-2025-0181-1,2025-02-11,Mastodon,9.8,critical,0.00091,enriched,NETWORK,LOW,NONE,NONE,UNCHANGED,HIGH,HIGH,HIGH,1,1,Mastodon,2025-02-11,2025-02-11,1,True,False,9.8,0.00091,2427
CVE-2025-26410,CVE-2025-26410-1,2025-02-11,Mastodon,9.8,critical,0.00043,enriched,NETWORK,LOW,NONE,NONE,UNCHANGED,HIGH,HIGH,HIGH,1,1,Mastodon,2025-02-11,2025-02-11,1,True,False,9.8,0.00043,3242
CVE-2025-26411,CVE-2025-26411-1,2025-02-11,Mastodon,8.8,high,0.00043,enriched,NETWORK,LOW,LOW,NONE,UNCHANGED,HIGH,HIGH,HIGH,1,1,Mastodon,2025-02-11,2025-02-11,1,True,False,8.8,0.00043,3243
CVE-2025-21418,CVE-2025-21418-3,2025-02-11,BleepingComputer,7.8,high,0.00144,enriched,LOCAL,LOW,LOW,NONE,UNCHANGED,HIGH,HIGH,HIGH,2,1,BleepingComputer,2025-02-11,2025-02-11,5,True,False,7.8,0.00144,2776
CVE-2025-21410,CVE-2025-21410-1,2025-02-11,Mastodon,8.8,high,0.00091,enriched,NETWORK,LOW,NONE,REQUIRED,UNCHANGED,HIGH,HIGH,HIGH,1,1,Mastodon,2025-02-11,2025-02-11,1,True,False,8.8,0.00091,2770
CVE-2025-25243,CVE-2025-25243-1,2025-02-11,Mastodon,8.6,high,0.00044,original,NETWORK,LOW,NONE,NONE,CHANGED,HIGH,NONE,NONE,1,1,Mastodon,2025-02-11,2025-02-11,1,True,False,8.6,0.00044,3140
CVE-2025-21407,CVE-2025-21407-1,2025-02-11,Mastodon,8.8,high,0.00091,enriched,NETWORK,LOW,NONE,REQUIRED,UNCHANGED,HIGH,HIGH,HIGH,1,1,Mastodon,2025-02-11,2025-02-11,1,True,False,8.8,0.00091,2767
CVE-2025-21200,CVE-2025-21200-1,2025-02-11,Mastodon,8.8,high,0.00091,enriched,NETWORK,LOW,NONE,REQUIRED,UNCHANGED,HIGH,HIGH,HIGH,1,1,Mastodon,2025-02-11,2025-02-11,1,True,False,8.8,0.00091,2713
CVE-2025-21406,CVE-2025-21406-1,2025-02-11,Mastodon,8.8,high,0.00091,enriched,NETWORK,LOW,NONE,REQUIRED,UNCHANGED,HIGH,HIGH,HIGH,1,1,Mastodon,2025-02-11,2025-02-11,1,True,False,8.8,0.00091,2766
CVE-2025-21377,CVE-2025-21377-3,2025-02-11,BleepingComputer,6.5,medium,0.00087,enriched,NETWORK,LOW,NONE,REQUIRED,UNCHANGED,HIGH,NONE,NONE,4,1,BleepingComputer,2025-02-11,2025-03-25,5,True,False,6.5,0.0013,2759
CVE-2025-21376,CVE-2025-21376-1,2025-02-11,Mastodon,8.1,high,0.00091,enriched,NETWORK,HIGH,NONE,NONE,UNCHANGED,HIGH,HIGH,HIGH,1,1,Mastodon,2025-02-11,2025-02-11,2,True,False,8.1,0.00091,2758
CVE-2025-21371,CVE-2025-21371-1,2025-02-11,Mastodon,8.8,high,0.00091,enriched,NETWORK,LOW,NONE,REQUIRED,UNCHANGED,HIGH,HIGH,HIGH,1,1,Mastodon,2025-02-11,2025-02-11,1,True,False,8.8,0.00091,2757
CVE-2025-21369,CVE-2025-21369-1,2025-02-11,Mastodon,8.8,high,0.0005,enriched,NETWORK,LOW,LOW,NONE,UNCHANGED,HIGH,HIGH,HIGH,1,1,Mastodon,2025-02-11,2025-02-11,1,True,False,8.8,0.0005,2755
CVE-2025-21368,CVE-2025-21368-1,2025-02-11,Mastodon,8.8,high,0.0005,enriched,NETWORK,LOW,LOW,NONE,UNCHANGED,HIGH,HIGH,HIGH,1,1,Mastodon,2025-02-11,2025-02-11,1,True,False,8.8,0.0005,2754
CVE-2024-10644,CVE-2024-10644-1,2025-02-11,Mastodon,9.1,critical,0.00043,enriched,NETWORK,LOW,HIGH,NONE,CHANGED,HIGH,HIGH,HIGH,2,1,Mastodon,2025-02-11,2025-02-11,2,True,False,9.1,0.00043,689
CVE-2024-13843,CVE-2024-13843-1,2025-02-11,Mastodon,6.0,medium,0.00043,enriched,LOCAL,LOW,HIGH,NONE,CHANGED,HIGH,NONE,NONE,1,1,Mastodon,2025-02-11,2025-02-11,1,False,False,6.0,0.00043,1038
CVE-2024-13842,CVE-2024-13842-1,2025-02-11,Mastodon,6.0,medium,0.00043,enriched,LOCAL,LOW,HIGH,NONE,CHANGED,HIGH,NONE,NONE,1,1,Mastodon,2025-02-11,2025-02-11,1,False,False,6.0,0.00043,1037
CVE-2024-45386,CVE-2024-45386-1,2025-02-11,Mastodon,8.8,high,0.00091,enriched,NETWORK,LOW,NONE,REQUIRED,UNCHANGED,HIGH,HIGH,HIGH,1,1,Mastodon,2025-02-11,2025-02-11,1,True,False,8.8,0.00091,1503
CVE-2024-38657,CVE-2024-38657-2,2025-02-11,Mastodon,9.1,critical,0.00043,enriched,NETWORK,LOW,HIGH,NONE,CHANGED,HIGH,HIGH,HIGH,2,1,Mastodon,2025-02-11,2025-02-21,2,True,False,9.1,0.00043,1303
CVE-2025-24973,CVE-2025-24973-1,2025-02-11,Mastodon,9.3,critical,0.00043,enriched,LOCAL,LOW,NONE,NONE,CHANGED,HIGH,HIGH,HIGH,1,1,Mastodon,2025-02-11,2025-02-11,1,True,True,9.3,0.00043,3104
CVE-2024-12058,CVE-2024-12058-1,2025-02-11,Mastodon,6.8,medium,0.00043,enriched,NETWORK,LOW,HIGH,NONE,CHANGED,HIGH,NONE,NONE,1,1,Mastodon,2025-02-11,2025-02-11,1,False,False,6.8,0.00043,827
CVE-2025-21208,CVE-2025-21208-1,2025-02-11,Mastodon,8.8,high,0.00091,enriched,NETWORK,LOW,NONE,REQUIRED,UNCHANGED,HIGH,HIGH,HIGH,1,1,Mastodon,2025-02-11,2025-02-11,1,True,False,8.8,0.00091,2717
CVE-2025-24900,CVE-2025-24900-1,2025-02-11,Mastodon,8.6,high,0.00045,enriched,NETWORK,LOW,NONE,NONE,CHANGED,NONE,NONE,HIGH,1,1,Mastodon,2025-02-11,2025-02-11,1,True,True,8.6,0.00045,3096
CVE-2025-21400,CVE-2025-21400-1,2025-02-11,Mastodon,8.0,high,0.0005,enriched,NETWORK,LOW,LOW,REQUIRED,UNCHANGED,HIGH,HIGH,HIGH,1,1,Mastodon,2025-02-11,2025-02-11,2,True,False,8.0,0.0005,2765
CVE-2025-21391,CVE-2025-21391-3,2025-02-11,BleepingComputer,7.1,high,0.01068,enriched,LOCAL,LOW,LOW,NONE,UNCHANGED,NONE,HIGH,HIGH,3,2,"BleepingComputer, Reddit",2025-02-11,2025-05-19,5,True,False,7.1,0.03971,2763
CVE-2025-21194,CVE-2025-21194-1,2025-02-11,BleepingComputer,7.1,high,0.00053,enriched,ADJACENT_NETWORK,HIGH,NONE,REQUIRED,UNCHANGED,HIGH,HIGH,HIGH,2,1,BleepingComputer,2025-02-11,2025-02-11,2,True,False,7.1,0.00053,2711
CVE-2025-1143,CVE-2025-1143-1,2025-02-11,Mastodon,8.4,high,0.00043,original,LOCAL,LOW,NONE,NONE,UNCHANGED,HIGH,HIGH,HIGH,1,1,Mastodon,2025-02-11,2025-02-11,1,True,False,8.4,0.00043,2556
CVE-2025-24411,CVE-2025-24411-1,2025-02-11,Mastodon,8.1,high,0.0005,enriched,NETWORK,LOW,LOW,NONE,UNCHANGED,HIGH,HIGH,NONE,1,1,Mastodon,2025-02-11,2025-02-11,1,True,False,8.1,0.0005,3041
CVE-2025-24415,CVE-2025-24415-1,2025-02-11,Mastodon,8.7,high,0.0005,enriched,NETWORK,LOW,LOW,REQUIRED,CHANGED,HIGH,HIGH,NONE,1,1,Mastodon,2025-02-11,2025-02-11,1,True,False,8.7,0.0005,3045
CVE-2025-1052,CVE-2025-1052-1,2025-02-11,Mastodon,8.8,high,0.00043,enriched,NETWORK,LOW,NONE,REQUIRED,UNCHANGED,HIGH,HIGH,HIGH,1,1,Mastodon,2025-02-11,2025-02-11,1,True,False,8.8,0.00043,2539
CVE-2025-1144,CVE-2025-1144-1,2025-02-11,Mastodon,9.8,critical,0.00043,original,NETWORK,LOW,NONE,NONE,UNCHANGED,HIGH,HIGH,HIGH,1,1,Mastodon,2025-02-11,2025-02-11,1,True,False,9.8,0.00043,2557
CVE-2025-24414,CVE-2025-24414-1,2025-02-11,Mastodon,8.7,high,0.0005,enriched,NETWORK,LOW,LOW,REQUIRED,CHANGED,HIGH,HIGH,NONE,1,1,Mastodon,2025-02-11,2025-02-11,1,True,False,8.7,0.0005,3044
CVE-2025-24418,CVE-2025-24418-1,2025-02-11,Mastodon,8.1,high,0.0005,enriched,NETWORK,LOW,LOW,NONE,UNCHANGED,HIGH,HIGH,NONE,1,1,Mastodon,2025-02-11,2025-02-11,1,True,False,8.1,0.0005,3048
CVE-2025-24434,CVE-2025-24434-1,2025-02-11,Mastodon,9.1,critical,0.00091,enriched,NETWORK,LOW,NONE,NONE,UNCHANGED,HIGH,HIGH,NONE,1,1,Mastodon,2025-02-11,2025-02-11,1,True,False,9.1,0.00091,3049
CVE-2025-24413,CVE-2025-24413-1,2025-02-11,Mastodon,8.7,high,0.0005,enriched,NETWORK,LOW,LOW,REQUIRED,CHANGED,HIGH,HIGH,NONE,1,1,Mastodon,2025-02-11,2025-02-11,1,True,False,8.7,0.0005,3043
CVE-2025-24412,CVE-2025-24412-1,2025-02-11,Mastodon,8.7,high,0.0005,enriched,NETWORK,LOW,LOW,REQUIRED,CHANGED,HIGH,HIGH,NONE,1,1,Mastodon,2025-02-11,2025-02-11,1,True,False,8.7,0.0005,3042
CVE-2025-24417,CVE-2025-24417-1,2025-02-11,Mastodon,8.7,high,0.0005,enriched,NETWORK,LOW,LOW,REQUIRED,CHANGED,HIGH,HIGH,NONE,1,1,Mastodon,2025-02-11,2025-02-11,1,True,False,8.7,0.0005,3047
CVE-2025-24438,CVE-2025-24438-1,2025-02-11,Mastodon,8.7,high,0.0005,enriched,NETWORK,LOW,LOW,REQUIRED,CHANGED,HIGH,HIGH,NONE,1,1,Mastodon,2025-02-11,2025-02-11,1,True,False,8.7,0.0005,3050
CVE-2024-12833,CVE-2024-12833-1,2025-02-11,Mastodon,6.1,medium,0.00043,enriched,NETWORK,LOW,NONE,REQUIRED,CHANGED,LOW,LOW,NONE,1,1,Mastodon,2025-02-11,2025-02-11,1,True,False,6.1,0.00043,924
CVE-2024-12797,CVE-2024-12797-1,2025-02-11,Mastodon,6.3,medium,0.00045,enriched,NETWORK,LOW,NONE,REQUIRED,UNCHANGED,LOW,LOW,LOW,6,2,"HackerNews, Mastodon",2025-02-11,2025-04-28,6,True,True,6.3,0.00159,912
CVE-2024-13643,CVE-2024-13643-1,2025-02-11,Mastodon,8.8,high,0.00056,enriched,NETWORK,LOW,LOW,NONE,UNCHANGED,HIGH,HIGH,HIGH,1,1,Mastodon,2025-02-11,2025-02-11,1,True,False,8.8,0.00056,1004
CVE-2025-1044,CVE-2025-1044-1,2025-02-11,Mastodon,9.8,critical,0.00043,enriched,NETWORK,LOW,NONE,NONE,UNCHANGED,HIGH,HIGH,HIGH,1,1,Mastodon,2025-02-11,2025-02-11,1,True,False,9.8,0.00043,2535
CVE-2025-24410,CVE-2025-24410-1,2025-02-11,Mastodon,8.7,high,0.0005,enriched,NETWORK,LOW,LOW,REQUIRED,CHANGED,HIGH,HIGH,NONE,1,1,Mastodon,2025-02-11,2025-02-11,1,True,False,8.7,0.0005,3040
CVE-2025-24409,CVE-2025-24409-1,2025-02-11,Mastodon,8.2,high,0.00087,enriched,NETWORK,LOW,NONE,NONE,UNCHANGED,HIGH,LOW,NONE,1,1,Mastodon,2025-02-11,2025-02-11,1,True,False,8.2,0.00087,3039
CVE-2025-24472,CVE-2025-24472-2,2025-02-11,BleepingComputer,8.1,high,0.00043,enriched,NETWORK,HIGH,NONE,NONE,UNCHANGED,HIGH,HIGH,HIGH,4,1,BleepingComputer,2025-02-11,2025-03-13,4,True,False,8.1,0.00043,3053
CVE-2025-24416,CVE-2025-24416-1,2025-02-11,Mastodon,8.7,high,0.0005,enriched,NETWORK,LOW,LOW,REQUIRED,CHANGED,HIGH,HIGH,NONE,1,1,Mastodon,2025-02-11,2025-02-11,1,True,False,8.7,0.0005,3046
CVE-2024-11343,CVE-2024-11343-1,2025-02-12,Mastodon,8.3,high,0.00044,enriched,NETWORK,LOW,LOW,NONE,UNCHANGED,HIGH,HIGH,LOW,1,1,Mastodon,2025-02-12,2025-02-12,1,True,False,8.3,0.00044,768
CVE-2025-26345,CVE-2025-26345-1,2025-02-12,Mastodon,9.8,critical,0.00043,enriched,NETWORK,LOW,NONE,NONE,UNCHANGED,HIGH,HIGH,HIGH,1,1,Mastodon,2025-02-12,2025-02-12,1,True,False,9.8,0.00043,3230
CVE-2025-26347,CVE-2025-26347-1,2025-02-12,Mastodon,9.8,critical,0.00043,enriched,NETWORK,LOW,NONE,NONE,UNCHANGED,HIGH,HIGH,HIGH,1,1,Mastodon,2025-02-12,2025-02-12,1,True,False,9.8,0.00043,3231
CVE-2024-13653,CVE-2024-13653-1,2025-02-12,Mastodon,8.8,high,0.0005,original,NETWORK,LOW,LOW,NONE,UNCHANGED,HIGH,HIGH,HIGH,1,1,Mastodon,2025-02-12,2025-02-12,1,True,False,8.8,0.0005,1007
CVE-2025-0376,CVE-2025-0376-1,2025-02-12,Mastodon,8.7,high,0.00043,enriched,NETWORK,LOW,LOW,REQUIRED,CHANGED,HIGH,HIGH,NONE,1,1,Mastodon,2025-02-12,2025-02-12,1,True,False,8.7,0.00043,2446
CVE-2023-31276,CVE-2023-31276-1,2025-02-12,Mastodon,8.2,high,0.00043,enriched,LOCAL,LOW,HIGH,NONE,CHANGED,HIGH,HIGH,HIGH,1,1,Mastodon,2025-02-12,2025-02-12,1,True,False,8.2,0.00043,412
CVE-2024-12213,CVE-2024-12213-1,2025-02-12,Mastodon,9.8,critical,0.00091,enriched,NETWORK,LOW,NONE,NONE,UNCHANGED,HIGH,HIGH,HIGH,1,1,Mastodon,2025-02-12,2025-02-12,1,True,False,9.8,0.00091,849
CVE-2025-26359,CVE-2025-26359-1,2025-02-12,Mastodon,9.8,critical,0.00043,enriched,NETWORK,LOW,NONE,NONE,UNCHANGED,HIGH,HIGH,HIGH,1,1,Mastodon,2025-02-12,2025-02-12,1,True,False,9.8,0.00043,3232
CVE-2025-1146,CVE-2025-1146-1,2025-02-12,Mastodon,8.1,high,0.00043,enriched,NETWORK,HIGH,NONE,NONE,UNCHANGED,HIGH,HIGH,HIGH,1,1,Mastodon,2025-02-12,2025-02-12,1,True,False,8.1,0.00043,2558
CVE-2025-23359,CVE-2025-23359-1,2025-02-12,Mastodon,8.3,high,0.00043,original,NETWORK,HIGH,NONE,REQUIRED,CHANGED,HIGH,HIGH,HIGH,1,1,Mastodon,2025-02-12,2025-02-12,4,True,False,8.3,0.00043,2928
CVE-2024-13656,CVE-2024-13656-1,2025-02-12,Mastodon,8.1,high,0.00046,original,NETWORK,LOW,LOW,NONE,UNCHANGED,NONE,HIGH,HIGH,1,1,Mastodon,2025-02-12,2025-02-12,1,True,False,8.1,0.00046,1010
CVE-2025-26344,CVE-2025-26344-1,2025-02-12,Mastodon,9.8,critical,0.00043,enriched,NETWORK,LOW,NONE,NONE,UNCHANGED,HIGH,HIGH,HIGH,1,1,Mastodon,2025-02-12,2025-02-12,1,True,False,9.8,0.00043,3229
CVE-2025-1244,CVE-2025-1244-2,2025-02-12,Mastodon,8.8,high,0.0009,enriched,NETWORK,LOW,NONE,REQUIRED,UNCHANGED,HIGH,HIGH,HIGH,2,1,Mastodon,2025-02-12,2025-02-28,2,True,False,8.8,0.0009,2562
CVE-2025-26343,CVE-2025-26343-1,2025-02-12,Mastodon,8.1,high,0.00043,enriched,NETWORK,HIGH,NONE,NONE,UNCHANGED,HIGH,HIGH,HIGH,1,1,Mastodon,2025-02-12,2025-02-12,1,True,False,8.1,0.00043,3228
CVE-2022-47945,CVE-2022-47945-3,2025-02-12,BleepingComputer,9.8,critical,0.0709,original,NETWORK,LOW,NONE,NONE,UNCHANGED,HIGH,HIGH,HIGH,2,1,BleepingComputer,2025-02-12,2025-02-12,4,True,True,9.8,0.0709,307
CVE-2025-26342,CVE-2025-26342-1,2025-02-12,Mastodon,9.8,critical,0.00043,enriched,NETWORK,LOW,NONE,NONE,UNCHANGED,HIGH,HIGH,HIGH,1,1,Mastodon,2025-02-12,2025-02-12,1,True,False,9.8,0.00043,3227
CVE-2025-26341,CVE-2025-26341-1,2025-02-12,Mastodon,9.8,critical,0.00043,enriched,NETWORK,LOW,NONE,NONE,UNCHANGED,HIGH,HIGH,HIGH,1,1,Mastodon,2025-02-12,2025-02-12,1,True,False,9.8,0.00043,3226
CVE-2025-26340,CVE-2025-26340-1,2025-02-12,Mastodon,8.8,high,0.00043,enriched,NETWORK,LOW,NONE,REQUIRED,UNCHANGED,HIGH,HIGH,HIGH,1,1,Mastodon,2025-02-12,2025-02-12,1,True,False,8.8,0.00043,3225
CVE-2024-13654,CVE-2024-13654-1,2025-02-12,Mastodon,8.1,high,0.00046,original,NETWORK,LOW,LOW,NONE,UNCHANGED,NONE,HIGH,HIGH,1,1,Mastodon,2025-02-12,2025-02-12,1,True,False,8.1,0.00046,1008
CVE-2025-1100,CVE-2025-1100-1,2025-02-12,Mastodon,9.8,critical,0.00043,enriched,NETWORK,LOW,NONE,NONE,UNCHANGED,HIGH,HIGH,HIGH,1,1,Mastodon,2025-02-12,2025-02-12,1,True,False,9.8,0.00043,2551
CVE-2024-13421,CVE-2024-13421-1,2025-02-12,Mastodon,9.8,critical,0.00063,original,NETWORK,LOW,NONE,NONE,UNCHANGED,HIGH,HIGH,HIGH,1,1,Mastodon,2025-02-12,2025-02-12,1,True,False,9.8,0.00063,994
CVE-2024-12386,CVE-2024-12386-1,2025-02-12,Mastodon,8.1,high,0.00051,enriched,NETWORK,LOW,NONE,REQUIRED,UNCHANGED,NONE,HIGH,HIGH,1,1,Mastodon,2025-02-12,2025-02-12,1,True,False,8.1,0.00051,872
CVE-2022-31631,CVE-2022-31631-1,2025-02-12,Mastodon,9.1,critical,0.00043,enriched,NETWORK,LOW,NONE,NONE,UNCHANGED,HIGH,HIGH,NONE,1,1,Mastodon,2025-02-12,2025-02-12,1,True,False,9.1,0.00043,241
CVE-2024-13800,CVE-2024-13800-1,2025-02-12,Mastodon,8.1,high,0.00046,original,NETWORK,LOW,LOW,NONE,UNCHANGED,NONE,HIGH,HIGH,1,1,Mastodon,2025-02-12,2025-02-12,1,True,False,8.1,0.00046,1030
CVE-2023-43758,CVE-2023-43758-1,2025-02-12,Mastodon,8.2,high,0.00043,enriched,LOCAL,LOW,HIGH,NONE,CHANGED,HIGH,HIGH,HIGH,1,1,Mastodon,2025-02-12,2025-02-12,1,True,False,8.2,0.00043,555
CVE-2023-49103,CVE-2023-49103-10,2025-02-12,BleepingComputer,10.0,critical,0.90886,original,NETWORK,LOW,NONE,NONE,CHANGED,HIGH,HIGH,HIGH,6,2,"BleepingComputer, HackerNews",2025-02-12,2025-04-28,10,True,False,10.0,0.94366,606
CVE-2025-26378,CVE-2025-26378-1,2025-02-12,Mastodon,8.8,high,0.00043,enriched,NETWORK,LOW,LOW,NONE,UNCHANGED,HIGH,HIGH,HIGH,1,1,Mastodon,2025-02-12,2025-02-12,1,True,False,8.8,0.00043,3240
CVE-2024-12296,CVE-2024-12296-1,2025-02-12,Mastodon,8.8,high,0.0005,enriched,NETWORK,LOW,LOW,NONE,UNCHANGED,HIGH,HIGH,HIGH,1,1,Mastodon,2025-02-12,2025-02-12,1,True,False,8.8,0.0005,860
CVE-2025-26377,CVE-2025-26377-1,2025-02-12,Mastodon,8.1,high,0.00043,enriched,NETWORK,LOW,LOW,NONE,UNCHANGED,NONE,HIGH,HIGH,1,1,Mastodon,2025-02-12,2025-02-12,1,True,False,8.1,0.00043,3239
CVE-2024-13365,CVE-2024-13365-1,2025-02-12,Mastodon,9.8,critical,0.00043,enriched,NETWORK,LOW,NONE,NONE,UNCHANGED,HIGH,HIGH,HIGH,1,1,Mastodon,2025-02-12,2025-02-12,1,True,False,9.8,0.00043,987
CVE-2025-25205,CVE-2025-25205-1,2025-02-12,Mastodon,8.2,high,0.00045,enriched,NETWORK,LOW,NONE,NONE,UNCHANGED,LOW,NONE,HIGH,1,1,Mastodon,2025-02-12,2025-02-12,1,True,True,8.2,0.00045,3135
CVE-2025-25203,CVE-2025-25203-1,2025-02-12,Mastodon,8.1,high,0.00043,original,NETWORK,LOW,LOW,NONE,UNCHANGED,HIGH,HIGH,NONE,1,1,Mastodon,2025-02-12,2025-02-12,1,True,True,8.1,0.00043,3134
CVE-2024-13714,CVE-2024-13714-1,2025-02-12,Mastodon,8.8,high,0.0005,enriched,NETWORK,LOW,LOW,NONE,UNCHANGED,HIGH,HIGH,HIGH,1,1,Mastodon,2025-02-12,2025-02-12,1,True,False,8.8,0.0005,1015
CVE-2024-37355,CVE-2024-37355-1,2025-02-12,Mastodon,8.8,high,0.00043,enriched,LOCAL,LOW,LOW,NONE,CHANGED,HIGH,HIGH,HIGH,1,1,Mastodon,2025-02-12,2025-02-12,1,True,False,8.8,0.00043,1271
CVE-2025-26371,CVE-2025-26371-1,2025-02-12,Mastodon,8.8,high,0.00043,enriched,NETWORK,LOW,LOW,NONE,UNCHANGED,HIGH,HIGH,HIGH,1,1,Mastodon,2025-02-12,2025-02-12,1,True,False,8.8,0.00043,3237
CVE-2024-10960,CVE-2024-10960-1,2025-02-12,Mastodon,9.9,critical,0.0005,enriched,NETWORK,LOW,LOW,NONE,CHANGED,HIGH,HIGH,HIGH,1,1,Mastodon,2025-02-12,2025-02-12,1,True,False,9.9,0.0005,714
CVE-2025-26369,CVE-2025-26369-1,2025-02-12,Mastodon,8.8,high,0.00043,enriched,NETWORK,LOW,LOW,NONE,UNCHANGED,HIGH,HIGH,HIGH,1,1,Mastodon,2025-02-12,2025-02-12,1,True,False,8.8,0.00043,3236
CVE-2025-26368,CVE-2025-26368-1,2025-02-12,Mastodon,8.1,high,0.00043,enriched,NETWORK,LOW,LOW,NONE,UNCHANGED,NONE,HIGH,HIGH,1,1,Mastodon,2025-02-12,2025-02-12,1,True,False,8.1,0.00043,3235
CVE-2025-26361,CVE-2025-26361-1,2025-02-12,Mastodon,9.1,critical,0.00043,enriched,NETWORK,LOW,NONE,NONE,UNCHANGED,NONE,HIGH,HIGH,1,1,Mastodon,2025-02-12,2025-02-12,1,True,False,9.1,0.00043,3234
CVE-2025-25182,CVE-2025-25182-1,2025-02-12,Mastodon,9.4,critical,0.00043,enriched,NETWORK,LOW,NONE,NONE,UNCHANGED,HIGH,HIGH,LOW,1,1,Mastodon,2025-02-12,2025-02-12,1,True,True,9.4,0.00043,3133
CVE-2025-0556,CVE-2025-0556-1,2025-02-12,Mastodon,8.8,high,0.00043,enriched,NETWORK,LOW,NONE,REQUIRED,UNCHANGED,HIGH,HIGH,HIGH,1,1,Mastodon,2025-02-12,2025-02-12,1,True,False,8.8,0.00043,2464
CVE-2024-38310,CVE-2024-38310-1,2025-02-12,Mastodon,8.2,high,0.00043,enriched,LOCAL,LOW,LOW,REQUIRED,CHANGED,HIGH,HIGH,HIGH,1,1,Mastodon,2025-02-12,2025-02-12,1,True,False,8.2,0.00043,1294
CVE-2025-26375,CVE-2025-26375-1,2025-02-12,Mastodon,8.8,high,0.00043,enriched,NETWORK,LOW,LOW,NONE,UNCHANGED,HIGH,HIGH,HIGH,1,1,Mastodon,2025-02-12,2025-02-12,1,True,False,8.8,0.00043,3238
CVE-2025-26339,CVE-2025-26339-1,2025-02-12,Mastodon,9.8,critical,0.00043,enriched,NETWORK,LOW,NONE,NONE,UNCHANGED,HIGH,HIGH,HIGH,1,1,Mastodon,2025-02-12,2025-02-12,1,True,False,9.8,0.00043,3224
CVE-2025-25067,CVE-2025-25067-1,2025-02-13,Mastodon,9.8,critical,0.00046,enriched,NETWORK,LOW,NONE,NONE,UNCHANGED,HIGH,HIGH,HIGH,1,1,Mastodon,2025-02-13,2025-02-13,1,True,False,9.8,0.00046,3122
CVE-2025-26511,CVE-2025-26511-1,2025-02-13,Mastodon,8.8,high,0.00043,enriched,NETWORK,LOW,LOW,NONE,UNCHANGED,HIGH,HIGH,HIGH,1,1,Mastodon,2025-02-13,2025-02-13,1,True,True,8.8,0.00043,3246
CVE-2024-7102,CVE-2024-7102-1,2025-02-13,Mastodon,9.6,critical,0.00043,original,NETWORK,LOW,LOW,NONE,CHANGED,HIGH,HIGH,NONE,1,1,Mastodon,2025-02-13,2025-02-13,1,True,False,9.6,0.00043,2306
CVE-2025-1283,CVE-2025-1283-1,2025-02-13,Mastodon,9.8,critical,0.00043,enriched,NETWORK,LOW,NONE,NONE,UNCHANGED,HIGH,HIGH,HIGH,1,1,Mastodon,2025-02-13,2025-02-13,1,True,False,9.8,0.00043,2571
CVE-2025-1270,CVE-2025-1270-1,2025-02-13,Mastodon,9.1,critical,0.00043,enriched,NETWORK,LOW,LOW,NONE,CHANGED,HIGH,LOW,LOW,1,1,Mastodon,2025-02-13,2025-02-13,1,True,False,9.1,0.00043,2567
CVE-2025-1247,CVE-2025-1247-1,2025-02-13,Mastodon,8.3,high,0.0005,enriched,NETWORK,LOW,LOW,NONE,UNCHANGED,HIGH,HIGH,LOW,1,1,Mastodon,2025-02-13,2025-02-13,1,True,False,8.3,0.0005,2563
CVE-2025-24903,CVE-2025-24903-1,2025-02-13,Mastodon,8.5,high,0.00043,enriched,NETWORK,LOW,LOW,NONE,CHANGED,LOW,HIGH,NONE,1,1,Mastodon,2025-02-13,2025-02-13,1,True,True,8.5,0.00043,3097
CVE-2025-25388,CVE-2025-25388-1,2025-02-13,Mastodon,9.8,critical,0.00043,enriched,NETWORK,LOW,NONE,NONE,UNCHANGED,HIGH,HIGH,HIGH,1,1,Mastodon,2025-02-13,2025-02-13,1,True,True,9.8,0.00043,3154
CVE-2024-13770,CVE-2024-13770-1,2025-02-13,Mastodon,8.1,high,0.00071,original,NETWORK,HIGH,NONE,NONE,UNCHANGED,HIGH,HIGH,HIGH,1,1,Mastodon,2025-02-13,2025-02-13,1,True,False,8.1,0.00071,1022
CVE-2025-1127,CVE-2025-1127-1,2025-02-13,Mastodon,9.1,critical,0.00044,enriched,NETWORK,LOW,HIGH,NONE,CHANGED,HIGH,HIGH,HIGH,1,1,Mastodon,2025-02-13,2025-02-13,1,True,False,9.1,0.00044,2554
CVE-2024-10763,CVE-2024-10763-1,2025-02-13,Mastodon,9.8,critical,0.00091,original,NETWORK,LOW,NONE,NONE,UNCHANGED,HIGH,HIGH,HIGH,1,1,Mastodon,2025-02-13,2025-02-13,1,True,False,9.8,0.00091,692
CVE-2025-1070,CVE-2025-1070-1,2025-02-13,Mastodon,8.1,high,0.00043,enriched,NETWORK,LOW,LOW,NONE,UNCHANGED,NONE,HIGH,HIGH,1,1,Mastodon,2025-02-13,2025-02-13,1,True,False,8.1,0.00043,2544
CVE-2025-1058,CVE-2025-1058-1,2025-02-13,Mastodon,8.1,high,0.00043,enriched,NETWORK,LOW,LOW,NONE,UNCHANGED,NONE,HIGH,HIGH,1,1,Mastodon,2025-02-13,2025-02-13,1,True,False,8.1,0.00043,2541
CVE-2024-13182,CVE-2024-13182-1,2025-02-13,Mastodon,9.8,critical,0.00091,enriched,NETWORK,LOW,NONE,NONE,UNCHANGED,HIGH,HIGH,HIGH,1,1,Mastodon,2025-02-13,2025-02-13,1,True,False,9.8,0.00091,966
CVE-2025-24904,CVE-2025-24904-1,2025-02-13,Mastodon,8.5,high,0.00043,enriched,NETWORK,LOW,LOW,NONE,CHANGED,LOW,HIGH,NONE,1,1,Mastodon,2025-02-13,2025-02-13,1,True,True,8.5,0.00043,3098
CVE-2025-0896,CVE-2025-0896-1,2025-02-13,Mastodon,9.8,critical,0.00043,original,NETWORK,LOW,NONE,NONE,UNCHANGED,HIGH,HIGH,HIGH,1,1,Mastodon,2025-02-13,2025-02-13,1,True,False,9.8,0.00043,2517
CVE-2025-24865,CVE-2025-24865-1,2025-02-13,Mastodon,10.0,critical,0.00045,enriched,NETWORK,LOW,NONE,NONE,CHANGED,HIGH,HIGH,HIGH,1,1,Mastodon,2025-02-13,2025-02-13,1,True,False,10.0,0.00045,3087
CVE-2025-25286,CVE-2025-25286-1,2025-02-13,Mastodon,9.8,critical,0.00043,original,NETWORK,LOW,NONE,NONE,UNCHANGED,HIGH,HIGH,HIGH,1,1,Mastodon,2025-02-13,2025-02-13,1,True,True,9.8,0.00043,3147
CVE-2025-22896,CVE-2025-22896-1,2025-02-13,Mastodon,8.6,high,0.00045,enriched,NETWORK,LOW,NONE,NONE,CHANGED,HIGH,NONE,NONE,1,1,Mastodon,2025-02-13,2025-02-13,1,True,False,8.6,0.00045,2878
CVE-2024-34520,CVE-2024-34520-1,2025-02-13,Mastodon,8.8,high,0.00043,original,NETWORK,LOW,LOW,NONE,UNCHANGED,HIGH,HIGH,HIGH,1,1,Mastodon,2025-02-13,2025-02-13,1,True,False,8.8,0.00043,1230
CVE-2025-24888,CVE-2025-24888-1,2025-02-13,Mastodon,8.1,high,0.00044,enriched,NETWORK,HIGH,NONE,NONE,UNCHANGED,HIGH,HIGH,HIGH,1,1,Mastodon,2025-02-13,2025-02-13,1,True,True,8.1,0.00044,3089
CVE-2025-1094,CVE-2025-1094-1,2025-02-13,Mastodon,8.1,high,0.00043,enriched,NETWORK,HIGH,NONE,NONE,UNCHANGED,HIGH,HIGH,HIGH,5,3,"BleepingComputer, Mastodon, Reddit",2025-02-13,2025-05-03,8,True,False,8.1,0.84403,2547
CVE-2025-0867,CVE-2025-0867-1,2025-02-14,Mastodon,9.9,critical,0.00044,enriched,NETWORK,LOW,LOW,NONE,CHANGED,HIGH,HIGH,HIGH,1,1,Mastodon,2025-02-14,2025-02-14,1,True,False,9.9,0.00044,2515
CVE-2024-12651,CVE-2024-12651-1,2025-02-14,Mastodon,8.5,high,0.00049,enriched,NETWORK,LOW,LOW,NONE,CHANGED,HIGH,LOW,NONE,1,1,Mastodon,2025-02-14,2025-02-14,1,True,False,8.5,0.00049,898
CVE-2025-25206,CVE-2025-25206-1,2025-02-14,Mastodon,8.3,high,0.00043,enriched,NETWORK,LOW,LOW,NONE,UNCHANGED,HIGH,HIGH,LOW,1,1,Mastodon,2025-02-14,2025-02-14,1,True,False,8.3,0.00043,3136
CVE-2025-26519,CVE-2025-26519-1,2025-02-14,Mastodon,8.1,high,0.00045,original,LOCAL,HIGH,NONE,NONE,CHANGED,HIGH,HIGH,LOW,1,1,Mastodon,2025-02-14,2025-02-14,1,True,False,8.1,0.00045,3248
CVE-2025-25389,CVE-2025-25389-1,2025-02-14,Mastodon,9.8,critical,0.00043,original,NETWORK,LOW,NONE,NONE,UNCHANGED,HIGH,HIGH,HIGH,1,1,Mastodon,2025-02-14,2025-02-14,1,True,True,9.8,0.00043,3155
CVE-2023-20198,CVE-2023-20198-10,2025-02-14,BleepingComputer,10.0,critical,0.87699,original,NETWORK,LOW,NONE,NONE,CHANGED,HIGH,HIGH,HIGH,10,4,"BleepingComputer, HackerNews, Mastodon, Reddit",2025-02-14,2025-05-09,11,True,False,10.0,0.94349,332
CVE-2025-25745,CVE-2025-25745-1,2025-02-14,Mastodon,8.8,high,0.00043,enriched,NETWORK,LOW,NONE,REQUIRED,UNCHANGED,HIGH,HIGH,HIGH,1,1,Mastodon,2025-02-14,2025-02-14,1,True,False,8.8,0.00043,3185
CVE-2024-13152,CVE-2024-13152-1,2025-02-14,Mastodon,10.0,critical,0.00091,enriched,NETWORK,LOW,NONE,NONE,CHANGED,HIGH,HIGH,HIGH,1,1,Mastodon,2025-02-14,2025-02-14,1,True,False,10.0,0.00091,961
CVE-2025-26788,CVE-2025-26788-1,2025-02-14,Mastodon,8.4,high,0.00043,enriched,NETWORK,HIGH,LOW,NONE,CHANGED,HIGH,HIGH,LOW,1,1,Mastodon,2025-02-14,2025-02-14,1,True,False,8.4,0.00043,3282
CVE-2025-22630,CVE-2025-22630-1,2025-02-14,Mastodon,9.9,critical,0.00043,enriched,NETWORK,LOW,LOW,NONE,CHANGED,HIGH,HIGH,HIGH,1,1,Mastodon,2025-02-14,2025-02-14,1,True,False,9.9,0.00043,2858
CVE-2025-26156,CVE-2025-26156-1,2025-02-14,Mastodon,8.8,high,0.00043,enriched,NETWORK,LOW,LOW,NONE,UNCHANGED,HIGH,HIGH,HIGH,1,1,Mastodon,2025-02-14,2025-02-14,1,True,True,8.8,0.00043,3210
CVE-2025-0108,CVE-2025-0108-15,2025-02-14,BleepingComputer,9.1,critical,0.00043,original,NETWORK,LOW,NONE,NONE,UNCHANGED,HIGH,HIGH,NONE,9,3,"BleepingComputer, HackerNews, Reddit",2025-02-14,2025-04-21,15,True,False,9.1,0.95537,2418
CVE-2025-25297,CVE-2025-25297-1,2025-02-14,Mastodon,8.6,high,0.00043,enriched,NETWORK,LOW,NONE,NONE,CHANGED,HIGH,NONE,NONE,1,1,Mastodon,2025-02-14,2025-02-14,1,True,True,8.6,0.00043,3148
CVE-2025-0593,CVE-2025-0593-1,2025-02-14,Mastodon,8.8,high,0.00044,enriched,NETWORK,LOW,LOW,NONE,UNCHANGED,HIGH,HIGH,HIGH,1,1,Mastodon,2025-02-14,2025-02-14,1,True,False,8.8,0.00044,2471
CVE-2023-34399,CVE-2023-34399-1,2025-02-14,Mastodon,9.8,critical,0.00043,original,NETWORK,LOW,NONE,NONE,UNCHANGED,HIGH,HIGH,HIGH,1,1,Mastodon,2025-02-14,2025-02-14,1,True,False,9.8,0.00043,456
CVE-2025-0592,CVE-2025-0592-1,2025-02-14,Mastodon,8.8,high,0.00044,enriched,NETWORK,LOW,LOW,NONE,UNCHANGED,HIGH,HIGH,HIGH,1,1,Mastodon,2025-02-14,2025-02-14,1,True,False,8.8,0.00044,2470
CVE-2023-20273,CVE-2023-20273-1,2025-02-14,BleepingComputer,7.2,high,0.05724,original,NETWORK,LOW,HIGH,NONE,UNCHANGED,HIGH,HIGH,HIGH,5,3,"BleepingComputer, HackerNews, Reddit",2025-02-14,2025-05-09,5,True,False,7.2,0.92717,333
CVE-2024-12562,CVE-2024-12562-1,2025-02-15,Mastodon,9.8,critical,0.00071,enriched,NETWORK,LOW,NONE,NONE,UNCHANGED,HIGH,HIGH,HIGH,1,1,Mastodon,2025-02-15,2025-02-15,1,True,False,9.8,0.00071,884
CVE-2024-13513,CVE-2024-13513-1,2025-02-15,Mastodon,9.8,critical,0.00063,enriched,NETWORK,LOW,NONE,NONE,UNCHANGED,HIGH,HIGH,HIGH,1,1,Mastodon,2025-02-15,2025-02-15,1,True,False,9.8,0.00063,999
CVE-2025-1302,CVE-2025-1302-1,2025-02-15,Mastodon,9.8,critical,0.00045,enriched,NETWORK,LOW,NONE,NONE,UNCHANGED,HIGH,HIGH,HIGH,1,1,Mastodon,2025-02-15,2025-02-15,1,True,True,9.8,0.00045,2576
CVE-2025-26819,CVE-2025-26819-1,2025-02-15,Mastodon,8.6,high,0.00043,original,NETWORK,LOW,NONE,NONE,CHANGED,NONE,NONE,HIGH,1,1,Mastodon,2025-02-15,2025-02-15,1,True,True,8.6,0.00043,3287
CVE-2025-1340,CVE-2025-1340-1,2025-02-16,Mastodon,8.8,high,0.00114,enriched,NETWORK,LOW,LOW,NONE,UNCHANGED,HIGH,HIGH,HIGH,1,1,Mastodon,2025-02-16,2025-02-16,1,True,True,8.8,0.00114,2584
CVE-2024-57971,CVE-2024-57971-1,2025-02-16,Mastodon,9.1,critical,0.00045,original,NETWORK,LOW,HIGH,NONE,CHANGED,HIGH,HIGH,HIGH,1,1,Mastodon,2025-02-16,2025-02-16,1,True,True,9.1,0.00045,2268
CVE-2025-1387,CVE-2025-1387-1,2025-02-17,Mastodon,9.8,critical,0.00091,original,NETWORK,LOW,NONE,NONE,UNCHANGED,HIGH,HIGH,HIGH,1,1,Mastodon,2025-02-17,2025-02-17,1,True,False,9.8,0.00091,2585
CVE-2025-1388,CVE-2025-1388-1,2025-02-17,Mastodon,8.8,high,0.0005,original,NETWORK,LOW,LOW,NONE,UNCHANGED,HIGH,HIGH,HIGH,1,1,Mastodon,2025-02-17,2025-02-17,1,True,False,8.8,0.0005,2586
CVE-2025-1389,CVE-2025-1389-1,2025-02-17,Mastodon,8.8,high,0.0005,original,NETWORK,LOW,LOW,NONE,UNCHANGED,HIGH,HIGH,HIGH,1,1,Mastodon,2025-02-17,2025-02-17,1,True,False,8.8,0.0005,2587
CVE-2025-22290,CVE-2025-22290-1,2025-02-17,Mastodon,9.3,critical,0.00043,original,NETWORK,LOW,NONE,NONE,CHANGED,HIGH,NONE,LOW,1,1,Mastodon,2025-02-17,2025-02-17,1,True,False,9.3,0.00043,2820
CVE-2025-26465,CVE-2025-26465-11,2025-02-18,BleepingComputer,6.8,medium,0.00043,enriched,NETWORK,HIGH,NONE,REQUIRED,UNCHANGED,HIGH,HIGH,NONE,8,3,"BleepingComputer, HackerNews, Mastodon",2025-02-18,2025-04-10,11,True,False,6.8,0.18927,3244
CVE-2024-12860,CVE-2024-12860-1,2025-02-18,Mastodon,9.8,critical,0.00091,enriched,NETWORK,LOW,NONE,NONE,UNCHANGED,HIGH,HIGH,HIGH,1,1,Mastodon,2025-02-18,2025-02-18,1,True,False,9.8,0.00091,934
CVE-2024-13556,CVE-2024-13556-1,2025-02-18,Mastodon,8.1,high,0.00091,enriched,NETWORK,HIGH,NONE,NONE,UNCHANGED,HIGH,HIGH,HIGH,1,1,Mastodon,2025-02-18,2025-02-18,1,True,False,8.1,0.00091,1002
CVE-2024-13315,CVE-2024-13315-1,2025-02-18,Mastodon,8.8,high,0.00055,enriched,NETWORK,LOW,NONE,REQUIRED,UNCHANGED,HIGH,HIGH,HIGH,1,1,Mastodon,2025-02-18,2025-02-18,1,True,False,8.8,0.00055,983
CVE-2024-13677,CVE-2024-13677-1,2025-02-18,Mastodon,8.8,high,0.00043,original,NETWORK,LOW,LOW,NONE,UNCHANGED,HIGH,HIGH,HIGH,1,1,Mastodon,2025-02-18,2025-02-18,1,True,False,8.8,0.00043,1011
CVE-2024-13684,CVE-2024-13684-1,2025-02-18,Mastodon,8.1,high,0.00043,original,NETWORK,LOW,NONE,REQUIRED,UNCHANGED,NONE,HIGH,HIGH,1,1,Mastodon,2025-02-18,2025-02-18,1,True,False,8.1,0.00043,1012
CVE-2024-39327,CVE-2024-39327-1,2025-02-18,Mastodon,9.9,critical,0.00043,enriched,NETWORK,LOW,LOW,NONE,CHANGED,HIGH,HIGH,HIGH,1,1,Mastodon,2025-02-18,2025-02-18,1,True,False,9.9,0.00043,1313
CVE-2024-2973,CVE-2024-2973-1,2025-02-18,BleepingComputer,10.0,critical,0.00043,original,NETWORK,LOW,NONE,NONE,CHANGED,HIGH,HIGH,HIGH,2,1,BleepingComputer,2025-02-18,2025-02-18,2,True,False,10.0,0.00043,1192
CVE-2025-22639,CVE-2025-22639-1,2025-02-18,Mastodon,8.5,high,0.00043,enriched,NETWORK,LOW,LOW,NONE,CHANGED,HIGH,NONE,LOW,1,1,Mastodon,2025-02-18,2025-02-18,1,True,False,8.5,0.00043,2859
CVE-2025-22663,CVE-2025-22663-1,2025-02-18,Mastodon,8.6,high,0.00044,enriched,NETWORK,LOW,NONE,NONE,CHANGED,NONE,NONE,HIGH,1,1,Mastodon,2025-02-18,2025-02-18,1,True,False,8.6,0.00044,2863
CVE-2025-1240,CVE-2025-1240-1,2025-02-18,Mastodon,7.8,high,0.00043,original,LOCAL,LOW,NONE,REQUIRED,UNCHANGED,HIGH,HIGH,HIGH,1,1,Mastodon,2025-02-18,2025-02-18,1,True,False,7.8,0.00043,2561
CVE-2025-22656,CVE-2025-22656-1,2025-02-18,Mastodon,8.1,high,0.00043,enriched,NETWORK,HIGH,NONE,NONE,UNCHANGED,HIGH,HIGH,HIGH,1,1,Mastodon,2025-02-18,2025-02-18,1,True,False,8.1,0.00043,2861
CVE-2025-22654,CVE-2025-22654-1,2025-02-18,Mastodon,10.0,critical,0.00043,enriched,NETWORK,LOW,NONE,NONE,CHANGED,HIGH,HIGH,HIGH,1,1,Mastodon,2025-02-18,2025-02-18,1,True,False,10.0,0.00043,2860
CVE-2024-51505,CVE-2024-51505-1,2025-02-18,Mastodon,8.0,high,0.00043,enriched,NETWORK,HIGH,HIGH,NONE,CHANGED,HIGH,HIGH,HIGH,1,1,Mastodon,2025-02-18,2025-02-18,1,True,False,8.0,0.00043,1771
CVE-2024-13852,CVE-2024-13852-1,2025-02-18,Mastodon,8.8,high,0.00045,original,NETWORK,LOW,NONE,REQUIRED,UNCHANGED,HIGH,HIGH,HIGH,1,1,Mastodon,2025-02-18,2025-02-18,1,True,False,8.8,0.00045,1040
CVE-2024-56000,CVE-2024-56000-1,2025-02-18,Mastodon,9.8,critical,0.00043,enriched,NETWORK,LOW,NONE,NONE,UNCHANGED,HIGH,HIGH,HIGH,1,1,Mastodon,2025-02-18,2025-02-18,1,True,False,9.8,0.00043,2128
CVE-2021-46686,CVE-2021-46686-1,2025-02-18,Mastodon,9.8,critical,0.00046,original,NETWORK,LOW,NONE,NONE,UNCHANGED,HIGH,HIGH,HIGH,1,1,Mastodon,2025-02-18,2025-02-18,1,True,False,9.8,0.00046,197
CVE-2024-13725,CVE-2024-13725-1,2025-02-18,Mastodon,9.8,critical,0.00045,original,NETWORK,LOW,NONE,NONE,UNCHANGED,HIGH,HIGH,HIGH,1,1,Mastodon,2025-02-18,2025-02-18,1,True,False,9.8,0.00045,1017
CVE-2025-26466,CVE-2025-26466-11,2025-02-18,BleepingComputer,5.9,medium,0.00049,enriched,NETWORK,HIGH,NONE,NONE,UNCHANGED,NONE,NONE,HIGH,8,3,"BleepingComputer, HackerNews, Mastodon",2025-02-18,2025-04-10,11,True,False,5.9,0.14567,3245
CVE-2025-24895,CVE-2025-24895-1,2025-02-18,Mastodon,9.1,critical,0.00043,enriched,NETWORK,LOW,NONE,NONE,UNCHANGED,HIGH,HIGH,NONE,1,1,Mastodon,2025-02-18,2025-02-18,1,True,False,9.1,0.00043,3093
CVE-2025-24894,CVE-2025-24894-1,2025-02-18,Mastodon,9.1,critical,0.00043,enriched,NETWORK,LOW,NONE,NONE,UNCHANGED,HIGH,HIGH,NONE,1,1,Mastodon,2025-02-18,2025-02-18,1,True,False,9.1,0.00043,3092
CVE-2025-26615,CVE-2025-26615-1,2025-02-18,Mastodon,10.0,critical,0.00044,enriched,NETWORK,LOW,NONE,NONE,CHANGED,HIGH,HIGH,HIGH,1,1,Mastodon,2025-02-18,2025-02-18,1,True,False,10.0,0.00044,3256
CVE-2025-26604,CVE-2025-26604-1,2025-02-18,Mastodon,8.3,high,0.00043,enriched,NETWORK,LOW,HIGH,REQUIRED,CHANGED,LOW,HIGH,HIGH,1,1,Mastodon,2025-02-18,2025-02-18,1,True,True,8.3,0.00043,3255
CVE-2022-41545,CVE-2022-41545-1,2025-02-19,Mastodon,6.4,medium,0.00045,original,ADJACENT_NETWORK,HIGH,HIGH,NONE,UNCHANGED,HIGH,HIGH,HIGH,1,1,Mastodon,2025-02-19,2025-02-19,1,True,False,6.4,0.00045,278
CVE-2025-25893,CVE-2025-25893-1,2025-02-19,Mastodon,8.0,high,0.00043,original,ADJACENT_NETWORK,LOW,LOW,NONE,UNCHANGED,HIGH,HIGH,HIGH,1,1,Mastodon,2025-02-19,2025-02-19,1,True,True,8.0,0.00043,3192
CVE-2025-25894,CVE-2025-25894-1,2025-02-19,Mastodon,8.0,high,0.00043,original,ADJACENT_NETWORK,LOW,LOW,NONE,UNCHANGED,HIGH,HIGH,HIGH,1,1,Mastodon,2025-02-19,2025-02-19,1,True,True,8.0,0.00043,3193
CVE-2024-52541,CVE-2024-52541-1,2025-02-19,Mastodon,8.2,high,0.00043,enriched,LOCAL,LOW,HIGH,NONE,CHANGED,HIGH,HIGH,HIGH,1,1,Mastodon,2025-02-19,2025-02-19,1,True,False,8.2,0.00043,1886
CVE-2025-0111,CVE-2025-0111-11,2025-02-19,BleepingComputer,6.5,medium,0.00043,original,NETWORK,LOW,LOW,NONE,UNCHANGED,HIGH,NONE,NONE,8,2,"BleepingComputer, HackerNews",2025-02-19,2025-04-28,11,True,False,6.5,0.05618,2419
CVE-2025-0999,CVE-2025-0999-1,2025-02-19,Mastodon,8.8,high,0.00043,enriched,NETWORK,LOW,NONE,REQUIRED,UNCHANGED,HIGH,HIGH,HIGH,2,1,Mastodon,2025-02-19,2025-02-20,2,True,False,8.8,0.00043,2527
CVE-2021-31207,CVE-2021-31207-1,2025-02-19,BleepingComputer,6.6,medium,0.91111,original,NETWORK,HIGH,HIGH,NONE,UNCHANGED,HIGH,HIGH,HIGH,2,1,BleepingComputer,2025-02-19,2025-02-19,2,True,False,6.6,0.91111,173
CVE-2024-45084,CVE-2024-45084-1,2025-02-19,Mastodon,8.0,high,0.0005,enriched,NETWORK,LOW,LOW,REQUIRED,UNCHANGED,HIGH,HIGH,HIGH,1,1,Mastodon,2025-02-19,2025-02-19,1,True,False,8.0,0.0005,1494
CVE-2025-25467,CVE-2025-25467-1,2025-02-19,Mastodon,9.8,critical,0.00043,original,NETWORK,LOW,NONE,NONE,UNCHANGED,HIGH,HIGH,HIGH,1,1,Mastodon,2025-02-19,2025-02-19,1,True,False,9.8,0.00043,3157
CVE-2021-34473,CVE-2021-34473-1,2025-02-19,BleepingComputer,9.1,critical,0.96568,original,NETWORK,LOW,NONE,NONE,UNCHANGED,HIGH,HIGH,NONE,3,1,BleepingComputer,2025-02-19,2025-05-21,3,True,False,9.1,0.96568,178
CVE-2021-34523,CVE-2021-34523-1,2025-02-19,BleepingComputer,9.0,critical,0.95882,original,LOCAL,LOW,NONE,NONE,CHANGED,HIGH,HIGH,NONE,2,1,BleepingComputer,2025-02-19,2025-02-19,2,True,False,9.0,0.95882,179
CVE-2024-28777,CVE-2024-28777-1,2025-02-19,Mastodon,8.8,high,0.0005,enriched,NETWORK,LOW,LOW,NONE,UNCHANGED,HIGH,HIGH,HIGH,1,1,Mastodon,2025-02-19,2025-02-19,1,True,False,8.8,0.0005,1179
CVE-2009-3960,CVE-2009-3960-1,2025-02-19,BleepingComputer,6.5,medium,0.93821,original,NETWORK,LOW,NONE,REQUIRED,UNCHANGED,HIGH,NONE,NONE,2,1,BleepingComputer,2025-02-19,2025-02-19,2,True,False,6.5,0.93821,2
CVE-2025-25895,CVE-2025-25895-1,2025-02-19,Mastodon,8.0,high,0.00043,original,ADJACENT_NETWORK,LOW,LOW,NONE,UNCHANGED,HIGH,HIGH,HIGH,1,1,Mastodon,2025-02-19,2025-02-19,1,True,True,8.0,0.00043,3194
CVE-2023-47160,CVE-2023-47160-1,2025-02-19,Mastodon,8.2,high,0.00087,enriched,NETWORK,LOW,NONE,NONE,UNCHANGED,HIGH,NONE,LOW,1,1,Mastodon,2025-02-19,2025-02-19,1,True,False,8.2,0.00087,595
CVE-2010-2861,CVE-2010-2861-1,2025-02-19,BleepingComputer,9.8,critical,0.95395,original,NETWORK,LOW,NONE,NONE,UNCHANGED,HIGH,HIGH,HIGH,2,1,BleepingComputer,2025-02-19,2025-02-19,2,True,False,9.8,0.95395,3
CVE-2025-1006,CVE-2025-1006-1,2025-02-19,Mastodon,8.8,high,0.00043,enriched,NETWORK,LOW,NONE,REQUIRED,UNCHANGED,HIGH,HIGH,HIGH,2,1,Mastodon,2025-02-19,2025-02-20,2,True,False,8.8,0.00043,2529
CVE-2024-55460,CVE-2024-55460-1,2025-02-19,Mastodon,9.8,critical,0.00043,original,NETWORK,LOW,NONE,NONE,UNCHANGED,HIGH,HIGH,HIGH,1,1,Mastodon,2025-02-19,2025-02-19,1,True,False,9.8,0.00043,2068
CVE-2024-57045,CVE-2024-57045-1,2025-02-19,Mastodon,9.8,critical,0.00043,original,NETWORK,LOW,NONE,NONE,UNCHANGED,HIGH,HIGH,HIGH,1,1,Mastodon,2025-02-19,2025-02-19,1,True,True,9.8,0.00043,2219
CVE-2025-1426,CVE-2025-1426-1,2025-02-19,Mastodon,8.8,high,0.00043,enriched,NETWORK,LOW,NONE,REQUIRED,UNCHANGED,HIGH,HIGH,HIGH,2,1,Mastodon,2025-02-19,2025-02-20,2,True,False,8.8,0.00043,2591
CVE-2024-52902,CVE-2024-52902-1,2025-02-19,Mastodon,8.8,high,0.0005,enriched,NETWORK,LOW,LOW,NONE,UNCHANGED,HIGH,HIGH,HIGH,1,1,Mastodon,2025-02-19,2025-02-19,1,True,False,8.8,0.0005,1913
CVE-2024-57049,CVE-2024-57049-1,2025-02-19,Mastodon,9.8,critical,0.00043,original,NETWORK,LOW,NONE,NONE,UNCHANGED,HIGH,HIGH,HIGH,1,1,Mastodon,2025-02-19,2025-02-19,1,True,True,9.8,0.00043,2220
CVE-2024-57050,CVE-2024-57050-1,2025-02-19,Mastodon,9.8,critical,0.00043,original,NETWORK,LOW,NONE,NONE,UNCHANGED,HIGH,HIGH,HIGH,1,1,Mastodon,2025-02-19,2025-02-19,1,False,False,9.8,0.00043,2222
CVE-2024-56883,CVE-2024-56883-1,2025-02-19,Mastodon,8.1,high,0.00043,original,NETWORK,LOW,LOW,NONE,UNCHANGED,HIGH,HIGH,NONE,1,1,Mastodon,2025-02-19,2025-02-19,1,True,False,8.1,0.00043,2201
CVE-2025-24989,CVE-2025-24989-6,2025-02-20,BleepingComputer,8.2,high,0.00048,original,NETWORK,LOW,NONE,NONE,UNCHANGED,LOW,HIGH,NONE,4,2,"BleepingComputer, Mastodon",2025-02-20,2025-02-21,7,True,False,8.2,0.00048,3109
CVE-2024-13789,CVE-2024-13789-1,2025-02-20,Mastodon,9.8,critical,0.00071,enriched,NETWORK,LOW,NONE,NONE,UNCHANGED,HIGH,HIGH,HIGH,1,1,Mastodon,2025-02-20,2025-02-20,1,True,False,9.8,0.00071,1027
CVE-2024-37361,CVE-2024-37361-1,2025-02-20,Mastodon,9.9,critical,0.00043,original,NETWORK,LOW,LOW,NONE,CHANGED,HIGH,HIGH,HIGH,1,1,Mastodon,2025-02-20,2025-02-20,1,True,False,9.9,0.00043,1274
CVE-2024-5705,CVE-2024-5705-1,2025-02-20,Mastodon,8.8,high,0.00043,original,NETWORK,LOW,LOW,NONE,UNCHANGED,HIGH,HIGH,HIGH,1,1,Mastodon,2025-02-20,2025-02-20,1,True,False,8.8,0.00043,2221
CVE-2024-37359,CVE-2024-37359-1,2025-02-20,Mastodon,8.6,high,0.00043,original,NETWORK,LOW,NONE,NONE,CHANGED,HIGH,NONE,NONE,1,1,Mastodon,2025-02-20,2025-02-20,1,True,False,8.6,0.00043,1273
CVE-2025-24893,CVE-2025-24893-1,2025-02-20,Mastodon,9.8,critical,0.00045,enriched,NETWORK,LOW,NONE,NONE,UNCHANGED,HIGH,HIGH,HIGH,3,2,"ExploitDB, Mastodon",2025-02-20,2025-04-07,4,True,True,9.8,0.77922,3091
CVE-2020-10095,CVE-2020-10095-1,2025-02-20,Mastodon,8.1,high,0.00043,original,NETWORK,LOW,NONE,REQUIRED,UNCHANGED,NONE,HIGH,HIGH,1,1,Mastodon,2025-02-20,2025-02-20,1,True,False,8.1,0.00043,118
CVE-2020-35546,CVE-2020-35546-1,2025-02-20,Mastodon,9.1,critical,0.00043,original,NETWORK,LOW,NONE,NONE,UNCHANGED,HIGH,HIGH,NONE,1,1,Mastodon,2025-02-20,2025-02-20,1,True,False,9.1,0.00043,142
CVE-2025-21355,CVE-2025-21355-3,2025-02-20,BleepingComputer,8.6,high,0.00087,original,NETWORK,LOW,NONE,NONE,CHANGED,HIGH,NONE,NONE,3,2,"BleepingComputer, Mastodon",2025-02-20,2025-02-20,4,True,False,8.6,0.00087,2750
CVE-2024-13753,CVE-2024-13753-1,2025-02-20,Mastodon,8.1,high,0.00058,enriched,NETWORK,LOW,NONE,REQUIRED,UNCHANGED,HIGH,HIGH,NONE,1,1,Mastodon,2025-02-20,2025-02-20,1,True,False,8.1,0.00058,1020
CVE-2023-51319,CVE-2023-51319-1,2025-02-20,Mastodon,8.8,high,0.00043,enriched,NETWORK,LOW,NONE,REQUIRED,UNCHANGED,HIGH,HIGH,HIGH,1,1,Mastodon,2025-02-20,2025-02-20,1,True,False,8.8,0.00043,620
CVE-2018-0171,CVE-2018-0171-2,2025-02-20,BleepingComputer,9.8,critical,0.74487,original,NETWORK,LOW,NONE,NONE,UNCHANGED,HIGH,HIGH,HIGH,4,3,"BleepingComputer, HackerNews, Mastodon",2025-02-20,2025-05-16,4,True,False,9.8,0.87717,38
CVE-2025-0725,CVE-2025-0725-1,2025-02-20,Mastodon,7.3,high,0.00045,original,NETWORK,LOW,NONE,NONE,UNCHANGED,LOW,LOW,LOW,1,1,Mastodon,2025-02-20,2025-02-20,1,True,True,7.3,0.00045,2489
CVE-2025-1293,CVE-2025-1293-1,2025-02-20,Mastodon,8.2,high,0.00043,original,ADJACENT_NETWORK,LOW,NONE,NONE,CHANGED,HIGH,LOW,NONE,1,1,Mastodon,2025-02-20,2025-02-20,1,True,False,8.2,0.00043,2573
CVE-2024-5706,CVE-2024-5706-1,2025-02-20,Mastodon,8.8,high,0.00043,original,NETWORK,LOW,LOW,NONE,UNCHANGED,HIGH,HIGH,HIGH,1,1,Mastodon,2025-02-20,2025-02-20,1,True,False,8.8,0.00043,2224
CVE-2025-20059,CVE-2025-20059-1,2025-02-20,Mastodon,9.1,critical,0.00043,enriched,NETWORK,LOW,NONE,NONE,UNCHANGED,HIGH,NONE,HIGH,1,1,Mastodon,2025-02-20,2025-02-20,1,True,False,9.1,0.00043,2657
CVE-2025-1265,CVE-2025-1265-1,2025-02-20,Mastodon,9.9,critical,0.00043,enriched,NETWORK,LOW,LOW,NONE,CHANGED,HIGH,HIGH,HIGH,1,1,Mastodon,2025-02-20,2025-02-20,1,True,False,9.9,0.00043,2565
CVE-2024-24919,CVE-2024-24919-1,2025-02-20,BleepingComputer,8.6,high,0.96392,original,NETWORK,LOW,NONE,NONE,CHANGED,HIGH,NONE,NONE,2,1,BleepingComputer,2025-02-20,2025-02-20,4,True,False,8.6,0.96392,1140
CVE-2023-46271,CVE-2023-46271-1,2025-02-20,Mastodon,9.8,critical,0.00045,original,NETWORK,LOW,NONE,NONE,UNCHANGED,HIGH,HIGH,HIGH,1,1,Mastodon,2025-02-20,2025-02-20,1,True,False,9.8,0.00045,582
CVE-2023-51302,CVE-2023-51302-1,2025-02-20,Mastodon,8.8,high,0.00043,original,NETWORK,LOW,NONE,REQUIRED,UNCHANGED,HIGH,HIGH,HIGH,1,1,Mastodon,2025-02-20,2025-02-20,1,True,False,8.8,0.00043,618
CVE-2023-46272,CVE-2023-46272-1,2025-02-20,Mastodon,8.8,high,0.00046,original,ADJACENT_NETWORK,LOW,NONE,NONE,UNCHANGED,HIGH,HIGH,HIGH,1,1,Mastodon,2025-02-20,2025-02-20,1,True,False,8.8,0.00046,583
CVE-2025-25664,CVE-2025-25664-1,2025-02-21,Mastodon,9.8,critical,0.00043,original,NETWORK,LOW,NONE,NONE,UNCHANGED,HIGH,HIGH,HIGH,1,1,Mastodon,2025-02-21,2025-02-21,1,True,True,9.8,0.00043,3174
CVE-2025-25662,CVE-2025-25662-1,2025-02-21,Mastodon,9.8,critical,0.00043,original,NETWORK,LOW,NONE,NONE,UNCHANGED,HIGH,HIGH,HIGH,1,1,Mastodon,2025-02-21,2025-02-21,1,True,True,9.8,0.00043,3172
CVE-2025-25663,CVE-2025-25663-1,2025-02-21,Mastodon,9.8,critical,0.00043,original,NETWORK,LOW,NONE,NONE,UNCHANGED,HIGH,HIGH,HIGH,1,1,Mastodon,2025-02-21,2025-02-21,1,True,True,9.8,0.00043,3173
CVE-2025-26305,CVE-2025-26305-1,2025-02-21,Mastodon,8.2,high,0.00043,original,NETWORK,LOW,NONE,NONE,UNCHANGED,HIGH,LOW,NONE,1,1,Mastodon,2025-02-21,2025-02-21,1,True,False,8.2,0.00043,3220
CVE-2025-25282,CVE-2025-25282-1,2025-02-21,Mastodon,8.1,high,0.00043,enriched,NETWORK,LOW,LOW,NONE,UNCHANGED,HIGH,HIGH,NONE,1,1,Mastodon,2025-02-21,2025-02-21,1,True,False,8.1,0.00043,3146
CVE-2025-25667,CVE-2025-25667-1,2025-02-21,Mastodon,9.8,critical,0.00043,original,NETWORK,LOW,NONE,NONE,UNCHANGED,HIGH,HIGH,HIGH,1,1,Mastodon,2025-02-21,2025-02-21,1,True,True,9.8,0.00043,3175
CVE-2023-51313,CVE-2023-51313-1,2025-02-21,Mastodon,8.8,high,0.00043,original,NETWORK,LOW,NONE,REQUIRED,UNCHANGED,HIGH,HIGH,HIGH,1,1,Mastodon,2025-02-21,2025-02-21,1,True,False,8.8,0.00043,619
CVE-2023-51333,CVE-2023-51333-1,2025-02-21,Mastodon,8.8,high,0.00043,original,NETWORK,LOW,LOW,NONE,UNCHANGED,HIGH,HIGH,HIGH,1,1,Mastodon,2025-02-21,2025-02-21,1,True,False,8.8,0.00043,621
CVE-2023-51336,CVE-2023-51336-1,2025-02-21,Mastodon,8.8,high,0.00043,original,NETWORK,LOW,LOW,NONE,UNCHANGED,HIGH,HIGH,HIGH,1,1,Mastodon,2025-02-21,2025-02-21,1,True,False,8.8,0.00043,622
CVE-2024-57401,CVE-2024-57401-1,2025-02-21,Mastodon,9.8,critical,0.00043,original,NETWORK,LOW,NONE,NONE,UNCHANGED,HIGH,HIGH,HIGH,1,1,Mastodon,2025-02-21,2025-02-21,1,True,False,9.8,0.00043,2236
CVE-2024-54756,CVE-2024-54756-1,2025-02-21,Mastodon,9.8,critical,0.00043,original,NETWORK,LOW,NONE,NONE,UNCHANGED,HIGH,HIGH,HIGH,1,1,Mastodon,2025-02-21,2025-02-21,1,True,False,9.8,0.00043,2036
CVE-2025-25668,CVE-2025-25668-1,2025-02-21,Mastodon,9.8,critical,0.00043,original,NETWORK,LOW,NONE,NONE,UNCHANGED,HIGH,HIGH,HIGH,1,1,Mastodon,2025-02-21,2025-02-21,1,True,True,9.8,0.00043,3176
CVE-2024-13353,CVE-2024-13353-1,2025-02-21,Mastodon,8.8,high,0.00066,enriched,NETWORK,LOW,LOW,NONE,UNCHANGED,HIGH,HIGH,HIGH,1,1,Mastodon,2025-02-21,2025-02-21,1,True,False,8.8,0.00066,985
CVE-2025-25675,CVE-2025-25675-1,2025-02-21,Mastodon,9.8,critical,0.00043,original,NETWORK,LOW,NONE,NONE,UNCHANGED,HIGH,HIGH,HIGH,1,1,Mastodon,2025-02-21,2025-02-21,1,True,True,9.8,0.00043,3179
CVE-2025-25676,CVE-2025-25676-1,2025-02-21,Mastodon,9.8,critical,0.00043,original,NETWORK,LOW,NONE,NONE,UNCHANGED,HIGH,HIGH,HIGH,1,1,Mastodon,2025-02-21,2025-02-21,1,True,True,9.8,0.00043,3180
CVE-2025-25678,CVE-2025-25678-1,2025-02-21,Mastodon,9.8,critical,0.00043,original,NETWORK,LOW,NONE,NONE,UNCHANGED,HIGH,HIGH,HIGH,1,1,Mastodon,2025-02-21,2025-02-21,1,True,True,9.8,0.00043,3181
CVE-2025-26304,CVE-2025-26304-1,2025-02-21,Mastodon,8.2,high,0.00043,original,NETWORK,LOW,NONE,NONE,UNCHANGED,HIGH,LOW,NONE,1,1,Mastodon,2025-02-21,2025-02-21,1,True,False,8.2,0.00043,3219
CVE-2025-26013,CVE-2025-26013-1,2025-02-21,Mastodon,8.2,high,0.00043,enriched,NETWORK,LOW,NONE,NONE,UNCHANGED,HIGH,LOW,NONE,1,1,Mastodon,2025-02-21,2025-02-21,1,True,False,8.2,0.00043,3208
CVE-2025-1403,CVE-2025-1403-1,2025-02-21,Mastodon,8.6,high,0.00043,enriched,NETWORK,LOW,NONE,NONE,CHANGED,NONE,NONE,HIGH,1,1,Mastodon,2025-02-21,2025-02-21,1,True,False,8.6,0.00043,2590
CVE-2025-1539,CVE-2025-1539-1,2025-02-21,Mastodon,8.8,high,0.00152,enriched,NETWORK,LOW,LOW,NONE,UNCHANGED,HIGH,HIGH,HIGH,1,1,Mastodon,2025-02-21,2025-02-21,1,True,False,8.8,0.00152,2597
CVE-2025-1538,CVE-2025-1538-1,2025-02-21,Mastodon,8.8,high,0.0023,enriched,NETWORK,LOW,LOW,NONE,UNCHANGED,HIGH,HIGH,HIGH,1,1,Mastodon,2025-02-21,2025-02-21,1,True,False,8.8,0.0023,2596
CVE-2025-25674,CVE-2025-25674-1,2025-02-21,Mastodon,9.8,critical,0.00043,original,NETWORK,LOW,NONE,NONE,UNCHANGED,HIGH,HIGH,HIGH,1,1,Mastodon,2025-02-21,2025-02-21,1,True,True,9.8,0.00043,3178
CVE-2025-26763,CVE-2025-26763-1,2025-02-22,Mastodon,9.8,critical,0.00043,enriched,NETWORK,LOW,NONE,NONE,UNCHANGED,HIGH,HIGH,HIGH,1,1,Mastodon,2025-02-22,2025-02-22,1,True,False,9.8,0.00043,3280
CVE-2025-26776,CVE-2025-26776-1,2025-02-22,Mastodon,10.0,critical,0.00043,enriched,NETWORK,LOW,NONE,NONE,CHANGED,HIGH,HIGH,HIGH,1,1,Mastodon,2025-02-22,2025-02-22,1,True,False,10.0,0.00043,3281
CVE-2025-27012,CVE-2025-27012-1,2025-02-22,Mastodon,8.8,high,0.00043,enriched,NETWORK,LOW,NONE,REQUIRED,UNCHANGED,HIGH,HIGH,HIGH,1,1,Mastodon,2025-02-22,2025-02-22,1,True,False,8.8,0.00043,3323
CVE-2025-27105,CVE-2025-27105-1,2025-02-22,Mastodon,9.1,critical,0.00043,original,NETWORK,LOW,NONE,NONE,UNCHANGED,NONE,HIGH,HIGH,1,1,Mastodon,2025-02-22,2025-02-22,1,True,False,9.1,0.00043,3326
CVE-2025-27106,CVE-2025-27106-1,2025-02-22,Mastodon,8.8,high,0.00046,original,NETWORK,LOW,LOW,NONE,UNCHANGED,HIGH,HIGH,HIGH,1,1,Mastodon,2025-02-22,2025-02-22,1,True,True,8.8,0.00046,3327
CVE-2025-25769,CVE-2025-25769-1,2025-02-24,Mastodon,8.0,high,0.00043,original,NETWORK,LOW,LOW,REQUIRED,UNCHANGED,HIGH,HIGH,HIGH,1,1,Mastodon,2025-02-24,2025-02-24,1,True,False,8.0,0.00043,3187
CVE-2024-34331,CVE-2024-34331-1,2025-02-24,BleepingComputer,9.8,critical,0.00043,original,NETWORK,LOW,NONE,NONE,UNCHANGED,HIGH,HIGH,HIGH,2,1,BleepingComputer,2025-02-24,2025-02-24,2,True,False,9.8,0.00043,1229
CVE-2025-25279,CVE-2025-25279-1,2025-02-24,Mastodon,9.9,critical,0.00044,enriched,NETWORK,LOW,LOW,NONE,CHANGED,HIGH,HIGH,HIGH,1,1,Mastodon,2025-02-24,2025-02-24,1,True,False,9.9,0.00044,3145
CVE-2025-26201,CVE-2025-26201-1,2025-02-24,Mastodon,9.1,critical,0.00045,enriched,NETWORK,LOW,NONE,NONE,UNCHANGED,HIGH,HIGH,NONE,1,1,Mastodon,2025-02-24,2025-02-24,1,True,True,9.1,0.00045,3215
CVE-2024-55898,CVE-2024-55898-1,2025-02-24,Mastodon,8.5,high,0.0005,original,NETWORK,HIGH,LOW,NONE,CHANGED,HIGH,HIGH,HIGH,1,1,Mastodon,2025-02-24,2025-02-24,1,True,False,8.5,0.0005,2102
CVE-2024-12918,CVE-2024-12918-1,2025-02-24,Mastodon,8.8,high,0.0005,enriched,NETWORK,LOW,LOW,NONE,UNCHANGED,HIGH,HIGH,HIGH,1,1,Mastodon,2025-02-24,2025-02-24,1,True,False,8.8,0.0005,942
CVE-2025-20051,CVE-2025-20051-1,2025-02-24,Mastodon,9.9,critical,0.00044,enriched,NETWORK,LOW,LOW,NONE,CHANGED,HIGH,HIGH,HIGH,1,1,Mastodon,2025-02-24,2025-02-24,1,True,False,9.9,0.00044,2655
CVE-2025-26525,CVE-2025-26525-1,2025-02-24,Mastodon,8.6,high,0.00043,enriched,NETWORK,LOW,NONE,NONE,CHANGED,HIGH,NONE,NONE,1,1,Mastodon,2025-02-24,2025-02-24,1,True,False,8.6,0.00043,3249
CVE-2024-54772,CVE-2024-54772-1,2025-02-24,Reddit,5.4,medium,0.00043,original,NETWORK,LOW,LOW,NONE,UNCHANGED,LOW,LOW,NONE,1,1,Reddit,2025-02-24,2025-02-24,1,True,False,5.4,0.00043,2037
CVE-2025-26529,CVE-2025-26529-1,2025-02-24,Mastodon,8.3,high,0.00043,enriched,NETWORK,HIGH,NONE,REQUIRED,CHANGED,HIGH,HIGH,HIGH,4,2,"Mastodon, Reddit",2025-02-24,2025-05-05,4,True,False,8.3,0.00043,3250
CVE-2025-24490,CVE-2025-24490-1,2025-02-24,Mastodon,9.6,critical,0.00043,enriched,NETWORK,LOW,LOW,NONE,CHANGED,HIGH,HIGH,NONE,1,1,Mastodon,2025-02-24,2025-02-24,1,True,False,9.6,0.00043,3054
CVE-2025-27276,CVE-2025-27276-1,2025-02-24,Mastodon,8.8,high,0.00043,enriched,NETWORK,LOW,NONE,REQUIRED,UNCHANGED,HIGH,HIGH,HIGH,1,1,Mastodon,2025-02-24,2025-02-24,1,True,False,8.8,0.00043,3343
CVE-2025-27298,CVE-2025-27298-1,2025-02-24,Mastodon,8.3,high,0.00043,enriched,NETWORK,HIGH,NONE,REQUIRED,CHANGED,HIGH,HIGH,HIGH,1,1,Mastodon,2025-02-24,2025-02-24,1,True,False,8.3,0.00043,3347
CVE-2025-27312,CVE-2025-27312-1,2025-02-24,Mastodon,8.5,high,0.00043,enriched,NETWORK,LOW,LOW,NONE,CHANGED,HIGH,NONE,LOW,1,1,Mastodon,2025-02-24,2025-02-24,1,True,False,8.5,0.00043,3350
CVE-2025-27364,CVE-2025-27364-1,2025-02-24,Mastodon,10.0,critical,0.00045,enriched,NETWORK,LOW,NONE,NONE,CHANGED,HIGH,HIGH,HIGH,1,1,Mastodon,2025-02-24,2025-02-24,1,True,True,10.0,0.00045,3353
CVE-2025-22495,CVE-2025-22495-1,2025-02-24,Mastodon,8.4,high,0.00043,enriched,NETWORK,LOW,HIGH,REQUIRED,CHANGED,HIGH,HIGH,HIGH,1,1,Mastodon,2025-02-24,2025-02-24,1,True,False,8.4,0.00043,2838
CVE-2024-12916,CVE-2024-12916-1,2025-02-24,Mastodon,8.8,high,0.0005,enriched,NETWORK,LOW,LOW,NONE,UNCHANGED,HIGH,HIGH,HIGH,1,1,Mastodon,2025-02-24,2025-02-24,1,True,False,8.8,0.0005,940
CVE-2024-12917,CVE-2024-12917-1,2025-02-24,Mastodon,8.3,high,0.0005,enriched,NETWORK,LOW,LOW,NONE,UNCHANGED,HIGH,HIGH,LOW,1,1,Mastodon,2025-02-24,2025-02-24,1,True,False,8.3,0.0005,941
CVE-2025-26533,CVE-2025-26533-1,2025-02-24,Mastodon,8.1,high,0.00043,enriched,NETWORK,HIGH,NONE,NONE,UNCHANGED,HIGH,HIGH,HIGH,1,1,Mastodon,2025-02-24,2025-02-24,1,True,False,8.1,0.00043,3252
CVE-2024-54820,CVE-2024-54820-1,2025-02-24,Mastodon,9.8,critical,0.00043,enriched,NETWORK,LOW,NONE,NONE,UNCHANGED,HIGH,HIGH,HIGH,1,1,Mastodon,2025-02-24,2025-02-24,1,True,False,9.8,0.00043,2042
CVE-2025-26530,CVE-2025-26530-1,2025-02-24,Mastodon,8.3,high,0.00043,enriched,NETWORK,HIGH,NONE,REQUIRED,CHANGED,HIGH,HIGH,HIGH,1,1,Mastodon,2025-02-24,2025-02-24,1,True,False,8.3,0.00043,3251
CVE-2025-1674,CVE-2025-1674-1,2025-02-25,Mastodon,8.2,high,0.00043,enriched,NETWORK,LOW,NONE,NONE,UNCHANGED,LOW,NONE,HIGH,1,1,Mastodon,2025-02-25,2025-02-25,1,True,False,8.2,0.00043,2609
CVE-2025-1128,CVE-2025-1128-1,2025-02-25,Mastodon,9.8,critical,0.00063,enriched,NETWORK,LOW,NONE,NONE,UNCHANGED,HIGH,HIGH,HIGH,1,1,Mastodon,2025-02-25,2025-02-25,1,True,True,9.8,0.00063,2555
CVE-2025-1675,CVE-2025-1675-1,2025-02-25,Mastodon,8.2,high,0.00043,enriched,NETWORK,LOW,NONE,NONE,UNCHANGED,LOW,NONE,HIGH,1,1,Mastodon,2025-02-25,2025-02-25,1,True,False,8.2,0.00043,2610
CVE-2024-12368,CVE-2024-12368-1,2025-02-25,Mastodon,8.1,high,0.00043,enriched,NETWORK,LOW,LOW,NONE,UNCHANGED,HIGH,HIGH,NONE,1,1,Mastodon,2025-02-25,2025-02-25,1,True,False,8.1,0.00043,869
CVE-2025-26966,CVE-2025-26966-1,2025-02-25,Mastodon,9.8,critical,0.00043,enriched,NETWORK,LOW,NONE,NONE,UNCHANGED,HIGH,HIGH,HIGH,1,1,Mastodon,2025-02-25,2025-02-25,1,True,False,9.8,0.00043,3311
CVE-2025-1673,CVE-2025-1673-1,2025-02-25,Mastodon,8.2,high,0.00043,enriched,NETWORK,LOW,NONE,NONE,UNCHANGED,NONE,LOW,HIGH,1,1,Mastodon,2025-02-25,2025-02-25,1,True,False,8.2,0.00043,2608
CVE-2025-26943,CVE-2025-26943-1,2025-02-25,Mastodon,9.3,critical,0.00043,enriched,NETWORK,LOW,NONE,NONE,CHANGED,HIGH,NONE,LOW,1,1,Mastodon,2025-02-25,2025-02-25,1,True,False,9.3,0.00043,3308
CVE-2025-26974,CVE-2025-26974-1,2025-02-25,Mastodon,9.3,critical,0.00043,enriched,NETWORK,LOW,NONE,NONE,CHANGED,HIGH,NONE,LOW,1,1,Mastodon,2025-02-25,2025-02-25,1,True,False,9.3,0.00043,3315
CVE-2024-45421,CVE-2024-45421-1,2025-02-25,Mastodon,8.5,high,0.00043,enriched,NETWORK,HIGH,LOW,NONE,CHANGED,HIGH,HIGH,HIGH,1,1,Mastodon,2025-02-25,2025-02-25,1,True,False,8.5,0.00043,1506
CVE-2024-56525,CVE-2024-56525-1,2025-02-25,Mastodon,9.8,critical,0.00043,enriched,NETWORK,LOW,NONE,NONE,UNCHANGED,HIGH,HIGH,HIGH,1,1,Mastodon,2025-02-25,2025-02-25,1,True,False,9.8,0.00043,2196
CVE-2025-26985,CVE-2025-26985-1,2025-02-25,Mastodon,8.1,high,0.00043,enriched,NETWORK,HIGH,NONE,NONE,UNCHANGED,HIGH,HIGH,HIGH,1,1,Mastodon,2025-02-25,2025-02-25,1,True,False,8.1,0.00043,3318
CVE-2025-26752,CVE-2025-26752-1,2025-02-25,Mastodon,8.6,high,0.00044,enriched,NETWORK,LOW,NONE,NONE,CHANGED,NONE,NONE,HIGH,1,1,Mastodon,2025-02-25,2025-02-25,1,True,False,8.6,0.00044,3279
CVE-2025-27148,CVE-2025-27148-1,2025-02-25,Mastodon,8.8,high,0.00044,enriched,LOCAL,LOW,LOW,NONE,CHANGED,HIGH,HIGH,HIGH,1,1,Mastodon,2025-02-25,2025-02-25,1,True,True,8.8,0.00044,3331
CVE-2025-22974,CVE-2025-22974-1,2025-02-25,Mastodon,9.8,critical,0.00043,enriched,NETWORK,LOW,NONE,NONE,UNCHANGED,HIGH,HIGH,HIGH,1,1,Mastodon,2025-02-25,2025-02-25,1,True,True,9.8,0.00043,2892
CVE-2025-26915,CVE-2025-26915-1,2025-02-25,Mastodon,8.5,high,0.00043,enriched,NETWORK,LOW,LOW,NONE,CHANGED,HIGH,NONE,LOW,1,1,Mastodon,2025-02-25,2025-02-25,1,True,False,8.5,0.00043,3302
CVE-2024-53544,CVE-2024-53544-1,2025-02-25,Mastodon,9.8,critical,0.00043,enriched,NETWORK,LOW,NONE,NONE,UNCHANGED,HIGH,HIGH,HIGH,1,1,Mastodon,2025-02-25,2025-02-25,1,True,False,9.8,0.00043,1938
CVE-2025-26900,CVE-2025-26900-1,2025-02-25,Mastodon,9.8,critical,0.00043,enriched,NETWORK,LOW,NONE,NONE,UNCHANGED,HIGH,HIGH,HIGH,1,1,Mastodon,2025-02-25,2025-02-25,1,True,False,9.8,0.00043,3299
CVE-2023-25574,CVE-2023-25574-1,2025-02-25,Mastodon,10.0,critical,0.00045,enriched,NETWORK,LOW,NONE,NONE,CHANGED,HIGH,HIGH,HIGH,1,1,Mastodon,2025-02-25,2025-02-25,1,True,True,10.0,0.00045,366
CVE-2025-25517,CVE-2025-25517-1,2025-02-26,Mastodon,9.8,critical,0.00043,enriched,NETWORK,LOW,NONE,NONE,UNCHANGED,HIGH,HIGH,HIGH,1,1,Mastodon,2025-02-26,2025-02-26,1,True,True,9.8,0.00043,3162
CVE-2025-26794,CVE-2025-26794-1,2025-02-26,Mastodon,7.5,high,0.00044,original,NETWORK,LOW,NONE,NONE,UNCHANGED,NONE,NONE,HIGH,1,1,Mastodon,2025-02-26,2025-02-26,1,True,True,7.5,0.00044,3283
CVE-2025-25515,CVE-2025-25515-1,2025-02-26,Mastodon,8.8,high,0.00043,enriched,NETWORK,LOW,LOW,NONE,UNCHANGED,HIGH,HIGH,HIGH,1,1,Mastodon,2025-02-26,2025-02-26,1,True,True,8.8,0.00043,3160
CVE-2024-47051,CVE-2024-47051-1,2025-02-26,Mastodon,9.1,critical,0.00045,enriched,NETWORK,LOW,LOW,NONE,CHANGED,HIGH,LOW,LOW,1,1,Mastodon,2025-02-26,2025-02-26,1,True,False,9.1,0.00045,1559
CVE-2025-25520,CVE-2025-25520-1,2025-02-26,Mastodon,9.8,critical,0.00043,enriched,NETWORK,LOW,NONE,NONE,UNCHANGED,HIGH,HIGH,HIGH,1,1,Mastodon,2025-02-26,2025-02-26,1,True,True,9.8,0.00043,3164
CVE-2025-25519,CVE-2025-25519-1,2025-02-26,Mastodon,9.8,critical,0.00043,enriched,NETWORK,LOW,NONE,NONE,UNCHANGED,HIGH,HIGH,HIGH,1,1,Mastodon,2025-02-26,2025-02-26,1,True,True,9.8,0.00043,3163
CVE-2025-25521,CVE-2025-25521-1,2025-02-26,Mastodon,9.8,critical,0.00043,enriched,NETWORK,LOW,NONE,NONE,UNCHANGED,HIGH,HIGH,HIGH,1,1,Mastodon,2025-02-26,2025-02-26,1,True,True,9.8,0.00043,3165
CVE-2025-25516,CVE-2025-25516-1,2025-02-26,Mastodon,9.8,critical,0.00043,enriched,NETWORK,LOW,NONE,NONE,UNCHANGED,HIGH,HIGH,HIGH,1,1,Mastodon,2025-02-26,2025-02-26,1,True,True,9.8,0.00043,3161
CVE-2025-1295,CVE-2025-1295-1,2025-02-27,Mastodon,8.8,high,0.0005,enriched,NETWORK,LOW,LOW,NONE,UNCHANGED,HIGH,HIGH,HIGH,1,1,Mastodon,2025-02-27,2025-02-27,1,True,False,8.8,0.0005,2574
CVE-2025-1717,CVE-2025-1717-1,2025-02-27,Mastodon,8.1,high,0.00091,enriched,NETWORK,HIGH,NONE,NONE,UNCHANGED,HIGH,HIGH,HIGH,1,1,Mastodon,2025-02-27,2025-02-27,1,True,False,8.1,0.00091,2615
CVE-2025-1282,CVE-2025-1282-1,2025-02-27,Mastodon,8.8,high,0.00049,enriched,NETWORK,LOW,LOW,NONE,UNCHANGED,HIGH,HIGH,HIGH,1,1,Mastodon,2025-02-27,2025-02-27,1,True,False,8.8,0.00049,2570
CVE-2024-13148,CVE-2024-13148-1,2025-02-27,Mastodon,9.8,critical,0.00091,enriched,NETWORK,LOW,NONE,NONE,UNCHANGED,HIGH,HIGH,HIGH,1,1,Mastodon,2025-02-27,2025-02-27,1,True,False,9.8,0.00091,960
CVE-2025-1751,CVE-2025-1751-1,2025-02-27,Mastodon,9.8,critical,0.00043,enriched,NETWORK,LOW,NONE,NONE,UNCHANGED,HIGH,HIGH,HIGH,1,1,Mastodon,2025-02-27,2025-02-27,1,True,False,9.8,0.00043,2619
CVE-2024-9334,CVE-2024-9334-1,2025-02-27,Mastodon,8.2,high,0.00087,enriched,NETWORK,LOW,NONE,NONE,UNCHANGED,HIGH,LOW,NONE,1,1,Mastodon,2025-02-27,2025-02-27,1,True,False,8.2,0.00087,2376
CVE-2024-51139,CVE-2024-51139-1,2025-02-28,Mastodon,9.8,critical,0.00043,original,NETWORK,LOW,NONE,NONE,UNCHANGED,HIGH,HIGH,HIGH,1,1,Mastodon,2025-02-28,2025-02-28,1,True,False,9.8,0.00043,1759
CVE-2024-37567,CVE-2024-37567-1,2025-02-28,Mastodon,9.1,critical,0.00043,original,NETWORK,LOW,NONE,NONE,UNCHANGED,HIGH,HIGH,NONE,1,1,Mastodon,2025-02-28,2025-02-28,1,True,False,9.1,0.00043,1278
CVE-2025-1570,CVE-2025-1570-1,2025-02-28,Mastodon,8.1,high,0.00091,enriched,NETWORK,HIGH,NONE,NONE,UNCHANGED,HIGH,HIGH,HIGH,1,1,Mastodon,2025-02-28,2025-02-28,1,True,False,8.1,0.00091,2600
CVE-2024-29748,CVE-2024-29748-1,2025-02-28,BleepingComputer,7.8,high,0.00095,original,LOCAL,LOW,NONE,REQUIRED,UNCHANGED,HIGH,HIGH,HIGH,4,2,"BleepingComputer, HackerNews",2025-02-28,2025-05-01,4,True,False,7.8,0.00099,1194
CVE-2025-25477,CVE-2025-25477-1,2025-02-28,Mastodon,8.1,high,0.00043,original,NETWORK,LOW,NONE,REQUIRED,UNCHANGED,HIGH,HIGH,NONE,1,1,Mastodon,2025-02-28,2025-02-28,1,True,False,8.1,0.00043,3158
CVE-2024-9195,CVE-2024-9195-1,2025-02-28,Mastodon,8.8,high,0.0005,enriched,NETWORK,LOW,LOW,NONE,UNCHANGED,HIGH,HIGH,HIGH,1,1,Mastodon,2025-02-28,2025-02-28,1,True,False,8.8,0.0005,2371
CVE-2025-0975,CVE-2025-0975-1,2025-02-28,Mastodon,8.8,high,0.0005,original,NETWORK,LOW,LOW,NONE,UNCHANGED,HIGH,HIGH,HIGH,1,1,Mastodon,2025-02-28,2025-02-28,1,True,False,8.8,0.0005,2524
CVE-2024-37566,CVE-2024-37566-1,2025-02-28,Mastodon,9.8,critical,0.00043,original,NETWORK,LOW,NONE,NONE,UNCHANGED,HIGH,HIGH,HIGH,1,1,Mastodon,2025-02-28,2025-02-28,1,True,False,9.8,0.00043,1277
CVE-2024-41334,CVE-2024-41334-1,2025-02-28,Mastodon,8.8,high,0.00043,original,NETWORK,LOW,LOW,NONE,UNCHANGED,HIGH,HIGH,HIGH,1,1,Mastodon,2025-02-28,2025-02-28,1,True,False,8.8,0.00043,1387
CVE-2024-41339,CVE-2024-41339-1,2025-02-28,Mastodon,8.8,high,0.00043,original,NETWORK,LOW,LOW,NONE,UNCHANGED,HIGH,HIGH,HIGH,1,1,Mastodon,2025-02-28,2025-02-28,1,True,False,8.8,0.00043,1388
CVE-2024-8425,CVE-2024-8425-1,2025-02-28,Mastodon,9.8,critical,0.00091,enriched,NETWORK,LOW,NONE,NONE,UNCHANGED,HIGH,HIGH,HIGH,1,1,Mastodon,2025-02-28,2025-02-28,1,True,False,9.8,0.00091,2326
CVE-2024-41340,CVE-2024-41340-1,2025-02-28,Mastodon,8.4,high,0.00043,original,LOCAL,LOW,NONE,NONE,UNCHANGED,HIGH,HIGH,HIGH,1,1,Mastodon,2025-02-28,2025-02-28,1,True,False,8.4,0.00043,1389
CVE-2024-8420,CVE-2024-8420-1,2025-02-28,Mastodon,9.8,critical,0.00091,enriched,NETWORK,LOW,NONE,NONE,UNCHANGED,HIGH,HIGH,HIGH,1,1,Mastodon,2025-02-28,2025-02-28,1,True,False,9.8,0.00091,2325
CVE-2025-25570,CVE-2025-25570-1,2025-02-28,Mastodon,9.8,critical,0.00043,original,NETWORK,LOW,NONE,NONE,UNCHANGED,HIGH,HIGH,HIGH,1,1,Mastodon,2025-02-28,2025-02-28,1,True,False,9.8,0.00043,3166
CVE-2024-12811,CVE-2024-12811-1,2025-02-28,Mastodon,8.8,high,0.0005,original,NETWORK,LOW,LOW,NONE,UNCHANGED,HIGH,HIGH,HIGH,1,1,Mastodon,2025-02-28,2025-02-28,1,True,False,8.8,0.0005,917
CVE-2024-29745,CVE-2024-29745-1,2025-02-28,BleepingComputer,5.5,medium,0.00094,original,LOCAL,LOW,LOW,NONE,UNCHANGED,HIGH,NONE,NONE,4,2,"BleepingComputer, HackerNews",2025-02-28,2025-05-01,4,True,False,5.5,0.00094,1193
CVE-2025-0159,CVE-2025-0159-1,2025-02-28,Mastodon,9.1,critical,0.00091,enriched,NETWORK,LOW,NONE,NONE,UNCHANGED,HIGH,HIGH,NONE,1,1,Mastodon,2025-02-28,2025-02-28,1,True,False,9.1,0.00091,2422
CVE-2025-27142,CVE-2025-27142-1,2025-02-28,Mastodon,8.8,high,0.00044,original,ADJACENT_NETWORK,LOW,NONE,NONE,UNCHANGED,HIGH,HIGH,HIGH,1,1,Mastodon,2025-02-28,2025-02-28,1,True,True,8.8,0.00044,3329
CVE-2024-50302,CVE-2024-50302-11,2025-02-28,BleepingComputer,5.5,medium,0.00042,original,LOCAL,LOW,LOW,NONE,UNCHANGED,HIGH,NONE,NONE,9,2,"BleepingComputer, HackerNews",2025-02-28,2025-04-19,11,True,False,5.5,0.00232,1725
CVE-2024-36047,CVE-2024-36047-1,2025-02-28,Mastodon,9.8,critical,0.00043,original,NETWORK,LOW,NONE,NONE,UNCHANGED,HIGH,HIGH,HIGH,1,1,Mastodon,2025-02-28,2025-02-28,1,True,False,9.8,0.00043,1253
CVE-2025-1687,CVE-2025-1687-1,2025-02-28,Mastodon,8.8,high,0.00055,original,NETWORK,LOW,NONE,REQUIRED,UNCHANGED,HIGH,HIGH,HIGH,1,1,Mastodon,2025-02-28,2025-02-28,1,True,False,8.8,0.00055,2612
CVE-2024-38291,CVE-2024-38291-1,2025-02-28,Mastodon,8.8,high,0.00043,original,NETWORK,LOW,LOW,NONE,UNCHANGED,HIGH,HIGH,HIGH,1,1,Mastodon,2025-02-28,2025-02-28,1,True,False,8.8,0.00043,1292
CVE-2024-38292,CVE-2024-38292-1,2025-02-28,Mastodon,9.8,critical,0.00043,original,NETWORK,LOW,NONE,NONE,UNCHANGED,HIGH,HIGH,HIGH,1,1,Mastodon,2025-02-28,2025-02-28,1,True,False,9.8,0.00043,1293
CVE-2024-36046,CVE-2024-36046-1,2025-02-28,Mastodon,9.8,critical,0.00043,original,NETWORK,LOW,NONE,NONE,UNCHANGED,HIGH,HIGH,HIGH,1,1,Mastodon,2025-02-28,2025-02-28,1,True,False,9.8,0.00043,1252
CVE-2025-1682,CVE-2025-1682-1,2025-02-28,Mastodon,8.8,high,0.00056,original,NETWORK,LOW,LOW,NONE,UNCHANGED,HIGH,HIGH,HIGH,1,1,Mastodon,2025-02-28,2025-02-28,1,True,False,8.8,0.00056,2611
CVE-2024-9193,CVE-2024-9193-1,2025-02-28,Mastodon,9.8,critical,0.00091,enriched,NETWORK,LOW,NONE,NONE,UNCHANGED,HIGH,HIGH,HIGH,1,1,Mastodon,2025-02-28,2025-02-28,1,True,False,9.8,0.00091,2370
CVE-2024-53197,CVE-2024-53197-14,2025-02-28,BleepingComputer,7.8,high,0.00044,original,LOCAL,LOW,LOW,NONE,UNCHANGED,HIGH,HIGH,HIGH,9,3,"BleepingComputer, HackerNews, Reddit",2025-02-28,2025-04-19,15,True,False,7.8,0.00248,1921
CVE-2025-26325,CVE-2025-26325-1,2025-02-28,Mastodon,9.8,critical,0.00043,original,NETWORK,LOW,NONE,NONE,UNCHANGED,HIGH,HIGH,HIGH,1,1,Mastodon,2025-02-28,2025-02-28,1,True,False,9.8,0.00043,3222
CVE-2025-26264,CVE-2025-26264-1,2025-02-28,Mastodon,8.8,high,0.00043,original,NETWORK,LOW,LOW,NONE,UNCHANGED,HIGH,HIGH,HIGH,1,1,Mastodon,2025-02-28,2025-02-28,1,True,False,8.8,0.00043,3218
CVE-2024-51138,CVE-2024-51138-1,2025-02-28,Mastodon,9.8,critical,0.00043,original,NETWORK,LOW,NONE,NONE,UNCHANGED,HIGH,HIGH,HIGH,1,1,Mastodon,2025-02-28,2025-02-28,1,True,False,9.8,0.00043,1758
CVE-2025-0160,CVE-2025-0160-1,2025-02-28,Mastodon,8.1,high,0.00091,enriched,NETWORK,HIGH,NONE,NONE,UNCHANGED,HIGH,HIGH,HIGH,1,1,Mastodon,2025-02-28,2025-02-28,1,True,False,8.1,0.00091,2423
CVE-2024-13373,CVE-2024-13373-1,2025-03-01,Mastodon,8.1,high,0.00091,enriched,NETWORK,HIGH,NONE,NONE,UNCHANGED,HIGH,HIGH,HIGH,1,1,Mastodon,2025-03-01,2025-03-01,1,True,False,8.1,0.00091,988
CVE-2024-12824,CVE-2024-12824-1,2025-03-01,Mastodon,9.8,critical,0.00091,enriched,NETWORK,LOW,NONE,NONE,UNCHANGED,HIGH,HIGH,HIGH,1,1,Mastodon,2025-03-01,2025-03-01,1,True,False,9.8,0.00091,920
CVE-2025-0289,CVE-2025-0289-1,2025-03-01,BleepingComputer,7.8,high,0.00043,enriched,LOCAL,LOW,LOW,NONE,UNCHANGED,HIGH,HIGH,HIGH,3,2,"BleepingComputer, Reddit",2025-03-01,2025-05-20,4,True,False,7.8,0.00065,2434
CVE-2024-12544,CVE-2024-12544-1,2025-03-01,Mastodon,8.8,high,0.00056,enriched,NETWORK,LOW,LOW,NONE,UNCHANGED,HIGH,HIGH,HIGH,1,1,Mastodon,2025-03-01,2025-03-01,1,True,False,8.8,0.00056,882
CVE-2025-23115,CVE-2025-23115-1,2025-03-01,Mastodon,9.0,critical,0.00043,original,NETWORK,HIGH,NONE,NONE,CHANGED,HIGH,HIGH,HIGH,1,1,Mastodon,2025-03-01,2025-03-01,1,True,False,9.0,0.00043,2906
CVE-2025-1638,CVE-2025-1638-1,2025-03-01,Mastodon,9.8,critical,0.00091,enriched,NETWORK,LOW,NONE,NONE,UNCHANGED,HIGH,HIGH,HIGH,1,1,Mastodon,2025-03-01,2025-03-01,1,True,False,9.8,0.00091,2601
CVE-2025-23116,CVE-2025-23116-1,2025-03-01,Mastodon,9.6,critical,0.00043,original,ADJACENT_NETWORK,LOW,NONE,NONE,CHANGED,HIGH,HIGH,HIGH,1,1,Mastodon,2025-03-01,2025-03-01,1,True,False,9.6,0.00043,2907
CVE-2025-1564,CVE-2025-1564-1,2025-03-01,Mastodon,9.8,critical,0.00091,enriched,NETWORK,LOW,NONE,NONE,UNCHANGED,HIGH,HIGH,HIGH,1,1,Mastodon,2025-03-01,2025-03-01,1,True,False,9.8,0.00091,2598
CVE-2025-27554,CVE-2025-27554-1,2025-03-01,Mastodon,9.9,critical,0.00045,enriched,NETWORK,LOW,LOW,NONE,CHANGED,HIGH,HIGH,HIGH,1,1,Mastodon,2025-03-01,2025-03-01,1,True,False,9.9,0.00045,3379
CVE-2025-1671,CVE-2025-1671-1,2025-03-01,Mastodon,9.8,critical,0.00091,enriched,NETWORK,LOW,NONE,NONE,UNCHANGED,HIGH,HIGH,HIGH,1,1,Mastodon,2025-03-01,2025-03-01,1,True,False,9.8,0.00091,2607
CVE-2025-0298,CVE-2025-0298-1,2025-03-01,BleepingComputer,6.3,medium,0.00045,original,NETWORK,LOW,LOW,NONE,UNCHANGED,LOW,LOW,LOW,2,1,BleepingComputer,2025-03-01,2025-03-01,2,True,False,6.3,0.00045,2436
CVE-2025-1814,CVE-2025-1814-1,2025-03-02,Mastodon,8.8,high,0.00114,enriched,NETWORK,LOW,LOW,NONE,UNCHANGED,HIGH,HIGH,HIGH,1,1,Mastodon,2025-03-02,2025-03-02,1,True,True,8.8,0.00114,2624
CVE-2025-27590,CVE-2025-27590-1,2025-03-03,Mastodon,9.0,critical,0.00044,original,NETWORK,HIGH,NONE,NONE,CHANGED,HIGH,HIGH,HIGH,1,1,Mastodon,2025-03-03,2025-03-03,1,True,True,9.0,0.00044,3381
CVE-2025-26988,CVE-2025-26988-1,2025-03-03,Mastodon,9.3,critical,0.00043,enriched,NETWORK,LOW,NONE,NONE,CHANGED,HIGH,NONE,LOW,1,1,Mastodon,2025-03-03,2025-03-03,1,True,False,9.3,0.00043,3320
CVE-2025-27268,CVE-2025-27268-1,2025-03-03,Mastodon,9.3,critical,0.00043,enriched,NETWORK,LOW,NONE,NONE,CHANGED,HIGH,NONE,LOW,1,1,Mastodon,2025-03-03,2025-03-03,1,True,False,9.3,0.00043,3340
CVE-2024-43169,CVE-2024-43169-1,2025-03-03,Mastodon,8.8,high,0.00091,enriched,NETWORK,LOW,NONE,REQUIRED,UNCHANGED,HIGH,HIGH,HIGH,1,1,Mastodon,2025-03-03,2025-03-03,1,True,False,8.8,0.00091,1438
CVE-2023-20118,CVE-2023-20118-3,2025-03-03,BleepingComputer,6.5,medium,0.00069,original,NETWORK,LOW,HIGH,NONE,UNCHANGED,HIGH,HIGH,NONE,7,4,"BleepingComputer, HackerNews, Mastodon, Reddit",2025-03-03,2025-05-27,8,True,False,6.5,0.0465,329
CVE-2025-26535,CVE-2025-26535-1,2025-03-03,Mastodon,9.3,critical,0.00043,enriched,NETWORK,LOW,NONE,NONE,CHANGED,HIGH,NONE,LOW,1,1,Mastodon,2025-03-03,2025-03-03,1,True,False,9.3,0.00043,3254
CVE-2023-20025,CVE-2023-20025-1,2025-03-03,BleepingComputer,9.0,critical,0.00336,original,NETWORK,HIGH,NONE,NONE,CHANGED,HIGH,HIGH,HIGH,2,1,BleepingComputer,2025-03-03,2025-03-03,2,True,False,9.0,0.00336,326
CVE-2018-8639,CVE-2018-8639-1,2025-03-03,BleepingComputer,7.8,high,0.00071,original,LOCAL,LOW,LOW,NONE,UNCHANGED,HIGH,HIGH,HIGH,2,1,BleepingComputer,2025-03-03,2025-03-03,2,True,False,7.8,0.00071,67
CVE-2025-26999,CVE-2025-26999-1,2025-03-03,Mastodon,8.8,high,0.00043,enriched,NETWORK,LOW,LOW,NONE,UNCHANGED,HIGH,HIGH,HIGH,1,1,Mastodon,2025-03-03,2025-03-03,1,True,False,8.8,0.00043,3321
CVE-2025-25122,CVE-2025-25122-1,2025-03-03,Mastodon,8.1,high,0.00043,enriched,NETWORK,HIGH,NONE,NONE,UNCHANGED,HIGH,HIGH,HIGH,1,1,Mastodon,2025-03-03,2025-03-03,1,True,False,8.1,0.00043,3129
CVE-2025-26534,CVE-2025-26534-1,2025-03-03,Mastodon,8.6,high,0.00044,enriched,NETWORK,LOW,NONE,NONE,CHANGED,NONE,NONE,HIGH,1,1,Mastodon,2025-03-03,2025-03-03,1,True,False,8.6,0.00044,3253
CVE-2025-25150,CVE-2025-25150-1,2025-03-03,Mastodon,9.3,critical,0.00043,enriched,NETWORK,LOW,NONE,NONE,CHANGED,HIGH,NONE,LOW,1,1,Mastodon,2025-03-03,2025-03-03,1,True,False,9.3,0.00043,3130
CVE-2025-27263,CVE-2025-27263-1,2025-03-03,Mastodon,8.5,high,0.00043,enriched,NETWORK,LOW,LOW,NONE,CHANGED,HIGH,NONE,LOW,1,1,Mastodon,2025-03-03,2025-03-03,1,True,False,8.5,0.00043,3339
CVE-2025-25109,CVE-2025-25109-1,2025-03-03,Mastodon,8.1,high,0.00043,enriched,NETWORK,HIGH,NONE,NONE,UNCHANGED,HIGH,HIGH,HIGH,1,1,Mastodon,2025-03-03,2025-03-03,1,True,False,8.1,0.00043,3127
CVE-2025-1723,CVE-2025-1723-1,2025-03-03,Mastodon,8.1,high,0.00043,enriched,NETWORK,LOW,LOW,NONE,UNCHANGED,HIGH,HIGH,NONE,1,1,Mastodon,2025-03-03,2025-03-03,1,True,False,8.1,0.00043,2616
CVE-2025-1801,CVE-2025-1801-1,2025-03-03,Mastodon,8.1,high,0.0006,enriched,NETWORK,LOW,LOW,NONE,UNCHANGED,HIGH,HIGH,NONE,1,1,Mastodon,2025-03-03,2025-03-03,1,True,False,8.1,0.0006,2623
CVE-2025-1853,CVE-2025-1853-1,2025-03-03,Mastodon,8.8,high,0.00114,enriched,NETWORK,LOW,LOW,NONE,UNCHANGED,HIGH,HIGH,HIGH,1,1,Mastodon,2025-03-03,2025-03-03,1,True,True,8.8,0.00114,2628
CVE-2025-0475,CVE-2025-0475-1,2025-03-03,Mastodon,8.7,high,0.00043,enriched,NETWORK,LOW,LOW,REQUIRED,CHANGED,HIGH,HIGH,NONE,1,1,Mastodon,2025-03-03,2025-03-03,1,True,False,8.7,0.00043,2462
CVE-2025-1852,CVE-2025-1852-1,2025-03-03,Mastodon,8.8,high,0.00045,enriched,NETWORK,LOW,LOW,NONE,UNCHANGED,HIGH,HIGH,HIGH,1,1,Mastodon,2025-03-03,2025-03-03,1,True,True,8.8,0.00045,2627
CVE-2025-1851,CVE-2025-1851-1,2025-03-03,Mastodon,8.8,high,0.00045,enriched,NETWORK,LOW,LOW,NONE,UNCHANGED,HIGH,HIGH,HIGH,1,1,Mastodon,2025-03-03,2025-03-03,1,True,True,8.8,0.00045,2626
CVE-2025-27270,CVE-2025-27270-1,2025-03-03,Mastodon,9.8,critical,0.00043,enriched,NETWORK,LOW,NONE,NONE,UNCHANGED,HIGH,HIGH,HIGH,1,1,Mastodon,2025-03-03,2025-03-03,1,True,False,9.8,0.00043,3342
CVE-2025-26967,CVE-2025-26967-1,2025-03-03,Mastodon,8.8,high,0.00043,enriched,NETWORK,LOW,LOW,NONE,UNCHANGED,HIGH,HIGH,HIGH,1,1,Mastodon,2025-03-03,2025-03-03,1,True,False,8.8,0.00043,3312
CVE-2025-26970,CVE-2025-26970-1,2025-03-03,Mastodon,10.0,critical,0.00043,enriched,NETWORK,LOW,NONE,NONE,CHANGED,HIGH,HIGH,HIGH,1,1,Mastodon,2025-03-03,2025-03-03,1,True,False,10.0,0.00043,3314
CVE-2022-43939,CVE-2022-43939-1,2025-03-04,Reddit,8.6,high,0.0169,original,NETWORK,LOW,NONE,NONE,UNCHANGED,LOW,LOW,HIGH,1,1,Reddit,2025-03-04,2025-03-04,1,True,False,8.6,0.0169,286
CVE-2025-1260,CVE-2025-1260-1,2025-03-04,Mastodon,9.1,critical,0.00043,enriched,NETWORK,LOW,HIGH,NONE,CHANGED,HIGH,HIGH,HIGH,1,1,Mastodon,2025-03-04,2025-03-04,1,True,False,9.1,0.00043,2564
CVE-2025-1306,CVE-2025-1306-1,2025-03-04,Mastodon,8.8,high,0.00055,original,NETWORK,LOW,NONE,REQUIRED,UNCHANGED,HIGH,HIGH,HIGH,1,1,Mastodon,2025-03-04,2025-03-04,1,True,False,8.8,0.00055,2579
CVE-2025-1943,CVE-2025-1943-1,2025-03-04,Mastodon,8.2,high,0.00045,enriched,NETWORK,LOW,NONE,NONE,UNCHANGED,NONE,LOW,HIGH,1,1,Mastodon,2025-03-04,2025-03-04,1,True,False,8.2,0.00045,2641
CVE-2023-34048,CVE-2023-34048-2,2025-03-04,BleepingComputer,9.8,critical,0.38341,original,NETWORK,LOW,NONE,NONE,UNCHANGED,HIGH,HIGH,HIGH,4,1,BleepingComputer,2025-03-04,2025-03-25,4,True,False,9.8,0.51683,450
CVE-2025-1891,CVE-2025-1891-1,2025-03-04,Mastodon,4.3,medium,0.00052,original,NETWORK,LOW,NONE,REQUIRED,UNCHANGED,NONE,LOW,NONE,1,1,Mastodon,2025-03-04,2025-03-04,1,True,True,4.3,0.00052,2631
CVE-2024-50707,CVE-2024-50707-1,2025-03-04,Mastodon,10.0,critical,0.00043,enriched,NETWORK,LOW,NONE,NONE,CHANGED,HIGH,HIGH,HIGH,1,1,Mastodon,2025-03-04,2025-03-04,1,True,False,10.0,0.00043,1741
CVE-2024-50706,CVE-2024-50706-1,2025-03-04,Mastodon,9.8,critical,0.00043,enriched,NETWORK,LOW,NONE,NONE,UNCHANGED,HIGH,HIGH,HIGH,1,1,Mastodon,2025-03-04,2025-03-04,1,True,False,9.8,0.00043,1740
CVE-2024-50704,CVE-2024-50704-1,2025-03-04,Mastodon,10.0,critical,0.00043,enriched,NETWORK,LOW,NONE,NONE,CHANGED,HIGH,HIGH,HIGH,1,1,Mastodon,2025-03-04,2025-03-04,1,True,False,10.0,0.00043,1739
CVE-2025-1639,CVE-2025-1639-1,2025-03-04,Mastodon,8.8,high,0.0005,original,NETWORK,LOW,LOW,NONE,UNCHANGED,HIGH,HIGH,HIGH,1,1,Mastodon,2025-03-04,2025-03-04,1,True,False,8.8,0.0005,2602
CVE-2024-58044,CVE-2024-58044-1,2025-03-04,Mastodon,8.4,high,0.00043,enriched,LOCAL,LOW,NONE,NONE,UNCHANGED,HIGH,HIGH,HIGH,1,1,Mastodon,2025-03-04,2025-03-04,1,True,False,8.4,0.00043,2269
CVE-2025-23368,CVE-2025-23368-1,2025-03-04,Mastodon,8.1,high,0.00091,enriched,NETWORK,HIGH,NONE,NONE,UNCHANGED,HIGH,HIGH,HIGH,1,1,Mastodon,2025-03-04,2025-03-04,1,True,False,8.1,0.00091,2930
CVE-2024-58045,CVE-2024-58045-1,2025-03-04,Mastodon,8.6,high,0.00043,enriched,LOCAL,LOW,NONE,REQUIRED,CHANGED,HIGH,HIGH,HIGH,1,1,Mastodon,2025-03-04,2025-03-04,1,True,False,8.6,0.00043,2270
CVE-2025-1932,CVE-2025-1932-1,2025-03-04,Mastodon,8.1,high,0.00045,enriched,NETWORK,LOW,NONE,REQUIRED,UNCHANGED,HIGH,NONE,HIGH,1,1,Mastodon,2025-03-04,2025-03-04,1,True,False,8.1,0.00045,2638
CVE-2025-1933,CVE-2025-1933-1,2025-03-04,Mastodon,7.6,high,0.00044,enriched,NETWORK,LOW,NONE,REQUIRED,UNCHANGED,LOW,LOW,HIGH,1,1,Mastodon,2025-03-04,2025-03-04,1,True,False,7.6,0.00044,2639
CVE-2025-1941,CVE-2025-1941-1,2025-03-04,Mastodon,9.1,critical,0.00043,enriched,NETWORK,LOW,NONE,NONE,UNCHANGED,HIGH,HIGH,NONE,1,1,Mastodon,2025-03-04,2025-03-04,1,True,False,9.1,0.00043,2640
CVE-2025-1307,CVE-2025-1307-1,2025-03-04,Mastodon,9.8,critical,0.00063,original,NETWORK,LOW,NONE,NONE,UNCHANGED,HIGH,HIGH,HIGH,1,1,Mastodon,2025-03-04,2025-03-04,1,True,False,9.8,0.00063,2580
CVE-2024-38813,CVE-2024-38813-2,2025-03-04,BleepingComputer,7.5,high,0.00416,original,NETWORK,HIGH,LOW,NONE,UNCHANGED,HIGH,HIGH,HIGH,4,1,BleepingComputer,2025-03-04,2025-03-25,4,True,False,7.5,0.38825,1307
CVE-2025-27507,CVE-2025-27507-1,2025-03-04,Mastodon,9.0,critical,0.00043,enriched,NETWORK,LOW,HIGH,NONE,CHANGED,HIGH,HIGH,LOW,1,1,Mastodon,2025-03-04,2025-03-04,1,True,True,9.0,0.00043,3374
CVE-2024-53427,CVE-2024-53427-2,2025-03-04,Mastodon,8.1,high,0.00045,original,LOCAL,HIGH,NONE,NONE,CHANGED,HIGH,HIGH,HIGH,2,1,Mastodon,2025-03-04,2025-03-05,2,True,True,8.1,0.00045,1931
CVE-2024-38812,CVE-2024-38812-2,2025-03-04,BleepingComputer,9.8,critical,0.00416,original,NETWORK,LOW,NONE,NONE,UNCHANGED,HIGH,HIGH,HIGH,8,2,"BleepingComputer, HackerNews",2025-03-04,2025-04-28,8,True,False,9.8,0.88158,1306
CVE-2025-0912,CVE-2025-0912-1,2025-03-04,Mastodon,9.8,critical,0.00099,original,NETWORK,LOW,NONE,NONE,UNCHANGED,HIGH,HIGH,HIGH,1,1,Mastodon,2025-03-04,2025-03-04,1,True,True,9.8,0.00099,2518
CVE-2024-4885,CVE-2024-4885-1,2025-03-04,Reddit,9.8,critical,0.85382,original,NETWORK,LOW,NONE,NONE,UNCHANGED,HIGH,HIGH,HIGH,1,1,Reddit,2025-03-04,2025-03-04,1,True,False,9.8,0.85382,1616
CVE-2025-0359,CVE-2025-0359-1,2025-03-04,Mastodon,8.5,high,0.00043,enriched,LOCAL,LOW,NONE,NONE,CHANGED,LOW,HIGH,LOW,1,1,Mastodon,2025-03-04,2025-03-04,1,True,False,8.5,0.00043,2443
CVE-2025-27500,CVE-2025-27500-1,2025-03-04,Mastodon,8.2,high,0.00043,original,NETWORK,LOW,NONE,NONE,UNCHANGED,HIGH,LOW,NONE,1,1,Mastodon,2025-03-04,2025-03-04,1,True,False,8.2,0.00043,3372
CVE-2024-9149,CVE-2024-9149-1,2025-03-04,Mastodon,8.6,high,0.00087,enriched,NETWORK,LOW,NONE,NONE,UNCHANGED,HIGH,LOW,LOW,1,1,Mastodon,2025-03-04,2025-03-04,1,True,False,8.6,0.00087,2366
CVE-2025-0286,CVE-2025-0286-1,2025-03-04,Mastodon,8.4,high,0.00043,original,LOCAL,LOW,NONE,NONE,UNCHANGED,HIGH,HIGH,HIGH,1,1,Mastodon,2025-03-04,2025-03-04,1,True,False,8.4,0.00043,2433
CVE-2024-48248,CVE-2024-48248-1,2025-03-04,Mastodon,8.6,high,0.00053,enriched,NETWORK,LOW,NONE,NONE,CHANGED,HIGH,NONE,NONE,4,3,"BleepingComputer, HackerNews, Mastodon",2025-03-04,2025-04-25,4,True,False,8.6,0.93138,1598
CVE-2025-26206,CVE-2025-26206-1,2025-03-04,Mastodon,9.0,critical,0.00043,original,NETWORK,LOW,LOW,REQUIRED,CHANGED,HIGH,HIGH,HIGH,1,1,Mastodon,2025-03-04,2025-03-04,1,True,True,9.0,0.00043,3216
CVE-2025-27501,CVE-2025-27501-1,2025-03-04,Mastodon,8.6,high,0.00043,original,NETWORK,LOW,NONE,NONE,CHANGED,HIGH,NONE,NONE,1,1,Mastodon,2025-03-04,2025-03-04,1,True,False,8.6,0.00043,3373
CVE-2024-51954,CVE-2024-51954-1,2025-03-04,Mastodon,8.5,high,0.00049,original,NETWORK,LOW,LOW,NONE,CHANGED,HIGH,LOW,NONE,1,1,Mastodon,2025-03-04,2025-03-04,1,True,False,8.5,0.00049,1812
CVE-2025-22224,CVE-2025-22224-14,2025-03-04,BleepingComputer,9.3,critical,0.01179,enriched,LOCAL,LOW,NONE,NONE,CHANGED,HIGH,HIGH,HIGH,11,3,"BleepingComputer, Mastodon, Reddit",2025-03-04,2025-04-29,14,True,False,9.3,0.54753,2812
CVE-2025-22225,CVE-2025-22225-14,2025-03-04,BleepingComputer,8.2,high,0.01179,enriched,LOCAL,LOW,HIGH,NONE,CHANGED,HIGH,HIGH,HIGH,11,3,"BleepingComputer, Mastodon, Reddit",2025-03-04,2025-04-29,14,True,False,8.2,0.11344,2813
CVE-2025-22226,CVE-2025-22226-13,2025-03-04,BleepingComputer,7.1,high,0.01179,enriched,LOCAL,LOW,NONE,NONE,CHANGED,HIGH,NONE,NONE,10,3,"BleepingComputer, Mastodon, Reddit",2025-03-04,2025-04-29,13,True,False,7.1,0.08103,2814
CVE-2024-51962,CVE-2024-51962-1,2025-03-04,Mastodon,8.7,high,0.0005,original,NETWORK,LOW,HIGH,NONE,CHANGED,HIGH,HIGH,NONE,1,1,Mastodon,2025-03-04,2025-03-04,1,True,False,8.7,0.0005,1813
CVE-2023-38693,CVE-2023-38693-1,2025-03-05,Mastodon,9.8,critical,0.00043,enriched,NETWORK,LOW,NONE,NONE,UNCHANGED,HIGH,HIGH,HIGH,1,1,Mastodon,2025-03-05,2025-03-05,1,True,False,9.8,0.00043,506
CVE-2025-1515,CVE-2025-1515-1,2025-03-05,Mastodon,9.8,critical,0.00091,enriched,NETWORK,LOW,NONE,NONE,UNCHANGED,HIGH,HIGH,HIGH,1,1,Mastodon,2025-03-05,2025-03-05,1,True,False,9.8,0.00091,2594
CVE-2025-27680,CVE-2025-27680-1,2025-03-05,Mastodon,9.1,critical,0.00043,enriched,NETWORK,LOW,NONE,NONE,UNCHANGED,HIGH,HIGH,NONE,1,1,Mastodon,2025-03-05,2025-03-05,1,True,False,9.1,0.00043,3410
CVE-2025-1918,CVE-2025-1918-1,2025-03-05,Mastodon,8.8,high,0.00043,original,NETWORK,LOW,NONE,REQUIRED,UNCHANGED,HIGH,HIGH,HIGH,1,1,Mastodon,2025-03-05,2025-03-05,1,True,False,8.8,0.00043,2635
CVE-2024-13232,CVE-2024-13232-1,2025-03-05,Mastodon,8.8,high,0.0005,enriched,NETWORK,LOW,LOW,NONE,UNCHANGED,HIGH,HIGH,HIGH,1,1,Mastodon,2025-03-05,2025-03-05,1,True,False,8.8,0.0005,969
CVE-2025-24924,CVE-2025-24924-1,2025-03-05,Mastodon,9.8,critical,0.00043,original,NETWORK,LOW,NONE,NONE,UNCHANGED,HIGH,HIGH,HIGH,1,1,Mastodon,2025-03-05,2025-03-05,1,True,False,9.8,0.00043,3100
CVE-2025-25015,CVE-2025-25015-2,2025-03-05,Mastodon,9.9,critical,0.00043,enriched,NETWORK,LOW,LOW,NONE,CHANGED,HIGH,HIGH,HIGH,2,1,Mastodon,2025-03-05,2025-03-07,2,True,False,9.9,0.00043,3116
CVE-2025-23410,CVE-2025-23410-1,2025-03-05,Mastodon,9.8,critical,0.00043,original,NETWORK,LOW,NONE,NONE,UNCHANGED,HIGH,HIGH,HIGH,1,1,Mastodon,2025-03-05,2025-03-05,1,True,False,9.8,0.00043,2936
CVE-2024-13147,CVE-2024-13147-1,2025-03-05,Mastodon,9.8,critical,0.00091,enriched,NETWORK,LOW,NONE,NONE,UNCHANGED,HIGH,HIGH,HIGH,1,1,Mastodon,2025-03-05,2025-03-05,1,True,False,9.8,0.00091,959
CVE-2024-0114,CVE-2024-0114-1,2025-03-05,Mastodon,8.1,high,0.00043,original,LOCAL,LOW,HIGH,NONE,CHANGED,LOW,HIGH,HIGH,1,1,Mastodon,2025-03-05,2025-03-05,1,True,False,8.1,0.00043,643
CVE-2024-12097,CVE-2024-12097-1,2025-03-05,Mastodon,9.8,critical,0.00091,enriched,NETWORK,LOW,NONE,NONE,UNCHANGED,HIGH,HIGH,HIGH,1,1,Mastodon,2025-03-05,2025-03-05,1,True,False,9.8,0.00091,838
CVE-2025-1919,CVE-2025-1919-1,2025-03-05,Mastodon,8.8,high,0.00043,original,NETWORK,LOW,NONE,REQUIRED,UNCHANGED,HIGH,HIGH,HIGH,1,1,Mastodon,2025-03-05,2025-03-05,1,True,False,8.8,0.00043,2636
CVE-2024-11951,CVE-2024-11951-1,2025-03-05,Mastodon,9.8,critical,0.00091,enriched,NETWORK,LOW,NONE,NONE,UNCHANGED,HIGH,HIGH,HIGH,1,1,Mastodon,2025-03-05,2025-03-05,1,True,False,9.8,0.00091,810
CVE-2024-12281,CVE-2024-12281-1,2025-03-05,Mastodon,9.8,critical,0.00091,enriched,NETWORK,LOW,NONE,NONE,UNCHANGED,HIGH,HIGH,HIGH,1,1,Mastodon,2025-03-05,2025-03-05,1,True,False,9.8,0.00091,855
CVE-2025-27681,CVE-2025-27681-1,2025-03-05,Mastodon,9.8,critical,0.00043,enriched,NETWORK,LOW,NONE,NONE,UNCHANGED,HIGH,HIGH,HIGH,1,1,Mastodon,2025-03-05,2025-03-05,1,True,False,9.8,0.00043,3411
CVE-2025-0956,CVE-2025-0956-1,2025-03-05,Mastodon,8.1,high,0.00122,enriched,NETWORK,HIGH,NONE,NONE,UNCHANGED,HIGH,HIGH,HIGH,1,1,Mastodon,2025-03-05,2025-03-05,1,True,False,8.1,0.00122,2521
CVE-2025-27672,CVE-2025-27672-1,2025-03-05,Mastodon,9.8,critical,0.00043,enriched,NETWORK,LOW,NONE,NONE,UNCHANGED,HIGH,HIGH,HIGH,1,1,Mastodon,2025-03-05,2025-03-05,1,True,False,9.8,0.00043,3404
CVE-2025-27682,CVE-2025-27682-1,2025-03-05,Mastodon,9.8,critical,0.00043,enriched,NETWORK,LOW,NONE,NONE,UNCHANGED,HIGH,HIGH,HIGH,1,1,Mastodon,2025-03-05,2025-03-05,1,True,False,9.8,0.00043,3412
CVE-2025-27678,CVE-2025-27678-1,2025-03-05,Mastodon,9.8,critical,0.00043,enriched,NETWORK,LOW,NONE,NONE,UNCHANGED,HIGH,HIGH,HIGH,1,1,Mastodon,2025-03-05,2025-03-05,1,True,False,9.8,0.00043,3409
CVE-2025-27683,CVE-2025-27683-1,2025-03-05,Mastodon,8.8,high,0.00043,enriched,NETWORK,LOW,LOW,NONE,UNCHANGED,HIGH,HIGH,HIGH,1,1,Mastodon,2025-03-05,2025-03-05,1,True,False,8.8,0.00043,3413
CVE-2024-13777,CVE-2024-13777-1,2025-03-05,Mastodon,8.1,high,0.00071,enriched,NETWORK,HIGH,NONE,NONE,UNCHANGED,HIGH,HIGH,HIGH,1,1,Mastodon,2025-03-05,2025-03-05,1,True,False,8.1,0.00071,1025
CVE-2025-27677,CVE-2025-27677-1,2025-03-05,Mastodon,9.8,critical,0.00043,enriched,NETWORK,LOW,NONE,NONE,UNCHANGED,HIGH,HIGH,HIGH,1,1,Mastodon,2025-03-05,2025-03-05,1,True,False,9.8,0.00043,3408
CVE-2025-27675,CVE-2025-27675-1,2025-03-05,Mastodon,9.8,critical,0.00043,enriched,NETWORK,LOW,NONE,NONE,UNCHANGED,HIGH,HIGH,HIGH,1,1,Mastodon,2025-03-05,2025-03-05,1,True,False,9.8,0.00043,3407
CVE-2025-27674,CVE-2025-27674-1,2025-03-05,Mastodon,9.8,critical,0.00043,enriched,NETWORK,LOW,NONE,NONE,UNCHANGED,HIGH,HIGH,HIGH,1,1,Mastodon,2025-03-05,2025-03-05,1,True,False,9.8,0.00043,3406
CVE-2025-27673,CVE-2025-27673-1,2025-03-05,Mastodon,9.1,critical,0.00043,enriched,NETWORK,LOW,NONE,NONE,UNCHANGED,HIGH,HIGH,NONE,1,1,Mastodon,2025-03-05,2025-03-05,1,True,False,9.1,0.00043,3405
CVE-2025-1915,CVE-2025-1915-1,2025-03-05,Mastodon,8.1,high,0.00044,original,NETWORK,LOW,NONE,REQUIRED,UNCHANGED,HIGH,HIGH,NONE,1,1,Mastodon,2025-03-05,2025-03-05,1,True,False,8.1,0.00044,2633
CVE-2025-27659,CVE-2025-27659-1,2025-03-05,Mastodon,9.8,critical,0.00043,enriched,NETWORK,LOW,NONE,NONE,UNCHANGED,HIGH,HIGH,HIGH,1,1,Mastodon,2025-03-05,2025-03-05,1,True,False,9.8,0.00043,3395
CVE-2025-27671,CVE-2025-27671-1,2025-03-05,Mastodon,9.8,critical,0.00043,enriched,NETWORK,LOW,NONE,NONE,UNCHANGED,HIGH,HIGH,HIGH,1,1,Mastodon,2025-03-05,2025-03-05,1,True,False,9.8,0.00043,3403
CVE-2025-27670,CVE-2025-27670-1,2025-03-05,Mastodon,9.8,critical,0.00043,enriched,NETWORK,LOW,NONE,NONE,UNCHANGED,HIGH,HIGH,HIGH,1,1,Mastodon,2025-03-05,2025-03-05,1,True,False,9.8,0.00043,3402
CVE-2025-27668,CVE-2025-27668-1,2025-03-05,Mastodon,9.8,critical,0.00043,enriched,NETWORK,LOW,NONE,NONE,UNCHANGED,HIGH,HIGH,HIGH,1,1,Mastodon,2025-03-05,2025-03-05,1,True,False,9.8,0.00043,3400
CVE-2024-13787,CVE-2024-13787-1,2025-03-05,Mastodon,9.8,critical,0.00071,enriched,NETWORK,LOW,NONE,NONE,UNCHANGED,HIGH,HIGH,HIGH,1,1,Mastodon,2025-03-05,2025-03-05,1,True,False,9.8,0.00071,1026
CVE-2025-1916,CVE-2025-1916-1,2025-03-05,Mastodon,8.8,high,0.00043,original,NETWORK,LOW,NONE,REQUIRED,UNCHANGED,HIGH,HIGH,HIGH,1,1,Mastodon,2025-03-05,2025-03-05,1,True,False,8.8,0.00043,2634
CVE-2025-27663,CVE-2025-27663-1,2025-03-05,Mastodon,9.8,critical,0.00043,enriched,NETWORK,LOW,NONE,NONE,UNCHANGED,HIGH,HIGH,HIGH,1,1,Mastodon,2025-03-05,2025-03-05,1,True,False,9.8,0.00043,3398
CVE-2025-27661,CVE-2025-27661-1,2025-03-05,Mastodon,9.1,critical,0.00043,enriched,NETWORK,LOW,NONE,NONE,UNCHANGED,HIGH,HIGH,NONE,1,1,Mastodon,2025-03-05,2025-03-05,1,True,False,9.1,0.00043,3396
CVE-2025-27662,CVE-2025-27662-1,2025-03-05,Mastodon,9.8,critical,0.00043,enriched,NETWORK,LOW,NONE,NONE,UNCHANGED,HIGH,HIGH,HIGH,1,1,Mastodon,2025-03-05,2025-03-05,1,True,False,9.8,0.00043,3397
CVE-2025-27664,CVE-2025-27664-1,2025-03-05,Mastodon,8.8,high,0.00043,enriched,NETWORK,LOW,NONE,REQUIRED,UNCHANGED,HIGH,HIGH,HIGH,1,1,Mastodon,2025-03-05,2025-03-05,1,True,False,8.8,0.00043,3399
CVE-2025-1393,CVE-2025-1393-2,2025-03-05,Mastodon,9.8,critical,0.00091,enriched,NETWORK,LOW,NONE,NONE,UNCHANGED,HIGH,HIGH,HIGH,2,1,Mastodon,2025-03-05,2025-03-06,2,True,False,9.8,0.00091,2589
CVE-2025-1316,CVE-2025-1316-1,2025-03-05,Mastodon,9.8,critical,0.00043,original,NETWORK,LOW,NONE,NONE,UNCHANGED,HIGH,HIGH,HIGH,7,3,"BleepingComputer, HackerNews, Mastodon",2025-03-05,2025-04-28,9,True,False,9.8,0.6961,2583
CVE-2025-25632,CVE-2025-25632-1,2025-03-06,Mastodon,9.8,critical,0.00043,original,NETWORK,LOW,NONE,NONE,UNCHANGED,HIGH,HIGH,HIGH,1,1,Mastodon,2025-03-06,2025-03-06,1,True,True,9.8,0.00043,3171
CVE-2024-42844,CVE-2024-42844-1,2025-03-06,Mastodon,8.1,high,0.00043,enriched,NETWORK,LOW,LOW,NONE,UNCHANGED,HIGH,HIGH,NONE,1,1,Mastodon,2025-03-06,2025-03-06,1,True,False,8.1,0.00043,1429
CVE-2025-25362,CVE-2025-25362-1,2025-03-06,Mastodon,9.8,critical,0.00043,original,NETWORK,LOW,NONE,NONE,UNCHANGED,HIGH,HIGH,HIGH,1,1,Mastodon,2025-03-06,2025-03-06,1,True,False,9.8,0.00043,3151
CVE-2024-51144,CVE-2024-51144-1,2025-03-06,Mastodon,8.8,high,0.00043,original,NETWORK,LOW,NONE,REQUIRED,UNCHANGED,HIGH,HIGH,HIGH,1,1,Mastodon,2025-03-06,2025-03-06,1,True,False,8.8,0.00043,1760
CVE-2024-57174,CVE-2024-57174-1,2025-03-06,Mastodon,8.1,high,0.00043,original,NETWORK,LOW,LOW,NONE,UNCHANGED,HIGH,HIGH,NONE,1,1,Mastodon,2025-03-06,2025-03-06,1,True,False,8.1,0.00043,2228
CVE-2025-27423,CVE-2025-27423-1,2025-03-06,Mastodon,7.1,high,0.00045,original,LOCAL,LOW,NONE,REQUIRED,UNCHANGED,HIGH,HIGH,NONE,1,1,Mastodon,2025-03-06,2025-03-06,1,True,True,7.1,0.00045,3356
CVE-2024-12650,CVE-2024-12650-1,2025-03-06,Mastodon,5.4,medium,0.00044,original,NETWORK,LOW,LOW,NONE,UNCHANGED,NONE,LOW,LOW,1,1,Mastodon,2025-03-06,2025-03-06,1,True,False,5.4,0.00044,897
CVE-2024-12144,CVE-2024-12144-1,2025-03-06,Mastodon,9.8,critical,0.00091,enriched,NETWORK,LOW,NONE,NONE,UNCHANGED,HIGH,HIGH,HIGH,1,1,Mastodon,2025-03-06,2025-03-06,1,True,False,9.8,0.00091,844
CVE-2024-13655,CVE-2024-13655-1,2025-03-07,Mastodon,8.1,high,0.00046,enriched,NETWORK,LOW,LOW,NONE,UNCHANGED,NONE,HIGH,HIGH,1,1,Mastodon,2025-03-07,2025-03-07,1,True,False,8.1,0.00046,1009
CVE-2025-27603,CVE-2025-27603-1,2025-03-07,Mastodon,9.1,critical,0.00043,enriched,NETWORK,LOW,HIGH,NONE,CHANGED,HIGH,HIGH,HIGH,1,1,Mastodon,2025-03-07,2025-03-07,1,True,True,9.1,0.00043,3387
CVE-2025-25763,CVE-2025-25763-1,2025-03-07,Mastodon,9.8,critical,0.00043,original,NETWORK,LOW,NONE,NONE,UNCHANGED,HIGH,HIGH,HIGH,1,1,Mastodon,2025-03-07,2025-03-07,1,True,True,9.8,0.00043,3186
CVE-2024-12035,CVE-2024-12035-1,2025-03-07,Mastodon,8.8,high,0.00049,enriched,NETWORK,LOW,LOW,NONE,UNCHANGED,HIGH,HIGH,HIGH,1,1,Mastodon,2025-03-07,2025-03-07,1,True,False,8.8,0.00049,824
CVE-2025-1315,CVE-2025-1315-1,2025-03-07,Mastodon,9.8,critical,0.00091,enriched,NETWORK,LOW,NONE,NONE,UNCHANGED,HIGH,HIGH,HIGH,1,1,Mastodon,2025-03-07,2025-03-07,1,True,False,9.8,0.00091,2582
CVE-2024-12876,CVE-2024-12876-1,2025-03-07,Mastodon,9.8,critical,0.00091,enriched,NETWORK,LOW,NONE,NONE,UNCHANGED,HIGH,HIGH,HIGH,1,1,Mastodon,2025-03-07,2025-03-07,1,True,False,9.8,0.00091,935
CVE-2025-27816,CVE-2025-27816-1,2025-03-07,Mastodon,9.8,critical,0.00043,enriched,NETWORK,LOW,NONE,NONE,UNCHANGED,HIGH,HIGH,HIGH,1,1,Mastodon,2025-03-07,2025-03-07,1,True,False,9.8,0.00043,3428
CVE-2025-25497,CVE-2025-25497-1,2025-03-07,Mastodon,8.1,high,0.00043,original,NETWORK,LOW,LOW,NONE,UNCHANGED,HIGH,HIGH,NONE,1,1,Mastodon,2025-03-07,2025-03-07,1,True,False,8.1,0.00043,3159
CVE-2024-9658,CVE-2024-9658-1,2025-03-07,Mastodon,8.8,high,0.0005,enriched,NETWORK,LOW,LOW,NONE,UNCHANGED,HIGH,HIGH,HIGH,1,1,Mastodon,2025-03-07,2025-03-07,1,True,False,8.8,0.0005,2400
CVE-2025-0749,CVE-2025-0749-1,2025-03-07,Mastodon,8.1,high,0.00091,original,NETWORK,HIGH,NONE,NONE,UNCHANGED,HIGH,HIGH,HIGH,1,1,Mastodon,2025-03-07,2025-03-07,1,True,False,8.1,0.00091,2494
CVE-2025-1475,CVE-2025-1475-1,2025-03-07,Mastodon,9.8,critical,0.00063,enriched,NETWORK,LOW,NONE,NONE,UNCHANGED,HIGH,HIGH,HIGH,1,1,Mastodon,2025-03-07,2025-03-07,1,True,False,9.8,0.00063,2593
CVE-2025-1309,CVE-2025-1309-1,2025-03-07,Mastodon,8.8,high,0.00056,enriched,NETWORK,LOW,LOW,NONE,UNCHANGED,HIGH,HIGH,HIGH,1,1,Mastodon,2025-03-07,2025-03-07,1,True,False,8.8,0.00056,2581
CVE-2025-25361,CVE-2025-25361-1,2025-03-07,Mastodon,9.8,critical,0.00043,original,NETWORK,LOW,NONE,NONE,UNCHANGED,HIGH,HIGH,HIGH,1,1,Mastodon,2025-03-07,2025-03-07,1,True,True,9.8,0.00043,3150
CVE-2025-0959,CVE-2025-0959-1,2025-03-07,Mastodon,8.8,high,0.0005,enriched,NETWORK,LOW,LOW,NONE,UNCHANGED,HIGH,HIGH,HIGH,1,1,Mastodon,2025-03-07,2025-03-07,1,True,False,8.8,0.0005,2522
CVE-2024-55570,CVE-2024-55570-1,2025-03-07,Mastodon,5.4,medium,0.00043,original,NETWORK,LOW,LOW,NONE,UNCHANGED,LOW,LOW,NONE,1,1,Mastodon,2025-03-07,2025-03-07,1,True,False,5.4,0.00043,2082
CVE-2025-27607,CVE-2025-27607-1,2025-03-07,Mastodon,8.8,high,0.00045,enriched,NETWORK,LOW,NONE,REQUIRED,UNCHANGED,HIGH,HIGH,HIGH,1,1,Mastodon,2025-03-07,2025-03-07,1,True,True,8.8,0.00045,3389
CVE-2025-2097,CVE-2025-2097-1,2025-03-08,Mastodon,8.8,high,0.00114,original,NETWORK,LOW,LOW,NONE,UNCHANGED,HIGH,HIGH,HIGH,1,1,Mastodon,2025-03-08,2025-03-08,1,True,True,8.8,0.00114,2701
CVE-2024-13882,CVE-2024-13882-1,2025-03-08,Mastodon,8.8,high,0.0005,enriched,NETWORK,LOW,LOW,NONE,UNCHANGED,HIGH,HIGH,HIGH,2,2,"HackerNews, Mastodon",2025-03-08,2025-05-20,2,True,False,8.8,0.0037,1041
CVE-2025-0177,CVE-2025-0177-1,2025-03-08,Mastodon,9.8,critical,0.00091,enriched,NETWORK,LOW,NONE,NONE,UNCHANGED,HIGH,HIGH,HIGH,1,1,Mastodon,2025-03-08,2025-03-08,1,True,False,9.8,0.00091,2425
CVE-2024-11640,CVE-2024-11640-1,2025-03-08,Mastodon,8.8,high,0.00058,enriched,NETWORK,LOW,NONE,REQUIRED,UNCHANGED,HIGH,HIGH,HIGH,1,1,Mastodon,2025-03-08,2025-03-08,1,True,False,8.8,0.00058,789
CVE-2024-13359,CVE-2024-13359-1,2025-03-08,Mastodon,8.1,high,0.00063,enriched,NETWORK,HIGH,NONE,NONE,UNCHANGED,HIGH,HIGH,HIGH,1,1,Mastodon,2025-03-08,2025-03-08,1,True,False,8.1,0.00063,986
CVE-2024-11087,CVE-2024-11087-1,2025-03-08,Mastodon,8.1,high,0.00091,enriched,NETWORK,HIGH,NONE,NONE,UNCHANGED,HIGH,HIGH,HIGH,1,1,Mastodon,2025-03-08,2025-03-08,1,True,False,8.1,0.00091,735
CVE-2025-27840,CVE-2025-27840-1,2025-03-08,BleepingComputer,6.8,medium,0.00045,enriched,PHYSICAL,HIGH,HIGH,NONE,CHANGED,HIGH,HIGH,LOW,15,2,"BleepingComputer, Reddit",2025-03-08,2025-04-20,16,True,True,6.8,0.00066,3434
CVE-2025-25306,CVE-2025-25306-1,2025-03-10,Mastodon,9.3,critical,0.00043,enriched,NETWORK,LOW,NONE,NONE,CHANGED,LOW,HIGH,NONE,1,1,Mastodon,2025-03-10,2025-03-10,1,True,False,9.3,0.00043,3149
CVE-2024-42733,CVE-2024-42733-1,2025-03-10,Mastodon,9.8,critical,0.00043,original,NETWORK,LOW,NONE,NONE,UNCHANGED,HIGH,HIGH,HIGH,1,1,Mastodon,2025-03-10,2025-03-10,1,True,True,9.8,0.00043,1426
CVE-2024-13918,CVE-2024-13918-1,2025-03-10,Mastodon,8.0,high,0.00045,enriched,NETWORK,HIGH,NONE,REQUIRED,CHANGED,HIGH,HIGH,NONE,1,1,Mastodon,2025-03-10,2025-03-10,1,True,True,8.0,0.00045,1043
CVE-2025-26936,CVE-2025-26936-1,2025-03-10,Mastodon,10.0,critical,0.00043,enriched,NETWORK,LOW,NONE,NONE,CHANGED,HIGH,HIGH,HIGH,1,1,Mastodon,2025-03-10,2025-03-10,1,True,False,10.0,0.00043,3306
CVE-2025-26916,CVE-2025-26916-1,2025-03-10,Mastodon,9.0,critical,0.00043,enriched,NETWORK,HIGH,NONE,NONE,CHANGED,HIGH,HIGH,HIGH,1,1,Mastodon,2025-03-10,2025-03-10,1,True,False,9.0,0.00043,3303
CVE-2025-25614,CVE-2025-25614-1,2025-03-10,Mastodon,8.8,high,0.00043,enriched,NETWORK,LOW,LOW,NONE,UNCHANGED,HIGH,HIGH,HIGH,1,1,Mastodon,2025-03-10,2025-03-10,1,True,False,8.8,0.00043,3169
CVE-2025-27925,CVE-2025-27925-1,2025-03-10,Mastodon,8.5,high,0.00043,enriched,NETWORK,HIGH,LOW,NONE,CHANGED,HIGH,HIGH,HIGH,1,1,Mastodon,2025-03-10,2025-03-10,1,True,False,8.5,0.00043,3438
CVE-2024-41724,CVE-2024-41724-1,2025-03-10,Mastodon,8.7,high,0.00043,original,NETWORK,HIGH,NONE,NONE,CHANGED,HIGH,HIGH,NONE,1,1,Mastodon,2025-03-10,2025-03-10,1,True,False,8.7,0.00043,1392
CVE-2024-13919,CVE-2024-13919-1,2025-03-10,Mastodon,8.0,high,0.00045,enriched,NETWORK,HIGH,NONE,REQUIRED,CHANGED,HIGH,HIGH,NONE,1,1,Mastodon,2025-03-10,2025-03-10,1,True,True,8.0,0.00045,1044
CVE-2025-27255,CVE-2025-27255-1,2025-03-10,Mastodon,8.0,high,0.00043,enriched,LOCAL,LOW,NONE,NONE,UNCHANGED,LOW,HIGH,HIGH,1,1,Mastodon,2025-03-10,2025-03-10,1,True,False,8.0,0.00043,3336
CVE-2025-27616,CVE-2025-27616-1,2025-03-10,Mastodon,8.5,high,0.00045,enriched,NETWORK,HIGH,LOW,NONE,CHANGED,HIGH,HIGH,HIGH,1,1,Mastodon,2025-03-10,2025-03-10,1,True,True,8.5,0.00045,3393
CVE-2025-27615,CVE-2025-27615-1,2025-03-10,Mastodon,8.2,high,0.00045,enriched,NETWORK,LOW,NONE,NONE,UNCHANGED,NONE,LOW,HIGH,1,1,Mastodon,2025-03-10,2025-03-10,1,True,True,8.2,0.00045,3392
CVE-2024-11638,CVE-2024-11638-1,2025-03-10,Mastodon,8.8,high,0.00043,enriched,NETWORK,LOW,NONE,REQUIRED,UNCHANGED,HIGH,HIGH,HIGH,1,1,Mastodon,2025-03-10,2025-03-10,1,True,False,8.8,0.00043,787
CVE-2025-27256,CVE-2025-27256-1,2025-03-10,Mastodon,8.3,high,0.00043,enriched,ADJACENT_NETWORK,LOW,NONE,NONE,UNCHANGED,LOW,HIGH,HIGH,1,1,Mastodon,2025-03-10,2025-03-10,1,True,False,8.3,0.00043,3337
CVE-2025-27254,CVE-2025-27254-1,2025-03-10,Mastodon,8.0,high,0.00043,enriched,LOCAL,LOW,NONE,NONE,UNCHANGED,LOW,HIGH,HIGH,1,1,Mastodon,2025-03-10,2025-03-10,1,True,False,8.0,0.00043,3335
CVE-2023-37933,CVE-2023-37933-1,2025-03-11,Mastodon,8.8,high,0.00043,enriched,NETWORK,LOW,NONE,REQUIRED,UNCHANGED,HIGH,HIGH,HIGH,1,1,Mastodon,2025-03-11,2025-03-11,1,True,False,8.8,0.00043,493
CVE-2025-24984,CVE-2025-24984-2,2025-03-11,BleepingComputer,4.6,medium,0.001,enriched,PHYSICAL,LOW,NONE,NONE,UNCHANGED,HIGH,NONE,NONE,2,1,BleepingComputer,2025-03-11,2025-03-11,3,True,False,4.6,0.001,3107
CVE-2025-24985,CVE-2025-24985-3,2025-03-11,BleepingComputer,7.8,high,0.00131,enriched,LOCAL,LOW,NONE,REQUIRED,UNCHANGED,HIGH,HIGH,HIGH,2,1,BleepingComputer,2025-03-11,2025-03-11,4,True,False,7.8,0.00131,3108
CVE-2025-24813,CVE-2025-24813-3,2025-03-11,Mastodon,9.8,critical,0.00043,original,NETWORK,LOW,NONE,NONE,UNCHANGED,HIGH,HIGH,HIGH,13,4,"BleepingComputer, ExploitDB, Mastodon, Reddit",2025-03-11,2025-05-27,20,True,True,9.8,0.93672,3086
CVE-2025-27363,CVE-2025-27363-2,2025-03-11,Mastodon,8.1,high,0.00043,enriched,NETWORK,HIGH,NONE,NONE,UNCHANGED,HIGH,HIGH,HIGH,20,4,"BleepingComputer, HackerNews, Mastodon, Reddit",2025-03-11,2025-05-10,24,True,False,8.1,0.75464,3352
CVE-2024-56181,CVE-2024-56181-1,2025-03-11,Mastodon,8.2,high,0.00043,enriched,LOCAL,LOW,HIGH,NONE,CHANGED,HIGH,HIGH,HIGH,1,1,Mastodon,2025-03-11,2025-03-11,1,True,False,8.2,0.00043,2161
CVE-2025-24991,CVE-2025-24991-2,2025-03-11,BleepingComputer,5.5,medium,0.001,enriched,LOCAL,LOW,NONE,REQUIRED,UNCHANGED,HIGH,NONE,NONE,2,1,BleepingComputer,2025-03-11,2025-03-11,3,True,False,5.5,0.001,3110
CVE-2024-56182,CVE-2024-56182-1,2025-03-11,Mastodon,8.2,high,0.00043,enriched,LOCAL,LOW,HIGH,NONE,CHANGED,HIGH,HIGH,HIGH,1,1,Mastodon,2025-03-11,2025-03-11,1,True,False,8.2,0.00043,2162
CVE-2025-24983,CVE-2025-24983-11,2025-03-11,BleepingComputer,7.0,high,0.00082,enriched,LOCAL,HIGH,LOW,NONE,UNCHANGED,HIGH,HIGH,HIGH,9,2,"BleepingComputer, Mastodon",2025-03-11,2025-04-08,11,True,False,7.0,0.0191,3106
CVE-2024-4577,CVE-2024-4577-1,2025-03-11,BleepingComputer,9.8,critical,0.95177,original,NETWORK,LOW,NONE,NONE,UNCHANGED,HIGH,HIGH,HIGH,8,2,"BleepingComputer, HackerNews",2025-03-11,2025-05-08,12,True,True,9.8,0.95177,1520
CVE-2025-2190,CVE-2025-2190-1,2025-03-11,Mastodon,8.1,high,0.00043,enriched,NETWORK,HIGH,NONE,NONE,UNCHANGED,HIGH,HIGH,HIGH,1,1,Mastodon,2025-03-11,2025-03-11,1,True,False,8.1,0.00043,2800
CVE-2020-14979,CVE-2020-14979-1,2025-03-11,Reddit,7.8,high,0.00042,original,LOCAL,LOW,LOW,NONE,UNCHANGED,HIGH,HIGH,HIGH,1,1,Reddit,2025-03-11,2025-03-11,1,True,False,7.8,0.00042,128
CVE-2025-26630,CVE-2025-26630-2,2025-03-11,BleepingComputer,7.8,high,0.00053,enriched,LOCAL,LOW,NONE,REQUIRED,UNCHANGED,HIGH,HIGH,HIGH,2,1,BleepingComputer,2025-03-11,2025-03-11,3,True,False,7.8,0.00053,3257
CVE-2025-26633,CVE-2025-26633-5,2025-03-11,BleepingComputer,7.0,high,0.00175,enriched,LOCAL,HIGH,NONE,REQUIRED,UNCHANGED,HIGH,HIGH,HIGH,7,2,"BleepingComputer, Reddit",2025-03-11,2025-05-26,9,True,False,7.0,0.06538,3258
CVE-2025-26645,CVE-2025-26645-1,2025-03-11,Mastodon,8.8,high,0.00091,enriched,NETWORK,LOW,NONE,REQUIRED,UNCHANGED,HIGH,HIGH,HIGH,1,1,Mastodon,2025-03-11,2025-03-11,2,True,False,8.8,0.00091,3259
CVE-2025-26661,CVE-2025-26661-1,2025-03-11,Mastodon,8.8,high,0.0005,original,NETWORK,LOW,LOW,NONE,UNCHANGED,HIGH,HIGH,HIGH,1,1,Mastodon,2025-03-11,2025-03-11,1,True,False,8.8,0.0005,3262
CVE-2025-26701,CVE-2025-26701-1,2025-03-11,Mastodon,10.0,critical,0.00043,enriched,NETWORK,LOW,NONE,NONE,CHANGED,HIGH,HIGH,HIGH,1,1,Mastodon,2025-03-11,2025-03-11,1,True,False,10.0,0.00043,3274
CVE-2025-24993,CVE-2025-24993-3,2025-03-11,BleepingComputer,7.8,high,0.00131,enriched,LOCAL,LOW,NONE,REQUIRED,UNCHANGED,HIGH,HIGH,HIGH,2,1,BleepingComputer,2025-03-11,2025-03-11,4,True,False,7.8,0.00131,3111
CVE-2023-40723,CVE-2023-40723-1,2025-03-11,Mastodon,8.1,high,0.00043,enriched,NETWORK,HIGH,NONE,NONE,UNCHANGED,HIGH,HIGH,HIGH,1,1,Mastodon,2025-03-11,2025-03-11,1,True,False,8.1,0.00043,523
CVE-2024-52961,CVE-2024-52961-1,2025-03-11,Mastodon,8.8,high,0.00043,enriched,NETWORK,LOW,LOW,NONE,UNCHANGED,HIGH,HIGH,HIGH,1,1,Mastodon,2025-03-11,2025-03-11,1,True,False,8.8,0.00043,1915
CVE-2025-2137,CVE-2025-2137-1,2025-03-11,Mastodon,8.8,high,0.00043,original,NETWORK,LOW,NONE,REQUIRED,UNCHANGED,HIGH,HIGH,HIGH,1,1,Mastodon,2025-03-11,2025-03-11,1,True,False,8.8,0.00043,2756
CVE-2025-2136,CVE-2025-2136-1,2025-03-11,Mastodon,8.8,high,0.00043,original,NETWORK,LOW,NONE,REQUIRED,UNCHANGED,HIGH,HIGH,HIGH,1,1,Mastodon,2025-03-11,2025-03-11,1,True,False,8.8,0.00043,2751
CVE-2025-27773,CVE-2025-27773-1,2025-03-11,Mastodon,8.6,high,0.00045,enriched,NETWORK,LOW,NONE,NONE,CHANGED,NONE,HIGH,NONE,1,1,Mastodon,2025-03-11,2025-03-11,1,True,True,8.6,0.00045,3423
CVE-2025-2135,CVE-2025-2135-1,2025-03-11,Mastodon,8.8,high,0.00043,original,NETWORK,LOW,NONE,REQUIRED,UNCHANGED,HIGH,HIGH,HIGH,1,1,Mastodon,2025-03-11,2025-03-11,1,True,False,8.8,0.00043,2748
CVE-2025-1661,CVE-2025-1661-1,2025-03-11,Mastodon,9.8,critical,0.00061,original,NETWORK,LOW,NONE,NONE,UNCHANGED,HIGH,HIGH,HIGH,1,1,Mastodon,2025-03-11,2025-03-11,1,True,False,9.8,0.00061,2605
CVE-2024-55590,CVE-2024-55590-1,2025-03-11,Mastodon,8.8,high,0.00043,enriched,NETWORK,LOW,LOW,NONE,UNCHANGED,HIGH,HIGH,HIGH,1,1,Mastodon,2025-03-11,2025-03-11,1,True,False,8.8,0.00043,2088
CVE-2025-25907,CVE-2025-25907-1,2025-03-11,Mastodon,8.8,high,0.00043,original,NETWORK,LOW,NONE,REQUIRED,UNCHANGED,HIGH,HIGH,HIGH,1,1,Mastodon,2025-03-11,2025-03-11,1,True,False,8.8,0.00043,3195
CVE-2025-27396,CVE-2025-27396-1,2025-03-11,Mastodon,8.8,high,0.0005,enriched,NETWORK,LOW,LOW,NONE,UNCHANGED,HIGH,HIGH,HIGH,1,1,Mastodon,2025-03-11,2025-03-11,1,True,False,8.8,0.0005,3354
CVE-2025-0151,CVE-2025-0151-1,2025-03-11,Mastodon,8.5,high,0.00043,enriched,NETWORK,HIGH,LOW,NONE,CHANGED,HIGH,HIGH,HIGH,1,1,Mastodon,2025-03-11,2025-03-11,1,True,False,8.5,0.00043,2421
CVE-2024-13159,CVE-2024-13159-1,2025-03-11,BleepingComputer,9.8,critical,0.01852,original,NETWORK,LOW,NONE,NONE,UNCHANGED,HIGH,HIGH,HIGH,2,1,BleepingComputer,2025-03-11,2025-03-11,2,True,False,9.8,0.01852,962
CVE-2025-27440,CVE-2025-27440-1,2025-03-11,Mastodon,8.5,high,0.00043,enriched,NETWORK,HIGH,LOW,NONE,CHANGED,HIGH,HIGH,HIGH,1,1,Mastodon,2025-03-11,2025-03-11,1,True,False,8.5,0.00043,3360
CVE-2025-24201,CVE-2025-24201-12,2025-03-11,BleepingComputer,8.8,high,0.001,enriched,NETWORK,LOW,NONE,REQUIRED,UNCHANGED,HIGH,HIGH,HIGH,4,1,BleepingComputer,2025-03-11,2025-04-01,13,True,False,8.8,0.00182,3015
CVE-2025-1828,CVE-2025-1828-1,2025-03-11,Mastodon,8.8,high,0.00045,original,NETWORK,LOW,NONE,REQUIRED,UNCHANGED,HIGH,HIGH,HIGH,1,1,Mastodon,2025-03-11,2025-03-11,1,True,True,8.8,0.00045,2625
CVE-2025-24051,CVE-2025-24051-1,2025-03-11,Mastodon,8.8,high,0.00091,enriched,NETWORK,LOW,NONE,REQUIRED,UNCHANGED,HIGH,HIGH,HIGH,1,1,Mastodon,2025-03-11,2025-03-11,1,True,False,8.8,0.00091,2975
CVE-2025-24056,CVE-2025-24056-1,2025-03-11,Mastodon,8.8,high,0.00091,enriched,NETWORK,LOW,NONE,REQUIRED,UNCHANGED,HIGH,HIGH,HIGH,1,1,Mastodon,2025-03-11,2025-03-11,1,True,False,8.8,0.00091,2977
CVE-2025-27494,CVE-2025-27494-1,2025-03-11,Mastodon,9.1,critical,0.00066,enriched,NETWORK,LOW,HIGH,NONE,CHANGED,HIGH,HIGH,HIGH,1,1,Mastodon,2025-03-11,2025-03-11,1,True,False,9.1,0.00066,3370
CVE-2025-24064,CVE-2025-24064-1,2025-03-11,Mastodon,8.1,high,0.00091,enriched,NETWORK,HIGH,NONE,NONE,UNCHANGED,HIGH,HIGH,HIGH,1,1,Mastodon,2025-03-11,2025-03-11,1,True,False,8.1,0.00091,2979
CVE-2025-24045,CVE-2025-24045-1,2025-03-11,Mastodon,8.1,high,0.00091,enriched,NETWORK,HIGH,NONE,NONE,UNCHANGED,HIGH,HIGH,HIGH,1,1,Mastodon,2025-03-11,2025-03-11,2,True,False,8.1,0.00091,2973
CVE-2025-27493,CVE-2025-27493-1,2025-03-11,Mastodon,8.2,high,0.00043,enriched,LOCAL,LOW,HIGH,NONE,CHANGED,HIGH,HIGH,HIGH,1,1,Mastodon,2025-03-11,2025-03-11,1,True,False,8.2,0.00043,3369
CVE-2025-24035,CVE-2025-24035-1,2025-03-11,Mastodon,8.1,high,0.00091,enriched,NETWORK,HIGH,NONE,NONE,UNCHANGED,HIGH,HIGH,HIGH,1,1,Mastodon,2025-03-11,2025-03-11,2,True,False,8.1,0.00091,2972
CVE-2025-27434,CVE-2025-27434-1,2025-03-11,Mastodon,8.8,high,0.00091,original,NETWORK,LOW,NONE,REQUIRED,UNCHANGED,HIGH,HIGH,HIGH,1,1,Mastodon,2025-03-11,2025-03-11,1,True,False,8.8,0.00091,3358
CVE-2025-1920,CVE-2025-1920-1,2025-03-11,Mastodon,8.8,high,0.00043,original,NETWORK,LOW,NONE,REQUIRED,UNCHANGED,HIGH,HIGH,HIGH,1,1,Mastodon,2025-03-11,2025-03-11,1,True,False,8.8,0.00043,2637
CVE-2024-13160,CVE-2024-13160-1,2025-03-11,BleepingComputer,9.8,critical,0.04186,original,NETWORK,LOW,NONE,NONE,UNCHANGED,HIGH,HIGH,HIGH,2,1,BleepingComputer,2025-03-11,2025-03-11,2,True,False,9.8,0.04186,963
CVE-2025-24084,CVE-2025-24084-1,2025-03-11,Mastodon,8.4,high,0.00053,enriched,LOCAL,LOW,NONE,NONE,UNCHANGED,HIGH,HIGH,HIGH,1,1,Mastodon,2025-03-11,2025-03-11,2,True,False,8.4,0.00053,2982
CVE-2024-13161,CVE-2024-13161-1,2025-03-11,BleepingComputer,9.8,critical,0.04186,original,NETWORK,LOW,NONE,NONE,UNCHANGED,HIGH,HIGH,HIGH,2,1,BleepingComputer,2025-03-11,2025-03-11,2,True,False,9.8,0.04186,964
CVE-2025-27912,CVE-2025-27912-1,2025-03-11,Mastodon,8.8,high,0.00043,enriched,NETWORK,LOW,NONE,REQUIRED,UNCHANGED,HIGH,HIGH,HIGH,1,1,Mastodon,2025-03-11,2025-03-11,1,True,False,8.8,0.00043,3436
CVE-2024-56336,CVE-2024-56336-1,2025-03-11,Mastodon,9.8,critical,0.00091,enriched,NETWORK,LOW,NONE,NONE,UNCHANGED,HIGH,HIGH,HIGH,1,1,Mastodon,2025-03-11,2025-03-11,1,True,False,9.8,0.00091,2184
CVE-2025-27439,CVE-2025-27439-1,2025-03-11,Mastodon,8.5,high,0.00043,enriched,NETWORK,HIGH,LOW,NONE,CHANGED,HIGH,HIGH,HIGH,1,1,Mastodon,2025-03-11,2025-03-11,1,True,False,8.5,0.00043,3359
CVE-2025-24049,CVE-2025-24049-1,2025-03-11,Mastodon,8.4,high,0.00053,enriched,LOCAL,LOW,NONE,NONE,UNCHANGED,HIGH,HIGH,HIGH,1,1,Mastodon,2025-03-11,2025-03-11,1,True,False,8.4,0.00053,2974
CVE-2025-1960,CVE-2025-1960-1,2025-03-12,Mastodon,9.8,critical,0.00043,enriched,NETWORK,LOW,NONE,NONE,UNCHANGED,HIGH,HIGH,HIGH,1,1,Mastodon,2025-03-12,2025-03-12,1,True,False,9.8,0.00043,2645
CVE-2025-20115,CVE-2025-20115-1,2025-03-12,Mastodon,8.6,high,0.00046,enriched,NETWORK,LOW,NONE,NONE,CHANGED,NONE,NONE,HIGH,3,2,"BleepingComputer, Mastodon",2025-03-12,2025-03-14,3,True,False,8.6,0.00046,2666
CVE-2025-20138,CVE-2025-20138-1,2025-03-12,Mastodon,8.8,high,0.00043,enriched,LOCAL,LOW,LOW,NONE,CHANGED,HIGH,HIGH,HIGH,1,1,Mastodon,2025-03-12,2025-03-12,1,True,False,8.8,0.00043,2670
CVE-2025-20146,CVE-2025-20146-1,2025-03-12,Mastodon,8.6,high,0.00046,enriched,NETWORK,LOW,NONE,NONE,CHANGED,NONE,NONE,HIGH,1,1,Mastodon,2025-03-12,2025-03-12,1,True,False,8.6,0.00046,2672
CVE-2025-2233,CVE-2025-2233-1,2025-03-12,Mastodon,8.8,high,0.00043,original,ADJACENT_NETWORK,LOW,NONE,NONE,UNCHANGED,HIGH,HIGH,HIGH,1,1,Mastodon,2025-03-12,2025-03-12,1,True,False,8.8,0.00043,2822
CVE-2024-13446,CVE-2024-13446-1,2025-03-12,Mastodon,9.8,critical,0.00091,enriched,NETWORK,LOW,NONE,NONE,UNCHANGED,HIGH,HIGH,HIGH,1,1,Mastodon,2025-03-12,2025-03-12,1,True,False,9.8,0.00091,996
CVE-2025-27407,CVE-2025-27407-1,2025-03-12,Mastodon,9.0,critical,0.00044,enriched,NETWORK,HIGH,NONE,NONE,CHANGED,HIGH,HIGH,HIGH,3,2,"BleepingComputer, Mastodon",2025-03-12,2025-03-13,3,True,True,9.0,0.00044,3355
CVE-2025-20142,CVE-2025-20142-1,2025-03-12,Mastodon,8.6,high,0.00046,enriched,NETWORK,LOW,NONE,NONE,CHANGED,NONE,NONE,HIGH,1,1,Mastodon,2025-03-12,2025-03-12,1,True,False,8.6,0.00046,2671
CVE-2022-41328,CVE-2022-41328-1,2025-03-12,BleepingComputer,6.7,medium,0.0521,original,LOCAL,LOW,HIGH,NONE,UNCHANGED,HIGH,HIGH,HIGH,2,1,BleepingComputer,2025-03-12,2025-03-12,2,True,False,6.7,0.0521,274
CVE-2025-28915,CVE-2025-28915-1,2025-03-12,Mastodon,9.1,critical,0.00043,original,NETWORK,LOW,HIGH,NONE,CHANGED,HIGH,HIGH,HIGH,1,1,Mastodon,2025-03-12,2025-03-12,1,True,False,9.1,0.00043,3479
CVE-2023-28252,CVE-2023-28252-2,2025-03-12,BleepingComputer,7.8,high,0.00295,original,LOCAL,LOW,LOW,NONE,UNCHANGED,HIGH,HIGH,HIGH,4,1,BleepingComputer,2025-03-12,2025-04-08,4,True,False,7.8,0.76851,386
CVE-2025-1707,CVE-2025-1707-1,2025-03-12,Mastodon,8.8,high,0.00056,original,NETWORK,LOW,LOW,NONE,UNCHANGED,HIGH,HIGH,HIGH,1,1,Mastodon,2025-03-12,2025-03-12,1,True,False,8.8,0.00056,2614
CVE-2025-25928,CVE-2025-25928-1,2025-03-12,Mastodon,8.0,high,0.00043,original,NETWORK,LOW,LOW,REQUIRED,UNCHANGED,HIGH,HIGH,HIGH,1,1,Mastodon,2025-03-12,2025-03-12,1,True,True,8.0,0.00043,3197
CVE-2025-24801,CVE-2025-24801-2,2025-03-12,Reddit,8.5,high,0.00065,enriched,NETWORK,HIGH,LOW,NONE,CHANGED,HIGH,HIGH,HIGH,2,2,"Mastodon, Reddit",2025-03-12,2025-03-18,2,True,False,8.5,0.00065,3084
CVE-2025-25711,CVE-2025-25711-1,2025-03-12,Mastodon,8.8,high,0.00043,enriched,NETWORK,LOW,LOW,NONE,UNCHANGED,HIGH,HIGH,HIGH,1,1,Mastodon,2025-03-12,2025-03-12,1,True,False,8.8,0.00043,3184
CVE-2025-24799,CVE-2025-24799-1,2025-03-12,Reddit,7.5,high,0.00088,enriched,NETWORK,LOW,NONE,NONE,UNCHANGED,HIGH,NONE,NONE,1,1,Reddit,2025-03-12,2025-03-12,1,True,False,7.5,0.00088,3083
CVE-2017-5753,CVE-2017-5753-1,2025-03-13,Reddit,5.6,medium,0.97542,original,LOCAL,HIGH,LOW,NONE,CHANGED,HIGH,NONE,NONE,1,1,Reddit,2025-03-13,2025-03-13,1,True,False,5.6,0.97542,32
CVE-2024-58087,CVE-2024-58087-1,2025-03-13,Mastodon,8.1,high,0.00044,original,NETWORK,HIGH,NONE,NONE,UNCHANGED,HIGH,HIGH,HIGH,1,1,Mastodon,2025-03-13,2025-03-13,1,True,False,8.1,0.00044,2271
CVE-2025-22954,CVE-2025-22954-1,2025-03-13,Mastodon,10.0,critical,0.00043,original,NETWORK,LOW,NONE,NONE,CHANGED,HIGH,HIGH,HIGH,1,1,Mastodon,2025-03-13,2025-03-13,1,True,False,10.0,0.00043,2889
CVE-2025-2263,CVE-2025-2263-1,2025-03-13,Mastodon,9.8,critical,0.00043,enriched,NETWORK,LOW,NONE,NONE,UNCHANGED,HIGH,HIGH,HIGH,1,1,Mastodon,2025-03-13,2025-03-13,1,True,False,9.8,0.00043,2857
CVE-2025-21590,CVE-2025-21590-1,2025-03-13,BleepingComputer,4.4,medium,0.00043,original,LOCAL,LOW,HIGH,NONE,UNCHANGED,NONE,HIGH,NONE,2,1,BleepingComputer,2025-03-13,2025-03-13,2,True,False,4.4,0.00043,2787
CVE-2017-5715,CVE-2017-5715-1,2025-03-13,Reddit,5.6,medium,0.97469,original,LOCAL,HIGH,LOW,NONE,CHANGED,HIGH,NONE,NONE,1,1,Reddit,2025-03-13,2025-03-13,1,True,False,5.6,0.97469,31
CVE-2025-27591,CVE-2025-27591-1,2025-03-14,Reddit,6.8,medium,0.00043,original,LOCAL,LOW,NONE,NONE,UNCHANGED,LOW,HIGH,NONE,2,1,Reddit,2025-03-14,2025-03-14,2,True,True,6.8,0.00043,3382
CVE-2024-13376,CVE-2024-13376-1,2025-03-14,Mastodon,8.8,high,0.0005,enriched,NETWORK,LOW,LOW,NONE,UNCHANGED,HIGH,HIGH,HIGH,1,1,Mastodon,2025-03-14,2025-03-14,1,True,False,8.8,0.0005,990
CVE-2025-2000,CVE-2025-2000-1,2025-03-14,Mastodon,9.8,critical,0.00071,enriched,NETWORK,LOW,NONE,NONE,UNCHANGED,HIGH,HIGH,HIGH,1,1,Mastodon,2025-03-14,2025-03-14,1,True,False,9.8,0.00071,2648
CVE-2024-46662,CVE-2024-46662-1,2025-03-14,Mastodon,8.8,high,0.00043,enriched,NETWORK,LOW,LOW,NONE,UNCHANGED,HIGH,HIGH,HIGH,1,1,Mastodon,2025-03-14,2025-03-14,1,True,False,8.8,0.00043,1541
CVE-2025-2232,CVE-2025-2232-1,2025-03-14,Mastodon,9.8,critical,0.00091,enriched,NETWORK,LOW,NONE,NONE,UNCHANGED,HIGH,HIGH,HIGH,1,1,Mastodon,2025-03-14,2025-03-14,1,True,False,9.8,0.00091,2821
CVE-2023-45588,CVE-2023-45588-1,2025-03-14,Mastodon,8.2,high,0.00043,enriched,LOCAL,LOW,LOW,REQUIRED,CHANGED,HIGH,HIGH,HIGH,1,1,Mastodon,2025-03-14,2025-03-14,1,True,False,8.2,0.00043,574
CVE-2025-27593,CVE-2025-27593-1,2025-03-14,Mastodon,9.3,critical,0.00044,enriched,NETWORK,LOW,NONE,REQUIRED,CHANGED,HIGH,HIGH,NONE,1,1,Mastodon,2025-03-14,2025-03-14,1,True,False,9.3,0.00044,3383
CVE-2025-27606,CVE-2025-27606-1,2025-03-14,Mastodon,5.1,medium,0.00045,enriched,LOCAL,LOW,NONE,NONE,UNCHANGED,LOW,LOW,NONE,1,1,Mastodon,2025-03-14,2025-03-14,1,True,True,5.1,0.00045,3388
CVE-2025-27595,CVE-2025-27595-1,2025-03-14,Mastodon,9.8,critical,0.00044,enriched,NETWORK,LOW,NONE,NONE,UNCHANGED,HIGH,HIGH,HIGH,1,1,Mastodon,2025-03-14,2025-03-14,1,True,False,9.8,0.00044,3384
CVE-2024-11284,CVE-2024-11284-1,2025-03-14,Mastodon,9.8,critical,0.00091,original,NETWORK,LOW,NONE,NONE,UNCHANGED,HIGH,HIGH,HIGH,1,1,Mastodon,2025-03-14,2025-03-14,1,True,False,9.8,0.00091,754
CVE-2024-13913,CVE-2024-13913-1,2025-03-14,Mastodon,8.8,high,0.00054,enriched,NETWORK,LOW,NONE,REQUIRED,UNCHANGED,HIGH,HIGH,HIGH,1,1,Mastodon,2025-03-14,2025-03-14,1,True,False,8.8,0.00054,1042
CVE-2025-0952,CVE-2025-0952-1,2025-03-14,Mastodon,8.1,high,0.00046,enriched,NETWORK,LOW,LOW,NONE,UNCHANGED,NONE,HIGH,HIGH,1,1,Mastodon,2025-03-14,2025-03-14,1,True,False,8.1,0.00046,2520
CVE-2024-11285,CVE-2024-11285-1,2025-03-14,Mastodon,9.8,critical,0.00091,original,NETWORK,LOW,NONE,NONE,UNCHANGED,HIGH,HIGH,HIGH,1,1,Mastodon,2025-03-14,2025-03-14,1,True,False,9.8,0.00091,755
CVE-2024-12810,CVE-2024-12810-1,2025-03-14,Mastodon,8.8,high,0.0005,enriched,NETWORK,LOW,LOW,NONE,UNCHANGED,HIGH,HIGH,HIGH,1,1,Mastodon,2025-03-14,2025-03-14,1,True,False,8.8,0.0005,916
CVE-2024-11286,CVE-2024-11286-1,2025-03-14,Mastodon,9.8,critical,0.00091,original,NETWORK,LOW,NONE,NONE,UNCHANGED,HIGH,HIGH,HIGH,1,1,Mastodon,2025-03-14,2025-03-14,1,True,False,9.8,0.00091,756
CVE-2024-13824,CVE-2024-13824-1,2025-03-14,Mastodon,9.8,critical,0.00071,enriched,NETWORK,LOW,NONE,NONE,UNCHANGED,HIGH,HIGH,HIGH,1,1,Mastodon,2025-03-14,2025-03-14,1,True,False,9.8,0.00071,1035
CVE-2024-13771,CVE-2024-13771-1,2025-03-14,Mastodon,9.8,critical,0.00091,enriched,NETWORK,LOW,NONE,NONE,UNCHANGED,HIGH,HIGH,HIGH,1,1,Mastodon,2025-03-14,2025-03-14,1,True,False,9.8,0.00091,1023
CVE-2025-2103,CVE-2025-2103-1,2025-03-14,Mastodon,8.8,high,0.0005,enriched,NETWORK,LOW,LOW,NONE,UNCHANGED,HIGH,HIGH,HIGH,1,1,Mastodon,2025-03-14,2025-03-14,1,True,False,8.8,0.0005,2703
CVE-2025-26921,CVE-2025-26921-1,2025-03-15,Mastodon,8.8,high,0.00043,enriched,NETWORK,LOW,LOW,NONE,UNCHANGED,HIGH,HIGH,HIGH,1,1,Mastodon,2025-03-15,2025-03-15,1,True,False,8.8,0.00043,3304
CVE-2025-27281,CVE-2025-27281-1,2025-03-15,Mastodon,8.5,high,0.00043,enriched,NETWORK,LOW,LOW,NONE,CHANGED,HIGH,NONE,LOW,1,1,Mastodon,2025-03-15,2025-03-15,1,True,False,8.5,0.00043,3345
CVE-2025-30066,CVE-2025-30066-1,2025-03-15,Mastodon,8.6,high,0.00046,enriched,NETWORK,LOW,NONE,NONE,CHANGED,HIGH,NONE,NONE,6,4,"BleepingComputer, HackerNews, Mastodon, Reddit",2025-03-15,2025-05-31,6,True,True,8.6,0.65003,3542
CVE-2025-1771,CVE-2025-1771-1,2025-03-15,Mastodon,9.8,critical,0.00091,original,NETWORK,LOW,NONE,NONE,UNCHANGED,HIGH,HIGH,HIGH,1,1,Mastodon,2025-03-15,2025-03-15,1,True,False,9.8,0.00091,2622
CVE-2025-26961,CVE-2025-26961-1,2025-03-15,Mastodon,8.6,high,0.00043,enriched,NETWORK,LOW,NONE,NONE,UNCHANGED,LOW,HIGH,LOW,1,1,Mastodon,2025-03-15,2025-03-15,1,True,False,8.6,0.00043,3310
CVE-2025-1653,CVE-2025-1653-1,2025-03-15,Mastodon,8.8,high,0.0005,original,NETWORK,LOW,LOW,NONE,UNCHANGED,HIGH,HIGH,HIGH,1,1,Mastodon,2025-03-15,2025-03-15,1,True,False,8.8,0.0005,2603
CVE-2025-1657,CVE-2025-1657-1,2025-03-15,Mastodon,8.8,high,0.0005,original,NETWORK,LOW,LOW,NONE,UNCHANGED,HIGH,HIGH,HIGH,1,1,Mastodon,2025-03-15,2025-03-15,1,True,False,8.8,0.0005,2604
CVE-2025-26969,CVE-2025-26969-1,2025-03-15,Mastodon,8.3,high,0.00043,enriched,NETWORK,LOW,LOW,NONE,UNCHANGED,LOW,HIGH,HIGH,1,1,Mastodon,2025-03-15,2025-03-15,1,True,False,8.3,0.00043,3313
CVE-2025-1667,CVE-2025-1667-1,2025-03-15,Mastodon,8.8,high,0.0005,original,NETWORK,LOW,LOW,NONE,UNCHANGED,HIGH,HIGH,HIGH,1,1,Mastodon,2025-03-15,2025-03-15,1,True,False,8.8,0.0005,2606
CVE-2025-26978,CVE-2025-26978-1,2025-03-15,Mastodon,8.5,high,0.00043,enriched,NETWORK,LOW,LOW,NONE,CHANGED,HIGH,NONE,LOW,1,1,Mastodon,2025-03-15,2025-03-15,1,True,False,8.5,0.00043,3317
CVE-2025-26875,CVE-2025-26875-1,2025-03-15,Mastodon,9.3,critical,0.00043,enriched,NETWORK,LOW,NONE,NONE,CHANGED,HIGH,NONE,LOW,1,1,Mastodon,2025-03-15,2025-03-15,1,True,False,9.3,0.00043,3295
CVE-2025-26976,CVE-2025-26976-1,2025-03-15,Mastodon,8.5,high,0.00043,enriched,NETWORK,LOW,LOW,NONE,CHANGED,HIGH,NONE,LOW,1,1,Mastodon,2025-03-15,2025-03-15,1,True,False,8.5,0.00043,3316
CVE-2025-2345,CVE-2025-2345-1,2025-03-16,Mastodon,9.8,critical,0.0004,enriched,NETWORK,LOW,NONE,NONE,UNCHANGED,HIGH,HIGH,HIGH,1,1,Mastodon,2025-03-16,2025-03-16,1,True,True,9.8,0.0004,2937
CVE-2025-0833,CVE-2025-0833-1,2025-03-17,Mastodon,8.7,high,0.00032,enriched,NETWORK,LOW,LOW,REQUIRED,CHANGED,HIGH,HIGH,NONE,1,1,Mastodon,2025-03-17,2025-03-17,1,True,False,8.7,0.00032,2512
CVE-2024-54027,CVE-2024-54027-1,2025-03-17,Mastodon,8.2,high,0.00012,enriched,LOCAL,LOW,HIGH,NONE,CHANGED,HIGH,HIGH,HIGH,1,1,Mastodon,2025-03-17,2025-03-17,1,True,False,8.2,0.00012,1976
CVE-2025-0829,CVE-2025-0829-1,2025-03-17,Mastodon,8.7,high,0.00032,enriched,NETWORK,LOW,LOW,REQUIRED,CHANGED,HIGH,HIGH,NONE,1,1,Mastodon,2025-03-17,2025-03-17,1,True,False,8.7,0.00032,2509
CVE-2025-0826,CVE-2025-0826-1,2025-03-17,Mastodon,8.7,high,0.00032,enriched,NETWORK,LOW,LOW,REQUIRED,CHANGED,HIGH,HIGH,NONE,1,1,Mastodon,2025-03-17,2025-03-17,1,True,False,8.7,0.00032,2506
CVE-2025-2395,CVE-2025-2395-1,2025-03-17,Mastodon,9.8,critical,0.00127,original,NETWORK,LOW,NONE,NONE,UNCHANGED,HIGH,HIGH,HIGH,1,1,Mastodon,2025-03-17,2025-03-17,1,True,False,9.8,0.00127,2961
CVE-2025-2396,CVE-2025-2396-1,2025-03-17,Mastodon,8.8,high,0.00209,original,NETWORK,LOW,LOW,NONE,UNCHANGED,HIGH,HIGH,HIGH,1,1,Mastodon,2025-03-17,2025-03-17,1,True,False,8.8,0.00209,2965
CVE-2024-48013,CVE-2024-48013-1,2025-03-17,Mastodon,8.8,high,0.0006,enriched,NETWORK,LOW,LOW,NONE,UNCHANGED,HIGH,HIGH,HIGH,1,1,Mastodon,2025-03-17,2025-03-17,1,True,False,8.8,0.0006,1595
CVE-2025-0827,CVE-2025-0827-1,2025-03-17,Mastodon,8.7,high,0.00032,enriched,NETWORK,LOW,LOW,REQUIRED,CHANGED,HIGH,HIGH,NONE,1,1,Mastodon,2025-03-17,2025-03-17,1,True,False,8.7,0.00032,2507
CVE-2025-0832,CVE-2025-0832-1,2025-03-17,Mastodon,8.7,high,0.00032,enriched,NETWORK,LOW,LOW,REQUIRED,CHANGED,HIGH,HIGH,NONE,1,1,Mastodon,2025-03-17,2025-03-17,1,True,False,8.7,0.00032,2511
CVE-2024-49559,CVE-2024-49559-1,2025-03-17,Mastodon,8.8,high,0.0004,enriched,NETWORK,LOW,LOW,NONE,UNCHANGED,HIGH,HIGH,HIGH,1,1,Mastodon,2025-03-17,2025-03-17,1,True,False,8.8,0.0004,1697
CVE-2025-0828,CVE-2025-0828-1,2025-03-17,Mastodon,8.7,high,0.00032,enriched,NETWORK,LOW,LOW,REQUIRED,CHANGED,HIGH,HIGH,NONE,1,1,Mastodon,2025-03-17,2025-03-17,1,True,False,8.7,0.00032,2508
CVE-2024-48831,CVE-2024-48831-1,2025-03-17,Mastodon,8.4,high,0.00023,enriched,LOCAL,LOW,NONE,NONE,UNCHANGED,HIGH,HIGH,HIGH,1,1,Mastodon,2025-03-17,2025-03-17,1,True,False,8.4,0.00023,1607
CVE-2025-0830,CVE-2025-0830-1,2025-03-17,Mastodon,8.7,high,0.00032,enriched,NETWORK,LOW,LOW,REQUIRED,CHANGED,HIGH,HIGH,NONE,1,1,Mastodon,2025-03-17,2025-03-17,1,True,False,8.7,0.00032,2510
CVE-2025-0599,CVE-2025-0599-1,2025-03-17,Mastodon,8.7,high,0.00032,enriched,NETWORK,LOW,LOW,REQUIRED,CHANGED,HIGH,HIGH,NONE,1,1,Mastodon,2025-03-17,2025-03-17,1,True,False,8.7,0.00032,2475
CVE-2024-40893,CVE-2024-40893-1,2025-03-17,Reddit,6.8,medium,0.26252,original,ADJACENT_NETWORK,LOW,HIGH,NONE,UNCHANGED,HIGH,HIGH,HIGH,1,1,Reddit,2025-03-17,2025-03-17,1,True,False,6.8,0.26252,1380
CVE-2024-40892,CVE-2024-40892-1,2025-03-17,Reddit,7.1,high,0.02068,original,ADJACENT_NETWORK,HIGH,NONE,REQUIRED,UNCHANGED,HIGH,HIGH,HIGH,1,1,Reddit,2025-03-17,2025-03-17,1,True,False,7.1,0.02068,1379
CVE-2025-0600,CVE-2025-0600-1,2025-03-17,Mastodon,8.7,high,0.00032,enriched,NETWORK,LOW,LOW,REQUIRED,CHANGED,HIGH,HIGH,NONE,1,1,Mastodon,2025-03-17,2025-03-17,1,True,False,8.7,0.00032,2476
CVE-2025-0598,CVE-2025-0598-1,2025-03-17,Mastodon,8.7,high,0.00032,enriched,NETWORK,LOW,LOW,REQUIRED,CHANGED,HIGH,HIGH,NONE,1,1,Mastodon,2025-03-17,2025-03-17,1,True,False,8.7,0.00032,2474
CVE-2025-2241,CVE-2025-2241-1,2025-03-17,Mastodon,8.2,high,0.00031,enriched,NETWORK,HIGH,LOW,NONE,CHANGED,HIGH,HIGH,NONE,1,1,Mastodon,2025-03-17,2025-03-17,1,True,True,8.2,0.00031,2830
CVE-2025-2370,CVE-2025-2370-1,2025-03-17,Mastodon,8.8,high,0.00077,original,NETWORK,LOW,LOW,NONE,UNCHANGED,HIGH,HIGH,HIGH,1,1,Mastodon,2025-03-17,2025-03-17,1,True,True,8.8,0.00077,2943
CVE-2025-2369,CVE-2025-2369-1,2025-03-17,Mastodon,8.8,high,0.00077,original,NETWORK,LOW,LOW,NONE,UNCHANGED,HIGH,HIGH,HIGH,1,1,Mastodon,2025-03-17,2025-03-17,1,True,True,8.8,0.00077,2942
CVE-2025-0596,CVE-2025-0596-1,2025-03-17,Mastodon,8.7,high,0.00032,enriched,NETWORK,LOW,LOW,REQUIRED,CHANGED,HIGH,HIGH,NONE,1,1,Mastodon,2025-03-17,2025-03-17,1,True,False,8.7,0.00032,2473
CVE-2025-0601,CVE-2025-0601-1,2025-03-17,Mastodon,8.7,high,0.00032,enriched,NETWORK,LOW,LOW,REQUIRED,CHANGED,HIGH,HIGH,NONE,1,1,Mastodon,2025-03-17,2025-03-17,1,True,False,8.7,0.00032,2477
CVE-2024-27564,CVE-2024-27564-1,2025-03-17,Reddit,5.8,medium,0.55355,original,NETWORK,LOW,NONE,NONE,CHANGED,LOW,NONE,NONE,1,1,Reddit,2025-03-17,2025-03-17,1,True,True,5.8,0.55355,1166
CVE-2025-0595,CVE-2025-0595-1,2025-03-17,Mastodon,8.7,high,0.00032,enriched,NETWORK,LOW,LOW,REQUIRED,CHANGED,HIGH,HIGH,NONE,1,1,Mastodon,2025-03-17,2025-03-17,1,True,False,8.7,0.00032,2472
CVE-2022-40684,CVE-2022-40684-1,2025-03-18,Mastodon,9.8,critical,0.94427,original,NETWORK,LOW,NONE,NONE,UNCHANGED,HIGH,HIGH,HIGH,3,2,"ExploitDB, Mastodon",2025-03-18,2025-04-16,4,True,False,9.8,0.94461,272
CVE-2022-40242,CVE-2022-40242-1,2025-03-18,BleepingComputer,7.5,high,0.00144,original,NETWORK,LOW,NONE,NONE,UNCHANGED,HIGH,NONE,NONE,2,1,BleepingComputer,2025-03-18,2025-03-18,2,True,False,7.5,0.00144,268
CVE-2022-40259,CVE-2022-40259-1,2025-03-18,BleepingComputer,8.3,high,0.00236,original,NETWORK,HIGH,NONE,REQUIRED,CHANGED,HIGH,HIGH,HIGH,2,1,BleepingComputer,2025-03-18,2025-03-18,2,True,False,8.3,0.00236,270
CVE-2025-0755,CVE-2025-0755-1,2025-03-18,Mastodon,8.4,high,0.00013,original,LOCAL,LOW,NONE,NONE,UNCHANGED,HIGH,HIGH,HIGH,2,2,"HackerNews, Mastodon",2025-03-18,2025-05-17,2,True,False,8.4,0.00019,2495
CVE-2022-26872,CVE-2022-26872-1,2025-03-18,BleepingComputer,8.3,high,0.00086,original,NETWORK,HIGH,NONE,REQUIRED,CHANGED,HIGH,HIGH,HIGH,2,1,BleepingComputer,2025-03-18,2025-03-18,2,True,False,8.3,0.00086,229
CVE-2023-34330,CVE-2023-34330-1,2025-03-18,BleepingComputer,8.2,high,0.00162,original,LOCAL,LOW,HIGH,NONE,CHANGED,HIGH,HIGH,HIGH,2,1,BleepingComputer,2025-03-18,2025-03-18,2,True,False,8.2,0.00162,453
CVE-2023-34329,CVE-2023-34329-1,2025-03-18,BleepingComputer,9.1,critical,0.00295,original,NETWORK,LOW,HIGH,NONE,CHANGED,HIGH,HIGH,HIGH,2,1,BleepingComputer,2025-03-18,2025-03-18,2,True,False,9.1,0.00295,452
CVE-2022-2827,CVE-2022-2827-1,2025-03-18,BleepingComputer,7.5,high,0.14725,original,NETWORK,LOW,NONE,NONE,UNCHANGED,HIGH,NONE,NONE,2,1,BleepingComputer,2025-03-18,2025-03-18,2,True,False,7.5,0.14725,234
CVE-2025-0694,CVE-2025-0694-1,2025-03-18,Mastodon,6.6,medium,0.00022,original,PHYSICAL,LOW,LOW,NONE,UNCHANGED,HIGH,HIGH,HIGH,1,1,Mastodon,2025-03-18,2025-03-18,1,True,False,6.6,0.00022,2487
CVE-2022-40258,CVE-2022-40258-1,2025-03-18,BleepingComputer,5.3,medium,0.00069,original,NETWORK,LOW,NONE,NONE,UNCHANGED,LOW,NONE,NONE,2,1,BleepingComputer,2025-03-18,2025-03-18,2,True,False,5.3,0.00069,269
CVE-2024-23943,CVE-2024-23943-1,2025-03-18,Mastodon,9.1,critical,0.00039,original,NETWORK,LOW,NONE,NONE,UNCHANGED,HIGH,HIGH,NONE,3,1,Mastodon,2025-03-18,2025-03-18,3,True,False,9.1,0.00039,1120
CVE-2025-25914,CVE-2025-25914-1,2025-03-18,Mastodon,9.8,critical,0.00042,original,NETWORK,LOW,NONE,NONE,UNCHANGED,HIGH,HIGH,HIGH,1,1,Mastodon,2025-03-18,2025-03-18,1,True,True,9.8,0.00042,3196
CVE-2024-21760,CVE-2024-21760-1,2025-03-18,Mastodon,8.4,high,0.00027,enriched,NETWORK,LOW,HIGH,REQUIRED,CHANGED,HIGH,HIGH,HIGH,1,1,Mastodon,2025-03-18,2025-03-18,1,True,False,8.4,0.00027,1090
CVE-2024-56346,CVE-2024-56346-1,2025-03-18,Mastodon,10.0,critical,0.00077,enriched,NETWORK,LOW,NONE,NONE,CHANGED,HIGH,HIGH,HIGH,1,1,Mastodon,2025-03-18,2025-03-18,1,True,False,10.0,0.00077,2186
CVE-2025-25220,CVE-2025-25220-1,2025-03-18,Mastodon,8.8,high,0.00553,original,NETWORK,LOW,LOW,NONE,UNCHANGED,HIGH,HIGH,HIGH,1,1,Mastodon,2025-03-18,2025-03-18,1,True,False,8.8,0.00553,3138
CVE-2025-1468,CVE-2025-1468-1,2025-03-18,Mastodon,7.5,high,0.00039,original,NETWORK,LOW,NONE,NONE,UNCHANGED,HIGH,NONE,NONE,1,1,Mastodon,2025-03-18,2025-03-18,1,True,False,7.5,0.00039,2592
CVE-2023-47539,CVE-2023-47539-1,2025-03-18,Mastodon,9.8,critical,0.00068,enriched,NETWORK,LOW,NONE,NONE,UNCHANGED,HIGH,HIGH,HIGH,1,1,Mastodon,2025-03-18,2025-03-18,1,True,False,9.8,0.00068,599
CVE-2024-23942,CVE-2024-23942-1,2025-03-18,Mastodon,7.1,high,0.00013,original,LOCAL,LOW,LOW,NONE,UNCHANGED,HIGH,NONE,HIGH,2,1,Mastodon,2025-03-18,2025-03-18,2,False,False,7.1,0.00013,1119
CVE-2024-55956,CVE-2024-55956-2,2025-03-18,BleepingComputer,9.8,critical,0.90833,original,NETWORK,LOW,NONE,NONE,UNCHANGED,HIGH,HIGH,HIGH,6,2,"BleepingComputer, HackerNews",2025-03-18,2025-05-01,6,True,False,9.8,0.92266,2107
CVE-2023-4220,CVE-2023-4220-1,2025-03-18,ExploitDB,8.1,high,0.92866,original,NETWORK,HIGH,NONE,NONE,UNCHANGED,HIGH,HIGH,HIGH,2,1,ExploitDB,2025-03-18,2025-03-18,2,True,True,8.1,0.92866,546
CVE-2024-41975,CVE-2024-41975-1,2025-03-18,Mastodon,5.3,medium,0.00029,original,NETWORK,LOW,NONE,NONE,UNCHANGED,LOW,NONE,NONE,1,1,Mastodon,2025-03-18,2025-03-18,1,True,False,5.3,0.00029,1407
CVE-2024-12563,CVE-2024-12563-1,2025-03-18,Mastodon,8.8,high,0.00075,enriched,NETWORK,LOW,LOW,NONE,UNCHANGED,HIGH,HIGH,HIGH,1,1,Mastodon,2025-03-18,2025-03-18,1,True,False,8.8,0.00075,885
CVE-2024-56347,CVE-2024-56347-1,2025-03-18,Mastodon,9.6,critical,0.00071,enriched,NETWORK,LOW,NONE,REQUIRED,CHANGED,HIGH,HIGH,HIGH,1,1,Mastodon,2025-03-18,2025-03-18,1,True,False,9.6,0.00071,2187
CVE-2024-43461,CVE-2024-43461-1,2025-03-18,BleepingComputer,8.8,high,0.75713,original,NETWORK,LOW,NONE,REQUIRED,UNCHANGED,HIGH,HIGH,HIGH,6,2,"BleepingComputer, HackerNews",2025-03-18,2025-04-28,6,True,False,8.8,0.75713,1448
CVE-2024-8997,CVE-2024-8997-1,2025-03-18,Mastodon,9.8,critical,0.00031,enriched,NETWORK,LOW,NONE,NONE,UNCHANGED,HIGH,HIGH,HIGH,1,1,Mastodon,2025-03-18,2025-03-18,1,True,False,9.8,0.00031,2352
CVE-2024-13790,CVE-2024-13790-1,2025-03-19,Mastodon,9.8,critical,0.00179,original,NETWORK,LOW,NONE,NONE,UNCHANGED,HIGH,HIGH,HIGH,1,1,Mastodon,2025-03-19,2025-03-19,1,True,False,9.8,0.00179,1028
CVE-2024-10441,CVE-2024-10441-1,2025-03-19,Mastodon,9.8,critical,0.00257,original,NETWORK,LOW,NONE,NONE,UNCHANGED,HIGH,HIGH,HIGH,1,1,Mastodon,2025-03-19,2025-03-19,1,True,False,9.8,0.00257,673
CVE-2025-30154,CVE-2025-30154-1,2025-03-19,Mastodon,8.6,high,0.00033,enriched,NETWORK,LOW,NONE,NONE,CHANGED,HIGH,NONE,NONE,1,1,Mastodon,2025-03-19,2025-03-19,1,True,True,8.6,0.00033,3546
CVE-2024-51459,CVE-2024-51459-1,2025-03-19,Mastodon,8.4,high,0.00013,enriched,LOCAL,LOW,NONE,NONE,UNCHANGED,HIGH,HIGH,HIGH,1,1,Mastodon,2025-03-19,2025-03-19,1,True,False,8.4,0.00013,1765
CVE-2024-11131,CVE-2024-11131-1,2025-03-19,Mastodon,9.8,critical,0.00226,original,NETWORK,LOW,NONE,NONE,UNCHANGED,HIGH,HIGH,HIGH,1,1,Mastodon,2025-03-19,2025-03-19,1,True,False,9.8,0.00226,740
CVE-2025-2512,CVE-2025-2512-1,2025-03-19,Mastodon,9.8,critical,0.00126,original,NETWORK,LOW,NONE,NONE,UNCHANGED,HIGH,HIGH,HIGH,1,1,Mastodon,2025-03-19,2025-03-19,1,True,False,9.8,0.00126,3128
CVE-2025-30234,CVE-2025-30234-1,2025-03-19,Mastodon,8.3,high,0.00019,original,ADJACENT_NETWORK,HIGH,NONE,NONE,CHANGED,HIGH,HIGH,HIGH,1,1,Mastodon,2025-03-19,2025-03-19,1,True,False,8.3,0.00019,3555
CVE-2024-10442,CVE-2024-10442-1,2025-03-19,Mastodon,10.0,critical,0.00226,original,NETWORK,LOW,NONE,NONE,CHANGED,HIGH,HIGH,HIGH,6,2,"Mastodon, Reddit",2025-03-19,2025-05-03,6,True,False,10.0,0.00279,674
CVE-2025-30236,CVE-2025-30236-1,2025-03-19,Mastodon,8.6,high,0.00044,original,NETWORK,LOW,NONE,NONE,CHANGED,NONE,HIGH,NONE,1,1,Mastodon,2025-03-19,2025-03-19,1,True,False,8.6,0.00044,3556
CVE-2023-0159,CVE-2023-0159-1,2025-03-19,ExploitDB,7.5,high,0.91604,original,NETWORK,LOW,NONE,NONE,UNCHANGED,HIGH,NONE,NONE,2,1,ExploitDB,2025-03-19,2025-03-19,2,True,False,7.5,0.91604,313
CVE-2024-13933,CVE-2024-13933-1,2025-03-19,Mastodon,8.8,high,0.00057,original,NETWORK,LOW,NONE,REQUIRED,UNCHANGED,HIGH,HIGH,HIGH,1,1,Mastodon,2025-03-19,2025-03-19,1,True,False,8.8,0.00057,1046
CVE-2024-29849,CVE-2024-29849-1,2025-03-19,Reddit,9.8,critical,0.6332,original,NETWORK,LOW,NONE,NONE,UNCHANGED,HIGH,HIGH,HIGH,5,2,"HackerNews, Reddit",2025-03-19,2025-04-28,5,True,False,9.8,0.6332,1195
CVE-2024-13410,CVE-2024-13410-1,2025-03-19,Mastodon,9.8,critical,0.00098,original,NETWORK,LOW,NONE,NONE,UNCHANGED,HIGH,HIGH,HIGH,1,1,Mastodon,2025-03-19,2025-03-19,1,True,False,9.8,0.00098,992
CVE-2024-13442,CVE-2024-13442-1,2025-03-19,Mastodon,9.8,critical,0.00057,original,NETWORK,LOW,NONE,NONE,UNCHANGED,HIGH,HIGH,HIGH,1,1,Mastodon,2025-03-19,2025-03-19,1,True,False,9.8,0.00057,995
CVE-2025-1232,CVE-2025-1232-1,2025-03-19,Mastodon,8.8,high,0.00023,original,NETWORK,LOW,NONE,REQUIRED,UNCHANGED,HIGH,HIGH,HIGH,1,1,Mastodon,2025-03-19,2025-03-19,1,True,False,8.8,0.00023,2560
CVE-2024-12295,CVE-2024-12295-1,2025-03-19,Mastodon,8.8,high,0.00039,original,NETWORK,LOW,LOW,NONE,UNCHANGED,HIGH,HIGH,HIGH,1,1,Mastodon,2025-03-19,2025-03-19,1,True,False,8.8,0.00039,859
CVE-2024-12920,CVE-2024-12920-1,2025-03-19,Mastodon,8.8,high,0.00057,original,NETWORK,LOW,LOW,NONE,UNCHANGED,HIGH,HIGH,HIGH,1,1,Mastodon,2025-03-19,2025-03-19,1,True,False,8.8,0.00057,944
CVE-2025-23120,CVE-2025-23120-5,2025-03-19,Reddit,8.8,high,0.00254,enriched,NETWORK,LOW,LOW,NONE,UNCHANGED,HIGH,HIGH,HIGH,13,4,"BleepingComputer, HackerNews, Mastodon, Reddit",2025-03-19,2025-04-28,14,True,False,8.8,0.00531,2908
CVE-2025-29783,CVE-2025-29783-1,2025-03-19,Mastodon,9.0,critical,0.00334,enriched,ADJACENT_NETWORK,LOW,LOW,NONE,CHANGED,HIGH,HIGH,HIGH,1,1,Mastodon,2025-03-19,2025-03-19,1,True,True,9.0,0.00334,3518
CVE-2024-12922,CVE-2024-12922-1,2025-03-19,Mastodon,9.8,critical,0.00052,original,NETWORK,LOW,NONE,NONE,UNCHANGED,HIGH,HIGH,HIGH,1,1,Mastodon,2025-03-19,2025-03-19,1,True,False,9.8,0.00052,945
CVE-2025-29137,CVE-2025-29137-1,2025-03-19,Mastodon,9.8,critical,0.00043,enriched,NETWORK,LOW,NONE,NONE,UNCHANGED,HIGH,HIGH,HIGH,1,1,Mastodon,2025-03-19,2025-03-19,1,True,True,9.8,0.00043,3491
CVE-2024-9053,CVE-2024-9053-1,2025-03-20,Mastodon,9.8,critical,0.00492,original,NETWORK,LOW,NONE,NONE,UNCHANGED,HIGH,HIGH,HIGH,1,1,Mastodon,2025-03-20,2025-03-20,1,True,False,9.8,0.00492,2355
CVE-2024-20440,CVE-2024-20440-2,2025-03-20,BleepingComputer,7.5,high,0.72559,original,NETWORK,LOW,NONE,NONE,UNCHANGED,HIGH,NONE,NONE,4,1,BleepingComputer,2025-03-20,2025-04-02,4,True,False,7.5,0.72559,1063
CVE-2024-20439,CVE-2024-20439-3,2025-03-20,BleepingComputer,9.8,critical,0.8321,original,NETWORK,LOW,NONE,NONE,UNCHANGED,HIGH,HIGH,HIGH,6,1,BleepingComputer,2025-03-20,2025-04-18,6,True,False,9.8,0.8945,1062
CVE-2024-9216,CVE-2024-9216-1,2025-03-20,Mastodon,8.1,high,0.00055,original,NETWORK,LOW,LOW,NONE,UNCHANGED,HIGH,HIGH,NONE,1,1,Mastodon,2025-03-20,2025-03-20,1,True,False,8.1,0.00055,2372
CVE-2024-9095,CVE-2024-9095-1,2025-03-20,Mastodon,9.8,critical,0.00045,original,NETWORK,LOW,NONE,NONE,UNCHANGED,HIGH,HIGH,HIGH,1,1,Mastodon,2025-03-20,2025-03-20,1,True,True,9.8,0.00045,2358
CVE-2024-9070,CVE-2024-9070-1,2025-03-20,Mastodon,9.8,critical,0.00072,original,NETWORK,LOW,NONE,NONE,UNCHANGED,HIGH,HIGH,HIGH,1,1,Mastodon,2025-03-20,2025-03-20,1,True,False,9.8,0.00072,2357
CVE-2025-0628,CVE-2025-0628-1,2025-03-20,Mastodon,8.1,high,0.00031,original,NETWORK,LOW,LOW,NONE,UNCHANGED,HIGH,HIGH,NONE,1,1,Mastodon,2025-03-20,2025-03-20,1,True,True,8.1,0.00031,2478
CVE-2024-8954,CVE-2024-8954-1,2025-03-20,Mastodon,9.8,critical,0.00075,original,NETWORK,LOW,NONE,NONE,UNCHANGED,HIGH,HIGH,HIGH,1,1,Mastodon,2025-03-20,2025-03-20,1,True,False,9.8,0.00075,2348
CVE-2024-8616,CVE-2024-8616-1,2025-03-20,Mastodon,8.2,high,0.00043,original,NETWORK,LOW,NONE,NONE,UNCHANGED,NONE,LOW,HIGH,1,1,Mastodon,2025-03-20,2025-03-20,1,True,False,8.2,0.00043,2333
CVE-2024-8999,CVE-2024-8999-1,2025-03-20,Mastodon,7.5,high,0.00075,original,NETWORK,LOW,NONE,NONE,UNCHANGED,HIGH,NONE,NONE,1,1,Mastodon,2025-03-20,2025-03-20,1,True,True,7.5,0.00075,2353
CVE-2025-2505,CVE-2025-2505-1,2025-03-20,Mastodon,9.8,critical,0.00153,original,NETWORK,LOW,NONE,NONE,UNCHANGED,HIGH,HIGH,HIGH,1,1,Mastodon,2025-03-20,2025-03-20,1,True,False,9.8,0.00153,3117
CVE-2024-9309,CVE-2024-9309-1,2025-03-20,Mastodon,9.3,critical,0.00032,original,NETWORK,LOW,NONE,NONE,CHANGED,HIGH,LOW,NONE,1,1,Mastodon,2025-03-20,2025-03-20,1,True,False,9.3,0.00032,2375
CVE-2024-9099,CVE-2024-9099-1,2025-03-20,Mastodon,8.1,high,0.00035,original,NETWORK,LOW,LOW,NONE,UNCHANGED,HIGH,HIGH,NONE,1,1,Mastodon,2025-03-20,2025-03-20,1,True,True,8.1,0.00035,2359
CVE-2024-9415,CVE-2024-9415-1,2025-03-20,Mastodon,8.8,high,0.00604,original,NETWORK,LOW,LOW,NONE,UNCHANGED,HIGH,HIGH,HIGH,1,1,Mastodon,2025-03-20,2025-03-20,1,True,False,8.8,0.00604,2379
CVE-2025-0185,CVE-2025-0185-1,2025-03-20,Mastodon,8.8,high,0.00445,original,NETWORK,LOW,LOW,NONE,UNCHANGED,HIGH,HIGH,HIGH,1,1,Mastodon,2025-03-20,2025-03-20,1,True,False,8.8,0.00445,2428
CVE-2025-1770,CVE-2025-1770-1,2025-03-20,Mastodon,8.8,high,0.00104,original,NETWORK,LOW,LOW,NONE,UNCHANGED,HIGH,HIGH,HIGH,1,1,Mastodon,2025-03-20,2025-03-20,1,True,False,8.8,0.00104,2621
CVE-2024-9919,CVE-2024-9919-1,2025-03-20,Mastodon,8.4,high,0.00023,original,LOCAL,LOW,NONE,NONE,UNCHANGED,HIGH,HIGH,HIGH,1,1,Mastodon,2025-03-20,2025-03-20,1,True,False,8.4,0.00023,2409
CVE-2024-9847,CVE-2024-9847-1,2025-03-20,Mastodon,8.0,high,0.00019,original,NETWORK,HIGH,HIGH,NONE,CHANGED,HIGH,HIGH,HIGH,1,1,Mastodon,2025-03-20,2025-03-20,1,True,True,8.0,0.00019,2407
CVE-2025-29922,CVE-2025-29922-1,2025-03-20,Mastodon,9.6,critical,0.0003,enriched,NETWORK,LOW,LOW,NONE,CHANGED,HIGH,HIGH,NONE,1,1,Mastodon,2025-03-20,2025-03-20,1,True,True,9.6,0.0003,3529
CVE-2024-9701,CVE-2024-9701-1,2025-03-20,Mastodon,9.8,critical,0.00563,original,NETWORK,LOW,NONE,NONE,UNCHANGED,HIGH,HIGH,HIGH,1,1,Mastodon,2025-03-20,2025-03-20,1,True,True,9.8,0.00563,2404
CVE-2025-29980,CVE-2025-29980-1,2025-03-20,Mastodon,9.8,critical,0.0004,enriched,NETWORK,LOW,NONE,NONE,UNCHANGED,HIGH,HIGH,HIGH,1,1,Mastodon,2025-03-20,2025-03-20,1,True,True,9.8,0.0004,3537
CVE-2025-2311,CVE-2025-2311-1,2025-03-20,Mastodon,9.0,critical,0.00026,original,ADJACENT_NETWORK,LOW,LOW,NONE,CHANGED,HIGH,HIGH,HIGH,1,1,Mastodon,2025-03-20,2025-03-20,1,True,False,9.0,0.00026,2904
CVE-2025-2538,CVE-2025-2538-1,2025-03-20,Mastodon,9.8,critical,0.0004,enriched,NETWORK,LOW,NONE,NONE,UNCHANGED,HIGH,HIGH,HIGH,1,1,Mastodon,2025-03-20,2025-03-20,1,True,False,9.8,0.0004,3153
CVE-2024-12016,CVE-2024-12016-1,2025-03-20,Mastodon,9.8,critical,0.00031,original,NETWORK,LOW,NONE,NONE,UNCHANGED,HIGH,HIGH,HIGH,1,1,Mastodon,2025-03-20,2025-03-20,1,True,False,9.8,0.00031,823
CVE-2025-2126,CVE-2025-2126-1,2025-03-20,ExploitDB,6.3,medium,0.0003,original,NETWORK,LOW,LOW,NONE,UNCHANGED,LOW,LOW,LOW,2,1,ExploitDB,2025-03-20,2025-03-20,2,True,False,6.3,0.0003,2721
CVE-2025-0452,CVE-2025-0452-1,2025-03-20,Mastodon,8.2,high,0.0007,original,NETWORK,LOW,NONE,NONE,UNCHANGED,NONE,LOW,HIGH,1,1,Mastodon,2025-03-20,2025-03-20,1,True,False,8.2,0.0007,2456
CVE-2025-26909,CVE-2025-26909-2,2025-03-20,BleepingComputer,9.6,critical,0.00097,enriched,NETWORK,LOW,NONE,REQUIRED,CHANGED,HIGH,HIGH,HIGH,3,2,"BleepingComputer, Mastodon",2025-03-20,2025-03-27,3,True,False,9.6,0.00097,3300
CVE-2024-8581,CVE-2024-8581-1,2025-03-20,Mastodon,9.1,critical,0.00048,original,NETWORK,LOW,NONE,NONE,UNCHANGED,NONE,HIGH,HIGH,1,1,Mastodon,2025-03-20,2025-03-20,1,True,True,9.1,0.00048,2331
CVE-2024-8613,CVE-2024-8613-1,2025-03-20,Mastodon,8.1,high,0.00031,original,NETWORK,LOW,LOW,NONE,UNCHANGED,HIGH,HIGH,NONE,1,1,Mastodon,2025-03-20,2025-03-20,1,True,True,8.1,0.00031,2332
CVE-2024-0305,CVE-2024-0305-1,2025-03-20,BleepingComputer,5.3,medium,0.90757,original,NETWORK,LOW,NONE,NONE,UNCHANGED,LOW,NONE,NONE,2,1,BleepingComputer,2025-03-20,2025-03-20,2,True,True,5.3,0.90757,653
CVE-2025-1040,CVE-2025-1040-1,2025-03-20,Mastodon,8.8,high,0.00519,original,NETWORK,LOW,LOW,NONE,UNCHANGED,HIGH,HIGH,HIGH,1,1,Mastodon,2025-03-20,2025-03-20,1,True,True,8.8,0.00519,2534
CVE-2024-9439,CVE-2024-9439-1,2025-03-20,Mastodon,8.8,high,0.00445,original,NETWORK,LOW,LOW,NONE,UNCHANGED,HIGH,HIGH,HIGH,1,1,Mastodon,2025-03-20,2025-03-20,1,True,False,8.8,0.00445,2381
CVE-2024-8769,CVE-2024-8769-1,2025-03-20,Mastodon,9.1,critical,0.0016,original,NETWORK,LOW,NONE,NONE,UNCHANGED,NONE,HIGH,HIGH,1,1,Mastodon,2025-03-20,2025-03-20,1,True,False,9.1,0.0016,2338
CVE-2024-8690,CVE-2024-8690-1,2025-03-21,Reddit,4.4,medium,0.00035,original,LOCAL,LOW,HIGH,NONE,UNCHANGED,NONE,NONE,HIGH,1,1,Reddit,2025-03-21,2025-03-21,1,True,False,4.4,0.00035,2336
CVE-2025-29223,CVE-2025-29223-1,2025-03-21,Mastodon,6.3,medium,0.01549,enriched,NETWORK,LOW,LOW,NONE,UNCHANGED,LOW,LOW,LOW,1,1,Mastodon,2025-03-21,2025-03-21,1,True,True,6.3,0.01549,3492
CVE-2025-29807,CVE-2025-29807-1,2025-03-21,Mastodon,8.7,high,0.0019,original,NETWORK,LOW,LOW,REQUIRED,CHANGED,HIGH,HIGH,NONE,1,1,Mastodon,2025-03-21,2025-03-21,1,True,False,8.7,0.0019,3521
CVE-2025-29927,CVE-2025-29927-3,2025-03-21,Mastodon,9.1,critical,0.0003,enriched,NETWORK,LOW,NONE,NONE,UNCHANGED,HIGH,HIGH,NONE,36,4,"BleepingComputer, ExploitDB, Mastodon, Reddit",2025-03-21,2025-05-26,45,True,True,9.1,0.93113,3530
CVE-2025-29226,CVE-2025-29226-1,2025-03-21,Mastodon,6.3,medium,0.01562,enriched,NETWORK,LOW,LOW,NONE,UNCHANGED,LOW,LOW,LOW,1,1,Mastodon,2025-03-21,2025-03-21,1,True,True,6.3,0.01562,3493
CVE-2024-9956,CVE-2024-9956-1,2025-03-21,Reddit,7.8,high,0.00032,original,LOCAL,LOW,NONE,REQUIRED,UNCHANGED,HIGH,HIGH,HIGH,2,1,Reddit,2025-03-21,2025-03-22,2,True,False,7.8,0.00032,2410
CVE-2025-29814,CVE-2025-29814-1,2025-03-21,Mastodon,9.3,critical,0.00066,original,NETWORK,LOW,NONE,REQUIRED,CHANGED,NONE,HIGH,HIGH,1,1,Mastodon,2025-03-21,2025-03-21,1,True,False,9.3,0.00066,3524
CVE-2025-2585,CVE-2025-2585-1,2025-03-21,Mastodon,8.8,high,0.0008,original,NETWORK,LOW,LOW,NONE,UNCHANGED,HIGH,HIGH,HIGH,1,1,Mastodon,2025-03-21,2025-03-21,1,True,False,8.8,0.0008,3191
CVE-2025-29227,CVE-2025-29227-1,2025-03-21,Mastodon,6.3,medium,0.01549,enriched,NETWORK,LOW,LOW,NONE,UNCHANGED,LOW,LOW,LOW,1,1,Mastodon,2025-03-21,2025-03-21,1,True,True,6.3,0.01549,3494
CVE-2025-26336,CVE-2025-26336-1,2025-03-21,Mastodon,8.3,high,0.001,original,NETWORK,LOW,NONE,REQUIRED,UNCHANGED,HIGH,LOW,HIGH,1,1,Mastodon,2025-03-21,2025-03-21,1,True,False,8.3,0.001,3223
CVE-2025-29230,CVE-2025-29230-1,2025-03-21,Mastodon,8.6,high,0.01579,enriched,NETWORK,LOW,NONE,NONE,UNCHANGED,LOW,HIGH,LOW,1,1,Mastodon,2025-03-21,2025-03-21,1,True,True,8.6,0.01579,3495
CVE-2025-2619,CVE-2025-2619-1,2025-03-22,Mastodon,9.8,critical,0.00072,enriched,NETWORK,LOW,NONE,NONE,UNCHANGED,HIGH,HIGH,HIGH,1,1,Mastodon,2025-03-22,2025-03-22,1,True,False,9.8,0.00072,3213
CVE-2025-2303,CVE-2025-2303-1,2025-03-22,Mastodon,8.8,high,0.0026,original,NETWORK,LOW,LOW,NONE,UNCHANGED,HIGH,HIGH,HIGH,1,1,Mastodon,2025-03-22,2025-03-22,1,True,False,8.8,0.0026,2901
CVE-2025-2609,CVE-2025-2609-1,2025-03-22,Mastodon,8.2,high,0.00088,original,NETWORK,LOW,NONE,REQUIRED,CHANGED,HIGH,LOW,NONE,1,1,Mastodon,2025-03-22,2025-03-22,1,True,True,8.2,0.00088,3209
CVE-2023-1545,CVE-2023-1545-3,2025-03-22,ExploitDB,7.5,high,0.34541,original,NETWORK,LOW,NONE,NONE,UNCHANGED,HIGH,NONE,NONE,2,1,ExploitDB,2025-03-22,2025-03-22,4,True,True,7.5,0.34541,321
CVE-2024-21320,CVE-2024-21320-1,2025-03-22,ExploitDB,6.5,medium,0.70116,original,NETWORK,LOW,NONE,REQUIRED,UNCHANGED,HIGH,NONE,NONE,2,1,ExploitDB,2025-03-22,2025-03-22,3,True,False,6.5,0.70116,1071
CVE-2025-2618,CVE-2025-2618-1,2025-03-22,Mastodon,9.8,critical,0.00072,enriched,NETWORK,LOW,NONE,NONE,UNCHANGED,HIGH,HIGH,HIGH,1,1,Mastodon,2025-03-22,2025-03-22,1,True,False,9.8,0.00072,3212
CVE-2025-30472,CVE-2025-30472-1,2025-03-22,Mastodon,9.0,critical,0.00023,original,NETWORK,HIGH,NONE,NONE,CHANGED,HIGH,HIGH,HIGH,1,1,Mastodon,2025-03-22,2025-03-22,1,True,True,9.0,0.00023,3585
CVE-2025-2621,CVE-2025-2621-1,2025-03-22,Mastodon,9.8,critical,0.00061,enriched,NETWORK,LOW,NONE,NONE,UNCHANGED,HIGH,HIGH,HIGH,1,1,Mastodon,2025-03-22,2025-03-22,1,True,False,9.8,0.00061,3217
CVE-2025-2620,CVE-2025-2620-1,2025-03-22,Mastodon,9.8,critical,0.09607,enriched,NETWORK,LOW,NONE,NONE,UNCHANGED,HIGH,HIGH,HIGH,1,1,Mastodon,2025-03-22,2025-03-22,1,True,False,9.8,0.09607,3214
CVE-2025-0724,CVE-2025-0724-1,2025-03-22,Mastodon,8.8,high,0.0008,original,NETWORK,LOW,LOW,NONE,UNCHANGED,HIGH,HIGH,HIGH,1,1,Mastodon,2025-03-22,2025-03-22,1,True,False,8.8,0.0008,2488
CVE-2025-2691,CVE-2025-2691-1,2025-03-23,Mastodon,8.2,high,0.00029,enriched,NETWORK,LOW,NONE,NONE,UNCHANGED,HIGH,LOW,NONE,1,1,Mastodon,2025-03-23,2025-03-23,1,True,False,8.2,0.00029,3301
CVE-2023-25610,CVE-2023-25610-1,2025-03-24,Mastodon,9.8,critical,0.04545,enriched,NETWORK,LOW,NONE,NONE,UNCHANGED,HIGH,HIGH,HIGH,1,1,Mastodon,2025-03-24,2025-03-24,1,True,False,9.8,0.04545,367
CVE-2025-26512,CVE-2025-26512-1,2025-03-24,Mastodon,9.9,critical,0.00039,enriched,NETWORK,LOW,LOW,NONE,CHANGED,HIGH,HIGH,HIGH,1,1,Mastodon,2025-03-24,2025-03-24,1,True,False,9.9,0.00039,3247
CVE-2025-2747,CVE-2025-2747-1,2025-03-24,Mastodon,9.8,critical,0.00098,enriched,NETWORK,LOW,NONE,NONE,UNCHANGED,HIGH,HIGH,HIGH,1,1,Mastodon,2025-03-24,2025-03-24,1,True,False,9.8,0.00098,3362
CVE-2025-2746,CVE-2025-2746-1,2025-03-24,Mastodon,9.8,critical,0.00098,enriched,NETWORK,LOW,NONE,NONE,UNCHANGED,HIGH,HIGH,HIGH,1,1,Mastodon,2025-03-24,2025-03-24,1,True,False,9.8,0.00098,3361
CVE-2025-30528,CVE-2025-30528-1,2025-03-24,Mastodon,9.3,critical,0.00016,enriched,NETWORK,LOW,NONE,NONE,CHANGED,HIGH,NONE,LOW,1,1,Mastodon,2025-03-24,2025-03-24,1,True,False,9.3,0.00016,3590
CVE-2024-53351,CVE-2024-53351-1,2025-03-24,Mastodon,9.8,critical,0.00014,original,NETWORK,LOW,NONE,NONE,UNCHANGED,HIGH,HIGH,HIGH,2,1,Mastodon,2025-03-24,2025-03-24,2,True,False,9.8,0.00014,1927
CVE-2025-2681,CVE-2025-2681-1,2025-03-24,Mastodon,7.3,high,0.0003,original,NETWORK,LOW,NONE,NONE,UNCHANGED,LOW,LOW,LOW,1,1,Mastodon,2025-03-24,2025-03-24,1,True,False,7.3,0.0003,3284
CVE-2025-2684,CVE-2025-2684-1,2025-03-24,Mastodon,7.3,high,0.0003,original,NETWORK,LOW,NONE,NONE,UNCHANGED,LOW,LOW,LOW,1,1,Mastodon,2025-03-24,2025-03-24,1,True,False,7.3,0.0003,3289
CVE-2025-2687,CVE-2025-2687-1,2025-03-24,Mastodon,6.3,medium,0.00036,original,NETWORK,LOW,LOW,NONE,UNCHANGED,LOW,LOW,LOW,1,1,Mastodon,2025-03-24,2025-03-24,1,True,False,6.3,0.00036,3291
CVE-2025-1974,CVE-2025-1974-2,2025-03-24,Mastodon,9.8,critical,0.00878,enriched,NETWORK,LOW,NONE,NONE,UNCHANGED,HIGH,HIGH,HIGH,15,3,"HackerNews, Mastodon, Reddit",2025-03-24,2025-05-22,21,True,False,9.8,0.87026,2646
CVE-2025-2689,CVE-2025-2689-1,2025-03-24,Mastodon,6.3,medium,0.00041,original,NETWORK,LOW,LOW,NONE,UNCHANGED,LOW,LOW,LOW,1,1,Mastodon,2025-03-24,2025-03-24,1,True,True,6.3,0.00041,3296
CVE-2025-30615,CVE-2025-30615-1,2025-03-24,Mastodon,9.6,critical,0.00018,enriched,NETWORK,LOW,NONE,REQUIRED,CHANGED,HIGH,HIGH,HIGH,1,1,Mastodon,2025-03-24,2025-03-24,1,True,False,9.6,0.00018,3597
CVE-2025-2690,CVE-2025-2690-1,2025-03-24,Mastodon,6.3,medium,0.00041,original,NETWORK,LOW,LOW,NONE,UNCHANGED,LOW,LOW,LOW,1,1,Mastodon,2025-03-24,2025-03-24,1,True,True,6.3,0.00041,3298
CVE-2024-10444,CVE-2024-10444-1,2025-03-24,Mastodon,7.5,high,0.00021,original,NETWORK,HIGH,NONE,REQUIRED,UNCHANGED,HIGH,HIGH,HIGH,1,1,Mastodon,2025-03-24,2025-03-24,1,False,False,7.5,0.00021,676
CVE-2025-30590,CVE-2025-30590-1,2025-03-24,Mastodon,8.5,high,0.0003,enriched,NETWORK,LOW,LOW,NONE,CHANGED,HIGH,NONE,LOW,1,1,Mastodon,2025-03-24,2025-03-24,1,True,False,8.5,0.0003,3596
CVE-2025-30569,CVE-2025-30569-1,2025-03-24,Mastodon,8.5,high,0.0003,enriched,NETWORK,LOW,LOW,NONE,CHANGED,HIGH,NONE,LOW,1,1,Mastodon,2025-03-24,2025-03-24,1,True,False,8.5,0.0003,3591
CVE-2025-2683,CVE-2025-2683-1,2025-03-24,Mastodon,7.3,high,0.0003,original,NETWORK,LOW,NONE,NONE,UNCHANGED,LOW,LOW,LOW,1,1,Mastodon,2025-03-24,2025-03-24,1,True,False,7.3,0.0003,3288
CVE-2025-1097,CVE-2025-1097-1,2025-03-25,Mastodon,8.8,high,0.0036,original,NETWORK,LOW,LOW,NONE,UNCHANGED,HIGH,HIGH,HIGH,4,3,"HackerNews, Mastodon, Reddit",2025-03-25,2025-05-09,7,True,False,8.8,0.05497,2549
CVE-2025-1098,CVE-2025-1098-1,2025-03-25,Mastodon,8.8,high,0.0036,original,NETWORK,LOW,LOW,NONE,UNCHANGED,HIGH,HIGH,HIGH,5,3,"HackerNews, Mastodon, Reddit",2025-03-25,2025-05-09,8,True,False,8.8,0.26921,2550
CVE-2025-28904,CVE-2025-28904-1,2025-03-25,Mastodon,9.3,critical,0.0003,enriched,NETWORK,LOW,NONE,NONE,CHANGED,HIGH,NONE,LOW,1,1,Mastodon,2025-03-25,2025-03-25,1,True,False,9.3,0.0003,3477
CVE-2025-24513,CVE-2025-24513-1,2025-03-25,Mastodon,4.8,medium,0.00166,original,NETWORK,HIGH,NONE,NONE,UNCHANGED,LOW,NONE,LOW,3,2,"HackerNews, Mastodon",2025-03-25,2025-05-09,5,True,False,4.8,0.00166,3056
CVE-2025-30216,CVE-2025-30216-1,2025-03-25,Mastodon,9.4,critical,0.00065,enriched,NETWORK,LOW,NONE,NONE,UNCHANGED,LOW,HIGH,HIGH,1,1,Mastodon,2025-03-25,2025-03-25,1,True,True,9.4,0.00065,3552
CVE-2025-2319,CVE-2025-2319-1,2025-03-25,Mastodon,8.8,high,0.0004,original,NETWORK,LOW,NONE,REQUIRED,UNCHANGED,HIGH,HIGH,HIGH,1,1,Mastodon,2025-03-25,2025-03-25,1,True,False,8.8,0.0004,2914
CVE-2024-42533,CVE-2024-42533-1,2025-03-25,Mastodon,9.8,critical,0.00277,enriched,NETWORK,LOW,NONE,NONE,UNCHANGED,HIGH,HIGH,HIGH,1,1,Mastodon,2025-03-25,2025-03-25,1,True,False,9.8,0.00277,1424
CVE-2025-24514,CVE-2025-24514-1,2025-03-25,Mastodon,8.8,high,0.0036,original,NETWORK,LOW,LOW,NONE,UNCHANGED,HIGH,HIGH,HIGH,4,3,"HackerNews, Mastodon, Reddit",2025-03-25,2025-05-09,7,True,False,8.8,0.29063,3057
CVE-2024-13617,CVE-2024-13617-1,2025-03-25,Mastodon,8.6,high,0.00023,original,NETWORK,LOW,NONE,NONE,CHANGED,HIGH,NONE,NONE,1,1,Mastodon,2025-03-25,2025-03-25,1,True,False,8.6,0.00023,1003
CVE-2024-4040,CVE-2024-4040-3,2025-03-25,BleepingComputer,9.8,critical,0.94274,original,NETWORK,LOW,NONE,NONE,UNCHANGED,HIGH,HIGH,HIGH,9,3,"BleepingComputer, HackerNews, Mastodon",2025-03-25,2025-04-28,9,True,False,9.8,0.94412,1355
CVE-2025-2732,CVE-2025-2732-1,2025-03-25,Mastodon,8.0,high,0.00198,original,ADJACENT_NETWORK,LOW,LOW,NONE,UNCHANGED,HIGH,HIGH,HIGH,1,1,Mastodon,2025-03-25,2025-03-25,1,True,True,8.0,0.00198,3351
CVE-2023-43177,CVE-2023-43177-2,2025-03-25,BleepingComputer,9.8,critical,0.89356,original,NETWORK,LOW,NONE,NONE,UNCHANGED,HIGH,HIGH,HIGH,4,1,BleepingComputer,2025-03-25,2025-04-01,4,True,True,9.8,0.89356,553
CVE-2025-22230,CVE-2025-22230-1,2025-03-25,BleepingComputer,7.8,high,0.00017,enriched,LOCAL,LOW,LOW,NONE,UNCHANGED,HIGH,HIGH,HIGH,7,3,"BleepingComputer, HackerNews, Reddit",2025-03-25,2025-04-28,7,True,False,7.8,0.00017,2816
CVE-2024-6671,CVE-2024-6671-1,2025-03-25,Mastodon,9.8,critical,0.12416,original,NETWORK,LOW,NONE,NONE,UNCHANGED,HIGH,HIGH,HIGH,1,1,Mastodon,2025-03-25,2025-03-25,1,False,False,9.8,0.12416,2300
CVE-2025-29635,CVE-2025-29635-1,2025-03-25,Mastodon,8.8,high,0.00289,enriched,NETWORK,LOW,LOW,NONE,UNCHANGED,HIGH,HIGH,HIGH,1,1,Mastodon,2025-03-25,2025-03-25,1,True,True,8.8,0.00289,3508
CVE-2020-1472,CVE-2020-1472-1,2025-03-25,Mastodon,5.5,medium,0.94448,original,LOCAL,LOW,LOW,NONE,UNCHANGED,HIGH,NONE,NONE,2,2,"Mastodon, Reddit",2025-03-25,2025-05-02,4,True,False,5.5,0.94448,126
CVE-2025-27147,CVE-2025-27147-1,2025-03-25,Mastodon,8.2,high,0.00042,enriched,NETWORK,LOW,HIGH,NONE,CHANGED,HIGH,LOW,LOW,1,1,Mastodon,2025-03-25,2025-03-25,1,True,True,8.2,0.00042,3330
CVE-2025-2725,CVE-2025-2725-1,2025-03-25,Mastodon,8.0,high,0.00198,original,ADJACENT_NETWORK,LOW,LOW,NONE,UNCHANGED,HIGH,HIGH,HIGH,1,1,Mastodon,2025-03-25,2025-03-25,1,True,True,8.0,0.00198,3334
CVE-2021-35587,CVE-2021-35587-2,2025-03-25,Reddit,9.8,critical,0.94197,original,NETWORK,LOW,NONE,NONE,UNCHANGED,HIGH,HIGH,HIGH,6,2,"BleepingComputer, Reddit",2025-03-25,2025-04-17,6,True,False,9.8,0.94225,180
CVE-2025-2726,CVE-2025-2726-1,2025-03-25,Mastodon,8.0,high,0.00198,original,ADJACENT_NETWORK,LOW,LOW,NONE,UNCHANGED,HIGH,HIGH,HIGH,1,1,Mastodon,2025-03-25,2025-03-25,1,True,True,8.0,0.00198,3338
CVE-2025-2727,CVE-2025-2727-1,2025-03-25,Mastodon,8.0,high,0.00198,original,ADJACENT_NETWORK,LOW,LOW,NONE,UNCHANGED,HIGH,HIGH,HIGH,2,1,Mastodon,2025-03-25,2025-03-25,2,True,True,8.0,0.00198,3341
CVE-2025-2728,CVE-2025-2728-1,2025-03-25,Mastodon,8.0,high,0.00198,original,ADJACENT_NETWORK,LOW,LOW,NONE,UNCHANGED,HIGH,HIGH,HIGH,2,1,Mastodon,2025-03-25,2025-03-25,2,True,True,8.0,0.00198,3344
CVE-2025-2729,CVE-2025-2729-1,2025-03-25,Mastodon,8.0,high,0.00198,original,ADJACENT_NETWORK,LOW,LOW,NONE,UNCHANGED,HIGH,HIGH,HIGH,1,1,Mastodon,2025-03-25,2025-03-25,1,True,True,8.0,0.00198,3346
CVE-2025-2730,CVE-2025-2730-1,2025-03-25,Mastodon,8.0,high,0.00198,original,ADJACENT_NETWORK,LOW,LOW,NONE,UNCHANGED,HIGH,HIGH,HIGH,1,1,Mastodon,2025-03-25,2025-03-25,1,True,True,8.0,0.00198,3348
CVE-2025-2731,CVE-2025-2731-1,2025-03-25,Mastodon,8.0,high,0.00198,original,ADJACENT_NETWORK,LOW,LOW,NONE,UNCHANGED,HIGH,HIGH,HIGH,1,1,Mastodon,2025-03-25,2025-03-25,1,True,True,8.0,0.00198,3349
CVE-2025-29314,CVE-2025-29314-1,2025-03-25,Mastodon,8.1,high,0.00018,original,NETWORK,HIGH,NONE,NONE,UNCHANGED,HIGH,HIGH,HIGH,1,1,Mastodon,2025-03-25,2025-03-25,1,True,False,8.1,0.00018,3500
CVE-2024-6670,CVE-2024-6670-1,2025-03-25,Mastodon,9.8,critical,0.94309,original,NETWORK,LOW,NONE,NONE,UNCHANGED,HIGH,HIGH,HIGH,1,1,Mastodon,2025-03-25,2025-03-25,1,False,False,9.8,0.94309,2299
CVE-2025-28893,CVE-2025-28893-1,2025-03-26,Mastodon,9.9,critical,0.00047,enriched,NETWORK,LOW,LOW,NONE,CHANGED,HIGH,HIGH,HIGH,1,1,Mastodon,2025-03-26,2025-03-26,1,True,False,9.9,0.00047,3475
CVE-2025-28898,CVE-2025-28898-1,2025-03-26,Mastodon,9.3,critical,0.0003,enriched,NETWORK,LOW,NONE,NONE,CHANGED,HIGH,NONE,LOW,1,1,Mastodon,2025-03-26,2025-03-26,1,True,False,9.3,0.0003,3476
CVE-2025-28942,CVE-2025-28942-1,2025-03-26,Mastodon,9.3,critical,0.0003,enriched,NETWORK,LOW,NONE,NONE,CHANGED,HIGH,NONE,LOW,1,1,Mastodon,2025-03-26,2025-03-26,1,True,False,9.3,0.0003,3482
CVE-2025-30353,CVE-2025-30353-1,2025-03-26,Mastodon,8.6,high,0.00031,enriched,NETWORK,LOW,NONE,NONE,CHANGED,HIGH,NONE,NONE,1,1,Mastodon,2025-03-26,2025-03-26,1,True,False,8.6,0.00031,3567
CVE-2025-28916,CVE-2025-28916-1,2025-03-26,Mastodon,9.8,critical,0.001,enriched,NETWORK,LOW,NONE,NONE,UNCHANGED,HIGH,HIGH,HIGH,1,1,Mastodon,2025-03-26,2025-03-26,1,True,False,9.8,0.001,3480
CVE-2025-28939,CVE-2025-28939-1,2025-03-26,Mastodon,8.5,high,0.00027,enriched,NETWORK,LOW,LOW,NONE,CHANGED,HIGH,NONE,LOW,1,1,Mastodon,2025-03-26,2025-03-26,1,True,False,8.5,0.00027,3481
CVE-2025-30524,CVE-2025-30524-1,2025-03-26,Mastodon,9.3,critical,0.0003,enriched,NETWORK,LOW,NONE,NONE,CHANGED,HIGH,NONE,LOW,1,1,Mastodon,2025-03-26,2025-03-26,1,True,False,9.3,0.0003,3589
CVE-2025-28873,CVE-2025-28873-1,2025-03-26,Mastodon,8.5,high,0.0003,enriched,NETWORK,LOW,LOW,NONE,CHANGED,HIGH,NONE,LOW,1,1,Mastodon,2025-03-26,2025-03-26,1,True,False,8.5,0.0003,3474
CVE-2025-23952,CVE-2025-23952-1,2025-03-26,Mastodon,8.1,high,0.001,enriched,NETWORK,HIGH,NONE,NONE,UNCHANGED,HIGH,HIGH,HIGH,1,1,Mastodon,2025-03-26,2025-03-26,1,True,False,8.1,0.001,2962
CVE-2025-2837,CVE-2025-2837-1,2025-03-26,Mastodon,8.8,high,0.00072,enriched,ADJACENT_NETWORK,LOW,NONE,NONE,UNCHANGED,HIGH,HIGH,HIGH,1,1,Mastodon,2025-03-26,2025-03-26,1,True,False,8.8,0.00072,3470
CVE-2024-55028,CVE-2024-55028-1,2025-03-26,Mastodon,9.8,critical,0.00019,original,NETWORK,LOW,NONE,NONE,UNCHANGED,HIGH,HIGH,HIGH,1,1,Mastodon,2025-03-26,2025-03-26,1,True,False,9.8,0.00019,2048
CVE-2025-25373,CVE-2025-25373-1,2025-03-26,Mastodon,9.8,critical,0.00015,original,NETWORK,LOW,NONE,NONE,UNCHANGED,HIGH,HIGH,HIGH,1,1,Mastodon,2025-03-26,2025-03-26,1,True,False,9.8,0.00015,3152
CVE-2024-47516,CVE-2024-47516-1,2025-03-26,Mastodon,9.8,critical,0.00251,original,NETWORK,LOW,NONE,NONE,UNCHANGED,HIGH,HIGH,HIGH,1,1,Mastodon,2025-03-26,2025-03-26,1,True,False,9.8,0.00251,1574
CVE-2024-0132,CVE-2024-0132-13,2025-03-26,ExploitDB,9.0,critical,0.02526,original,NETWORK,LOW,LOW,REQUIRED,CHANGED,HIGH,HIGH,HIGH,6,2,"ExploitDB, Reddit",2025-03-26,2025-04-15,13,True,False,9.0,0.04263,646
CVE-2025-24690,CVE-2025-24690-1,2025-03-26,Mastodon,8.1,high,0.00097,enriched,NETWORK,HIGH,NONE,NONE,UNCHANGED,HIGH,HIGH,HIGH,1,1,Mastodon,2025-03-26,2025-03-26,1,True,False,8.1,0.00097,3074
CVE-2024-13801,CVE-2024-13801-1,2025-03-26,Mastodon,8.1,high,0.00036,original,NETWORK,LOW,LOW,NONE,UNCHANGED,NONE,HIGH,HIGH,1,1,Mastodon,2025-03-26,2025-03-26,1,True,False,8.1,0.00036,1031
CVE-2024-48818,CVE-2024-48818-1,2025-03-26,Mastodon,9.8,critical,0.00058,original,NETWORK,LOW,NONE,NONE,UNCHANGED,HIGH,HIGH,HIGH,1,1,Mastodon,2025-03-26,2025-03-26,1,True,False,9.8,0.00058,1605
CVE-2025-26941,CVE-2025-26941-1,2025-03-26,Mastodon,9.3,critical,0.0003,enriched,NETWORK,LOW,NONE,NONE,CHANGED,HIGH,NONE,LOW,1,1,Mastodon,2025-03-26,2025-03-26,1,True,False,9.3,0.0003,3307
CVE-2025-26986,CVE-2025-26986-1,2025-03-26,Mastodon,8.1,high,0.00097,enriched,NETWORK,HIGH,NONE,NONE,UNCHANGED,HIGH,HIGH,HIGH,1,1,Mastodon,2025-03-26,2025-03-26,1,True,False,8.1,0.00097,3319
CVE-2025-2110,CVE-2025-2110-1,2025-03-26,Mastodon,8.8,high,0.00043,original,NETWORK,LOW,LOW,NONE,UNCHANGED,HIGH,HIGH,HIGH,1,1,Mastodon,2025-03-26,2025-03-26,1,True,False,8.8,0.00043,2705
CVE-2024-55030,CVE-2024-55030-1,2025-03-26,Mastodon,9.8,critical,0.00171,original,NETWORK,LOW,NONE,NONE,UNCHANGED,HIGH,HIGH,HIGH,1,1,Mastodon,2025-03-26,2025-03-26,1,True,False,9.8,0.00171,2049
CVE-2025-27832,CVE-2025-27832-1,2025-03-26,Mastodon,9.8,critical,0.00017,original,NETWORK,LOW,NONE,NONE,UNCHANGED,HIGH,HIGH,HIGH,1,1,Mastodon,2025-03-26,2025-03-26,1,True,False,9.8,0.00017,3431
CVE-2025-23937,CVE-2025-23937-1,2025-03-26,Mastodon,8.1,high,0.001,enriched,NETWORK,HIGH,NONE,NONE,UNCHANGED,HIGH,HIGH,HIGH,1,1,Mastodon,2025-03-26,2025-03-26,1,True,False,8.1,0.001,2956
CVE-2025-24071,CVE-2025-24071-2,2025-03-26,Mastodon,6.5,medium,0.19941,original,NETWORK,LOW,NONE,REQUIRED,UNCHANGED,HIGH,NONE,NONE,10,4,"BleepingComputer, ExploitDB, Mastodon, Reddit",2025-03-26,2025-06-01,25,True,False,6.5,0.72589,2980
CVE-2024-13146,CVE-2024-13146-1,2025-03-26,Mastodon,8.8,high,0.00018,original,NETWORK,LOW,NONE,REQUIRED,UNCHANGED,HIGH,HIGH,HIGH,1,1,Mastodon,2025-03-26,2025-03-26,1,True,False,8.8,0.00018,958
CVE-2025-2783,CVE-2025-2783-10,2025-03-26,BleepingComputer,8.3,high,0.01618,enriched,NETWORK,HIGH,NONE,REQUIRED,CHANGED,HIGH,HIGH,HIGH,15,4,"BleepingComputer, HackerNews, Mastodon, Reddit",2025-03-26,2025-05-17,26,True,False,8.3,0.0679,3429
CVE-2025-27831,CVE-2025-27831-1,2025-03-26,Mastodon,9.8,critical,0.00017,original,NETWORK,LOW,NONE,NONE,UNCHANGED,HIGH,HIGH,HIGH,1,1,Mastodon,2025-03-26,2025-03-26,1,True,False,9.8,0.00017,3430
CVE-2025-20229,CVE-2025-20229-1,2025-03-26,Mastodon,8.0,high,0.00084,enriched,NETWORK,LOW,LOW,REQUIRED,UNCHANGED,HIGH,HIGH,HIGH,1,1,Mastodon,2025-03-26,2025-03-26,1,True,False,8.0,0.00084,2688
CVE-2025-27836,CVE-2025-27836-1,2025-03-26,Mastodon,9.8,critical,0.00017,original,NETWORK,LOW,NONE,NONE,UNCHANGED,HIGH,HIGH,HIGH,1,1,Mastodon,2025-03-26,2025-03-26,1,True,False,9.8,0.00017,3432
CVE-2025-27837,CVE-2025-27837-1,2025-03-26,Mastodon,9.8,critical,0.00017,original,NETWORK,LOW,NONE,NONE,UNCHANGED,HIGH,HIGH,HIGH,1,1,Mastodon,2025-03-26,2025-03-26,1,True,False,9.8,0.00017,3433
CVE-2024-46528,CVE-2024-46528-1,2025-03-27,ExploitDB,4.3,medium,0.00078,original,NETWORK,LOW,LOW,NONE,UNCHANGED,LOW,NONE,NONE,2,1,ExploitDB,2025-03-27,2025-03-27,2,True,False,4.3,0.00078,1538
CVE-2025-22783,CVE-2025-22783-1,2025-03-27,Mastodon,8.5,high,0.0005,enriched,NETWORK,LOW,LOW,NONE,CHANGED,HIGH,NONE,LOW,1,1,Mastodon,2025-03-27,2025-03-27,1,True,False,8.5,0.0005,2872
CVE-2025-30891,CVE-2025-30891-1,2025-03-27,Mastodon,8.8,high,0.00112,original,NETWORK,LOW,LOW,NONE,UNCHANGED,HIGH,HIGH,HIGH,1,1,Mastodon,2025-03-27,2025-03-27,1,True,False,8.8,0.00112,3633
CVE-2025-30358,CVE-2025-30358-1,2025-03-27,Mastodon,8.1,high,0.00285,enriched,NETWORK,LOW,LOW,NONE,UNCHANGED,NONE,HIGH,HIGH,1,1,Mastodon,2025-03-27,2025-03-27,1,True,True,8.1,0.00285,3568
CVE-2024-55964,CVE-2024-55964-1,2025-03-27,Mastodon,9.8,critical,0.00053,original,NETWORK,LOW,NONE,NONE,UNCHANGED,HIGH,HIGH,HIGH,1,1,Mastodon,2025-03-27,2025-03-27,1,True,False,9.8,0.00053,2109
CVE-2024-45352,CVE-2024-45352-1,2025-03-27,Mastodon,8.8,high,0.00022,original,NETWORK,LOW,NONE,REQUIRED,UNCHANGED,HIGH,HIGH,HIGH,1,1,Mastodon,2025-03-27,2025-03-27,1,True,False,8.8,0.00022,1502
CVE-2024-44871,CVE-2024-44871-1,2025-03-27,ExploitDB,7.2,high,0.00473,original,NETWORK,LOW,HIGH,NONE,UNCHANGED,HIGH,HIGH,HIGH,2,1,ExploitDB,2025-03-27,2025-03-27,2,True,False,7.2,0.00473,1487
CVE-2025-30819,CVE-2025-30819-1,2025-03-27,Mastodon,8.5,high,0.00028,original,NETWORK,LOW,LOW,NONE,CHANGED,HIGH,NONE,LOW,1,1,Mastodon,2025-03-27,2025-03-27,1,True,False,8.5,0.00028,3622
CVE-2025-30775,CVE-2025-30775-1,2025-03-27,Mastodon,8.5,high,0.00028,original,NETWORK,LOW,LOW,NONE,CHANGED,HIGH,NONE,LOW,1,1,Mastodon,2025-03-27,2025-03-27,1,True,False,8.5,0.00028,3615
CVE-2025-30783,CVE-2025-30783-1,2025-03-27,Mastodon,8.2,high,0.00028,original,NETWORK,LOW,NONE,REQUIRED,CHANGED,HIGH,NONE,LOW,1,1,Mastodon,2025-03-27,2025-03-27,1,True,False,8.2,0.00028,3616
CVE-2025-30784,CVE-2025-30784-1,2025-03-27,Mastodon,8.5,high,0.00028,original,NETWORK,LOW,LOW,NONE,CHANGED,HIGH,NONE,LOW,1,1,Mastodon,2025-03-27,2025-03-27,1,True,False,8.5,0.00028,3617
CVE-2025-2255,CVE-2025-2255-1,2025-03-27,Mastodon,8.7,high,0.00015,enriched,NETWORK,LOW,LOW,REQUIRED,CHANGED,HIGH,HIGH,NONE,1,1,Mastodon,2025-03-27,2025-03-27,1,True,False,8.7,0.00015,2849
CVE-2025-30806,CVE-2025-30806-1,2025-03-27,Mastodon,8.5,high,0.00028,original,NETWORK,LOW,LOW,NONE,CHANGED,HIGH,NONE,LOW,1,1,Mastodon,2025-03-27,2025-03-27,1,True,False,8.5,0.00028,3619
CVE-2025-2332,CVE-2025-2332-1,2025-03-27,Mastodon,9.8,critical,0.00098,original,NETWORK,LOW,NONE,NONE,UNCHANGED,HIGH,HIGH,HIGH,1,1,Mastodon,2025-03-27,2025-03-27,1,True,False,9.8,0.00098,2927
CVE-2025-30810,CVE-2025-30810-1,2025-03-27,Mastodon,8.5,high,0.00028,original,NETWORK,LOW,LOW,NONE,CHANGED,HIGH,NONE,LOW,1,1,Mastodon,2025-03-27,2025-03-27,1,True,False,8.5,0.00028,3621
CVE-2025-30846,CVE-2025-30846-1,2025-03-27,Mastodon,8.8,high,0.00112,original,NETWORK,LOW,LOW,NONE,UNCHANGED,HIGH,HIGH,HIGH,1,1,Mastodon,2025-03-27,2025-03-27,1,True,False,8.8,0.00112,3625
CVE-2025-30772,CVE-2025-30772-1,2025-03-27,Mastodon,8.8,high,0.00042,original,NETWORK,LOW,LOW,NONE,UNCHANGED,HIGH,HIGH,HIGH,1,1,Mastodon,2025-03-27,2025-03-27,1,True,False,8.8,0.00042,3613
CVE-2025-30788,CVE-2025-30788-1,2025-03-27,Mastodon,8.2,high,0.00028,original,NETWORK,LOW,NONE,REQUIRED,CHANGED,HIGH,NONE,LOW,1,1,Mastodon,2025-03-27,2025-03-27,1,True,False,8.2,0.00028,3618
CVE-2025-26873,CVE-2025-26873-1,2025-03-27,Mastodon,9.0,critical,0.00041,enriched,NETWORK,HIGH,NONE,NONE,CHANGED,HIGH,HIGH,HIGH,1,1,Mastodon,2025-03-27,2025-03-27,1,True,False,9.0,0.00041,3294
CVE-2025-26011,CVE-2025-26011-1,2025-03-27,Mastodon,9.8,critical,0.00018,original,NETWORK,LOW,NONE,NONE,UNCHANGED,HIGH,HIGH,HIGH,1,1,Mastodon,2025-03-27,2025-03-27,1,True,True,9.8,0.00018,3207
CVE-2024-48120,CVE-2024-48120-1,2025-03-27,ExploitDB,5.4,medium,0.00076,original,NETWORK,LOW,LOW,REQUIRED,CHANGED,LOW,LOW,NONE,2,1,ExploitDB,2025-03-27,2025-03-27,2,True,False,5.4,0.00076,1597
CVE-2025-2857,CVE-2025-2857-12,2025-03-27,BleepingComputer,10.0,critical,0.00017,enriched,NETWORK,LOW,NONE,NONE,CHANGED,HIGH,HIGH,HIGH,11,4,"BleepingComputer, HackerNews, Mastodon, Reddit",2025-03-27,2025-05-22,12,True,False,10.0,0.00108,3473
CVE-2025-26898,CVE-2025-26898-1,2025-03-27,Mastodon,9.3,critical,0.0003,enriched,NETWORK,LOW,NONE,NONE,CHANGED,HIGH,NONE,LOW,1,1,Mastodon,2025-03-27,2025-03-27,1,True,False,9.3,0.0003,3297
CVE-2025-0731,CVE-2025-0731-1,2025-03-27,BleepingComputer,6.5,medium,0.00085,original,NETWORK,LOW,NONE,NONE,UNCHANGED,NONE,LOW,LOW,2,1,BleepingComputer,2025-03-27,2025-03-27,2,True,False,6.5,0.00085,2490
CVE-2025-26003,CVE-2025-26003-1,2025-03-27,Mastodon,9.8,critical,0.00014,original,NETWORK,LOW,NONE,NONE,UNCHANGED,HIGH,HIGH,HIGH,1,1,Mastodon,2025-03-27,2025-03-27,1,True,True,9.8,0.00014,3200
CVE-2025-26004,CVE-2025-26004-1,2025-03-27,Mastodon,9.8,critical,0.00018,original,NETWORK,LOW,NONE,NONE,UNCHANGED,HIGH,HIGH,HIGH,1,1,Mastodon,2025-03-27,2025-03-27,1,True,True,9.8,0.00018,3201
CVE-2025-26005,CVE-2025-26005-1,2025-03-27,Mastodon,9.8,critical,0.00018,original,NETWORK,LOW,NONE,NONE,UNCHANGED,HIGH,HIGH,HIGH,1,1,Mastodon,2025-03-27,2025-03-27,1,True,True,9.8,0.00018,3202
CVE-2025-26010,CVE-2025-26010-1,2025-03-27,Mastodon,9.8,critical,0.00018,original,NETWORK,LOW,NONE,NONE,UNCHANGED,HIGH,HIGH,HIGH,1,1,Mastodon,2025-03-27,2025-03-27,1,True,True,9.8,0.00018,3206
CVE-2025-26733,CVE-2025-26733-1,2025-03-27,Mastodon,8.2,high,0.00038,enriched,NETWORK,LOW,NONE,NONE,UNCHANGED,NONE,HIGH,LOW,1,1,Mastodon,2025-03-27,2025-03-27,1,True,False,8.2,0.00038,3275
CVE-2025-26006,CVE-2025-26006-1,2025-03-27,Mastodon,9.8,critical,0.00018,original,NETWORK,LOW,NONE,NONE,UNCHANGED,HIGH,HIGH,HIGH,1,1,Mastodon,2025-03-27,2025-03-27,1,True,True,9.8,0.00018,3203
CVE-2025-26007,CVE-2025-26007-1,2025-03-27,Mastodon,9.8,critical,0.00018,original,NETWORK,LOW,NONE,NONE,UNCHANGED,HIGH,HIGH,HIGH,1,1,Mastodon,2025-03-27,2025-03-27,1,True,True,9.8,0.00018,3204
CVE-2025-26008,CVE-2025-26008-1,2025-03-27,Mastodon,9.8,critical,0.00018,original,NETWORK,LOW,NONE,NONE,UNCHANGED,HIGH,HIGH,HIGH,1,1,Mastodon,2025-03-27,2025-03-27,1,True,True,9.8,0.00018,3205
CVE-2025-0811,CVE-2025-0811-1,2025-03-27,Mastodon,8.7,high,0.00015,enriched,NETWORK,LOW,LOW,REQUIRED,CHANGED,HIGH,HIGH,NONE,1,1,Mastodon,2025-03-27,2025-03-27,1,True,False,8.7,0.00015,2505
CVE-2025-31466,CVE-2025-31466-1,2025-03-28,Mastodon,8.5,high,0.00028,original,NETWORK,LOW,LOW,NONE,CHANGED,HIGH,NONE,LOW,1,1,Mastodon,2025-03-28,2025-03-28,1,True,False,8.5,0.00028,3688
CVE-2025-27932,CVE-2025-27932-1,2025-03-28,Mastodon,8.1,high,0.00085,original,NETWORK,LOW,LOW,NONE,UNCHANGED,NONE,HIGH,HIGH,1,1,Mastodon,2025-03-28,2025-03-28,1,True,False,8.1,0.00085,3440
CVE-2025-28138,CVE-2025-28138-1,2025-03-28,Mastodon,9.8,critical,0.00041,original,NETWORK,LOW,NONE,NONE,UNCHANGED,HIGH,HIGH,HIGH,1,1,Mastodon,2025-03-28,2025-03-28,1,True,True,9.8,0.00041,3461
CVE-2025-2815,CVE-2025-2815-1,2025-03-28,Mastodon,8.8,high,0.00042,original,NETWORK,LOW,LOW,NONE,UNCHANGED,HIGH,HIGH,HIGH,1,1,Mastodon,2025-03-28,2025-03-28,1,True,False,8.8,0.00042,3462
CVE-2025-27718,CVE-2025-27718-1,2025-03-28,Mastodon,8.8,high,0.00487,original,NETWORK,LOW,LOW,NONE,UNCHANGED,HIGH,HIGH,HIGH,1,1,Mastodon,2025-03-28,2025-03-28,1,True,False,8.8,0.00487,3416
CVE-2025-29306,CVE-2025-29306-1,2025-03-28,Mastodon,9.8,critical,0.00248,original,NETWORK,LOW,NONE,NONE,UNCHANGED,HIGH,HIGH,HIGH,5,3,"ExploitDB, Mastodon, Reddit",2025-03-28,2025-04-28,5,True,False,9.8,0.60424,3499
CVE-2025-22526,CVE-2025-22526-1,2025-03-28,Mastodon,9.8,critical,0.00026,enriched,NETWORK,LOW,NONE,NONE,UNCHANGED,HIGH,HIGH,HIGH,1,1,Mastodon,2025-03-28,2025-03-28,1,True,False,9.8,0.00026,2844
CVE-2025-24381,CVE-2025-24381-1,2025-03-28,Mastodon,8.8,high,0.00054,original,NETWORK,LOW,NONE,REQUIRED,UNCHANGED,HIGH,HIGH,HIGH,1,1,Mastodon,2025-03-28,2025-03-28,1,True,False,8.8,0.00054,3035
CVE-2024-23692,CVE-2024-23692-1,2025-03-28,ExploitDB,9.8,critical,0.94336,original,NETWORK,LOW,NONE,NONE,UNCHANGED,HIGH,HIGH,HIGH,2,1,ExploitDB,2025-03-28,2025-03-28,2,True,True,9.8,0.94336,1109
CVE-2025-22523,CVE-2025-22523-1,2025-03-28,Mastodon,9.3,critical,0.00024,enriched,NETWORK,LOW,NONE,NONE,CHANGED,HIGH,NONE,LOW,1,1,Mastodon,2025-03-28,2025-03-28,1,True,False,9.3,0.00024,2843
CVE-2025-24383,CVE-2025-24383-1,2025-03-28,Mastodon,9.1,critical,0.14935,original,NETWORK,LOW,NONE,NONE,UNCHANGED,NONE,HIGH,HIGH,1,1,Mastodon,2025-03-28,2025-03-28,1,True,False,9.1,0.14935,3036
CVE-2025-29928,CVE-2025-29928-1,2025-03-28,Mastodon,8.0,high,0.00034,enriched,NETWORK,HIGH,NONE,REQUIRED,CHANGED,HIGH,HIGH,NONE,1,1,Mastodon,2025-03-28,2025-03-28,1,True,True,8.0,0.00034,3531
CVE-2025-2294,CVE-2025-2294-1,2025-03-28,Mastodon,9.8,critical,0.01247,original,NETWORK,LOW,NONE,NONE,UNCHANGED,HIGH,HIGH,HIGH,3,2,"ExploitDB, Mastodon",2025-03-28,2025-04-05,10,True,False,9.8,0.32233,2888
CVE-2025-30093,CVE-2025-30093-1,2025-03-28,Mastodon,8.1,high,0.00018,original,NETWORK,LOW,LOW,NONE,UNCHANGED,HIGH,HIGH,NONE,1,1,Mastodon,2025-03-28,2025-03-28,1,True,False,8.1,0.00018,3543
CVE-2025-25686,CVE-2025-25686-1,2025-03-28,Mastodon,9.8,critical,0.00014,original,NETWORK,LOW,NONE,NONE,UNCHANGED,HIGH,HIGH,HIGH,1,1,Mastodon,2025-03-28,2025-03-28,1,True,False,9.8,0.00014,3182
CVE-2025-30232,CVE-2025-30232-1,2025-03-28,Mastodon,8.1,high,0.0002,original,LOCAL,HIGH,NONE,NONE,CHANGED,HIGH,HIGH,HIGH,1,1,Mastodon,2025-03-28,2025-03-28,1,True,False,8.1,0.0002,3554
CVE-2025-2328,CVE-2025-2328-1,2025-03-28,Mastodon,8.8,high,0.00175,original,NETWORK,LOW,NONE,REQUIRED,UNCHANGED,HIGH,HIGH,HIGH,1,1,Mastodon,2025-03-28,2025-03-28,1,True,False,8.8,0.00175,2926
CVE-2025-22398,CVE-2025-22398-1,2025-03-28,Mastodon,9.8,critical,0.01109,original,NETWORK,LOW,NONE,NONE,UNCHANGED,HIGH,HIGH,HIGH,1,1,Mastodon,2025-03-28,2025-03-28,1,True,False,9.8,0.01109,2829
CVE-2024-4956,CVE-2024-4956-1,2025-03-28,ExploitDB,7.5,high,0.93821,original,NETWORK,LOW,NONE,NONE,UNCHANGED,HIGH,NONE,NONE,2,1,ExploitDB,2025-03-28,2025-03-28,4,True,False,7.5,0.93821,1698
CVE-2024-44000,CVE-2024-44000-1,2025-03-28,ExploitDB,9.8,critical,0.88493,original,NETWORK,LOW,NONE,NONE,UNCHANGED,HIGH,HIGH,HIGH,2,1,ExploitDB,2025-03-28,2025-03-28,2,True,False,9.8,0.88493,1474
CVE-2024-54291,CVE-2024-54291-1,2025-03-28,Mastodon,8.6,high,0.0004,enriched,NETWORK,LOW,NONE,NONE,CHANGED,NONE,NONE,HIGH,1,1,Mastodon,2025-03-28,2025-03-28,1,True,False,8.6,0.0004,2008
CVE-2024-8945,CVE-2024-8945-1,2025-03-28,ExploitDB,5.5,medium,0.00106,original,NETWORK,LOW,LOW,REQUIRED,UNCHANGED,LOW,LOW,LOW,2,1,ExploitDB,2025-03-28,2025-03-28,2,True,False,5.5,0.00106,2346
CVE-2024-54362,CVE-2024-54362-1,2025-03-28,Mastodon,8.1,high,0.0003,enriched,NETWORK,HIGH,NONE,NONE,UNCHANGED,HIGH,HIGH,HIGH,1,1,Mastodon,2025-03-28,2025-03-28,1,True,False,8.1,0.0003,2018
CVE-2024-4358,CVE-2024-4358-1,2025-03-28,ExploitDB,9.8,critical,0.94087,original,NETWORK,LOW,NONE,NONE,UNCHANGED,HIGH,HIGH,HIGH,2,1,ExploitDB,2025-03-28,2025-03-28,2,True,False,9.8,0.94087,1451
CVE-2025-2249,CVE-2025-2249-1,2025-03-29,Mastodon,8.8,high,0.00091,original,NETWORK,LOW,LOW,NONE,UNCHANGED,HIGH,HIGH,HIGH,1,1,Mastodon,2025-03-29,2025-03-29,1,True,False,8.8,0.00091,2837
CVE-2025-2006,CVE-2025-2006-1,2025-03-29,Mastodon,8.8,high,0.00135,original,NETWORK,LOW,LOW,NONE,UNCHANGED,HIGH,HIGH,HIGH,1,1,Mastodon,2025-03-29,2025-03-29,1,True,False,8.8,0.00135,2658
CVE-2023-48292,CVE-2023-48292-1,2025-03-29,ExploitDB,9.6,critical,0.00829,original,NETWORK,LOW,NONE,REQUIRED,CHANGED,HIGH,HIGH,HIGH,2,1,ExploitDB,2025-03-29,2025-03-29,2,True,True,9.6,0.00829,602
CVE-2025-31160,CVE-2025-31160-1,2025-03-29,Mastodon,2.9,low,0.00021,original,LOCAL,HIGH,NONE,NONE,UNCHANGED,NONE,NONE,LOW,1,1,Mastodon,2025-03-29,2025-03-29,1,True,False,2.9,0.00021,3665
CVE-2025-2266,CVE-2025-2266-1,2025-03-29,Mastodon,9.8,critical,0.00052,original,NETWORK,LOW,NONE,NONE,UNCHANGED,HIGH,HIGH,HIGH,1,1,Mastodon,2025-03-29,2025-03-29,1,True,False,9.8,0.00052,2862
CVE-2025-30004,CVE-2025-30004-1,2025-03-31,Mastodon,9.1,critical,0.00162,enriched,NETWORK,LOW,HIGH,NONE,CHANGED,HIGH,HIGH,HIGH,1,1,Mastodon,2025-03-31,2025-03-31,1,True,False,9.1,0.00162,3540
CVE-2025-1268,CVE-2025-1268-1,2025-03-31,Mastodon,9.4,critical,0.00041,original,NETWORK,LOW,NONE,NONE,UNCHANGED,HIGH,HIGH,LOW,1,1,Mastodon,2025-03-31,2025-03-31,3,True,False,9.4,0.00041,2566
CVE-2025-3011,CVE-2025-3011-1,2025-03-31,Mastodon,9.8,critical,0.00081,original,NETWORK,LOW,NONE,NONE,UNCHANGED,HIGH,HIGH,HIGH,1,1,Mastodon,2025-03-31,2025-03-31,1,True,False,9.8,0.00081,3545
CVE-2025-28256,CVE-2025-28256-1,2025-03-31,Mastodon,9.8,critical,0.00051,original,NETWORK,LOW,NONE,NONE,UNCHANGED,HIGH,HIGH,HIGH,1,1,Mastodon,2025-03-31,2025-03-31,1,True,True,9.8,0.00051,3469
CVE-2025-25211,CVE-2025-25211-1,2025-03-31,Mastodon,9.8,critical,0.00042,original,NETWORK,LOW,NONE,NONE,UNCHANGED,HIGH,HIGH,HIGH,1,1,Mastodon,2025-03-31,2025-03-31,1,True,False,9.8,0.00042,3137
CVE-2025-28091,CVE-2025-28091-1,2025-03-31,Mastodon,9.1,critical,0.00018,original,NETWORK,LOW,NONE,NONE,UNCHANGED,HIGH,HIGH,NONE,1,1,Mastodon,2025-03-31,2025-03-31,1,True,False,9.1,0.00018,3457
CVE-2025-29266,CVE-2025-29266-1,2025-03-31,Mastodon,9.6,critical,0.00086,enriched,ADJACENT_NETWORK,LOW,NONE,NONE,CHANGED,HIGH,HIGH,HIGH,1,1,Mastodon,2025-03-31,2025-03-31,1,True,False,9.6,0.00086,3496
CVE-2025-28090,CVE-2025-28090-1,2025-03-31,Mastodon,9.1,critical,0.00018,original,NETWORK,LOW,NONE,NONE,UNCHANGED,HIGH,HIGH,NONE,1,1,Mastodon,2025-03-31,2025-03-31,1,True,False,9.1,0.00018,3456
CVE-2025-0678,CVE-2025-0678-1,2025-03-31,BleepingComputer,7.8,high,0.00014,original,LOCAL,LOW,LOW,NONE,UNCHANGED,HIGH,HIGH,HIGH,2,1,BleepingComputer,2025-03-31,2025-03-31,2,True,False,7.8,0.00014,2484
CVE-2025-25579,CVE-2025-25579-1,2025-03-31,Mastodon,9.8,critical,0.00151,original,NETWORK,LOW,NONE,NONE,UNCHANGED,HIGH,HIGH,HIGH,1,1,Mastodon,2025-03-31,2025-03-31,1,True,False,9.8,0.00151,3167
CVE-2025-30223,CVE-2025-30223-1,2025-03-31,Mastodon,9.3,critical,0.00033,enriched,NETWORK,LOW,NONE,REQUIRED,CHANGED,HIGH,HIGH,NONE,1,1,Mastodon,2025-03-31,2025-03-31,1,True,True,9.3,0.00033,3553
CVE-2024-13804,CVE-2024-13804-1,2025-03-31,Mastodon,9.8,critical,0.00018,original,NETWORK,LOW,NONE,NONE,UNCHANGED,HIGH,HIGH,HIGH,1,1,Mastodon,2025-03-31,2025-03-31,1,True,False,9.8,0.00018,1032
CVE-2021-25742,CVE-2021-25742-1,2025-03-31,Mastodon,7.6,high,0.00676,original,NETWORK,LOW,LOW,NONE,UNCHANGED,HIGH,LOW,LOW,1,1,Mastodon,2025-03-31,2025-03-31,1,True,False,7.6,0.00676,158
CVE-2025-31526,CVE-2025-31526-1,2025-03-31,Mastodon,8.5,high,0.0003,enriched,NETWORK,LOW,LOW,NONE,CHANGED,HIGH,NONE,LOW,1,1,Mastodon,2025-03-31,2025-03-31,1,True,False,8.5,0.0003,3694
CVE-2025-28089,CVE-2025-28089-1,2025-03-31,Mastodon,9.1,critical,0.00018,original,NETWORK,LOW,NONE,NONE,UNCHANGED,HIGH,HIGH,NONE,1,1,Mastodon,2025-03-31,2025-03-31,1,True,False,9.1,0.00018,3455
CVE-2025-26683,CVE-2025-26683-1,2025-03-31,Mastodon,8.1,high,0.00081,enriched,NETWORK,HIGH,NONE,NONE,UNCHANGED,HIGH,HIGH,HIGH,1,1,Mastodon,2025-03-31,2025-03-31,1,True,False,8.1,0.00081,3270
CVE-2025-26689,CVE-2025-26689-1,2025-03-31,Mastodon,9.8,critical,0.0007,original,NETWORK,LOW,NONE,NONE,UNCHANGED,HIGH,HIGH,HIGH,1,1,Mastodon,2025-03-31,2025-03-31,1,True,False,9.8,0.0007,3272
CVE-2025-31129,CVE-2025-31129-1,2025-03-31,Mastodon,8.8,high,0.00041,enriched,NETWORK,LOW,NONE,REQUIRED,UNCHANGED,HIGH,HIGH,HIGH,1,1,Mastodon,2025-03-31,2025-03-31,1,True,True,8.8,0.00041,3661
CVE-2025-31542,CVE-2025-31542-1,2025-03-31,Mastodon,8.5,high,0.0003,enriched,NETWORK,LOW,LOW,NONE,CHANGED,HIGH,NONE,LOW,1,1,Mastodon,2025-03-31,2025-03-31,1,True,False,8.5,0.0003,3697
CVE-2025-31547,CVE-2025-31547-1,2025-03-31,Mastodon,8.5,high,0.0003,enriched,NETWORK,LOW,LOW,NONE,CHANGED,HIGH,NONE,LOW,1,1,Mastodon,2025-03-31,2025-03-31,1,True,False,8.5,0.0003,3698
CVE-2025-31123,CVE-2025-31123-1,2025-03-31,Mastodon,8.7,high,0.00049,enriched,NETWORK,LOW,HIGH,NONE,CHANGED,HIGH,HIGH,NONE,1,1,Mastodon,2025-03-31,2025-03-31,1,True,True,8.7,0.00049,3660
CVE-2025-28087,CVE-2025-28087-1,2025-03-31,Mastodon,9.8,critical,0.00014,original,NETWORK,LOW,NONE,NONE,UNCHANGED,HIGH,HIGH,HIGH,1,1,Mastodon,2025-03-31,2025-03-31,1,True,False,9.8,0.00014,3454
CVE-2025-24279,CVE-2025-24279-1,2025-04-01,Mastodon,4.3,medium,0.0004,original,NETWORK,LOW,LOW,NONE,UNCHANGED,LOW,NONE,NONE,1,1,Mastodon,2025-04-01,2025-04-01,1,True,False,4.3,0.0004,3026
CVE-2025-24235,CVE-2025-24235-1,2025-04-01,Mastodon,5.5,medium,0.00106,original,LOCAL,LOW,LOW,NONE,UNCHANGED,NONE,NONE,HIGH,1,1,Mastodon,2025-04-01,2025-04-01,1,True,False,5.5,0.00106,3020
CVE-2025-31619,CVE-2025-31619-1,2025-04-01,Mastodon,8.5,high,0.0003,enriched,NETWORK,LOW,LOW,NONE,CHANGED,HIGH,NONE,LOW,1,1,Mastodon,2025-04-01,2025-04-01,1,True,False,8.5,0.0003,3708
CVE-2025-24228,CVE-2025-24228-1,2025-04-01,BleepingComputer,7.8,high,0.00017,original,LOCAL,LOW,NONE,REQUIRED,UNCHANGED,HIGH,HIGH,HIGH,2,1,BleepingComputer,2025-04-01,2025-04-01,2,True,False,7.8,0.00017,3019
CVE-2025-22277,CVE-2025-22277-1,2025-04-01,Mastodon,8.8,high,0.00055,original,NETWORK,LOW,LOW,NONE,UNCHANGED,HIGH,HIGH,HIGH,1,1,Mastodon,2025-04-01,2025-04-01,1,True,False,8.8,0.00055,2819
CVE-2025-2237,CVE-2025-2237-1,2025-04-01,Mastodon,9.8,critical,0.00139,original,NETWORK,LOW,NONE,NONE,UNCHANGED,HIGH,HIGH,HIGH,1,1,Mastodon,2025-04-01,2025-04-01,1,True,False,9.8,0.00139,2825
CVE-2025-31074,CVE-2025-31074-1,2025-04-01,Mastodon,8.8,high,0.00048,original,NETWORK,LOW,LOW,NONE,UNCHANGED,HIGH,HIGH,HIGH,1,1,Mastodon,2025-04-01,2025-04-01,1,True,False,8.8,0.00048,3653
CVE-2025-31182,CVE-2025-31182-1,2025-04-01,BleepingComputer,9.8,critical,0.00037,original,NETWORK,LOW,NONE,NONE,UNCHANGED,HIGH,HIGH,HIGH,2,1,BleepingComputer,2025-04-01,2025-04-01,2,True,False,9.8,0.00037,3673
CVE-2025-31612,CVE-2025-31612-1,2025-04-01,Mastodon,9.8,critical,0.00041,enriched,NETWORK,LOW,NONE,NONE,UNCHANGED,HIGH,HIGH,HIGH,1,1,Mastodon,2025-04-01,2025-04-01,1,True,False,9.8,0.00041,3707
CVE-2025-31579,CVE-2025-31579-1,2025-04-01,Mastodon,9.3,critical,0.0003,enriched,NETWORK,LOW,NONE,NONE,CHANGED,HIGH,NONE,LOW,1,1,Mastodon,2025-04-01,2025-04-01,1,True,False,9.3,0.0003,3705
CVE-2025-31564,CVE-2025-31564-1,2025-04-01,Mastodon,8.5,high,0.0003,enriched,NETWORK,LOW,LOW,NONE,CHANGED,HIGH,NONE,LOW,1,1,Mastodon,2025-04-01,2025-04-01,1,True,False,8.5,0.0003,3704
CVE-2025-24213,CVE-2025-24213-1,2025-04-01,BleepingComputer,7.8,high,0.00018,original,LOCAL,LOW,NONE,REQUIRED,UNCHANGED,HIGH,HIGH,HIGH,2,1,BleepingComputer,2025-04-01,2025-04-01,2,True,False,7.8,0.00018,3018
CVE-2025-31561,CVE-2025-31561-1,2025-04-01,Mastodon,8.5,high,0.0003,enriched,NETWORK,LOW,LOW,NONE,CHANGED,HIGH,NONE,LOW,1,1,Mastodon,2025-04-01,2025-04-01,1,True,False,8.5,0.0003,3703
CVE-2025-2891,CVE-2025-2891-1,2025-04-01,Mastodon,8.8,high,0.00236,original,NETWORK,LOW,LOW,NONE,UNCHANGED,HIGH,HIGH,HIGH,1,1,Mastodon,2025-04-01,2025-04-01,1,True,False,8.8,0.00236,3478
CVE-2025-31553,CVE-2025-31553-1,2025-04-01,Mastodon,9.3,critical,0.0003,enriched,NETWORK,LOW,NONE,NONE,CHANGED,HIGH,NONE,LOW,1,1,Mastodon,2025-04-01,2025-04-01,1,True,False,9.3,0.0003,3702
CVE-2025-31552,CVE-2025-31552-1,2025-04-01,Mastodon,9.3,critical,0.0003,enriched,NETWORK,LOW,NONE,NONE,CHANGED,HIGH,NONE,LOW,1,1,Mastodon,2025-04-01,2025-04-01,1,True,False,9.3,0.0003,3701
CVE-2025-31551,CVE-2025-31551-1,2025-04-01,Mastodon,9.3,critical,0.0003,enriched,NETWORK,LOW,NONE,NONE,CHANGED,HIGH,NONE,LOW,1,1,Mastodon,2025-04-01,2025-04-01,1,True,False,9.3,0.0003,3700
CVE-2025-31534,CVE-2025-31534-1,2025-04-01,Mastodon,9.3,critical,0.0003,enriched,NETWORK,LOW,NONE,NONE,CHANGED,HIGH,NONE,LOW,1,1,Mastodon,2025-04-01,2025-04-01,1,True,False,9.3,0.0003,3696
CVE-2025-31531,CVE-2025-31531-1,2025-04-01,Mastodon,9.3,critical,0.0003,enriched,NETWORK,LOW,NONE,NONE,CHANGED,HIGH,NONE,LOW,1,1,Mastodon,2025-04-01,2025-04-01,1,True,False,9.3,0.0003,3695
CVE-2025-31082,CVE-2025-31082-1,2025-04-01,Mastodon,8.1,high,0.00106,enriched,NETWORK,HIGH,NONE,NONE,UNCHANGED,HIGH,HIGH,HIGH,1,1,Mastodon,2025-04-01,2025-04-01,1,True,False,8.1,0.00106,3654
CVE-2025-21384,CVE-2025-21384-1,2025-04-01,Mastodon,8.3,high,0.00079,original,NETWORK,LOW,LOW,NONE,UNCHANGED,HIGH,HIGH,LOW,1,1,Mastodon,2025-04-01,2025-04-01,1,True,False,8.3,0.00079,2761
CVE-2025-31161,CVE-2025-31161-22,2025-04-01,BleepingComputer,9.8,critical,0.00074,enriched,NETWORK,LOW,NONE,NONE,UNCHANGED,HIGH,HIGH,HIGH,20,4,"BleepingComputer, ExploitDB, Mastodon, Reddit",2025-04-01,2025-05-24,24,True,False,9.8,0.8174,3666
CVE-2025-24180,CVE-2025-24180-1,2025-04-01,BleepingComputer,8.1,high,0.00018,original,NETWORK,LOW,NONE,REQUIRED,UNCHANGED,HIGH,HIGH,NONE,2,1,BleepingComputer,2025-04-01,2025-04-01,2,True,False,8.1,0.00018,3012
CVE-2025-24267,CVE-2025-24267-1,2025-04-01,BleepingComputer,7.8,high,0.00014,original,LOCAL,LOW,LOW,NONE,UNCHANGED,HIGH,HIGH,HIGH,2,1,BleepingComputer,2025-04-01,2025-04-01,2,True,False,7.8,0.00014,3023
CVE-2025-24167,CVE-2025-24167-1,2025-04-01,Mastodon,9.8,critical,0.0004,original,NETWORK,LOW,NONE,NONE,UNCHANGED,HIGH,HIGH,HIGH,1,1,Mastodon,2025-04-01,2025-04-01,1,True,False,9.8,0.0004,3007
CVE-2024-13553,CVE-2024-13553-1,2025-04-01,Mastodon,9.8,critical,0.00054,original,NETWORK,LOW,NONE,NONE,UNCHANGED,HIGH,HIGH,HIGH,1,1,Mastodon,2025-04-01,2025-04-01,1,True,False,9.8,0.00054,1001
CVE-2025-2008,CVE-2025-2008-1,2025-04-01,Mastodon,8.8,high,0.00236,original,NETWORK,LOW,LOW,NONE,UNCHANGED,HIGH,HIGH,HIGH,2,2,"HackerNews, Mastodon",2025-04-01,2025-05-20,2,True,False,8.8,0.00305,2661
CVE-2025-2007,CVE-2025-2007-1,2025-04-01,Mastodon,8.1,high,0.0053,original,NETWORK,LOW,LOW,NONE,UNCHANGED,NONE,HIGH,HIGH,1,1,Mastodon,2025-04-01,2025-04-01,1,True,False,8.1,0.0053,2660
CVE-2025-31087,CVE-2025-31087-1,2025-04-01,Mastodon,9.8,critical,0.00041,original,NETWORK,LOW,NONE,NONE,UNCHANGED,HIGH,HIGH,HIGH,1,1,Mastodon,2025-04-01,2025-04-01,1,True,False,9.8,0.00041,3656
CVE-2025-30774,CVE-2025-30774-1,2025-04-01,Mastodon,8.2,high,0.0003,original,NETWORK,LOW,NONE,REQUIRED,CHANGED,HIGH,NONE,LOW,1,1,Mastodon,2025-04-01,2025-04-01,1,True,False,8.2,0.0003,3614
CVE-2025-30807,CVE-2025-30807-1,2025-04-01,Mastodon,9.3,critical,0.0003,enriched,NETWORK,LOW,NONE,NONE,CHANGED,HIGH,NONE,LOW,1,1,Mastodon,2025-04-01,2025-04-01,1,True,False,9.3,0.0003,3620
CVE-2025-30825,CVE-2025-30825-1,2025-04-01,Mastodon,8.8,high,0.00039,enriched,NETWORK,LOW,LOW,NONE,UNCHANGED,HIGH,HIGH,HIGH,1,1,Mastodon,2025-04-01,2025-04-01,1,True,False,8.8,0.00039,3623
CVE-2025-30841,CVE-2025-30841-1,2025-04-01,Mastodon,9.9,critical,0.00046,enriched,NETWORK,LOW,LOW,NONE,CHANGED,HIGH,HIGH,HIGH,1,1,Mastodon,2025-04-01,2025-04-01,1,True,False,9.9,0.00046,3624
CVE-2025-30849,CVE-2025-30849-1,2025-04-01,Mastodon,8.1,high,0.00115,original,NETWORK,HIGH,NONE,NONE,UNCHANGED,HIGH,HIGH,HIGH,1,1,Mastodon,2025-04-01,2025-04-01,1,True,False,8.1,0.00115,3626
CVE-2025-3085,CVE-2025-3085-1,2025-04-01,Mastodon,8.1,high,0.00026,enriched,NETWORK,HIGH,NONE,NONE,UNCHANGED,HIGH,HIGH,HIGH,1,1,Mastodon,2025-04-01,2025-04-01,1,True,False,8.1,0.00026,3627
CVE-2025-30870,CVE-2025-30870-1,2025-04-01,Mastodon,8.1,high,0.00115,original,NETWORK,HIGH,NONE,NONE,UNCHANGED,HIGH,HIGH,HIGH,1,1,Mastodon,2025-04-01,2025-04-01,1,True,False,8.1,0.00115,3628
CVE-2025-30876,CVE-2025-30876-1,2025-04-01,Mastodon,9.3,critical,0.0003,original,NETWORK,LOW,NONE,NONE,CHANGED,HIGH,NONE,LOW,1,1,Mastodon,2025-04-01,2025-04-01,1,True,False,9.3,0.0003,3629
CVE-2025-30878,CVE-2025-30878-1,2025-04-01,Mastodon,8.6,high,0.00048,original,NETWORK,LOW,NONE,NONE,CHANGED,NONE,NONE,HIGH,1,1,Mastodon,2025-04-01,2025-04-01,1,True,False,8.6,0.00048,3630
CVE-2025-30886,CVE-2025-30886-1,2025-04-01,Mastodon,9.3,critical,0.0003,original,NETWORK,LOW,NONE,NONE,CHANGED,HIGH,NONE,LOW,1,1,Mastodon,2025-04-01,2025-04-01,1,True,False,9.3,0.0003,3631
CVE-2025-30892,CVE-2025-30892-1,2025-04-01,Mastodon,8.8,high,0.00048,enriched,NETWORK,LOW,LOW,NONE,UNCHANGED,HIGH,HIGH,HIGH,1,1,Mastodon,2025-04-01,2025-04-01,1,True,False,8.8,0.00048,3634
CVE-2025-30901,CVE-2025-30901-1,2025-04-01,Mastodon,8.1,high,0.00115,original,NETWORK,HIGH,NONE,NONE,UNCHANGED,HIGH,HIGH,HIGH,1,1,Mastodon,2025-04-01,2025-04-01,1,True,False,8.1,0.00115,3635
CVE-2025-30910,CVE-2025-30910-1,2025-04-01,Mastodon,8.6,high,0.00048,original,NETWORK,LOW,NONE,NONE,CHANGED,NONE,NONE,HIGH,1,1,Mastodon,2025-04-01,2025-04-01,1,True,False,8.6,0.00048,3636
CVE-2025-30911,CVE-2025-30911-1,2025-04-01,Mastodon,9.9,critical,0.00205,original,NETWORK,LOW,LOW,NONE,CHANGED,HIGH,HIGH,HIGH,1,1,Mastodon,2025-04-01,2025-04-01,1,True,False,9.9,0.00205,3637
CVE-2025-30971,CVE-2025-30971-1,2025-04-01,Mastodon,9.3,critical,0.0003,original,NETWORK,LOW,NONE,NONE,CHANGED,HIGH,NONE,LOW,1,1,Mastodon,2025-04-01,2025-04-01,1,True,False,9.3,0.0003,3640
CVE-2025-31024,CVE-2025-31024-1,2025-04-01,Mastodon,8.5,high,0.0003,original,NETWORK,LOW,LOW,NONE,CHANGED,HIGH,NONE,LOW,1,1,Mastodon,2025-04-01,2025-04-01,1,True,False,8.5,0.0003,3646
CVE-2025-31084,CVE-2025-31084-1,2025-04-01,Mastodon,9.8,critical,0.00041,original,NETWORK,LOW,NONE,NONE,UNCHANGED,HIGH,HIGH,HIGH,1,1,Mastodon,2025-04-01,2025-04-01,1,True,False,9.8,0.00041,3655
CVE-2025-31089,CVE-2025-31089-1,2025-04-01,Mastodon,8.5,high,0.0003,enriched,NETWORK,LOW,LOW,NONE,CHANGED,HIGH,NONE,LOW,1,1,Mastodon,2025-04-01,2025-04-01,1,True,False,8.5,0.0003,3657
CVE-2025-24178,CVE-2025-24178-1,2025-04-01,BleepingComputer,9.8,critical,0.00024,original,NETWORK,LOW,NONE,NONE,UNCHANGED,HIGH,HIGH,HIGH,2,1,BleepingComputer,2025-04-01,2025-04-01,2,True,False,9.8,0.00024,3010
CVE-2025-31095,CVE-2025-31095-1,2025-04-01,Mastodon,9.8,critical,0.00055,original,NETWORK,LOW,NONE,NONE,UNCHANGED,HIGH,HIGH,HIGH,1,1,Mastodon,2025-04-01,2025-04-01,1,True,False,9.8,0.00055,3658
CVE-2025-30427,CVE-2025-30427-2,2025-04-01,BleepingComputer,4.3,medium,0.00074,original,NETWORK,LOW,NONE,REQUIRED,UNCHANGED,NONE,NONE,LOW,3,2,"BleepingComputer, Mastodon",2025-04-01,2025-04-01,3,True,False,4.3,0.00074,3580
CVE-2025-3030,CVE-2025-3030-1,2025-04-01,Mastodon,8.1,high,0.00046,enriched,NETWORK,HIGH,NONE,NONE,UNCHANGED,HIGH,HIGH,HIGH,1,1,Mastodon,2025-04-01,2025-04-01,1,True,False,8.1,0.00046,3564
CVE-2025-31132,CVE-2025-31132-1,2025-04-01,Mastodon,8.1,high,0.00068,enriched,NETWORK,LOW,LOW,NONE,UNCHANGED,HIGH,HIGH,NONE,1,1,Mastodon,2025-04-01,2025-04-01,1,True,False,8.1,0.00068,3663
CVE-2025-31131,CVE-2025-31131-1,2025-04-01,Mastodon,8.6,high,0.00043,enriched,NETWORK,LOW,NONE,NONE,CHANGED,HIGH,NONE,NONE,3,2,"ExploitDB, Mastodon",2025-04-01,2025-04-07,3,True,True,8.6,0.13298,3662
CVE-2025-31097,CVE-2025-31097-1,2025-04-01,Mastodon,8.1,high,0.00115,enriched,NETWORK,HIGH,NONE,NONE,UNCHANGED,HIGH,HIGH,HIGH,1,1,Mastodon,2025-04-01,2025-04-01,1,True,False,8.1,0.00115,3659
CVE-2024-40864,CVE-2024-40864-1,2025-04-01,Mastodon,2.7,low,0.00043,original,NETWORK,LOW,HIGH,NONE,UNCHANGED,LOW,NONE,NONE,1,1,Mastodon,2025-04-01,2025-04-01,1,True,False,2.7,0.00043,1376
CVE-2025-24097,CVE-2025-24097-1,2025-04-01,BleepingComputer,5.0,medium,9e-05,original,LOCAL,LOW,LOW,REQUIRED,UNCHANGED,HIGH,NONE,NONE,2,1,BleepingComputer,2025-04-01,2025-04-01,2,True,False,5.0,9e-05,2986
CVE-2025-30426,CVE-2025-30426-1,2025-04-01,Mastodon,9.8,critical,0.00046,original,NETWORK,LOW,NONE,NONE,UNCHANGED,HIGH,HIGH,HIGH,1,1,Mastodon,2025-04-01,2025-04-01,1,True,False,9.8,0.00046,3579
CVE-2025-30446,CVE-2025-30446-1,2025-04-01,Mastodon,6.5,medium,0.00041,original,NETWORK,LOW,HIGH,NONE,UNCHANGED,NONE,HIGH,HIGH,1,1,Mastodon,2025-04-01,2025-04-01,1,True,False,6.5,0.00041,3583
CVE-2025-30456,CVE-2025-30456-1,2025-04-01,BleepingComputer,7.8,high,0.0002,original,LOCAL,LOW,NONE,REQUIRED,UNCHANGED,HIGH,HIGH,HIGH,2,1,BleepingComputer,2025-04-01,2025-04-01,2,True,False,7.8,0.0002,3584
CVE-2025-30580,CVE-2025-30580-1,2025-04-01,Mastodon,10.0,critical,0.00048,enriched,NETWORK,LOW,NONE,NONE,CHANGED,HIGH,HIGH,HIGH,1,1,Mastodon,2025-04-01,2025-04-01,1,True,False,10.0,0.00048,3593
CVE-2025-30589,CVE-2025-30589-1,2025-04-01,Mastodon,8.5,high,0.0003,original,NETWORK,LOW,LOW,NONE,CHANGED,HIGH,NONE,LOW,1,1,Mastodon,2025-04-01,2025-04-01,1,True,False,8.5,0.0003,3595
CVE-2025-2748,CVE-2025-2748-1,2025-04-01,Reddit,6.5,medium,0.00034,original,NETWORK,LOW,NONE,REQUIRED,UNCHANGED,HIGH,NONE,NONE,2,2,"HackerNews, Reddit",2025-04-01,2025-05-15,2,True,False,6.5,0.0068,3364
CVE-2025-30622,CVE-2025-30622-1,2025-04-01,Mastodon,9.3,critical,0.0003,original,NETWORK,LOW,NONE,NONE,CHANGED,HIGH,NONE,LOW,1,1,Mastodon,2025-04-01,2025-04-01,1,True,False,9.3,0.0003,3598
CVE-2025-31479,CVE-2025-31479-1,2025-04-02,Mastodon,8.2,high,0.00037,enriched,NETWORK,HIGH,LOW,NONE,CHANGED,NONE,HIGH,HIGH,1,1,Mastodon,2025-04-02,2025-04-02,1,True,True,8.2,0.00037,3690
CVE-2022-22536,CVE-2022-22536-1,2025-04-02,ExploitDB,10.0,critical,0.93844,original,NETWORK,LOW,NONE,NONE,CHANGED,HIGH,HIGH,HIGH,2,1,ExploitDB,2025-04-02,2025-04-02,2,True,False,10.0,0.93844,212
CVE-2023-40714,CVE-2023-40714-1,2025-04-02,Mastodon,9.9,critical,0.0005,original,NETWORK,LOW,LOW,NONE,CHANGED,HIGH,HIGH,HIGH,1,1,Mastodon,2025-04-02,2025-04-02,1,True,False,9.9,0.0005,522
CVE-2025-25060,CVE-2025-25060-1,2025-04-02,Mastodon,8.2,high,0.00114,original,NETWORK,LOW,NONE,NONE,UNCHANGED,HIGH,LOW,NONE,1,1,Mastodon,2025-04-02,2025-04-02,1,True,False,8.2,0.00114,3119
CVE-2024-42831,CVE-2024-42831-1,2025-04-02,ExploitDB,6.1,medium,0.00102,original,NETWORK,LOW,NONE,REQUIRED,CHANGED,LOW,LOW,NONE,2,1,ExploitDB,2025-04-02,2025-04-02,2,True,False,6.1,0.00102,1427
CVE-2024-6209,CVE-2024-6209-1,2025-04-02,ExploitDB,10.0,critical,0.00134,original,NETWORK,LOW,NONE,NONE,CHANGED,HIGH,HIGH,HIGH,2,1,ExploitDB,2025-04-02,2025-04-02,2,True,False,10.0,0.00134,2285
CVE-2025-31722,CVE-2025-31722-1,2025-04-02,Mastodon,8.8,high,0.00071,enriched,NETWORK,LOW,LOW,NONE,UNCHANGED,HIGH,HIGH,HIGH,1,1,Mastodon,2025-04-02,2025-04-02,1,True,False,8.8,0.00071,3711
CVE-2024-6298,CVE-2024-6298-1,2025-04-02,ExploitDB,10.0,critical,0.01575,original,NETWORK,LOW,NONE,NONE,CHANGED,HIGH,HIGH,HIGH,2,1,ExploitDB,2025-04-02,2025-04-02,2,True,False,10.0,0.01575,2287
CVE-2025-3063,CVE-2025-3063-1,2025-04-02,Mastodon,8.8,high,0.00039,original,NETWORK,LOW,LOW,NONE,UNCHANGED,HIGH,HIGH,HIGH,1,1,Mastodon,2025-04-02,2025-04-02,1,True,False,8.8,0.00039,3599
CVE-2024-39780,CVE-2024-39780-1,2025-04-02,Mastodon,8.4,high,0.00063,original,LOCAL,LOW,NONE,NONE,UNCHANGED,HIGH,HIGH,HIGH,1,1,Mastodon,2025-04-02,2025-04-02,1,True,True,8.4,0.00063,1331
CVE-2025-3066,CVE-2025-3066-1,2025-04-02,Mastodon,8.8,high,0.00089,original,NETWORK,LOW,NONE,REQUIRED,UNCHANGED,HIGH,HIGH,HIGH,1,1,Mastodon,2025-04-02,2025-04-02,1,True,False,8.8,0.00089,3603
CVE-2025-3067,CVE-2025-3067-1,2025-04-02,Mastodon,8.8,high,0.00089,original,NETWORK,LOW,NONE,REQUIRED,UNCHANGED,HIGH,HIGH,HIGH,1,1,Mastodon,2025-04-02,2025-04-02,1,True,False,8.8,0.00089,3605
CVE-2025-2005,CVE-2025-2005-1,2025-04-02,Mastodon,9.8,critical,0.0015,original,NETWORK,LOW,NONE,NONE,UNCHANGED,HIGH,HIGH,HIGH,1,1,Mastodon,2025-04-02,2025-04-02,1,True,False,9.8,0.0015,2654
CVE-2024-45064,CVE-2024-45064-1,2025-04-02,Mastodon,8.5,high,0.0007,enriched,NETWORK,HIGH,LOW,NONE,CHANGED,HIGH,HIGH,HIGH,1,1,Mastodon,2025-04-02,2025-04-02,1,True,False,8.5,0.0007,1493
CVE-2025-22457,CVE-2025-22457-20,2025-04-03,BleepingComputer,9.0,critical,0.00515,enriched,NETWORK,HIGH,NONE,NONE,CHANGED,HIGH,HIGH,HIGH,18,4,"BleepingComputer, HackerNews, Mastodon, Reddit",2025-04-03,2025-04-25,21,True,False,9.0,0.24069,2831
CVE-2025-3161,CVE-2025-3161-1,2025-04-03,Mastodon,8.8,high,0.00088,enriched,NETWORK,LOW,LOW,NONE,UNCHANGED,HIGH,HIGH,HIGH,1,1,Mastodon,2025-04-03,2025-04-03,1,True,True,8.8,0.00088,3706
CVE-2025-31911,CVE-2025-31911-1,2025-04-03,Mastodon,9.3,critical,0.00028,enriched,NETWORK,LOW,NONE,NONE,CHANGED,HIGH,NONE,LOW,1,1,Mastodon,2025-04-03,2025-04-03,1,True,False,9.3,0.00028,3712
CVE-2024-4007,CVE-2024-4007-1,2025-04-03,ExploitDB,8.8,high,0.00087,original,ADJACENT_NETWORK,LOW,NONE,NONE,UNCHANGED,HIGH,HIGH,HIGH,2,1,ExploitDB,2025-04-03,2025-04-03,2,True,False,8.8,0.00087,1354
CVE-2024-38200,CVE-2024-38200-1,2025-04-03,ExploitDB,6.5,medium,0.59745,original,NETWORK,LOW,NONE,REQUIRED,UNCHANGED,HIGH,NONE,NONE,2,1,ExploitDB,2025-04-03,2025-04-03,2,True,False,6.5,0.59745,1289
CVE-2024-38392,CVE-2024-38392-1,2025-04-03,Mastodon,9.1,critical,0.00053,original,NETWORK,LOW,NONE,NONE,UNCHANGED,NONE,HIGH,HIGH,1,1,Mastodon,2025-04-03,2025-04-03,1,True,False,9.1,0.00053,1296
CVE-2024-21887,CVE-2024-21887-1,2025-04-03,BleepingComputer,9.1,critical,0.94416,original,NETWORK,LOW,HIGH,NONE,CHANGED,HIGH,HIGH,HIGH,4,2,"BleepingComputer, HackerNews",2025-04-03,2025-05-01,4,True,False,9.1,0.94416,1093
CVE-2025-0401,CVE-2025-0401-1,2025-04-03,Mastodon,5.3,medium,0.00078,original,NETWORK,LOW,NONE,NONE,UNCHANGED,LOW,NONE,NONE,1,1,Mastodon,2025-04-03,2025-04-03,2,True,False,5.3,0.00078,2448
CVE-2024-55963,CVE-2024-55963-1,2025-04-03,ExploitDB,6.5,medium,0.00025,original,NETWORK,LOW,LOW,NONE,UNCHANGED,NONE,NONE,HIGH,2,1,ExploitDB,2025-04-03,2025-04-03,2,True,False,6.5,0.00025,2108
CVE-2025-22924,CVE-2025-22924-1,2025-04-03,Mastodon,8.8,high,0.00014,original,NETWORK,LOW,LOW,NONE,UNCHANGED,HIGH,HIGH,HIGH,1,1,Mastodon,2025-04-03,2025-04-03,1,True,False,8.8,0.00014,2887
CVE-2024-44762,CVE-2024-44762-2,2025-04-03,ExploitDB,5.3,medium,0.00079,original,NETWORK,LOW,NONE,NONE,UNCHANGED,LOW,NONE,NONE,4,1,ExploitDB,2025-04-03,2025-04-17,4,True,False,5.3,0.0217,1486
CVE-2023-46805,CVE-2023-46805-1,2025-04-03,BleepingComputer,8.2,high,0.94398,original,NETWORK,LOW,NONE,NONE,UNCHANGED,HIGH,LOW,NONE,4,2,"BleepingComputer, HackerNews",2025-04-03,2025-05-01,4,True,False,8.2,0.94398,591
CVE-2025-22923,CVE-2025-22923-1,2025-04-03,Mastodon,8.8,high,0.00102,original,NETWORK,LOW,LOW,NONE,UNCHANGED,HIGH,HIGH,HIGH,1,1,Mastodon,2025-04-03,2025-04-03,1,True,False,8.8,0.00102,2886
CVE-2025-3068,CVE-2025-3068-1,2025-04-03,Mastodon,8.8,high,0.00089,original,NETWORK,LOW,NONE,REQUIRED,UNCHANGED,HIGH,HIGH,HIGH,1,1,Mastodon,2025-04-03,2025-04-03,1,True,False,8.8,0.00089,3607
CVE-2025-29063,CVE-2025-29063-1,2025-04-03,Mastodon,9.8,critical,0.00058,original,NETWORK,LOW,NONE,NONE,UNCHANGED,HIGH,HIGH,HIGH,1,1,Mastodon,2025-04-03,2025-04-03,1,True,False,9.8,0.00058,3487
CVE-2025-29085,CVE-2025-29085-1,2025-04-03,Mastodon,9.8,critical,0.00042,original,NETWORK,LOW,NONE,NONE,UNCHANGED,HIGH,HIGH,HIGH,1,1,Mastodon,2025-04-03,2025-04-03,1,True,False,9.8,0.00042,3489
CVE-2025-29987,CVE-2025-29987-1,2025-04-03,Mastodon,8.8,high,0.00065,enriched,NETWORK,LOW,LOW,NONE,UNCHANGED,HIGH,HIGH,HIGH,1,1,Mastodon,2025-04-03,2025-04-03,1,True,False,8.8,0.00065,3539
CVE-2025-2945,CVE-2025-2945-1,2025-04-03,Mastodon,9.9,critical,0.00205,enriched,NETWORK,LOW,LOW,NONE,CHANGED,HIGH,HIGH,HIGH,1,1,Mastodon,2025-04-03,2025-04-03,1,True,False,9.9,0.00205,3504
CVE-2025-2946,CVE-2025-2946-1,2025-04-03,Mastodon,9.1,critical,0.00038,enriched,NETWORK,LOW,LOW,NONE,CHANGED,LOW,LOW,HIGH,1,1,Mastodon,2025-04-03,2025-04-03,1,True,False,9.1,0.00038,3505
CVE-2025-29471,CVE-2025-29471-1,2025-04-03,ExploitDB,8.3,high,0.0005,enriched,NETWORK,HIGH,NONE,REQUIRED,CHANGED,HIGH,HIGH,HIGH,7,2,"ExploitDB, Reddit",2025-04-03,2025-04-18,7,True,False,8.3,0.0136,3506
CVE-2025-3069,CVE-2025-3069-1,2025-04-03,Mastodon,8.8,high,0.00089,original,NETWORK,LOW,NONE,REQUIRED,UNCHANGED,HIGH,HIGH,HIGH,1,1,Mastodon,2025-04-03,2025-04-03,1,True,False,8.8,0.00089,3608
CVE-2025-30889,CVE-2025-30889-1,2025-04-03,Mastodon,8.8,high,0.00038,enriched,NETWORK,LOW,LOW,NONE,UNCHANGED,HIGH,HIGH,HIGH,1,1,Mastodon,2025-04-03,2025-04-03,1,True,False,8.8,0.00038,3632
CVE-2025-29062,CVE-2025-29062-1,2025-04-03,Mastodon,9.8,critical,0.00051,original,NETWORK,LOW,NONE,NONE,UNCHANGED,HIGH,HIGH,HIGH,1,1,Mastodon,2025-04-03,2025-04-03,1,True,False,9.8,0.00051,3486
CVE-2025-30208,CVE-2025-30208-2,2025-04-03,ExploitDB,5.3,medium,0.37995,original,NETWORK,HIGH,NONE,REQUIRED,UNCHANGED,HIGH,NONE,NONE,3,2,"ExploitDB, Reddit",2025-04-03,2025-04-11,6,True,True,5.3,0.44965,3550
CVE-2025-32118,CVE-2025-32118-1,2025-04-04,Mastodon,9.1,critical,0.00039,enriched,NETWORK,LOW,HIGH,NONE,CHANGED,HIGH,HIGH,HIGH,1,1,Mastodon,2025-04-04,2025-04-04,1,True,False,9.1,0.00039,3724
CVE-2025-2798,CVE-2025-2798-1,2025-04-04,Mastodon,9.8,critical,0.00148,enriched,NETWORK,LOW,NONE,NONE,UNCHANGED,HIGH,HIGH,HIGH,1,1,Mastodon,2025-04-04,2025-04-04,1,True,False,9.8,0.00148,3441
CVE-2025-2780,CVE-2025-2780-1,2025-04-04,Mastodon,9.8,critical,0.0022,original,NETWORK,LOW,NONE,NONE,UNCHANGED,HIGH,HIGH,HIGH,1,1,Mastodon,2025-04-04,2025-04-04,1,True,False,9.8,0.0022,3425
CVE-2025-32148,CVE-2025-32148-1,2025-04-04,Mastodon,8.5,high,0.0003,enriched,NETWORK,LOW,LOW,NONE,CHANGED,HIGH,NONE,LOW,1,1,Mastodon,2025-04-04,2025-04-04,1,True,False,8.5,0.0003,3732
CVE-2025-32149,CVE-2025-32149-1,2025-04-04,Mastodon,8.5,high,0.0003,enriched,NETWORK,LOW,LOW,NONE,CHANGED,HIGH,NONE,LOW,1,1,Mastodon,2025-04-04,2025-04-04,1,True,False,8.5,0.0003,3733
CVE-2025-30406,CVE-2025-30406-1,2025-04-04,Mastodon,9.0,critical,0.00242,original,NETWORK,HIGH,NONE,NONE,CHANGED,HIGH,HIGH,HIGH,16,3,"HackerNews, Mastodon, Reddit",2025-04-04,2025-04-28,19,True,False,9.0,0.64127,3577
CVE-2025-32141,CVE-2025-32141-1,2025-04-04,Mastodon,8.8,high,0.00114,enriched,NETWORK,LOW,LOW,NONE,UNCHANGED,HIGH,HIGH,HIGH,1,1,Mastodon,2025-04-04,2025-04-04,1,True,False,8.8,0.00114,3727
CVE-2024-4877,CVE-2024-4877-1,2025-04-04,Mastodon,8.8,high,0.00013,original,NETWORK,LOW,LOW,NONE,UNCHANGED,HIGH,HIGH,HIGH,1,1,Mastodon,2025-04-04,2025-04-04,1,True,False,8.8,0.00013,1604
CVE-2025-3105,CVE-2025-3105-1,2025-04-04,Mastodon,8.8,high,0.00042,original,NETWORK,LOW,LOW,NONE,UNCHANGED,HIGH,HIGH,HIGH,1,1,Mastodon,2025-04-04,2025-04-04,1,True,False,8.8,0.00042,3650
CVE-2025-2075,CVE-2025-2075-1,2025-04-04,Mastodon,8.8,high,0.00057,original,NETWORK,LOW,LOW,NONE,UNCHANGED,HIGH,HIGH,HIGH,2,2,"Mastodon, Reddit",2025-04-04,2025-04-11,2,True,False,8.8,0.094,2697
CVE-2025-32142,CVE-2025-32142-1,2025-04-04,Mastodon,8.8,high,0.00114,enriched,NETWORK,LOW,LOW,NONE,UNCHANGED,HIGH,HIGH,HIGH,1,1,Mastodon,2025-04-04,2025-04-04,1,True,False,8.8,0.00114,3728
CVE-2024-9054,CVE-2024-9054-1,2025-04-04,ExploitDB,8.8,high,0.00952,original,NETWORK,LOW,LOW,NONE,UNCHANGED,HIGH,HIGH,HIGH,2,1,ExploitDB,2025-04-04,2025-04-04,2,True,False,8.8,0.00952,2356
CVE-2025-31480,CVE-2025-31480-1,2025-04-04,Mastodon,9.1,critical,0.00039,enriched,NETWORK,LOW,HIGH,NONE,CHANGED,HIGH,HIGH,HIGH,1,1,Mastodon,2025-04-04,2025-04-04,1,True,True,9.1,0.00039,3691
CVE-2025-32146,CVE-2025-32146-1,2025-04-04,Mastodon,8.8,high,0.00114,enriched,NETWORK,LOW,LOW,NONE,UNCHANGED,HIGH,HIGH,HIGH,1,1,Mastodon,2025-04-04,2025-04-04,1,True,False,8.8,0.00114,3730
CVE-2025-3259,CVE-2025-3259-1,2025-04-04,Mastodon,8.8,high,0.00088,enriched,NETWORK,LOW,LOW,NONE,UNCHANGED,HIGH,HIGH,HIGH,1,1,Mastodon,2025-04-04,2025-04-04,1,True,False,8.8,0.00088,3774
CVE-2025-31403,CVE-2025-31403-1,2025-04-04,Mastodon,9.3,critical,0.0003,enriched,NETWORK,LOW,NONE,NONE,CHANGED,HIGH,NONE,LOW,1,1,Mastodon,2025-04-04,2025-04-04,1,True,False,9.3,0.0003,3686
CVE-2024-13744,CVE-2024-13744-1,2025-04-04,Mastodon,8.1,high,0.0013,original,NETWORK,HIGH,NONE,NONE,UNCHANGED,HIGH,HIGH,HIGH,1,1,Mastodon,2025-04-04,2025-04-04,1,True,False,8.1,0.0013,1019
CVE-2025-27520,CVE-2025-27520-1,2025-04-04,Mastodon,9.8,critical,0.00404,enriched,NETWORK,LOW,NONE,NONE,UNCHANGED,HIGH,HIGH,HIGH,3,2,"Mastodon, Reddit",2025-04-04,2025-04-20,3,True,True,9.8,0.41909,3375
CVE-2025-26818,CVE-2025-26818-1,2025-04-04,Mastodon,9.8,critical,0.00151,original,NETWORK,LOW,NONE,NONE,UNCHANGED,HIGH,HIGH,HIGH,1,1,Mastodon,2025-04-04,2025-04-04,1,True,False,9.8,0.00151,3286
CVE-2024-51800,CVE-2024-51800-1,2025-04-04,Mastodon,9.8,critical,0.00047,enriched,NETWORK,LOW,NONE,NONE,UNCHANGED,HIGH,HIGH,HIGH,1,1,Mastodon,2025-04-04,2025-04-04,1,True,False,9.8,0.00047,1801
CVE-2024-45199,CVE-2024-45199-1,2025-04-04,Mastodon,8.8,high,0.00058,original,NETWORK,LOW,NONE,REQUIRED,UNCHANGED,HIGH,HIGH,HIGH,1,1,Mastodon,2025-04-04,2025-04-04,1,True,False,8.8,0.00058,1497
CVE-2025-2270,CVE-2025-2270-1,2025-04-04,Mastodon,8.1,high,0.00108,original,NETWORK,HIGH,NONE,NONE,UNCHANGED,HIGH,HIGH,HIGH,1,1,Mastodon,2025-04-04,2025-04-04,1,True,False,8.1,0.00108,2865
CVE-2025-32111,CVE-2025-32111-1,2025-04-04,Mastodon,8.7,high,0.00029,original,NETWORK,HIGH,NONE,NONE,CHANGED,HIGH,HIGH,NONE,1,1,Mastodon,2025-04-04,2025-04-04,1,True,True,8.7,0.00029,3723
CVE-2025-3192,CVE-2025-3192-1,2025-04-04,Mastodon,8.2,high,0.00031,original,NETWORK,LOW,NONE,NONE,UNCHANGED,HIGH,LOW,NONE,1,1,Mastodon,2025-04-04,2025-04-04,1,True,False,8.2,0.00031,3713
CVE-2025-32147,CVE-2025-32147-1,2025-04-04,Mastodon,8.8,high,0.00039,enriched,NETWORK,LOW,LOW,NONE,UNCHANGED,HIGH,HIGH,HIGH,1,1,Mastodon,2025-04-04,2025-04-04,1,True,False,8.8,0.00039,3731
CVE-2025-25000,CVE-2025-25000-1,2025-04-04,Mastodon,8.8,high,0.00058,original,NETWORK,LOW,NONE,REQUIRED,UNCHANGED,HIGH,HIGH,HIGH,1,1,Mastodon,2025-04-04,2025-04-04,1,True,False,8.8,0.00058,3113
CVE-2024-42640,CVE-2024-42640-2,2025-04-04,ExploitDB,9.8,critical,0.84878,original,NETWORK,LOW,NONE,NONE,UNCHANGED,HIGH,HIGH,HIGH,4,1,ExploitDB,2025-04-04,2025-04-17,5,True,False,9.8,0.88547,1425
CVE-2024-13645,CVE-2024-13645-1,2025-04-04,Mastodon,9.8,critical,0.00158,original,NETWORK,LOW,NONE,NONE,UNCHANGED,HIGH,HIGH,HIGH,1,1,Mastodon,2025-04-04,2025-04-04,1,True,False,9.8,0.00158,1005
CVE-2024-43687,CVE-2024-43687-1,2025-04-04,ExploitDB,6.1,medium,0.00084,original,NETWORK,LOW,NONE,REQUIRED,CHANGED,LOW,LOW,NONE,2,1,ExploitDB,2025-04-04,2025-04-04,2,True,False,6.1,0.00084,1464
CVE-2025-2933,CVE-2025-2933-1,2025-04-05,Mastodon,8.8,high,0.00039,original,NETWORK,LOW,LOW,NONE,UNCHANGED,HIGH,HIGH,HIGH,1,1,Mastodon,2025-04-05,2025-04-05,1,True,False,8.8,0.00039,3501
CVE-2025-2941,CVE-2025-2941-1,2025-04-05,Mastodon,9.8,critical,0.00189,original,NETWORK,LOW,NONE,NONE,UNCHANGED,HIGH,HIGH,HIGH,1,1,Mastodon,2025-04-05,2025-04-05,1,True,False,9.8,0.00189,3503
CVE-2024-1234,CVE-2024-1234-1,2025-04-05,ExploitDB,6.4,medium,0.00226,original,NETWORK,LOW,LOW,NONE,CHANGED,LOW,LOW,NONE,2,1,ExploitDB,2025-04-05,2025-04-05,2,True,False,6.4,0.00226,864
CVE-2024-7801,CVE-2024-7801-1,2025-04-05,ExploitDB,6.5,medium,0.00109,original,ADJACENT_NETWORK,LOW,NONE,NONE,UNCHANGED,HIGH,NONE,NONE,2,1,ExploitDB,2025-04-05,2025-04-05,2,True,False,6.5,0.00109,2315
CVE-2024-35133,CVE-2024-35133-1,2025-04-05,ExploitDB,6.8,medium,0.0165,original,NETWORK,LOW,LOW,REQUIRED,CHANGED,NONE,HIGH,NONE,2,1,ExploitDB,2025-04-05,2025-04-05,2,True,False,6.8,0.0165,1243
CVE-2021-47667,CVE-2021-47667-1,2025-04-05,Mastodon,10.0,critical,0.00267,original,NETWORK,LOW,NONE,NONE,CHANGED,HIGH,HIGH,HIGH,1,1,Mastodon,2025-04-05,2025-04-05,1,True,False,10.0,0.00267,199
CVE-2024-13776,CVE-2024-13776-1,2025-04-05,Mastodon,8.1,high,0.00036,original,NETWORK,LOW,LOW,NONE,UNCHANGED,NONE,HIGH,HIGH,1,1,Mastodon,2025-04-05,2025-04-05,1,True,False,8.1,0.00036,1024
CVE-2025-31334,CVE-2025-31334-3,2025-04-05,BleepingComputer,6.8,medium,0.00069,original,NETWORK,LOW,HIGH,REQUIRED,UNCHANGED,HIGH,HIGH,HIGH,2,1,BleepingComputer,2025-04-05,2025-04-05,5,True,False,6.8,0.00069,3685
CVE-2023-5360,CVE-2023-5360-1,2025-04-05,ExploitDB,9.8,critical,0.92223,original,NETWORK,LOW,NONE,NONE,UNCHANGED,HIGH,HIGH,HIGH,2,1,ExploitDB,2025-04-05,2025-04-05,2,True,False,9.8,0.92223,630
CVE-2024-5910,CVE-2024-5910-1,2025-04-06,ExploitDB,9.8,critical,0.8954,original,NETWORK,LOW,NONE,NONE,UNCHANGED,HIGH,HIGH,HIGH,2,1,ExploitDB,2025-04-06,2025-04-06,2,True,False,9.8,0.8954,2280
CVE-2024-30269,CVE-2024-30269-1,2025-04-06,ExploitDB,5.3,medium,0.6628,original,NETWORK,LOW,NONE,NONE,UNCHANGED,LOW,NONE,NONE,2,1,ExploitDB,2025-04-06,2025-04-06,2,True,False,5.3,0.6628,1201
CVE-2024-48827,CVE-2024-48827-1,2025-04-06,ExploitDB,8.8,high,0.00531,original,NETWORK,LOW,LOW,NONE,UNCHANGED,HIGH,HIGH,HIGH,2,1,ExploitDB,2025-04-06,2025-04-06,2,True,True,8.8,0.00531,1606
CVE-2024-9458,CVE-2024-9458-1,2025-04-06,ExploitDB,4.8,medium,0.00029,original,NETWORK,LOW,HIGH,REQUIRED,CHANGED,LOW,LOW,NONE,2,1,ExploitDB,2025-04-06,2025-04-06,2,True,False,4.8,0.00029,2383
CVE-2024-58127,CVE-2024-58127-1,2025-04-07,Mastodon,8.4,high,6e-05,original,LOCAL,LOW,NONE,NONE,UNCHANGED,HIGH,HIGH,HIGH,1,1,Mastodon,2025-04-07,2025-04-07,1,True,False,8.4,6e-05,2276
CVE-2024-58125,CVE-2024-58125-1,2025-04-07,Mastodon,8.4,high,6e-05,original,LOCAL,LOW,NONE,NONE,UNCHANGED,HIGH,HIGH,HIGH,1,1,Mastodon,2025-04-07,2025-04-07,1,True,False,8.4,6e-05,2274
CVE-2024-58124,CVE-2024-58124-1,2025-04-07,Mastodon,8.4,high,6e-05,original,LOCAL,LOW,NONE,NONE,UNCHANGED,HIGH,HIGH,HIGH,1,1,Mastodon,2025-04-07,2025-04-07,1,True,False,8.4,6e-05,2273
CVE-2025-32409,CVE-2025-32409-2,2025-04-07,HackerNews,8.1,high,0.01011,enriched,NETWORK,HIGH,NONE,NONE,UNCHANGED,HIGH,HIGH,HIGH,2,2,"HackerNews, Mastodon",2025-04-07,2025-04-07,2,True,False,8.1,0.01011,3748
CVE-2025-30473,CVE-2025-30473-1,2025-04-07,Mastodon,8.8,high,0.00019,original,NETWORK,LOW,LOW,NONE,UNCHANGED,HIGH,HIGH,HIGH,1,1,Mastodon,2025-04-07,2025-04-07,1,True,True,8.8,0.00019,3586
CVE-2024-11071,CVE-2024-11071-1,2025-04-07,Mastodon,8.8,high,0.00018,original,NETWORK,LOW,NONE,REQUIRED,UNCHANGED,HIGH,HIGH,HIGH,1,1,Mastodon,2025-04-07,2025-04-07,1,True,False,8.8,0.00018,733
CVE-2025-3248,CVE-2025-3248-1,2025-04-07,Mastodon,9.8,critical,0.00049,enriched,NETWORK,LOW,NONE,NONE,UNCHANGED,HIGH,HIGH,HIGH,17,5,"BleepingComputer, ExploitDB, HackerNews, Mastodon, Reddit",2025-04-07,2025-05-19,24,True,True,9.8,0.91175,3760
CVE-2023-4863,CVE-2023-4863-1,2025-04-07,HackerNews,8.8,high,0.79395,original,NETWORK,LOW,NONE,REQUIRED,UNCHANGED,HIGH,HIGH,HIGH,1,1,HackerNews,2025-04-07,2025-04-07,1,True,True,8.8,0.79395,603
CVE-2025-20654,CVE-2025-20654-1,2025-04-07,Mastodon,9.8,critical,0.00058,original,NETWORK,LOW,NONE,NONE,UNCHANGED,HIGH,HIGH,HIGH,1,1,Mastodon,2025-04-07,2025-04-07,1,True,False,9.8,0.00058,2694
CVE-2024-58126,CVE-2024-58126-1,2025-04-07,Mastodon,8.4,high,6e-05,original,LOCAL,LOW,NONE,NONE,UNCHANGED,HIGH,HIGH,HIGH,1,1,Mastodon,2025-04-07,2025-04-07,1,True,False,8.4,6e-05,2275
CVE-2025-24061,CVE-2025-24061-1,2025-04-07,BleepingComputer,7.8,high,0.00089,original,LOCAL,LOW,NONE,REQUIRED,UNCHANGED,HIGH,HIGH,HIGH,2,1,BleepingComputer,2025-04-07,2025-04-07,2,True,False,7.8,0.00089,2978
CVE-2025-3332,CVE-2025-3332-1,2025-04-07,Mastodon,7.3,high,0.00028,original,NETWORK,LOW,NONE,NONE,UNCHANGED,LOW,LOW,LOW,1,1,Mastodon,2025-04-07,2025-04-07,1,True,False,7.3,0.00028,3866
CVE-2025-31175,CVE-2025-31175-1,2025-04-07,Mastodon,8.4,high,7e-05,original,LOCAL,LOW,NONE,NONE,UNCHANGED,HIGH,HIGH,HIGH,1,1,Mastodon,2025-04-07,2025-04-07,1,True,False,8.4,7e-05,3672
CVE-2025-31170,CVE-2025-31170-1,2025-04-07,Mastodon,8.4,high,6e-05,original,LOCAL,LOW,NONE,NONE,UNCHANGED,HIGH,HIGH,HIGH,1,1,Mastodon,2025-04-07,2025-04-07,1,True,False,8.4,6e-05,3670
CVE-2025-3328,CVE-2025-3328-1,2025-04-07,Mastodon,8.8,high,0.00088,original,NETWORK,LOW,LOW,NONE,UNCHANGED,HIGH,HIGH,HIGH,1,1,Mastodon,2025-04-07,2025-04-07,1,True,True,8.8,0.00088,3863
CVE-2025-31173,CVE-2025-31173-1,2025-04-07,Mastodon,8.8,high,6e-05,original,LOCAL,LOW,LOW,NONE,CHANGED,HIGH,HIGH,HIGH,1,1,Mastodon,2025-04-07,2025-04-07,1,True,False,8.8,6e-05,3671
CVE-2025-3330,CVE-2025-3330-1,2025-04-07,Mastodon,7.3,high,0.00028,original,NETWORK,LOW,NONE,NONE,UNCHANGED,LOW,LOW,LOW,1,1,Mastodon,2025-04-07,2025-04-07,1,True,False,7.3,0.00028,3864
CVE-2025-3346,CVE-2025-3346-1,2025-04-07,Mastodon,8.8,high,0.00046,original,NETWORK,LOW,LOW,NONE,UNCHANGED,HIGH,HIGH,HIGH,1,1,Mastodon,2025-04-07,2025-04-07,1,True,True,8.8,0.00046,3867
CVE-2025-3324,CVE-2025-3324-1,2025-04-07,Mastodon,6.3,medium,0.00034,original,NETWORK,LOW,LOW,NONE,UNCHANGED,LOW,LOW,LOW,1,1,Mastodon,2025-04-07,2025-04-07,1,True,True,6.3,0.00034,3862
CVE-2025-3331,CVE-2025-3331-1,2025-04-07,Mastodon,7.3,high,0.00028,original,NETWORK,LOW,NONE,NONE,UNCHANGED,LOW,LOW,LOW,1,1,Mastodon,2025-04-07,2025-04-07,1,True,False,7.3,0.00028,3865
CVE-2025-3323,CVE-2025-3323-1,2025-04-07,Mastodon,6.3,medium,0.00026,original,NETWORK,LOW,LOW,NONE,UNCHANGED,LOW,LOW,LOW,1,1,Mastodon,2025-04-07,2025-04-07,1,True,True,6.3,0.00026,3861
CVE-2025-3267,CVE-2025-3267-1,2025-04-07,Mastodon,6.3,medium,0.00026,original,NETWORK,LOW,LOW,NONE,UNCHANGED,LOW,LOW,LOW,1,1,Mastodon,2025-04-07,2025-04-07,1,True,False,6.3,0.00026,3799
CVE-2024-53150,CVE-2024-53150-3,2025-04-07,BleepingComputer,7.1,high,0.00014,original,LOCAL,LOW,LOW,NONE,UNCHANGED,HIGH,NONE,HIGH,4,3,"BleepingComputer, HackerNews, Reddit",2025-04-07,2025-04-16,8,True,False,7.1,0.00321,1920
CVE-2024-45552,CVE-2024-45552-1,2025-04-07,Mastodon,8.2,high,0.00042,original,NETWORK,LOW,NONE,NONE,UNCHANGED,HIGH,NONE,LOW,1,1,Mastodon,2025-04-07,2025-04-07,1,True,False,8.2,0.00042,1516
CVE-2025-3266,CVE-2025-3266-1,2025-04-07,Mastodon,7.3,high,0.00039,original,NETWORK,LOW,NONE,NONE,UNCHANGED,LOW,LOW,LOW,1,1,Mastodon,2025-04-07,2025-04-07,1,True,False,7.3,0.00039,3793
CVE-2025-26671,CVE-2025-26671-1,2025-04-08,Mastodon,8.1,high,0.0006,enriched,NETWORK,HIGH,NONE,NONE,UNCHANGED,HIGH,HIGH,HIGH,2,2,"HackerNews, Mastodon",2025-04-08,2025-04-09,2,True,False,8.1,0.0006,3267
CVE-2025-26670,CVE-2025-26670-1,2025-04-08,Mastodon,8.1,high,0.00317,enriched,NETWORK,HIGH,NONE,NONE,UNCHANGED,HIGH,HIGH,HIGH,1,1,Mastodon,2025-04-08,2025-04-08,2,True,False,8.1,0.00317,3266
CVE-2025-26669,CVE-2025-26669-1,2025-04-08,Mastodon,8.8,high,0.00078,enriched,NETWORK,LOW,NONE,REQUIRED,UNCHANGED,HIGH,HIGH,HIGH,1,1,Mastodon,2025-04-08,2025-04-08,1,True,False,8.8,0.00078,3265
CVE-2025-29986,CVE-2025-29986-1,2025-04-08,Mastodon,8.3,high,0.00054,original,NETWORK,LOW,NONE,NONE,CHANGED,LOW,LOW,LOW,1,1,Mastodon,2025-04-08,2025-04-08,1,True,False,8.3,0.00054,3538
CVE-2025-32018,CVE-2025-32018-1,2025-04-08,Mastodon,8.0,high,0.00034,enriched,NETWORK,HIGH,LOW,REQUIRED,CHANGED,HIGH,HIGH,HIGH,1,1,Mastodon,2025-04-08,2025-04-08,1,True,False,8.0,0.00034,3719
CVE-2025-3064,CVE-2025-3064-1,2025-04-08,Mastodon,8.8,high,0.00017,original,NETWORK,LOW,NONE,REQUIRED,UNCHANGED,HIGH,HIGH,HIGH,1,1,Mastodon,2025-04-08,2025-04-08,1,True,False,8.8,0.00017,3600
CVE-2025-26663,CVE-2025-26663-1,2025-04-08,Mastodon,8.1,high,0.00239,enriched,NETWORK,HIGH,NONE,NONE,UNCHANGED,HIGH,HIGH,HIGH,2,2,"HackerNews, Mastodon",2025-04-08,2025-04-09,3,True,False,8.1,0.00239,3263
CVE-2025-31330,CVE-2025-31330-1,2025-04-08,Mastodon,9.9,critical,0.00047,original,NETWORK,LOW,LOW,NONE,CHANGED,HIGH,HIGH,HIGH,3,2,"BleepingComputer, Mastodon",2025-04-08,2025-04-25,3,True,False,9.9,0.00053,3684
CVE-2020-7656,CVE-2020-7656-1,2025-04-08,ExploitDB,6.1,medium,0.00281,original,NETWORK,LOW,NONE,REQUIRED,CHANGED,LOW,LOW,NONE,2,1,ExploitDB,2025-04-08,2025-04-08,2,True,False,6.1,0.00281,147
CVE-2025-27740,CVE-2025-27740-1,2025-04-08,Mastodon,8.8,high,0.00078,enriched,NETWORK,LOW,LOW,NONE,UNCHANGED,HIGH,HIGH,HIGH,1,1,Mastodon,2025-04-08,2025-04-08,1,True,False,8.8,0.00078,3418
CVE-2025-27737,CVE-2025-27737-1,2025-04-08,Mastodon,8.6,high,0.00096,enriched,LOCAL,LOW,NONE,REQUIRED,CHANGED,HIGH,HIGH,HIGH,1,1,Mastodon,2025-04-08,2025-04-08,1,True,False,8.6,0.00096,3417
CVE-2025-26647,CVE-2025-26647-1,2025-04-08,Mastodon,8.8,high,0.00088,enriched,NETWORK,LOW,LOW,NONE,UNCHANGED,HIGH,HIGH,HIGH,4,3,"BleepingComputer, Mastodon, Reddit",2025-04-08,2025-05-11,4,True,False,8.8,0.00111,3260
CVE-2024-48887,CVE-2024-48887-2,2025-04-08,Mastodon,9.8,critical,0.00091,enriched,NETWORK,LOW,NONE,NONE,UNCHANGED,HIGH,HIGH,HIGH,4,3,"HackerNews, Mastodon, Reddit",2025-04-08,2025-04-09,6,True,False,9.8,0.00091,1623
CVE-2025-27487,CVE-2025-27487-1,2025-04-08,Mastodon,8.0,high,0.00078,enriched,NETWORK,LOW,LOW,REQUIRED,UNCHANGED,HIGH,HIGH,HIGH,1,1,Mastodon,2025-04-08,2025-04-08,1,True,False,8.0,0.00078,3368
CVE-2025-23186,CVE-2025-23186-1,2025-04-08,Mastodon,8.5,high,0.00047,original,NETWORK,HIGH,LOW,NONE,CHANGED,HIGH,HIGH,HIGH,1,1,Mastodon,2025-04-08,2025-04-08,1,True,False,8.5,0.00047,2913
CVE-2025-32028,CVE-2025-32028-1,2025-04-08,Mastodon,9.9,critical,0.00042,enriched,NETWORK,LOW,LOW,NONE,CHANGED,HIGH,HIGH,HIGH,1,1,Mastodon,2025-04-08,2025-04-08,1,True,False,9.9,0.00042,3721
CVE-2025-27482,CVE-2025-27482-1,2025-04-08,Mastodon,8.1,high,0.0021,enriched,NETWORK,HIGH,NONE,NONE,UNCHANGED,HIGH,HIGH,HIGH,2,2,"HackerNews, Mastodon",2025-04-08,2025-04-09,3,True,False,8.1,0.0021,3367
CVE-2025-27481,CVE-2025-27481-1,2025-04-08,Mastodon,8.8,high,0.00078,enriched,NETWORK,LOW,NONE,REQUIRED,UNCHANGED,HIGH,HIGH,HIGH,1,1,Mastodon,2025-04-08,2025-04-08,1,True,False,8.8,0.00078,3366
CVE-2025-27480,CVE-2025-27480-1,2025-04-08,Mastodon,8.1,high,0.00322,enriched,NETWORK,HIGH,NONE,NONE,UNCHANGED,HIGH,HIGH,HIGH,5,3,"HackerNews, Mastodon, Reddit",2025-04-08,2025-04-13,6,True,False,8.1,0.00322,3365
CVE-2025-26678,CVE-2025-26678-1,2025-04-08,Mastodon,8.4,high,0.00058,enriched,LOCAL,LOW,NONE,NONE,UNCHANGED,HIGH,HIGH,HIGH,1,1,Mastodon,2025-04-08,2025-04-08,1,True,False,8.4,0.00058,3269
CVE-2025-3155,CVE-2025-3155-3,2025-04-08,HackerNews,7.4,high,0.00034,original,NETWORK,LOW,NONE,REQUIRED,CHANGED,HIGH,NONE,NONE,3,2,"HackerNews, Reddit",2025-04-08,2025-04-16,3,True,False,7.4,0.00038,3699
CVE-2024-41788,CVE-2024-41788-1,2025-04-08,Mastodon,9.1,critical,0.00205,original,NETWORK,LOW,HIGH,NONE,CHANGED,HIGH,HIGH,HIGH,1,1,Mastodon,2025-04-08,2025-04-08,1,True,False,9.1,0.00205,1396
CVE-2019-15949,CVE-2019-15949-1,2025-04-08,ExploitDB,8.8,high,0.91112,original,NETWORK,LOW,LOW,NONE,UNCHANGED,HIGH,HIGH,HIGH,2,1,ExploitDB,2025-04-08,2025-04-08,2,True,False,8.8,0.91112,97
CVE-2025-30016,CVE-2025-30016-1,2025-04-08,Mastodon,9.8,critical,0.00084,original,NETWORK,LOW,NONE,NONE,UNCHANGED,HIGH,HIGH,HIGH,1,1,Mastodon,2025-04-08,2025-04-08,1,True,False,9.8,0.00084,3541
CVE-2024-12556,CVE-2024-12556-1,2025-04-08,Mastodon,8.7,high,0.00038,enriched,NETWORK,LOW,LOW,REQUIRED,CHANGED,HIGH,HIGH,NONE,1,1,Mastodon,2025-04-08,2025-04-08,1,True,False,8.7,0.00038,883
CVE-2025-30281,CVE-2025-30281-1,2025-04-08,Mastodon,9.1,critical,0.00102,enriched,NETWORK,LOW,HIGH,NONE,CHANGED,HIGH,HIGH,HIGH,1,1,Mastodon,2025-04-08,2025-04-08,1,True,False,9.1,0.00102,3557
CVE-2025-24447,CVE-2025-24447-1,2025-04-08,Mastodon,9.1,critical,0.0144,enriched,NETWORK,LOW,NONE,NONE,UNCHANGED,HIGH,HIGH,NONE,1,1,Mastodon,2025-04-08,2025-04-08,1,True,False,9.1,0.0144,3052
CVE-2025-24446,CVE-2025-24446-1,2025-04-08,Mastodon,9.1,critical,0.00682,enriched,NETWORK,LOW,HIGH,NONE,CHANGED,HIGH,HIGH,HIGH,1,1,Mastodon,2025-04-08,2025-04-08,1,True,False,9.1,0.00682,3051
CVE-2025-30282,CVE-2025-30282-1,2025-04-08,Mastodon,9.1,critical,0.00467,enriched,NETWORK,LOW,HIGH,NONE,CHANGED,HIGH,HIGH,HIGH,1,1,Mastodon,2025-04-08,2025-04-08,1,True,False,9.1,0.00467,3558
CVE-2025-30284,CVE-2025-30284-1,2025-04-08,Mastodon,8.4,high,0.00754,enriched,NETWORK,LOW,HIGH,REQUIRED,CHANGED,HIGH,HIGH,HIGH,1,1,Mastodon,2025-04-08,2025-04-08,1,True,False,8.4,0.00754,3559
CVE-2025-29824,CVE-2025-29824-29,2025-04-08,BleepingComputer,7.8,high,0.19164,enriched,LOCAL,LOW,LOW,NONE,UNCHANGED,HIGH,HIGH,HIGH,25,4,"BleepingComputer, HackerNews, Mastodon, Reddit",2025-04-08,2025-05-14,31,True,False,7.8,0.19164,3525
CVE-2024-56902,CVE-2024-56902-1,2025-04-08,ExploitDB,7.5,high,0.03336,original,NETWORK,LOW,NONE,NONE,UNCHANGED,HIGH,NONE,NONE,2,1,ExploitDB,2025-04-08,2025-04-08,2,True,False,7.5,0.03336,2204
CVE-2025-29794,CVE-2025-29794-1,2025-04-08,Mastodon,8.8,high,0.00155,enriched,NETWORK,LOW,LOW,NONE,UNCHANGED,HIGH,HIGH,HIGH,1,1,Mastodon,2025-04-08,2025-04-08,2,True,False,8.8,0.00155,3520
CVE-2025-29087,CVE-2025-29087-1,2025-04-08,Mastodon,3.2,low,0.00018,original,LOCAL,HIGH,NONE,NONE,CHANGED,NONE,NONE,LOW,1,1,Mastodon,2025-04-08,2025-04-08,1,True,False,3.2,0.00018,3490
CVE-2024-54092,CVE-2024-54092-1,2025-04-08,Mastodon,9.8,critical,0.00127,original,NETWORK,LOW,NONE,NONE,UNCHANGED,HIGH,HIGH,HIGH,1,1,Mastodon,2025-04-08,2025-04-08,1,True,False,9.8,0.00127,1980
CVE-2025-30285,CVE-2025-30285-1,2025-04-08,Mastodon,8.4,high,0.00754,enriched,NETWORK,LOW,HIGH,REQUIRED,CHANGED,HIGH,HIGH,HIGH,1,1,Mastodon,2025-04-08,2025-04-08,1,True,False,8.4,0.00754,3560
CVE-2025-2525,CVE-2025-2525-1,2025-04-08,Mastodon,8.8,high,0.00311,original,NETWORK,LOW,LOW,NONE,UNCHANGED,HIGH,HIGH,HIGH,1,1,Mastodon,2025-04-08,2025-04-08,1,True,False,8.8,0.00311,3142
CVE-2025-30287,CVE-2025-30287-1,2025-04-08,Mastodon,8.2,high,0.00052,enriched,LOCAL,LOW,LOW,REQUIRED,CHANGED,HIGH,HIGH,HIGH,1,1,Mastodon,2025-04-08,2025-04-08,1,True,False,8.2,0.00052,3562
CVE-2024-41794,CVE-2024-41794-1,2025-04-08,Mastodon,10.0,critical,0.00084,original,NETWORK,LOW,NONE,NONE,CHANGED,HIGH,HIGH,HIGH,1,1,Mastodon,2025-04-08,2025-04-08,1,True,False,10.0,0.00084,1401
CVE-2025-30290,CVE-2025-30290-1,2025-04-08,Mastodon,8.7,high,0.00069,enriched,NETWORK,LOW,HIGH,NONE,CHANGED,NONE,HIGH,HIGH,1,1,Mastodon,2025-04-08,2025-04-08,1,True,False,8.7,0.00069,3563
CVE-2025-2807,CVE-2025-2807-1,2025-04-08,Mastodon,8.8,high,0.00214,original,NETWORK,LOW,LOW,NONE,UNCHANGED,HIGH,HIGH,HIGH,1,1,Mastodon,2025-04-08,2025-04-08,1,True,False,8.8,0.00214,3453
CVE-2024-41793,CVE-2024-41793-1,2025-04-08,Mastodon,8.6,high,0.00037,original,NETWORK,LOW,NONE,NONE,CHANGED,NONE,HIGH,NONE,1,1,Mastodon,2025-04-08,2025-04-08,1,True,False,8.6,0.00037,1400
CVE-2024-41792,CVE-2024-41792-1,2025-04-08,Mastodon,8.6,high,0.00078,original,NETWORK,LOW,NONE,NONE,CHANGED,HIGH,NONE,NONE,1,1,Mastodon,2025-04-08,2025-04-08,1,True,False,8.6,0.00078,1399
CVE-2024-41790,CVE-2024-41790-1,2025-04-08,Mastodon,9.1,critical,0.00205,original,NETWORK,LOW,HIGH,NONE,CHANGED,HIGH,HIGH,HIGH,1,1,Mastodon,2025-04-08,2025-04-08,1,True,False,9.1,0.00205,1398
CVE-2024-41789,CVE-2024-41789-1,2025-04-08,Mastodon,9.1,critical,0.00205,original,NETWORK,LOW,HIGH,NONE,CHANGED,HIGH,HIGH,HIGH,1,1,Mastodon,2025-04-08,2025-04-08,1,True,False,9.1,0.00205,1397
CVE-2025-27477,CVE-2025-27477-1,2025-04-08,Mastodon,8.8,high,0.00078,enriched,NETWORK,LOW,NONE,REQUIRED,UNCHANGED,HIGH,HIGH,HIGH,1,1,Mastodon,2025-04-08,2025-04-08,1,True,False,8.8,0.00078,3363
CVE-2025-30401,CVE-2025-30401-4,2025-04-08,BleepingComputer,6.7,medium,0.00043,original,NETWORK,HIGH,LOW,REQUIRED,UNCHANGED,HIGH,HIGH,LOW,5,3,"BleepingComputer, Mastodon, Reddit",2025-04-08,2025-04-23,8,True,False,6.7,0.0018,3576
CVE-2025-30286,CVE-2025-30286-1,2025-04-08,Mastodon,8.4,high,0.00315,enriched,NETWORK,LOW,HIGH,REQUIRED,CHANGED,HIGH,HIGH,HIGH,1,1,Mastodon,2025-04-08,2025-04-08,1,True,False,8.4,0.00315,3561
CVE-2025-27429,CVE-2025-27429-1,2025-04-08,Mastodon,9.9,critical,0.00047,original,NETWORK,LOW,LOW,NONE,CHANGED,HIGH,HIGH,HIGH,3,2,"BleepingComputer, Mastodon",2025-04-08,2025-04-25,3,True,False,9.9,0.00053,3357
CVE-2025-2526,CVE-2025-2526-1,2025-04-08,Mastodon,8.8,high,0.00089,original,NETWORK,LOW,LOW,NONE,UNCHANGED,HIGH,HIGH,HIGH,1,1,Mastodon,2025-04-08,2025-04-08,1,True,False,8.8,0.00089,3144
CVE-2025-32406,CVE-2025-32406-1,2025-04-08,Mastodon,8.6,high,0.00043,enriched,NETWORK,LOW,NONE,NONE,CHANGED,HIGH,NONE,NONE,2,2,"HackerNews, Mastodon",2025-04-08,2025-04-25,2,True,False,8.6,0.00057,3746
CVE-2025-21222,CVE-2025-21222-1,2025-04-08,Mastodon,8.8,high,0.00078,enriched,NETWORK,LOW,NONE,REQUIRED,UNCHANGED,HIGH,HIGH,HIGH,1,1,Mastodon,2025-04-08,2025-04-08,1,True,False,8.8,0.00078,2719
CVE-2025-3364,CVE-2025-3364-1,2025-04-08,Mastodon,6.7,medium,0.00012,original,LOCAL,LOW,HIGH,NONE,UNCHANGED,HIGH,HIGH,HIGH,1,1,Mastodon,2025-04-08,2025-04-08,1,True,False,6.7,0.00012,3872
CVE-2025-3362,CVE-2025-3362-1,2025-04-08,Mastodon,9.8,critical,0.00437,original,NETWORK,LOW,NONE,NONE,UNCHANGED,HIGH,HIGH,HIGH,1,1,Mastodon,2025-04-08,2025-04-08,1,True,False,9.8,0.00437,3870
CVE-2025-1095,CVE-2025-1095-1,2025-04-08,Mastodon,8.8,high,0.00013,enriched,LOCAL,LOW,LOW,NONE,CHANGED,HIGH,HIGH,HIGH,1,1,Mastodon,2025-04-08,2025-04-08,1,True,False,8.8,0.00013,2548
CVE-2025-3363,CVE-2025-3363-1,2025-04-08,Mastodon,9.8,critical,0.00437,original,NETWORK,LOW,NONE,NONE,UNCHANGED,HIGH,HIGH,HIGH,1,1,Mastodon,2025-04-08,2025-04-08,1,True,False,9.8,0.00437,3871
CVE-2025-2004,CVE-2025-2004-1,2025-04-08,Mastodon,9.1,critical,0.00257,original,NETWORK,LOW,NONE,NONE,UNCHANGED,NONE,HIGH,HIGH,1,1,Mastodon,2025-04-08,2025-04-08,1,True,False,9.1,0.00257,2652
CVE-2025-20946,CVE-2025-20946-1,2025-04-08,Mastodon,8.8,high,0.00017,original,ADJACENT_NETWORK,LOW,NONE,NONE,UNCHANGED,HIGH,HIGH,HIGH,1,1,Mastodon,2025-04-08,2025-04-08,1,True,False,8.8,0.00017,2700
CVE-2025-20936,CVE-2025-20936-1,2025-04-08,Mastodon,8.8,high,0.00013,original,LOCAL,LOW,LOW,NONE,CHANGED,HIGH,HIGH,HIGH,1,1,Mastodon,2025-04-08,2025-04-08,1,True,False,8.8,0.00013,2699
CVE-2024-30896,CVE-2024-30896-1,2025-04-08,ExploitDB,9.1,critical,0.0305,original,NETWORK,LOW,HIGH,NONE,CHANGED,HIGH,HIGH,HIGH,2,1,ExploitDB,2025-04-08,2025-04-08,2,True,False,9.1,0.0305,1203
CVE-2024-23922,CVE-2024-23922-1,2025-04-08,ExploitDB,6.8,medium,0.00149,original,PHYSICAL,LOW,NONE,NONE,UNCHANGED,HIGH,HIGH,HIGH,2,1,ExploitDB,2025-04-08,2025-04-08,2,True,False,6.8,0.00149,1116
CVE-2025-21205,CVE-2025-21205-1,2025-04-08,Mastodon,8.8,high,0.00078,enriched,NETWORK,LOW,NONE,REQUIRED,UNCHANGED,HIGH,HIGH,HIGH,1,1,Mastodon,2025-04-08,2025-04-08,1,True,False,8.8,0.00078,2716
CVE-2025-3361,CVE-2025-3361-1,2025-04-08,Mastodon,9.8,critical,0.00437,original,NETWORK,LOW,NONE,NONE,UNCHANGED,HIGH,HIGH,HIGH,1,1,Mastodon,2025-04-08,2025-04-08,1,True,False,9.8,0.00437,3869
CVE-2025-21221,CVE-2025-21221-1,2025-04-08,Mastodon,8.8,high,0.00078,enriched,NETWORK,LOW,NONE,REQUIRED,UNCHANGED,HIGH,HIGH,HIGH,1,1,Mastodon,2025-04-08,2025-04-08,1,True,False,8.8,0.00078,2718
CVE-2025-22466,CVE-2025-22466-1,2025-04-08,Mastodon,8.2,high,0.00044,enriched,NETWORK,LOW,NONE,REQUIRED,CHANGED,HIGH,LOW,NONE,1,1,Mastodon,2025-04-08,2025-04-08,1,True,False,8.2,0.00044,2834
CVE-2024-2054,CVE-2024-2054-1,2025-04-09,ExploitDB,9.8,critical,0.81671,original,NETWORK,LOW,NONE,NONE,UNCHANGED,HIGH,HIGH,HIGH,2,1,ExploitDB,2025-04-09,2025-04-09,2,True,False,9.8,0.81671,1065
CVE-2025-27749,CVE-2025-27749-1,2025-04-09,HackerNews,7.8,high,0.00106,original,LOCAL,LOW,NONE,REQUIRED,UNCHANGED,HIGH,HIGH,HIGH,1,1,HackerNews,2025-04-09,2025-04-09,1,True,False,7.8,0.00106,3421
CVE-2025-27748,CVE-2025-27748-1,2025-04-09,HackerNews,7.8,high,0.00106,original,LOCAL,LOW,NONE,REQUIRED,UNCHANGED,HIGH,HIGH,HIGH,1,1,HackerNews,2025-04-09,2025-04-09,1,True,False,7.8,0.00106,3420
CVE-2024-27348,CVE-2024-27348-1,2025-04-09,ExploitDB,9.8,critical,0.93863,original,NETWORK,LOW,NONE,NONE,UNCHANGED,HIGH,HIGH,HIGH,2,1,ExploitDB,2025-04-09,2025-04-09,2,True,False,9.8,0.93863,1164
CVE-2025-27745,CVE-2025-27745-1,2025-04-09,HackerNews,7.8,high,0.00106,original,LOCAL,LOW,NONE,REQUIRED,UNCHANGED,HIGH,HIGH,HIGH,1,1,HackerNews,2025-04-09,2025-04-09,1,True,False,7.8,0.00106,3419
CVE-2025-27797,CVE-2025-27797-1,2025-04-09,Mastodon,9.8,critical,0.0027,original,NETWORK,LOW,NONE,NONE,UNCHANGED,HIGH,HIGH,HIGH,1,1,Mastodon,2025-04-09,2025-04-09,1,True,False,9.8,0.0027,3424
CVE-2024-24409,CVE-2024-24409-1,2025-04-09,ExploitDB,8.8,high,0.00317,original,NETWORK,LOW,LOW,NONE,UNCHANGED,HIGH,HIGH,HIGH,2,1,ExploitDB,2025-04-09,2025-04-09,2,True,False,8.8,0.00317,1128
CVE-2023-38408,CVE-2023-38408-1,2025-04-09,HackerNews,9.8,critical,0.45307,original,NETWORK,LOW,NONE,NONE,UNCHANGED,HIGH,HIGH,HIGH,1,1,HackerNews,2025-04-09,2025-04-09,1,True,True,9.8,0.45307,503
CVE-2022-29614,CVE-2022-29614-1,2025-04-09,HackerNews,5.0,medium,0.00059,original,PHYSICAL,LOW,HIGH,NONE,UNCHANGED,LOW,LOW,HIGH,1,1,HackerNews,2025-04-09,2025-04-09,1,True,False,5.0,0.00059,236
CVE-2024-6244,CVE-2024-6244-1,2025-04-09,ExploitDB,8.8,high,0.23291,original,NETWORK,LOW,NONE,REQUIRED,UNCHANGED,HIGH,HIGH,HIGH,2,1,ExploitDB,2025-04-09,2025-04-09,2,True,False,8.8,0.23291,2286
CVE-2016-10099,CVE-2016-10099-1,2025-04-09,HackerNews,5.3,medium,0.0133,original,NETWORK,LOW,NONE,NONE,UNCHANGED,NONE,LOW,NONE,1,1,HackerNews,2025-04-09,2025-04-09,1,True,False,5.3,0.0133,17
CVE-2015-8325,CVE-2015-8325-1,2025-04-09,HackerNews,7.8,high,0.00101,original,LOCAL,LOW,LOW,NONE,UNCHANGED,HIGH,HIGH,HIGH,1,1,HackerNews,2025-04-09,2025-04-09,1,True,False,7.8,0.00101,14
CVE-2024-47595,CVE-2024-47595-1,2025-04-09,HackerNews,6.3,medium,0.0002,original,LOCAL,HIGH,LOW,NONE,UNCHANGED,HIGH,HIGH,NONE,1,1,HackerNews,2025-04-09,2025-04-09,1,True,False,6.3,0.0002,1583
CVE-2019-6111,CVE-2019-6111-1,2025-04-09,HackerNews,5.9,medium,0.56692,original,NETWORK,HIGH,NONE,NONE,UNCHANGED,NONE,HIGH,NONE,1,1,HackerNews,2025-04-09,2025-04-09,1,True,False,5.9,0.56692,108
CVE-2020-14871,CVE-2020-14871-2,2025-04-09,HackerNews,10.0,critical,0.88872,original,NETWORK,LOW,NONE,NONE,CHANGED,HIGH,HIGH,HIGH,1,1,HackerNews,2025-04-09,2025-04-09,2,True,False,10.0,0.88872,127
CVE-2022-2274,CVE-2022-2274-1,2025-04-09,HackerNews,9.8,critical,0.5801,original,NETWORK,LOW,NONE,NONE,UNCHANGED,HIGH,HIGH,HIGH,1,1,HackerNews,2025-04-09,2025-04-09,1,True,False,9.8,0.5801,214
CVE-2016-6210,CVE-2016-6210-1,2025-04-09,HackerNews,5.9,medium,0.92487,original,NETWORK,HIGH,NONE,NONE,UNCHANGED,HIGH,NONE,NONE,1,1,HackerNews,2025-04-09,2025-04-09,1,True,False,5.9,0.92487,19
CVE-2021-20288,CVE-2021-20288-1,2025-04-09,HackerNews,7.2,high,0.00198,original,NETWORK,LOW,HIGH,NONE,UNCHANGED,HIGH,HIGH,HIGH,1,1,HackerNews,2025-04-09,2025-04-09,1,True,False,7.2,0.00198,153
CVE-2024-38944,CVE-2024-38944-1,2025-04-09,ExploitDB,9.8,critical,0.01672,original,NETWORK,LOW,NONE,NONE,UNCHANGED,HIGH,HIGH,HIGH,2,1,ExploitDB,2025-04-09,2025-04-09,2,True,False,9.8,0.01672,1309
CVE-2023-36811,CVE-2023-36811-1,2025-04-09,HackerNews,4.7,medium,0.00022,original,LOCAL,HIGH,LOW,NONE,UNCHANGED,NONE,HIGH,NONE,1,1,HackerNews,2025-04-09,2025-04-09,1,True,True,4.7,0.00022,482
CVE-2024-39143,CVE-2024-39143-1,2025-04-09,ExploitDB,5.4,medium,0.00126,original,NETWORK,LOW,LOW,REQUIRED,CHANGED,LOW,LOW,NONE,2,1,ExploitDB,2025-04-09,2025-04-09,2,True,False,5.4,0.00126,1310
CVE-2024-39304,CVE-2024-39304-1,2025-04-09,ExploitDB,8.8,high,0.20878,original,NETWORK,LOW,LOW,NONE,UNCHANGED,HIGH,HIGH,HIGH,2,1,ExploitDB,2025-04-09,2025-04-09,2,True,True,8.8,0.20878,1312
CVE-2025-29390,CVE-2025-29390-1,2025-04-09,Mastodon,8.8,high,0.0003,enriched,NETWORK,LOW,LOW,NONE,UNCHANGED,HIGH,HIGH,HIGH,1,1,Mastodon,2025-04-09,2025-04-09,1,True,False,8.8,0.0003,3502
CVE-2025-32496,CVE-2025-32496-1,2025-04-09,Mastodon,9.6,critical,0.00018,enriched,NETWORK,LOW,NONE,REQUIRED,CHANGED,HIGH,HIGH,HIGH,1,1,Mastodon,2025-04-09,2025-04-09,1,True,False,9.6,0.00018,3761
CVE-2024-37732,CVE-2024-37732-1,2025-04-09,ExploitDB,6.1,medium,0.00391,original,NETWORK,LOW,NONE,REQUIRED,CHANGED,LOW,LOW,NONE,2,1,ExploitDB,2025-04-09,2025-04-09,2,True,False,6.1,0.00391,1279
CVE-2025-31023,CVE-2025-31023-1,2025-04-09,Mastodon,8.8,high,0.00018,enriched,NETWORK,LOW,NONE,REQUIRED,UNCHANGED,HIGH,HIGH,HIGH,1,1,Mastodon,2025-04-09,2025-04-09,1,True,False,8.8,0.00018,3645
CVE-2025-32695,CVE-2025-32695-1,2025-04-09,Mastodon,9.8,critical,0.00041,enriched,NETWORK,LOW,NONE,NONE,UNCHANGED,HIGH,HIGH,HIGH,1,1,Mastodon,2025-04-09,2025-04-09,1,True,False,9.8,0.00041,3805
CVE-2025-32642,CVE-2025-32642-1,2025-04-09,Mastodon,10.0,critical,0.00019,enriched,NETWORK,LOW,NONE,NONE,CHANGED,HIGH,HIGH,HIGH,1,1,Mastodon,2025-04-09,2025-04-09,1,True,False,10.0,0.00019,3785
CVE-2025-31033,CVE-2025-31033-1,2025-04-09,Mastodon,9.8,critical,0.00019,enriched,NETWORK,LOW,NONE,NONE,UNCHANGED,HIGH,HIGH,HIGH,1,1,Mastodon,2025-04-09,2025-04-09,1,True,False,9.8,0.00019,3647
CVE-2025-32641,CVE-2025-32641-1,2025-04-09,Mastodon,9.6,critical,0.00018,enriched,NETWORK,LOW,NONE,REQUIRED,CHANGED,HIGH,HIGH,HIGH,1,1,Mastodon,2025-04-09,2025-04-09,1,True,False,9.6,0.00018,3784
CVE-2025-31002,CVE-2025-31002-1,2025-04-09,Mastodon,9.1,critical,0.00039,enriched,NETWORK,LOW,HIGH,NONE,CHANGED,HIGH,HIGH,HIGH,1,1,Mastodon,2025-04-09,2025-04-09,1,True,False,9.1,0.00039,3642
CVE-2013-2094,CVE-2013-2094-1,2025-04-09,HackerNews,8.4,high,0.61542,original,LOCAL,LOW,NONE,NONE,UNCHANGED,HIGH,HIGH,HIGH,1,1,HackerNews,2025-04-09,2025-04-09,1,True,True,8.4,0.61542,6
CVE-2025-32375,CVE-2025-32375-1,2025-04-09,Mastodon,9.8,critical,0.00041,enriched,NETWORK,LOW,NONE,NONE,UNCHANGED,HIGH,HIGH,HIGH,1,1,Mastodon,2025-04-09,2025-04-09,2,True,False,9.8,0.00041,3745
CVE-2025-31036,CVE-2025-31036-1,2025-04-09,Mastodon,8.8,high,0.00018,enriched,NETWORK,LOW,NONE,REQUIRED,UNCHANGED,HIGH,HIGH,HIGH,1,1,Mastodon,2025-04-09,2025-04-09,1,True,False,8.8,0.00018,3648
CVE-2010-3081,CVE-2010-3081-1,2025-04-09,HackerNews,7.8,high,0.44977,original,LOCAL,LOW,LOW,NONE,UNCHANGED,HIGH,HIGH,HIGH,1,1,HackerNews,2025-04-09,2025-04-09,1,True,False,7.8,0.44977,4
CVE-2025-32547,CVE-2025-32547-1,2025-04-09,Mastodon,8.2,high,0.00016,enriched,NETWORK,LOW,NONE,REQUIRED,CHANGED,HIGH,NONE,LOW,1,1,Mastodon,2025-04-09,2025-04-09,1,True,False,8.2,0.00016,3763
CVE-2025-25053,CVE-2025-25053-1,2025-04-09,Mastodon,8.8,high,0.00186,original,NETWORK,LOW,LOW,NONE,UNCHANGED,HIGH,HIGH,HIGH,1,1,Mastodon,2025-04-09,2025-04-09,1,True,False,8.8,0.00186,3118
CVE-2025-32576,CVE-2025-32576-1,2025-04-09,Mastodon,9.6,critical,0.00018,enriched,NETWORK,LOW,NONE,REQUIRED,CHANGED,HIGH,HIGH,HIGH,1,1,Mastodon,2025-04-09,2025-04-09,1,True,False,9.6,0.00018,3769
CVE-2025-31038,CVE-2025-31038-1,2025-04-09,Mastodon,8.8,high,0.00018,enriched,NETWORK,LOW,NONE,REQUIRED,UNCHANGED,HIGH,HIGH,HIGH,1,1,Mastodon,2025-04-09,2025-04-09,1,True,False,8.8,0.00018,3649
CVE-2025-32461,CVE-2025-32461-1,2025-04-09,Mastodon,9.9,critical,0.00071,original,NETWORK,LOW,LOW,NONE,CHANGED,HIGH,HIGH,HIGH,1,1,Mastodon,2025-04-09,2025-04-09,1,True,False,9.9,0.00071,3757
CVE-2025-29791,CVE-2025-29791-1,2025-04-09,HackerNews,7.8,high,0.00151,original,LOCAL,LOW,NONE,REQUIRED,UNCHANGED,HIGH,HIGH,HIGH,1,1,HackerNews,2025-04-09,2025-04-09,1,True,False,7.8,0.00151,3519
CVE-2025-32140,CVE-2025-32140-1,2025-04-10,Mastodon,9.9,critical,0.00042,original,NETWORK,LOW,LOW,NONE,CHANGED,HIGH,HIGH,HIGH,1,1,Mastodon,2025-04-10,2025-04-10,3,True,False,9.9,0.00042,3726
CVE-2025-32145,CVE-2025-32145-1,2025-04-10,Mastodon,8.8,high,0.00048,original,NETWORK,LOW,LOW,NONE,UNCHANGED,HIGH,HIGH,HIGH,1,1,Mastodon,2025-04-10,2025-04-10,1,True,False,8.8,0.00048,3729
CVE-2025-31524,CVE-2025-31524-1,2025-04-10,Mastodon,8.8,high,0.00039,original,NETWORK,LOW,LOW,NONE,UNCHANGED,HIGH,HIGH,HIGH,1,1,Mastodon,2025-04-10,2025-04-10,1,True,False,8.8,0.00039,3693
CVE-2025-21594,CVE-2025-21594-1,2025-04-10,Reddit,7.5,high,0.0004,original,NETWORK,LOW,NONE,NONE,UNCHANGED,NONE,NONE,HIGH,1,1,Reddit,2025-04-10,2025-04-10,1,True,False,7.5,0.0004,2788
CVE-2024-36424,CVE-2024-36424-1,2025-04-10,ExploitDB,5.5,medium,0.03701,original,LOCAL,LOW,LOW,NONE,UNCHANGED,NONE,NONE,HIGH,2,1,ExploitDB,2025-04-10,2025-04-10,2,True,False,5.5,0.03701,1258
CVE-2025-32119,CVE-2025-32119-1,2025-04-10,Mastodon,8.2,high,0.0003,original,NETWORK,LOW,NONE,REQUIRED,CHANGED,HIGH,NONE,LOW,1,1,Mastodon,2025-04-10,2025-04-10,1,True,False,8.2,0.0003,3725
CVE-2025-32754,CVE-2025-32754-1,2025-04-10,Mastodon,9.1,critical,0.00018,original,NETWORK,LOW,NONE,NONE,UNCHANGED,HIGH,HIGH,NONE,1,1,Mastodon,2025-04-10,2025-04-10,1,True,False,9.1,0.00018,3812
CVE-2025-2632,CVE-2025-2632-1,2025-04-10,Reddit,7.8,high,0.00015,original,LOCAL,LOW,NONE,REQUIRED,UNCHANGED,HIGH,HIGH,HIGH,1,1,Reddit,2025-04-10,2025-04-10,1,True,False,7.8,0.00015,3221
CVE-2025-32755,CVE-2025-32755-1,2025-04-10,Mastodon,9.1,critical,0.00018,original,NETWORK,LOW,NONE,NONE,UNCHANGED,HIGH,HIGH,NONE,1,1,Mastodon,2025-04-10,2025-04-10,1,True,False,9.1,0.00018,3813
CVE-2019-13024,CVE-2019-13024-1,2025-04-10,ExploitDB,8.8,high,0.61921,original,NETWORK,LOW,LOW,NONE,UNCHANGED,HIGH,HIGH,HIGH,2,1,ExploitDB,2025-04-10,2025-04-10,2,True,True,8.8,0.61921,92
CVE-2019-10652,CVE-2019-10652-1,2025-04-10,ExploitDB,7.2,high,0.00829,original,NETWORK,LOW,HIGH,NONE,UNCHANGED,HIGH,HIGH,HIGH,2,1,ExploitDB,2025-04-10,2025-04-10,2,True,False,7.2,0.00829,89
CVE-2025-32743,CVE-2025-32743-1,2025-04-10,Mastodon,9.0,critical,0.00068,enriched,NETWORK,HIGH,NONE,NONE,CHANGED,HIGH,HIGH,HIGH,1,1,Mastodon,2025-04-10,2025-04-10,1,True,False,9.0,0.00068,3811
CVE-2024-20419,CVE-2024-20419-1,2025-04-10,ExploitDB,10.0,critical,0.83027,original,NETWORK,LOW,NONE,NONE,CHANGED,HIGH,HIGH,HIGH,2,1,ExploitDB,2025-04-10,2025-04-10,2,True,False,10.0,0.83027,1061
CVE-2023-44088,CVE-2023-44088-1,2025-04-10,ExploitDB,5.9,medium,0.00201,original,NETWORK,HIGH,LOW,REQUIRED,UNCHANGED,LOW,HIGH,LOW,2,1,ExploitDB,2025-04-10,2025-04-10,2,True,False,5.9,0.00201,560
CVE-2025-3417,CVE-2025-3417-1,2025-04-10,Mastodon,8.8,high,0.00039,original,NETWORK,LOW,LOW,NONE,UNCHANGED,HIGH,HIGH,HIGH,1,1,Mastodon,2025-04-10,2025-04-10,1,True,False,8.8,0.00039,3875
CVE-2025-32687,CVE-2025-32687-1,2025-04-10,Mastodon,8.5,high,0.0003,original,NETWORK,LOW,LOW,NONE,CHANGED,HIGH,NONE,LOW,1,1,Mastodon,2025-04-10,2025-04-10,1,True,False,8.5,0.0003,3804
CVE-2024-55210,CVE-2024-55210-1,2025-04-10,Mastodon,9.8,critical,0.00024,original,NETWORK,LOW,NONE,NONE,UNCHANGED,HIGH,HIGH,HIGH,1,1,Mastodon,2025-04-10,2025-04-10,1,True,False,9.8,0.00024,2056
CVE-2024-48573,CVE-2024-48573-1,2025-04-10,ExploitDB,9.8,critical,0.00141,original,NETWORK,LOW,NONE,NONE,UNCHANGED,HIGH,HIGH,HIGH,2,1,ExploitDB,2025-04-10,2025-04-10,2,True,False,9.8,0.00141,1602
CVE-2024-55354,CVE-2024-55354-1,2025-04-10,Mastodon,8.8,high,0.00017,original,LOCAL,LOW,LOW,NONE,CHANGED,HIGH,HIGH,HIGH,1,1,Mastodon,2025-04-10,2025-04-10,1,True,False,8.8,0.00017,2064
CVE-2024-8925,CVE-2024-8925-1,2025-04-10,HackerNews,3.1,low,0.00029,original,NETWORK,HIGH,LOW,NONE,UNCHANGED,NONE,LOW,NONE,1,1,HackerNews,2025-04-10,2025-04-10,1,True,False,3.1,0.00029,2343
CVE-2024-35540,CVE-2024-35540-1,2025-04-10,ExploitDB,9.0,critical,0.00309,original,NETWORK,LOW,LOW,REQUIRED,CHANGED,HIGH,HIGH,HIGH,2,1,ExploitDB,2025-04-10,2025-04-10,2,True,False,9.0,0.00309,1251
CVE-2017-8083,CVE-2017-8083-1,2025-04-10,HackerNews,6.7,medium,0.00038,original,LOCAL,LOW,HIGH,NONE,UNCHANGED,HIGH,HIGH,HIGH,1,1,HackerNews,2025-04-10,2025-04-10,1,True,False,6.7,0.00038,35
CVE-2025-27690,CVE-2025-27690-1,2025-04-10,Mastodon,9.8,critical,0.00074,original,NETWORK,LOW,NONE,NONE,UNCHANGED,HIGH,HIGH,HIGH,1,1,Mastodon,2025-04-10,2025-04-10,1,True,False,9.8,0.00074,3414
CVE-2024-33896,CVE-2024-33896-1,2025-04-10,ExploitDB,7.2,high,0.00848,original,NETWORK,LOW,HIGH,NONE,UNCHANGED,HIGH,HIGH,HIGH,2,1,ExploitDB,2025-04-10,2025-04-10,2,True,False,7.2,0.00848,1225
CVE-2025-29017,CVE-2025-29017-1,2025-04-10,Mastodon,8.8,high,0.00208,enriched,NETWORK,LOW,LOW,NONE,UNCHANGED,HIGH,HIGH,HIGH,1,1,Mastodon,2025-04-10,2025-04-10,1,True,False,8.8,0.00208,3483
CVE-2024-6039,CVE-2024-6039-1,2025-04-10,ExploitDB,6.3,medium,0.00246,original,NETWORK,LOW,LOW,NONE,UNCHANGED,LOW,LOW,LOW,2,1,ExploitDB,2025-04-10,2025-04-10,2,True,False,6.3,0.00246,2284
CVE-2025-32202,CVE-2025-32202-1,2025-04-10,Mastodon,9.1,critical,0.00039,original,NETWORK,LOW,HIGH,NONE,CHANGED,HIGH,HIGH,HIGH,1,1,Mastodon,2025-04-10,2025-04-10,1,True,False,9.1,0.00039,3734
CVE-2025-32206,CVE-2025-32206-1,2025-04-10,Mastodon,9.1,critical,0.00039,original,NETWORK,LOW,HIGH,NONE,CHANGED,HIGH,HIGH,HIGH,1,1,Mastodon,2025-04-10,2025-04-10,1,True,False,9.1,0.00039,3735
CVE-2024-9026,CVE-2024-9026-1,2025-04-10,HackerNews,3.3,low,0.00033,original,LOCAL,LOW,LOW,NONE,UNCHANGED,NONE,LOW,NONE,1,1,HackerNews,2025-04-10,2025-04-10,1,True,False,3.3,0.00033,2354
CVE-2025-27813,CVE-2025-27813-1,2025-04-10,Mastodon,8.1,high,0.00012,enriched,LOCAL,HIGH,NONE,NONE,CHANGED,HIGH,HIGH,HIGH,1,1,Mastodon,2025-04-10,2025-04-10,1,True,False,8.1,0.00012,3427
CVE-2024-7815,CVE-2024-7815-1,2025-04-10,ExploitDB,2.4,low,0.00107,original,NETWORK,LOW,HIGH,REQUIRED,UNCHANGED,NONE,LOW,NONE,2,1,ExploitDB,2025-04-10,2025-04-10,2,True,True,2.4,0.00107,2316
CVE-2025-30582,CVE-2025-30582-1,2025-04-10,Mastodon,8.1,high,0.00047,original,NETWORK,HIGH,NONE,NONE,UNCHANGED,HIGH,HIGH,HIGH,1,1,Mastodon,2025-04-10,2025-04-10,1,True,False,8.1,0.00047,3594
CVE-2025-27812,CVE-2025-27812-1,2025-04-10,Mastodon,8.1,high,0.00012,enriched,LOCAL,HIGH,NONE,NONE,CHANGED,HIGH,HIGH,HIGH,1,1,Mastodon,2025-04-10,2025-04-10,1,True,False,8.1,0.00012,3426
CVE-2025-30655,CVE-2025-30655-1,2025-04-10,Reddit,5.5,medium,0.00013,original,LOCAL,LOW,LOW,NONE,UNCHANGED,NONE,NONE,HIGH,1,1,Reddit,2025-04-10,2025-04-10,1,True,False,5.5,0.00013,3602
CVE-2024-35539,CVE-2024-35539-1,2025-04-10,ExploitDB,6.5,medium,0.00115,original,NETWORK,LOW,NONE,NONE,UNCHANGED,NONE,LOW,LOW,2,1,ExploitDB,2025-04-10,2025-04-10,2,True,False,6.5,0.00115,1250
CVE-2025-32668,CVE-2025-32668-1,2025-04-10,Mastodon,8.1,high,0.00115,original,NETWORK,HIGH,NONE,NONE,UNCHANGED,HIGH,HIGH,HIGH,1,1,Mastodon,2025-04-10,2025-04-10,1,True,False,8.1,0.00115,3798
CVE-2024-58136,CVE-2024-58136-1,2025-04-10,Mastodon,9.0,critical,0.00054,original,NETWORK,HIGH,NONE,NONE,CHANGED,HIGH,HIGH,HIGH,7,3,"HackerNews, Mastodon, Reddit",2025-04-10,2025-05-30,8,True,True,9.0,0.36603,2277
CVE-2025-3102,CVE-2025-3102-11,2025-04-10,BleepingComputer,8.1,high,0.00127,original,NETWORK,HIGH,NONE,NONE,UNCHANGED,HIGH,HIGH,HIGH,8,3,"BleepingComputer, Mastodon, Reddit",2025-04-10,2025-05-07,17,True,False,8.1,0.00143,3644
CVE-2024-8929,CVE-2024-8929-1,2025-04-10,HackerNews,5.8,medium,0.00028,original,ADJACENT_NETWORK,HIGH,LOW,NONE,CHANGED,HIGH,NONE,NONE,1,1,HackerNews,2025-04-10,2025-04-10,1,True,False,5.8,0.00028,2344
CVE-2024-10758,CVE-2024-10758-1,2025-04-11,ExploitDB,7.3,high,0.00067,original,NETWORK,LOW,NONE,NONE,UNCHANGED,LOW,LOW,LOW,2,1,ExploitDB,2025-04-11,2025-04-11,2,True,True,7.3,0.00067,691
CVE-2018-1000047,CVE-2018-1000047-1,2025-04-11,HackerNews,8.8,high,0.00968,original,NETWORK,LOW,NONE,REQUIRED,UNCHANGED,HIGH,HIGH,HIGH,1,1,HackerNews,2025-04-11,2025-04-11,1,True,False,8.8,0.00968,44
CVE-2018-1000048,CVE-2018-1000048-1,2025-04-11,HackerNews,8.8,high,0.00968,original,NETWORK,LOW,NONE,REQUIRED,UNCHANGED,HIGH,HIGH,HIGH,1,1,HackerNews,2025-04-11,2025-04-11,1,True,False,8.8,0.00968,45
CVE-2018-1000638,CVE-2018-1000638-1,2025-04-11,ExploitDB,6.1,medium,0.0024,original,NETWORK,LOW,NONE,REQUIRED,CHANGED,LOW,LOW,NONE,2,1,ExploitDB,2025-04-11,2025-04-11,2,True,False,6.1,0.0024,46
CVE-2023-45281,CVE-2023-45281-1,2025-04-11,HackerNews,6.1,medium,0.00212,original,NETWORK,LOW,NONE,REQUIRED,CHANGED,LOW,LOW,NONE,1,1,HackerNews,2025-04-11,2025-04-11,1,True,False,6.1,0.00212,570
CVE-2023-30258,CVE-2023-30258-1,2025-04-11,ExploitDB,9.8,critical,0.92564,original,NETWORK,LOW,NONE,NONE,UNCHANGED,HIGH,HIGH,HIGH,2,1,ExploitDB,2025-04-11,2025-04-11,2,True,True,9.8,0.92564,405
CVE-2023-45280,CVE-2023-45280-1,2025-04-11,HackerNews,5.4,medium,0.00547,original,NETWORK,LOW,LOW,REQUIRED,CHANGED,LOW,LOW,NONE,1,1,HackerNews,2025-04-11,2025-04-11,1,True,True,5.4,0.00547,569
CVE-2023-45279,CVE-2023-45279-1,2025-04-11,HackerNews,5.4,medium,0.00192,original,NETWORK,LOW,LOW,REQUIRED,CHANGED,LOW,LOW,NONE,1,1,HackerNews,2025-04-11,2025-04-11,1,True,True,5.4,0.00192,568
CVE-2023-45278,CVE-2023-45278-1,2025-04-11,HackerNews,9.1,critical,0.10068,original,NETWORK,LOW,NONE,NONE,UNCHANGED,NONE,HIGH,HIGH,1,1,HackerNews,2025-04-11,2025-04-11,1,True,True,9.1,0.10068,567
CVE-2023-45282,CVE-2023-45282-1,2025-04-11,HackerNews,7.5,high,0.00371,original,NETWORK,LOW,NONE,NONE,UNCHANGED,NONE,NONE,HIGH,1,1,HackerNews,2025-04-11,2025-04-11,1,True,True,7.5,0.00371,571
CVE-2018-1000046,CVE-2018-1000046-1,2025-04-11,HackerNews,7.8,high,0.00578,original,LOCAL,LOW,NONE,REQUIRED,UNCHANGED,HIGH,HIGH,HIGH,1,1,HackerNews,2025-04-11,2025-04-11,1,True,True,7.8,0.00578,43
CVE-2018-1000045,CVE-2018-1000045-1,2025-04-11,HackerNews,7.8,high,0.00578,original,LOCAL,LOW,NONE,REQUIRED,UNCHANGED,HIGH,HIGH,HIGH,1,1,HackerNews,2025-04-11,2025-04-11,1,True,True,7.8,0.00578,42
CVE-2025-32663,CVE-2025-32663-1,2025-04-11,Mastodon,8.1,high,0.00115,original,NETWORK,HIGH,NONE,NONE,UNCHANGED,HIGH,HIGH,HIGH,1,1,Mastodon,2025-04-11,2025-04-11,1,True,False,8.1,0.00115,3796
CVE-2025-32558,CVE-2025-32558-1,2025-04-11,Mastodon,8.5,high,0.0003,original,NETWORK,LOW,LOW,NONE,CHANGED,HIGH,NONE,LOW,1,1,Mastodon,2025-04-11,2025-04-11,1,True,False,8.5,0.0003,3764
CVE-2025-32542,CVE-2025-32542-1,2025-04-11,Mastodon,8.8,high,0.00039,original,NETWORK,LOW,LOW,NONE,UNCHANGED,HIGH,HIGH,HIGH,1,1,Mastodon,2025-04-11,2025-04-11,1,True,False,8.8,0.00039,3762
CVE-2025-32569,CVE-2025-32569-1,2025-04-11,Mastodon,9.8,critical,0.00041,original,NETWORK,LOW,NONE,NONE,UNCHANGED,HIGH,HIGH,HIGH,1,1,Mastodon,2025-04-11,2025-04-11,1,True,False,9.8,0.00041,3768
CVE-2023-47311,CVE-2023-47311-1,2025-04-11,HackerNews,6.1,medium,0.00173,original,NETWORK,LOW,NONE,REQUIRED,CHANGED,LOW,LOW,NONE,1,1,HackerNews,2025-04-11,2025-04-11,1,True,False,6.1,0.00173,597
CVE-2025-32242,CVE-2025-32242-1,2025-04-11,Reddit,6.5,medium,0.00038,original,NETWORK,LOW,NONE,NONE,UNCHANGED,NONE,LOW,LOW,1,1,Reddit,2025-04-11,2025-04-11,1,True,False,6.5,0.00038,3736
CVE-2023-45885,CVE-2023-45885-1,2025-04-11,HackerNews,5.4,medium,0.00192,original,NETWORK,LOW,LOW,REQUIRED,CHANGED,LOW,LOW,NONE,1,1,HackerNews,2025-04-11,2025-04-11,1,True,False,5.4,0.00192,578
CVE-2023-46470,CVE-2023-46470-1,2025-04-11,HackerNews,5.4,medium,0.00302,original,NETWORK,LOW,LOW,REQUIRED,CHANGED,LOW,LOW,NONE,1,1,HackerNews,2025-04-11,2025-04-11,1,True,False,5.4,0.00302,586
CVE-2023-46471,CVE-2023-46471-1,2025-04-11,HackerNews,5.4,medium,0.00328,original,NETWORK,LOW,LOW,REQUIRED,CHANGED,LOW,LOW,NONE,1,1,HackerNews,2025-04-11,2025-04-11,1,True,False,5.4,0.00328,587
CVE-2023-24657,CVE-2023-24657-1,2025-04-11,ExploitDB,6.1,medium,0.00883,original,NETWORK,LOW,NONE,REQUIRED,CHANGED,LOW,LOW,NONE,2,1,ExploitDB,2025-04-11,2025-04-11,2,True,False,6.1,0.00883,358
CVE-2024-44912,CVE-2024-44912-1,2025-04-11,HackerNews,7.5,high,0.00093,original,NETWORK,LOW,NONE,NONE,UNCHANGED,NONE,NONE,HIGH,1,1,HackerNews,2025-04-11,2025-04-11,1,True,False,7.5,0.00093,1490
CVE-2024-44911,CVE-2024-44911-1,2025-04-11,HackerNews,7.5,high,0.00093,original,NETWORK,LOW,NONE,NONE,UNCHANGED,NONE,NONE,HIGH,1,1,HackerNews,2025-04-11,2025-04-11,1,True,False,7.5,0.00093,1489
CVE-2025-32367,CVE-2025-32367-1,2025-04-11,Mastodon,8.6,high,0.00032,enriched,NETWORK,LOW,NONE,NONE,CHANGED,HIGH,NONE,NONE,1,1,Mastodon,2025-04-11,2025-04-11,1,True,False,8.6,0.00032,3743
CVE-2024-44910,CVE-2024-44910-1,2025-04-11,HackerNews,7.5,high,0.00093,original,NETWORK,LOW,NONE,NONE,UNCHANGED,NONE,NONE,HIGH,1,1,HackerNews,2025-04-11,2025-04-11,1,True,False,7.5,0.00093,1488
CVE-2025-1073,CVE-2025-1073-1,2025-04-11,Reddit,7.5,high,0.00021,original,PHYSICAL,LOW,NONE,NONE,CHANGED,HIGH,HIGH,LOW,1,1,Reddit,2025-04-11,2025-04-11,1,True,False,7.5,0.00021,2545
CVE-2023-45884,CVE-2023-45884-1,2025-04-11,HackerNews,6.5,medium,0.00127,original,NETWORK,LOW,NONE,REQUIRED,UNCHANGED,HIGH,NONE,NONE,1,1,HackerNews,2025-04-11,2025-04-11,1,True,False,6.5,0.00127,577
CVE-2025-32650,CVE-2025-32650-1,2025-04-11,Mastodon,8.5,high,0.0003,original,NETWORK,LOW,LOW,NONE,CHANGED,HIGH,NONE,LOW,1,1,Mastodon,2025-04-11,2025-04-11,1,True,False,8.5,0.0003,3788
CVE-2021-28976,CVE-2021-28976-1,2025-04-11,ExploitDB,7.2,high,0.0249,original,NETWORK,LOW,HIGH,NONE,UNCHANGED,HIGH,HIGH,HIGH,2,1,ExploitDB,2025-04-11,2025-04-11,2,True,False,7.2,0.0249,166
CVE-2025-2636,CVE-2025-2636-1,2025-04-11,Mastodon,9.8,critical,0.00157,original,NETWORK,LOW,NONE,NONE,UNCHANGED,HIGH,HIGH,HIGH,1,1,Mastodon,2025-04-11,2025-04-11,1,True,False,9.8,0.00157,3233
CVE-2019-9534,CVE-2019-9534-1,2025-04-11,HackerNews,7.8,high,0.00045,original,LOCAL,LOW,LOW,NONE,UNCHANGED,HIGH,HIGH,HIGH,1,1,HackerNews,2025-04-11,2025-04-11,1,True,False,7.8,0.00045,113
CVE-2025-32672,CVE-2025-32672-1,2025-04-11,Mastodon,8.1,high,0.00115,original,NETWORK,HIGH,NONE,NONE,UNCHANGED,HIGH,HIGH,HIGH,1,1,Mastodon,2025-04-11,2025-04-11,1,True,False,8.1,0.00115,3800
CVE-2020-11971,CVE-2020-11971-1,2025-04-11,Reddit,7.5,high,0.02084,original,NETWORK,LOW,NONE,NONE,UNCHANGED,HIGH,NONE,NONE,1,1,Reddit,2025-04-11,2025-04-11,1,True,False,7.5,0.02084,122
CVE-2025-32654,CVE-2025-32654-1,2025-04-11,Mastodon,8.1,high,0.00115,original,NETWORK,HIGH,NONE,NONE,UNCHANGED,HIGH,HIGH,HIGH,1,1,Mastodon,2025-04-11,2025-04-11,1,True,False,8.1,0.00115,3790
CVE-2022-23054,CVE-2022-23054-1,2025-04-11,HackerNews,6.1,medium,0.00228,original,NETWORK,LOW,NONE,REQUIRED,CHANGED,LOW,LOW,NONE,1,1,HackerNews,2025-04-11,2025-04-11,1,True,True,6.1,0.00228,217
CVE-2020-18662,CVE-2020-18662-1,2025-04-11,ExploitDB,9.8,critical,0.00392,original,NETWORK,LOW,NONE,NONE,UNCHANGED,HIGH,HIGH,HIGH,2,1,ExploitDB,2025-04-11,2025-04-11,2,True,False,9.8,0.00392,130
CVE-2022-23053,CVE-2022-23053-1,2025-04-11,HackerNews,6.1,medium,0.00228,original,NETWORK,LOW,NONE,REQUIRED,CHANGED,LOW,LOW,NONE,1,1,HackerNews,2025-04-11,2025-04-11,1,True,True,6.1,0.00228,216
CVE-2024-53586,CVE-2024-53586-1,2025-04-11,ExploitDB,5.3,medium,0.00234,original,NETWORK,LOW,NONE,NONE,UNCHANGED,LOW,NONE,NONE,2,1,ExploitDB,2025-04-11,2025-04-11,2,True,False,5.3,0.00234,1942
CVE-2024-35061,CVE-2024-35061-1,2025-04-11,HackerNews,7.3,high,0.00614,original,NETWORK,LOW,NONE,NONE,UNCHANGED,LOW,LOW,LOW,1,1,HackerNews,2025-04-11,2025-04-11,1,True,False,7.3,0.00614,1242
CVE-2025-32568,CVE-2025-32568-1,2025-04-11,Mastodon,9.8,critical,0.00041,original,NETWORK,LOW,NONE,NONE,UNCHANGED,HIGH,HIGH,HIGH,1,1,Mastodon,2025-04-11,2025-04-11,1,True,False,9.8,0.00041,3767
CVE-2022-22126,CVE-2022-22126-1,2025-04-11,HackerNews,6.1,medium,0.00228,original,NETWORK,LOW,NONE,REQUIRED,CHANGED,LOW,LOW,NONE,1,1,HackerNews,2025-04-11,2025-04-11,1,True,True,6.1,0.00228,211
CVE-2025-32565,CVE-2025-32565-1,2025-04-11,Mastodon,9.3,critical,0.0003,original,NETWORK,LOW,NONE,NONE,CHANGED,HIGH,NONE,LOW,1,1,Mastodon,2025-04-11,2025-04-11,1,True,False,9.3,0.0003,3765
CVE-2021-44567,CVE-2021-44567-1,2025-04-11,ExploitDB,9.8,critical,0.02631,original,NETWORK,LOW,NONE,NONE,UNCHANGED,HIGH,HIGH,HIGH,2,1,ExploitDB,2025-04-11,2025-04-11,2,True,False,9.8,0.02631,194
CVE-2025-32656,CVE-2025-32656-1,2025-04-11,Mastodon,8.1,high,0.00115,original,NETWORK,HIGH,NONE,NONE,UNCHANGED,HIGH,HIGH,HIGH,1,1,Mastodon,2025-04-11,2025-04-11,1,True,False,8.1,0.00115,3791
CVE-2019-9533,CVE-2019-9533-1,2025-04-11,HackerNews,9.8,critical,0.00466,original,NETWORK,LOW,NONE,NONE,UNCHANGED,HIGH,HIGH,HIGH,1,1,HackerNews,2025-04-11,2025-04-11,1,True,False,9.8,0.00466,112
CVE-2019-9532,CVE-2019-9532-1,2025-04-11,HackerNews,7.8,high,0.00058,original,LOCAL,LOW,LOW,NONE,UNCHANGED,HIGH,HIGH,HIGH,1,1,HackerNews,2025-04-11,2025-04-11,1,True,False,7.8,0.00058,111
CVE-2019-9531,CVE-2019-9531-1,2025-04-11,HackerNews,9.8,critical,0.01174,original,NETWORK,LOW,NONE,NONE,UNCHANGED,HIGH,HIGH,HIGH,1,1,HackerNews,2025-04-11,2025-04-11,1,True,False,9.8,0.01174,110
CVE-2019-9529,CVE-2019-9529-1,2025-04-11,HackerNews,5.5,medium,0.00126,original,LOCAL,LOW,LOW,NONE,UNCHANGED,NONE,HIGH,NONE,1,1,HackerNews,2025-04-11,2025-04-11,1,True,False,5.5,0.00126,109
CVE-2018-3646,CVE-2018-3646-1,2025-04-11,Reddit,5.6,medium,0.05906,original,LOCAL,HIGH,LOW,NONE,CHANGED,HIGH,NONE,NONE,2,1,Reddit,2025-04-11,2025-04-11,2,True,False,5.6,0.05906,58
CVE-2018-3846,CVE-2018-3846-1,2025-04-11,HackerNews,8.8,high,0.02446,original,NETWORK,LOW,NONE,REQUIRED,UNCHANGED,HIGH,HIGH,HIGH,1,1,HackerNews,2025-04-11,2025-04-11,1,True,False,8.8,0.02446,59
CVE-2018-3847,CVE-2018-3847-1,2025-04-11,HackerNews,8.8,high,0.01759,original,NETWORK,LOW,NONE,REQUIRED,UNCHANGED,HIGH,HIGH,HIGH,1,1,HackerNews,2025-04-11,2025-04-11,1,True,False,8.8,0.01759,60
CVE-2018-3848,CVE-2018-3848-1,2025-04-11,HackerNews,8.8,high,0.02242,original,NETWORK,LOW,NONE,REQUIRED,UNCHANGED,HIGH,HIGH,HIGH,1,1,HackerNews,2025-04-11,2025-04-11,1,True,False,8.8,0.02242,61
CVE-2018-3849,CVE-2018-3849-1,2025-04-11,HackerNews,8.8,high,0.02242,original,NETWORK,LOW,NONE,REQUIRED,UNCHANGED,HIGH,HIGH,HIGH,1,1,HackerNews,2025-04-11,2025-04-11,1,True,False,8.8,0.02242,62
CVE-2023-42970,CVE-2023-42970-1,2025-04-11,Mastodon,8.8,high,0.00044,enriched,NETWORK,LOW,NONE,REQUIRED,UNCHANGED,HIGH,HIGH,HIGH,1,1,Mastodon,2025-04-11,2025-04-11,1,True,False,8.8,0.00044,551
CVE-2023-42007,CVE-2023-42007-1,2025-04-11,Reddit,5.4,medium,0.00026,original,NETWORK,LOW,LOW,REQUIRED,CHANGED,LOW,LOW,NONE,1,1,Reddit,2025-04-11,2025-04-11,1,True,False,5.4,0.00026,544
CVE-2023-45277,CVE-2023-45277-1,2025-04-11,HackerNews,7.5,high,0.00897,original,NETWORK,LOW,NONE,NONE,UNCHANGED,HIGH,NONE,NONE,1,1,HackerNews,2025-04-11,2025-04-11,1,True,True,7.5,0.00897,566
CVE-2025-32681,CVE-2025-32681-1,2025-04-11,Mastodon,8.5,high,0.0003,original,NETWORK,LOW,LOW,NONE,CHANGED,HIGH,NONE,LOW,1,1,Mastodon,2025-04-11,2025-04-11,1,True,False,8.5,0.0003,3801
CVE-2019-1010060,CVE-2019-1010060-1,2025-04-11,HackerNews,9.8,critical,0.31291,original,NETWORK,LOW,NONE,NONE,UNCHANGED,HIGH,HIGH,HIGH,1,1,HackerNews,2025-04-11,2025-04-11,1,True,True,9.8,0.31291,88
CVE-2024-35057,CVE-2024-35057-1,2025-04-11,HackerNews,7.5,high,0.00025,original,ADJACENT_NETWORK,HIGH,NONE,NONE,UNCHANGED,HIGH,HIGH,HIGH,1,1,HackerNews,2025-04-11,2025-04-11,1,True,False,7.5,0.00025,1238
CVE-2024-35058,CVE-2024-35058-1,2025-04-11,HackerNews,7.5,high,0.00046,original,ADJACENT_NETWORK,HIGH,NONE,NONE,UNCHANGED,HIGH,HIGH,HIGH,1,1,HackerNews,2025-04-11,2025-04-11,1,True,False,7.5,0.00046,1239
CVE-2019-13961,CVE-2019-13961-1,2025-04-11,ExploitDB,8.8,high,0.00141,original,NETWORK,LOW,NONE,REQUIRED,UNCHANGED,HIGH,HIGH,HIGH,2,1,ExploitDB,2025-04-11,2025-04-11,2,True,True,8.8,0.00141,94
CVE-2019-15652,CVE-2019-15652-1,2025-04-11,HackerNews,6.1,medium,0.0033,original,NETWORK,LOW,NONE,REQUIRED,CHANGED,LOW,LOW,NONE,1,1,HackerNews,2025-04-11,2025-04-11,1,True,False,6.1,0.0033,95
CVE-2024-35059,CVE-2024-35059-1,2025-04-11,HackerNews,7.5,high,0.0004,original,ADJACENT_NETWORK,HIGH,NONE,NONE,UNCHANGED,HIGH,HIGH,HIGH,1,1,HackerNews,2025-04-11,2025-04-11,1,True,False,7.5,0.0004,1240
CVE-2024-35060,CVE-2024-35060-1,2025-04-11,HackerNews,7.5,high,0.0004,original,ADJACENT_NETWORK,HIGH,NONE,NONE,UNCHANGED,HIGH,HIGH,HIGH,1,1,HackerNews,2025-04-11,2025-04-11,1,True,False,7.5,0.0004,1241
CVE-2024-35056,CVE-2024-35056-1,2025-04-11,HackerNews,9.8,critical,0.00209,original,NETWORK,LOW,NONE,NONE,UNCHANGED,HIGH,HIGH,HIGH,1,1,HackerNews,2025-04-11,2025-04-11,1,True,False,9.8,0.00209,1237
CVE-2023-49965,CVE-2023-49965-1,2025-04-11,HackerNews,6.8,medium,0.00098,original,NETWORK,LOW,LOW,REQUIRED,UNCHANGED,LOW,LOW,HIGH,1,1,HackerNews,2025-04-11,2025-04-11,1,True,False,6.8,0.00098,612
CVE-2025-32567,CVE-2025-32567-1,2025-04-11,Mastodon,8.5,high,0.0003,original,NETWORK,LOW,LOW,NONE,CHANGED,HIGH,NONE,LOW,1,1,Mastodon,2025-04-11,2025-04-11,1,True,False,8.5,0.0003,3766
CVE-2017-3221,CVE-2017-3221-1,2025-04-11,HackerNews,9.8,critical,0.02048,original,NETWORK,LOW,NONE,NONE,UNCHANGED,HIGH,HIGH,HIGH,1,1,HackerNews,2025-04-11,2025-04-11,1,True,False,9.8,0.02048,29
CVE-2025-32614,CVE-2025-32614-1,2025-04-11,Mastodon,8.8,high,0.00105,original,NETWORK,LOW,NONE,REQUIRED,UNCHANGED,HIGH,HIGH,HIGH,1,1,Mastodon,2025-04-11,2025-04-11,1,True,False,8.8,0.00105,3777
CVE-2025-32577,CVE-2025-32577-1,2025-04-11,Mastodon,9.8,critical,0.00115,original,NETWORK,LOW,NONE,NONE,UNCHANGED,HIGH,HIGH,HIGH,1,1,Mastodon,2025-04-11,2025-04-11,1,True,False,9.8,0.00115,3770
CVE-2025-32603,CVE-2025-32603-1,2025-04-11,Mastodon,9.3,critical,0.0003,original,NETWORK,LOW,NONE,NONE,CHANGED,HIGH,NONE,LOW,1,1,Mastodon,2025-04-11,2025-04-11,1,True,False,9.3,0.0003,3775
CVE-2025-32618,CVE-2025-32618-1,2025-04-11,Mastodon,8.5,high,0.0003,original,NETWORK,LOW,LOW,NONE,CHANGED,HIGH,NONE,LOW,1,1,Mastodon,2025-04-11,2025-04-11,1,True,False,8.5,0.0003,3778
CVE-2025-3439,CVE-2025-3439-1,2025-04-11,Mastodon,9.8,critical,0.00098,enriched,NETWORK,LOW,NONE,NONE,UNCHANGED,HIGH,HIGH,HIGH,2,2,"Mastodon, Reddit",2025-04-11,2025-05-15,2,True,False,9.8,0.00701,3879
CVE-2025-32587,CVE-2025-32587-1,2025-04-11,Mastodon,8.1,high,0.00047,original,NETWORK,HIGH,NONE,NONE,UNCHANGED,HIGH,HIGH,HIGH,1,1,Mastodon,2025-04-11,2025-04-11,1,True,False,8.1,0.00047,3772
CVE-2025-32627,CVE-2025-32627-1,2025-04-11,Mastodon,8.1,high,0.00115,original,NETWORK,HIGH,NONE,NONE,UNCHANGED,HIGH,HIGH,HIGH,1,1,Mastodon,2025-04-11,2025-04-11,1,True,False,8.1,0.00115,3779
CVE-2025-32579,CVE-2025-32579-1,2025-04-11,Mastodon,9.9,critical,0.00042,original,NETWORK,LOW,LOW,NONE,CHANGED,HIGH,HIGH,HIGH,1,1,Mastodon,2025-04-11,2025-04-11,1,True,False,9.9,0.00042,3771
CVE-2025-32629,CVE-2025-32629-1,2025-04-11,Mastodon,8.6,high,0.00048,original,NETWORK,LOW,NONE,NONE,CHANGED,NONE,NONE,HIGH,1,1,Mastodon,2025-04-11,2025-04-11,1,True,False,8.6,0.00048,3780
CVE-2025-32589,CVE-2025-32589-1,2025-04-11,Mastodon,8.1,high,0.00115,original,NETWORK,HIGH,NONE,NONE,UNCHANGED,HIGH,HIGH,HIGH,1,1,Mastodon,2025-04-11,2025-04-11,1,True,False,8.1,0.00115,3773
CVE-2025-31932,CVE-2025-31932-1,2025-04-11,Mastodon,8.8,high,0.00056,original,NETWORK,LOW,LOW,NONE,UNCHANGED,HIGH,HIGH,HIGH,1,1,Mastodon,2025-04-11,2025-04-11,1,True,False,8.8,0.00056,3716
CVE-2025-32633,CVE-2025-32633-1,2025-04-11,Mastodon,8.6,high,0.00048,original,NETWORK,LOW,NONE,NONE,CHANGED,NONE,NONE,HIGH,1,1,Mastodon,2025-04-11,2025-04-11,1,True,False,8.6,0.00048,3782
CVE-2023-52235,CVE-2023-52235-1,2025-04-11,HackerNews,8.8,high,0.0025,original,NETWORK,LOW,NONE,REQUIRED,UNCHANGED,HIGH,HIGH,HIGH,1,1,HackerNews,2025-04-11,2025-04-11,1,True,False,8.8,0.0025,626
CVE-2016-9494,CVE-2016-9494-1,2025-04-11,HackerNews,6.5,medium,0.00276,original,ADJACENT_NETWORK,LOW,NONE,NONE,UNCHANGED,NONE,NONE,HIGH,1,1,HackerNews,2025-04-11,2025-04-11,1,True,False,6.5,0.00276,21
CVE-2025-23388,CVE-2025-23388-1,2025-04-11,Mastodon,8.2,high,0.0004,original,NETWORK,LOW,NONE,NONE,UNCHANGED,NONE,LOW,HIGH,1,1,Mastodon,2025-04-11,2025-04-11,1,True,False,8.2,0.0004,2932
CVE-2016-9497,CVE-2016-9497-1,2025-04-11,HackerNews,8.8,high,0.06861,original,ADJACENT_NETWORK,LOW,NONE,NONE,UNCHANGED,HIGH,HIGH,HIGH,1,1,HackerNews,2025-04-11,2025-04-11,1,True,False,8.8,0.06861,23
CVE-2024-8522,CVE-2024-8522-1,2025-04-11,ExploitDB,10.0,critical,0.88367,original,NETWORK,LOW,NONE,NONE,CHANGED,HIGH,HIGH,HIGH,2,1,ExploitDB,2025-04-11,2025-04-11,2,True,False,10.0,0.88367,2329
CVE-2025-32027,CVE-2025-32027-1,2025-04-11,Reddit,6.1,medium,0.00029,original,NETWORK,LOW,NONE,REQUIRED,CHANGED,LOW,LOW,NONE,1,1,Reddit,2025-04-11,2025-04-11,1,True,True,6.1,0.00029,3720
CVE-2025-23389,CVE-2025-23389-1,2025-04-11,Mastodon,8.4,high,0.00049,original,NETWORK,HIGH,LOW,NONE,CHANGED,HIGH,HIGH,LOW,1,1,Mastodon,2025-04-11,2025-04-11,1,True,False,8.4,0.00049,2933
CVE-2016-9495,CVE-2016-9495-1,2025-04-11,HackerNews,8.8,high,0.0025,original,ADJACENT_NETWORK,LOW,NONE,NONE,UNCHANGED,HIGH,HIGH,HIGH,1,1,HackerNews,2025-04-11,2025-04-11,1,True,False,8.8,0.0025,22
CVE-2025-32631,CVE-2025-32631-1,2025-04-11,Mastodon,8.6,high,0.00048,original,NETWORK,LOW,NONE,NONE,CHANGED,NONE,NONE,HIGH,2,2,"Mastodon, Reddit",2025-04-11,2025-04-12,2,True,False,8.6,0.00048,3781
CVE-2025-32607,CVE-2025-32607-1,2025-04-11,Mastodon,9.8,critical,0.00041,original,NETWORK,LOW,NONE,NONE,UNCHANGED,HIGH,HIGH,HIGH,1,1,Mastodon,2025-04-11,2025-04-11,1,True,False,9.8,0.00041,3776
CVE-2025-23391,CVE-2025-23391-1,2025-04-11,Mastodon,9.1,critical,0.00039,original,NETWORK,LOW,HIGH,NONE,CHANGED,HIGH,HIGH,HIGH,1,1,Mastodon,2025-04-11,2025-04-11,1,True,False,9.1,0.00039,2934
CVE-2025-30429,CVE-2025-30429-1,2025-04-12,Reddit,6.3,medium,0.00014,original,LOCAL,LOW,LOW,NONE,CHANGED,LOW,LOW,LOW,1,1,Reddit,2025-04-12,2025-04-12,1,True,False,6.3,0.00014,3581
CVE-2023-41076,CVE-2023-41076-1,2025-04-12,Reddit,7.3,high,0.00028,original,NETWORK,LOW,LOW,REQUIRED,UNCHANGED,HIGH,HIGH,NONE,1,1,Reddit,2025-04-12,2025-04-12,1,True,False,7.3,0.00028,527
CVE-2024-43102,CVE-2024-43102-1,2025-04-12,Reddit,10.0,critical,0.0068,original,NETWORK,LOW,NONE,NONE,CHANGED,HIGH,HIGH,HIGH,1,1,Reddit,2025-04-12,2025-04-12,1,True,False,10.0,0.0068,1437
CVE-2025-3418,CVE-2025-3418-1,2025-04-12,Mastodon,8.8,high,0.00039,original,NETWORK,LOW,LOW,NONE,UNCHANGED,HIGH,HIGH,HIGH,1,1,Mastodon,2025-04-12,2025-04-12,1,True,False,8.8,0.00039,3876
CVE-2025-3434,CVE-2025-3434-1,2025-04-12,Reddit,7.2,high,0.00093,original,NETWORK,LOW,NONE,NONE,CHANGED,LOW,LOW,NONE,1,1,Reddit,2025-04-12,2025-04-12,1,True,False,7.2,0.00093,3878
CVE-2025-3422,CVE-2025-3422-1,2025-04-12,Reddit,5.4,medium,0.00043,original,NETWORK,LOW,LOW,NONE,UNCHANGED,LOW,LOW,NONE,1,1,Reddit,2025-04-12,2025-04-12,1,True,False,5.4,0.00043,3877
CVE-2025-3538,CVE-2025-3538-1,2025-04-13,Mastodon,8.8,high,0.00027,enriched,ADJACENT_NETWORK,LOW,NONE,NONE,UNCHANGED,HIGH,HIGH,HIGH,1,1,Mastodon,2025-04-13,2025-04-13,1,True,True,8.8,0.00027,3891
CVE-2022-42475,CVE-2022-42475-1,2025-04-13,Reddit,9.8,critical,0.92863,original,NETWORK,LOW,NONE,NONE,UNCHANGED,HIGH,HIGH,HIGH,5,1,Reddit,2025-04-13,2025-04-27,5,True,False,9.8,0.93183,282
CVE-2024-21762,CVE-2024-21762-1,2025-04-13,Reddit,9.8,critical,0.90724,original,NETWORK,LOW,NONE,NONE,UNCHANGED,HIGH,HIGH,HIGH,10,2,"HackerNews, Reddit",2025-04-13,2025-05-19,11,True,False,9.8,0.92653,1091
CVE-2024-7971,CVE-2024-7971-1,2025-04-13,Reddit,9.6,critical,0.04698,original,NETWORK,LOW,NONE,REQUIRED,CHANGED,HIGH,HIGH,HIGH,2,1,Reddit,2025-04-13,2025-04-14,2,True,False,9.6,0.04698,2319
CVE-2025-3539,CVE-2025-3539-1,2025-04-14,Mastodon,8.0,high,0.00793,original,ADJACENT_NETWORK,LOW,LOW,NONE,UNCHANGED,HIGH,HIGH,HIGH,1,1,Mastodon,2025-04-14,2025-04-14,1,True,True,8.0,0.00793,3892
CVE-2025-3546,CVE-2025-3546-1,2025-04-14,Mastodon,8.0,high,0.00793,original,ADJACENT_NETWORK,LOW,LOW,NONE,UNCHANGED,HIGH,HIGH,HIGH,1,1,Mastodon,2025-04-14,2025-04-14,1,True,False,8.0,0.00793,3899
CVE-2025-3541,CVE-2025-3541-1,2025-04-14,Mastodon,8.0,high,0.00793,original,ADJACENT_NETWORK,LOW,LOW,NONE,UNCHANGED,HIGH,HIGH,HIGH,1,1,Mastodon,2025-04-14,2025-04-14,1,True,False,8.0,0.00793,3894
CVE-2025-21204,CVE-2025-21204-4,2025-04-14,Reddit,7.8,high,0.00055,original,LOCAL,LOW,LOW,NONE,UNCHANGED,HIGH,HIGH,HIGH,23,3,"BleepingComputer, Mastodon, Reddit",2025-04-14,2025-05-24,24,True,False,7.8,0.00075,2715
CVE-2025-2563,CVE-2025-2563-1,2025-04-14,Mastodon,8.1,high,0.01682,original,NETWORK,HIGH,NONE,NONE,UNCHANGED,HIGH,HIGH,HIGH,3,2,"Mastodon, Reddit",2025-04-14,2025-05-11,3,True,False,8.1,0.20487,3170
CVE-2023-44487,CVE-2023-44487-2,2025-04-14,HackerNews,7.5,high,0.94437,original,NETWORK,LOW,NONE,NONE,UNCHANGED,NONE,NONE,HIGH,1,1,HackerNews,2025-04-14,2025-04-14,2,True,True,7.5,0.94437,562
CVE-2024-50857,CVE-2024-50857-1,2025-04-14,ExploitDB,4.8,medium,0.00034,original,NETWORK,LOW,HIGH,REQUIRED,CHANGED,LOW,LOW,NONE,2,1,ExploitDB,2025-04-14,2025-04-14,2,True,False,4.8,0.00034,1747
CVE-2025-3545,CVE-2025-3545-1,2025-04-14,Mastodon,8.0,high,0.00793,original,ADJACENT_NETWORK,LOW,LOW,NONE,UNCHANGED,HIGH,HIGH,HIGH,1,1,Mastodon,2025-04-14,2025-04-14,1,True,False,8.0,0.00793,3898
CVE-2019-19245,CVE-2019-19245-1,2025-04-14,ExploitDB,9.8,critical,0.02567,original,NETWORK,LOW,NONE,NONE,UNCHANGED,HIGH,HIGH,HIGH,2,1,ExploitDB,2025-04-14,2025-04-14,2,True,False,9.8,0.02567,99
CVE-2024-47605,CVE-2024-47605-1,2025-04-14,ExploitDB,5.4,medium,0.00048,original,NETWORK,LOW,NONE,REQUIRED,UNCHANGED,LOW,LOW,NONE,2,1,ExploitDB,2025-04-14,2025-04-14,2,True,True,5.4,0.00048,1584
CVE-2024-50861,CVE-2024-50861-1,2025-04-14,ExploitDB,6.1,medium,0.00048,original,NETWORK,LOW,NONE,REQUIRED,CHANGED,LOW,LOW,NONE,2,1,ExploitDB,2025-04-14,2025-04-14,2,True,False,6.1,0.00048,1750
CVE-2018-15473,CVE-2018-15473-1,2025-04-14,Reddit,5.3,medium,0.90527,original,NETWORK,LOW,NONE,NONE,UNCHANGED,LOW,NONE,NONE,3,1,Reddit,2025-04-14,2025-04-19,3,True,True,5.3,0.90527,52
CVE-2025-32931,CVE-2025-32931-1,2025-04-14,Mastodon,9.1,critical,0.00041,enriched,NETWORK,LOW,HIGH,NONE,CHANGED,HIGH,HIGH,HIGH,1,1,Mastodon,2025-04-14,2025-04-14,1,True,True,9.1,0.00041,3853
CVE-2024-50859,CVE-2024-50859-1,2025-04-14,ExploitDB,4.8,medium,0.00045,original,NETWORK,LOW,HIGH,REQUIRED,CHANGED,LOW,LOW,NONE,2,1,ExploitDB,2025-04-14,2025-04-14,2,True,False,4.8,0.00045,1749
CVE-2024-53537,CVE-2024-53537-1,2025-04-14,ExploitDB,9.1,critical,0.00477,original,NETWORK,LOW,NONE,NONE,UNCHANGED,HIGH,HIGH,NONE,2,1,ExploitDB,2025-04-14,2025-04-14,2,True,False,9.1,0.00477,1937
CVE-2023-48795,CVE-2023-48795-1,2025-04-14,Reddit,5.9,medium,0.58568,original,NETWORK,HIGH,NONE,NONE,UNCHANGED,NONE,HIGH,NONE,3,1,Reddit,2025-04-14,2025-04-19,4,True,True,5.9,0.74304,604
CVE-2024-0010,CVE-2024-0010-1,2025-04-14,Reddit,4.3,medium,0.01321,original,NETWORK,LOW,NONE,REQUIRED,UNCHANGED,NONE,LOW,NONE,2,1,Reddit,2025-04-14,2025-04-15,2,True,False,4.3,0.01561,641
CVE-2023-40580,CVE-2023-40580-1,2025-04-14,HackerNews,8.1,high,0.00299,original,NETWORK,LOW,NONE,REQUIRED,UNCHANGED,HIGH,HIGH,NONE,1,1,HackerNews,2025-04-14,2025-04-14,1,True,True,8.1,0.00299,521
CVE-2024-43590,CVE-2024-43590-1,2025-04-14,Reddit,7.8,high,0.00388,original,LOCAL,LOW,LOW,NONE,UNCHANGED,HIGH,HIGH,HIGH,1,1,Reddit,2025-04-14,2025-04-14,1,True,False,7.8,0.00388,1452
CVE-2024-11954,CVE-2024-11954-1,2025-04-14,ExploitDB,2.4,low,0.00045,original,NETWORK,LOW,HIGH,REQUIRED,UNCHANGED,NONE,LOW,NONE,2,1,ExploitDB,2025-04-14,2025-04-14,2,True,False,2.4,0.00045,811
CVE-2024-11956,CVE-2024-11956-1,2025-04-14,ExploitDB,4.7,medium,4e-05,original,NETWORK,LOW,HIGH,NONE,UNCHANGED,LOW,LOW,LOW,2,1,ExploitDB,2025-04-14,2025-04-14,2,True,False,4.7,4e-05,812
CVE-2025-3445,CVE-2025-3445-1,2025-04-14,Mastodon,8.1,high,0.00067,original,NETWORK,HIGH,NONE,NONE,CHANGED,LOW,HIGH,LOW,1,1,Mastodon,2025-04-14,2025-04-14,1,True,False,8.1,0.00067,3880
CVE-2025-3543,CVE-2025-3543-1,2025-04-14,Mastodon,8.0,high,0.00793,original,ADJACENT_NETWORK,LOW,LOW,NONE,UNCHANGED,HIGH,HIGH,HIGH,1,1,Mastodon,2025-04-14,2025-04-14,1,True,False,8.0,0.00793,3896
CVE-2024-11680,CVE-2024-11680-2,2025-04-14,HackerNews,9.8,critical,0.93334,original,NETWORK,LOW,NONE,NONE,UNCHANGED,HIGH,HIGH,HIGH,1,1,HackerNews,2025-04-14,2025-04-14,2,True,True,9.8,0.93334,793
CVE-2025-3542,CVE-2025-3542-1,2025-04-14,Mastodon,8.0,high,0.00793,original,ADJACENT_NETWORK,LOW,LOW,NONE,UNCHANGED,HIGH,HIGH,HIGH,1,1,Mastodon,2025-04-14,2025-04-14,1,True,False,8.0,0.00793,3895
CVE-2023-46818,CVE-2023-46818-1,2025-04-14,Reddit,7.2,high,0.80861,original,NETWORK,LOW,HIGH,NONE,UNCHANGED,HIGH,HIGH,HIGH,1,1,Reddit,2025-04-14,2025-04-14,1,True,False,7.2,0.80861,592
CVE-2025-3544,CVE-2025-3544-1,2025-04-14,Mastodon,8.0,high,0.00839,original,ADJACENT_NETWORK,LOW,LOW,NONE,UNCHANGED,HIGH,HIGH,HIGH,1,1,Mastodon,2025-04-14,2025-04-14,1,True,False,8.0,0.00839,3897
CVE-2024-53582,CVE-2024-53582-1,2025-04-14,ExploitDB,7.5,high,0.01132,original,NETWORK,LOW,NONE,NONE,UNCHANGED,HIGH,NONE,NONE,4,1,ExploitDB,2025-04-14,2025-04-14,4,True,False,7.5,0.01132,1940
CVE-2025-2160,CVE-2025-2160-1,2025-04-14,Mastodon,8.1,high,0.00033,enriched,NETWORK,LOW,NONE,REQUIRED,UNCHANGED,HIGH,HIGH,NONE,1,1,Mastodon,2025-04-14,2025-04-14,1,True,False,8.1,0.00033,2789
CVE-2023-4966,CVE-2023-4966-1,2025-04-14,Reddit,9.4,critical,0.94378,original,NETWORK,LOW,NONE,NONE,UNCHANGED,HIGH,HIGH,LOW,5,2,"HackerNews, Reddit",2025-04-14,2025-04-28,5,True,False,9.4,0.94378,609
CVE-2025-3540,CVE-2025-3540-1,2025-04-14,Mastodon,8.0,high,0.00793,original,ADJACENT_NETWORK,LOW,LOW,NONE,UNCHANGED,HIGH,HIGH,HIGH,1,1,Mastodon,2025-04-14,2025-04-14,1,True,False,8.0,0.00793,3893
CVE-2024-48760,CVE-2024-48760-1,2025-04-14,ExploitDB,9.8,critical,0.00322,original,NETWORK,LOW,NONE,NONE,UNCHANGED,HIGH,HIGH,HIGH,2,1,ExploitDB,2025-04-14,2025-04-14,2,True,False,9.8,0.00322,1603
CVE-2025-28137,CVE-2025-28137-1,2025-04-15,Mastodon,9.8,critical,0.0024,enriched,NETWORK,LOW,NONE,NONE,UNCHANGED,HIGH,HIGH,HIGH,1,1,Mastodon,2025-04-15,2025-04-15,1,True,True,9.8,0.0024,3460
CVE-2025-2161,CVE-2025-2161-1,2025-04-15,Reddit,7.1,high,0.00033,original,NETWORK,LOW,NONE,REQUIRED,UNCHANGED,HIGH,LOW,NONE,1,1,Reddit,2025-04-15,2025-04-15,1,True,False,7.1,0.00033,2791
CVE-2022-27254,CVE-2022-27254-1,2025-04-15,HackerNews,5.3,medium,0.03562,original,ADJACENT_NETWORK,HIGH,NONE,NONE,UNCHANGED,NONE,HIGH,NONE,1,1,HackerNews,2025-04-15,2025-04-15,1,True,False,5.3,0.03562,231
CVE-2025-25456,CVE-2025-25456-1,2025-04-15,Mastodon,9.8,critical,0.00043,enriched,NETWORK,LOW,NONE,NONE,UNCHANGED,HIGH,HIGH,HIGH,1,1,Mastodon,2025-04-15,2025-04-15,1,True,False,9.8,0.00043,3156
CVE-2025-26959,CVE-2025-26959-1,2025-04-15,Mastodon,8.8,high,0.00039,enriched,NETWORK,LOW,LOW,NONE,UNCHANGED,HIGH,HIGH,HIGH,1,1,Mastodon,2025-04-15,2025-04-15,1,True,False,8.8,0.00039,3309
CVE-2025-2567,CVE-2025-2567-1,2025-04-15,Mastodon,9.8,critical,0.00041,enriched,NETWORK,LOW,NONE,NONE,UNCHANGED,HIGH,HIGH,HIGH,1,1,Mastodon,2025-04-15,2025-04-15,1,True,False,9.8,0.00041,3177
CVE-2024-51546,CVE-2024-51546-1,2025-04-15,ExploitDB,7.5,high,0.00144,original,NETWORK,LOW,NONE,NONE,UNCHANGED,HIGH,NONE,NONE,2,1,ExploitDB,2025-04-15,2025-04-15,2,True,False,7.5,0.00144,1778
CVE-2025-31491,CVE-2025-31491-1,2025-04-15,Mastodon,8.6,high,0.00031,original,NETWORK,LOW,NONE,NONE,CHANGED,HIGH,NONE,NONE,1,1,Mastodon,2025-04-15,2025-04-15,1,True,False,8.6,0.00031,3692
CVE-2025-3570,CVE-2025-3570-1,2025-04-15,Reddit,3.5,low,0.00029,original,NETWORK,LOW,LOW,REQUIRED,UNCHANGED,NONE,LOW,NONE,1,1,Reddit,2025-04-15,2025-04-15,1,True,True,3.5,0.00029,3901
CVE-2025-30206,CVE-2025-30206-1,2025-04-15,Mastodon,9.8,critical,0.00061,enriched,NETWORK,LOW,NONE,NONE,UNCHANGED,HIGH,HIGH,HIGH,1,1,Mastodon,2025-04-15,2025-04-15,1,True,False,9.8,0.00061,3549
CVE-2024-50672,CVE-2024-50672-1,2025-04-15,ExploitDB,9.8,critical,0.00259,original,NETWORK,LOW,NONE,NONE,UNCHANGED,HIGH,HIGH,HIGH,2,1,ExploitDB,2025-04-15,2025-04-15,2,True,False,9.8,0.00259,1736
CVE-2024-48844,CVE-2024-48844-1,2025-04-15,ExploitDB,7.7,high,0.00162,original,NETWORK,HIGH,LOW,NONE,CHANGED,LOW,LOW,HIGH,2,1,ExploitDB,2025-04-15,2025-04-15,2,True,False,7.7,0.00162,1611
CVE-2024-51464,CVE-2024-51464-1,2025-04-15,ExploitDB,4.3,medium,0.00029,original,NETWORK,LOW,LOW,NONE,UNCHANGED,NONE,LOW,NONE,2,1,ExploitDB,2025-04-15,2025-04-15,2,True,False,4.3,0.00029,1767
CVE-2025-26741,CVE-2025-26741-1,2025-04-15,Mastodon,8.8,high,0.00039,enriched,NETWORK,LOW,LOW,NONE,UNCHANGED,HIGH,HIGH,HIGH,1,1,Mastodon,2025-04-15,2025-04-15,1,True,False,8.8,0.00039,3276
CVE-2024-51463,CVE-2024-51463-1,2025-04-15,ExploitDB,5.4,medium,0.00029,original,NETWORK,LOW,LOW,NONE,UNCHANGED,LOW,LOW,NONE,2,1,ExploitDB,2025-04-15,2025-04-15,2,True,False,5.4,0.00029,1766
CVE-2024-23346,CVE-2024-23346-1,2025-04-15,ExploitDB,9.3,critical,0.28283,original,LOCAL,LOW,NONE,NONE,CHANGED,HIGH,HIGH,HIGH,2,1,ExploitDB,2025-04-15,2025-04-15,2,True,True,9.3,0.28283,1108
CVE-2025-32445,CVE-2025-32445-1,2025-04-15,Mastodon,9.9,critical,0.00042,enriched,NETWORK,LOW,LOW,NONE,CHANGED,HIGH,HIGH,HIGH,1,1,Mastodon,2025-04-15,2025-04-15,2,True,True,9.9,0.00042,3756
CVE-2025-29281,CVE-2025-29281-1,2025-04-15,Mastodon,8.8,high,0.00071,enriched,NETWORK,LOW,LOW,NONE,UNCHANGED,HIGH,HIGH,HIGH,1,1,Mastodon,2025-04-15,2025-04-15,1,True,False,8.8,0.00071,3497
CVE-2025-3567,CVE-2025-3567-1,2025-04-15,Reddit,4.3,medium,0.00025,original,NETWORK,LOW,LOW,NONE,UNCHANGED,LOW,NONE,NONE,1,1,Reddit,2025-04-15,2025-04-15,1,True,True,4.3,0.00025,3900
CVE-2024-41947,CVE-2024-41947-1,2025-04-15,ExploitDB,9.0,critical,0.00789,original,NETWORK,LOW,LOW,REQUIRED,CHANGED,HIGH,HIGH,HIGH,2,1,ExploitDB,2025-04-15,2025-04-15,2,True,True,9.0,0.00789,1402
CVE-2024-25641,CVE-2024-25641-1,2025-04-15,ExploitDB,9.1,critical,0.77883,original,NETWORK,LOW,HIGH,NONE,CHANGED,HIGH,HIGH,HIGH,2,1,ExploitDB,2025-04-15,2025-04-15,2,True,True,9.1,0.77883,1147
CVE-2023-27272,CVE-2023-27272-1,2025-04-15,Reddit,3.1,low,0.0001,original,NETWORK,HIGH,LOW,NONE,UNCHANGED,NONE,LOW,NONE,1,1,Reddit,2025-04-15,2025-04-15,1,True,False,3.1,0.0001,374
CVE-2025-32438,CVE-2025-32438-1,2025-04-15,Mastodon,8.8,high,0.00012,enriched,LOCAL,LOW,LOW,NONE,CHANGED,HIGH,HIGH,HIGH,1,1,Mastodon,2025-04-15,2025-04-15,1,True,True,8.8,0.00012,3753
CVE-2025-32911,CVE-2025-32911-1,2025-04-15,Mastodon,9.0,critical,0.00043,enriched,NETWORK,HIGH,NONE,NONE,CHANGED,HIGH,HIGH,HIGH,1,1,Mastodon,2025-04-15,2025-04-15,1,True,False,9.0,0.00043,3851
CVE-2025-30735,CVE-2025-30735-1,2025-04-15,Mastodon,8.1,high,0.00031,enriched,NETWORK,LOW,LOW,NONE,UNCHANGED,HIGH,HIGH,NONE,1,1,Mastodon,2025-04-15,2025-04-15,1,True,False,8.1,0.00031,3612
CVE-2025-30511,CVE-2025-30511-1,2025-04-15,Mastodon,8.8,high,0.00047,enriched,NETWORK,LOW,LOW,NONE,UNCHANGED,HIGH,HIGH,HIGH,1,1,Mastodon,2025-04-15,2025-04-15,1,True,False,8.8,0.00047,3588
CVE-2025-24797,CVE-2025-24797-1,2025-04-15,Mastodon,9.4,critical,0.00251,original,NETWORK,LOW,NONE,NONE,UNCHANGED,HIGH,LOW,HIGH,3,1,Mastodon,2025-04-15,2025-05-07,3,True,False,9.4,0.00299,3082
CVE-2025-30727,CVE-2025-30727-1,2025-04-15,Mastodon,9.8,critical,0.00043,enriched,NETWORK,LOW,NONE,NONE,UNCHANGED,HIGH,HIGH,HIGH,1,1,Mastodon,2025-04-15,2025-04-15,1,True,False,9.8,0.00043,3610
CVE-2025-30712,CVE-2025-30712-1,2025-04-15,Mastodon,8.1,high,0.00012,enriched,LOCAL,LOW,HIGH,NONE,CHANGED,HIGH,HIGH,LOW,2,2,"HackerNews, Mastodon",2025-04-15,2025-05-15,2,True,False,8.1,0.00023,3609
CVE-2025-30985,CVE-2025-30985-1,2025-04-15,Mastodon,9.8,critical,0.00041,enriched,NETWORK,LOW,NONE,NONE,UNCHANGED,HIGH,HIGH,HIGH,1,1,Mastodon,2025-04-15,2025-04-15,1,True,False,9.8,0.00041,3641
CVE-2025-32864,CVE-2025-32864-1,2025-04-16,Mastodon,8.8,high,0.00096,enriched,NETWORK,LOW,LOW,NONE,UNCHANGED,HIGH,HIGH,HIGH,1,1,Mastodon,2025-04-16,2025-04-16,1,True,False,8.8,0.00096,3842
CVE-2025-32857,CVE-2025-32857-1,2025-04-16,Mastodon,8.8,high,0.00096,enriched,NETWORK,LOW,LOW,NONE,UNCHANGED,HIGH,HIGH,HIGH,1,1,Mastodon,2025-04-16,2025-04-16,1,True,False,8.8,0.00096,3835
CVE-2025-26748,CVE-2025-26748-1,2025-04-16,Mastodon,8.1,high,0.00019,original,NETWORK,HIGH,NONE,NONE,UNCHANGED,HIGH,HIGH,HIGH,1,1,Mastodon,2025-04-16,2025-04-16,1,True,False,8.1,0.00019,3278
CVE-2023-26602,CVE-2023-26602-1,2025-04-16,ExploitDB,9.8,critical,0.65502,original,NETWORK,LOW,NONE,NONE,UNCHANGED,HIGH,HIGH,HIGH,2,1,ExploitDB,2025-04-16,2025-04-16,2,True,False,9.8,0.65502,370
CVE-2020-5509,CVE-2020-5509-1,2025-04-16,ExploitDB,7.2,high,0.02569,original,NETWORK,LOW,HIGH,NONE,UNCHANGED,HIGH,HIGH,HIGH,2,1,ExploitDB,2025-04-16,2025-04-16,2,True,False,7.2,0.02569,144
CVE-2025-32859,CVE-2025-32859-1,2025-04-16,Mastodon,8.8,high,0.00096,enriched,NETWORK,LOW,LOW,NONE,UNCHANGED,HIGH,HIGH,HIGH,1,1,Mastodon,2025-04-16,2025-04-16,1,True,False,8.8,0.00096,3837
CVE-2025-32858,CVE-2025-32858-1,2025-04-16,Mastodon,8.8,high,0.00096,enriched,NETWORK,LOW,LOW,NONE,UNCHANGED,HIGH,HIGH,HIGH,2,2,"Mastodon, Reddit",2025-04-16,2025-04-18,2,True,False,8.8,0.00096,3836
CVE-2024-23733,CVE-2024-23733-1,2025-04-16,ExploitDB,7.5,high,0.00121,original,NETWORK,LOW,NONE,NONE,UNCHANGED,HIGH,NONE,NONE,2,1,ExploitDB,2025-04-16,2025-04-16,2,True,False,7.5,0.00121,1110
CVE-2025-32851,CVE-2025-32851-1,2025-04-16,Mastodon,8.8,high,0.00096,enriched,NETWORK,LOW,LOW,NONE,UNCHANGED,HIGH,HIGH,HIGH,1,1,Mastodon,2025-04-16,2025-04-16,1,True,False,8.8,0.00096,3829
CVE-2025-32852,CVE-2025-32852-1,2025-04-16,Mastodon,8.8,high,0.00096,enriched,NETWORK,LOW,LOW,NONE,UNCHANGED,HIGH,HIGH,HIGH,1,1,Mastodon,2025-04-16,2025-04-16,1,True,False,8.8,0.00096,3830
CVE-2025-32848,CVE-2025-32848-1,2025-04-16,Mastodon,8.8,high,0.00096,enriched,NETWORK,LOW,LOW,NONE,UNCHANGED,HIGH,HIGH,HIGH,1,1,Mastodon,2025-04-16,2025-04-16,1,True,False,8.8,0.00096,3826
CVE-2023-6542,CVE-2023-6542-1,2025-04-16,Reddit,7.1,high,0.0002,original,LOCAL,LOW,LOW,NONE,UNCHANGED,HIGH,HIGH,NONE,1,1,Reddit,2025-04-16,2025-04-16,1,True,False,7.1,0.0002,635
CVE-2025-24054,CVE-2025-24054-7,2025-04-16,Reddit,6.5,medium,0.00381,original,NETWORK,LOW,NONE,REQUIRED,UNCHANGED,HIGH,NONE,NONE,39,5,"BleepingComputer, ExploitDB, HackerNews, Mastodon, Reddit",2025-04-16,2025-05-23,42,True,False,6.5,0.38929,2976
CVE-2025-32865,CVE-2025-32865-1,2025-04-16,Mastodon,8.8,high,0.00096,enriched,NETWORK,LOW,LOW,NONE,UNCHANGED,HIGH,HIGH,HIGH,1,1,Mastodon,2025-04-16,2025-04-16,1,True,False,8.8,0.00096,3843
CVE-2025-24076,CVE-2025-24076-1,2025-04-16,Reddit,7.3,high,0.00062,original,LOCAL,LOW,LOW,REQUIRED,UNCHANGED,HIGH,HIGH,HIGH,3,1,Reddit,2025-04-16,2025-04-17,5,True,False,7.3,0.00062,2981
CVE-2022-37061,CVE-2022-37061-1,2025-04-16,ExploitDB,9.8,critical,0.92506,original,NETWORK,LOW,NONE,NONE,UNCHANGED,HIGH,HIGH,HIGH,2,1,ExploitDB,2025-04-16,2025-04-16,2,True,True,9.8,0.92506,254
CVE-2025-32866,CVE-2025-32866-1,2025-04-16,Mastodon,8.8,high,0.00096,enriched,NETWORK,LOW,LOW,NONE,UNCHANGED,HIGH,HIGH,HIGH,1,1,Mastodon,2025-04-16,2025-04-16,1,True,False,8.8,0.00096,3844
CVE-2025-32850,CVE-2025-32850-1,2025-04-16,Mastodon,8.8,high,0.00096,enriched,NETWORK,LOW,LOW,NONE,UNCHANGED,HIGH,HIGH,HIGH,1,1,Mastodon,2025-04-16,2025-04-16,1,True,False,8.8,0.00096,3828
CVE-2025-32867,CVE-2025-32867-1,2025-04-16,Mastodon,8.8,high,0.00096,enriched,NETWORK,LOW,LOW,NONE,UNCHANGED,HIGH,HIGH,HIGH,1,1,Mastodon,2025-04-16,2025-04-16,1,True,False,8.8,0.00096,3845
CVE-2025-32872,CVE-2025-32872-1,2025-04-16,Mastodon,8.8,high,0.00096,enriched,NETWORK,LOW,LOW,NONE,UNCHANGED,HIGH,HIGH,HIGH,1,1,Mastodon,2025-04-16,2025-04-16,1,True,False,8.8,0.00096,3850
CVE-2025-32863,CVE-2025-32863-1,2025-04-16,Mastodon,8.8,high,0.00096,enriched,NETWORK,LOW,LOW,NONE,UNCHANGED,HIGH,HIGH,HIGH,1,1,Mastodon,2025-04-16,2025-04-16,1,True,False,8.8,0.00096,3841
CVE-2025-32853,CVE-2025-32853-1,2025-04-16,Mastodon,8.8,high,0.00096,enriched,NETWORK,LOW,LOW,NONE,UNCHANGED,HIGH,HIGH,HIGH,1,1,Mastodon,2025-04-16,2025-04-16,1,True,False,8.8,0.00096,3831
CVE-2024-0566,CVE-2024-0566-1,2025-04-16,ExploitDB,7.2,high,0.04833,original,NETWORK,LOW,HIGH,NONE,UNCHANGED,HIGH,HIGH,HIGH,2,1,ExploitDB,2025-04-16,2025-04-16,2,True,False,7.2,0.04833,655
CVE-2025-27561,CVE-2025-27561-1,2025-04-16,Reddit,5.3,medium,0.00038,original,NETWORK,LOW,NONE,NONE,UNCHANGED,NONE,LOW,NONE,1,1,Reddit,2025-04-16,2025-04-16,1,True,False,5.3,0.00038,3380
CVE-2014-0160,CVE-2014-0160-1,2025-04-16,Reddit,7.5,high,0.94477,original,NETWORK,LOW,NONE,NONE,UNCHANGED,HIGH,NONE,NONE,1,1,Reddit,2025-04-16,2025-04-16,2,True,False,7.5,0.94477,9
CVE-2024-52281,CVE-2024-52281-1,2025-04-16,Mastodon,8.9,high,0.0004,original,NETWORK,LOW,LOW,REQUIRED,CHANGED,HIGH,HIGH,LOW,1,1,Mastodon,2025-04-16,2025-04-16,1,True,False,8.9,0.0004,1815
CVE-2025-32861,CVE-2025-32861-1,2025-04-16,Mastodon,8.8,high,0.00096,enriched,NETWORK,LOW,LOW,NONE,UNCHANGED,HIGH,HIGH,HIGH,1,1,Mastodon,2025-04-16,2025-04-16,1,True,False,8.8,0.00096,3839
CVE-2024-11392,CVE-2024-11392-1,2025-04-16,ExploitDB,8.8,high,0.32492,original,NETWORK,LOW,NONE,REQUIRED,UNCHANGED,HIGH,HIGH,HIGH,2,1,ExploitDB,2025-04-16,2025-04-16,2,True,False,8.8,0.32492,771
CVE-2025-30967,CVE-2025-30967-1,2025-04-16,Mastodon,9.6,critical,0.00018,original,NETWORK,LOW,NONE,REQUIRED,CHANGED,HIGH,HIGH,HIGH,1,1,Mastodon,2025-04-16,2025-04-16,1,True,False,9.6,0.00018,3639
CVE-2025-32862,CVE-2025-32862-1,2025-04-16,Mastodon,8.8,high,0.00096,enriched,NETWORK,LOW,LOW,NONE,UNCHANGED,HIGH,HIGH,HIGH,1,1,Mastodon,2025-04-16,2025-04-16,1,True,False,8.8,0.00096,3840
CVE-2024-26170,CVE-2024-26170-1,2025-04-16,Reddit,7.8,high,0.01318,original,LOCAL,LOW,LOW,NONE,UNCHANGED,HIGH,HIGH,HIGH,1,1,Reddit,2025-04-16,2025-04-16,1,True,False,7.8,0.01318,1153
CVE-2022-41358,CVE-2022-41358-1,2025-04-16,ExploitDB,5.4,medium,0.00244,original,NETWORK,LOW,LOW,REQUIRED,CHANGED,LOW,LOW,NONE,2,1,ExploitDB,2025-04-16,2025-04-16,2,True,False,5.4,0.00244,276
CVE-2022-23409,CVE-2022-23409-1,2025-04-16,ExploitDB,4.9,medium,0.00403,original,NETWORK,LOW,HIGH,NONE,UNCHANGED,HIGH,NONE,NONE,2,1,ExploitDB,2025-04-16,2025-04-16,2,True,False,4.9,0.00403,218
CVE-2025-30960,CVE-2025-30960-1,2025-04-16,Mastodon,8.3,high,0.00038,original,NETWORK,LOW,LOW,NONE,UNCHANGED,LOW,HIGH,HIGH,1,1,Mastodon,2025-04-16,2025-04-16,1,True,False,8.3,0.00038,3638
CVE-2022-4407,CVE-2022-4407-1,2025-04-16,ExploitDB,6.1,medium,0.00605,original,NETWORK,LOW,NONE,REQUIRED,CHANGED,LOW,LOW,NONE,2,1,ExploitDB,2025-04-16,2025-04-16,2,True,True,6.1,0.00605,288
CVE-2025-3495,CVE-2025-3495-1,2025-04-16,Mastodon,9.8,critical,0.0007,original,NETWORK,LOW,NONE,NONE,UNCHANGED,HIGH,HIGH,HIGH,1,1,Mastodon,2025-04-16,2025-04-16,1,True,False,9.8,0.0007,3884
CVE-2025-27929,CVE-2025-27929-1,2025-04-16,Reddit,5.3,medium,0.00029,original,NETWORK,LOW,NONE,NONE,UNCHANGED,LOW,NONE,NONE,1,1,Reddit,2025-04-16,2025-04-16,1,True,False,5.3,0.00029,3439
CVE-2021-33216,CVE-2021-33216-1,2025-04-16,ExploitDB,9.8,critical,0.00841,original,NETWORK,LOW,NONE,NONE,UNCHANGED,HIGH,HIGH,HIGH,2,1,ExploitDB,2025-04-16,2025-04-16,2,True,False,9.8,0.00841,176
CVE-2017-5754,CVE-2017-5754-1,2025-04-16,Reddit,5.6,medium,0.92671,original,LOCAL,HIGH,LOW,NONE,CHANGED,HIGH,NONE,NONE,1,1,Reddit,2025-04-16,2025-04-16,2,True,False,5.6,0.92671,33
CVE-2025-32860,CVE-2025-32860-1,2025-04-16,Mastodon,8.8,high,0.00096,enriched,NETWORK,LOW,LOW,NONE,UNCHANGED,HIGH,HIGH,HIGH,2,2,"Mastodon, Reddit",2025-04-16,2025-04-17,2,True,False,8.8,0.00096,3838
CVE-2025-28399,CVE-2025-28399-1,2025-04-16,Mastodon,9.8,critical,0.00053,original,NETWORK,LOW,NONE,NONE,UNCHANGED,HIGH,HIGH,HIGH,1,1,Mastodon,2025-04-16,2025-04-16,1,True,True,9.8,0.00053,3471
CVE-2025-26927,CVE-2025-26927-1,2025-04-16,Mastodon,10.0,critical,0.00043,original,NETWORK,LOW,NONE,NONE,CHANGED,HIGH,HIGH,HIGH,1,1,Mastodon,2025-04-16,2025-04-16,1,True,False,10.0,0.00043,3305
CVE-2025-32854,CVE-2025-32854-1,2025-04-16,Mastodon,8.8,high,0.00096,enriched,NETWORK,LOW,LOW,NONE,UNCHANGED,HIGH,HIGH,HIGH,1,1,Mastodon,2025-04-16,2025-04-16,1,True,False,8.8,0.00096,3832
CVE-2022-46945,CVE-2022-46945-1,2025-04-16,ExploitDB,9.1,critical,0.00071,original,NETWORK,LOW,LOW,NONE,CHANGED,HIGH,LOW,LOW,2,1,ExploitDB,2025-04-16,2025-04-16,2,True,True,9.1,0.00071,297
CVE-2024-0399,CVE-2024-0399-1,2025-04-16,ExploitDB,8.1,high,0.04809,original,NETWORK,LOW,LOW,NONE,UNCHANGED,HIGH,HIGH,NONE,2,1,ExploitDB,2025-04-16,2025-04-16,2,True,False,8.1,0.04809,654
CVE-2025-39570,CVE-2025-39570-1,2025-04-16,Mastodon,8.8,high,0.00114,enriched,NETWORK,LOW,LOW,NONE,UNCHANGED,HIGH,HIGH,HIGH,1,1,Mastodon,2025-04-16,2025-04-16,1,True,False,8.8,0.00114,3964
CVE-2025-26870,CVE-2025-26870-1,2025-04-16,Reddit,6.5,medium,0.00033,original,NETWORK,LOW,LOW,REQUIRED,CHANGED,LOW,LOW,LOW,1,1,Reddit,2025-04-16,2025-04-16,1,True,False,6.5,0.00033,3292
CVE-2024-48846,CVE-2024-48846-1,2025-04-16,ExploitDB,7.1,high,0.00033,original,NETWORK,LOW,LOW,NONE,UNCHANGED,LOW,HIGH,NONE,2,1,ExploitDB,2025-04-16,2025-04-16,2,True,False,7.1,0.00033,1613
CVE-2025-24994,CVE-2025-24994-1,2025-04-16,Reddit,7.3,high,0.00062,original,LOCAL,LOW,LOW,REQUIRED,UNCHANGED,HIGH,HIGH,HIGH,3,1,Reddit,2025-04-16,2025-04-17,5,True,False,7.3,0.00062,3112
CVE-2025-32868,CVE-2025-32868-1,2025-04-16,Mastodon,8.8,high,0.00056,enriched,NETWORK,LOW,LOW,NONE,UNCHANGED,HIGH,HIGH,HIGH,1,1,Mastodon,2025-04-16,2025-04-16,1,True,False,8.8,0.00056,3846
CVE-2025-30510,CVE-2025-30510-1,2025-04-16,Mastodon,9.8,critical,0.00019,original,NETWORK,LOW,NONE,NONE,UNCHANGED,HIGH,HIGH,HIGH,1,1,Mastodon,2025-04-16,2025-04-16,1,True,False,9.8,0.00019,3587
CVE-2025-32869,CVE-2025-32869-1,2025-04-16,Mastodon,8.8,high,0.00056,enriched,NETWORK,LOW,LOW,NONE,UNCHANGED,HIGH,HIGH,HIGH,1,1,Mastodon,2025-04-16,2025-04-16,1,True,False,8.8,0.00056,3847
CVE-2025-32871,CVE-2025-32871-1,2025-04-16,Mastodon,8.8,high,0.00096,enriched,NETWORK,LOW,LOW,NONE,UNCHANGED,HIGH,HIGH,HIGH,1,1,Mastodon,2025-04-16,2025-04-16,1,True,False,8.8,0.00096,3849
CVE-2024-55889,CVE-2024-55889-1,2025-04-16,ExploitDB,4.9,medium,0.00015,original,NETWORK,LOW,HIGH,NONE,UNCHANGED,NONE,HIGH,NONE,2,1,ExploitDB,2025-04-16,2025-04-16,2,True,True,4.9,0.00015,2101
CVE-2025-32856,CVE-2025-32856-1,2025-04-16,Mastodon,8.8,high,0.00096,enriched,NETWORK,LOW,LOW,NONE,UNCHANGED,HIGH,HIGH,HIGH,1,1,Mastodon,2025-04-16,2025-04-16,1,True,False,8.8,0.00096,3834
CVE-2025-32849,CVE-2025-32849-1,2025-04-16,Mastodon,8.8,high,0.00096,enriched,NETWORK,LOW,LOW,NONE,UNCHANGED,HIGH,HIGH,HIGH,1,1,Mastodon,2025-04-16,2025-04-16,1,True,False,8.8,0.00096,3827
CVE-2025-39601,CVE-2025-39601-1,2025-04-16,Mastodon,9.6,critical,0.00018,enriched,NETWORK,LOW,NONE,REQUIRED,CHANGED,HIGH,HIGH,HIGH,1,1,Mastodon,2025-04-16,2025-04-16,1,True,False,9.6,0.00018,3970
CVE-2025-20236,CVE-2025-20236-1,2025-04-16,Mastodon,8.8,high,0.001,enriched,NETWORK,LOW,NONE,REQUIRED,UNCHANGED,HIGH,HIGH,HIGH,7,3,"BleepingComputer, Mastodon, Reddit",2025-04-16,2025-04-29,7,True,False,8.8,0.00108,2689
CVE-2025-30215,CVE-2025-30215-1,2025-04-16,Mastodon,9.6,critical,0.00028,original,NETWORK,LOW,LOW,NONE,CHANGED,NONE,HIGH,HIGH,1,1,Mastodon,2025-04-16,2025-04-16,1,True,False,9.6,0.00028,3551
CVE-2025-39557,CVE-2025-39557-1,2025-04-16,Mastodon,9.1,critical,0.00039,enriched,NETWORK,LOW,HIGH,NONE,CHANGED,HIGH,HIGH,HIGH,1,1,Mastodon,2025-04-16,2025-04-16,1,True,False,9.1,0.00039,3962
CVE-2018-16606,CVE-2018-16606-1,2025-04-16,ExploitDB,6.5,medium,0.00452,original,NETWORK,LOW,LOW,NONE,UNCHANGED,HIGH,NONE,NONE,2,1,ExploitDB,2025-04-16,2025-04-16,2,True,False,6.5,0.00452,53
CVE-2025-22900,CVE-2025-22900-1,2025-04-16,Mastodon,9.8,critical,0.00018,original,NETWORK,LOW,NONE,NONE,UNCHANGED,HIGH,HIGH,HIGH,1,1,Mastodon,2025-04-16,2025-04-16,1,True,False,9.8,0.00018,2879
CVE-2024-50264,CVE-2024-50264-1,2025-04-16,Reddit,7.8,high,0.00048,original,LOCAL,LOW,LOW,NONE,UNCHANGED,HIGH,HIGH,HIGH,4,1,Reddit,2025-04-16,2025-04-17,4,True,False,7.8,0.00048,1724
CVE-2024-22036,CVE-2024-22036-1,2025-04-16,Mastodon,9.1,critical,0.00041,original,NETWORK,LOW,HIGH,NONE,CHANGED,HIGH,HIGH,HIGH,1,1,Mastodon,2025-04-16,2025-04-16,1,True,False,9.1,0.00041,1097
CVE-2025-32855,CVE-2025-32855-1,2025-04-16,Mastodon,8.8,high,0.00096,enriched,NETWORK,LOW,LOW,NONE,UNCHANGED,HIGH,HIGH,HIGH,1,1,Mastodon,2025-04-16,2025-04-16,1,True,False,8.8,0.00096,3833
CVE-2018-1207,CVE-2018-1207-1,2025-04-16,ExploitDB,9.8,critical,0.9374,original,NETWORK,LOW,NONE,NONE,UNCHANGED,HIGH,HIGH,HIGH,2,1,ExploitDB,2025-04-16,2025-04-16,2,True,False,9.8,0.9374,49
CVE-2025-3693,CVE-2025-3693-1,2025-04-16,Mastodon,8.8,high,0.00046,enriched,NETWORK,LOW,LOW,NONE,UNCHANGED,HIGH,HIGH,HIGH,1,1,Mastodon,2025-04-16,2025-04-16,1,True,False,8.8,0.00046,3918
CVE-2024-46278,CVE-2024-46278-1,2025-04-16,ExploitDB,8.4,high,0.00569,original,NETWORK,LOW,HIGH,REQUIRED,CHANGED,HIGH,HIGH,HIGH,2,1,ExploitDB,2025-04-16,2025-04-16,2,True,False,8.4,0.00569,1525
CVE-2025-30100,CVE-2025-30100-1,2025-04-16,Reddit,6.7,medium,0.00012,original,LOCAL,HIGH,LOW,REQUIRED,UNCHANGED,HIGH,HIGH,HIGH,1,1,Reddit,2025-04-16,2025-04-16,1,True,False,6.7,0.00012,3544
CVE-2025-32870,CVE-2025-32870-1,2025-04-16,Mastodon,8.8,high,0.00096,enriched,NETWORK,LOW,LOW,NONE,UNCHANGED,HIGH,HIGH,HIGH,1,1,Mastodon,2025-04-16,2025-04-16,1,True,False,8.8,0.00096,3848
CVE-2025-24297,CVE-2025-24297-1,2025-04-16,Mastodon,9.8,critical,0.00048,original,NETWORK,LOW,NONE,NONE,UNCHANGED,HIGH,HIGH,HIGH,1,1,Mastodon,2025-04-16,2025-04-16,1,True,False,9.8,0.00048,3027
CVE-2024-38193,CVE-2024-38193-6,2025-04-17,HackerNews,7.8,high,0.82355,original,LOCAL,LOW,LOW,NONE,UNCHANGED,HIGH,HIGH,HIGH,6,2,"ExploitDB, HackerNews",2025-04-17,2025-05-09,7,True,False,7.8,0.82355,1288
CVE-2024-24691,CVE-2024-24691-4,2025-04-17,HackerNews,9.6,critical,0.00344,original,NETWORK,LOW,NONE,REQUIRED,CHANGED,HIGH,HIGH,HIGH,4,1,HackerNews,2025-04-17,2025-04-28,4,True,False,9.6,0.00344,1135
CVE-2024-21894,CVE-2024-21894-4,2025-04-17,HackerNews,9.8,critical,0.12221,original,NETWORK,LOW,NONE,NONE,UNCHANGED,HIGH,HIGH,HIGH,4,1,HackerNews,2025-04-17,2025-04-28,4,True,False,9.8,0.12221,1094
CVE-2021-20035,CVE-2021-20035-14,2025-04-17,BleepingComputer,6.5,medium,0.26232,original,NETWORK,LOW,LOW,NONE,UNCHANGED,NONE,NONE,HIGH,14,2,"BleepingComputer, Reddit",2025-04-17,2025-05-08,14,True,False,6.5,0.26232,152
CVE-2024-36401,CVE-2024-36401-5,2025-04-17,HackerNews,9.8,critical,0.94418,original,NETWORK,LOW,NONE,NONE,UNCHANGED,HIGH,HIGH,HIGH,4,1,HackerNews,2025-04-17,2025-04-28,5,True,True,9.8,0.94418,1257
CVE-2025-1568,CVE-2025-1568-1,2025-04-17,Mastodon,8.8,high,0.00052,original,NETWORK,LOW,LOW,NONE,UNCHANGED,HIGH,HIGH,HIGH,1,1,Mastodon,2025-04-17,2025-04-17,1,True,False,8.8,0.00052,2599
CVE-2024-37085,CVE-2024-37085-5,2025-04-17,HackerNews,6.8,medium,0.55217,original,NETWORK,LOW,HIGH,REQUIRED,UNCHANGED,HIGH,HIGH,HIGH,4,1,HackerNews,2025-04-17,2025-04-28,5,True,False,6.8,0.55217,1267
CVE-2023-35082,CVE-2023-35082-4,2025-04-17,HackerNews,9.8,critical,0.94468,original,NETWORK,LOW,NONE,NONE,UNCHANGED,HIGH,HIGH,HIGH,4,1,HackerNews,2025-04-17,2025-04-28,4,True,False,9.8,0.94468,465
CVE-2025-39595,CVE-2025-39595-1,2025-04-17,Mastodon,9.3,critical,0.00028,enriched,NETWORK,LOW,NONE,NONE,CHANGED,HIGH,NONE,LOW,1,1,Mastodon,2025-04-17,2025-04-17,1,True,False,9.3,0.00028,3968
CVE-2025-32433,CVE-2025-32433-13,2025-04-17,BleepingComputer,10.0,critical,0.00307,original,NETWORK,LOW,NONE,NONE,CHANGED,HIGH,HIGH,HIGH,40,4,"BleepingComputer, HackerNews, Mastodon, Reddit",2025-04-17,2025-05-13,51,True,True,10.0,0.56843,3752
CVE-2022-3236,CVE-2022-3236-6,2025-04-17,HackerNews,9.8,critical,0.92859,original,NETWORK,LOW,NONE,NONE,UNCHANGED,HIGH,HIGH,HIGH,4,1,HackerNews,2025-04-17,2025-04-28,6,True,False,9.8,0.92859,245
CVE-2024-3935,CVE-2024-3935-1,2025-04-17,Mastodon,6.5,medium,0.00203,original,NETWORK,LOW,LOW,NONE,UNCHANGED,NONE,NONE,HIGH,1,1,Mastodon,2025-04-17,2025-04-17,1,True,True,6.5,0.00203,1315
CVE-2025-20150,CVE-2025-20150-2,2025-04-17,Reddit,5.3,medium,0.00035,original,NETWORK,LOW,NONE,NONE,UNCHANGED,LOW,NONE,NONE,3,2,"BleepingComputer, Reddit",2025-04-17,2025-04-18,3,True,False,5.3,0.00035,2673
CVE-2025-31200,CVE-2025-31200-22,2025-04-17,HackerNews,7.5,high,0.00195,original,NETWORK,HIGH,NONE,REQUIRED,UNCHANGED,HIGH,HIGH,HIGH,25,2,"HackerNews, Reddit",2025-04-17,2025-05-28,26,True,True,7.5,0.00445,3676
CVE-2024-28995,CVE-2024-28995-4,2025-04-17,HackerNews,8.6,high,0.94441,original,NETWORK,LOW,NONE,NONE,CHANGED,HIGH,NONE,NONE,5,2,"ExploitDB, HackerNews",2025-04-17,2025-05-29,6,True,False,8.6,0.94444,1184
CVE-2024-28991,CVE-2024-28991-4,2025-04-17,HackerNews,9.0,critical,0.21307,original,ADJACENT_NETWORK,LOW,LOW,NONE,CHANGED,HIGH,HIGH,HIGH,4,1,HackerNews,2025-04-17,2025-04-28,4,True,False,9.0,0.27793,1183
CVE-2025-2073,CVE-2025-2073-1,2025-04-17,Mastodon,8.8,high,8e-05,original,NETWORK,LOW,LOW,NONE,UNCHANGED,HIGH,HIGH,HIGH,1,1,Mastodon,2025-04-17,2025-04-17,1,True,False,8.8,8e-05,2696
CVE-2025-1532,CVE-2025-1532-1,2025-04-17,Mastodon,8.1,high,0.0003,original,NETWORK,LOW,NONE,REQUIRED,UNCHANGED,HIGH,HIGH,NONE,1,1,Mastodon,2025-04-17,2025-04-17,1,True,False,8.1,0.0003,2595
CVE-2023-38035,CVE-2023-38035-4,2025-04-17,HackerNews,9.8,critical,0.94435,original,NETWORK,LOW,NONE,NONE,UNCHANGED,HIGH,HIGH,HIGH,4,1,HackerNews,2025-04-17,2025-04-28,4,True,False,9.8,0.94435,496
CVE-2025-32686,CVE-2025-32686-1,2025-04-17,Mastodon,8.8,high,0.00038,enriched,NETWORK,LOW,LOW,NONE,UNCHANGED,HIGH,HIGH,HIGH,1,1,Mastodon,2025-04-17,2025-04-17,1,True,False,8.8,0.00038,3803
CVE-2025-26746,CVE-2025-26746-1,2025-04-17,Reddit,7.1,high,0.00033,original,NETWORK,LOW,NONE,REQUIRED,CHANGED,LOW,LOW,LOW,1,1,Reddit,2025-04-17,2025-04-17,1,True,False,7.1,0.00033,3277
CVE-2024-10525,CVE-2024-10525-1,2025-04-17,Mastodon,9.8,critical,0.00168,original,NETWORK,LOW,NONE,NONE,UNCHANGED,HIGH,HIGH,HIGH,1,1,Mastodon,2025-04-17,2025-04-17,1,True,True,9.8,0.00168,681
CVE-2023-50164,CVE-2023-50164-4,2025-04-17,HackerNews,9.8,critical,0.93736,original,NETWORK,LOW,NONE,NONE,UNCHANGED,HIGH,HIGH,HIGH,4,1,HackerNews,2025-04-17,2025-04-28,4,True,False,9.8,0.93752,614
CVE-2025-3620,CVE-2025-3620-1,2025-04-17,Mastodon,8.8,high,0.00089,original,NETWORK,LOW,NONE,REQUIRED,UNCHANGED,HIGH,HIGH,HIGH,1,1,Mastodon,2025-04-17,2025-04-17,1,True,False,8.8,0.00089,3910
CVE-2022-38028,CVE-2022-38028-4,2025-04-17,HackerNews,7.8,high,0.02682,original,LOCAL,LOW,LOW,NONE,UNCHANGED,HIGH,HIGH,HIGH,4,1,HackerNews,2025-04-17,2025-04-28,4,True,False,7.8,0.02682,263
CVE-2023-40044,CVE-2023-40044-4,2025-04-17,HackerNews,10.0,critical,0.94427,original,NETWORK,LOW,NONE,NONE,CHANGED,HIGH,HIGH,HIGH,4,1,HackerNews,2025-04-17,2025-04-28,4,True,False,10.0,0.94427,515
CVE-2025-32658,CVE-2025-32658-1,2025-04-17,Mastodon,9.8,critical,0.00038,enriched,NETWORK,LOW,NONE,NONE,UNCHANGED,HIGH,HIGH,HIGH,1,1,Mastodon,2025-04-17,2025-04-17,1,True,False,9.8,0.00038,3792
CVE-2025-39588,CVE-2025-39588-1,2025-04-17,Mastodon,9.8,critical,0.00038,enriched,NETWORK,LOW,NONE,NONE,UNCHANGED,HIGH,HIGH,HIGH,1,1,Mastodon,2025-04-17,2025-04-17,1,True,False,9.8,0.00038,3967
CVE-2024-0204,CVE-2024-0204-4,2025-04-17,HackerNews,9.8,critical,0.93318,original,NETWORK,LOW,NONE,NONE,UNCHANGED,HIGH,HIGH,HIGH,5,2,"ExploitDB, HackerNews",2025-04-17,2025-05-29,6,True,False,9.8,0.93318,652
CVE-2025-1704,CVE-2025-1704-1,2025-04-17,Mastodon,6.5,medium,8e-05,original,NETWORK,LOW,LOW,NONE,UNCHANGED,NONE,NONE,HIGH,1,1,Mastodon,2025-04-17,2025-04-17,1,True,False,6.5,8e-05,2613
CVE-2025-31478,CVE-2025-31478-1,2025-04-17,Mastodon,8.2,high,0.00038,original,NETWORK,LOW,NONE,NONE,UNCHANGED,HIGH,LOW,NONE,1,1,Mastodon,2025-04-17,2025-04-17,1,True,True,8.2,0.00038,3689
CVE-2025-32791,CVE-2025-32791-1,2025-04-17,Reddit,4.3,medium,0.00022,original,NETWORK,LOW,LOW,NONE,UNCHANGED,LOW,NONE,NONE,1,1,Reddit,2025-04-17,2025-04-17,1,True,False,4.3,0.00022,3818
CVE-2024-6327,CVE-2024-6327-4,2025-04-17,HackerNews,9.9,critical,0.01829,original,NETWORK,LOW,LOW,NONE,CHANGED,HIGH,HIGH,HIGH,4,1,HackerNews,2025-04-17,2025-04-28,4,True,False,9.9,0.01829,2288
CVE-2023-22515,CVE-2023-22515-4,2025-04-17,HackerNews,9.8,critical,0.94365,original,NETWORK,LOW,NONE,NONE,UNCHANGED,HIGH,HIGH,HIGH,4,1,HackerNews,2025-04-17,2025-04-28,4,True,False,9.8,0.94365,345
CVE-2024-38112,CVE-2024-38112-6,2025-04-17,HackerNews,7.5,high,0.91779,original,NETWORK,HIGH,NONE,REQUIRED,UNCHANGED,HIGH,HIGH,HIGH,4,1,HackerNews,2025-04-17,2025-04-28,6,True,False,7.5,0.91779,1286
CVE-2024-55372,CVE-2024-55372-1,2025-04-17,Mastodon,9.8,critical,0.0002,original,NETWORK,LOW,NONE,NONE,UNCHANGED,HIGH,HIGH,HIGH,1,1,Mastodon,2025-04-17,2025-04-17,1,True,False,9.8,0.0002,2066
CVE-2024-55371,CVE-2024-55371-1,2025-04-17,Mastodon,9.8,critical,0.00013,original,NETWORK,LOW,NONE,NONE,UNCHANGED,HIGH,HIGH,HIGH,1,1,Mastodon,2025-04-17,2025-04-17,1,True,False,9.8,0.00013,2065
CVE-2024-38814,CVE-2024-38814-4,2025-04-17,HackerNews,8.8,high,0.01178,original,NETWORK,LOW,LOW,NONE,UNCHANGED,HIGH,HIGH,HIGH,4,1,HackerNews,2025-04-17,2025-04-28,4,True,False,8.8,0.01178,1308
CVE-2025-32660,CVE-2025-32660-1,2025-04-17,Mastodon,10.0,critical,0.00043,enriched,NETWORK,LOW,NONE,NONE,CHANGED,HIGH,HIGH,HIGH,1,1,Mastodon,2025-04-17,2025-04-17,1,True,False,10.0,0.00043,3794
CVE-2024-12344,CVE-2024-12344-1,2025-04-17,ExploitDB,6.3,medium,0.00028,original,NETWORK,LOW,LOW,NONE,UNCHANGED,LOW,LOW,LOW,2,1,ExploitDB,2025-04-17,2025-04-17,2,True,False,6.3,0.00028,866
CVE-2023-5009,CVE-2023-5009-4,2025-04-17,HackerNews,8.2,high,0.00022,original,NETWORK,HIGH,LOW,NONE,CHANGED,HIGH,HIGH,NONE,4,1,HackerNews,2025-04-17,2025-04-28,4,True,False,8.2,0.00026,613
CVE-2025-43012,CVE-2025-43012-1,2025-04-17,Mastodon,8.3,high,4e-05,enriched,NETWORK,HIGH,NONE,REQUIRED,CHANGED,HIGH,HIGH,HIGH,1,1,Mastodon,2025-04-17,2025-04-17,1,True,False,8.3,4e-05,4014
CVE-2025-43015,CVE-2025-43015-1,2025-04-17,Mastodon,8.3,high,3e-05,enriched,NETWORK,LOW,NONE,NONE,CHANGED,LOW,LOW,LOW,1,1,Mastodon,2025-04-17,2025-04-17,1,True,False,8.3,3e-05,4015
CVE-2025-43715,CVE-2025-43715-1,2025-04-17,Mastodon,8.1,high,0.00013,original,LOCAL,HIGH,NONE,NONE,CHANGED,HIGH,HIGH,HIGH,2,1,Mastodon,2025-04-17,2025-04-17,2,True,False,8.1,0.00013,4023
CVE-2025-31324,CVE-2025-31324-41,2025-04-17,HackerNews,10.0,critical,0.00043,enriched,NETWORK,LOW,NONE,NONE,CHANGED,HIGH,HIGH,HIGH,39,4,"BleepingComputer, HackerNews, Mastodon, Reddit",2025-04-17,2025-05-28,48,True,False,10.0,0.79541,3683
CVE-2025-32648,CVE-2025-32648-1,2025-04-17,Mastodon,9.8,critical,0.00043,enriched,NETWORK,LOW,NONE,NONE,UNCHANGED,HIGH,HIGH,HIGH,1,1,Mastodon,2025-04-17,2025-04-17,1,True,False,9.8,0.00043,3787
CVE-2024-55211,CVE-2024-55211-1,2025-04-17,Mastodon,8.4,high,0.00017,enriched,LOCAL,LOW,NONE,NONE,UNCHANGED,HIGH,HIGH,HIGH,1,1,Mastodon,2025-04-17,2025-04-17,1,True,False,8.4,0.00017,2057
CVE-2025-28009,CVE-2025-28009-1,2025-04-17,Mastodon,9.8,critical,0.00029,enriched,NETWORK,LOW,NONE,NONE,UNCHANGED,HIGH,HIGH,HIGH,1,1,Mastodon,2025-04-17,2025-04-17,1,True,False,9.8,0.00029,3443
CVE-2021-33813,CVE-2021-33813-1,2025-04-17,Reddit,7.5,high,0.00072,original,NETWORK,LOW,NONE,NONE,UNCHANGED,NONE,NONE,HIGH,1,1,Reddit,2025-04-17,2025-04-17,1,True,True,7.5,0.00072,177
CVE-2025-39526,CVE-2025-39526-1,2025-04-17,Mastodon,8.1,high,0.00113,enriched,NETWORK,HIGH,NONE,NONE,UNCHANGED,HIGH,HIGH,HIGH,1,1,Mastodon,2025-04-17,2025-04-17,1,True,False,8.1,0.00113,3954
CVE-2023-38831,CVE-2023-38831-4,2025-04-17,HackerNews,7.8,high,0.9373,original,LOCAL,LOW,NONE,REQUIRED,UNCHANGED,HIGH,HIGH,HIGH,4,1,HackerNews,2025-04-17,2025-04-28,5,True,False,7.8,0.9373,507
CVE-2024-12342,CVE-2024-12342-3,2025-04-17,ExploitDB,6.5,medium,0.00098,original,ADJACENT_NETWORK,LOW,NONE,NONE,UNCHANGED,NONE,NONE,HIGH,2,1,ExploitDB,2025-04-17,2025-04-17,4,True,True,6.5,0.00098,865
CVE-2025-39436,CVE-2025-39436-1,2025-04-17,Mastodon,9.1,critical,0.00039,enriched,NETWORK,LOW,HIGH,NONE,CHANGED,HIGH,HIGH,HIGH,1,1,Mastodon,2025-04-17,2025-04-17,1,True,False,9.1,0.00039,3946
CVE-2025-32636,CVE-2025-32636-1,2025-04-17,Mastodon,9.3,critical,0.00028,enriched,NETWORK,LOW,NONE,NONE,CHANGED,HIGH,NONE,LOW,1,1,Mastodon,2025-04-17,2025-04-17,1,True,False,9.3,0.00028,3783
CVE-2025-31201,CVE-2025-31201-39,2025-04-17,HackerNews,6.8,medium,0.00046,original,NETWORK,HIGH,LOW,NONE,UNCHANGED,HIGH,HIGH,NONE,37,3,"HackerNews, Mastodon, Reddit",2025-04-17,2025-05-24,40,True,True,6.8,0.005,3677
CVE-2023-49606,CVE-2023-49606-4,2025-04-17,HackerNews,9.8,critical,0.34661,original,NETWORK,LOW,NONE,NONE,UNCHANGED,HIGH,HIGH,HIGH,4,1,HackerNews,2025-04-17,2025-04-28,4,True,False,9.8,0.34928,607
CVE-2025-21299,CVE-2025-21299-1,2025-04-17,Reddit,7.1,high,0.00174,original,LOCAL,LOW,LOW,NONE,UNCHANGED,HIGH,HIGH,NONE,7,1,Reddit,2025-04-17,2025-04-18,9,True,False,7.1,0.00174,2734
CVE-2025-39596,CVE-2025-39596-1,2025-04-17,Mastodon,9.8,critical,0.0005,enriched,NETWORK,LOW,NONE,NONE,UNCHANGED,HIGH,HIGH,HIGH,1,1,Mastodon,2025-04-17,2025-04-17,1,True,False,9.8,0.0005,3969
CVE-2025-39551,CVE-2025-39551-1,2025-04-17,Mastodon,9.8,critical,0.00038,enriched,NETWORK,LOW,NONE,NONE,UNCHANGED,HIGH,HIGH,HIGH,1,1,Mastodon,2025-04-17,2025-04-17,1,True,False,9.8,0.00038,3961
CVE-2020-13443,CVE-2020-13443-1,2025-04-17,Reddit,8.8,high,0.009,original,NETWORK,LOW,LOW,NONE,UNCHANGED,HIGH,HIGH,HIGH,1,1,Reddit,2025-04-17,2025-04-17,1,True,False,8.8,0.009,123
CVE-2024-0769,CVE-2024-0769-4,2025-04-17,HackerNews,5.3,medium,0.33381,original,NETWORK,LOW,NONE,NONE,UNCHANGED,LOW,NONE,NONE,4,1,HackerNews,2025-04-17,2025-04-28,4,True,True,5.3,0.33381,657
CVE-2023-46748,CVE-2023-46748-4,2025-04-17,HackerNews,8.8,high,0.03698,original,NETWORK,LOW,LOW,NONE,UNCHANGED,HIGH,HIGH,HIGH,4,1,HackerNews,2025-04-17,2025-04-28,4,True,False,8.8,0.03698,590
CVE-2024-8376,CVE-2024-8376-1,2025-04-17,Mastodon,7.5,high,0.00251,original,NETWORK,LOW,NONE,NONE,UNCHANGED,NONE,NONE,HIGH,1,1,Mastodon,2025-04-17,2025-04-17,1,True,True,7.5,0.00251,2324
CVE-2024-4058,CVE-2024-4058-4,2025-04-17,HackerNews,8.8,high,0.01512,original,NETWORK,LOW,NONE,REQUIRED,UNCHANGED,HIGH,HIGH,HIGH,4,1,HackerNews,2025-04-17,2025-04-28,4,True,False,8.8,0.01512,1358
CVE-2025-29651,CVE-2025-29651-1,2025-04-17,Mastodon,9.8,critical,0.0002,original,NETWORK,LOW,NONE,NONE,UNCHANGED,HIGH,HIGH,HIGH,1,1,Mastodon,2025-04-17,2025-04-17,1,False,False,9.8,0.0002,3509
CVE-2024-53961,CVE-2024-53961-4,2025-04-17,HackerNews,8.1,high,0.00152,original,NETWORK,HIGH,NONE,NONE,UNCHANGED,HIGH,HIGH,HIGH,4,1,HackerNews,2025-04-17,2025-04-28,4,True,False,8.1,0.00168,1972
CVE-2024-12955,CVE-2024-12955-1,2025-04-17,ExploitDB,4.3,medium,0.00037,original,NETWORK,LOW,NONE,REQUIRED,UNCHANGED,NONE,LOW,NONE,2,1,ExploitDB,2025-04-17,2025-04-17,2,True,False,4.3,0.00037,946
CVE-2025-39569,CVE-2025-39569-1,2025-04-17,Mastodon,8.5,high,0.00028,enriched,NETWORK,LOW,LOW,NONE,CHANGED,HIGH,NONE,LOW,1,1,Mastodon,2025-04-17,2025-04-17,1,True,False,8.5,0.00028,3963
CVE-2024-40711,CVE-2024-40711-6,2025-04-17,HackerNews,9.8,critical,0.41018,original,NETWORK,LOW,NONE,NONE,UNCHANGED,HIGH,HIGH,HIGH,6,2,"HackerNews, Reddit",2025-04-17,2025-05-13,6,True,False,9.8,0.56193,1370
CVE-2025-29652,CVE-2025-29652-1,2025-04-17,Mastodon,9.8,critical,0.0002,original,NETWORK,LOW,NONE,NONE,UNCHANGED,HIGH,HIGH,HIGH,1,1,Mastodon,2025-04-17,2025-04-17,1,False,False,9.8,0.0002,3510
CVE-2025-29653,CVE-2025-29653-1,2025-04-17,Mastodon,9.8,critical,0.0002,original,NETWORK,LOW,NONE,NONE,UNCHANGED,HIGH,HIGH,HIGH,1,1,Mastodon,2025-04-17,2025-04-17,1,False,False,9.8,0.0002,3511
CVE-2025-29708,CVE-2025-29708-1,2025-04-17,Mastodon,9.8,critical,0.00018,original,NETWORK,LOW,NONE,NONE,UNCHANGED,HIGH,HIGH,HIGH,1,1,Mastodon,2025-04-17,2025-04-17,1,True,True,9.8,0.00018,3515
CVE-2024-20272,CVE-2024-20272-4,2025-04-17,HackerNews,7.3,high,0.00262,original,NETWORK,LOW,NONE,NONE,UNCHANGED,LOW,LOW,LOW,4,1,HackerNews,2025-04-17,2025-04-28,4,True,False,7.3,0.00262,1058
CVE-2025-29709,CVE-2025-29709-1,2025-04-17,Mastodon,9.8,critical,0.00018,original,NETWORK,LOW,NONE,NONE,UNCHANGED,HIGH,HIGH,HIGH,1,1,Mastodon,2025-04-17,2025-04-17,1,True,True,9.8,0.00018,3516
CVE-2025-32682,CVE-2025-32682-1,2025-04-17,Mastodon,9.9,critical,0.00042,enriched,NETWORK,LOW,LOW,NONE,CHANGED,HIGH,HIGH,HIGH,1,1,Mastodon,2025-04-17,2025-04-17,1,True,False,9.9,0.00042,3802
CVE-2023-46747,CVE-2023-46747-4,2025-04-17,HackerNews,9.8,critical,0.94441,original,NETWORK,LOW,NONE,NONE,UNCHANGED,HIGH,HIGH,HIGH,4,1,HackerNews,2025-04-17,2025-04-28,4,True,False,9.8,0.94441,589
CVE-2025-39533,CVE-2025-39533-1,2025-04-17,Mastodon,8.8,high,0.00042,enriched,NETWORK,LOW,LOW,NONE,UNCHANGED,HIGH,HIGH,HIGH,1,1,Mastodon,2025-04-17,2025-04-17,1,True,False,8.8,0.00042,3957
CVE-2025-1290,CVE-2025-1290-1,2025-04-17,Mastodon,8.1,high,9e-05,original,NETWORK,HIGH,NONE,NONE,UNCHANGED,HIGH,HIGH,HIGH,1,1,Mastodon,2025-04-17,2025-04-17,1,True,False,8.1,9e-05,2572
CVE-2025-29809,CVE-2025-29809-2,2025-04-17,Reddit,7.1,high,0.00307,original,LOCAL,LOW,LOW,NONE,UNCHANGED,HIGH,HIGH,NONE,5,1,Reddit,2025-04-17,2025-04-18,8,True,False,7.1,0.00307,3522
CVE-2023-46604,CVE-2023-46604-4,2025-04-17,HackerNews,10.0,critical,0.94436,original,NETWORK,LOW,NONE,NONE,CHANGED,LOW,HIGH,HIGH,4,1,HackerNews,2025-04-17,2025-04-28,4,True,False,10.0,0.94436,588
CVE-2025-32662,CVE-2025-32662-1,2025-04-17,Mastodon,8.8,high,0.00038,enriched,NETWORK,LOW,LOW,NONE,UNCHANGED,HIGH,HIGH,HIGH,1,1,Mastodon,2025-04-17,2025-04-17,1,True,False,8.8,0.00038,3795
CVE-2024-40766,CVE-2024-40766-4,2025-04-17,HackerNews,9.8,critical,0.18328,original,NETWORK,LOW,NONE,NONE,UNCHANGED,HIGH,HIGH,HIGH,4,1,HackerNews,2025-04-17,2025-04-28,4,True,False,9.8,0.18328,1374
CVE-2025-39542,CVE-2025-39542-1,2025-04-17,Mastodon,8.8,high,0.00042,enriched,NETWORK,LOW,LOW,NONE,UNCHANGED,HIGH,HIGH,HIGH,1,1,Mastodon,2025-04-17,2025-04-17,1,True,False,8.8,0.00042,3959
CVE-2025-0756,CVE-2025-0756-1,2025-04-17,Mastodon,9.1,critical,0.00232,original,NETWORK,LOW,HIGH,NONE,CHANGED,HIGH,HIGH,HIGH,1,1,Mastodon,2025-04-17,2025-04-17,1,True,False,9.1,0.00232,2496
CVE-2025-32665,CVE-2025-32665-1,2025-04-17,Mastodon,9.3,critical,0.00028,enriched,NETWORK,LOW,NONE,NONE,CHANGED,HIGH,NONE,LOW,1,1,Mastodon,2025-04-17,2025-04-17,1,True,False,9.3,0.00028,3797
CVE-2025-3619,CVE-2025-3619-1,2025-04-17,Mastodon,8.8,high,0.00135,original,NETWORK,LOW,NONE,REQUIRED,UNCHANGED,HIGH,HIGH,HIGH,1,1,Mastodon,2025-04-17,2025-04-17,1,True,False,8.8,0.00135,3909
CVE-2025-39587,CVE-2025-39587-1,2025-04-17,Mastodon,9.3,critical,0.00028,enriched,NETWORK,LOW,NONE,NONE,CHANGED,HIGH,NONE,LOW,1,1,Mastodon,2025-04-17,2025-04-17,1,True,False,9.3,0.00028,3966
CVE-2025-2188,CVE-2025-2188-1,2025-04-17,Mastodon,8.1,high,0.00031,original,NETWORK,LOW,NONE,REQUIRED,UNCHANGED,HIGH,HIGH,NONE,1,1,Mastodon,2025-04-17,2025-04-17,1,True,False,8.1,0.00031,2799
CVE-2023-51467,CVE-2023-51467-5,2025-04-17,HackerNews,9.8,critical,0.93884,original,NETWORK,LOW,NONE,NONE,UNCHANGED,HIGH,HIGH,HIGH,4,1,HackerNews,2025-04-17,2025-04-28,5,True,False,9.8,0.93935,624
CVE-2025-0101,CVE-2025-0101-1,2025-04-17,Mastodon,6.5,medium,0.0004,original,NETWORK,LOW,LOW,NONE,UNCHANGED,NONE,NONE,HIGH,1,1,Mastodon,2025-04-17,2025-04-17,1,True,False,6.5,0.0004,2417
CVE-2025-39527,CVE-2025-39527-1,2025-04-17,Mastodon,8.8,high,0.00038,enriched,NETWORK,LOW,LOW,NONE,UNCHANGED,HIGH,HIGH,HIGH,1,1,Mastodon,2025-04-17,2025-04-17,1,True,False,8.8,0.00038,3955
CVE-2014-2120,CVE-2014-2120-4,2025-04-17,HackerNews,6.1,medium,0.76815,original,NETWORK,LOW,NONE,REQUIRED,CHANGED,LOW,LOW,NONE,4,1,HackerNews,2025-04-17,2025-04-28,4,True,False,6.1,0.76815,10
CVE-2025-39586,CVE-2025-39586-1,2025-04-17,Mastodon,8.5,high,0.00028,enriched,NETWORK,LOW,LOW,NONE,CHANGED,HIGH,NONE,LOW,1,1,Mastodon,2025-04-17,2025-04-17,1,True,False,8.5,0.00028,3965
CVE-2023-34039,CVE-2023-34039-4,2025-04-17,HackerNews,9.8,critical,0.93246,original,NETWORK,LOW,NONE,NONE,UNCHANGED,HIGH,HIGH,HIGH,4,1,HackerNews,2025-04-17,2025-04-28,4,True,False,9.8,0.93246,449
CVE-2020-3259,CVE-2020-3259-4,2025-04-17,HackerNews,7.5,high,0.50556,original,NETWORK,LOW,NONE,NONE,UNCHANGED,HIGH,NONE,NONE,4,1,HackerNews,2025-04-17,2025-04-28,4,True,False,7.5,0.50556,140
CVE-2024-21410,CVE-2024-21410-4,2025-04-17,HackerNews,9.8,critical,0.01258,original,NETWORK,LOW,NONE,NONE,UNCHANGED,HIGH,HIGH,HIGH,4,1,HackerNews,2025-04-17,2025-04-28,4,True,False,9.8,0.01463,1074
CVE-2023-20109,CVE-2023-20109-4,2025-04-17,HackerNews,6.6,medium,0.00755,original,NETWORK,HIGH,HIGH,NONE,UNCHANGED,HIGH,HIGH,HIGH,4,1,HackerNews,2025-04-17,2025-04-28,4,True,False,6.6,0.00879,328
CVE-2025-32647,CVE-2025-32647-1,2025-04-17,Mastodon,8.8,high,0.00038,enriched,NETWORK,LOW,LOW,NONE,UNCHANGED,HIGH,HIGH,HIGH,1,1,Mastodon,2025-04-17,2025-04-17,1,True,False,8.8,0.00038,3786
CVE-2025-32652,CVE-2025-32652-1,2025-04-17,Mastodon,9.9,critical,0.00042,enriched,NETWORK,LOW,LOW,NONE,CHANGED,HIGH,HIGH,HIGH,1,1,Mastodon,2025-04-17,2025-04-17,1,True,False,9.9,0.00042,3789
CVE-2024-57699,CVE-2024-57699-1,2025-04-17,Reddit,7.5,high,0.00029,original,NETWORK,LOW,NONE,NONE,UNCHANGED,NONE,NONE,HIGH,1,1,Reddit,2025-04-17,2025-04-17,1,True,False,7.5,0.00029,2254
CVE-2025-39550,CVE-2025-39550-1,2025-04-17,Mastodon,9.8,critical,0.00038,enriched,NETWORK,LOW,NONE,NONE,UNCHANGED,HIGH,HIGH,HIGH,1,1,Mastodon,2025-04-17,2025-04-17,1,True,False,9.8,0.00038,3960
CVE-2025-39471,CVE-2025-39471-1,2025-04-18,Mastodon,9.3,critical,0.00028,original,NETWORK,LOW,NONE,NONE,CHANGED,HIGH,NONE,LOW,1,1,Mastodon,2025-04-18,2025-04-18,1,True,False,9.3,0.00028,3949
CVE-2017-11882,CVE-2017-11882-1,2025-04-18,BleepingComputer,7.8,high,0.94384,original,LOCAL,LOW,NONE,REQUIRED,UNCHANGED,HIGH,HIGH,HIGH,2,1,BleepingComputer,2025-04-18,2025-04-18,4,True,False,7.8,0.94384,25
CVE-2021-40449,CVE-2021-40449-1,2025-04-18,BleepingComputer,7.8,high,0.8233,original,LOCAL,LOW,LOW,NONE,UNCHANGED,HIGH,HIGH,HIGH,2,1,BleepingComputer,2025-04-18,2025-04-18,2,True,False,7.8,0.8233,187
CVE-2021-47671,CVE-2021-47671-1,2025-04-18,Reddit,3.3,low,0.00012,original,LOCAL,LOW,LOW,NONE,UNCHANGED,NONE,NONE,LOW,1,1,Reddit,2025-04-18,2025-04-18,1,True,False,3.3,0.00012,200
CVE-2025-20178,CVE-2025-20178-1,2025-04-18,BleepingComputer,6.0,medium,9e-05,original,LOCAL,LOW,HIGH,NONE,UNCHANGED,HIGH,HIGH,NONE,2,1,BleepingComputer,2025-04-18,2025-04-18,2,True,False,6.0,9e-05,2684
CVE-2024-44541,CVE-2024-44541-1,2025-04-18,ExploitDB,9.8,critical,0.12859,original,NETWORK,LOW,NONE,NONE,UNCHANGED,HIGH,HIGH,HIGH,2,1,ExploitDB,2025-04-18,2025-04-18,2,True,False,9.8,0.12859,1485
CVE-2025-3520,CVE-2025-3520-1,2025-04-18,Mastodon,8.1,high,0.00261,original,NETWORK,LOW,LOW,NONE,UNCHANGED,NONE,HIGH,HIGH,1,1,Mastodon,2025-04-18,2025-04-18,1,True,False,8.1,0.00261,3887
CVE-2025-29662,CVE-2025-29662-1,2025-04-18,Mastodon,9.8,critical,0.00023,original,NETWORK,LOW,NONE,NONE,UNCHANGED,HIGH,HIGH,HIGH,1,1,Mastodon,2025-04-18,2025-04-18,1,True,False,9.8,0.00023,3514
CVE-2024-12483,CVE-2024-12483-1,2025-04-18,ExploitDB,3.7,low,0.00027,original,NETWORK,HIGH,NONE,NONE,UNCHANGED,LOW,NONE,NONE,2,1,ExploitDB,2025-04-18,2025-04-18,2,True,True,3.7,0.00027,879
CVE-2024-11728,CVE-2024-11728-1,2025-04-18,ExploitDB,7.5,high,0.77815,original,NETWORK,LOW,NONE,NONE,UNCHANGED,HIGH,NONE,NONE,2,1,ExploitDB,2025-04-18,2025-04-18,2,True,False,7.5,0.77815,797
CVE-2025-3785,CVE-2025-3785-1,2025-04-18,Mastodon,8.8,high,0.00052,original,NETWORK,LOW,LOW,NONE,UNCHANGED,HIGH,HIGH,HIGH,1,1,Mastodon,2025-04-18,2025-04-18,1,True,True,8.8,0.00052,3925
CVE-2025-39535,CVE-2025-39535-1,2025-04-18,Reddit,7.2,high,0.00051,original,NETWORK,LOW,HIGH,NONE,UNCHANGED,HIGH,HIGH,HIGH,1,1,Reddit,2025-04-18,2025-04-18,1,True,False,7.2,0.00051,3958
CVE-2025-42599,CVE-2025-42599-1,2025-04-18,Mastodon,9.8,critical,0.00275,original,NETWORK,LOW,NONE,NONE,UNCHANGED,HIGH,HIGH,HIGH,19,3,"BleepingComputer, Mastodon, Reddit",2025-04-18,2025-05-01,19,True,False,9.8,0.28554,4009
CVE-2025-39470,CVE-2025-39470-1,2025-04-18,Mastodon,8.1,high,0.00043,original,NETWORK,HIGH,NONE,NONE,UNCHANGED,HIGH,HIGH,HIGH,1,1,Mastodon,2025-04-18,2025-04-18,1,True,False,8.1,0.00043,3948
CVE-2022-42889,CVE-2022-42889-1,2025-04-18,ExploitDB,9.8,critical,0.94115,original,NETWORK,LOW,NONE,NONE,UNCHANGED,HIGH,HIGH,HIGH,2,1,ExploitDB,2025-04-18,2025-04-18,2,True,False,9.8,0.94115,284
CVE-2025-1863,CVE-2025-1863-1,2025-04-18,Mastodon,9.8,critical,0.0005,original,NETWORK,LOW,NONE,NONE,UNCHANGED,HIGH,HIGH,HIGH,1,1,Mastodon,2025-04-18,2025-04-18,1,True,False,9.8,0.0005,2630
CVE-2021-25094,CVE-2021-25094-1,2025-04-18,ExploitDB,8.1,high,0.8815,original,NETWORK,HIGH,NONE,NONE,UNCHANGED,HIGH,HIGH,HIGH,2,1,ExploitDB,2025-04-18,2025-04-18,2,True,False,8.1,0.8815,156
CVE-2025-32953,CVE-2025-32953-1,2025-04-18,Mastodon,8.7,high,0.00052,enriched,NETWORK,HIGH,NONE,NONE,CHANGED,NONE,HIGH,HIGH,1,1,Mastodon,2025-04-18,2025-04-18,1,True,True,8.7,0.00052,3855
CVE-2025-28101,CVE-2025-28101-1,2025-04-18,Reddit,6.5,medium,0.00046,original,NETWORK,LOW,NONE,NONE,UNCHANGED,NONE,LOW,LOW,1,1,Reddit,2025-04-18,2025-04-18,1,True,False,6.5,0.00046,3458
CVE-2025-3786,CVE-2025-3786-1,2025-04-18,Mastodon,8.8,high,0.00046,original,NETWORK,LOW,LOW,NONE,UNCHANGED,HIGH,HIGH,HIGH,2,2,"Mastodon, Reddit",2025-04-18,2025-04-19,2,True,False,8.8,0.00046,3926
CVE-2025-39464,CVE-2025-39464-1,2025-04-19,Reddit,7.1,high,0.00032,original,NETWORK,LOW,NONE,REQUIRED,CHANGED,LOW,LOW,LOW,1,1,Reddit,2025-04-19,2025-04-19,1,True,False,7.1,0.00032,3947
CVE-2025-3820,CVE-2025-3820-1,2025-04-19,Mastodon,8.8,high,0.00046,enriched,NETWORK,LOW,LOW,NONE,UNCHANGED,HIGH,HIGH,HIGH,1,1,Mastodon,2025-04-19,2025-04-19,1,True,False,8.8,0.00046,3931
CVE-2024-13059,CVE-2024-13059-1,2025-04-19,Reddit,7.2,high,0.00524,original,NETWORK,LOW,HIGH,NONE,UNCHANGED,HIGH,HIGH,HIGH,2,1,Reddit,2025-04-19,2025-04-20,2,True,True,7.2,0.00524,950
CVE-2025-1093,CVE-2025-1093-1,2025-04-19,Mastodon,9.8,critical,0.00147,original,NETWORK,LOW,NONE,NONE,UNCHANGED,HIGH,HIGH,HIGH,1,1,Mastodon,2025-04-19,2025-04-19,1,True,False,9.8,0.00147,2546
CVE-2025-3278,CVE-2025-3278-1,2025-04-19,Mastodon,9.8,critical,0.00057,original,NETWORK,LOW,NONE,NONE,UNCHANGED,HIGH,HIGH,HIGH,1,1,Mastodon,2025-04-19,2025-04-19,1,True,False,9.8,0.00057,3816
CVE-2024-45440,CVE-2024-45440-1,2025-04-19,ExploitDB,5.3,medium,0.67239,original,NETWORK,LOW,NONE,NONE,UNCHANGED,LOW,NONE,NONE,2,1,ExploitDB,2025-04-19,2025-04-19,2,True,False,5.3,0.67239,1507
CVE-2025-3802,CVE-2025-3802-1,2025-04-19,Mastodon,8.8,high,0.00046,enriched,NETWORK,LOW,LOW,NONE,UNCHANGED,HIGH,HIGH,HIGH,1,1,Mastodon,2025-04-19,2025-04-19,1,True,False,8.8,0.00046,3928
CVE-2025-3404,CVE-2025-3404-1,2025-04-19,Mastodon,8.8,high,0.00224,original,NETWORK,LOW,LOW,NONE,UNCHANGED,HIGH,HIGH,HIGH,1,1,Mastodon,2025-04-19,2025-04-19,1,True,False,8.8,0.00224,3874
CVE-2024-53141,CVE-2024-53141-1,2025-04-19,Reddit,7.8,high,0.00038,original,LOCAL,LOW,LOW,NONE,UNCHANGED,HIGH,HIGH,HIGH,12,1,Reddit,2025-04-19,2025-05-24,12,True,False,7.8,0.00038,1919
CVE-2021-30858,CVE-2021-30858-1,2025-04-19,Reddit,8.8,high,0.01171,original,NETWORK,LOW,NONE,REQUIRED,UNCHANGED,HIGH,HIGH,HIGH,1,1,Reddit,2025-04-19,2025-04-19,1,True,False,8.8,0.01171,168
CVE-2025-24914,CVE-2025-24914-1,2025-04-19,Reddit,7.8,high,0.00011,original,LOCAL,LOW,LOW,NONE,UNCHANGED,HIGH,HIGH,HIGH,1,1,Reddit,2025-04-19,2025-04-19,1,True,False,7.8,0.00011,3099
CVE-2025-30158,CVE-2025-30158-1,2025-04-19,Reddit,7.1,high,0.00037,original,NETWORK,LOW,LOW,NONE,UNCHANGED,NONE,LOW,HIGH,1,1,Reddit,2025-04-19,2025-04-19,1,True,True,7.1,0.00037,3547
CVE-2025-43917,CVE-2025-43917-1,2025-04-19,Mastodon,8.2,high,0.00012,enriched,LOCAL,LOW,HIGH,NONE,CHANGED,HIGH,HIGH,HIGH,1,1,Mastodon,2025-04-19,2025-04-19,1,True,False,8.2,0.00012,4032
CVE-2025-3803,CVE-2025-3803-1,2025-04-19,Mastodon,8.8,high,0.00046,enriched,NETWORK,LOW,LOW,NONE,UNCHANGED,HIGH,HIGH,HIGH,1,1,Mastodon,2025-04-19,2025-04-19,1,True,False,8.8,0.00046,3929
CVE-2025-2950,CVE-2025-2950-1,2025-04-19,Reddit,5.4,medium,0.00024,original,NETWORK,LOW,LOW,NONE,UNCHANGED,LOW,LOW,NONE,1,1,Reddit,2025-04-19,2025-04-19,1,True,False,5.4,0.00024,3507
CVE-2021-4455,CVE-2021-4455-1,2025-04-19,Mastodon,9.8,critical,0.00147,original,NETWORK,LOW,NONE,NONE,UNCHANGED,HIGH,HIGH,HIGH,1,1,Mastodon,2025-04-19,2025-04-19,1,True,False,9.8,0.00147,193
CVE-2025-43928,CVE-2025-43928-4,2025-04-19,HackerNews,5.8,medium,0.00023,enriched,NETWORK,LOW,NONE,NONE,CHANGED,LOW,NONE,NONE,4,3,"HackerNews, Mastodon, Reddit",2025-04-19,2025-05-08,4,True,False,5.8,0.00054,4034
CVE-2025-3799,CVE-2025-3799-1,2025-04-20,Reddit,7.3,high,0.00028,original,NETWORK,LOW,NONE,NONE,UNCHANGED,LOW,LOW,LOW,1,1,Reddit,2025-04-20,2025-04-20,1,True,False,7.3,0.00028,3927
CVE-2025-43929,CVE-2025-43929-1,2025-04-20,HackerNews,4.1,medium,0.00011,original,LOCAL,HIGH,NONE,REQUIRED,CHANGED,LOW,LOW,NONE,1,1,HackerNews,2025-04-20,2025-04-20,1,True,True,4.1,0.00011,4035
CVE-2025-3284,CVE-2025-3284-1,2025-04-20,Reddit,4.3,medium,0.00013,original,NETWORK,LOW,NONE,REQUIRED,UNCHANGED,NONE,LOW,NONE,1,1,Reddit,2025-04-20,2025-04-20,1,True,False,4.3,0.00013,3825
CVE-2025-2111,CVE-2025-2111-1,2025-04-20,Reddit,7.5,high,0.00017,original,NETWORK,HIGH,NONE,REQUIRED,UNCHANGED,HIGH,HIGH,HIGH,1,1,Reddit,2025-04-20,2025-04-20,1,True,False,7.5,0.00017,2706
CVE-2023-45853,CVE-2023-45853-1,2025-04-21,HackerNews,9.8,critical,0.00382,original,NETWORK,LOW,NONE,NONE,UNCHANGED,HIGH,HIGH,HIGH,1,1,HackerNews,2025-04-21,2025-04-21,1,True,True,9.8,0.00382,575
CVE-2025-32958,CVE-2025-32958-1,2025-04-21,Mastodon,9.8,critical,0.00043,enriched,NETWORK,LOW,NONE,NONE,UNCHANGED,HIGH,HIGH,HIGH,1,1,Mastodon,2025-04-21,2025-04-21,2,True,True,9.8,0.00043,3857
CVE-2025-43922,CVE-2025-43922-1,2025-04-21,Mastodon,8.1,high,0.00013,enriched,LOCAL,HIGH,NONE,NONE,CHANGED,HIGH,HIGH,HIGH,1,1,Mastodon,2025-04-21,2025-04-21,2,True,False,8.1,0.00013,4033
CVE-2024-10914,CVE-2024-10914-1,2025-04-21,Reddit,8.1,high,0.93937,original,NETWORK,HIGH,NONE,NONE,UNCHANGED,HIGH,HIGH,HIGH,1,1,Reddit,2025-04-21,2025-04-21,1,True,False,8.1,0.93937,705
CVE-2024-23108,CVE-2024-23108-1,2025-04-21,HackerNews,10.0,critical,0.89786,original,NETWORK,LOW,NONE,NONE,CHANGED,HIGH,HIGH,HIGH,1,1,HackerNews,2025-04-21,2025-04-21,1,True,False,10.0,0.89786,1105
CVE-2024-53591,CVE-2024-53591-1,2025-04-21,Mastodon,9.8,critical,0.00055,original,NETWORK,LOW,NONE,NONE,UNCHANGED,HIGH,HIGH,HIGH,1,1,Mastodon,2025-04-21,2025-04-21,1,True,False,9.8,0.00055,1943
CVE-2025-3827,CVE-2025-3827-1,2025-04-21,Reddit,7.3,high,0.00028,original,NETWORK,LOW,NONE,NONE,UNCHANGED,LOW,LOW,LOW,1,1,Reddit,2025-04-21,2025-04-21,1,True,False,7.3,0.00028,3932
CVE-2025-0467,CVE-2025-0467-1,2025-04-21,Mastodon,8.2,high,0.00018,original,LOCAL,LOW,NONE,REQUIRED,CHANGED,HIGH,HIGH,NONE,1,1,Mastodon,2025-04-21,2025-04-21,1,True,False,8.2,0.00018,2460
CVE-2025-43971,CVE-2025-43971-1,2025-04-21,Mastodon,8.6,high,0.0004,original,NETWORK,LOW,NONE,NONE,CHANGED,NONE,NONE,HIGH,1,1,Mastodon,2025-04-21,2025-04-21,1,True,True,8.6,0.0004,4042
CVE-2025-32956,CVE-2025-32956-1,2025-04-21,Mastodon,8.0,high,0.00029,enriched,NETWORK,LOW,LOW,REQUIRED,UNCHANGED,HIGH,HIGH,HIGH,1,1,Mastodon,2025-04-21,2025-04-21,2,True,True,8.0,0.00029,3856
CVE-2024-23109,CVE-2024-23109-1,2025-04-21,HackerNews,10.0,critical,0.05013,original,NETWORK,LOW,NONE,NONE,CHANGED,HIGH,HIGH,HIGH,1,1,HackerNews,2025-04-21,2025-04-21,1,True,False,10.0,0.05013,1106
CVE-2025-29659,CVE-2025-29659-1,2025-04-21,Mastodon,9.8,critical,0.00214,enriched,NETWORK,LOW,NONE,NONE,UNCHANGED,HIGH,HIGH,HIGH,1,1,Mastodon,2025-04-21,2025-04-21,1,True,False,9.8,0.00214,3512
CVE-2025-29660,CVE-2025-29660-1,2025-04-21,Mastodon,9.8,critical,0.00052,enriched,NETWORK,LOW,NONE,NONE,UNCHANGED,HIGH,HIGH,HIGH,1,1,Mastodon,2025-04-21,2025-04-21,1,True,False,9.8,0.00052,3513
CVE-2025-29287,CVE-2025-29287-1,2025-04-21,Mastodon,9.8,critical,0.00061,enriched,NETWORK,LOW,NONE,NONE,UNCHANGED,HIGH,HIGH,HIGH,2,2,"Mastodon, Reddit",2025-04-21,2025-04-22,3,True,False,9.8,0.00061,3498
CVE-2025-29058,CVE-2025-29058-1,2025-04-21,Mastodon,9.8,critical,0.00226,original,NETWORK,LOW,NONE,NONE,UNCHANGED,HIGH,HIGH,HIGH,1,1,Mastodon,2025-04-21,2025-04-21,1,True,False,9.8,0.00226,3485
CVE-2025-32408,CVE-2025-32408-1,2025-04-21,Mastodon,2.5,low,0.00012,enriched,LOCAL,HIGH,LOW,NONE,UNCHANGED,NONE,LOW,NONE,1,1,Mastodon,2025-04-21,2025-04-21,1,True,False,2.5,0.00012,3747
CVE-2024-9142,CVE-2024-9142-1,2025-04-21,Reddit,9.8,critical,0.00109,original,NETWORK,LOW,NONE,NONE,UNCHANGED,HIGH,HIGH,HIGH,1,1,Reddit,2025-04-21,2025-04-21,1,True,False,9.8,0.00109,2365
CVE-2025-3854,CVE-2025-3854-1,2025-04-22,Mastodon,8.0,high,0.00058,original,ADJACENT_NETWORK,LOW,LOW,NONE,UNCHANGED,HIGH,HIGH,HIGH,1,1,Mastodon,2025-04-22,2025-04-22,2,True,True,8.0,0.00058,3934
CVE-2025-1950,CVE-2025-1950-1,2025-04-22,Mastodon,9.3,critical,7e-05,enriched,LOCAL,LOW,NONE,NONE,CHANGED,HIGH,HIGH,HIGH,1,1,Mastodon,2025-04-22,2025-04-22,1,True,False,9.3,7e-05,2643
CVE-2025-33028,CVE-2025-33028-1,2025-04-22,Reddit,6.1,medium,0.00037,original,NETWORK,LOW,NONE,REQUIRED,CHANGED,LOW,LOW,NONE,2,1,Reddit,2025-04-22,2025-04-23,2,True,True,6.1,0.00037,3860
CVE-2025-28197,CVE-2025-28197-1,2025-04-22,Mastodon,9.1,critical,0.00018,original,NETWORK,LOW,NONE,NONE,UNCHANGED,HIGH,HIGH,NONE,1,1,Mastodon,2025-04-22,2025-04-22,1,True,False,9.1,0.00018,3466
CVE-2023-2745,CVE-2023-2745-1,2025-04-22,ExploitDB,5.4,medium,0.83921,original,NETWORK,HIGH,NONE,NONE,CHANGED,LOW,LOW,NONE,2,1,ExploitDB,2025-04-22,2025-04-22,2,True,False,5.4,0.83921,377
CVE-2025-28039,CVE-2025-28039-1,2025-04-22,Mastodon,9.8,critical,0.00188,enriched,NETWORK,LOW,NONE,NONE,UNCHANGED,HIGH,HIGH,HIGH,1,1,Mastodon,2025-04-22,2025-04-22,1,True,False,9.8,0.00188,3451
CVE-2025-28038,CVE-2025-28038-1,2025-04-22,Mastodon,9.8,critical,0.00166,enriched,NETWORK,LOW,NONE,NONE,UNCHANGED,HIGH,HIGH,HIGH,1,1,Mastodon,2025-04-22,2025-04-22,1,True,False,9.8,0.00166,3450
CVE-2022-4046,CVE-2022-4046-1,2025-04-22,Reddit,8.8,high,0.00963,original,NETWORK,LOW,LOW,NONE,UNCHANGED,HIGH,HIGH,HIGH,1,1,Reddit,2025-04-22,2025-04-22,1,True,False,8.8,0.00963,271
CVE-2024-49138,CVE-2024-49138-3,2025-04-22,ExploitDB,7.8,high,0.86303,original,LOCAL,LOW,LOW,NONE,UNCHANGED,HIGH,HIGH,HIGH,2,1,ExploitDB,2025-04-22,2025-04-22,5,True,False,7.8,0.86303,1686
CVE-2025-28121,CVE-2025-28121-1,2025-04-22,ExploitDB,6.1,medium,0.00052,original,NETWORK,LOW,NONE,REQUIRED,CHANGED,LOW,LOW,NONE,2,1,ExploitDB,2025-04-22,2025-04-22,2,True,False,6.1,0.00052,3459
CVE-2025-23176,CVE-2025-23176-1,2025-04-22,Mastodon,8.8,high,0.00029,enriched,NETWORK,LOW,LOW,NONE,UNCHANGED,HIGH,HIGH,HIGH,1,1,Mastodon,2025-04-22,2025-04-22,1,True,False,8.8,0.00029,2910
CVE-2024-6407,CVE-2024-6407-1,2025-04-22,Reddit,9.8,critical,0.00144,original,NETWORK,LOW,NONE,NONE,UNCHANGED,HIGH,HIGH,HIGH,2,2,"HackerNews, Reddit",2025-04-22,2025-04-24,2,True,False,9.8,0.00144,2292
CVE-2025-28242,CVE-2025-28242-1,2025-04-22,Mastodon,9.8,critical,0.00018,original,NETWORK,LOW,NONE,NONE,UNCHANGED,HIGH,HIGH,HIGH,1,1,Mastodon,2025-04-22,2025-04-22,1,True,False,9.8,0.00018,3468
CVE-2025-1951,CVE-2025-1951-1,2025-04-22,Mastodon,8.4,high,8e-05,enriched,LOCAL,LOW,NONE,NONE,UNCHANGED,HIGH,HIGH,HIGH,1,1,Mastodon,2025-04-22,2025-04-22,1,True,False,8.4,8e-05,2644
CVE-2025-0840,CVE-2025-0840-1,2025-04-22,Reddit,5.0,medium,0.00093,original,NETWORK,HIGH,NONE,REQUIRED,UNCHANGED,LOW,LOW,LOW,1,1,Reddit,2025-04-22,2025-04-22,1,True,False,5.0,0.00093,2513
CVE-2024-58250,CVE-2024-58250-1,2025-04-22,Mastodon,9.3,critical,0.00014,original,LOCAL,LOW,NONE,NONE,CHANGED,HIGH,HIGH,HIGH,1,1,Mastodon,2025-04-22,2025-04-22,1,True,True,9.3,0.00014,2278
CVE-2019-16168,CVE-2019-16168-1,2025-04-22,Reddit,6.5,medium,0.00944,original,NETWORK,LOW,NONE,REQUIRED,UNCHANGED,NONE,NONE,HIGH,1,1,Reddit,2025-04-22,2025-04-22,1,True,False,6.5,0.00944,98
CVE-2025-46241,CVE-2025-46241-1,2025-04-22,Mastodon,8.2,high,0.00028,original,NETWORK,LOW,NONE,REQUIRED,CHANGED,HIGH,NONE,LOW,1,1,Mastodon,2025-04-22,2025-04-22,1,True,False,8.2,0.00028,4094
CVE-2025-24364,CVE-2025-24364-1,2025-04-22,Mastodon,7.2,high,0.00105,original,NETWORK,LOW,HIGH,NONE,UNCHANGED,HIGH,HIGH,HIGH,1,1,Mastodon,2025-04-22,2025-04-22,7,True,False,7.2,0.00105,3032
CVE-2023-41425,CVE-2023-41425-3,2025-04-22,ExploitDB,6.1,medium,0.60716,original,NETWORK,LOW,NONE,REQUIRED,CHANGED,LOW,LOW,NONE,2,1,ExploitDB,2025-04-22,2025-04-22,4,True,False,6.1,0.60716,536
CVE-2018-1285,CVE-2018-1285-1,2025-04-22,Mastodon,9.8,critical,0.49024,original,NETWORK,LOW,NONE,NONE,UNCHANGED,HIGH,HIGH,HIGH,1,1,Mastodon,2025-04-22,2025-04-22,1,True,False,9.8,0.49024,50
CVE-2025-34028,CVE-2025-34028-1,2025-04-22,Mastodon,10.0,critical,0.00202,enriched,NETWORK,LOW,NONE,NONE,CHANGED,LOW,HIGH,HIGH,14,3,"HackerNews, Mastodon, Reddit",2025-04-22,2025-05-08,17,True,False,10.0,0.62371,3873
CVE-2025-3616,CVE-2025-3616-1,2025-04-22,Mastodon,8.8,high,0.00216,original,NETWORK,LOW,LOW,NONE,UNCHANGED,HIGH,HIGH,HIGH,1,1,Mastodon,2025-04-22,2025-04-22,2,True,False,8.8,0.00216,3908
CVE-2023-40547,CVE-2023-40547-2,2025-04-22,HackerNews,8.3,high,0.03357,original,ADJACENT_NETWORK,HIGH,NONE,NONE,CHANGED,HIGH,HIGH,HIGH,2,2,"HackerNews, Reddit",2025-04-22,2025-04-22,2,True,False,8.3,0.03357,520
CVE-2025-27086,CVE-2025-27086-1,2025-04-22,Mastodon,8.1,high,0.00024,original,NETWORK,HIGH,NONE,NONE,UNCHANGED,HIGH,HIGH,HIGH,1,1,Mastodon,2025-04-22,2025-04-22,1,True,False,8.1,0.00024,3325
CVE-2025-3841,CVE-2025-3841-1,2025-04-22,Reddit,3.3,low,0.00012,original,LOCAL,LOW,LOW,NONE,UNCHANGED,NONE,LOW,NONE,1,1,Reddit,2025-04-22,2025-04-22,1,True,False,3.3,0.00012,3933
CVE-2024-4367,CVE-2024-4367-1,2025-04-22,ExploitDB,8.8,high,0.31904,original,NETWORK,LOW,NONE,REQUIRED,UNCHANGED,HIGH,HIGH,HIGH,2,1,ExploitDB,2025-04-22,2025-04-22,2,True,False,8.8,0.31904,1463
CVE-2024-12905,CVE-2024-12905-2,2025-04-22,ExploitDB,7.5,high,0.00063,original,NETWORK,LOW,NONE,NONE,UNCHANGED,NONE,HIGH,NONE,2,1,ExploitDB,2025-04-22,2025-04-22,3,True,True,7.5,0.00063,939
CVE-2025-43963,CVE-2025-43963-1,2025-04-22,Reddit,2.9,low,0.00012,original,LOCAL,HIGH,NONE,NONE,UNCHANGED,NONE,NONE,LOW,1,1,Reddit,2025-04-22,2025-04-22,1,True,True,2.9,0.00012,4039
CVE-2015-8370,CVE-2015-8370-1,2025-04-22,HackerNews,7.4,high,0.02919,original,LOCAL,HIGH,NONE,NONE,UNCHANGED,HIGH,HIGH,HIGH,1,1,HackerNews,2025-04-22,2025-04-22,1,True,False,7.4,0.02919,15
CVE-2025-43967,CVE-2025-43967-1,2025-04-22,Reddit,2.9,low,0.00012,original,LOCAL,HIGH,NONE,NONE,UNCHANGED,NONE,NONE,LOW,1,1,Reddit,2025-04-22,2025-04-22,1,True,True,2.9,0.00012,4041
CVE-2025-2594,CVE-2025-2594-1,2025-04-22,Mastodon,8.1,high,0.00018,original,NETWORK,HIGH,NONE,NONE,UNCHANGED,HIGH,HIGH,HIGH,2,2,"ExploitDB, Mastodon",2025-04-22,2025-05-25,2,True,False,8.1,0.00058,3198
CVE-2025-28030,CVE-2025-28030-1,2025-04-23,Mastodon,8.8,high,0.00018,original,NETWORK,LOW,NONE,REQUIRED,UNCHANGED,HIGH,HIGH,HIGH,1,1,Mastodon,2025-04-23,2025-04-23,1,True,False,8.8,0.00018,3445
CVE-2025-28024,CVE-2025-28024-1,2025-04-23,Mastodon,9.8,critical,0.00018,original,NETWORK,LOW,NONE,NONE,UNCHANGED,HIGH,HIGH,HIGH,1,1,Mastodon,2025-04-23,2025-04-23,1,True,False,9.8,0.00018,3444
CVE-2024-40446,CVE-2024-40446-1,2025-04-23,Mastodon,9.8,critical,0.00019,original,NETWORK,LOW,NONE,NONE,UNCHANGED,HIGH,HIGH,HIGH,1,1,Mastodon,2025-04-23,2025-04-23,2,True,False,9.8,0.00019,1357
CVE-2023-43958,CVE-2023-43958-1,2025-04-23,Mastodon,9.8,critical,0.00025,original,NETWORK,LOW,NONE,NONE,UNCHANGED,HIGH,HIGH,HIGH,1,1,Mastodon,2025-04-23,2025-04-23,1,True,False,9.8,0.00025,558
CVE-2025-28036,CVE-2025-28036-1,2025-04-23,Mastodon,9.8,critical,0.00041,original,NETWORK,LOW,NONE,NONE,UNCHANGED,HIGH,HIGH,HIGH,1,1,Mastodon,2025-04-23,2025-04-23,1,True,False,9.8,0.00041,3448
CVE-2025-28037,CVE-2025-28037-1,2025-04-23,Mastodon,9.8,critical,0.00041,original,NETWORK,LOW,NONE,NONE,UNCHANGED,HIGH,HIGH,HIGH,1,1,Mastodon,2025-04-23,2025-04-23,1,True,False,9.8,0.00041,3449
CVE-2025-37087,CVE-2025-37087-1,2025-04-23,Mastodon,9.8,critical,0.00018,original,NETWORK,LOW,NONE,NONE,UNCHANGED,HIGH,HIGH,HIGH,1,1,Mastodon,2025-04-23,2025-04-23,1,True,False,9.8,0.00018,3919
CVE-2023-44752,CVE-2023-44752-1,2025-04-23,Mastodon,9.8,critical,0.0003,original,NETWORK,LOW,NONE,NONE,UNCHANGED,HIGH,HIGH,HIGH,1,1,Mastodon,2025-04-23,2025-04-23,1,True,False,9.8,0.0003,563
CVE-2023-44755,CVE-2023-44755-1,2025-04-23,Mastodon,9.8,critical,0.00014,original,NETWORK,LOW,NONE,NONE,UNCHANGED,HIGH,HIGH,HIGH,1,1,Mastodon,2025-04-23,2025-04-23,1,True,False,9.8,0.00014,564
CVE-2025-28034,CVE-2025-28034-1,2025-04-23,Mastodon,9.8,critical,0.00041,original,NETWORK,LOW,NONE,NONE,UNCHANGED,HIGH,HIGH,HIGH,1,1,Mastodon,2025-04-23,2025-04-23,1,True,False,9.8,0.00041,3446
CVE-2024-52877,CVE-2024-52877-1,2025-04-23,Reddit,7.5,high,0.00018,enriched,NETWORK,LOW,NONE,NONE,UNCHANGED,HIGH,NONE,NONE,2,1,Reddit,2025-04-23,2025-05-07,2,True,False,7.5,0.00018,1909
CVE-2025-43949,CVE-2025-43949-1,2025-04-23,Mastodon,9.8,critical,0.00014,original,NETWORK,LOW,NONE,NONE,UNCHANGED,HIGH,HIGH,HIGH,1,1,Mastodon,2025-04-23,2025-04-23,1,True,False,9.8,0.00014,4037
CVE-2024-52878,CVE-2024-52878-1,2025-04-23,Reddit,7.5,high,0.00018,enriched,NETWORK,LOW,NONE,NONE,UNCHANGED,HIGH,NONE,NONE,2,1,Reddit,2025-04-23,2025-05-07,2,True,False,7.5,0.00018,1910
CVE-2024-52879,CVE-2024-52879-1,2025-04-23,Reddit,7.5,high,0.00018,enriched,NETWORK,LOW,NONE,NONE,UNCHANGED,HIGH,NONE,NONE,2,1,Reddit,2025-04-23,2025-05-07,2,True,False,7.5,0.00018,1911
CVE-2024-52880,CVE-2024-52880-1,2025-04-23,Reddit,7.9,high,0.00018,enriched,LOCAL,LOW,HIGH,NONE,CHANGED,HIGH,HIGH,NONE,2,1,Reddit,2025-04-23,2025-05-07,2,True,False,7.9,0.00018,1912
CVE-2024-11299,CVE-2024-11299-1,2025-04-23,Reddit,5.3,medium,0.00038,original,NETWORK,LOW,NONE,NONE,UNCHANGED,LOW,NONE,NONE,1,1,Reddit,2025-04-23,2025-04-23,1,True,False,5.3,0.00038,759
CVE-2024-54147,CVE-2024-54147-1,2025-04-23,HackerNews,6.8,medium,0.00032,original,NETWORK,HIGH,NONE,REQUIRED,UNCHANGED,HIGH,HIGH,NONE,1,1,HackerNews,2025-04-23,2025-04-23,1,True,True,6.8,0.00032,1988
CVE-2024-24582,CVE-2024-24582-1,2025-04-23,Reddit,7.5,high,0.00028,original,LOCAL,HIGH,HIGH,NONE,CHANGED,HIGH,HIGH,HIGH,2,1,Reddit,2025-04-23,2025-05-07,2,True,False,7.5,0.00028,1134
CVE-2025-43951,CVE-2025-43951-1,2025-04-23,Mastodon,9.8,critical,0.00018,original,NETWORK,LOW,NONE,NONE,UNCHANGED,HIGH,HIGH,HIGH,1,1,Mastodon,2025-04-23,2025-04-23,1,True,False,9.8,0.00018,4038
CVE-2020-9922,CVE-2020-9922-1,2025-04-23,HackerNews,6.5,medium,0.00724,original,NETWORK,LOW,NONE,REQUIRED,UNCHANGED,NONE,HIGH,NONE,1,1,HackerNews,2025-04-23,2025-04-23,1,True,False,6.5,0.00724,150
CVE-2025-45429,CVE-2025-45429-1,2025-04-23,Mastodon,9.8,critical,0.00162,enriched,NETWORK,LOW,NONE,NONE,UNCHANGED,HIGH,HIGH,HIGH,1,1,Mastodon,2025-04-23,2025-04-23,1,True,True,9.8,0.00162,4066
CVE-2025-45428,CVE-2025-45428-1,2025-04-23,Mastodon,9.8,critical,0.00162,enriched,NETWORK,LOW,NONE,NONE,UNCHANGED,HIGH,HIGH,HIGH,1,1,Mastodon,2025-04-23,2025-04-23,1,True,True,9.8,0.00162,4065
CVE-2025-45427,CVE-2025-45427-1,2025-04-23,Mastodon,9.8,critical,0.00162,enriched,NETWORK,LOW,NONE,NONE,UNCHANGED,HIGH,HIGH,HIGH,1,1,Mastodon,2025-04-23,2025-04-23,1,True,True,9.8,0.00162,4064
CVE-2016-0777,CVE-2016-0777-1,2025-04-23,HackerNews,6.5,medium,0.67203,original,NETWORK,LOW,LOW,NONE,UNCHANGED,HIGH,NONE,NONE,1,1,HackerNews,2025-04-23,2025-04-23,1,True,False,6.5,0.67203,16
CVE-2025-43946,CVE-2025-43946-1,2025-04-23,Mastodon,9.8,critical,0.00058,original,NETWORK,LOW,NONE,NONE,UNCHANGED,HIGH,HIGH,HIGH,1,1,Mastodon,2025-04-23,2025-04-23,1,True,False,9.8,0.00058,4036
CVE-2025-1048,CVE-2025-1048-1,2025-04-23,Mastodon,8.8,high,0.00055,enriched,ADJACENT_NETWORK,LOW,NONE,NONE,UNCHANGED,HIGH,HIGH,HIGH,2,2,"Mastodon, Reddit",2025-04-23,2025-04-24,2,True,False,8.8,0.00055,2536
CVE-2025-28035,CVE-2025-28035-1,2025-04-23,Mastodon,9.8,critical,0.00041,original,NETWORK,LOW,NONE,NONE,UNCHANGED,HIGH,HIGH,HIGH,1,1,Mastodon,2025-04-23,2025-04-23,1,True,False,9.8,0.00041,3447
CVE-2025-32950,CVE-2025-32950-1,2025-04-23,Reddit,6.5,medium,0.00024,original,NETWORK,LOW,LOW,NONE,UNCHANGED,HIGH,NONE,NONE,1,1,Reddit,2025-04-23,2025-04-23,1,True,True,6.5,0.00024,3854
CVE-2024-43420,CVE-2024-43420-1,2025-04-23,Reddit,5.6,medium,0.00012,enriched,LOCAL,HIGH,LOW,NONE,CHANGED,HIGH,NONE,NONE,2,1,Reddit,2025-04-23,2025-05-07,2,True,False,5.6,0.00012,1445
CVE-2024-45332,CVE-2024-45332-2,2025-04-23,Reddit,5.6,medium,0.00012,enriched,LOCAL,HIGH,LOW,NONE,CHANGED,HIGH,NONE,NONE,8,3,"BleepingComputer, HackerNews, Reddit",2025-04-23,2025-05-21,10,True,False,5.6,0.00012,1500
CVE-2024-38796,CVE-2024-38796-1,2025-04-23,Reddit,5.9,medium,0.00043,original,ADJACENT_NETWORK,HIGH,LOW,NONE,UNCHANGED,LOW,HIGH,LOW,2,1,Reddit,2025-04-23,2025-05-07,2,True,False,5.9,0.00048,1305
CVE-2017-0144,CVE-2017-0144-1,2025-04-23,Reddit,8.8,high,0.94412,original,NETWORK,LOW,LOW,NONE,UNCHANGED,HIGH,HIGH,HIGH,2,2,"HackerNews, Reddit",2025-04-23,2025-05-14,3,True,False,8.8,0.94412,24
CVE-2025-3529,CVE-2025-3529-1,2025-04-23,Mastodon,8.2,high,0.00039,original,NETWORK,LOW,NONE,NONE,UNCHANGED,LOW,HIGH,NONE,1,1,Mastodon,2025-04-23,2025-04-23,1,True,False,8.2,0.00039,3890
CVE-2025-1731,CVE-2025-1731-2,2025-04-23,Reddit,7.8,high,0.00013,original,LOCAL,LOW,LOW,NONE,UNCHANGED,HIGH,HIGH,HIGH,3,2,"ExploitDB, Reddit",2025-04-23,2025-05-18,4,True,False,7.8,0.00022,2617
CVE-2025-2767,CVE-2025-2767-1,2025-04-23,Mastodon,8.8,high,0.00207,enriched,NETWORK,LOW,NONE,REQUIRED,UNCHANGED,HIGH,HIGH,HIGH,1,1,Mastodon,2025-04-23,2025-04-23,2,True,False,8.8,0.00207,3401
CVE-2025-2764,CVE-2025-2764-1,2025-04-23,Mastodon,8.0,high,0.00031,enriched,ADJACENT_NETWORK,LOW,LOW,NONE,UNCHANGED,HIGH,HIGH,HIGH,1,1,Mastodon,2025-04-23,2025-04-23,2,True,False,8.0,0.00031,3394
CVE-2025-20047,CVE-2025-20047-1,2025-04-23,Reddit,5.7,medium,0.00017,enriched,PHYSICAL,HIGH,NONE,NONE,UNCHANGED,HIGH,HIGH,NONE,1,1,Reddit,2025-04-23,2025-04-23,1,True,False,5.7,0.00017,2653
CVE-2024-45310,CVE-2024-45310-1,2025-04-23,HackerNews,3.6,low,6e-05,original,LOCAL,LOW,NONE,REQUIRED,CHANGED,NONE,LOW,NONE,1,1,HackerNews,2025-04-23,2025-04-23,1,True,True,3.6,6e-05,1498
CVE-2024-8811,CVE-2024-8811-1,2025-04-23,Reddit,7.8,high,0.0005,original,LOCAL,LOW,NONE,REQUIRED,UNCHANGED,HIGH,HIGH,HIGH,1,1,Reddit,2025-04-23,2025-04-23,1,True,False,7.8,0.0005,2340
CVE-2025-1049,CVE-2025-1049-1,2025-04-23,Mastodon,8.8,high,0.0005,enriched,ADJACENT_NETWORK,LOW,NONE,NONE,UNCHANGED,HIGH,HIGH,HIGH,1,1,Mastodon,2025-04-23,2025-04-23,1,True,False,8.8,0.0005,2537
CVE-2025-1050,CVE-2025-1050-1,2025-04-23,Mastodon,8.8,high,0.00055,enriched,ADJACENT_NETWORK,LOW,NONE,NONE,UNCHANGED,HIGH,HIGH,HIGH,1,1,Mastodon,2025-04-23,2025-04-23,1,True,False,8.8,0.00055,2538
CVE-2025-27539,CVE-2025-27539-1,2025-04-24,HackerNews,9.8,critical,0.00133,original,NETWORK,LOW,NONE,NONE,UNCHANGED,HIGH,HIGH,HIGH,1,1,HackerNews,2025-04-24,2025-04-24,1,True,False,9.8,0.00133,3377
CVE-2025-22228,CVE-2025-22228-1,2025-04-24,Reddit,7.4,high,0.00048,original,NETWORK,HIGH,NONE,NONE,UNCHANGED,HIGH,HIGH,NONE,1,1,Reddit,2025-04-24,2025-04-24,1,True,False,7.4,0.00048,2815
CVE-2025-27495,CVE-2025-27495-1,2025-04-24,HackerNews,9.8,critical,0.00133,original,NETWORK,LOW,NONE,NONE,UNCHANGED,HIGH,HIGH,HIGH,1,1,HackerNews,2025-04-24,2025-04-24,1,True,False,9.8,0.00133,3371
CVE-2021-25646,CVE-2021-25646-1,2025-04-24,Reddit,8.8,high,0.94334,original,NETWORK,LOW,LOW,NONE,UNCHANGED,HIGH,HIGH,HIGH,1,1,Reddit,2025-04-24,2025-04-24,1,True,False,8.8,0.94334,157
CVE-2025-27540,CVE-2025-27540-1,2025-04-24,HackerNews,9.8,critical,0.00133,original,NETWORK,LOW,NONE,NONE,UNCHANGED,HIGH,HIGH,HIGH,1,1,HackerNews,2025-04-24,2025-04-24,1,True,False,9.8,0.00133,3378
CVE-2025-2761,CVE-2025-2761-1,2025-04-24,Reddit,7.8,high,0.00032,original,LOCAL,LOW,NONE,REQUIRED,UNCHANGED,HIGH,HIGH,HIGH,3,1,Reddit,2025-04-24,2025-05-30,3,True,False,7.8,0.00048,3390
CVE-2025-3607,CVE-2025-3607-1,2025-04-24,Mastodon,8.8,high,0.00039,original,NETWORK,LOW,LOW,NONE,UNCHANGED,HIGH,HIGH,HIGH,1,1,Mastodon,2025-04-24,2025-04-24,1,True,False,8.8,0.00039,3907
CVE-2019-5736,CVE-2019-5736-3,2025-04-24,HackerNews,8.6,high,0.55518,original,LOCAL,LOW,NONE,REQUIRED,CHANGED,HIGH,HIGH,HIGH,3,1,HackerNews,2025-04-24,2025-05-16,3,True,True,8.6,0.55518,106
CVE-2025-3101,CVE-2025-3101-1,2025-04-24,Mastodon,8.8,high,0.00039,original,NETWORK,LOW,LOW,NONE,UNCHANGED,HIGH,HIGH,HIGH,1,1,Mastodon,2025-04-24,2025-04-24,1,True,False,8.8,0.00039,3643
CVE-2024-27876,CVE-2024-27876-2,2025-04-24,Reddit,5.5,medium,0.00055,original,LOCAL,LOW,NONE,REQUIRED,UNCHANGED,NONE,HIGH,NONE,10,1,Reddit,2025-04-24,2025-05-02,11,True,False,5.5,0.00055,1174
CVE-2025-3603,CVE-2025-3603-1,2025-04-24,Mastodon,9.8,critical,0.00055,original,NETWORK,LOW,NONE,NONE,UNCHANGED,HIGH,HIGH,HIGH,1,1,Mastodon,2025-04-24,2025-04-24,1,True,False,9.8,0.00055,3904
CVE-2025-3604,CVE-2025-3604-1,2025-04-24,Mastodon,9.8,critical,0.00055,original,NETWORK,LOW,NONE,NONE,UNCHANGED,HIGH,HIGH,HIGH,1,1,Mastodon,2025-04-24,2025-04-24,1,True,False,9.8,0.00055,3905
CVE-2020-35489,CVE-2020-35489-1,2025-04-24,HackerNews,10.0,critical,0.9037,original,NETWORK,LOW,NONE,NONE,CHANGED,HIGH,HIGH,HIGH,1,1,HackerNews,2025-04-24,2025-04-24,1,True,False,10.0,0.9037,141
CVE-2020-25860,CVE-2020-25860-1,2025-04-24,HackerNews,6.6,medium,0.00493,original,NETWORK,HIGH,HIGH,NONE,UNCHANGED,HIGH,HIGH,HIGH,1,1,HackerNews,2025-04-24,2025-04-24,1,True,False,6.6,0.00493,133
CVE-2020-25223,CVE-2020-25223-1,2025-04-24,HackerNews,9.8,critical,0.94415,original,NETWORK,LOW,NONE,NONE,UNCHANGED,HIGH,HIGH,HIGH,1,1,HackerNews,2025-04-24,2025-04-24,1,True,False,9.8,0.94415,132
CVE-2020-1938,CVE-2020-1938-1,2025-04-24,HackerNews,9.8,critical,0.94469,original,NETWORK,LOW,NONE,NONE,UNCHANGED,HIGH,HIGH,HIGH,1,1,HackerNews,2025-04-24,2025-04-24,1,True,False,9.8,0.94469,131
CVE-2025-1732,CVE-2025-1732-1,2025-04-24,Reddit,6.7,medium,0.00011,original,LOCAL,LOW,HIGH,NONE,UNCHANGED,HIGH,HIGH,HIGH,1,1,Reddit,2025-04-24,2025-04-24,1,True,False,6.7,0.00011,2618
CVE-2025-32818,CVE-2025-32818-1,2025-04-24,Reddit,7.5,high,0.00038,original,NETWORK,LOW,NONE,NONE,UNCHANGED,NONE,NONE,HIGH,1,1,Reddit,2025-04-24,2025-04-24,1,True,False,7.5,0.00038,3821
CVE-2025-46252,CVE-2025-46252-1,2025-04-24,Reddit,7.6,high,0.00027,original,NETWORK,LOW,HIGH,NONE,CHANGED,HIGH,NONE,LOW,1,1,Reddit,2025-04-24,2025-04-24,1,True,False,7.6,0.00027,4096
CVE-2025-46248,CVE-2025-46248-1,2025-04-24,Mastodon,9.3,critical,0.0003,enriched,NETWORK,LOW,NONE,NONE,CHANGED,HIGH,NONE,LOW,1,1,Mastodon,2025-04-24,2025-04-24,1,True,False,9.3,0.0003,4095
CVE-2025-46264,CVE-2025-46264-1,2025-04-24,Mastodon,9.9,critical,0.00042,enriched,NETWORK,LOW,LOW,NONE,CHANGED,HIGH,HIGH,HIGH,1,1,Mastodon,2025-04-24,2025-04-24,1,True,False,9.9,0.00042,4097
CVE-2025-3058,CVE-2025-3058-1,2025-04-24,Mastodon,8.8,high,0.00039,original,NETWORK,LOW,LOW,NONE,UNCHANGED,HIGH,HIGH,HIGH,1,1,Mastodon,2025-04-24,2025-04-24,1,True,False,8.8,0.00039,3592
CVE-2025-43858,CVE-2025-43858-1,2025-04-24,Mastodon,9.2,critical,0.00019,enriched,LOCAL,LOW,NONE,NONE,CHANGED,HIGH,HIGH,LOW,1,1,Mastodon,2025-04-24,2025-04-24,1,True,True,9.2,0.00019,4026
CVE-2021-47663,CVE-2021-47663-1,2025-04-24,Mastodon,8.1,high,0.00084,original,NETWORK,HIGH,NONE,NONE,UNCHANGED,HIGH,HIGH,HIGH,1,1,Mastodon,2025-04-24,2025-04-24,1,True,False,8.1,0.00084,198
CVE-2025-39377,CVE-2025-39377-1,2025-04-24,Mastodon,8.5,high,0.0003,enriched,NETWORK,LOW,LOW,NONE,CHANGED,HIGH,NONE,LOW,1,1,Mastodon,2025-04-24,2025-04-24,1,True,False,8.5,0.0003,3944
CVE-2025-3065,CVE-2025-3065-1,2025-04-24,Mastodon,9.1,critical,0.00829,original,NETWORK,LOW,NONE,NONE,UNCHANGED,NONE,HIGH,HIGH,1,1,Mastodon,2025-04-24,2025-04-24,1,True,False,9.1,0.00829,3601
CVE-2025-2558,CVE-2025-2558-1,2025-04-24,Mastodon,8.6,high,0.00023,original,NETWORK,LOW,NONE,NONE,CHANGED,HIGH,NONE,NONE,1,1,Mastodon,2025-04-24,2025-04-24,1,True,False,8.6,0.00023,3168
CVE-2025-3761,CVE-2025-3761-1,2025-04-24,Mastodon,8.8,high,0.00039,original,NETWORK,LOW,LOW,NONE,UNCHANGED,HIGH,HIGH,HIGH,1,1,Mastodon,2025-04-24,2025-04-24,1,True,False,8.8,0.00039,3923
CVE-2025-27158,CVE-2025-27158-1,2025-04-24,Reddit,7.8,high,0.0003,original,LOCAL,LOW,NONE,REQUIRED,UNCHANGED,HIGH,HIGH,HIGH,2,1,Reddit,2025-04-24,2025-04-25,2,True,False,7.8,0.0003,3333
CVE-2025-43859,CVE-2025-43859-1,2025-04-24,Mastodon,9.1,critical,0.00031,enriched,NETWORK,LOW,NONE,NONE,UNCHANGED,HIGH,HIGH,NONE,4,3,"HackerNews, Mastodon, Reddit",2025-04-24,2025-05-17,4,True,True,9.1,0.00041,4027
CVE-2025-28169,CVE-2025-28169-1,2025-04-24,Mastodon,8.1,high,0.00018,original,NETWORK,HIGH,NONE,NONE,UNCHANGED,HIGH,HIGH,HIGH,1,1,Mastodon,2025-04-24,2025-04-24,1,True,False,8.1,0.00018,3464
CVE-2025-3776,CVE-2025-3776-1,2025-04-24,Mastodon,8.3,high,0.00127,original,NETWORK,LOW,NONE,NONE,CHANGED,LOW,LOW,LOW,4,2,"Mastodon, Reddit",2025-04-24,2025-05-06,4,True,False,8.3,0.00167,3924
CVE-2025-2476,CVE-2025-2476-1,2025-04-25,Reddit,8.8,high,0.02587,original,NETWORK,LOW,NONE,REQUIRED,UNCHANGED,HIGH,HIGH,HIGH,1,1,Reddit,2025-04-25,2025-04-25,1,True,False,8.8,0.02587,3078
CVE-2025-46274,CVE-2025-46274-1,2025-04-25,Mastodon,9.8,critical,0.00074,original,NETWORK,LOW,NONE,NONE,UNCHANGED,HIGH,HIGH,HIGH,1,1,Mastodon,2025-04-25,2025-04-25,1,True,False,9.8,0.00074,4101
CVE-2025-46273,CVE-2025-46273-1,2025-04-25,Mastodon,9.8,critical,0.00055,original,NETWORK,LOW,NONE,NONE,UNCHANGED,HIGH,HIGH,HIGH,1,1,Mastodon,2025-04-25,2025-04-25,1,True,False,9.8,0.00055,4100
CVE-2025-46271,CVE-2025-46271-1,2025-04-25,Mastodon,9.1,critical,0.02692,original,NETWORK,LOW,NONE,NONE,UNCHANGED,HIGH,HIGH,NONE,1,1,Mastodon,2025-04-25,2025-04-25,1,True,False,9.1,0.02692,4098
CVE-2024-38475,CVE-2024-38475-15,2025-04-25,HackerNews,9.1,critical,0.6298,original,NETWORK,LOW,NONE,NONE,UNCHANGED,HIGH,HIGH,NONE,17,3,"BleepingComputer, HackerNews, Reddit",2025-04-25,2025-05-09,17,True,True,9.1,0.93167,1298
CVE-2025-46272,CVE-2025-46272-1,2025-04-25,Mastodon,9.1,critical,0.02692,original,NETWORK,LOW,NONE,NONE,UNCHANGED,HIGH,HIGH,NONE,1,1,Mastodon,2025-04-25,2025-04-25,1,True,False,9.1,0.02692,4099
CVE-2023-44221,CVE-2023-44221-12,2025-04-25,HackerNews,7.2,high,0.0079,original,NETWORK,LOW,HIGH,NONE,UNCHANGED,HIGH,HIGH,HIGH,14,3,"BleepingComputer, HackerNews, Reddit",2025-04-25,2025-05-08,14,True,False,7.2,0.42049,561
CVE-2025-1054,CVE-2025-1054-1,2025-04-25,Reddit,6.4,medium,0.00029,original,NETWORK,LOW,LOW,NONE,CHANGED,LOW,LOW,NONE,1,1,Reddit,2025-04-25,2025-04-25,1,True,False,6.4,0.00029,2540
CVE-2025-46616,CVE-2025-46616-1,2025-04-25,Mastodon,9.9,critical,0.00184,original,NETWORK,LOW,LOW,NONE,CHANGED,HIGH,HIGH,HIGH,1,1,Mastodon,2025-04-25,2025-04-25,2,True,False,9.9,0.00184,4115
CVE-2025-46275,CVE-2025-46275-1,2025-04-25,Mastodon,9.8,critical,0.0005,original,NETWORK,LOW,NONE,NONE,UNCHANGED,HIGH,HIGH,HIGH,1,1,Mastodon,2025-04-25,2025-04-25,1,True,False,9.8,0.0005,4102
CVE-2025-2185,CVE-2025-2185-1,2025-04-25,Mastodon,8.0,high,0.00036,original,NETWORK,LOW,LOW,REQUIRED,UNCHANGED,HIGH,HIGH,HIGH,1,1,Mastodon,2025-04-25,2025-04-25,1,True,False,8.0,0.00036,2798
CVE-2025-25777,CVE-2025-25777-1,2025-04-25,Mastodon,8.0,high,0.00027,original,LOCAL,LOW,NONE,NONE,UNCHANGED,HIGH,HIGH,LOW,1,1,Mastodon,2025-04-25,2025-04-25,1,True,False,8.0,0.00027,3189
CVE-2025-3641,CVE-2025-3641-1,2025-04-25,Mastodon,8.8,high,0.00154,enriched,NETWORK,LOW,LOW,NONE,UNCHANGED,HIGH,HIGH,HIGH,1,1,Mastodon,2025-04-25,2025-04-25,4,True,False,8.8,0.00154,3914
CVE-2024-11917,CVE-2024-11917-1,2025-04-25,Mastodon,8.1,high,0.00082,original,NETWORK,HIGH,NONE,NONE,UNCHANGED,HIGH,HIGH,HIGH,1,1,Mastodon,2025-04-25,2025-04-25,1,True,False,8.1,0.00082,805
CVE-2025-2238,CVE-2025-2238-1,2025-04-25,Mastodon,8.8,high,0.00039,original,NETWORK,LOW,LOW,NONE,UNCHANGED,HIGH,HIGH,HIGH,1,1,Mastodon,2025-04-25,2025-04-25,2,True,False,8.8,0.00039,2827
CVE-2025-3634,CVE-2025-3634-1,2025-04-25,Mastodon,4.3,medium,0.00026,enriched,NETWORK,LOW,LOW,NONE,UNCHANGED,NONE,LOW,NONE,1,1,Mastodon,2025-04-25,2025-04-25,1,False,False,4.3,0.00026,3912
CVE-2025-3638,CVE-2025-3638-1,2025-04-25,Mastodon,8.8,high,0.00017,enriched,NETWORK,LOW,NONE,REQUIRED,UNCHANGED,HIGH,HIGH,HIGH,1,1,Mastodon,2025-04-25,2025-04-25,1,True,False,8.8,0.00017,3913
CVE-2015-2291,CVE-2015-2291-2,2025-04-25,HackerNews,7.8,high,0.00878,original,LOCAL,LOW,LOW,NONE,UNCHANGED,HIGH,HIGH,HIGH,2,1,HackerNews,2025-04-25,2025-05-13,2,True,False,7.8,0.01612,13
CVE-2025-3642,CVE-2025-3642-1,2025-04-25,Mastodon,8.8,high,0.00154,enriched,NETWORK,LOW,LOW,NONE,UNCHANGED,HIGH,HIGH,HIGH,1,1,Mastodon,2025-04-25,2025-04-25,2,True,False,8.8,0.00154,3915
CVE-2025-2470,CVE-2025-2470-1,2025-04-25,Mastodon,9.8,critical,0.00057,original,NETWORK,LOW,NONE,NONE,UNCHANGED,HIGH,HIGH,HIGH,2,2,"Mastodon, Reddit",2025-04-25,2025-04-26,3,True,False,9.8,0.00074,3075
CVE-2025-1279,CVE-2025-1279-1,2025-04-25,Mastodon,8.8,high,0.00039,original,NETWORK,LOW,LOW,NONE,UNCHANGED,HIGH,HIGH,HIGH,1,1,Mastodon,2025-04-25,2025-04-25,2,True,False,8.8,0.00039,2569
CVE-2025-25775,CVE-2025-25775-1,2025-04-25,Mastodon,9.8,critical,0.00031,enriched,NETWORK,LOW,NONE,NONE,UNCHANGED,HIGH,HIGH,HIGH,1,1,Mastodon,2025-04-25,2025-04-25,1,True,False,9.8,0.00031,3188
CVE-2025-31137,CVE-2025-31137-2,2025-04-25,Reddit,7.5,high,0.00057,original,NETWORK,LOW,NONE,NONE,UNCHANGED,NONE,NONE,HIGH,1,1,Reddit,2025-04-25,2025-04-25,2,True,False,7.5,0.00057,3664
CVE-2025-32432,CVE-2025-32432-1,2025-04-25,Mastodon,10.0,critical,0.00088,enriched,NETWORK,LOW,NONE,NONE,CHANGED,HIGH,HIGH,LOW,10,3,"HackerNews, Mastodon, Reddit",2025-04-25,2025-05-28,15,True,True,10.0,0.7728,3751
CVE-2024-4671,CVE-2024-4671-1,2025-04-25,Reddit,9.6,critical,0.0011,original,NETWORK,LOW,NONE,REQUIRED,CHANGED,HIGH,HIGH,HIGH,1,1,Reddit,2025-04-25,2025-04-25,1,True,False,9.6,0.0011,1543
CVE-2025-32817,CVE-2025-32817-1,2025-04-25,Reddit,6.1,medium,0.0001,original,LOCAL,LOW,LOW,NONE,UNCHANGED,NONE,LOW,HIGH,1,1,Reddit,2025-04-25,2025-04-25,1,True,False,6.1,0.0001,3820
CVE-2025-3928,CVE-2025-3928-1,2025-04-25,Mastodon,8.8,high,0.00103,enriched,NETWORK,LOW,LOW,NONE,UNCHANGED,HIGH,HIGH,HIGH,13,3,"BleepingComputer, Mastodon, Reddit",2025-04-25,2025-05-04,18,True,False,8.8,0.35518,3939
CVE-2023-37534,CVE-2023-37534-1,2025-04-25,Reddit,7.1,high,0.00029,original,NETWORK,LOW,NONE,REQUIRED,UNCHANGED,LOW,HIGH,NONE,1,1,Reddit,2025-04-25,2025-04-25,1,True,False,7.1,0.00029,487
CVE-2025-46520,CVE-2025-46520-1,2025-04-25,Reddit,7.1,high,0.00014,original,NETWORK,LOW,NONE,REQUIRED,CHANGED,LOW,LOW,LOW,1,1,Reddit,2025-04-25,2025-04-25,1,True,False,7.1,0.00014,4111
CVE-2025-43865,CVE-2025-43865-1,2025-04-25,Mastodon,8.2,high,0.00017,original,NETWORK,LOW,NONE,NONE,UNCHANGED,NONE,LOW,HIGH,16,2,"Mastodon, Reddit",2025-04-25,2025-05-24,18,True,True,8.2,0.00022,4029
CVE-2025-3935,CVE-2025-3935-1,2025-04-25,Mastodon,8.1,high,0.00195,enriched,NETWORK,HIGH,NONE,NONE,UNCHANGED,HIGH,HIGH,HIGH,2,2,"BleepingComputer, Mastodon",2025-04-25,2025-05-29,5,True,False,8.1,0.00279,3940
CVE-2025-2105,CVE-2025-2105-1,2025-04-26,Mastodon,8.1,high,0.00073,original,NETWORK,HIGH,NONE,NONE,UNCHANGED,HIGH,HIGH,HIGH,1,1,Mastodon,2025-04-26,2025-04-26,3,True,False,8.1,0.00073,2704
CVE-2025-2101,CVE-2025-2101-1,2025-04-26,Mastodon,8.1,high,0.00108,original,NETWORK,HIGH,NONE,NONE,UNCHANGED,HIGH,HIGH,HIGH,1,1,Mastodon,2025-04-26,2025-04-26,3,True,False,8.1,0.00108,2702
CVE-2025-43864,CVE-2025-43864-4,2025-04-26,Reddit,7.5,high,0.00038,original,NETWORK,LOW,NONE,NONE,UNCHANGED,NONE,NONE,HIGH,5,1,Reddit,2025-04-26,2025-04-29,8,True,True,7.5,0.00038,4028
CVE-2025-3647,CVE-2025-3647-1,2025-04-26,Reddit,4.3,medium,0.00025,original,NETWORK,LOW,LOW,NONE,UNCHANGED,LOW,NONE,NONE,1,1,Reddit,2025-04-26,2025-04-26,1,True,False,4.3,0.00025,3916
CVE-2025-2070,CVE-2025-2070-1,2025-04-26,Reddit,5.0,medium,0.00011,original,LOCAL,LOW,LOW,REQUIRED,UNCHANGED,HIGH,NONE,NONE,1,1,Reddit,2025-04-26,2025-04-26,1,True,False,5.0,0.00011,2695
CVE-2017-9884,CVE-2017-9884-1,2025-04-26,HackerNews,7.8,high,0.00108,original,LOCAL,LOW,NONE,REQUIRED,UNCHANGED,HIGH,HIGH,HIGH,1,1,HackerNews,2025-04-26,2025-04-26,1,True,False,7.8,0.00108,36
CVE-2025-3914,CVE-2025-3914-1,2025-04-26,Mastodon,8.8,high,0.00219,original,NETWORK,LOW,LOW,NONE,UNCHANGED,HIGH,HIGH,HIGH,13,2,"Mastodon, Reddit",2025-04-26,2025-05-24,15,True,False,8.8,0.00407,3938
CVE-2025-3906,CVE-2025-3906-1,2025-04-26,Mastodon,8.8,high,0.0004,original,NETWORK,LOW,LOW,NONE,UNCHANGED,HIGH,HIGH,HIGH,1,1,Mastodon,2025-04-26,2025-04-26,3,True,False,8.8,0.0004,3937
CVE-2025-46517,CVE-2025-46517-1,2025-04-26,Reddit,5.9,medium,0.00031,original,NETWORK,LOW,HIGH,REQUIRED,CHANGED,LOW,LOW,LOW,1,1,Reddit,2025-04-26,2025-04-26,1,True,False,5.9,0.00031,4110
CVE-2022-2390,CVE-2022-2390-1,2025-04-26,Reddit,6.1,medium,0.0003,original,LOCAL,HIGH,LOW,REQUIRED,CHANGED,HIGH,LOW,NONE,1,1,Reddit,2025-04-26,2025-04-26,1,True,False,6.1,0.0003,221
CVE-2024-13808,CVE-2024-13808-1,2025-04-26,Mastodon,8.8,high,0.0026,original,NETWORK,LOW,LOW,NONE,UNCHANGED,HIGH,HIGH,HIGH,1,1,Mastodon,2025-04-26,2025-04-26,1,True,False,8.8,0.0026,1033
CVE-2025-32045,CVE-2025-32045-1,2025-04-26,Reddit,5.3,medium,0.00029,original,NETWORK,LOW,NONE,NONE,UNCHANGED,LOW,NONE,NONE,1,1,Reddit,2025-04-26,2025-04-26,1,True,False,5.3,0.00029,3722
CVE-2025-2851,CVE-2025-2851-1,2025-04-26,Mastodon,8.0,high,0.00027,original,ADJACENT_NETWORK,LOW,LOW,NONE,UNCHANGED,HIGH,HIGH,HIGH,1,1,Mastodon,2025-04-26,2025-04-26,3,True,False,8.0,0.00027,3472
CVE-2025-27610,CVE-2025-27610-1,2025-04-26,Mastodon,7.5,high,0.0009,original,NETWORK,LOW,NONE,NONE,UNCHANGED,HIGH,NONE,NONE,3,2,"Mastodon, Reddit",2025-04-26,2025-04-27,6,True,True,7.5,0.0009,3391
CVE-2025-24091,CVE-2025-24091-6,2025-04-26,HackerNews,5.5,medium,0.00013,enriched,LOCAL,LOW,NONE,REQUIRED,UNCHANGED,NONE,NONE,HIGH,6,2,"HackerNews, Reddit",2025-04-26,2025-05-13,6,True,False,5.5,0.00013,2985
CVE-2024-45781,CVE-2024-45781-1,2025-04-27,HackerNews,6.7,medium,0.00026,original,LOCAL,LOW,HIGH,NONE,UNCHANGED,HIGH,HIGH,HIGH,1,1,HackerNews,2025-04-27,2025-04-27,1,True,False,6.7,0.00026,1521
CVE-2025-3988,CVE-2025-3988-1,2025-04-27,Mastodon,8.8,high,0.00077,enriched,NETWORK,LOW,LOW,NONE,UNCHANGED,HIGH,HIGH,HIGH,1,1,Mastodon,2025-04-27,2025-04-27,3,True,False,8.8,0.00077,3971
CVE-2025-46579,CVE-2025-46579-1,2025-04-27,Mastodon,8.4,high,0.00038,original,NETWORK,LOW,HIGH,REQUIRED,CHANGED,HIGH,HIGH,HIGH,1,1,Mastodon,2025-04-27,2025-04-27,3,True,False,8.4,0.00038,4113
CVE-2023-41892,CVE-2023-41892-1,2025-04-27,Reddit,10.0,critical,0.93766,original,NETWORK,LOW,NONE,NONE,CHANGED,HIGH,HIGH,LOW,3,1,Reddit,2025-04-27,2025-04-29,3,True,True,10.0,0.93766,541
CVE-2025-3867,CVE-2025-3867-1,2025-04-27,Reddit,6.1,medium,0.00028,original,NETWORK,LOW,NONE,REQUIRED,CHANGED,LOW,LOW,NONE,1,1,Reddit,2025-04-27,2025-04-27,1,True,False,6.1,0.00028,3936
CVE-2021-30860,CVE-2021-30860-1,2025-04-27,HackerNews,7.8,high,0.69382,original,LOCAL,LOW,NONE,REQUIRED,UNCHANGED,HIGH,HIGH,HIGH,1,1,HackerNews,2025-04-27,2025-04-27,1,True,False,7.8,0.69382,169
CVE-2024-54096,CVE-2024-54096-2,2025-04-28,HackerNews,5.3,medium,0.0001,original,LOCAL,HIGH,NONE,REQUIRED,UNCHANGED,NONE,HIGH,LOW,2,1,HackerNews,2025-04-28,2025-05-01,2,True,False,5.3,0.0001,1981
CVE-2025-3992,CVE-2025-3992-1,2025-04-28,Mastodon,8.8,high,0.00077,original,NETWORK,LOW,LOW,NONE,UNCHANGED,HIGH,HIGH,HIGH,1,1,Mastodon,2025-04-28,2025-04-28,1,True,False,8.8,0.00077,3975
CVE-2024-0582,CVE-2024-0582-1,2025-04-28,Reddit,7.8,high,0.00613,original,LOCAL,LOW,LOW,NONE,UNCHANGED,HIGH,HIGH,HIGH,1,1,Reddit,2025-04-28,2025-04-28,1,True,False,7.8,0.00613,656
CVE-2025-34491,CVE-2025-34491-1,2025-04-28,Mastodon,8.8,high,0.00071,enriched,NETWORK,LOW,LOW,NONE,UNCHANGED,HIGH,HIGH,HIGH,1,1,Mastodon,2025-04-28,2025-04-28,1,True,False,8.8,0.00071,3881
CVE-2025-46661,CVE-2025-46661-1,2025-04-28,Mastodon,10.0,critical,0.00135,enriched,NETWORK,LOW,NONE,NONE,CHANGED,HIGH,HIGH,NONE,1,1,Mastodon,2025-04-28,2025-04-28,1,True,False,10.0,0.00135,4117
CVE-2025-24193,CVE-2025-24193-2,2025-04-28,HackerNews,2.4,low,0.00021,original,PHYSICAL,LOW,NONE,NONE,UNCHANGED,LOW,NONE,NONE,2,1,HackerNews,2025-04-28,2025-05-01,2,True,False,2.4,0.00021,3013
CVE-2024-20900,CVE-2024-20900-2,2025-04-28,HackerNews,4.0,medium,0.00024,original,LOCAL,HIGH,NONE,NONE,UNCHANGED,LOW,LOW,NONE,2,1,HackerNews,2025-04-28,2025-05-01,2,True,False,4.0,0.00024,1068
CVE-2015-2079,CVE-2015-2079-1,2025-04-28,Mastodon,9.9,critical,0.00569,enriched,NETWORK,LOW,LOW,NONE,CHANGED,HIGH,HIGH,HIGH,1,1,Mastodon,2025-04-28,2025-04-28,1,True,False,9.9,0.00569,12
CVE-2024-43085,CVE-2024-43085-2,2025-04-28,HackerNews,7.8,high,8e-05,original,LOCAL,LOW,LOW,NONE,UNCHANGED,HIGH,HIGH,HIGH,2,1,HackerNews,2025-04-28,2025-05-01,2,True,False,7.8,8e-05,1433
CVE-2025-3200,CVE-2025-3200-2,2025-04-28,Mastodon,9.1,critical,0.00023,original,NETWORK,LOW,NONE,NONE,UNCHANGED,HIGH,HIGH,NONE,2,1,Mastodon,2025-04-28,2025-05-06,2,True,False,9.1,0.00023,3717
CVE-2025-3993,CVE-2025-3993-1,2025-04-28,Mastodon,8.8,high,0.00077,original,NETWORK,LOW,LOW,NONE,UNCHANGED,HIGH,HIGH,HIGH,1,1,Mastodon,2025-04-28,2025-04-28,1,True,False,8.8,0.00077,3976
CVE-2025-26692,CVE-2025-26692-1,2025-04-28,Mastodon,8.1,high,0.00149,original,NETWORK,HIGH,NONE,NONE,UNCHANGED,HIGH,HIGH,HIGH,1,1,Mastodon,2025-04-28,2025-04-28,1,True,False,8.1,0.00149,3273
CVE-2025-4007,CVE-2025-4007-1,2025-04-28,Mastodon,8.8,high,0.00046,original,NETWORK,LOW,LOW,NONE,UNCHANGED,HIGH,HIGH,HIGH,1,1,Mastodon,2025-04-28,2025-04-28,1,True,False,8.8,0.00046,3977
CVE-2025-3989,CVE-2025-3989-1,2025-04-28,Mastodon,8.8,high,0.00077,original,NETWORK,LOW,LOW,NONE,UNCHANGED,HIGH,HIGH,HIGH,1,1,Mastodon,2025-04-28,2025-04-28,3,True,False,8.8,0.00077,3972
CVE-2025-3991,CVE-2025-3991-1,2025-04-28,Mastodon,8.8,high,0.00077,original,NETWORK,LOW,LOW,NONE,UNCHANGED,HIGH,HIGH,HIGH,1,1,Mastodon,2025-04-28,2025-04-28,1,True,False,8.8,0.00077,3974
CVE-2025-3990,CVE-2025-3990-1,2025-04-28,Mastodon,8.8,high,0.00077,original,NETWORK,LOW,LOW,NONE,UNCHANGED,HIGH,HIGH,HIGH,1,1,Mastodon,2025-04-28,2025-04-28,1,True,False,8.8,0.00077,3973
CVE-2025-2817,CVE-2025-2817-1,2025-04-29,Mastodon,8.8,high,0.00048,enriched,NETWORK,LOW,LOW,NONE,UNCHANGED,HIGH,HIGH,HIGH,1,1,Mastodon,2025-04-29,2025-04-29,3,True,False,8.8,0.00048,3465
CVE-2025-43857,CVE-2025-43857-1,2025-04-29,Mastodon,7.5,high,0.00062,original,NETWORK,LOW,NONE,NONE,UNCHANGED,NONE,NONE,HIGH,2,2,"HackerNews, Mastodon",2025-04-29,2025-05-09,2,True,True,7.5,0.00082,4025
CVE-2025-30422,CVE-2025-30422-2,2025-04-29,HackerNews,6.5,medium,0.00018,enriched,ADJACENT_NETWORK,LOW,NONE,NONE,UNCHANGED,NONE,NONE,HIGH,2,2,"HackerNews, Reddit",2025-04-29,2025-05-05,2,True,False,6.5,0.00018,3578
CVE-2025-24179,CVE-2025-24179-1,2025-04-29,HackerNews,5.7,medium,0.00024,original,ADJACENT_NETWORK,LOW,NONE,REQUIRED,UNCHANGED,NONE,NONE,HIGH,1,1,HackerNews,2025-04-29,2025-04-29,1,True,False,5.7,0.00024,3011
CVE-2025-30445,CVE-2025-30445-1,2025-04-29,HackerNews,6.5,medium,0.00024,original,ADJACENT_NETWORK,LOW,NONE,NONE,UNCHANGED,NONE,NONE,HIGH,1,1,HackerNews,2025-04-29,2025-04-29,1,True,False,6.5,0.00024,3582
CVE-2025-24206,CVE-2025-24206-1,2025-04-29,BleepingComputer,7.7,high,0.0005,original,LOCAL,LOW,NONE,NONE,UNCHANGED,HIGH,HIGH,NONE,4,3,"BleepingComputer, HackerNews, Reddit",2025-04-29,2025-05-05,5,True,False,7.7,0.0005,3017
CVE-2025-24251,CVE-2025-24251-1,2025-04-29,HackerNews,6.5,medium,0.00024,original,ADJACENT_NETWORK,LOW,NONE,NONE,UNCHANGED,NONE,NONE,HIGH,1,1,HackerNews,2025-04-29,2025-04-29,1,True,False,6.5,0.00024,3021
CVE-2025-24252,CVE-2025-24252-12,2025-04-29,BleepingComputer,9.8,critical,0.00024,original,NETWORK,LOW,NONE,NONE,UNCHANGED,HIGH,HIGH,HIGH,10,4,"BleepingComputer, HackerNews, Mastodon, Reddit",2025-04-29,2025-05-08,14,True,True,9.8,0.00065,3022
CVE-2024-50050,CVE-2024-50050-1,2025-04-29,HackerNews,6.3,medium,0.00318,original,NETWORK,LOW,LOW,NONE,UNCHANGED,LOW,LOW,LOW,1,1,HackerNews,2025-04-29,2025-04-29,1,True,False,6.3,0.00318,1722
CVE-2025-24129,CVE-2025-24129-1,2025-04-29,HackerNews,7.5,high,0.00131,original,NETWORK,LOW,NONE,NONE,UNCHANGED,NONE,NONE,HIGH,1,1,HackerNews,2025-04-29,2025-04-29,1,True,False,7.5,0.00131,2995
CVE-2025-3501,CVE-2025-3501-1,2025-04-29,Mastodon,8.2,high,0.00017,enriched,NETWORK,LOW,NONE,NONE,UNCHANGED,HIGH,LOW,NONE,1,1,Mastodon,2025-04-29,2025-04-29,1,True,True,8.2,0.00017,3886
CVE-2025-24270,CVE-2025-24270-2,2025-04-29,HackerNews,5.7,medium,0.00024,original,ADJACENT_NETWORK,LOW,NONE,REQUIRED,UNCHANGED,HIGH,NONE,NONE,2,2,"HackerNews, Reddit",2025-04-29,2025-05-05,2,True,False,5.7,0.00024,3024
CVE-2025-24271,CVE-2025-24271-3,2025-04-29,HackerNews,5.4,medium,0.00029,original,ADJACENT_NETWORK,LOW,NONE,NONE,UNCHANGED,LOW,LOW,NONE,2,2,"HackerNews, Reddit",2025-04-29,2025-05-05,3,True,False,5.4,0.00029,3025
CVE-2024-44309,CVE-2024-44309-2,2025-04-29,HackerNews,6.1,medium,0.00237,original,NETWORK,LOW,NONE,REQUIRED,CHANGED,LOW,LOW,NONE,2,1,HackerNews,2025-04-29,2025-05-01,2,True,False,6.1,0.00237,1484
CVE-2025-29906,CVE-2025-29906-1,2025-04-29,Mastodon,8.6,high,0.00022,enriched,LOCAL,LOW,NONE,REQUIRED,CHANGED,HIGH,HIGH,HIGH,1,1,Mastodon,2025-04-29,2025-04-29,2,True,True,8.6,0.00022,3528
CVE-2025-46348,CVE-2025-46348-1,2025-04-29,Mastodon,10.0,critical,0.00084,enriched,NETWORK,LOW,NONE,NONE,CHANGED,HIGH,HIGH,HIGH,1,1,Mastodon,2025-04-29,2025-04-29,2,True,True,10.0,0.00084,4107
CVE-2025-2907,CVE-2025-2907-1,2025-04-29,Mastodon,9.8,critical,0.00018,original,NETWORK,LOW,NONE,NONE,UNCHANGED,HIGH,HIGH,HIGH,1,1,Mastodon,2025-04-29,2025-04-29,3,True,False,9.8,0.00018,3488
CVE-2023-47444,CVE-2023-47444-1,2025-04-29,HackerNews,8.8,high,0.03424,original,NETWORK,LOW,LOW,NONE,UNCHANGED,HIGH,HIGH,HIGH,1,1,HackerNews,2025-04-29,2025-04-29,1,True,False,8.8,0.03424,598
CVE-2025-3861,CVE-2025-3861-1,2025-04-29,HackerNews,5.4,medium,0.00025,original,NETWORK,LOW,LOW,NONE,UNCHANGED,LOW,LOW,NONE,1,1,HackerNews,2025-04-29,2025-04-29,1,True,False,5.4,0.00025,3935
CVE-2025-1976,CVE-2025-1976-3,2025-04-29,BleepingComputer,6.7,medium,0.01339,original,LOCAL,LOW,HIGH,NONE,UNCHANGED,HIGH,HIGH,HIGH,6,3,"BleepingComputer, Mastodon, Reddit",2025-04-29,2025-05-03,7,True,False,6.7,0.01701,2647
CVE-2025-24177,CVE-2025-24177-1,2025-04-29,HackerNews,7.5,high,0.00088,original,NETWORK,LOW,NONE,NONE,UNCHANGED,NONE,NONE,HIGH,1,1,HackerNews,2025-04-29,2025-04-29,1,True,False,7.5,0.00088,3009
CVE-2025-45947,CVE-2025-45947-1,2025-04-29,Mastodon,9.8,critical,0.00019,original,NETWORK,LOW,NONE,NONE,UNCHANGED,HIGH,HIGH,HIGH,1,1,Mastodon,2025-04-29,2025-04-29,1,True,True,9.8,0.00019,4084
CVE-2025-21756,CVE-2025-21756-1,2025-04-29,Reddit,7.8,high,0.00018,original,LOCAL,LOW,LOW,NONE,UNCHANGED,HIGH,HIGH,HIGH,8,2,"HackerNews, Reddit",2025-04-29,2025-05-10,9,True,False,7.8,0.00026,2797
CVE-2025-31197,CVE-2025-31197-2,2025-04-29,HackerNews,5.7,medium,0.00024,original,ADJACENT_NETWORK,LOW,NONE,REQUIRED,UNCHANGED,NONE,NONE,HIGH,2,2,"HackerNews, Reddit",2025-04-29,2025-05-05,2,True,False,5.7,0.00024,3675
CVE-2025-45949,CVE-2025-45949-1,2025-04-29,Mastodon,9.8,critical,0.00018,original,NETWORK,LOW,NONE,NONE,UNCHANGED,HIGH,HIGH,HIGH,1,1,Mastodon,2025-04-29,2025-04-29,1,True,True,9.8,0.00018,4085
CVE-2025-31202,CVE-2025-31202-1,2025-04-29,HackerNews,5.5,medium,0.00018,original,LOCAL,LOW,NONE,REQUIRED,UNCHANGED,NONE,NONE,HIGH,1,1,HackerNews,2025-04-29,2025-04-29,1,True,False,5.5,0.00018,3678
CVE-2025-24137,CVE-2025-24137-3,2025-04-29,HackerNews,8.0,high,0.00091,original,ADJACENT_NETWORK,LOW,NONE,REQUIRED,UNCHANGED,HIGH,HIGH,HIGH,2,2,"HackerNews, Reddit",2025-04-29,2025-05-05,3,True,False,8.0,0.00091,3000
CVE-2025-4039,CVE-2025-4039-1,2025-04-29,Mastodon,7.3,high,0.0003,original,NETWORK,LOW,NONE,NONE,UNCHANGED,LOW,LOW,LOW,1,1,Mastodon,2025-04-29,2025-04-29,1,True,False,7.3,0.0003,3978
CVE-2025-23180,CVE-2025-23180-1,2025-04-29,Mastodon,8.0,high,0.00021,enriched,ADJACENT_NETWORK,LOW,LOW,NONE,UNCHANGED,HIGH,HIGH,HIGH,1,1,Mastodon,2025-04-29,2025-04-29,2,True,False,8.0,0.00021,2911
CVE-2025-23181,CVE-2025-23181-1,2025-04-29,Mastodon,8.0,high,0.00021,enriched,ADJACENT_NETWORK,LOW,LOW,NONE,UNCHANGED,HIGH,HIGH,HIGH,1,1,Mastodon,2025-04-29,2025-04-29,2,True,False,8.0,0.00021,2912
CVE-2025-24132,CVE-2025-24132-13,2025-04-29,BleepingComputer,6.5,medium,0.00018,enriched,ADJACENT_NETWORK,LOW,NONE,NONE,UNCHANGED,NONE,NONE,HIGH,11,3,"BleepingComputer, HackerNews, Reddit",2025-04-29,2025-05-08,13,True,False,6.5,0.00019,2998
CVE-2025-45953,CVE-2025-45953-1,2025-04-29,Mastodon,9.1,critical,0.00018,original,NETWORK,LOW,NONE,NONE,UNCHANGED,HIGH,HIGH,NONE,1,1,Mastodon,2025-04-29,2025-04-29,1,True,True,9.1,0.00018,4086
CVE-2025-31203,CVE-2025-31203-1,2025-04-29,HackerNews,6.5,medium,0.00024,original,ADJACENT_NETWORK,LOW,NONE,NONE,UNCHANGED,NONE,NONE,HIGH,1,1,HackerNews,2025-04-29,2025-04-29,1,True,False,6.5,0.00024,3679
CVE-2025-24131,CVE-2025-24131-1,2025-04-29,HackerNews,6.5,medium,0.0007,original,NETWORK,LOW,LOW,NONE,UNCHANGED,NONE,NONE,HIGH,1,1,HackerNews,2025-04-29,2025-04-29,1,True,False,6.5,0.0007,2997
CVE-2019-5825,CVE-2019-5825-1,2025-04-30,HackerNews,6.5,medium,0.72787,original,NETWORK,LOW,NONE,REQUIRED,UNCHANGED,NONE,NONE,HIGH,1,1,HackerNews,2025-04-30,2025-04-30,1,True,False,6.5,0.72787,107
CVE-2025-4116,CVE-2025-4116-1,2025-04-30,Mastodon,8.8,high,0.00089,enriched,NETWORK,LOW,LOW,NONE,UNCHANGED,HIGH,HIGH,HIGH,1,1,Mastodon,2025-04-30,2025-04-30,2,True,True,8.8,0.00089,3986
CVE-2025-30390,CVE-2025-30390-1,2025-04-30,Mastodon,9.9,critical,0.00078,enriched,NETWORK,LOW,LOW,NONE,CHANGED,HIGH,HIGH,HIGH,1,1,Mastodon,2025-04-30,2025-04-30,1,False,False,9.9,0.00078,3571
CVE-2025-21416,CVE-2025-21416-1,2025-04-30,Mastodon,8.5,high,0.00055,enriched,NETWORK,HIGH,LOW,NONE,CHANGED,HIGH,HIGH,HIGH,1,1,Mastodon,2025-04-30,2025-04-30,1,False,False,8.5,0.00055,2774
CVE-2025-27134,CVE-2025-27134-1,2025-04-30,Mastodon,8.8,high,0.00039,enriched,NETWORK,LOW,LOW,NONE,UNCHANGED,HIGH,HIGH,HIGH,1,1,Mastodon,2025-04-30,2025-04-30,2,True,True,8.8,0.00039,3328
CVE-2024-42471,CVE-2024-42471-2,2025-04-30,ExploitDB,7.3,high,0.00082,original,NETWORK,LOW,LOW,REQUIRED,UNCHANGED,HIGH,HIGH,NONE,2,1,ExploitDB,2025-04-30,2025-04-30,3,True,True,7.3,0.00082,1421
CVE-2025-4114,CVE-2025-4114-1,2025-04-30,Mastodon,8.8,high,0.00089,enriched,NETWORK,LOW,LOW,NONE,UNCHANGED,HIGH,HIGH,HIGH,1,1,Mastodon,2025-04-30,2025-04-30,2,True,True,8.8,0.00089,3984
CVE-2025-30389,CVE-2025-30389-1,2025-04-30,Mastodon,8.7,high,0.00048,enriched,NETWORK,HIGH,NONE,NONE,CHANGED,HIGH,HIGH,NONE,1,1,Mastodon,2025-04-30,2025-04-30,1,False,False,8.7,0.00048,3570
CVE-2025-24351,CVE-2025-24351-1,2025-04-30,Mastodon,8.8,high,0.00646,original,NETWORK,LOW,LOW,NONE,UNCHANGED,HIGH,HIGH,HIGH,1,1,Mastodon,2025-04-30,2025-04-30,2,False,False,8.8,0.00646,3030
CVE-2025-46342,CVE-2025-46342-1,2025-04-30,Mastodon,8.5,high,0.00063,enriched,NETWORK,HIGH,LOW,NONE,CHANGED,HIGH,HIGH,HIGH,2,2,"HackerNews, Mastodon",2025-04-30,2025-05-09,3,True,True,8.5,0.0007,4106
CVE-2025-4115,CVE-2025-4115-1,2025-04-30,Mastodon,8.8,high,0.00089,enriched,NETWORK,LOW,LOW,NONE,UNCHANGED,HIGH,HIGH,HIGH,1,1,Mastodon,2025-04-30,2025-04-30,2,True,True,8.8,0.00089,3985
CVE-2025-4120,CVE-2025-4120-1,2025-04-30,Mastodon,8.8,high,0.00089,enriched,NETWORK,LOW,LOW,NONE,UNCHANGED,HIGH,HIGH,HIGH,1,1,Mastodon,2025-04-30,2025-04-30,2,True,True,8.8,0.00089,3987
CVE-2025-4083,CVE-2025-4083-1,2025-04-30,Mastodon,9.1,critical,0.00024,original,NETWORK,LOW,NONE,NONE,UNCHANGED,HIGH,HIGH,NONE,1,1,Mastodon,2025-04-30,2025-04-30,1,False,False,9.1,0.00024,3981
CVE-2025-30391,CVE-2025-30391-1,2025-04-30,Mastodon,8.1,high,0.00088,enriched,NETWORK,HIGH,NONE,NONE,UNCHANGED,HIGH,HIGH,HIGH,1,1,Mastodon,2025-04-30,2025-04-30,1,False,False,8.1,0.00088,3572
CVE-2025-30392,CVE-2025-30392-1,2025-04-30,Mastodon,9.8,critical,0.00089,enriched,NETWORK,LOW,NONE,NONE,UNCHANGED,HIGH,HIGH,HIGH,1,1,Mastodon,2025-04-30,2025-04-30,1,False,False,9.8,0.00089,3573
CVE-2022-0847,CVE-2022-0847-1,2025-04-30,Reddit,7.8,high,0.82329,original,LOCAL,LOW,LOW,NONE,UNCHANGED,HIGH,HIGH,HIGH,1,1,Reddit,2025-04-30,2025-04-30,1,True,False,7.8,0.82329,202
CVE-2025-4142,CVE-2025-4142-1,2025-04-30,Mastodon,8.8,high,0.00089,enriched,NETWORK,LOW,LOW,NONE,UNCHANGED,HIGH,HIGH,HIGH,1,1,Mastodon,2025-04-30,2025-04-30,1,True,True,8.8,0.00089,3997
CVE-2025-4141,CVE-2025-4141-1,2025-04-30,Mastodon,8.8,high,0.00089,enriched,NETWORK,LOW,LOW,NONE,UNCHANGED,HIGH,HIGH,HIGH,1,1,Mastodon,2025-04-30,2025-04-30,1,True,True,8.8,0.00089,3996
CVE-2025-32973,CVE-2025-32973-1,2025-04-30,Mastodon,9.0,critical,0.00533,enriched,NETWORK,LOW,LOW,REQUIRED,CHANGED,HIGH,HIGH,HIGH,1,1,Mastodon,2025-04-30,2025-04-30,2,True,True,9.0,0.00533,3858
CVE-2025-32974,CVE-2025-32974-1,2025-04-30,Mastodon,9.0,critical,0.00533,enriched,NETWORK,LOW,LOW,REQUIRED,CHANGED,HIGH,HIGH,HIGH,1,1,Mastodon,2025-04-30,2025-04-30,2,True,True,9.0,0.00533,3859
CVE-2025-4140,CVE-2025-4140-1,2025-04-30,Mastodon,8.8,high,0.00089,enriched,NETWORK,LOW,LOW,NONE,UNCHANGED,HIGH,HIGH,HIGH,1,1,Mastodon,2025-04-30,2025-04-30,1,True,True,8.8,0.00089,3995
CVE-2025-4139,CVE-2025-4139-1,2025-04-30,Mastodon,8.8,high,0.00089,enriched,NETWORK,LOW,LOW,NONE,UNCHANGED,HIGH,HIGH,HIGH,1,1,Mastodon,2025-04-30,2025-04-30,1,True,True,8.8,0.00089,3994
CVE-2025-31650,CVE-2025-31650-4,2025-04-30,Reddit,7.5,high,0.00028,original,NETWORK,LOW,NONE,NONE,UNCHANGED,NONE,NONE,HIGH,3,1,Reddit,2025-04-30,2025-05-03,4,True,False,7.5,0.00028,3710
CVE-2025-32444,CVE-2025-32444-1,2025-04-30,Mastodon,10.0,critical,0.00354,original,NETWORK,LOW,NONE,NONE,CHANGED,HIGH,HIGH,HIGH,1,1,Mastodon,2025-04-30,2025-04-30,2,True,True,10.0,0.00354,3755
CVE-2014-3566,CVE-2014-3566-1,2025-04-30,HackerNews,3.4,low,0.94237,original,NETWORK,HIGH,NONE,REQUIRED,CHANGED,LOW,NONE,NONE,1,1,HackerNews,2025-04-30,2025-04-30,1,True,False,3.4,0.94237,11
CVE-2025-46558,CVE-2025-46558-1,2025-04-30,Mastodon,9.0,critical,0.00039,enriched,NETWORK,LOW,LOW,REQUIRED,CHANGED,HIGH,HIGH,HIGH,1,1,Mastodon,2025-04-30,2025-04-30,1,True,True,9.0,0.00039,4112
CVE-2025-4146,CVE-2025-4146-1,2025-05-01,Mastodon,8.8,high,0.00063,original,NETWORK,LOW,LOW,NONE,UNCHANGED,HIGH,HIGH,HIGH,1,1,Mastodon,2025-05-01,2025-05-01,1,True,True,8.8,0.00063,4000
CVE-2025-4145,CVE-2025-4145-1,2025-05-01,Mastodon,8.8,high,0.00063,original,NETWORK,LOW,LOW,NONE,UNCHANGED,HIGH,HIGH,HIGH,1,1,Mastodon,2025-05-01,2025-05-01,1,True,True,8.8,0.00063,3999
CVE-2025-2816,CVE-2025-2816-1,2025-05-01,Mastodon,8.1,high,0.00036,original,NETWORK,LOW,LOW,NONE,UNCHANGED,NONE,HIGH,HIGH,1,1,Mastodon,2025-05-01,2025-05-01,1,False,False,8.1,0.00036,3463
CVE-2025-1305,CVE-2025-1305-1,2025-05-01,Mastodon,8.8,high,0.00058,original,NETWORK,LOW,NONE,REQUIRED,UNCHANGED,HIGH,HIGH,HIGH,1,1,Mastodon,2025-05-01,2025-05-01,1,False,False,8.8,0.00058,2578
CVE-2025-1304,CVE-2025-1304-1,2025-05-01,Mastodon,8.8,high,0.00199,original,NETWORK,LOW,LOW,NONE,UNCHANGED,HIGH,HIGH,HIGH,1,1,Mastodon,2025-05-01,2025-05-01,1,False,False,8.8,0.00199,2577
CVE-2025-4135,CVE-2025-4135-1,2025-05-01,Reddit,6.3,medium,0.00794,original,NETWORK,LOW,LOW,NONE,UNCHANGED,LOW,LOW,LOW,1,1,Reddit,2025-05-01,2025-05-01,1,True,True,6.3,0.00794,3993
CVE-2025-3952,CVE-2025-3952-1,2025-05-01,Mastodon,8.1,high,0.00034,original,NETWORK,LOW,LOW,NONE,UNCHANGED,NONE,HIGH,HIGH,1,1,Mastodon,2025-05-01,2025-05-01,1,False,False,8.1,0.00034,3953
CVE-2025-4147,CVE-2025-4147-1,2025-05-01,Mastodon,8.8,high,0.00063,original,NETWORK,LOW,LOW,NONE,UNCHANGED,HIGH,HIGH,HIGH,2,2,"Mastodon, Reddit",2025-05-01,2025-05-02,2,True,True,8.8,0.00089,4001
CVE-2025-4149,CVE-2025-4149-1,2025-05-01,Mastodon,8.8,high,0.00063,original,NETWORK,LOW,LOW,NONE,UNCHANGED,HIGH,HIGH,HIGH,1,1,Mastodon,2025-05-01,2025-05-01,1,True,True,8.8,0.00063,4003
CVE-2025-4148,CVE-2025-4148-1,2025-05-01,Mastodon,8.8,high,0.00063,original,NETWORK,LOW,LOW,NONE,UNCHANGED,HIGH,HIGH,HIGH,1,1,Mastodon,2025-05-01,2025-05-01,1,True,True,8.8,0.00063,4002
CVE-2025-25234,CVE-2025-25234-1,2025-05-01,Reddit,7.1,high,0.00031,original,NETWORK,LOW,NONE,REQUIRED,UNCHANGED,HIGH,LOW,NONE,1,1,Reddit,2025-05-01,2025-05-01,1,True,False,7.1,0.00031,3139
CVE-2024-6029,CVE-2024-6029-1,2025-05-01,Reddit,5.0,medium,0.00022,original,ADJACENT_NETWORK,HIGH,NONE,NONE,UNCHANGED,LOW,LOW,LOW,1,1,Reddit,2025-05-01,2025-05-01,1,True,False,5.0,0.00022,2283
CVE-2025-4150,CVE-2025-4150-1,2025-05-01,Mastodon,8.8,high,0.00063,original,NETWORK,LOW,LOW,NONE,UNCHANGED,HIGH,HIGH,HIGH,1,1,Mastodon,2025-05-01,2025-05-01,1,True,True,8.8,0.00063,4004
CVE-2024-21113,CVE-2024-21113-1,2025-05-01,Reddit,8.8,high,0.00057,original,LOCAL,LOW,LOW,NONE,CHANGED,HIGH,HIGH,HIGH,1,1,Reddit,2025-05-01,2025-05-01,1,True,False,8.8,0.00057,1070
CVE-2024-30145,CVE-2024-30145-1,2025-05-01,Reddit,6.5,medium,0.00032,original,NETWORK,LOW,NONE,REQUIRED,UNCHANGED,HIGH,NONE,NONE,1,1,Reddit,2025-05-01,2025-05-01,1,True,False,6.5,0.00032,1200
CVE-2024-5920,CVE-2024-5920-1,2025-05-01,Reddit,4.8,medium,0.00053,original,NETWORK,LOW,HIGH,REQUIRED,CHANGED,LOW,LOW,NONE,1,1,Reddit,2025-05-01,2025-05-01,1,True,False,4.8,0.00053,2281
CVE-2024-13845,CVE-2024-13845-1,2025-05-02,Reddit,5.5,medium,0.00023,original,NETWORK,LOW,HIGH,NONE,CHANGED,LOW,LOW,NONE,1,1,Reddit,2025-05-02,2025-05-02,1,True,False,5.5,0.00023,1039
CVE-2025-21605,CVE-2025-21605-3,2025-05-02,HackerNews,7.5,high,0.00027,original,NETWORK,LOW,NONE,NONE,UNCHANGED,NONE,NONE,HIGH,2,1,HackerNews,2025-05-02,2025-05-17,3,True,False,7.5,0.0004,2790
CVE-2025-31191,CVE-2025-31191-1,2025-05-02,Reddit,5.5,medium,0.00013,original,LOCAL,LOW,NONE,REQUIRED,UNCHANGED,HIGH,NONE,NONE,15,2,"HackerNews, Reddit",2025-05-02,2025-05-24,15,True,False,5.5,0.00013,3674
CVE-2021-27065,CVE-2021-27065-1,2025-05-02,BleepingComputer,7.8,high,0.94332,original,LOCAL,LOW,NONE,REQUIRED,UNCHANGED,HIGH,HIGH,HIGH,6,2,"BleepingComputer, Reddit",2025-05-02,2025-05-04,8,True,False,7.8,0.94332,164
CVE-2021-26858,CVE-2021-26858-1,2025-05-02,BleepingComputer,7.8,high,0.77699,original,LOCAL,LOW,NONE,REQUIRED,UNCHANGED,HIGH,HIGH,HIGH,2,1,BleepingComputer,2025-05-02,2025-05-02,4,True,False,7.8,0.77699,163
CVE-2025-29953,CVE-2025-29953-1,2025-05-02,Reddit,9.8,critical,0.00088,original,NETWORK,LOW,NONE,NONE,UNCHANGED,HIGH,HIGH,HIGH,1,1,Reddit,2025-05-02,2025-05-02,1,True,False,9.8,0.00088,3532
CVE-2024-52976,CVE-2024-52976-1,2025-05-02,Reddit,4.4,medium,0.00012,original,LOCAL,LOW,HIGH,NONE,UNCHANGED,NONE,HIGH,NONE,1,1,Reddit,2025-05-02,2025-05-02,1,True,False,4.4,0.00012,1917
CVE-2017-15428,CVE-2017-15428-1,2025-05-02,HackerNews,8.8,high,0.29882,original,NETWORK,LOW,NONE,REQUIRED,UNCHANGED,HIGH,HIGH,HIGH,1,1,HackerNews,2025-05-02,2025-05-02,1,True,False,8.8,0.29882,28
CVE-2025-23244,CVE-2025-23244-1,2025-05-02,Reddit,7.8,high,0.0001,original,LOCAL,LOW,LOW,NONE,UNCHANGED,HIGH,HIGH,HIGH,13,2,"HackerNews, Reddit",2025-05-02,2025-05-24,13,True,False,7.8,0.00011,2925
CVE-2021-26857,CVE-2021-26857-1,2025-05-02,BleepingComputer,7.8,high,0.08192,original,LOCAL,LOW,NONE,REQUIRED,UNCHANGED,HIGH,HIGH,HIGH,2,1,BleepingComputer,2025-05-02,2025-05-02,4,True,False,7.8,0.08192,162
CVE-2025-3521,CVE-2025-3521-1,2025-05-02,Reddit,6.4,medium,0.00029,original,NETWORK,LOW,LOW,NONE,CHANGED,LOW,LOW,NONE,1,1,Reddit,2025-05-02,2025-05-02,1,True,False,6.4,0.00029,3888
CVE-2024-10445,CVE-2024-10445-1,2025-05-02,Reddit,4.3,medium,0.00042,original,ADJACENT_NETWORK,LOW,NONE,NONE,UNCHANGED,NONE,LOW,NONE,1,1,Reddit,2025-05-02,2025-05-02,1,True,False,4.3,0.00042,677
CVE-2019-11510,CVE-2019-11510-1,2025-05-02,BleepingComputer,10.0,critical,0.94413,original,NETWORK,LOW,NONE,NONE,CHANGED,HIGH,HIGH,HIGH,3,2,"BleepingComputer, HackerNews",2025-05-02,2025-05-13,3,True,False,10.0,0.94455,91
CVE-2025-4162,CVE-2025-4162-1,2025-05-02,Reddit,7.3,high,0.00039,original,NETWORK,LOW,NONE,NONE,UNCHANGED,LOW,LOW,LOW,1,1,Reddit,2025-05-02,2025-05-02,1,True,False,7.3,0.00039,4005
CVE-2025-27151,CVE-2025-27151-1,2025-05-02,HackerNews,4.7,medium,0.00024,enriched,LOCAL,HIGH,LOW,NONE,UNCHANGED,NONE,NONE,HIGH,1,1,HackerNews,2025-05-02,2025-05-02,1,True,True,4.7,0.00024,3332
CVE-2025-3746,CVE-2025-3746-1,2025-05-03,Reddit,9.8,critical,0.00112,original,NETWORK,LOW,NONE,NONE,UNCHANGED,HIGH,HIGH,HIGH,1,1,Reddit,2025-05-03,2025-05-03,1,True,False,9.8,0.00112,3922
CVE-2023-47113,CVE-2023-47113-1,2025-05-03,HackerNews,7.3,high,0.00091,original,LOCAL,LOW,LOW,REQUIRED,UNCHANGED,HIGH,HIGH,HIGH,1,1,HackerNews,2025-05-03,2025-05-03,1,True,False,7.3,0.00091,594
CVE-2025-24522,CVE-2025-24522-1,2025-05-03,Reddit,10.0,critical,0.00127,original,NETWORK,LOW,NONE,NONE,CHANGED,HIGH,HIGH,HIGH,2,1,Reddit,2025-05-03,2025-05-04,2,True,False,10.0,0.00127,3058
CVE-2025-3488,CVE-2025-3488-1,2025-05-03,Reddit,6.4,medium,0.00029,original,NETWORK,LOW,LOW,NONE,CHANGED,LOW,LOW,NONE,1,1,Reddit,2025-05-03,2025-05-03,1,True,False,6.4,0.00029,3883
CVE-2025-32780,CVE-2025-32780-1,2025-05-03,HackerNews,7.3,high,0.00014,original,LOCAL,LOW,LOW,REQUIRED,UNCHANGED,HIGH,HIGH,HIGH,1,1,HackerNews,2025-05-03,2025-05-03,1,True,True,7.3,0.00014,3817
CVE-2024-13420,CVE-2024-13420-1,2025-05-03,Reddit,4.3,medium,0.00036,original,NETWORK,LOW,LOW,NONE,UNCHANGED,NONE,LOW,NONE,1,1,Reddit,2025-05-03,2025-05-03,1,True,False,4.3,0.00036,993
CVE-2025-4213,CVE-2025-4213-1,2025-05-03,Reddit,7.3,high,0.00017,original,NETWORK,LOW,NONE,NONE,UNCHANGED,LOW,LOW,LOW,1,1,Reddit,2025-05-03,2025-05-03,1,True,False,7.3,0.00017,4008
CVE-2025-32011,CVE-2025-32011-1,2025-05-03,Reddit,9.8,critical,0.00254,original,NETWORK,LOW,NONE,NONE,UNCHANGED,HIGH,HIGH,HIGH,2,1,Reddit,2025-05-03,2025-05-04,2,True,False,9.8,0.00254,3718
CVE-2025-1301,CVE-2025-1301-1,2025-05-03,Reddit,7.4,high,0.00033,original,NETWORK,LOW,NONE,REQUIRED,CHANGED,HIGH,NONE,NONE,1,1,Reddit,2025-05-03,2025-05-03,1,True,False,7.4,0.00033,2575
CVE-2024-43201,CVE-2024-43201-1,2025-05-04,Reddit,8.8,high,0.00049,original,ADJACENT_NETWORK,LOW,NONE,NONE,UNCHANGED,HIGH,HIGH,HIGH,1,1,Reddit,2025-05-04,2025-05-04,1,True,False,8.8,0.00049,1439
CVE-2025-31207,CVE-2025-31207-1,2025-05-04,Reddit,7.7,high,0.00018,enriched,LOCAL,LOW,NONE,NONE,UNCHANGED,HIGH,NONE,HIGH,2,1,Reddit,2025-05-04,2025-05-05,2,True,False,7.7,0.00018,3680
CVE-2023-45857,CVE-2023-45857-1,2025-05-04,HackerNews,6.5,medium,0.00113,original,NETWORK,LOW,NONE,REQUIRED,UNCHANGED,HIGH,NONE,NONE,1,1,HackerNews,2025-05-04,2025-05-04,1,True,False,6.5,0.00113,576
CVE-2025-46762,CVE-2025-46762-1,2025-05-05,Reddit,9.8,critical,0.00072,enriched,NETWORK,LOW,NONE,NONE,UNCHANGED,HIGH,HIGH,HIGH,2,1,Reddit,2025-05-05,2025-05-05,2,True,False,9.8,0.00072,4121
CVE-2025-4143,CVE-2025-4143-1,2025-05-05,Reddit,6.1,medium,0.00041,original,NETWORK,LOW,NONE,REQUIRED,CHANGED,LOW,LOW,NONE,1,1,Reddit,2025-05-05,2025-05-05,1,True,True,6.1,0.00041,3998
CVE-2025-4096,CVE-2025-4096-1,2025-05-05,Reddit,8.8,high,0.00062,enriched,NETWORK,LOW,NONE,REQUIRED,UNCHANGED,HIGH,HIGH,HIGH,1,1,Reddit,2025-05-05,2025-05-05,1,True,False,8.8,0.00062,3983
CVE-2008-0166,CVE-2008-0166-1,2025-05-05,HackerNews,7.5,high,0.04015,original,NETWORK,LOW,NONE,NONE,UNCHANGED,HIGH,NONE,NONE,1,1,HackerNews,2025-05-05,2025-05-05,1,True,False,7.5,0.04015,1
CVE-2024-4990,CVE-2024-4990-1,2025-05-05,Reddit,9.1,critical,0.00033,original,NETWORK,LOW,NONE,NONE,UNCHANGED,HIGH,NONE,HIGH,3,1,Reddit,2025-05-05,2025-05-30,4,True,False,9.1,0.00035,1719
CVE-2018-0114,CVE-2018-0114-3,2025-05-05,Reddit,7.5,high,0.68044,original,NETWORK,LOW,NONE,NONE,UNCHANGED,NONE,HIGH,NONE,1,1,Reddit,2025-05-05,2025-05-05,3,True,True,7.5,0.68044,37
CVE-2022-21449,CVE-2022-21449-1,2025-05-05,Reddit,7.5,high,0.3283,original,NETWORK,LOW,NONE,NONE,UNCHANGED,NONE,HIGH,NONE,1,1,Reddit,2025-05-05,2025-05-05,1,True,False,7.5,0.3283,209
CVE-2024-46954,CVE-2024-46954-1,2025-05-06,Reddit,7.8,high,0.0005,original,LOCAL,LOW,LOW,NONE,UNCHANGED,HIGH,HIGH,HIGH,1,1,Reddit,2025-05-06,2025-05-06,1,True,True,7.8,0.0005,1553
CVE-2025-20172,CVE-2025-20172-1,2025-05-06,Reddit,7.7,high,0.00163,original,NETWORK,LOW,LOW,NONE,CHANGED,NONE,NONE,HIGH,1,1,Reddit,2025-05-06,2025-05-06,1,True,False,7.7,0.00163,2683
CVE-2025-28062,CVE-2025-28062-1,2025-05-06,ExploitDB,8.1,high,0.00018,original,NETWORK,LOW,NONE,REQUIRED,UNCHANGED,HIGH,HIGH,NONE,2,1,ExploitDB,2025-05-06,2025-05-06,2,True,False,8.1,0.00018,3452
CVE-2024-7399,CVE-2024-7399-1,2025-05-06,BleepingComputer,8.8,high,0.00228,original,NETWORK,LOW,LOW,NONE,UNCHANGED,HIGH,HIGH,HIGH,2,1,BleepingComputer,2025-05-06,2025-05-06,4,True,False,8.8,0.00228,2312
CVE-2025-3020,CVE-2025-3020-1,2025-05-06,Mastodon,5.4,medium,0.00036,original,NETWORK,LOW,NONE,REQUIRED,UNCHANGED,LOW,LOW,NONE,1,1,Mastodon,2025-05-06,2025-05-06,1,True,False,5.4,0.00036,3548
CVE-2025-1000,CVE-2025-1000-1,2025-05-06,Reddit,5.3,medium,0.00039,original,NETWORK,HIGH,LOW,NONE,UNCHANGED,NONE,NONE,HIGH,1,1,Reddit,2025-05-06,2025-05-06,1,True,False,5.3,0.00039,2528
CVE-2025-2595,CVE-2025-2595-1,2025-05-06,Mastodon,5.3,medium,0.0003,original,NETWORK,LOW,NONE,NONE,UNCHANGED,LOW,NONE,NONE,1,1,Mastodon,2025-05-06,2025-05-06,1,True,False,5.3,0.0003,3199
CVE-2025-47226,CVE-2025-47226-1,2025-05-06,ExploitDB,5.0,medium,0.00026,original,NETWORK,LOW,LOW,NONE,CHANGED,LOW,NONE,NONE,2,1,ExploitDB,2025-05-06,2025-05-06,2,True,True,5.0,0.00026,4126
CVE-2024-20103,CVE-2024-20103-1,2025-05-07,Reddit,9.8,critical,0.00176,original,NETWORK,LOW,NONE,NONE,UNCHANGED,HIGH,HIGH,HIGH,1,1,Reddit,2025-05-07,2025-05-07,1,True,False,9.8,0.00176,1053
CVE-2025-27007,CVE-2025-27007-2,2025-05-07,BleepingComputer,9.8,critical,0.00054,original,NETWORK,LOW,NONE,NONE,UNCHANGED,HIGH,HIGH,HIGH,6,3,"BleepingComputer, ExploitDB, Reddit",2025-05-07,2025-05-13,7,True,False,9.8,0.01944,3322
CVE-2024-20054,CVE-2024-20054-1,2025-05-07,Reddit,6.6,medium,0.0007,original,NETWORK,HIGH,HIGH,NONE,UNCHANGED,HIGH,HIGH,HIGH,1,1,Reddit,2025-05-07,2025-05-07,1,True,False,6.6,0.0007,1052
CVE-2025-2775,CVE-2025-2775-1,2025-05-07,Reddit,9.3,critical,0.0005,enriched,NETWORK,LOW,NONE,NONE,CHANGED,HIGH,NONE,LOW,4,1,Reddit,2025-05-07,2025-05-09,5,True,False,9.3,0.0005,3422
CVE-2025-2905,CVE-2025-2905-1,2025-05-07,Reddit,9.1,critical,0.00057,original,NETWORK,LOW,NONE,NONE,UNCHANGED,HIGH,NONE,HIGH,1,1,Reddit,2025-05-07,2025-05-07,1,True,False,9.1,0.00057,3484
CVE-2024-21538,CVE-2024-21538-1,2025-05-07,HackerNews,7.5,high,0.00132,original,NETWORK,LOW,NONE,NONE,UNCHANGED,NONE,NONE,HIGH,1,1,HackerNews,2025-05-07,2025-05-07,1,True,True,7.5,0.00132,1078
CVE-2024-20109,CVE-2024-20109-1,2025-05-07,Reddit,6.7,medium,9e-05,original,LOCAL,LOW,HIGH,NONE,UNCHANGED,HIGH,HIGH,HIGH,1,1,Reddit,2025-05-07,2025-05-07,1,True,False,6.7,9e-05,1054
CVE-2024-49200,CVE-2024-49200-1,2025-05-07,Reddit,6.4,medium,0.00037,original,NETWORK,HIGH,LOW,REQUIRED,UNCHANGED,HIGH,HIGH,NONE,1,1,Reddit,2025-05-07,2025-05-07,1,True,False,6.4,0.00037,1688
CVE-2023-4089,CVE-2023-4089-1,2025-05-07,Mastodon,2.7,low,0.00091,original,NETWORK,LOW,HIGH,NONE,UNCHANGED,LOW,NONE,NONE,1,1,Mastodon,2025-05-07,2025-05-07,1,True,False,2.7,0.00091,524
CVE-2023-40238,CVE-2023-40238-1,2025-05-07,Reddit,5.5,medium,0.00106,original,LOCAL,LOW,LOW,NONE,UNCHANGED,NONE,NONE,HIGH,1,1,Reddit,2025-05-07,2025-05-07,1,True,False,5.5,0.00106,516
CVE-2025-45490,CVE-2025-45490-1,2025-05-07,Reddit,9.8,critical,0.02709,original,NETWORK,LOW,NONE,NONE,UNCHANGED,HIGH,HIGH,HIGH,1,1,Reddit,2025-05-07,2025-05-07,1,True,True,9.8,0.02709,4069
CVE-2025-4283,CVE-2025-4283-1,2025-05-07,Reddit,7.3,high,0.00028,original,NETWORK,LOW,NONE,NONE,UNCHANGED,LOW,LOW,LOW,1,1,Reddit,2025-05-07,2025-05-07,1,True,True,7.3,0.00028,4010
CVE-2025-4359,CVE-2025-4359-1,2025-05-07,Reddit,7.3,high,0.0003,original,NETWORK,LOW,NONE,NONE,UNCHANGED,LOW,LOW,LOW,1,1,Reddit,2025-05-07,2025-05-07,1,True,False,7.3,0.0003,4021
CVE-2025-4372,CVE-2025-4372-1,2025-05-07,Reddit,8.8,high,0.00022,original,NETWORK,LOW,NONE,REQUIRED,UNCHANGED,HIGH,HIGH,HIGH,2,1,Reddit,2025-05-07,2025-05-21,2,True,False,8.8,0.00055,4024
CVE-2025-22479,CVE-2025-22479-1,2025-05-07,Reddit,3.5,low,0.00017,original,ADJACENT_NETWORK,LOW,NONE,REQUIRED,UNCHANGED,LOW,NONE,NONE,1,1,Reddit,2025-05-07,2025-05-07,1,True,False,3.5,0.00017,2836
CVE-2024-39894,CVE-2024-39894-1,2025-05-07,Reddit,7.5,high,0.01584,original,NETWORK,HIGH,NONE,REQUIRED,UNCHANGED,HIGH,HIGH,HIGH,1,1,Reddit,2025-05-07,2025-05-07,1,True,False,7.5,0.01584,1352
CVE-2025-22869,CVE-2025-22869-1,2025-05-07,HackerNews,7.5,high,0.00051,original,NETWORK,LOW,NONE,NONE,UNCHANGED,NONE,NONE,HIGH,1,1,HackerNews,2025-05-07,2025-05-07,1,True,False,7.5,0.00051,2877
CVE-2019-3568,CVE-2019-3568-1,2025-05-07,BleepingComputer,9.8,critical,0.46209,original,NETWORK,LOW,NONE,NONE,UNCHANGED,HIGH,HIGH,HIGH,2,1,BleepingComputer,2025-05-07,2025-05-07,5,True,False,9.8,0.46209,104
CVE-2024-21591,CVE-2024-21591-1,2025-05-07,HackerNews,9.8,critical,0.23476,original,NETWORK,LOW,NONE,NONE,UNCHANGED,HIGH,HIGH,HIGH,1,1,HackerNews,2025-05-07,2025-05-07,1,True,False,9.8,0.23476,1087
CVE-2025-25069,CVE-2025-25069-1,2025-05-08,HackerNews,6.5,medium,0.00043,original,NETWORK,LOW,NONE,NONE,UNCHANGED,LOW,LOW,NONE,1,1,HackerNews,2025-05-08,2025-05-08,1,True,False,6.5,0.00043,3123
CVE-2025-20186,CVE-2025-20186-1,2025-05-08,Reddit,8.8,high,0.00347,original,NETWORK,LOW,LOW,NONE,UNCHANGED,HIGH,HIGH,HIGH,1,1,Reddit,2025-05-08,2025-05-08,1,True,False,8.8,0.00347,2685
CVE-2025-26865,CVE-2025-26865-1,2025-05-08,HackerNews,3.5,low,0.00081,original,PHYSICAL,LOW,NONE,NONE,UNCHANGED,LOW,LOW,NONE,1,1,HackerNews,2025-05-08,2025-05-08,1,True,False,3.5,0.00081,3290
CVE-2025-46599,CVE-2025-46599-1,2025-05-08,Reddit,6.8,medium,0.00042,original,NETWORK,HIGH,NONE,NONE,CHANGED,HIGH,NONE,NONE,1,1,Reddit,2025-05-08,2025-05-08,1,True,True,6.8,0.00042,4114
CVE-2025-23123,CVE-2025-23123-1,2025-05-08,Reddit,10.0,critical,0.00259,enriched,NETWORK,LOW,NONE,NONE,CHANGED,HIGH,HIGH,HIGH,1,1,Reddit,2025-05-08,2025-05-08,1,True,False,10.0,0.00259,2909
CVE-2024-11477,CVE-2024-11477-2,2025-05-08,Reddit,7.8,high,0.22917,original,LOCAL,LOW,NONE,REQUIRED,UNCHANGED,HIGH,HIGH,HIGH,16,1,Reddit,2025-05-08,2025-05-19,17,True,False,7.8,0.34388,776
CVE-2025-20162,CVE-2025-20162-1,2025-05-08,Reddit,8.6,high,0.00106,original,NETWORK,LOW,NONE,NONE,CHANGED,NONE,NONE,HIGH,1,1,Reddit,2025-05-08,2025-05-08,1,True,False,8.6,0.00106,2677
CVE-2023-7303,CVE-2023-7303-1,2025-05-08,Reddit,3.5,low,0.00034,original,NETWORK,LOW,LOW,REQUIRED,UNCHANGED,NONE,LOW,NONE,1,1,Reddit,2025-05-08,2025-05-08,1,True,True,3.5,0.00034,640
CVE-2025-46337,CVE-2025-46337-1,2025-05-08,Mastodon,10.0,critical,0.0006,original,NETWORK,LOW,NONE,NONE,CHANGED,HIGH,HIGH,LOW,1,1,Mastodon,2025-05-08,2025-05-08,1,True,True,10.0,0.0006,4105
CVE-2025-20188,CVE-2025-20188-1,2025-05-08,BleepingComputer,10.0,critical,0.00154,original,NETWORK,LOW,NONE,NONE,CHANGED,HIGH,HIGH,HIGH,13,3,"BleepingComputer, HackerNews, Reddit",2025-05-08,2025-06-01,16,True,False,10.0,0.00202,2686
CVE-2024-53299,CVE-2024-53299-1,2025-05-08,HackerNews,6.5,medium,0.00061,original,NETWORK,LOW,LOW,NONE,UNCHANGED,NONE,NONE,HIGH,1,1,HackerNews,2025-05-08,2025-05-08,1,True,False,6.5,0.00061,1924
CVE-2024-56523,CVE-2024-56523-1,2025-05-08,Mastodon,9.1,critical,0.00045,enriched,NETWORK,LOW,NONE,NONE,UNCHANGED,HIGH,HIGH,NONE,1,1,Mastodon,2025-05-08,2025-05-08,1,True,False,9.1,0.00045,2194
CVE-2025-32819,CVE-2025-32819-1,2025-05-08,BleepingComputer,8.8,high,0.00033,original,NETWORK,LOW,LOW,NONE,UNCHANGED,HIGH,HIGH,HIGH,3,2,"BleepingComputer, Reddit",2025-05-08,2025-05-08,4,True,False,8.8,0.00033,3822
CVE-2025-32820,CVE-2025-32820-1,2025-05-08,BleepingComputer,8.8,high,0.00038,original,NETWORK,LOW,LOW,NONE,UNCHANGED,HIGH,HIGH,HIGH,4,2,"BleepingComputer, Reddit",2025-05-08,2025-05-08,4,True,False,8.8,0.00038,3823
CVE-2025-32821,CVE-2025-32821-1,2025-05-08,BleepingComputer,7.2,high,0.00052,original,NETWORK,LOW,HIGH,NONE,UNCHANGED,HIGH,HIGH,HIGH,3,2,"BleepingComputer, Reddit",2025-05-08,2025-05-08,3,True,False,7.2,0.00052,3824
CVE-2025-46336,CVE-2025-46336-1,2025-05-09,HackerNews,4.2,medium,0.00023,original,NETWORK,HIGH,LOW,NONE,UNCHANGED,LOW,LOW,NONE,1,1,HackerNews,2025-05-09,2025-05-09,1,True,True,4.2,0.00023,4104
CVE-2024-41110,CVE-2024-41110-1,2025-05-09,HackerNews,9.9,critical,0.01684,original,NETWORK,LOW,LOW,NONE,CHANGED,HIGH,HIGH,HIGH,1,1,HackerNews,2025-05-09,2025-05-09,1,True,True,9.9,0.01684,1382
CVE-2024-43803,CVE-2024-43803-1,2025-05-09,HackerNews,4.9,medium,0.00196,original,NETWORK,LOW,HIGH,NONE,UNCHANGED,HIGH,NONE,NONE,1,1,HackerNews,2025-05-09,2025-05-09,1,True,True,4.9,0.00196,1472
CVE-2024-43853,CVE-2024-43853-1,2025-05-09,HackerNews,5.5,medium,0.00058,original,LOCAL,LOW,LOW,NONE,UNCHANGED,NONE,NONE,HIGH,1,1,HackerNews,2025-05-09,2025-05-09,1,True,False,5.5,0.00058,1473
CVE-2024-31989,CVE-2024-31989-1,2025-05-09,HackerNews,9.0,critical,0.02528,original,ADJACENT_NETWORK,LOW,LOW,NONE,CHANGED,HIGH,HIGH,HIGH,1,1,HackerNews,2025-05-09,2025-05-09,1,True,True,9.0,0.02528,1209
CVE-2024-44236,CVE-2024-44236-1,2025-05-09,Reddit,5.5,medium,0.0003,original,LOCAL,LOW,NONE,REQUIRED,UNCHANGED,NONE,NONE,HIGH,2,1,Reddit,2025-05-09,2025-05-10,2,True,False,5.5,0.0003,1478
CVE-2024-48921,CVE-2024-48921-1,2025-05-09,HackerNews,2.7,low,0.00021,original,NETWORK,LOW,HIGH,NONE,UNCHANGED,NONE,LOW,NONE,1,1,HackerNews,2025-05-09,2025-05-09,1,True,False,2.7,0.00021,1625
CVE-2024-50204,CVE-2024-50204-1,2025-05-09,HackerNews,5.5,medium,0.00026,original,LOCAL,LOW,LOW,NONE,UNCHANGED,NONE,NONE,HIGH,1,1,HackerNews,2025-05-09,2025-05-09,1,True,False,5.5,0.00026,1723
CVE-2025-2011,CVE-2025-2011-1,2025-05-09,ExploitDB,7.5,high,0.00115,original,NETWORK,LOW,NONE,NONE,UNCHANGED,HIGH,NONE,NONE,2,1,ExploitDB,2025-05-09,2025-05-09,2,True,False,7.5,0.00115,2663
CVE-2025-46727,CVE-2025-46727-1,2025-05-09,HackerNews,7.5,high,0.00615,original,NETWORK,LOW,NONE,NONE,UNCHANGED,NONE,NONE,HIGH,1,1,HackerNews,2025-05-09,2025-05-09,1,True,True,7.5,0.00615,4119
CVE-2025-32441,CVE-2025-32441-1,2025-05-09,HackerNews,4.2,medium,0.00016,original,NETWORK,HIGH,LOW,NONE,UNCHANGED,LOW,LOW,NONE,1,1,HackerNews,2025-05-09,2025-05-09,1,True,True,4.2,0.00016,3754
CVE-2025-1948,CVE-2025-1948-1,2025-05-09,Reddit,7.5,high,0.0004,original,NETWORK,LOW,NONE,NONE,UNCHANGED,NONE,NONE,HIGH,1,1,Reddit,2025-05-09,2025-05-09,1,True,False,7.5,0.0004,2642
CVE-2025-1908,CVE-2025-1908-1,2025-05-09,Reddit,7.7,high,9e-05,original,NETWORK,HIGH,LOW,REQUIRED,CHANGED,HIGH,HIGH,NONE,1,1,Reddit,2025-05-09,2025-05-09,1,True,False,7.7,9e-05,2632
CVE-2024-7598,CVE-2024-7598-2,2025-05-09,HackerNews,3.1,low,0.00028,original,ADJACENT_NETWORK,HIGH,NONE,NONE,UNCHANGED,LOW,NONE,NONE,1,1,HackerNews,2025-05-09,2025-05-09,2,True,False,3.1,0.00028,2314
CVE-2024-9448,CVE-2024-9448-1,2025-05-09,Reddit,7.5,high,0.00043,original,NETWORK,LOW,NONE,NONE,UNCHANGED,NONE,HIGH,NONE,1,1,Reddit,2025-05-09,2025-05-09,1,True,False,7.5,0.00043,2382
CVE-2025-1767,CVE-2025-1767-5,2025-05-09,HackerNews,6.5,medium,0.00031,original,NETWORK,LOW,HIGH,NONE,UNCHANGED,HIGH,HIGH,NONE,1,1,HackerNews,2025-05-09,2025-05-09,5,True,True,6.5,0.00031,2620
CVE-2024-9676,CVE-2024-9676-1,2025-05-09,HackerNews,6.5,medium,0.01291,original,NETWORK,LOW,LOW,NONE,UNCHANGED,NONE,NONE,HIGH,1,1,HackerNews,2025-05-09,2025-05-09,1,True,True,6.5,0.01291,2401
CVE-2025-20213,CVE-2025-20213-1,2025-05-09,Reddit,5.5,medium,0.0002,original,LOCAL,LOW,LOW,NONE,UNCHANGED,NONE,HIGH,NONE,1,1,Reddit,2025-05-09,2025-05-09,1,True,False,5.5,0.0002,2687
CVE-2024-39690,CVE-2024-39690-1,2025-05-09,HackerNews,8.4,high,0.0012,original,ADJACENT_NETWORK,LOW,LOW,REQUIRED,CHANGED,HIGH,HIGH,HIGH,1,1,HackerNews,2025-05-09,2025-05-09,1,True,True,8.4,0.0012,1318
CVE-2025-0426,CVE-2025-0426-2,2025-05-09,HackerNews,6.2,medium,0.0001,original,LOCAL,LOW,NONE,NONE,UNCHANGED,NONE,NONE,HIGH,1,1,HackerNews,2025-05-09,2025-05-09,2,True,False,6.2,0.0001,2450
CVE-2024-36621,CVE-2024-36621-1,2025-05-09,HackerNews,6.5,medium,0.00098,original,NETWORK,LOW,LOW,NONE,UNCHANGED,NONE,NONE,HIGH,1,1,HackerNews,2025-05-09,2025-05-09,1,True,True,6.5,0.00098,1263
CVE-2019-5473,CVE-2019-5473-1,2025-05-09,HackerNews,7.2,high,0.00176,original,NETWORK,LOW,HIGH,NONE,UNCHANGED,HIGH,HIGH,HIGH,1,1,HackerNews,2025-05-09,2025-05-09,1,True,False,7.2,0.00176,105
CVE-2025-48069,CVE-2025-48069-2,2025-05-09,HackerNews,6.6,medium,0.00106,enriched,NETWORK,HIGH,HIGH,NONE,UNCHANGED,HIGH,HIGH,HIGH,2,2,"HackerNews, Reddit",2025-05-09,2025-05-22,2,True,True,6.6,0.00106,4150
CVE-2024-13793,CVE-2024-13793-1,2025-05-09,Reddit,7.3,high,0.00145,original,NETWORK,LOW,NONE,NONE,UNCHANGED,LOW,LOW,LOW,1,1,Reddit,2025-05-09,2025-05-09,1,True,False,7.3,0.00145,1029
CVE-2024-36623,CVE-2024-36623-1,2025-05-09,HackerNews,8.1,high,0.00127,original,NETWORK,LOW,LOW,NONE,UNCHANGED,NONE,HIGH,HIGH,1,1,HackerNews,2025-05-09,2025-05-09,1,True,True,8.1,0.00127,1264
CVE-2025-4052,CVE-2025-4052-1,2025-05-09,Reddit,9.8,critical,0.00032,original,NETWORK,LOW,NONE,NONE,UNCHANGED,HIGH,HIGH,HIGH,1,1,Reddit,2025-05-09,2025-05-09,1,True,False,9.8,0.00032,3979
CVE-2025-27599,CVE-2025-27599-1,2025-05-09,Mastodon,6.5,medium,0.00047,original,NETWORK,LOW,NONE,NONE,UNCHANGED,LOW,LOW,NONE,1,1,Mastodon,2025-05-09,2025-05-09,1,True,True,6.5,0.00047,3385
CVE-2025-3468,CVE-2025-3468-1,2025-05-09,Reddit,6.4,medium,0.00029,original,NETWORK,LOW,LOW,NONE,CHANGED,LOW,LOW,NONE,1,1,Reddit,2025-05-09,2025-05-09,1,True,False,6.4,0.00029,3882
CVE-2024-21111,CVE-2024-21111-1,2025-05-09,ExploitDB,7.8,high,0.01513,original,LOCAL,LOW,LOW,NONE,UNCHANGED,HIGH,HIGH,HIGH,2,1,ExploitDB,2025-05-09,2025-05-09,3,True,False,7.8,0.01513,1069
CVE-2024-21626,CVE-2024-21626-1,2025-05-09,HackerNews,8.6,high,0.045,original,LOCAL,LOW,NONE,REQUIRED,CHANGED,HIGH,HIGH,HIGH,1,1,HackerNews,2025-05-09,2025-05-09,1,True,True,8.6,0.045,1088
CVE-2024-24557,CVE-2024-24557-1,2025-05-09,HackerNews,6.9,medium,0.00052,original,LOCAL,HIGH,NONE,REQUIRED,CHANGED,LOW,HIGH,LOW,1,1,HackerNews,2025-05-09,2025-05-09,1,True,True,6.9,0.00052,1133
CVE-2024-26634,CVE-2024-26634-1,2025-05-09,HackerNews,5.5,medium,9e-05,original,LOCAL,LOW,LOW,NONE,UNCHANGED,NONE,NONE,HIGH,1,1,HackerNews,2025-05-09,2025-05-09,1,True,False,5.5,9e-05,1162
CVE-2025-29781,CVE-2025-29781-1,2025-05-09,HackerNews,6.5,medium,0.00018,original,LOCAL,LOW,LOW,NONE,CHANGED,HIGH,NONE,NONE,1,1,HackerNews,2025-05-09,2025-05-09,1,True,True,6.5,0.00018,3517
CVE-2022-1680,CVE-2022-1680-1,2025-05-09,HackerNews,9.9,critical,0.07932,original,NETWORK,LOW,LOW,NONE,CHANGED,HIGH,HIGH,HIGH,1,1,HackerNews,2025-05-09,2025-05-09,1,True,False,9.9,0.07932,204
CVE-2025-25014,CVE-2025-25014-1,2025-05-09,Reddit,9.1,critical,0.00163,original,NETWORK,LOW,HIGH,NONE,CHANGED,HIGH,HIGH,HIGH,1,1,Reddit,2025-05-09,2025-05-09,1,True,False,9.1,0.00163,3115
CVE-2024-3056,CVE-2024-3056-1,2025-05-09,HackerNews,7.7,high,0.00235,original,NETWORK,HIGH,LOW,REQUIRED,CHANGED,HIGH,NONE,HIGH,1,1,HackerNews,2025-05-09,2025-05-09,1,True,False,7.7,0.00235,1202
CVE-2025-24784,CVE-2025-24784-1,2025-05-09,HackerNews,4.3,medium,0.00034,original,NETWORK,LOW,LOW,NONE,UNCHANGED,LOW,NONE,NONE,1,1,HackerNews,2025-05-09,2025-05-09,1,True,True,4.3,0.00034,3079
CVE-2024-32473,CVE-2024-32473-1,2025-05-09,HackerNews,4.7,medium,0.00011,original,LOCAL,HIGH,NONE,REQUIRED,UNCHANGED,HIGH,NONE,NONE,1,1,HackerNews,2025-05-09,2025-05-09,1,True,True,4.7,0.00011,1212
CVE-2025-45388,CVE-2025-45388-1,2025-05-09,Reddit,6.1,medium,0.00029,original,NETWORK,LOW,NONE,REQUIRED,CHANGED,LOW,LOW,NONE,2,2,"HackerNews, Reddit",2025-05-09,2025-05-12,2,True,True,6.1,0.00029,4062
CVE-2025-24376,CVE-2025-24376-1,2025-05-09,HackerNews,6.5,medium,0.00059,original,NETWORK,LOW,NONE,NONE,UNCHANGED,NONE,LOW,LOW,1,1,HackerNews,2025-05-09,2025-05-09,1,True,True,6.5,0.00059,3034
CVE-2025-47732,CVE-2025-47732-1,2025-05-09,Reddit,8.7,high,0.00245,original,NETWORK,LOW,LOW,REQUIRED,CHANGED,HIGH,HIGH,NONE,1,1,Reddit,2025-05-09,2025-05-09,1,True,False,8.7,0.00245,4143
CVE-2025-24203,CVE-2025-24203-1,2025-05-09,Reddit,5.0,medium,0.00013,original,LOCAL,LOW,LOW,REQUIRED,UNCHANGED,NONE,HIGH,NONE,3,1,Reddit,2025-05-09,2025-05-20,5,True,False,5.0,0.00013,3016
CVE-2024-36620,CVE-2024-36620-1,2025-05-09,HackerNews,6.5,medium,0.00094,original,NETWORK,LOW,LOW,NONE,UNCHANGED,NONE,NONE,HIGH,1,1,HackerNews,2025-05-09,2025-05-09,1,True,True,6.5,0.00094,1262
CVE-2024-29018,CVE-2024-29018-1,2025-05-09,HackerNews,5.9,medium,0.00143,original,NETWORK,HIGH,NONE,NONE,UNCHANGED,HIGH,NONE,NONE,1,1,HackerNews,2025-05-09,2025-05-09,1,True,True,5.9,0.00143,1187
CVE-2022-22620,CVE-2022-22620-1,2025-05-10,Reddit,8.8,high,0.02835,original,NETWORK,LOW,NONE,REQUIRED,UNCHANGED,HIGH,HIGH,HIGH,2,1,Reddit,2025-05-10,2025-05-11,2,True,False,8.8,0.02835,213
CVE-2025-4487,CVE-2025-4487-1,2025-05-10,Reddit,7.3,high,0.0003,original,NETWORK,LOW,NONE,NONE,UNCHANGED,LOW,LOW,LOW,1,1,Reddit,2025-05-10,2025-05-10,1,True,False,7.3,0.0003,4055
CVE-2025-1278,CVE-2025-1278-1,2025-05-10,Reddit,5.3,medium,0.00013,original,NETWORK,LOW,NONE,NONE,UNCHANGED,LOW,NONE,NONE,1,1,Reddit,2025-05-10,2025-05-10,1,True,False,5.3,0.00013,2568
CVE-2024-54529,CVE-2024-54529-2,2025-05-10,HackerNews,7.8,high,0.00056,original,LOCAL,LOW,NONE,REQUIRED,UNCHANGED,HIGH,HIGH,HIGH,2,1,HackerNews,2025-05-10,2025-05-11,2,True,False,7.8,0.00068,2029
CVE-2025-3528,CVE-2025-3528-1,2025-05-10,Reddit,8.2,high,0.00012,original,LOCAL,LOW,LOW,REQUIRED,CHANGED,HIGH,HIGH,HIGH,2,1,Reddit,2025-05-10,2025-05-18,2,True,False,8.2,0.00012,3889
CVE-2025-26666,CVE-2025-26666-1,2025-05-10,Reddit,7.8,high,0.00057,original,LOCAL,LOW,LOW,NONE,UNCHANGED,HIGH,HIGH,HIGH,1,1,Reddit,2025-05-10,2025-05-10,1,True,False,7.8,0.00057,3264
CVE-2025-4462,CVE-2025-4462-1,2025-05-10,Reddit,8.8,high,0.00077,original,NETWORK,LOW,LOW,NONE,UNCHANGED,HIGH,HIGH,HIGH,1,1,Reddit,2025-05-10,2025-05-10,1,True,False,8.8,0.00077,4051
CVE-2025-4472,CVE-2025-4472-1,2025-05-10,Reddit,5.3,medium,0.00013,original,LOCAL,LOW,LOW,NONE,UNCHANGED,LOW,LOW,LOW,1,1,Reddit,2025-05-10,2025-05-10,1,True,True,5.3,0.00013,4052
CVE-2025-46191,CVE-2025-46191-1,2025-05-11,Reddit,9.8,critical,0.00093,original,NETWORK,LOW,NONE,NONE,UNCHANGED,HIGH,HIGH,HIGH,1,1,Reddit,2025-05-11,2025-05-11,1,True,True,9.8,0.00093,4091
CVE-2025-46192,CVE-2025-46192-1,2025-05-11,Reddit,9.8,critical,0.00031,original,NETWORK,LOW,NONE,NONE,UNCHANGED,HIGH,HIGH,HIGH,1,1,Reddit,2025-05-11,2025-05-11,1,True,True,9.8,0.00031,4092
CVE-2025-46189,CVE-2025-46189-1,2025-05-11,Reddit,9.8,critical,0.00031,original,NETWORK,LOW,NONE,NONE,UNCHANGED,HIGH,HIGH,HIGH,1,1,Reddit,2025-05-11,2025-05-11,1,True,True,9.8,0.00031,4089
CVE-2025-46188,CVE-2025-46188-1,2025-05-11,Reddit,9.8,critical,0.00031,original,NETWORK,LOW,NONE,NONE,UNCHANGED,HIGH,HIGH,HIGH,2,1,Reddit,2025-05-11,2025-05-16,2,True,True,9.8,0.0004,4088
CVE-2025-46193,CVE-2025-46193-1,2025-05-11,Reddit,9.8,critical,0.00058,original,NETWORK,LOW,NONE,NONE,UNCHANGED,HIGH,HIGH,HIGH,1,1,Reddit,2025-05-11,2025-05-11,1,True,True,9.8,0.00058,4093
CVE-2024-32879,CVE-2024-32879-1,2025-05-11,Reddit,4.9,medium,0.00027,original,NETWORK,HIGH,LOW,NONE,CHANGED,LOW,LOW,NONE,1,1,Reddit,2025-05-11,2025-05-11,1,True,True,4.9,0.00027,1216
CVE-2024-33663,CVE-2024-33663-1,2025-05-11,Reddit,6.5,medium,0.00041,original,NETWORK,LOW,NONE,NONE,UNCHANGED,LOW,LOW,NONE,1,1,Reddit,2025-05-11,2025-05-11,1,True,False,6.5,0.00041,1221
CVE-2024-33664,CVE-2024-33664-1,2025-05-11,Reddit,5.3,medium,0.00081,original,NETWORK,LOW,NONE,NONE,UNCHANGED,NONE,NONE,LOW,1,1,Reddit,2025-05-11,2025-05-11,1,True,True,5.3,0.00081,1222
CVE-2025-46190,CVE-2025-46190-1,2025-05-11,Reddit,9.8,critical,0.00031,original,NETWORK,LOW,NONE,NONE,UNCHANGED,HIGH,HIGH,HIGH,2,1,Reddit,2025-05-11,2025-05-16,2,True,True,9.8,0.0004,4090
CVE-2016-9138,CVE-2016-9138-1,2025-05-12,Reddit,9.8,critical,0.00788,original,NETWORK,LOW,NONE,NONE,UNCHANGED,HIGH,HIGH,HIGH,1,1,Reddit,2025-05-12,2025-05-12,1,True,False,9.8,0.00788,20
CVE-2023-24626,CVE-2023-24626-3,2025-05-12,HackerNews,6.5,medium,0.00046,original,LOCAL,LOW,LOW,NONE,CHANGED,NONE,NONE,HIGH,3,1,HackerNews,2025-05-12,2025-05-13,3,True,False,6.5,0.00046,357
CVE-2017-7117,CVE-2017-7117-1,2025-05-12,Reddit,8.8,high,0.05142,original,NETWORK,LOW,NONE,REQUIRED,UNCHANGED,HIGH,HIGH,HIGH,1,1,Reddit,2025-05-12,2025-05-12,1,True,False,8.8,0.05142,34
CVE-2025-4542,CVE-2025-4542-1,2025-05-12,Reddit,3.1,low,0.00015,original,NETWORK,HIGH,NONE,REQUIRED,UNCHANGED,NONE,LOW,NONE,1,1,Reddit,2025-05-12,2025-05-12,1,True,True,3.1,0.00015,4063
CVE-2024-28956,CVE-2024-28956-2,2025-05-12,HackerNews,5.6,medium,0.00011,enriched,LOCAL,HIGH,LOW,NONE,CHANGED,HIGH,NONE,NONE,1,1,HackerNews,2025-05-12,2025-05-12,2,True,False,5.6,0.00011,1181
CVE-2025-23395,CVE-2025-23395-4,2025-05-12,HackerNews,7.8,high,0.00012,enriched,LOCAL,LOW,LOW,NONE,UNCHANGED,HIGH,HIGH,HIGH,4,1,HackerNews,2025-05-12,2025-05-13,5,True,False,7.8,0.00012,2935
CVE-2025-46804,CVE-2025-46804-4,2025-05-12,HackerNews,3.3,low,0.00012,enriched,LOCAL,LOW,LOW,NONE,UNCHANGED,LOW,NONE,NONE,5,2,"HackerNews, Reddit",2025-05-12,2025-05-27,5,True,False,3.3,0.00012,4124
CVE-2025-27920,CVE-2025-27920-1,2025-05-12,BleepingComputer,7.2,high,0.00372,original,NETWORK,LOW,NONE,NONE,CHANGED,LOW,LOW,NONE,3,2,"BleepingComputer, Reddit",2025-05-12,2025-05-13,5,True,False,7.2,0.00372,3437
CVE-2025-22247,CVE-2025-22247-1,2025-05-12,Reddit,6.1,medium,0.00013,original,LOCAL,LOW,LOW,NONE,UNCHANGED,LOW,HIGH,NONE,2,1,Reddit,2025-05-12,2025-05-13,2,True,False,6.1,0.00015,2817
CVE-2025-29813,CVE-2025-29813-1,2025-05-12,Reddit,10.0,critical,0.00065,original,NETWORK,LOW,NONE,NONE,CHANGED,HIGH,HIGH,HIGH,1,1,Reddit,2025-05-12,2025-05-12,4,True,False,10.0,0.00065,3523
CVE-2025-46803,CVE-2025-46803-4,2025-05-12,HackerNews,5.0,medium,0.0001,enriched,LOCAL,LOW,LOW,REQUIRED,UNCHANGED,NONE,HIGH,NONE,4,1,HackerNews,2025-05-12,2025-05-13,4,True,False,5.0,0.0001,4123
CVE-2025-46802,CVE-2025-46802-4,2025-05-12,HackerNews,6.0,medium,0.00012,enriched,LOCAL,HIGH,LOW,REQUIRED,UNCHANGED,HIGH,HIGH,NONE,4,1,HackerNews,2025-05-12,2025-05-13,4,True,False,6.0,0.00012,4122
CVE-2025-31250,CVE-2025-31250-3,2025-05-12,HackerNews,5.5,medium,0.00018,enriched,LOCAL,LOW,NONE,REQUIRED,UNCHANGED,HIGH,NONE,NONE,3,2,"HackerNews, Reddit",2025-05-12,2025-05-12,3,True,False,5.5,0.00018,3682
CVE-2025-46805,CVE-2025-46805-4,2025-05-12,HackerNews,5.5,medium,0.00012,enriched,LOCAL,LOW,LOW,NONE,UNCHANGED,NONE,NONE,HIGH,4,1,HackerNews,2025-05-12,2025-05-13,4,True,False,5.5,0.00012,4125
CVE-2025-24495,CVE-2025-24495-2,2025-05-12,HackerNews,5.6,medium,0.00012,enriched,LOCAL,HIGH,LOW,NONE,CHANGED,HIGH,NONE,NONE,1,1,HackerNews,2025-05-12,2025-05-12,2,True,False,5.6,0.00012,3055
CVE-2012-6708,CVE-2012-6708-1,2025-05-13,Mastodon,6.1,medium,0.0138,original,NETWORK,LOW,NONE,REQUIRED,CHANGED,LOW,LOW,NONE,1,1,Mastodon,2025-05-13,2025-05-13,1,True,True,6.1,0.0138,5
CVE-2023-34362,CVE-2023-34362-1,2025-05-13,HackerNews,9.8,critical,0.94485,original,NETWORK,LOW,NONE,NONE,UNCHANGED,HIGH,HIGH,HIGH,2,2,"HackerNews, Reddit",2025-05-13,2025-05-28,2,True,False,9.8,0.94485,455
CVE-2022-41352,CVE-2022-41352-1,2025-05-13,HackerNews,9.8,critical,0.79129,original,NETWORK,LOW,NONE,NONE,UNCHANGED,HIGH,HIGH,HIGH,1,1,HackerNews,2025-05-13,2025-05-13,1,True,False,9.8,0.79129,275
CVE-2019-1069,CVE-2019-1069-1,2025-05-13,HackerNews,7.8,high,0.10373,original,LOCAL,LOW,LOW,NONE,UNCHANGED,HIGH,HIGH,HIGH,1,1,HackerNews,2025-05-13,2025-05-13,1,True,False,7.8,0.10373,90
CVE-2022-30190,CVE-2022-30190-1,2025-05-13,HackerNews,7.8,high,0.93219,original,LOCAL,LOW,NONE,REQUIRED,UNCHANGED,HIGH,HIGH,HIGH,1,1,HackerNews,2025-05-13,2025-05-13,1,True,False,7.8,0.93219,238
CVE-2025-4560,CVE-2025-4560-1,2025-05-13,Reddit,6.5,medium,0.00044,original,NETWORK,LOW,NONE,NONE,UNCHANGED,LOW,LOW,NONE,1,1,Reddit,2025-05-13,2025-05-13,1,True,False,6.5,0.00044,4073
CVE-2024-11237,CVE-2024-11237-1,2025-05-13,ExploitDB,7.5,high,0.00421,original,NETWORK,LOW,NONE,NONE,UNCHANGED,NONE,NONE,HIGH,2,1,ExploitDB,2025-05-13,2025-05-13,2,True,True,7.5,0.00421,746
CVE-2025-32706,CVE-2025-32706-1,2025-05-13,BleepingComputer,7.8,high,0.20741,enriched,LOCAL,LOW,LOW,NONE,UNCHANGED,HIGH,HIGH,HIGH,4,3,"BleepingComputer, HackerNews, Reddit",2025-05-13,2025-05-14,7,True,False,7.8,0.20741,3808
CVE-2025-32702,CVE-2025-32702-1,2025-05-13,BleepingComputer,7.8,high,0.0007,enriched,LOCAL,LOW,NONE,REQUIRED,UNCHANGED,HIGH,HIGH,HIGH,3,2,"BleepingComputer, Reddit",2025-05-13,2025-05-13,3,True,False,7.8,0.0007,3807
CVE-2025-32709,CVE-2025-32709-1,2025-05-13,BleepingComputer,7.8,high,0.13228,enriched,LOCAL,LOW,LOW,NONE,UNCHANGED,HIGH,HIGH,HIGH,4,3,"BleepingComputer, HackerNews, Reddit",2025-05-13,2025-05-14,5,True,False,7.8,0.13228,3809
CVE-2025-22462,CVE-2025-22462-1,2025-05-13,BleepingComputer,9.8,critical,0.0026,enriched,NETWORK,LOW,NONE,NONE,UNCHANGED,HIGH,HIGH,HIGH,5,2,"BleepingComputer, Reddit",2025-05-13,2025-05-20,5,True,False,9.8,0.0031,2833
CVE-2025-47276,CVE-2025-47276-1,2025-05-13,Reddit,7.5,high,0.00023,enriched,NETWORK,LOW,NONE,NONE,UNCHANGED,NONE,HIGH,NONE,1,1,Reddit,2025-05-13,2025-05-13,1,True,True,7.5,0.00023,4129
CVE-2025-32756,CVE-2025-32756-1,2025-05-13,BleepingComputer,9.8,critical,0.00135,enriched,NETWORK,LOW,NONE,NONE,UNCHANGED,HIGH,HIGH,HIGH,22,3,"BleepingComputer, HackerNews, Reddit",2025-05-13,2025-06-01,29,True,False,9.8,0.09111,3814
CVE-2019-2725,CVE-2019-2725-1,2025-05-13,HackerNews,9.8,critical,0.9447,original,NETWORK,LOW,NONE,NONE,UNCHANGED,HIGH,HIGH,HIGH,1,1,HackerNews,2025-05-13,2025-05-13,1,True,False,9.8,0.9447,103
CVE-2024-42057,CVE-2024-42057-1,2025-05-13,HackerNews,8.1,high,0.01965,original,NETWORK,HIGH,NONE,NONE,UNCHANGED,HIGH,HIGH,HIGH,1,1,HackerNews,2025-05-13,2025-05-13,1,True,False,8.1,0.01965,1410
CVE-2025-22460,CVE-2025-22460-1,2025-05-13,BleepingComputer,7.8,high,0.00029,enriched,LOCAL,LOW,LOW,NONE,UNCHANGED,HIGH,HIGH,HIGH,4,1,BleepingComputer,2025-05-13,2025-05-13,4,True,False,7.8,0.00029,2832
CVE-2025-3605,CVE-2025-3605-1,2025-05-13,ExploitDB,9.8,critical,0.00055,original,NETWORK,LOW,NONE,NONE,UNCHANGED,HIGH,HIGH,HIGH,3,2,"ExploitDB, Reddit",2025-05-13,2025-05-16,4,True,False,9.8,0.0272,3906
CVE-2025-2082,CVE-2025-2082-1,2025-05-13,Reddit,7.5,high,0.00045,original,ADJACENT_NETWORK,HIGH,NONE,NONE,UNCHANGED,HIGH,HIGH,HIGH,1,1,Reddit,2025-05-13,2025-05-13,1,True,False,7.5,0.00045,2698
CVE-2025-32701,CVE-2025-32701-1,2025-05-13,BleepingComputer,7.8,high,0.13228,enriched,LOCAL,LOW,LOW,NONE,UNCHANGED,HIGH,HIGH,HIGH,4,3,"BleepingComputer, HackerNews, Reddit",2025-05-13,2025-05-14,7,True,False,7.8,0.13228,3806
CVE-2022-30115,CVE-2022-30115-1,2025-05-13,HackerNews,4.3,medium,0.0011,original,NETWORK,LOW,LOW,NONE,UNCHANGED,LOW,NONE,NONE,1,1,HackerNews,2025-05-13,2025-05-13,1,True,False,4.3,0.0011,237
CVE-2022-26500,CVE-2022-26500-1,2025-05-13,HackerNews,8.8,high,0.21993,original,NETWORK,LOW,LOW,NONE,UNCHANGED,HIGH,HIGH,HIGH,1,1,HackerNews,2025-05-13,2025-05-13,1,True,False,8.8,0.21993,228
CVE-2025-32370,CVE-2025-32370-1,2025-05-13,ExploitDB,7.2,high,0.00067,original,NETWORK,LOW,NONE,NONE,CHANGED,NONE,LOW,LOW,2,1,ExploitDB,2025-05-13,2025-05-13,2,True,False,7.2,0.00067,3744
CVE-2024-27198,CVE-2024-27198-1,2025-05-13,HackerNews,9.8,critical,0.94579,original,NETWORK,LOW,NONE,NONE,UNCHANGED,HIGH,HIGH,HIGH,1,1,HackerNews,2025-05-13,2025-05-13,1,True,False,9.8,0.94579,1163
CVE-2025-4428,CVE-2025-4428-1,2025-05-13,BleepingComputer,7.2,high,0.00513,enriched,NETWORK,LOW,HIGH,NONE,UNCHANGED,HIGH,HIGH,HIGH,15,2,"BleepingComputer, Reddit",2025-05-13,2025-05-27,23,True,False,7.2,0.29661,4047
CVE-2025-4427,CVE-2025-4427-1,2025-05-13,BleepingComputer,5.3,medium,0.00942,enriched,NETWORK,LOW,NONE,NONE,UNCHANGED,LOW,NONE,NONE,12,2,"BleepingComputer, Reddit",2025-05-13,2025-05-27,19,True,False,5.3,0.74905,4046
CVE-2025-44830,CVE-2025-44830-1,2025-05-13,Reddit,9.8,critical,0.00031,original,NETWORK,LOW,NONE,NONE,UNCHANGED,HIGH,HIGH,HIGH,1,1,Reddit,2025-05-13,2025-05-13,1,True,False,9.8,0.00031,4054
CVE-2021-20023,CVE-2021-20023-1,2025-05-13,HackerNews,4.9,medium,0.58829,original,NETWORK,LOW,HIGH,NONE,UNCHANGED,HIGH,NONE,NONE,1,1,HackerNews,2025-05-13,2025-05-13,1,True,False,4.9,0.58829,151
CVE-2021-22986,CVE-2021-22986-1,2025-05-13,HackerNews,9.8,critical,0.94485,original,NETWORK,LOW,NONE,NONE,UNCHANGED,HIGH,HIGH,HIGH,1,1,HackerNews,2025-05-13,2025-05-13,1,True,False,9.8,0.94485,154
CVE-2020-0787,CVE-2020-0787-1,2025-05-13,HackerNews,7.8,high,0.58751,original,LOCAL,LOW,NONE,REQUIRED,UNCHANGED,HIGH,HIGH,HIGH,1,1,HackerNews,2025-05-13,2025-05-13,1,True,False,7.8,0.58751,117
CVE-2021-4034,CVE-2021-4034-2,2025-05-13,HackerNews,7.8,high,0.88729,original,LOCAL,LOW,LOW,NONE,UNCHANGED,HIGH,HIGH,HIGH,2,2,"HackerNews, Reddit",2025-05-13,2025-05-28,6,True,False,7.8,0.89763,186
CVE-2021-44529,CVE-2021-44529-1,2025-05-13,HackerNews,9.8,critical,0.94461,original,NETWORK,LOW,NONE,NONE,UNCHANGED,HIGH,HIGH,HIGH,1,1,HackerNews,2025-05-13,2025-05-13,1,True,False,9.8,0.94461,192
CVE-2022-0811,CVE-2022-0811-1,2025-05-13,HackerNews,8.8,high,0.21961,original,NETWORK,LOW,LOW,NONE,UNCHANGED,HIGH,HIGH,HIGH,1,1,HackerNews,2025-05-13,2025-05-13,1,True,False,8.8,0.21961,201
CVE-2022-27779,CVE-2022-27779-1,2025-05-13,HackerNews,5.3,medium,0.00166,original,NETWORK,LOW,NONE,NONE,UNCHANGED,LOW,NONE,NONE,1,1,HackerNews,2025-05-13,2025-05-13,1,True,False,5.3,0.00166,232
CVE-2022-1388,CVE-2022-1388-1,2025-05-13,HackerNews,9.8,critical,0.94456,original,NETWORK,LOW,NONE,NONE,UNCHANGED,HIGH,HIGH,HIGH,1,1,HackerNews,2025-05-13,2025-05-13,2,True,False,9.8,0.94456,203
CVE-2025-30397,CVE-2025-30397-1,2025-05-13,BleepingComputer,7.5,high,0.11343,enriched,NETWORK,HIGH,NONE,REQUIRED,UNCHANGED,HIGH,HIGH,HIGH,5,3,"BleepingComputer, HackerNews, Reddit",2025-05-13,2025-05-16,10,True,False,7.5,0.11343,3574
CVE-2025-47729,CVE-2025-47729-1,2025-05-13,Reddit,1.9,low,0.01892,original,LOCAL,HIGH,HIGH,NONE,UNCHANGED,LOW,NONE,NONE,1,1,Reddit,2025-05-13,2025-05-13,2,True,False,1.9,0.01892,4142
CVE-2024-36129,CVE-2024-36129-1,2025-05-13,HackerNews,8.2,high,0.00706,original,NETWORK,LOW,NONE,NONE,UNCHANGED,NONE,LOW,HIGH,1,1,HackerNews,2025-05-13,2025-05-13,1,True,True,8.2,0.00706,1254
CVE-2020-0609,CVE-2020-0609-2,2025-05-13,HackerNews,9.8,critical,0.86889,original,NETWORK,LOW,NONE,NONE,UNCHANGED,HIGH,HIGH,HIGH,1,1,HackerNews,2025-05-13,2025-05-13,2,True,False,9.8,0.86889,116
CVE-2025-42999,CVE-2025-42999-2,2025-05-13,BleepingComputer,9.1,critical,0.0005,original,NETWORK,LOW,HIGH,NONE,CHANGED,HIGH,HIGH,HIGH,5,2,"BleepingComputer, HackerNews",2025-05-13,2025-05-17,8,True,False,9.1,0.11698,4011
CVE-2025-26685,CVE-2025-26685-1,2025-05-13,BleepingComputer,6.5,medium,0.00096,enriched,ADJACENT_NETWORK,LOW,NONE,NONE,UNCHANGED,HIGH,NONE,NONE,3,2,"BleepingComputer, Reddit",2025-05-13,2025-05-13,5,True,False,6.5,0.00096,3271
CVE-2022-24521,CVE-2022-24521-1,2025-05-13,HackerNews,7.8,high,0.0445,original,LOCAL,LOW,LOW,NONE,UNCHANGED,HIGH,HIGH,HIGH,1,1,HackerNews,2025-05-13,2025-05-13,1,True,False,7.8,0.0445,222
CVE-2024-1708,CVE-2024-1708-1,2025-05-13,HackerNews,8.4,high,0.45449,original,NETWORK,LOW,HIGH,REQUIRED,CHANGED,HIGH,HIGH,HIGH,1,1,HackerNews,2025-05-13,2025-05-13,1,True,False,8.4,0.45449,1050
CVE-2025-41645,CVE-2025-41645-1,2025-05-13,Mastodon,8.6,high,0.00031,original,NETWORK,LOW,NONE,NONE,CHANGED,NONE,HIGH,NONE,1,1,Mastodon,2025-05-13,2025-05-13,2,True,False,8.6,0.00031,4006
CVE-2025-3496,CVE-2025-3496-1,2025-05-13,Mastodon,7.5,high,0.00074,original,NETWORK,LOW,NONE,NONE,UNCHANGED,NONE,NONE,HIGH,1,1,Mastodon,2025-05-13,2025-05-13,2,True,False,7.5,0.00074,3885
CVE-2025-30400,CVE-2025-30400-1,2025-05-13,BleepingComputer,7.8,high,0.13228,enriched,LOCAL,LOW,LOW,NONE,UNCHANGED,HIGH,HIGH,HIGH,4,3,"BleepingComputer, HackerNews, Reddit",2025-05-13,2025-05-14,7,True,False,7.8,0.13228,3575
CVE-2025-31212,CVE-2025-31212-1,2025-05-13,HackerNews,5.5,medium,0.00018,original,LOCAL,LOW,LOW,NONE,UNCHANGED,HIGH,NONE,NONE,1,1,HackerNews,2025-05-13,2025-05-13,1,True,False,5.5,0.00018,3681
CVE-2025-4632,CVE-2025-4632-1,2025-05-14,Reddit,9.8,critical,0.00047,original,NETWORK,LOW,NONE,NONE,UNCHANGED,HIGH,HIGH,HIGH,2,1,Reddit,2025-05-14,2025-05-15,4,True,False,9.8,0.00047,4103
CVE-2025-26677,CVE-2025-26677-1,2025-05-14,Reddit,7.5,high,0.01273,original,NETWORK,LOW,NONE,NONE,UNCHANGED,NONE,NONE,HIGH,1,1,Reddit,2025-05-14,2025-05-14,1,True,False,7.5,0.01273,3268
CVE-2024-30051,CVE-2024-30051-2,2025-05-14,HackerNews,7.8,high,0.49451,original,LOCAL,LOW,LOW,NONE,UNCHANGED,HIGH,HIGH,HIGH,1,1,HackerNews,2025-05-14,2025-05-14,2,True,False,7.8,0.49451,1198
CVE-2025-29831,CVE-2025-29831-1,2025-05-14,Reddit,7.5,high,0.00085,original,NETWORK,HIGH,NONE,REQUIRED,UNCHANGED,HIGH,HIGH,HIGH,1,1,Reddit,2025-05-14,2025-05-14,1,True,False,7.5,0.00085,3526
CVE-2025-4339,CVE-2025-4339-1,2025-05-14,Reddit,4.3,medium,0.00025,original,NETWORK,LOW,LOW,NONE,UNCHANGED,NONE,LOW,NONE,1,1,Reddit,2025-05-14,2025-05-14,1,True,False,4.3,0.00025,4018
CVE-2025-4317,CVE-2025-4317-1,2025-05-14,Reddit,8.8,high,0.00202,original,NETWORK,LOW,LOW,NONE,UNCHANGED,HIGH,HIGH,HIGH,2,1,Reddit,2025-05-14,2025-05-19,3,True,False,8.8,0.00227,4016
CVE-2025-32415,CVE-2025-32415-1,2025-05-14,Mastodon,2.9,low,0.00045,original,LOCAL,HIGH,NONE,NONE,UNCHANGED,NONE,NONE,LOW,1,1,Mastodon,2025-05-14,2025-05-14,1,True,False,2.9,0.00045,3750
CVE-2025-32414,CVE-2025-32414-1,2025-05-14,Mastodon,5.6,medium,0.00036,original,LOCAL,HIGH,NONE,NONE,CHANGED,LOW,LOW,LOW,1,1,Mastodon,2025-05-14,2025-05-14,1,True,False,5.6,0.00036,3749
CVE-2025-4552,CVE-2025-4552-1,2025-05-14,Reddit,5.4,medium,0.00034,original,NETWORK,LOW,LOW,NONE,UNCHANGED,NONE,LOW,LOW,1,1,Reddit,2025-05-14,2025-05-14,1,True,True,5.4,0.00034,4070
CVE-2022-2601,CVE-2022-2601-1,2025-05-14,BleepingComputer,8.6,high,0.00069,original,LOCAL,LOW,NONE,REQUIRED,CHANGED,HIGH,HIGH,HIGH,2,1,BleepingComputer,2025-05-14,2025-05-14,3,True,False,8.6,0.00069,226
CVE-2025-47916,CVE-2025-47916-1,2025-05-14,Reddit,10.0,critical,0.00218,enriched,NETWORK,LOW,NONE,NONE,CHANGED,HIGH,HIGH,HIGH,4,2,"ExploitDB, Reddit",2025-05-14,2025-05-23,4,True,False,10.0,0.78199,4146
CVE-2023-41992,CVE-2023-41992-1,2025-05-14,Reddit,7.8,high,0.00447,original,LOCAL,LOW,LOW,NONE,UNCHANGED,HIGH,HIGH,HIGH,3,1,Reddit,2025-05-14,2025-05-24,3,True,False,7.8,0.00447,543
CVE-2022-46908,CVE-2022-46908-1,2025-05-14,Mastodon,7.3,high,0.00088,original,LOCAL,LOW,LOW,NONE,UNCHANGED,HIGH,HIGH,LOW,1,1,Mastodon,2025-05-14,2025-05-14,1,True,False,7.3,0.00088,296
CVE-2024-12378,CVE-2024-12378-1,2025-05-15,Reddit,9.1,critical,0.00017,original,NETWORK,LOW,NONE,NONE,UNCHANGED,HIGH,HIGH,NONE,1,1,Reddit,2025-05-15,2025-05-15,1,True,False,9.1,0.00017,870
CVE-2023-43770,CVE-2023-43770-1,2025-05-15,HackerNews,6.1,medium,0.75532,original,NETWORK,LOW,NONE,REQUIRED,CHANGED,LOW,LOW,NONE,1,1,HackerNews,2025-05-15,2025-05-15,1,True,True,6.1,0.75532,556
CVE-2025-45843,CVE-2025-45843-1,2025-05-15,Reddit,8.8,high,0.00045,original,NETWORK,LOW,LOW,NONE,UNCHANGED,HIGH,HIGH,HIGH,1,1,Reddit,2025-05-15,2025-05-15,1,True,False,8.8,0.00045,4078
CVE-2025-45846,CVE-2025-45846-1,2025-05-15,Reddit,8.8,high,0.00047,original,NETWORK,LOW,LOW,NONE,UNCHANGED,HIGH,HIGH,HIGH,1,1,Reddit,2025-05-15,2025-05-15,1,True,False,8.8,0.00047,4079
CVE-2025-29972,CVE-2025-29972-1,2025-05-15,Reddit,9.9,critical,0.00083,original,NETWORK,LOW,LOW,NONE,CHANGED,HIGH,HIGH,HIGH,1,1,Reddit,2025-05-15,2025-05-15,1,True,False,9.9,0.00083,3536
CVE-2025-3710,CVE-2025-3710-1,2025-05-15,Reddit,9.8,critical,0.0021,original,NETWORK,LOW,NONE,NONE,UNCHANGED,HIGH,HIGH,HIGH,1,1,Reddit,2025-05-15,2025-05-15,1,True,False,9.8,0.0021,3920
CVE-2021-41773,CVE-2021-41773-1,2025-05-15,Reddit,7.5,high,0.94398,original,NETWORK,LOW,NONE,NONE,UNCHANGED,HIGH,NONE,NONE,1,1,Reddit,2025-05-15,2025-05-15,3,True,False,7.5,0.94398,189
CVE-2024-21833,CVE-2024-21833-1,2025-05-15,Reddit,8.8,high,0.0013,original,ADJACENT_NETWORK,LOW,NONE,NONE,UNCHANGED,HIGH,HIGH,HIGH,1,1,Reddit,2025-05-15,2025-05-15,1,True,False,8.8,0.0013,1092
CVE-2025-4448,CVE-2025-4448-1,2025-05-15,Reddit,8.8,high,0.00042,original,NETWORK,LOW,LOW,NONE,UNCHANGED,HIGH,HIGH,HIGH,1,1,Reddit,2025-05-15,2025-05-15,1,True,True,8.8,0.00042,4049
CVE-2025-45842,CVE-2025-45842-1,2025-05-15,Reddit,8.8,high,0.00045,original,NETWORK,LOW,LOW,NONE,UNCHANGED,HIGH,HIGH,HIGH,1,1,Reddit,2025-05-15,2025-05-15,1,True,False,8.8,0.00045,4077
CVE-2025-3714,CVE-2025-3714-1,2025-05-15,Reddit,9.8,critical,0.0021,original,NETWORK,LOW,NONE,NONE,UNCHANGED,HIGH,HIGH,HIGH,1,1,Reddit,2025-05-15,2025-05-15,1,True,False,9.8,0.0021,3921
CVE-2025-4664,CVE-2025-4664-16,2025-05-15,BleepingComputer,4.3,medium,0.00059,original,NETWORK,LOW,NONE,REQUIRED,UNCHANGED,LOW,NONE,NONE,14,3,"BleepingComputer, HackerNews, Reddit",2025-05-15,2025-05-30,22,True,False,4.3,0.09153,4116
CVE-2025-47733,CVE-2025-47733-1,2025-05-15,Reddit,9.1,critical,0.00088,original,NETWORK,LOW,NONE,NONE,UNCHANGED,HIGH,HIGH,NONE,1,1,Reddit,2025-05-15,2025-05-15,1,True,False,9.1,0.00088,4144
CVE-2025-45887,CVE-2025-45887-1,2025-05-16,Reddit,9.1,critical,0.00039,original,NETWORK,LOW,NONE,NONE,UNCHANGED,HIGH,HIGH,NONE,1,1,Reddit,2025-05-16,2025-05-16,1,True,False,9.1,0.00039,4083
CVE-2023-28271,CVE-2023-28271-2,2025-05-16,HackerNews,5.5,medium,0.00226,original,LOCAL,LOW,LOW,NONE,UNCHANGED,HIGH,NONE,NONE,2,1,HackerNews,2025-05-16,2025-05-25,2,True,False,5.5,0.00226,387
CVE-2023-28272,CVE-2023-28272-2,2025-05-16,HackerNews,7.8,high,0.00345,original,LOCAL,LOW,LOW,NONE,UNCHANGED,HIGH,HIGH,HIGH,2,1,HackerNews,2025-05-16,2025-05-25,2,True,False,7.8,0.00345,388
CVE-2023-32019,CVE-2023-32019-2,2025-05-16,HackerNews,4.7,medium,0.02317,original,LOCAL,HIGH,LOW,NONE,UNCHANGED,HIGH,NONE,NONE,2,1,HackerNews,2025-05-16,2025-05-25,2,True,False,4.7,0.02317,425
CVE-2023-35356,CVE-2023-35356-2,2025-05-16,HackerNews,7.8,high,0.00396,original,LOCAL,LOW,LOW,NONE,UNCHANGED,HIGH,HIGH,HIGH,2,1,HackerNews,2025-05-16,2025-05-25,2,True,False,7.8,0.00396,467
CVE-2023-35357,CVE-2023-35357-2,2025-05-16,HackerNews,7.8,high,0.00188,original,LOCAL,LOW,LOW,NONE,UNCHANGED,HIGH,HIGH,HIGH,2,1,HackerNews,2025-05-16,2025-05-25,2,True,False,7.8,0.00188,468
CVE-2023-35358,CVE-2023-35358-2,2025-05-16,HackerNews,7.8,high,0.00188,original,LOCAL,LOW,LOW,NONE,UNCHANGED,HIGH,HIGH,HIGH,2,1,HackerNews,2025-05-16,2025-05-25,2,True,False,7.8,0.00188,469
CVE-2023-35382,CVE-2023-35382-2,2025-05-16,HackerNews,7.8,high,0.03282,original,LOCAL,LOW,LOW,NONE,UNCHANGED,HIGH,HIGH,HIGH,2,1,HackerNews,2025-05-16,2025-05-25,2,True,False,7.8,0.03282,470
CVE-2023-28248,CVE-2023-28248-2,2025-05-16,HackerNews,7.8,high,0.00283,original,LOCAL,LOW,LOW,NONE,UNCHANGED,HIGH,HIGH,HIGH,2,1,HackerNews,2025-05-16,2025-05-25,2,True,False,7.8,0.00283,385
CVE-2023-35386,CVE-2023-35386-2,2025-05-16,HackerNews,7.8,high,0.02888,original,LOCAL,LOW,LOW,NONE,UNCHANGED,HIGH,HIGH,HIGH,2,1,HackerNews,2025-05-16,2025-05-25,2,True,False,7.8,0.02888,471
CVE-2023-36404,CVE-2023-36404-2,2025-05-16,HackerNews,5.5,medium,0.00217,original,LOCAL,LOW,LOW,NONE,UNCHANGED,HIGH,NONE,NONE,2,1,HackerNews,2025-05-16,2025-05-25,2,True,False,5.5,0.00217,479
CVE-2023-36576,CVE-2023-36576-2,2025-05-16,HackerNews,5.5,medium,0.00289,original,LOCAL,LOW,LOW,NONE,UNCHANGED,HIGH,NONE,NONE,2,1,HackerNews,2025-05-16,2025-05-25,2,True,False,5.5,0.00289,480
CVE-2023-36803,CVE-2023-36803-2,2025-05-16,HackerNews,5.5,medium,0.0029,original,LOCAL,LOW,LOW,NONE,UNCHANGED,HIGH,NONE,NONE,2,1,HackerNews,2025-05-16,2025-05-25,2,True,False,5.5,0.0029,481
CVE-2023-38139,CVE-2023-38139-2,2025-05-16,HackerNews,7.8,high,0.00584,original,LOCAL,LOW,LOW,NONE,UNCHANGED,HIGH,HIGH,HIGH,2,1,HackerNews,2025-05-16,2025-05-25,2,True,False,7.8,0.00584,497
CVE-2023-38140,CVE-2023-38140-2,2025-05-16,HackerNews,5.5,medium,0.00282,original,LOCAL,LOW,LOW,NONE,UNCHANGED,HIGH,NONE,NONE,2,1,HackerNews,2025-05-16,2025-05-25,2,True,False,5.5,0.00282,498
CVE-2023-38141,CVE-2023-38141-2,2025-05-16,HackerNews,7.8,high,0.00312,original,LOCAL,LOW,LOW,NONE,UNCHANGED,HIGH,HIGH,HIGH,2,1,HackerNews,2025-05-16,2025-05-25,2,True,False,7.8,0.00312,499
CVE-2023-38154,CVE-2023-38154-2,2025-05-16,HackerNews,7.8,high,0.0023,original,LOCAL,LOW,LOW,NONE,UNCHANGED,HIGH,HIGH,HIGH,2,1,HackerNews,2025-05-16,2025-05-25,2,True,False,7.8,0.0023,500
CVE-2025-45885,CVE-2025-45885-1,2025-05-16,Reddit,9.8,critical,0.0004,original,NETWORK,LOW,NONE,NONE,UNCHANGED,HIGH,HIGH,HIGH,1,1,Reddit,2025-05-16,2025-05-16,1,True,True,9.8,0.0004,4082
CVE-2024-43641,CVE-2024-43641-2,2025-05-16,HackerNews,7.8,high,0.00146,original,LOCAL,LOW,LOW,NONE,UNCHANGED,HIGH,HIGH,HIGH,2,1,HackerNews,2025-05-16,2025-05-25,2,True,False,7.8,0.00146,1453
CVE-2023-35633,CVE-2023-35633-2,2025-05-16,HackerNews,7.8,high,0.02359,original,LOCAL,LOW,LOW,NONE,UNCHANGED,HIGH,HIGH,HIGH,2,1,HackerNews,2025-05-16,2025-05-25,2,True,False,7.8,0.02359,472
CVE-2023-23421,CVE-2023-23421-2,2025-05-16,HackerNews,7.8,high,0.00346,original,LOCAL,LOW,LOW,NONE,UNCHANGED,HIGH,HIGH,HIGH,2,1,HackerNews,2025-05-16,2025-05-25,2,True,False,7.8,0.00346,350
CVE-2023-23420,CVE-2023-23420-2,2025-05-16,HackerNews,7.8,high,0.00279,original,LOCAL,LOW,LOW,NONE,UNCHANGED,HIGH,HIGH,HIGH,2,1,HackerNews,2025-05-16,2025-05-25,2,True,False,7.8,0.00279,349
CVE-2023-21774,CVE-2023-21774-2,2025-05-16,HackerNews,7.8,high,0.00512,original,LOCAL,LOW,LOW,NONE,UNCHANGED,HIGH,HIGH,HIGH,2,1,HackerNews,2025-05-16,2025-05-25,2,True,False,7.8,0.00512,342
CVE-2024-49114,CVE-2024-49114-2,2025-05-16,HackerNews,7.8,high,0.00249,original,LOCAL,LOW,LOW,NONE,UNCHANGED,HIGH,HIGH,HIGH,2,1,HackerNews,2025-05-16,2025-05-25,2,True,False,7.8,0.00249,1671
CVE-2022-34707,CVE-2022-34707-2,2025-05-16,HackerNews,7.8,high,0.00194,original,LOCAL,LOW,LOW,NONE,UNCHANGED,HIGH,HIGH,HIGH,2,1,HackerNews,2025-05-16,2025-05-25,2,True,False,7.8,0.00194,247
CVE-2022-34708,CVE-2022-34708-2,2025-05-16,HackerNews,5.5,medium,0.00546,original,LOCAL,LOW,LOW,NONE,UNCHANGED,HIGH,NONE,NONE,2,1,HackerNews,2025-05-16,2025-05-25,2,True,False,5.5,0.00546,248
CVE-2022-35768,CVE-2022-35768-2,2025-05-16,HackerNews,7.8,high,0.00188,original,LOCAL,LOW,LOW,NONE,UNCHANGED,HIGH,HIGH,HIGH,2,1,HackerNews,2025-05-16,2025-05-25,2,True,False,7.8,0.00188,249
CVE-2022-37956,CVE-2022-37956-2,2025-05-16,HackerNews,7.8,high,0.00307,original,LOCAL,LOW,LOW,NONE,UNCHANGED,HIGH,HIGH,HIGH,2,1,HackerNews,2025-05-16,2025-05-25,2,True,False,7.8,0.00307,256
CVE-2022-37988,CVE-2022-37988-2,2025-05-16,HackerNews,7.8,high,0.00738,original,LOCAL,LOW,LOW,NONE,UNCHANGED,HIGH,HIGH,HIGH,2,1,HackerNews,2025-05-16,2025-05-25,2,True,False,7.8,0.00738,259
CVE-2022-37990,CVE-2022-37990-2,2025-05-16,HackerNews,7.8,high,0.00315,original,LOCAL,LOW,LOW,NONE,UNCHANGED,HIGH,HIGH,HIGH,2,1,HackerNews,2025-05-16,2025-05-25,2,True,False,7.8,0.00315,260
CVE-2022-37991,CVE-2022-37991-2,2025-05-16,HackerNews,7.8,high,0.00738,original,LOCAL,LOW,LOW,NONE,UNCHANGED,HIGH,HIGH,HIGH,2,1,HackerNews,2025-05-16,2025-05-25,2,True,False,7.8,0.00738,261
CVE-2020-0601,CVE-2020-0601-1,2025-05-16,Reddit,8.1,high,0.93923,original,NETWORK,LOW,NONE,REQUIRED,UNCHANGED,HIGH,HIGH,NONE,2,1,Reddit,2025-05-16,2025-05-16,4,True,False,8.1,0.93923,115
CVE-2022-38037,CVE-2022-38037-2,2025-05-16,HackerNews,7.8,high,0.02162,original,LOCAL,LOW,LOW,NONE,UNCHANGED,HIGH,HIGH,HIGH,2,1,HackerNews,2025-05-16,2025-05-25,2,True,False,7.8,0.02162,264
CVE-2022-38038,CVE-2022-38038-2,2025-05-16,HackerNews,7.8,high,0.02162,original,LOCAL,LOW,LOW,NONE,UNCHANGED,HIGH,HIGH,HIGH,2,1,HackerNews,2025-05-16,2025-05-25,2,True,False,7.8,0.02162,265
CVE-2022-38039,CVE-2022-38039-2,2025-05-16,HackerNews,7.8,high,0.01054,original,LOCAL,LOW,LOW,NONE,UNCHANGED,HIGH,HIGH,HIGH,2,1,HackerNews,2025-05-16,2025-05-25,2,True,False,7.8,0.01054,266
CVE-2025-4556,CVE-2025-4556-1,2025-05-16,Reddit,9.8,critical,0.00191,original,NETWORK,LOW,NONE,NONE,UNCHANGED,HIGH,HIGH,HIGH,1,1,Reddit,2025-05-16,2025-05-16,2,True,False,9.8,0.00191,4071
CVE-2025-4557,CVE-2025-4557-1,2025-05-16,Reddit,9.1,critical,0.00118,original,NETWORK,LOW,NONE,NONE,UNCHANGED,NONE,HIGH,HIGH,1,1,Reddit,2025-05-16,2025-05-16,2,True,False,9.1,0.00118,4072
CVE-2022-44683,CVE-2022-44683-2,2025-05-16,HackerNews,7.8,high,0.04022,original,LOCAL,LOW,LOW,NONE,UNCHANGED,HIGH,HIGH,HIGH,2,1,HackerNews,2025-05-16,2025-05-25,2,True,False,7.8,0.04022,289
CVE-2023-20963,CVE-2023-20963-1,2025-05-16,HackerNews,7.8,high,0.04229,original,LOCAL,LOW,LOW,NONE,UNCHANGED,HIGH,HIGH,HIGH,1,1,HackerNews,2025-05-16,2025-05-16,1,True,False,7.8,0.04229,335
CVE-2023-21675,CVE-2023-21675-2,2025-05-16,HackerNews,7.8,high,0.00301,original,LOCAL,LOW,LOW,NONE,UNCHANGED,HIGH,HIGH,HIGH,2,1,HackerNews,2025-05-16,2025-05-25,2,True,False,7.8,0.00301,337
CVE-2023-21747,CVE-2023-21747-2,2025-05-16,HackerNews,7.8,high,0.00226,original,LOCAL,LOW,LOW,NONE,UNCHANGED,HIGH,HIGH,HIGH,2,1,HackerNews,2025-05-16,2025-05-25,2,True,False,7.8,0.00226,338
CVE-2023-21748,CVE-2023-21748-2,2025-05-16,HackerNews,7.8,high,0.0033,original,LOCAL,LOW,LOW,NONE,UNCHANGED,HIGH,HIGH,HIGH,2,1,HackerNews,2025-05-16,2025-05-25,2,True,False,7.8,0.0033,339
CVE-2023-21750,CVE-2023-21750-2,2025-05-16,HackerNews,7.1,high,0.00534,original,LOCAL,LOW,LOW,NONE,UNCHANGED,NONE,HIGH,HIGH,2,1,HackerNews,2025-05-16,2025-05-25,2,True,False,7.1,0.00534,340
CVE-2023-21772,CVE-2023-21772-2,2025-05-16,HackerNews,7.8,high,0.00512,original,LOCAL,LOW,LOW,NONE,UNCHANGED,HIGH,HIGH,HIGH,2,1,HackerNews,2025-05-16,2025-05-25,2,True,False,7.8,0.00512,341
CVE-2024-43452,CVE-2024-43452-2,2025-05-16,HackerNews,7.5,high,0.01209,original,NETWORK,HIGH,NONE,REQUIRED,UNCHANGED,HIGH,HIGH,HIGH,2,1,HackerNews,2025-05-16,2025-05-25,2,True,False,7.5,0.01209,1447
CVE-2018-0898,CVE-2018-0898-2,2025-05-16,HackerNews,4.7,medium,0.01901,original,LOCAL,HIGH,LOW,NONE,UNCHANGED,HIGH,NONE,NONE,2,1,HackerNews,2025-05-16,2025-05-25,2,True,False,4.7,0.01901,39
CVE-2024-5274,CVE-2024-5274-1,2025-05-16,HackerNews,9.6,critical,0.01117,original,NETWORK,LOW,NONE,REQUIRED,CHANGED,HIGH,HIGH,HIGH,1,1,HackerNews,2025-05-16,2025-05-16,1,True,False,9.6,0.01117,1897
CVE-2024-26178,CVE-2024-26178-2,2025-05-16,HackerNews,7.8,high,0.00188,original,LOCAL,LOW,LOW,NONE,UNCHANGED,HIGH,HIGH,HIGH,2,1,HackerNews,2025-05-16,2025-05-25,2,True,False,7.8,0.00188,1156
CVE-2020-1377,CVE-2020-1377-2,2025-05-16,HackerNews,7.8,high,0.00484,original,LOCAL,LOW,LOW,NONE,UNCHANGED,HIGH,HIGH,HIGH,2,1,HackerNews,2025-05-16,2025-05-25,2,True,False,7.8,0.00484,124
CVE-2019-0881,CVE-2019-0881-2,2025-05-16,HackerNews,7.8,high,0.02011,original,LOCAL,LOW,LOW,NONE,UNCHANGED,HIGH,HIGH,HIGH,2,1,HackerNews,2025-05-16,2025-05-25,2,True,False,7.8,0.02011,86
CVE-2019-0959,CVE-2019-0959-2,2025-05-16,HackerNews,7.0,high,0.04197,original,LOCAL,HIGH,LOW,NONE,UNCHANGED,HIGH,HIGH,HIGH,2,1,HackerNews,2025-05-16,2025-05-25,2,True,False,7.0,0.04708,87
CVE-2024-37051,CVE-2024-37051-1,2025-05-16,HackerNews,9.3,critical,0.01938,original,NETWORK,LOW,NONE,REQUIRED,CHANGED,HIGH,HIGH,NONE,1,1,HackerNews,2025-05-16,2025-05-16,1,True,False,9.3,0.01938,1266
CVE-2018-0900,CVE-2018-0900-2,2025-05-16,HackerNews,4.7,medium,0.01901,original,LOCAL,HIGH,LOW,NONE,UNCHANGED,HIGH,NONE,NONE,2,1,HackerNews,2025-05-16,2025-05-25,2,True,False,4.7,0.01901,41
CVE-2024-26173,CVE-2024-26173-2,2025-05-16,HackerNews,7.8,high,0.00368,original,LOCAL,LOW,LOW,NONE,UNCHANGED,HIGH,HIGH,HIGH,2,1,HackerNews,2025-05-16,2025-05-25,2,True,False,7.8,0.00368,1154
CVE-2024-26177,CVE-2024-26177-2,2025-05-16,HackerNews,5.5,medium,0.00612,original,LOCAL,LOW,LOW,NONE,UNCHANGED,HIGH,NONE,NONE,2,1,HackerNews,2025-05-16,2025-05-25,2,True,False,5.5,0.00612,1155
CVE-2018-0899,CVE-2018-0899-2,2025-05-16,HackerNews,4.7,medium,0.01901,original,LOCAL,HIGH,LOW,NONE,UNCHANGED,HIGH,NONE,NONE,2,1,HackerNews,2025-05-16,2025-05-25,2,True,False,4.7,0.01901,40
CVE-2024-26181,CVE-2024-26181-2,2025-05-16,HackerNews,5.5,medium,0.00338,original,LOCAL,LOW,LOW,NONE,UNCHANGED,NONE,NONE,HIGH,2,1,HackerNews,2025-05-16,2025-05-25,2,True,False,5.5,0.00338,1157
CVE-2024-26182,CVE-2024-26182-2,2025-05-16,HackerNews,7.8,high,0.05247,original,LOCAL,LOW,LOW,NONE,UNCHANGED,HIGH,HIGH,HIGH,2,1,HackerNews,2025-05-16,2025-05-25,2,True,False,7.8,0.05247,1158
CVE-2020-1378,CVE-2020-1378-2,2025-05-16,HackerNews,7.5,high,0.01809,original,NETWORK,HIGH,NONE,REQUIRED,UNCHANGED,HIGH,HIGH,HIGH,2,1,HackerNews,2025-05-16,2025-05-25,2,True,False,7.5,0.03275,125
CVE-2025-4452,CVE-2025-4452-1,2025-05-16,Reddit,8.8,high,0.00042,original,NETWORK,LOW,LOW,NONE,UNCHANGED,HIGH,HIGH,HIGH,1,1,Reddit,2025-05-16,2025-05-16,1,True,True,8.8,0.00042,4050
CVE-2025-25254,CVE-2025-25254-1,2025-05-16,Reddit,7.2,high,0.00081,original,NETWORK,LOW,HIGH,NONE,UNCHANGED,HIGH,HIGH,HIGH,1,1,Reddit,2025-05-16,2025-05-16,1,True,False,7.2,0.00081,3143
CVE-2025-32728,CVE-2025-32728-1,2025-05-17,HackerNews,4.3,medium,0.0003,original,LOCAL,LOW,NONE,NONE,CHANGED,NONE,LOW,NONE,1,1,HackerNews,2025-05-17,2025-05-17,1,True,True,4.3,0.0003,3810
CVE-2025-20164,CVE-2025-20164-1,2025-05-17,Reddit,8.3,high,0.00136,original,NETWORK,LOW,LOW,NONE,UNCHANGED,LOW,HIGH,HIGH,1,1,Reddit,2025-05-17,2025-05-17,1,True,False,8.3,0.00136,2678
CVE-2024-6383,CVE-2024-6383-1,2025-05-17,HackerNews,5.3,medium,0.00225,original,NETWORK,LOW,NONE,NONE,UNCHANGED,NONE,LOW,NONE,1,1,HackerNews,2025-05-17,2025-05-17,1,True,False,5.3,0.00225,2290
CVE-2025-32365,CVE-2025-32365-1,2025-05-17,HackerNews,4.0,medium,0.00028,original,LOCAL,LOW,NONE,NONE,UNCHANGED,NONE,NONE,LOW,1,1,HackerNews,2025-05-17,2025-05-17,1,True,False,4.0,0.00028,3742
CVE-2024-53869,CVE-2024-53869-1,2025-05-17,HackerNews,5.5,medium,0.00018,original,LOCAL,LOW,LOW,NONE,UNCHANGED,HIGH,NONE,NONE,1,1,HackerNews,2025-05-17,2025-05-17,1,True,False,5.5,0.00018,1961
CVE-2025-44022,CVE-2025-44022-1,2025-05-17,Reddit,9.8,critical,0.00246,original,NETWORK,LOW,NONE,NONE,UNCHANGED,HIGH,HIGH,HIGH,1,1,Reddit,2025-05-17,2025-05-17,1,True,True,9.8,0.00246,4043
CVE-2024-8100,CVE-2024-8100-1,2025-05-17,Reddit,8.7,high,0.00034,original,NETWORK,LOW,HIGH,NONE,CHANGED,HIGH,HIGH,NONE,1,1,Reddit,2025-05-17,2025-05-17,1,True,False,8.7,0.00034,2321
CVE-2024-11831,CVE-2024-11831-1,2025-05-17,HackerNews,5.4,medium,0.00033,original,NETWORK,LOW,LOW,REQUIRED,CHANGED,LOW,LOW,NONE,1,1,HackerNews,2025-05-17,2025-05-17,1,True,True,5.4,0.00033,802
CVE-2024-6381,CVE-2024-6381-1,2025-05-17,HackerNews,4.0,medium,0.00072,original,LOCAL,LOW,NONE,NONE,UNCHANGED,NONE,LOW,NONE,1,1,HackerNews,2025-05-17,2025-05-17,1,True,False,4.0,0.00072,2289
CVE-2023-29383,CVE-2023-29383-1,2025-05-17,HackerNews,3.3,low,0.00026,original,LOCAL,LOW,LOW,NONE,UNCHANGED,NONE,LOW,NONE,1,1,HackerNews,2025-05-17,2025-05-17,1,True,True,3.3,0.00026,396
CVE-2025-4561,CVE-2025-4561-1,2025-05-17,Reddit,8.8,high,0.00209,original,NETWORK,LOW,LOW,NONE,UNCHANGED,HIGH,HIGH,HIGH,1,1,Reddit,2025-05-17,2025-05-17,2,True,False,8.8,0.00209,4074
CVE-2025-24529,CVE-2025-24529-1,2025-05-17,HackerNews,6.4,medium,0.00051,original,NETWORK,LOW,LOW,NONE,CHANGED,LOW,LOW,NONE,1,1,HackerNews,2025-05-17,2025-05-17,1,True,False,6.4,0.00051,3060
CVE-2025-31163,CVE-2025-31163-1,2025-05-17,HackerNews,6.6,medium,0.00024,original,LOCAL,LOW,LOW,NONE,UNCHANGED,LOW,LOW,HIGH,1,1,HackerNews,2025-05-17,2025-05-17,1,True,False,6.6,0.00024,3668
CVE-2024-56524,CVE-2024-56524-1,2025-05-17,Reddit,9.1,critical,0.00045,original,NETWORK,LOW,NONE,NONE,UNCHANGED,HIGH,HIGH,NONE,1,1,Reddit,2025-05-17,2025-05-17,1,True,False,9.1,0.00045,2195
CVE-2025-2581,CVE-2025-2581-1,2025-05-17,HackerNews,4.3,medium,0.0011,original,NETWORK,LOW,NONE,REQUIRED,UNCHANGED,NONE,NONE,LOW,1,1,HackerNews,2025-05-17,2025-05-17,1,True,False,4.3,0.0011,3190
CVE-2025-1390,CVE-2025-1390-1,2025-05-17,HackerNews,6.1,medium,0.00021,original,LOCAL,LOW,LOW,NONE,UNCHANGED,LOW,HIGH,NONE,1,1,HackerNews,2025-05-17,2025-05-17,1,True,False,6.1,0.00021,2588
CVE-2024-24795,CVE-2024-24795-1,2025-05-17,HackerNews,6.3,medium,0.0021,original,NETWORK,LOW,NONE,REQUIRED,UNCHANGED,LOW,LOW,LOW,1,1,HackerNews,2025-05-17,2025-05-17,1,True,False,6.3,0.0021,1139
CVE-2025-24530,CVE-2025-24530-1,2025-05-17,HackerNews,6.4,medium,0.00051,original,NETWORK,LOW,LOW,NONE,CHANGED,LOW,LOW,NONE,1,1,HackerNews,2025-05-17,2025-05-17,1,True,False,6.4,0.00051,3061
CVE-2024-28882,CVE-2024-28882-1,2025-05-17,HackerNews,4.3,medium,0.00282,original,NETWORK,LOW,LOW,NONE,UNCHANGED,NONE,NONE,LOW,1,1,HackerNews,2025-05-17,2025-05-17,1,True,False,4.3,0.00282,1180
CVE-2025-2704,CVE-2025-2704-1,2025-05-17,HackerNews,7.5,high,0.00105,original,NETWORK,LOW,NONE,NONE,UNCHANGED,NONE,NONE,HIGH,1,1,HackerNews,2025-05-17,2025-05-17,1,True,False,7.5,0.00105,3324
CVE-2017-13238,CVE-2017-13238-1,2025-05-17,Reddit,4.2,medium,0.00025,original,PHYSICAL,HIGH,NONE,NONE,UNCHANGED,HIGH,NONE,NONE,1,1,Reddit,2025-05-17,2025-05-17,1,True,False,4.2,0.00025,26
CVE-2025-32364,CVE-2025-32364-1,2025-05-17,HackerNews,4.0,medium,0.00028,original,LOCAL,LOW,NONE,NONE,UNCHANGED,NONE,NONE,LOW,1,1,HackerNews,2025-05-17,2025-05-17,1,True,False,4.0,0.00028,3741
CVE-2023-0437,CVE-2023-0437-1,2025-05-17,HackerNews,5.3,medium,0.00191,original,NETWORK,LOW,NONE,NONE,UNCHANGED,NONE,NONE,LOW,1,1,HackerNews,2025-05-17,2025-05-17,1,True,False,5.3,0.00191,315
CVE-2017-14227,CVE-2017-14227-1,2025-05-17,HackerNews,7.5,high,0.01715,original,NETWORK,LOW,NONE,NONE,UNCHANGED,NONE,NONE,HIGH,1,1,HackerNews,2025-05-17,2025-05-17,1,True,False,7.5,0.01715,27
CVE-2025-4207,CVE-2025-4207-1,2025-05-17,HackerNews,5.9,medium,0.00049,original,NETWORK,HIGH,NONE,NONE,UNCHANGED,NONE,NONE,HIGH,1,1,HackerNews,2025-05-17,2025-05-17,1,True,False,5.9,0.00049,4007
CVE-2025-31162,CVE-2025-31162-1,2025-05-17,HackerNews,6.6,medium,0.00024,original,LOCAL,LOW,LOW,NONE,UNCHANGED,LOW,LOW,HIGH,1,1,HackerNews,2025-05-17,2025-05-17,1,True,False,6.6,0.00024,3667
CVE-2025-30346,CVE-2025-30346-1,2025-05-17,HackerNews,5.4,medium,0.00049,original,NETWORK,HIGH,NONE,NONE,CHANGED,LOW,LOW,NONE,1,1,HackerNews,2025-05-17,2025-05-17,1,True,False,5.4,0.00049,3566
CVE-2024-56378,CVE-2024-56378-1,2025-05-17,HackerNews,4.3,medium,0.0016,original,NETWORK,LOW,LOW,NONE,UNCHANGED,NONE,LOW,NONE,1,1,HackerNews,2025-05-17,2025-05-17,1,True,False,4.3,0.0016,2191
CVE-2024-26462,CVE-2024-26462-1,2025-05-17,HackerNews,5.5,medium,0.00027,original,LOCAL,LOW,LOW,NONE,UNCHANGED,NONE,NONE,HIGH,1,1,HackerNews,2025-05-17,2025-05-17,1,True,True,5.5,0.00027,1159
CVE-2025-3360,CVE-2025-3360-1,2025-05-17,HackerNews,3.7,low,0.0009,original,NETWORK,HIGH,NONE,NONE,UNCHANGED,NONE,NONE,LOW,1,1,HackerNews,2025-05-17,2025-05-17,1,True,False,3.7,0.0009,3868
CVE-2025-32464,CVE-2025-32464-1,2025-05-17,HackerNews,6.8,medium,0.00453,original,NETWORK,HIGH,NONE,NONE,CHANGED,NONE,NONE,HIGH,1,1,HackerNews,2025-05-17,2025-05-17,1,True,True,6.8,0.00453,3758
CVE-2023-34872,CVE-2023-34872-1,2025-05-17,HackerNews,5.5,medium,0.00164,original,LOCAL,LOW,NONE,REQUIRED,UNCHANGED,NONE,NONE,HIGH,1,1,HackerNews,2025-05-17,2025-05-17,1,True,False,5.5,0.00164,462
CVE-2024-12987,CVE-2024-12987-2,2025-05-17,HackerNews,7.3,high,0.56046,original,NETWORK,LOW,NONE,NONE,UNCHANGED,LOW,LOW,LOW,2,2,"HackerNews, Reddit",2025-05-17,2025-05-19,2,True,False,7.3,0.56046,947
CVE-2025-32776,CVE-2025-32776-1,2025-05-17,HackerNews,5.5,medium,0.00019,original,LOCAL,LOW,LOW,NONE,UNCHANGED,HIGH,NONE,NONE,1,1,HackerNews,2025-05-17,2025-05-17,1,True,True,5.5,0.00019,3815
CVE-2018-16790,CVE-2018-16790-1,2025-05-17,HackerNews,8.1,high,0.00672,original,NETWORK,LOW,NONE,REQUIRED,UNCHANGED,HIGH,NONE,HIGH,1,1,HackerNews,2025-05-17,2025-05-17,1,True,True,8.1,0.00672,54
CVE-2023-4641,CVE-2023-4641-1,2025-05-17,HackerNews,4.7,medium,0.00016,original,LOCAL,HIGH,LOW,NONE,UNCHANGED,HIGH,NONE,NONE,1,1,HackerNews,2025-05-17,2025-05-17,1,True,False,4.7,0.00016,585
CVE-2025-28203,CVE-2025-28203-1,2025-05-17,Reddit,8.8,high,0.01156,original,ADJACENT_NETWORK,LOW,NONE,NONE,UNCHANGED,HIGH,HIGH,HIGH,1,1,Reddit,2025-05-17,2025-05-17,1,True,False,8.8,0.01156,3467
CVE-2024-6531,CVE-2024-6531-1,2025-05-17,HackerNews,6.4,medium,0.00067,original,NETWORK,HIGH,NONE,REQUIRED,UNCHANGED,HIGH,LOW,LOW,1,1,HackerNews,2025-05-17,2025-05-17,1,False,False,6.4,0.00067,2298
CVE-2025-20154,CVE-2025-20154-1,2025-05-17,Reddit,8.6,high,0.00121,original,NETWORK,LOW,NONE,NONE,CHANGED,NONE,NONE,HIGH,1,1,Reddit,2025-05-17,2025-05-17,1,True,False,8.6,0.00121,2675
CVE-2024-7347,CVE-2024-7347-1,2025-05-17,HackerNews,4.7,medium,0.00103,original,LOCAL,HIGH,LOW,NONE,UNCHANGED,NONE,NONE,HIGH,1,1,HackerNews,2025-05-17,2025-05-17,1,True,False,4.7,0.00103,2311
CVE-2024-6501,CVE-2024-6501-1,2025-05-17,HackerNews,3.1,low,0.00148,original,NETWORK,HIGH,NONE,REQUIRED,UNCHANGED,NONE,NONE,LOW,1,1,HackerNews,2025-05-17,2025-05-17,1,True,False,3.1,0.00148,2295
CVE-2023-4039,CVE-2023-4039-1,2025-05-17,HackerNews,4.8,medium,0.00121,original,NETWORK,HIGH,NONE,NONE,UNCHANGED,LOW,LOW,NONE,1,1,HackerNews,2025-05-17,2025-05-17,1,True,False,4.8,0.00121,519
CVE-2024-43799,CVE-2024-43799-1,2025-05-17,HackerNews,5.0,medium,0.00029,original,NETWORK,HIGH,NONE,REQUIRED,UNCHANGED,LOW,LOW,LOW,1,1,HackerNews,2025-05-17,2025-05-17,1,True,True,5.0,0.00029,1471
CVE-2025-2158,CVE-2025-2158-1,2025-05-17,Reddit,8.8,high,0.00089,original,NETWORK,LOW,LOW,NONE,UNCHANGED,HIGH,HIGH,HIGH,1,1,Reddit,2025-05-17,2025-05-17,1,True,False,8.8,0.00089,2786
CVE-2025-30673,CVE-2025-30673-1,2025-05-17,HackerNews,6.5,medium,0.00059,original,NETWORK,LOW,NONE,NONE,UNCHANGED,LOW,LOW,NONE,1,1,HackerNews,2025-05-17,2025-05-17,1,True,False,6.5,0.00059,3606
CVE-2025-31164,CVE-2025-31164-1,2025-05-17,HackerNews,6.6,medium,0.00024,original,LOCAL,LOW,LOW,NONE,UNCHANGED,LOW,LOW,HIGH,1,1,HackerNews,2025-05-17,2025-05-17,1,True,False,6.6,0.00024,3669
CVE-2025-1860,CVE-2025-1860-1,2025-05-17,HackerNews,7.7,high,0.00019,original,LOCAL,LOW,NONE,NONE,UNCHANGED,HIGH,HIGH,NONE,1,1,HackerNews,2025-05-17,2025-05-17,1,True,False,7.7,0.00019,2629
CVE-2025-43965,CVE-2025-43965-1,2025-05-17,HackerNews,2.9,low,0.00023,original,LOCAL,HIGH,NONE,NONE,UNCHANGED,NONE,NONE,LOW,1,1,HackerNews,2025-05-17,2025-05-17,1,True,True,2.9,0.00023,4040
CVE-2024-6484,CVE-2024-6484-1,2025-05-17,HackerNews,6.4,medium,0.00044,original,NETWORK,HIGH,NONE,REQUIRED,UNCHANGED,HIGH,LOW,LOW,1,1,HackerNews,2025-05-17,2025-05-17,1,False,False,6.4,0.00044,2293
CVE-2024-0150,CVE-2024-0150-1,2025-05-17,HackerNews,7.1,high,0.00023,original,LOCAL,LOW,LOW,NONE,UNCHANGED,NONE,HIGH,HIGH,1,1,HackerNews,2025-05-17,2025-05-17,1,True,False,7.1,0.00023,650
CVE-2024-39936,CVE-2024-39936-1,2025-05-17,HackerNews,8.6,high,0.00103,original,NETWORK,LOW,NONE,NONE,CHANGED,HIGH,NONE,NONE,1,1,HackerNews,2025-05-17,2025-05-17,1,True,False,8.6,0.00103,1353
CVE-2024-0149,CVE-2024-0149-1,2025-05-17,HackerNews,3.3,low,0.0002,original,LOCAL,LOW,LOW,NONE,UNCHANGED,LOW,NONE,NONE,1,1,HackerNews,2025-05-17,2025-05-17,1,True,False,3.3,0.0002,649
CVE-2024-13176,CVE-2024-13176-1,2025-05-17,HackerNews,4.1,medium,0.00024,original,PHYSICAL,LOW,LOW,NONE,UNCHANGED,LOW,LOW,LOW,1,1,HackerNews,2025-05-17,2025-05-17,1,True,True,4.1,0.00024,965
CVE-2024-0147,CVE-2024-0147-1,2025-05-17,HackerNews,5.5,medium,0.00023,original,LOCAL,LOW,LOW,NONE,UNCHANGED,NONE,NONE,HIGH,1,1,HackerNews,2025-05-17,2025-05-17,1,True,False,5.5,0.00023,648
CVE-2024-0131,CVE-2024-0131-1,2025-05-17,HackerNews,4.4,medium,0.00022,original,LOCAL,LOW,HIGH,NONE,UNCHANGED,NONE,NONE,HIGH,1,1,HackerNews,2025-05-17,2025-05-17,1,True,False,4.4,0.00022,645
CVE-2024-6485,CVE-2024-6485-1,2025-05-17,HackerNews,6.4,medium,0.0005,original,NETWORK,HIGH,NONE,REQUIRED,UNCHANGED,HIGH,LOW,LOW,1,1,HackerNews,2025-05-17,2025-05-17,1,True,False,6.4,0.0005,2294
CVE-2025-4440,CVE-2025-4440-1,2025-05-18,Reddit,8.0,high,0.0004,original,ADJACENT_NETWORK,LOW,LOW,NONE,UNCHANGED,HIGH,HIGH,HIGH,1,1,Reddit,2025-05-18,2025-05-18,1,True,True,8.0,0.0004,4048
CVE-2024-29073,CVE-2024-29073-1,2025-05-18,HackerNews,5.3,medium,0.00169,original,NETWORK,HIGH,NONE,REQUIRED,UNCHANGED,HIGH,NONE,NONE,1,1,HackerNews,2025-05-18,2025-05-18,1,True,False,5.3,0.00169,1189
CVE-2025-46739,CVE-2025-46739-1,2025-05-18,Reddit,8.1,high,0.00072,original,NETWORK,HIGH,NONE,NONE,UNCHANGED,HIGH,HIGH,HIGH,1,1,Reddit,2025-05-18,2025-05-18,2,True,False,8.1,0.00072,4120
CVE-2024-32152,CVE-2024-32152-1,2025-05-18,HackerNews,3.1,low,0.00098,original,NETWORK,HIGH,NONE,REQUIRED,UNCHANGED,NONE,LOW,NONE,1,1,HackerNews,2025-05-18,2025-05-18,1,True,False,3.1,0.00098,1211
CVE-2024-32484,CVE-2024-32484-1,2025-05-18,HackerNews,7.4,high,0.00707,original,NETWORK,LOW,NONE,REQUIRED,CHANGED,HIGH,NONE,NONE,1,1,HackerNews,2025-05-18,2025-05-18,1,True,False,7.4,0.00707,1214
CVE-2023-51745,CVE-2023-51745-1,2025-05-18,Reddit,7.8,high,0.00035,original,LOCAL,LOW,NONE,REQUIRED,UNCHANGED,HIGH,HIGH,HIGH,1,1,Reddit,2025-05-18,2025-05-18,1,True,False,7.8,0.00035,625
CVE-2025-47269,CVE-2025-47269-1,2025-05-18,Reddit,8.3,high,0.00038,original,NETWORK,LOW,NONE,REQUIRED,UNCHANGED,HIGH,HIGH,LOW,1,1,Reddit,2025-05-18,2025-05-18,1,True,True,8.3,0.00038,4128
CVE-2024-26020,CVE-2024-26020-1,2025-05-18,HackerNews,9.6,critical,0.00628,original,NETWORK,LOW,NONE,REQUIRED,CHANGED,HIGH,HIGH,HIGH,1,1,HackerNews,2025-05-18,2025-05-18,1,True,False,9.6,0.00628,1152
CVE-2025-26169,CVE-2025-26169-1,2025-05-18,Reddit,8.1,high,0.00017,original,LOCAL,HIGH,NONE,NONE,CHANGED,HIGH,HIGH,HIGH,1,1,Reddit,2025-05-18,2025-05-18,1,True,False,8.1,0.00017,3211
CVE-2016-10243,CVE-2016-10243-1,2025-05-18,HackerNews,9.8,critical,0.02875,original,NETWORK,LOW,NONE,NONE,UNCHANGED,HIGH,HIGH,HIGH,1,1,HackerNews,2025-05-18,2025-05-18,1,True,False,9.8,0.02875,18
CVE-2024-20698,CVE-2024-20698-1,2025-05-18,Reddit,7.8,high,0.17205,original,LOCAL,LOW,LOW,NONE,UNCHANGED,HIGH,HIGH,HIGH,1,1,Reddit,2025-05-18,2025-05-18,1,True,False,7.8,0.17205,1067
CVE-2024-20656,CVE-2024-20656-1,2025-05-18,Reddit,7.8,high,0.62165,original,LOCAL,LOW,LOW,NONE,UNCHANGED,HIGH,HIGH,HIGH,1,1,Reddit,2025-05-18,2025-05-18,1,True,False,7.8,0.62165,1066
CVE-2025-3600,CVE-2025-3600-1,2025-05-19,Mastodon,7.5,high,0.0004,original,NETWORK,LOW,NONE,NONE,UNCHANGED,NONE,NONE,HIGH,1,1,Mastodon,2025-05-19,2025-05-19,2,True,False,7.5,0.0004,3903
CVE-2024-21325,CVE-2024-21325-1,2025-05-19,Reddit,7.8,high,0.00814,original,LOCAL,LOW,NONE,REQUIRED,UNCHANGED,HIGH,HIGH,HIGH,1,1,Reddit,2025-05-19,2025-05-19,1,True,False,7.8,0.00814,1072
CVE-2025-4918,CVE-2025-4918-1,2025-05-19,BleepingComputer,7.5,high,0.00018,original,NETWORK,LOW,NONE,NONE,UNCHANGED,HIGH,NONE,NONE,7,2,"BleepingComputer, Reddit",2025-05-19,2025-05-20,11,True,False,7.5,0.0003,4169
CVE-2025-30733,CVE-2025-30733-2,2025-05-19,HackerNews,6.5,medium,0.00044,original,NETWORK,LOW,NONE,REQUIRED,UNCHANGED,HIGH,NONE,NONE,2,1,HackerNews,2025-05-19,2025-05-21,2,True,False,6.5,0.00044,3611
CVE-2025-47946,CVE-2025-47946-1,2025-05-19,Reddit,6.1,medium,0.00029,enriched,NETWORK,LOW,NONE,REQUIRED,CHANGED,LOW,LOW,NONE,1,1,Reddit,2025-05-19,2025-05-19,1,True,True,6.1,0.00029,4148
CVE-2024-29943,CVE-2024-29943-1,2025-05-19,BleepingComputer,9.8,critical,0.6321,original,NETWORK,LOW,NONE,NONE,UNCHANGED,HIGH,HIGH,HIGH,3,1,BleepingComputer,2025-05-19,2025-05-19,3,True,False,9.8,0.6321,1196
CVE-2024-29944,CVE-2024-29944-1,2025-05-19,BleepingComputer,8.4,high,0.00729,original,LOCAL,LOW,NONE,NONE,UNCHANGED,HIGH,HIGH,HIGH,3,1,BleepingComputer,2025-05-19,2025-05-19,3,True,False,8.4,0.00729,1197
CVE-2025-22866,CVE-2025-22866-1,2025-05-19,HackerNews,4.0,medium,9e-05,original,LOCAL,LOW,NONE,NONE,UNCHANGED,LOW,NONE,NONE,1,1,HackerNews,2025-05-19,2025-05-19,1,True,False,4.0,9e-05,2876
CVE-2024-37014,CVE-2024-37014-1,2025-05-19,HackerNews,9.8,critical,0.02498,original,NETWORK,LOW,NONE,NONE,UNCHANGED,HIGH,HIGH,HIGH,1,1,HackerNews,2025-05-19,2025-05-19,1,True,False,9.8,0.02498,1265
CVE-2025-4919,CVE-2025-4919-1,2025-05-19,BleepingComputer,8.8,high,0.00018,original,NETWORK,LOW,NONE,REQUIRED,UNCHANGED,HIGH,HIGH,HIGH,8,2,"BleepingComputer, Reddit",2025-05-19,2025-05-30,10,True,False,8.8,0.00046,4170
CVE-2023-34332,CVE-2023-34332-1,2025-05-19,Reddit,7.8,high,0.00021,original,LOCAL,LOW,LOW,NONE,UNCHANGED,HIGH,HIGH,HIGH,1,1,Reddit,2025-05-19,2025-05-19,1,True,False,7.8,0.00021,454
CVE-2023-32366,CVE-2023-32366-1,2025-05-19,Reddit,7.8,high,0.00075,original,LOCAL,LOW,NONE,REQUIRED,UNCHANGED,HIGH,HIGH,HIGH,1,1,Reddit,2025-05-19,2025-05-19,1,True,False,7.8,0.00075,428
CVE-2025-3953,CVE-2025-3953-1,2025-05-19,Reddit,6.5,medium,0.00035,original,NETWORK,LOW,NONE,NONE,UNCHANGED,LOW,LOW,NONE,1,1,Reddit,2025-05-19,2025-05-19,1,True,False,6.5,0.00035,3956
CVE-2025-4887,CVE-2025-4887-1,2025-05-19,Reddit,4.3,medium,0.00016,original,NETWORK,LOW,NONE,REQUIRED,UNCHANGED,NONE,LOW,NONE,1,1,Reddit,2025-05-19,2025-05-19,1,True,True,4.3,0.00016,4167
CVE-2025-4875,CVE-2025-4875-1,2025-05-19,Reddit,7.3,high,0.0003,original,NETWORK,LOW,NONE,NONE,UNCHANGED,LOW,LOW,LOW,1,1,Reddit,2025-05-19,2025-05-19,2,True,False,7.3,0.0003,4163
CVE-2023-29445,CVE-2023-29445-1,2025-05-19,Reddit,7.8,high,0.00033,original,LOCAL,LOW,NONE,REQUIRED,UNCHANGED,HIGH,HIGH,HIGH,1,1,Reddit,2025-05-19,2025-05-19,1,True,False,7.8,0.00033,397
CVE-2021-30871,CVE-2021-30871-1,2025-05-19,HackerNews,5.5,medium,0.00143,original,LOCAL,LOW,LOW,NONE,UNCHANGED,HIGH,NONE,NONE,1,1,HackerNews,2025-05-19,2025-05-19,1,True,False,5.5,0.00143,170
CVE-2024-48061,CVE-2024-48061-1,2025-05-19,HackerNews,9.8,critical,0.00134,original,NETWORK,LOW,NONE,NONE,UNCHANGED,HIGH,HIGH,HIGH,1,1,HackerNews,2025-05-19,2025-05-19,1,True,False,9.8,0.00134,1596
CVE-2025-43010,CVE-2025-43010-1,2025-05-19,Reddit,8.3,high,0.00047,original,NETWORK,LOW,LOW,NONE,UNCHANGED,LOW,HIGH,HIGH,1,1,Reddit,2025-05-19,2025-05-19,2,True,False,8.3,0.00047,4013
CVE-2022-46721,CVE-2022-46721-1,2025-05-19,Reddit,7.8,high,0.00078,original,LOCAL,LOW,NONE,REQUIRED,UNCHANGED,HIGH,HIGH,HIGH,1,1,Reddit,2025-05-19,2025-05-19,1,True,False,7.8,0.00078,293
CVE-2023-49641,CVE-2023-49641-1,2025-05-19,Reddit,9.8,critical,0.0004,original,NETWORK,LOW,NONE,NONE,UNCHANGED,HIGH,HIGH,HIGH,1,1,Reddit,2025-05-19,2025-05-19,1,True,False,9.8,0.0004,608
CVE-2024-7297,CVE-2024-7297-1,2025-05-19,HackerNews,8.8,high,0.00073,original,NETWORK,LOW,LOW,NONE,UNCHANGED,HIGH,HIGH,HIGH,1,1,HackerNews,2025-05-19,2025-05-19,1,True,False,8.8,0.00073,2309
CVE-2024-42835,CVE-2024-42835-1,2025-05-19,HackerNews,9.8,critical,0.00475,original,NETWORK,LOW,NONE,NONE,UNCHANGED,HIGH,HIGH,HIGH,1,1,HackerNews,2025-05-19,2025-05-19,1,True,False,9.8,0.00475,1428
CVE-2021-30769,CVE-2021-30769-1,2025-05-20,HackerNews,5.5,medium,0.00099,original,LOCAL,LOW,NONE,REQUIRED,UNCHANGED,NONE,HIGH,NONE,1,1,HackerNews,2025-05-20,2025-05-20,1,True,False,5.5,0.00099,167
CVE-2025-4474,CVE-2025-4474-1,2025-05-20,Reddit,8.8,high,0.00047,original,NETWORK,LOW,LOW,NONE,UNCHANGED,HIGH,HIGH,HIGH,1,1,Reddit,2025-05-20,2025-05-20,2,True,False,8.8,0.00047,4053
CVE-2025-4391,CVE-2025-4391-1,2025-05-20,HackerNews,9.8,critical,0.0015,original,NETWORK,LOW,NONE,NONE,UNCHANGED,HIGH,HIGH,HIGH,1,1,HackerNews,2025-05-20,2025-05-20,2,True,False,9.8,0.0015,4031
CVE-2025-4389,CVE-2025-4389-1,2025-05-20,HackerNews,9.8,critical,0.0015,original,NETWORK,LOW,NONE,NONE,UNCHANGED,HIGH,HIGH,HIGH,1,1,HackerNews,2025-05-20,2025-05-20,5,True,False,9.8,0.0015,4030
CVE-2025-32469,CVE-2025-32469-1,2025-05-20,Reddit,9.9,critical,0.00274,original,NETWORK,LOW,LOW,NONE,CHANGED,HIGH,HIGH,HIGH,1,1,Reddit,2025-05-20,2025-05-20,2,True,False,9.9,0.00274,3759
CVE-2025-4322,CVE-2025-4322-1,2025-05-20,BleepingComputer,9.8,critical,0.00055,original,NETWORK,LOW,NONE,NONE,UNCHANGED,HIGH,HIGH,HIGH,2,2,"BleepingComputer, Reddit",2025-05-20,2025-05-27,6,True,False,9.8,0.00097,4017
CVE-2023-52590,CVE-2023-52590-1,2025-05-20,HackerNews,5.5,medium,8e-05,original,LOCAL,LOW,LOW,NONE,UNCHANGED,NONE,NONE,HIGH,1,1,HackerNews,2025-05-20,2025-05-20,1,True,False,5.5,8e-05,628
CVE-2025-41228,CVE-2025-41228-1,2025-05-20,Reddit,4.3,medium,0.00029,enriched,NETWORK,LOW,NONE,REQUIRED,UNCHANGED,LOW,NONE,NONE,1,1,Reddit,2025-05-20,2025-05-20,1,True,False,4.3,0.00029,3991
CVE-2025-32928,CVE-2025-32928-1,2025-05-20,Reddit,9.8,critical,0.00041,original,NETWORK,LOW,NONE,NONE,UNCHANGED,HIGH,HIGH,HIGH,2,1,Reddit,2025-05-20,2025-05-27,2,True,False,9.8,0.00054,3852
CVE-2024-26627,CVE-2024-26627-1,2025-05-20,HackerNews,5.5,medium,0.00013,original,LOCAL,LOW,LOW,NONE,UNCHANGED,NONE,NONE,HIGH,1,1,HackerNews,2025-05-20,2025-05-20,1,True,False,5.5,0.00013,1161
CVE-2024-26626,CVE-2024-26626-1,2025-05-20,HackerNews,5.5,medium,0.00018,original,LOCAL,LOW,LOW,NONE,UNCHANGED,NONE,NONE,HIGH,1,1,HackerNews,2025-05-20,2025-05-20,1,True,False,5.5,0.00018,1160
CVE-2024-24780,CVE-2024-24780-1,2025-05-20,Reddit,9.8,critical,0.00378,original,NETWORK,LOW,NONE,NONE,UNCHANGED,HIGH,HIGH,HIGH,1,1,Reddit,2025-05-20,2025-05-20,1,True,False,9.8,0.00378,1138
CVE-2025-26390,CVE-2025-26390-1,2025-05-20,Reddit,9.8,critical,0.00087,original,NETWORK,LOW,NONE,NONE,UNCHANGED,HIGH,HIGH,HIGH,1,1,Reddit,2025-05-20,2025-05-20,1,True,False,9.8,0.00087,3241
CVE-2023-52591,CVE-2023-52591-1,2025-05-20,HackerNews,7.8,high,0.00013,original,LOCAL,LOW,LOW,NONE,UNCHANGED,HIGH,HIGH,HIGH,1,1,HackerNews,2025-05-20,2025-05-20,1,True,False,7.8,0.00013,629
CVE-2023-52589,CVE-2023-52589-1,2025-05-20,HackerNews,4.7,medium,0.00012,original,LOCAL,HIGH,LOW,NONE,UNCHANGED,NONE,NONE,HIGH,1,1,HackerNews,2025-05-20,2025-05-20,1,True,False,4.7,0.00012,627
CVE-2025-45861,CVE-2025-45861-1,2025-05-20,Reddit,9.8,critical,0.00094,original,NETWORK,LOW,NONE,NONE,UNCHANGED,HIGH,HIGH,HIGH,1,1,Reddit,2025-05-20,2025-05-20,1,True,True,9.8,0.00094,4081
CVE-2025-45858,CVE-2025-45858-1,2025-05-20,Reddit,9.8,critical,0.00404,original,NETWORK,LOW,NONE,NONE,UNCHANGED,HIGH,HIGH,HIGH,1,1,Reddit,2025-05-20,2025-05-20,1,True,True,9.8,0.00404,4080
CVE-2025-29840,CVE-2025-29840-1,2025-05-20,Reddit,8.8,high,0.00065,original,NETWORK,LOW,NONE,REQUIRED,UNCHANGED,HIGH,HIGH,HIGH,1,1,Reddit,2025-05-20,2025-05-20,1,True,False,8.8,0.00065,3527
CVE-2025-41227,CVE-2025-41227-1,2025-05-20,Reddit,5.5,medium,0.00013,enriched,LOCAL,LOW,LOW,NONE,UNCHANGED,NONE,NONE,HIGH,1,1,Reddit,2025-05-20,2025-05-20,1,True,False,5.5,0.00013,3990
CVE-2025-41226,CVE-2025-41226-1,2025-05-20,Reddit,6.8,medium,0.0002,enriched,ADJACENT_NETWORK,LOW,LOW,NONE,CHANGED,NONE,NONE,HIGH,1,1,Reddit,2025-05-20,2025-05-20,1,True,False,6.8,0.0002,3989
CVE-2025-41225,CVE-2025-41225-1,2025-05-20,Reddit,8.8,high,0.00021,enriched,LOCAL,LOW,LOW,NONE,CHANGED,HIGH,HIGH,HIGH,1,1,Reddit,2025-05-20,2025-05-20,2,True,False,8.8,0.00021,3988
CVE-2025-47241,CVE-2025-47241-1,2025-05-20,Reddit,4.0,medium,0.00035,original,NETWORK,HIGH,NONE,NONE,CHANGED,NONE,LOW,NONE,17,2,"HackerNews, Reddit",2025-05-20,2025-05-26,17,True,True,4.0,0.00035,4127
CVE-2022-41966,CVE-2022-41966-1,2025-05-20,Mastodon,8.2,high,0.04884,original,NETWORK,LOW,NONE,NONE,UNCHANGED,NONE,LOW,HIGH,1,1,Mastodon,2025-05-20,2025-05-20,1,True,False,8.2,0.04884,281
CVE-2024-45641,CVE-2024-45641-1,2025-05-21,Reddit,6.5,medium,0.00014,original,NETWORK,LOW,NONE,NONE,UNCHANGED,LOW,LOW,NONE,1,1,Reddit,2025-05-21,2025-05-21,1,True,False,6.5,0.00014,1519
CVE-2024-54780,CVE-2024-54780-1,2025-05-21,Reddit,8.8,high,0.00328,original,NETWORK,LOW,LOW,NONE,UNCHANGED,HIGH,HIGH,HIGH,1,1,Reddit,2025-05-21,2025-05-21,1,True,False,8.8,0.00328,2038
CVE-2025-47936,CVE-2025-47936-1,2025-05-21,Reddit,3.3,low,0.00033,original,NETWORK,HIGH,HIGH,NONE,UNCHANGED,NONE,LOW,LOW,1,1,Reddit,2025-05-21,2025-05-21,1,True,False,3.3,0.00033,4147
CVE-2025-27891,CVE-2025-27891-1,2025-05-21,Reddit,9.1,critical,0.00056,original,NETWORK,LOW,NONE,NONE,UNCHANGED,HIGH,NONE,HIGH,1,1,Reddit,2025-05-21,2025-05-21,1,True,False,9.1,0.00056,3435
CVE-2025-47277,CVE-2025-47277-1,2025-05-21,Reddit,9.8,critical,0.00047,original,NETWORK,LOW,NONE,NONE,UNCHANGED,HIGH,HIGH,HIGH,2,1,Reddit,2025-05-21,2025-05-27,2,True,True,9.8,0.00062,4130
CVE-2025-40775,CVE-2025-40775-2,2025-05-21,Reddit,7.5,high,0.00023,enriched,NETWORK,LOW,NONE,NONE,UNCHANGED,NONE,NONE,HIGH,5,1,Reddit,2025-05-21,2025-06-01,7,True,False,7.5,0.00046,3980
CVE-2025-47777,CVE-2025-47777-1,2025-05-21,Reddit,9.6,critical,0.00289,original,NETWORK,LOW,NONE,REQUIRED,CHANGED,HIGH,HIGH,HIGH,1,1,Reddit,2025-05-21,2025-05-21,2,True,True,9.6,0.00289,4145
CVE-2025-43560,CVE-2025-43560-1,2025-05-21,Reddit,9.1,critical,0.01926,original,NETWORK,LOW,HIGH,NONE,CHANGED,HIGH,HIGH,HIGH,1,1,Reddit,2025-05-21,2025-05-21,2,True,False,9.1,0.01926,4019
CVE-2025-43562,CVE-2025-43562-1,2025-05-21,Reddit,9.1,critical,0.01039,original,NETWORK,LOW,HIGH,NONE,CHANGED,HIGH,HIGH,HIGH,1,1,Reddit,2025-05-21,2025-05-21,2,True,False,9.1,0.01039,4020
CVE-2025-4564,CVE-2025-4564-1,2025-05-21,Reddit,9.8,critical,0.00598,original,NETWORK,LOW,NONE,NONE,UNCHANGED,HIGH,HIGH,HIGH,1,1,Reddit,2025-05-21,2025-05-21,1,True,False,9.8,0.00598,4075
CVE-2025-29962,CVE-2025-29962-1,2025-05-21,Reddit,8.8,high,0.00065,original,NETWORK,LOW,NONE,REQUIRED,UNCHANGED,HIGH,HIGH,HIGH,1,1,Reddit,2025-05-21,2025-05-21,1,True,False,8.8,0.00065,3534
CVE-2025-29964,CVE-2025-29964-1,2025-05-21,Reddit,8.8,high,0.00065,original,NETWORK,LOW,NONE,REQUIRED,UNCHANGED,HIGH,HIGH,HIGH,1,1,Reddit,2025-05-21,2025-05-21,1,True,False,8.8,0.00065,3535
CVE-2025-3623,CVE-2025-3623-1,2025-05-22,Reddit,8.1,high,0.00061,original,NETWORK,LOW,LOW,NONE,UNCHANGED,NONE,HIGH,HIGH,1,1,Reddit,2025-05-22,2025-05-22,2,True,False,8.1,0.00061,3911
CVE-2025-30377,CVE-2025-30377-1,2025-05-22,Reddit,8.4,high,0.00049,original,LOCAL,LOW,NONE,NONE,UNCHANGED,HIGH,HIGH,HIGH,1,1,Reddit,2025-05-22,2025-05-22,1,True,False,8.4,0.00049,3569
CVE-2025-4366,CVE-2025-4366-1,2025-05-22,HackerNews,8.0,high,0.00038,enriched,NETWORK,HIGH,NONE,REQUIRED,CHANGED,HIGH,HIGH,NONE,1,1,HackerNews,2025-05-22,2025-05-22,2,True,False,8.0,0.00038,4022
CVE-2025-26651,CVE-2025-26651-1,2025-05-22,Reddit,6.5,medium,0.13193,original,NETWORK,LOW,LOW,NONE,UNCHANGED,NONE,NONE,HIGH,1,1,Reddit,2025-05-22,2025-05-22,1,True,False,6.5,0.13193,3261
CVE-2025-26817,CVE-2025-26817-1,2025-05-22,Reddit,9.8,critical,0.00415,original,NETWORK,LOW,NONE,NONE,UNCHANGED,HIGH,HIGH,HIGH,2,1,Reddit,2025-05-22,2025-05-24,4,True,False,9.8,0.00415,3285
CVE-2025-27523,CVE-2025-27523-1,2025-05-22,Reddit,8.7,high,0.00058,original,NETWORK,HIGH,NONE,NONE,CHANGED,HIGH,NONE,HIGH,1,1,Reddit,2025-05-22,2025-05-22,2,True,False,8.7,0.00058,3376
CVE-2025-48010,CVE-2025-48010-1,2025-05-22,Reddit,4.8,medium,0.00037,original,NETWORK,HIGH,NONE,NONE,UNCHANGED,LOW,LOW,NONE,1,1,Reddit,2025-05-22,2025-05-22,1,True,False,4.8,0.00037,4149
CVE-2024-11267,CVE-2024-11267-1,2025-05-22,Reddit,8.8,high,0.00036,original,NETWORK,LOW,LOW,NONE,UNCHANGED,HIGH,HIGH,HIGH,1,1,Reddit,2025-05-22,2025-05-22,1,True,False,8.8,0.00036,749
CVE-2025-20246,CVE-2025-20246-1,2025-05-22,Reddit,6.1,medium,0.0004,original,NETWORK,LOW,NONE,REQUIRED,CHANGED,LOW,LOW,NONE,1,1,Reddit,2025-05-22,2025-05-22,1,True,False,6.1,0.0004,2690
CVE-2025-30663,CVE-2025-30663-1,2025-05-22,Reddit,8.8,high,0.00013,original,LOCAL,LOW,LOW,NONE,CHANGED,HIGH,HIGH,HIGH,1,1,Reddit,2025-05-22,2025-05-22,2,True,False,8.8,0.00013,3604
CVE-2025-0993,CVE-2025-0993-1,2025-05-22,Reddit,7.5,high,0.00033,enriched,NETWORK,LOW,NONE,NONE,UNCHANGED,NONE,NONE,HIGH,1,1,Reddit,2025-05-22,2025-05-22,2,True,False,7.5,0.00033,2525
CVE-2025-20018,CVE-2025-20018-1,2025-05-22,Reddit,8.4,high,0.00014,original,LOCAL,LOW,LOW,NONE,CHANGED,NONE,HIGH,HIGH,1,1,Reddit,2025-05-22,2025-05-22,1,True,False,8.4,0.00014,2650
CVE-2025-24022,CVE-2025-24022-1,2025-05-22,Reddit,8.5,high,0.0008,original,NETWORK,HIGH,LOW,NONE,CHANGED,HIGH,HIGH,HIGH,1,1,Reddit,2025-05-22,2025-05-22,2,True,True,8.5,0.0008,2969
CVE-2025-4731,CVE-2025-4731-1,2025-05-23,Reddit,8.8,high,0.00086,original,NETWORK,LOW,LOW,NONE,UNCHANGED,HIGH,HIGH,HIGH,1,1,Reddit,2025-05-23,2025-05-23,2,True,True,8.8,0.00086,4131
CVE-2025-4575,CVE-2025-4575-1,2025-05-23,HackerNews,6.5,medium,0.0002,original,NETWORK,LOW,NONE,NONE,UNCHANGED,NONE,LOW,LOW,1,1,HackerNews,2025-05-23,2025-05-23,1,True,True,6.5,0.0002,4076
CVE-2025-48187,CVE-2025-48187-1,2025-05-23,Reddit,9.1,critical,0.00039,original,NETWORK,LOW,NONE,NONE,UNCHANGED,HIGH,HIGH,NONE,1,1,Reddit,2025-05-23,2025-05-23,2,True,False,9.1,0.00039,4152
CVE-2025-4824,CVE-2025-4824-1,2025-05-23,Reddit,8.8,high,0.00086,original,NETWORK,LOW,LOW,NONE,UNCHANGED,HIGH,HIGH,HIGH,1,1,Reddit,2025-05-23,2025-05-23,2,True,True,8.8,0.00086,4156
CVE-2025-4810,CVE-2025-4810-1,2025-05-23,Reddit,8.8,high,0.00048,original,NETWORK,LOW,LOW,NONE,UNCHANGED,HIGH,HIGH,HIGH,1,1,Reddit,2025-05-23,2025-05-23,1,True,False,8.8,0.00048,4151
CVE-2023-6241,CVE-2023-6241-2,2025-05-23,HackerNews,7.0,high,0.09367,original,LOCAL,HIGH,LOW,NONE,UNCHANGED,HIGH,HIGH,HIGH,2,1,HackerNews,2025-05-23,2025-05-25,2,True,False,7.0,0.09367,633
CVE-2025-20113,CVE-2025-20113-1,2025-05-23,Reddit,7.1,high,0.00054,original,NETWORK,LOW,LOW,NONE,UNCHANGED,HIGH,LOW,NONE,1,1,Reddit,2025-05-23,2025-05-23,2,True,False,7.1,0.00054,2664
CVE-2025-4123,CVE-2025-4123-1,2025-05-23,Reddit,7.6,high,0.03175,original,NETWORK,LOW,NONE,REQUIRED,UNCHANGED,HIGH,LOW,LOW,1,1,Reddit,2025-05-23,2025-05-23,8,True,False,7.6,0.03175,3992
CVE-2024-13930,CVE-2024-13930-1,2025-05-23,Reddit,4.9,medium,0.00054,original,NETWORK,LOW,HIGH,NONE,UNCHANGED,NONE,NONE,HIGH,1,1,Reddit,2025-05-23,2025-05-23,1,True,False,4.9,0.00054,1045
CVE-2025-31640,CVE-2025-31640-1,2025-05-23,Reddit,8.5,high,0.00033,original,NETWORK,LOW,LOW,NONE,CHANGED,HIGH,NONE,LOW,1,1,Reddit,2025-05-23,2025-05-23,1,True,False,8.5,0.00033,3709
CVE-2024-13955,CVE-2024-13955-1,2025-05-23,Reddit,8.8,high,0.0003,original,NETWORK,LOW,LOW,NONE,UNCHANGED,HIGH,HIGH,HIGH,2,1,Reddit,2025-05-23,2025-05-31,2,True,False,8.8,0.00034,1048
CVE-2025-2410,CVE-2025-2410-1,2025-05-23,Reddit,9.1,critical,0.00044,original,NETWORK,LOW,HIGH,NONE,CHANGED,HIGH,HIGH,HIGH,1,1,Reddit,2025-05-23,2025-05-23,1,True,False,9.1,0.00044,2987
CVE-2022-38181,CVE-2022-38181-2,2025-05-23,HackerNews,8.8,high,0.25617,original,NETWORK,LOW,LOW,NONE,UNCHANGED,HIGH,HIGH,HIGH,2,1,HackerNews,2025-05-23,2025-05-25,2,True,False,8.8,0.25617,267
CVE-2025-39481,CVE-2025-39481-1,2025-05-23,Reddit,9.3,critical,0.0004,original,NETWORK,LOW,NONE,NONE,CHANGED,HIGH,NONE,LOW,1,1,Reddit,2025-05-23,2025-05-23,1,True,False,9.3,0.0004,3950
CVE-2024-42509,CVE-2024-42509-1,2025-05-23,Reddit,9.8,critical,0.00246,original,NETWORK,LOW,NONE,NONE,UNCHANGED,HIGH,HIGH,HIGH,1,1,Reddit,2025-05-23,2025-05-23,1,True,False,9.8,0.00246,1422
CVE-2024-47461,CVE-2024-47461-1,2025-05-23,Reddit,7.2,high,0.00251,original,NETWORK,LOW,HIGH,NONE,UNCHANGED,HIGH,HIGH,HIGH,1,1,Reddit,2025-05-23,2025-05-23,1,True,False,7.2,0.00251,1571
CVE-2025-32310,CVE-2025-32310-1,2025-05-23,Reddit,8.8,high,0.00019,original,NETWORK,LOW,NONE,REQUIRED,UNCHANGED,HIGH,HIGH,HIGH,1,1,Reddit,2025-05-23,2025-05-23,1,True,False,8.8,0.00019,3740
CVE-2025-20152,CVE-2025-20152-1,2025-05-23,Reddit,8.6,high,0.00088,original,NETWORK,LOW,NONE,NONE,CHANGED,NONE,NONE,HIGH,1,1,Reddit,2025-05-23,2025-05-23,2,True,False,8.6,0.00088,2674
CVE-2025-20114,CVE-2025-20114-1,2025-05-23,Reddit,4.3,medium,0.00034,original,NETWORK,LOW,LOW,NONE,UNCHANGED,LOW,NONE,NONE,1,1,Reddit,2025-05-23,2025-05-23,1,True,False,4.3,0.00034,2665
CVE-2025-0072,CVE-2025-0072-2,2025-05-23,HackerNews,7.8,high,0.00015,original,LOCAL,LOW,LOW,NONE,UNCHANGED,HIGH,HIGH,HIGH,3,2,"HackerNews, Reddit",2025-05-23,2025-05-25,3,True,False,7.8,0.00015,2416
CVE-2024-47460,CVE-2024-47460-1,2025-05-23,Reddit,9.0,critical,0.00102,original,NETWORK,HIGH,NONE,NONE,CHANGED,HIGH,HIGH,HIGH,1,1,Reddit,2025-05-23,2025-05-23,1,True,False,9.0,0.00102,1570
CVE-2025-31928,CVE-2025-31928-1,2025-05-23,Reddit,8.5,high,0.00033,original,NETWORK,LOW,LOW,NONE,CHANGED,HIGH,NONE,LOW,1,1,Reddit,2025-05-23,2025-05-23,1,True,False,8.5,0.00033,3715
CVE-2025-48708,CVE-2025-48708-1,2025-05-24,HackerNews,4.0,medium,0.00011,original,LOCAL,LOW,NONE,NONE,UNCHANGED,LOW,NONE,NONE,2,2,"HackerNews, Reddit",2025-05-24,2025-05-27,3,True,False,4.0,0.00011,4162
CVE-2025-4759,CVE-2025-4759-1,2025-05-24,Reddit,8.3,high,0.00055,original,NETWORK,LOW,NONE,NONE,CHANGED,LOW,LOW,LOW,1,1,Reddit,2025-05-24,2025-05-24,2,True,True,8.3,0.00055,4137
CVE-2025-48286,CVE-2025-48286-1,2025-05-24,Reddit,7.1,high,0.00033,original,NETWORK,LOW,NONE,REQUIRED,CHANGED,LOW,LOW,LOW,1,1,Reddit,2025-05-24,2025-05-24,1,True,False,7.1,0.00033,4158
CVE-2018-4413,CVE-2018-4413-1,2025-05-24,HackerNews,5.5,medium,0.00556,original,LOCAL,LOW,NONE,REQUIRED,UNCHANGED,HIGH,NONE,NONE,1,1,HackerNews,2025-05-24,2025-05-24,1,True,False,5.5,0.00556,65
CVE-2025-4841,CVE-2025-4841-1,2025-05-24,Reddit,8.8,high,0.0005,original,NETWORK,LOW,LOW,NONE,UNCHANGED,HIGH,HIGH,HIGH,1,1,Reddit,2025-05-24,2025-05-24,1,True,False,8.8,0.0005,4161
CVE-2018-4344,CVE-2018-4344-1,2025-05-24,HackerNews,7.8,high,0.00515,original,LOCAL,LOW,NONE,REQUIRED,UNCHANGED,HIGH,HIGH,HIGH,1,1,HackerNews,2025-05-24,2025-05-24,1,True,False,7.8,0.00515,64
CVE-2025-32290,CVE-2025-32290-1,2025-05-24,Reddit,8.5,high,0.00033,original,NETWORK,LOW,LOW,NONE,CHANGED,HIGH,NONE,LOW,1,1,Reddit,2025-05-24,2025-05-24,1,True,False,8.5,0.00033,3738
CVE-2025-32307,CVE-2025-32307-1,2025-05-24,Reddit,8.5,high,0.00033,original,NETWORK,LOW,LOW,NONE,CHANGED,HIGH,NONE,LOW,1,1,Reddit,2025-05-24,2025-05-24,1,True,False,8.5,0.00033,3739
CVE-2025-3580,CVE-2025-3580-1,2025-05-24,Reddit,5.5,medium,0.00028,original,NETWORK,LOW,HIGH,NONE,UNCHANGED,NONE,LOW,HIGH,1,1,Reddit,2025-05-24,2025-05-24,1,True,False,5.5,0.00028,3902
CVE-2025-47641,CVE-2025-47641-1,2025-05-24,Reddit,10.0,critical,0.00043,original,NETWORK,LOW,NONE,NONE,CHANGED,HIGH,HIGH,HIGH,1,1,Reddit,2025-05-24,2025-05-24,1,True,False,10.0,0.00043,4140
CVE-2025-4831,CVE-2025-4831-1,2025-05-24,Reddit,8.8,high,0.00144,original,NETWORK,LOW,LOW,NONE,UNCHANGED,HIGH,HIGH,HIGH,1,1,Reddit,2025-05-24,2025-05-24,2,True,True,8.8,0.00144,4159
CVE-2025-47658,CVE-2025-47658-1,2025-05-24,Reddit,9.9,critical,0.00042,original,NETWORK,LOW,LOW,NONE,CHANGED,HIGH,HIGH,HIGH,1,1,Reddit,2025-05-24,2025-05-24,1,True,False,9.9,0.00042,4141
CVE-2020-9859,CVE-2020-9859-1,2025-05-24,HackerNews,7.8,high,0.00369,original,LOCAL,LOW,LOW,NONE,UNCHANGED,HIGH,HIGH,HIGH,1,1,HackerNews,2025-05-24,2025-05-24,1,True,False,7.8,0.00369,149
CVE-2025-4827,CVE-2025-4827-1,2025-05-24,Reddit,8.8,high,0.00144,original,NETWORK,LOW,LOW,NONE,UNCHANGED,HIGH,HIGH,HIGH,1,1,Reddit,2025-05-24,2025-05-24,2,True,True,8.8,0.00144,4157
CVE-2025-4896,CVE-2025-4896-1,2025-05-24,Reddit,8.8,high,0.00048,original,NETWORK,LOW,LOW,NONE,UNCHANGED,HIGH,HIGH,HIGH,1,1,Reddit,2025-05-24,2025-05-24,2,True,True,8.8,0.00048,4168
CVE-2025-4834,CVE-2025-4834-1,2025-05-24,Reddit,8.8,high,0.00144,original,NETWORK,LOW,LOW,NONE,UNCHANGED,HIGH,HIGH,HIGH,1,1,Reddit,2025-05-24,2025-05-24,2,True,True,8.8,0.00144,4160
CVE-2025-3812,CVE-2025-3812-1,2025-05-25,Reddit,8.1,high,0.00341,original,NETWORK,LOW,LOW,NONE,UNCHANGED,NONE,HIGH,HIGH,1,1,Reddit,2025-05-25,2025-05-25,2,True,False,8.1,0.00341,3930
CVE-2024-13946,CVE-2024-13946-1,2025-05-25,ExploitDB,6.8,medium,0.00025,original,LOCAL,LOW,LOW,REQUIRED,UNCHANGED,HIGH,HIGH,LOW,1,1,ExploitDB,2025-05-25,2025-05-25,1,True,False,6.8,0.00025,1047
CVE-2025-20618,CVE-2025-20618-1,2025-05-25,Reddit,7.9,high,0.00016,original,LOCAL,LOW,HIGH,NONE,CHANGED,NONE,HIGH,HIGH,1,1,Reddit,2025-05-25,2025-05-25,1,True,False,7.9,0.00016,2691
CVE-2025-48236,CVE-2025-48236-1,2025-05-25,Reddit,8.5,high,0.00052,original,NETWORK,LOW,LOW,NONE,CHANGED,HIGH,NONE,LOW,1,1,Reddit,2025-05-25,2025-05-25,1,True,False,8.5,0.00052,4155
CVE-2023-29336,CVE-2023-29336-1,2025-05-25,ExploitDB,7.8,high,0.74852,original,LOCAL,LOW,LOW,NONE,UNCHANGED,HIGH,HIGH,HIGH,1,1,ExploitDB,2025-05-25,2025-05-25,1,True,False,7.8,0.74852,395
CVE-2025-43000,CVE-2025-43000-1,2025-05-25,Reddit,7.9,high,0.00014,original,LOCAL,LOW,LOW,NONE,CHANGED,HIGH,LOW,LOW,1,1,Reddit,2025-05-25,2025-05-25,2,True,False,7.9,0.00014,4012
CVE-2022-2070,CVE-2022-2070-1,2025-05-25,ExploitDB,9.8,critical,0.00083,original,NETWORK,LOW,NONE,NONE,UNCHANGED,HIGH,HIGH,HIGH,1,1,ExploitDB,2025-05-25,2025-05-25,1,True,False,9.8,0.00083,208
CVE-2024-58101,CVE-2024-58101-1,2025-05-25,Reddit,8.1,high,0.00016,original,ADJACENT_NETWORK,LOW,NONE,NONE,UNCHANGED,HIGH,HIGH,NONE,1,1,Reddit,2025-05-25,2025-05-25,1,True,False,8.1,0.00016,2272
CVE-2023-42871,CVE-2023-42871-1,2025-05-25,Reddit,7.8,high,0.00062,original,LOCAL,LOW,NONE,REQUIRED,UNCHANGED,HIGH,HIGH,HIGH,1,1,Reddit,2025-05-25,2025-05-25,1,True,False,7.8,0.00062,550
CVE-2023-42826,CVE-2023-42826-1,2025-05-25,Reddit,7.8,high,0.0003,original,LOCAL,LOW,NONE,REQUIRED,UNCHANGED,HIGH,HIGH,HIGH,1,1,Reddit,2025-05-25,2025-05-25,1,True,False,7.8,0.0003,549
CVE-2023-50671,CVE-2023-50671-1,2025-05-25,Reddit,7.8,high,0.00034,original,LOCAL,LOW,NONE,REQUIRED,UNCHANGED,HIGH,HIGH,HIGH,1,1,Reddit,2025-05-25,2025-05-25,1,True,False,7.8,0.00034,615
CVE-2024-46687,CVE-2024-46687-1,2025-05-26,Reddit,7.8,high,0.00044,original,LOCAL,LOW,LOW,NONE,UNCHANGED,HIGH,HIGH,HIGH,1,1,Reddit,2025-05-26,2025-05-26,1,True,False,7.8,0.00044,1542
CVE-2025-30310,CVE-2025-30310-1,2025-05-26,Reddit,7.8,high,0.00027,original,LOCAL,LOW,NONE,REQUIRED,UNCHANGED,HIGH,HIGH,HIGH,1,1,Reddit,2025-05-26,2025-05-26,1,True,False,7.8,0.00027,3565
CVE-2025-47582,CVE-2025-47582-1,2025-05-26,Reddit,9.8,critical,0.00054,original,NETWORK,LOW,NONE,NONE,UNCHANGED,HIGH,HIGH,HIGH,1,1,Reddit,2025-05-26,2025-05-26,1,True,False,9.8,0.00054,4136
CVE-2022-3604,CVE-2022-3604-1,2025-05-26,Reddit,7.8,high,0.00216,original,LOCAL,LOW,NONE,REQUIRED,UNCHANGED,HIGH,HIGH,HIGH,1,1,Reddit,2025-05-26,2025-05-26,1,True,False,7.8,0.00216,253
CVE-2023-42137,CVE-2023-42137-1,2025-05-26,Reddit,7.8,high,0.00108,original,LOCAL,LOW,LOW,NONE,UNCHANGED,HIGH,HIGH,HIGH,1,1,Reddit,2025-05-26,2025-05-26,1,True,False,7.8,0.00108,545
CVE-2025-47577,CVE-2025-47577-2,2025-05-26,Reddit,10.0,critical,0.00056,original,NETWORK,LOW,NONE,NONE,CHANGED,HIGH,HIGH,HIGH,3,1,Reddit,2025-05-26,2025-05-30,7,True,False,10.0,0.00056,4134
CVE-2025-26872,CVE-2025-26872-1,2025-05-26,Reddit,9.9,critical,0.00047,original,NETWORK,LOW,LOW,NONE,CHANGED,HIGH,HIGH,HIGH,1,1,Reddit,2025-05-26,2025-05-26,1,True,False,9.9,0.00047,3293
CVE-2023-7206,CVE-2023-7206-1,2025-05-26,Reddit,7.8,high,0.00026,original,LOCAL,LOW,NONE,REQUIRED,UNCHANGED,HIGH,HIGH,HIGH,1,1,Reddit,2025-05-26,2025-05-26,1,True,False,7.8,0.00026,638
CVE-2021-38314,CVE-2021-38314-1,2025-05-27,Reddit,5.3,medium,0.86722,original,NETWORK,LOW,NONE,NONE,UNCHANGED,LOW,NONE,NONE,1,1,Reddit,2025-05-27,2025-05-27,1,True,False,5.3,0.86722,181
CVE-2025-39386,CVE-2025-39386-1,2025-05-27,Reddit,9.3,critical,0.00039,original,NETWORK,LOW,NONE,NONE,CHANGED,HIGH,NONE,LOW,1,1,Reddit,2025-05-27,2025-05-27,1,True,False,9.3,0.00039,3945
CVE-2024-7264,CVE-2024-7264-1,2025-05-27,Reddit,6.5,medium,0.02574,original,NETWORK,LOW,NONE,REQUIRED,UNCHANGED,NONE,NONE,HIGH,1,1,Reddit,2025-05-27,2025-05-27,1,True,True,6.5,0.02574,2308
CVE-2025-46724,CVE-2025-46724-1,2025-05-27,Reddit,9.8,critical,0.00063,original,NETWORK,LOW,NONE,NONE,UNCHANGED,HIGH,HIGH,HIGH,1,1,Reddit,2025-05-27,2025-05-27,2,True,True,9.8,0.00063,4118
CVE-2025-0167,CVE-2025-0167-1,2025-05-27,Reddit,3.4,low,0.00062,original,NETWORK,HIGH,NONE,REQUIRED,CHANGED,LOW,NONE,NONE,1,1,Reddit,2025-05-27,2025-05-27,1,True,False,3.4,0.00062,2424
CVE-2025-5138,CVE-2025-5138-1,2025-05-27,Reddit,3.5,low,0.00029,original,NETWORK,LOW,LOW,REQUIRED,UNCHANGED,NONE,LOW,NONE,3,1,Reddit,2025-05-27,2025-05-30,3,True,True,3.5,0.00029,4178
CVE-2025-44885,CVE-2025-44885-1,2025-05-27,Reddit,9.8,critical,0.00056,original,NETWORK,LOW,NONE,NONE,UNCHANGED,HIGH,HIGH,HIGH,1,1,Reddit,2025-05-27,2025-05-27,1,True,False,9.8,0.00056,4057
CVE-2025-47581,CVE-2025-47581-1,2025-05-27,Reddit,9.8,critical,0.00054,original,NETWORK,LOW,NONE,NONE,UNCHANGED,HIGH,HIGH,HIGH,1,1,Reddit,2025-05-27,2025-05-27,1,True,False,9.8,0.00054,4135
CVE-2025-5177,CVE-2025-5177-1,2025-05-27,Reddit,4.3,medium,0.00029,original,NETWORK,LOW,NONE,REQUIRED,UNCHANGED,NONE,LOW,NONE,1,1,Reddit,2025-05-27,2025-05-27,1,True,False,4.3,0.00029,4181
CVE-2025-44084,CVE-2025-44084-1,2025-05-27,Reddit,9.8,critical,0.00287,original,NETWORK,LOW,NONE,NONE,UNCHANGED,HIGH,HIGH,HIGH,1,1,Reddit,2025-05-27,2025-05-27,1,True,True,9.8,0.00287,4045
CVE-2025-2760,CVE-2025-2760-1,2025-05-27,Reddit,7.8,high,0.00038,original,LOCAL,LOW,NONE,REQUIRED,UNCHANGED,HIGH,HIGH,HIGH,3,1,Reddit,2025-05-27,2025-05-30,3,True,False,7.8,0.00038,3386
CVE-2025-5174,CVE-2025-5174-1,2025-05-27,Reddit,5.3,medium,0.00017,original,LOCAL,LOW,LOW,NONE,UNCHANGED,LOW,LOW,LOW,1,1,Reddit,2025-05-27,2025-05-27,1,True,True,5.3,0.00017,4180
CVE-2024-39338,CVE-2024-39338-1,2025-05-27,Reddit,7.5,high,0.00032,original,NETWORK,LOW,NONE,NONE,UNCHANGED,HIGH,NONE,NONE,1,1,Reddit,2025-05-27,2025-05-27,1,True,False,7.5,0.00032,1314
CVE-2025-39354,CVE-2025-39354-1,2025-05-27,Reddit,9.8,critical,0.00054,original,NETWORK,LOW,NONE,NONE,UNCHANGED,HIGH,HIGH,HIGH,1,1,Reddit,2025-05-27,2025-05-27,1,True,False,9.8,0.00054,3941
CVE-2025-48200,CVE-2025-48200-1,2025-05-27,Reddit,10.0,critical,0.0026,original,NETWORK,LOW,NONE,NONE,CHANGED,HIGH,HIGH,HIGH,1,1,Reddit,2025-05-27,2025-05-27,2,True,False,10.0,0.0026,4153
CVE-2025-27701,CVE-2025-27701-1,2025-05-28,Reddit,5.5,medium,5e-05,original,LOCAL,LOW,LOW,NONE,UNCHANGED,HIGH,NONE,NONE,1,1,Reddit,2025-05-28,2025-05-28,1,True,False,5.5,5e-05,3415
CVE-2025-5165,CVE-2025-5165-1,2025-05-28,Reddit,3.3,low,0.00013,original,LOCAL,LOW,LOW,NONE,UNCHANGED,NONE,NONE,LOW,1,1,Reddit,2025-05-28,2025-05-28,1,True,True,3.3,0.00013,4179
CVE-2025-2409,CVE-2025-2409-1,2025-05-28,Reddit,9.1,critical,0.00051,original,NETWORK,LOW,HIGH,NONE,CHANGED,HIGH,HIGH,HIGH,1,1,Reddit,2025-05-28,2025-05-28,1,True,False,9.1,0.00051,2984
CVE-2025-44083,CVE-2025-44083-1,2025-05-28,Reddit,9.8,critical,0.00242,original,NETWORK,LOW,NONE,NONE,UNCHANGED,HIGH,HIGH,HIGH,1,1,Reddit,2025-05-28,2025-05-28,1,True,True,9.8,0.00242,4044
CVE-2025-32814,CVE-2025-32814-1,2025-05-28,Reddit,9.8,critical,0.0004,original,NETWORK,LOW,NONE,NONE,UNCHANGED,HIGH,HIGH,HIGH,1,1,Reddit,2025-05-28,2025-05-28,1,True,False,9.8,0.0004,3819
CVE-2023-39780,CVE-2023-39780-4,2025-05-28,BleepingComputer,8.8,high,0.01786,original,NETWORK,LOW,LOW,NONE,UNCHANGED,HIGH,HIGH,HIGH,1,1,BleepingComputer,2025-05-28,2025-05-28,4,True,True,8.8,0.01786,514
CVE-2023-4369,CVE-2023-4369-1,2025-05-28,HackerNews,8.8,high,0.00058,original,NETWORK,LOW,NONE,REQUIRED,UNCHANGED,HIGH,HIGH,HIGH,1,1,HackerNews,2025-05-28,2025-05-28,1,True,False,8.8,0.00058,554
CVE-2021-27101,CVE-2021-27101-1,2025-05-28,Reddit,9.8,critical,0.01452,original,NETWORK,LOW,NONE,NONE,UNCHANGED,HIGH,HIGH,HIGH,1,1,Reddit,2025-05-28,2025-05-28,1,True,True,9.8,0.01452,165
CVE-2025-44898,CVE-2025-44898-1,2025-05-28,Reddit,9.8,critical,0.00056,original,NETWORK,LOW,NONE,NONE,UNCHANGED,HIGH,HIGH,HIGH,1,1,Reddit,2025-05-28,2025-05-28,1,True,False,9.8,0.00056,4061
CVE-2021-32030,CVE-2021-32030-3,2025-05-28,BleepingComputer,9.8,critical,0.93443,original,NETWORK,LOW,NONE,NONE,UNCHANGED,HIGH,HIGH,HIGH,1,1,BleepingComputer,2025-05-28,2025-05-28,3,True,True,9.8,0.93443,174
CVE-2025-44894,CVE-2025-44894-1,2025-05-28,Reddit,9.8,critical,0.00056,original,NETWORK,LOW,NONE,NONE,UNCHANGED,HIGH,HIGH,HIGH,1,1,Reddit,2025-05-28,2025-05-28,1,True,False,9.8,0.00056,4060
CVE-2025-44893,CVE-2025-44893-1,2025-05-28,Reddit,9.8,critical,0.00056,original,NETWORK,LOW,NONE,NONE,UNCHANGED,HIGH,HIGH,HIGH,1,1,Reddit,2025-05-28,2025-05-28,1,True,False,9.8,0.00056,4059
CVE-2025-44887,CVE-2025-44887-1,2025-05-28,Reddit,9.8,critical,0.00056,original,NETWORK,LOW,NONE,NONE,UNCHANGED,HIGH,HIGH,HIGH,1,1,Reddit,2025-05-28,2025-05-28,1,True,False,9.8,0.00056,4058
CVE-2025-44883,CVE-2025-44883-1,2025-05-28,Reddit,9.8,critical,0.00056,original,NETWORK,LOW,NONE,NONE,UNCHANGED,HIGH,HIGH,HIGH,1,1,Reddit,2025-05-28,2025-05-28,1,True,False,9.8,0.00056,4056
CVE-2025-5117,CVE-2025-5117-1,2025-05-28,Reddit,8.8,high,0.00042,original,NETWORK,LOW,LOW,NONE,UNCHANGED,HIGH,HIGH,HIGH,1,1,Reddit,2025-05-28,2025-05-28,1,True,False,8.8,0.00042,4176
CVE-2023-0669,CVE-2023-0669-1,2025-05-28,Reddit,7.2,high,0.94364,original,NETWORK,LOW,HIGH,NONE,UNCHANGED,HIGH,HIGH,HIGH,1,1,Reddit,2025-05-28,2025-05-28,1,True,True,7.2,0.94364,318
CVE-2025-29957,CVE-2025-29957-1,2025-05-29,Reddit,6.2,medium,0.00372,original,LOCAL,LOW,NONE,NONE,UNCHANGED,NONE,NONE,HIGH,1,1,Reddit,2025-05-29,2025-05-29,1,True,False,6.2,0.00372,3533
CVE-2025-4094,CVE-2025-4094-1,2025-05-29,ExploitDB,9.8,critical,0.0002,original,NETWORK,LOW,NONE,NONE,UNCHANGED,HIGH,HIGH,HIGH,1,1,ExploitDB,2025-05-29,2025-05-29,5,True,False,9.8,0.0002,3982
CVE-2025-31430,CVE-2025-31430-1,2025-05-29,Reddit,9.8,critical,0.00054,original,NETWORK,LOW,NONE,NONE,UNCHANGED,HIGH,HIGH,HIGH,1,1,Reddit,2025-05-29,2025-05-29,1,True,False,9.8,0.00054,3687
CVE-2025-45471,CVE-2025-45471-1,2025-05-29,Reddit,8.8,high,0.00036,original,NETWORK,LOW,LOW,NONE,UNCHANGED,HIGH,HIGH,HIGH,1,1,Reddit,2025-05-29,2025-05-29,1,True,False,8.8,0.00036,4067
CVE-2025-5298,CVE-2025-5298-1,2025-05-29,ExploitDB,7.3,high,0.00023,original,NETWORK,LOW,NONE,NONE,UNCHANGED,LOW,LOW,LOW,1,1,ExploitDB,2025-05-29,2025-05-29,1,True,False,7.3,0.00023,4184
CVE-2025-5232,CVE-2025-5232-1,2025-05-29,Reddit,4.7,medium,0.00027,original,NETWORK,LOW,HIGH,NONE,UNCHANGED,LOW,LOW,LOW,1,1,Reddit,2025-05-29,2025-05-29,1,True,False,4.7,0.00027,4183
CVE-2025-45472,CVE-2025-45472-1,2025-05-29,Reddit,8.8,high,0.00036,original,NETWORK,LOW,LOW,NONE,UNCHANGED,HIGH,HIGH,HIGH,1,1,Reddit,2025-05-29,2025-05-29,1,True,False,8.8,0.00036,4068
CVE-2025-5124,CVE-2025-5124-1,2025-05-29,Reddit,8.1,high,0.00042,original,NETWORK,HIGH,NONE,NONE,UNCHANGED,HIGH,HIGH,HIGH,1,1,Reddit,2025-05-29,2025-05-29,2,True,False,8.1,0.00042,4177
CVE-2023-36845,CVE-2023-36845-1,2025-05-29,Reddit,9.8,critical,0.94355,original,NETWORK,LOW,NONE,NONE,UNCHANGED,HIGH,HIGH,HIGH,1,1,Reddit,2025-05-29,2025-05-29,1,True,False,9.8,0.94355,483
CVE-2025-31069,CVE-2025-31069-1,2025-05-29,Reddit,9.8,critical,0.00054,original,NETWORK,LOW,NONE,NONE,UNCHANGED,HIGH,HIGH,HIGH,1,1,Reddit,2025-05-29,2025-05-29,1,True,False,9.8,0.00054,3652
CVE-2025-36572,CVE-2025-36572-1,2025-05-29,Reddit,6.5,medium,0.00034,original,NETWORK,LOW,LOW,NONE,UNCHANGED,HIGH,NONE,NONE,1,1,Reddit,2025-05-29,2025-05-29,1,True,False,6.5,0.00034,3917
CVE-2019-1367,CVE-2019-1367-1,2025-05-29,Reddit,7.5,high,0.87865,original,NETWORK,HIGH,NONE,REQUIRED,UNCHANGED,HIGH,HIGH,HIGH,1,1,Reddit,2025-05-29,2025-05-29,1,True,False,7.5,0.87865,93
CVE-2024-1709,CVE-2024-1709-2,2025-05-29,BleepingComputer,10.0,critical,0.94364,original,NETWORK,LOW,NONE,NONE,CHANGED,HIGH,HIGH,HIGH,1,1,BleepingComputer,2025-05-29,2025-05-29,2,True,True,10.0,0.94364,1051
CVE-2025-5082,CVE-2025-5082-1,2025-05-29,Reddit,6.1,medium,0.00093,original,NETWORK,LOW,NONE,REQUIRED,CHANGED,LOW,LOW,NONE,1,1,Reddit,2025-05-29,2025-05-29,1,True,False,6.1,0.00093,4174
CVE-2024-41196,CVE-2024-41196-1,2025-05-29,Reddit,9.8,critical,0.00018,original,NETWORK,LOW,NONE,NONE,UNCHANGED,HIGH,HIGH,HIGH,1,1,Reddit,2025-05-29,2025-05-29,1,True,False,9.8,0.00018,1385
CVE-2025-48827,CVE-2025-48827-3,2025-05-29,Reddit,10.0,critical,0.00072,original,NETWORK,LOW,NONE,NONE,CHANGED,HIGH,HIGH,HIGH,2,2,"BleepingComputer, Reddit",2025-05-29,2025-05-30,6,True,False,10.0,0.00072,4165
CVE-2017-5705,CVE-2017-5705-1,2025-05-29,Reddit,7.8,high,0.00141,original,LOCAL,LOW,LOW,NONE,UNCHANGED,HIGH,HIGH,HIGH,3,1,Reddit,2025-05-29,2025-05-29,3,True,False,7.8,0.00141,30
CVE-2024-48853,CVE-2024-48853-1,2025-05-29,Reddit,9.0,critical,0.00054,original,NETWORK,HIGH,NONE,NONE,CHANGED,HIGH,HIGH,HIGH,1,1,Reddit,2025-05-29,2025-05-29,1,True,False,9.0,0.00054,1618
CVE-2024-6914,CVE-2024-6914-1,2025-05-29,Reddit,9.8,critical,0.00039,original,NETWORK,LOW,NONE,NONE,UNCHANGED,HIGH,HIGH,HIGH,1,1,Reddit,2025-05-29,2025-05-29,1,True,False,9.8,0.00039,2305
CVE-2025-39366,CVE-2025-39366-1,2025-05-29,Reddit,8.8,high,0.00044,original,NETWORK,LOW,LOW,NONE,UNCHANGED,HIGH,HIGH,HIGH,1,1,Reddit,2025-05-29,2025-05-29,1,True,False,8.8,0.00044,3943
CVE-2025-4947,CVE-2025-4947-1,2025-05-30,Reddit,6.5,medium,0.00017,original,NETWORK,LOW,NONE,NONE,UNCHANGED,LOW,LOW,NONE,1,1,Reddit,2025-05-30,2025-05-30,1,True,False,6.5,0.00017,4171
CVE-2025-48757,CVE-2025-48757-1,2025-05-30,Reddit,9.3,critical,0.00029,original,NETWORK,LOW,NONE,NONE,CHANGED,HIGH,LOW,NONE,1,1,Reddit,2025-05-30,2025-05-30,2,True,False,9.3,0.00029,4164
CVE-2025-5334,CVE-2025-5334-1,2025-05-30,Reddit,7.5,high,0.00047,original,NETWORK,HIGH,NONE,REQUIRED,UNCHANGED,HIGH,HIGH,HIGH,1,1,Reddit,2025-05-30,2025-05-30,2,True,False,7.5,0.00047,4185
CVE-2025-48828,CVE-2025-48828-1,2025-05-30,BleepingComputer,9.0,critical,0.0004,original,NETWORK,HIGH,NONE,NONE,CHANGED,HIGH,HIGH,HIGH,1,1,BleepingComputer,2025-05-30,2025-05-30,2,True,False,9.0,0.0004,4166
CVE-2025-31056,CVE-2025-31056-1,2025-05-30,Reddit,9.3,critical,0.00039,original,NETWORK,LOW,NONE,NONE,CHANGED,HIGH,NONE,LOW,1,1,Reddit,2025-05-30,2025-05-30,1,True,False,9.3,0.00039,3651
CVE-2025-47637,CVE-2025-47637-1,2025-05-30,Reddit,10.0,critical,0.00056,original,NETWORK,LOW,NONE,NONE,CHANGED,HIGH,HIGH,HIGH,1,1,Reddit,2025-05-30,2025-05-30,1,True,False,10.0,0.00056,4139
CVE-2025-31927,CVE-2025-31927-1,2025-05-30,Reddit,9.8,critical,0.00054,original,NETWORK,LOW,NONE,NONE,UNCHANGED,HIGH,HIGH,HIGH,1,1,Reddit,2025-05-30,2025-05-30,1,True,False,9.8,0.00054,3714
CVE-2025-2146,CVE-2025-2146-1,2025-05-30,Reddit,9.8,critical,0.00126,original,NETWORK,LOW,NONE,NONE,UNCHANGED,HIGH,HIGH,HIGH,1,1,Reddit,2025-05-30,2025-05-30,1,True,False,9.8,0.00126,2777
CVE-2024-51101,CVE-2024-51101-1,2025-05-30,Reddit,9.8,critical,0.00038,original,NETWORK,LOW,NONE,NONE,UNCHANGED,HIGH,HIGH,HIGH,1,1,Reddit,2025-05-30,2025-05-30,1,True,True,9.8,0.00038,1757
CVE-2023-41591,CVE-2023-41591-1,2025-05-30,Reddit,9.8,critical,0.00035,original,NETWORK,LOW,NONE,NONE,UNCHANGED,HIGH,HIGH,HIGH,1,1,Reddit,2025-05-30,2025-05-30,1,True,False,9.8,0.00035,537
CVE-2025-39485,CVE-2025-39485-1,2025-05-30,Reddit,9.8,critical,0.00054,original,NETWORK,LOW,NONE,NONE,UNCHANGED,HIGH,HIGH,HIGH,1,1,Reddit,2025-05-30,2025-05-30,1,True,False,9.8,0.00054,3951
CVE-2025-39499,CVE-2025-39499-1,2025-05-30,Reddit,9.8,critical,0.00054,original,NETWORK,LOW,NONE,NONE,UNCHANGED,HIGH,HIGH,HIGH,1,1,Reddit,2025-05-30,2025-05-30,1,True,False,9.8,0.00054,3952
CVE-2024-22257,CVE-2024-22257-1,2025-05-30,Reddit,8.2,high,0.00148,original,NETWORK,LOW,NONE,NONE,UNCHANGED,HIGH,LOW,NONE,1,1,Reddit,2025-05-30,2025-05-30,1,True,False,8.2,0.00148,1099
CVE-2025-46468,CVE-2025-46468-1,2025-05-30,Reddit,9.8,critical,0.00151,original,NETWORK,LOW,NONE,NONE,UNCHANGED,HIGH,HIGH,HIGH,1,1,Reddit,2025-05-30,2025-05-30,1,True,False,9.8,0.00151,4109
CVE-2025-46460,CVE-2025-46460-1,2025-05-31,Reddit,9.3,critical,0.00039,original,NETWORK,LOW,NONE,NONE,CHANGED,HIGH,NONE,LOW,1,1,Reddit,2025-05-31,2025-05-31,1,True,False,9.3,0.00039,4108
CVE-2025-4989,CVE-2025-4989-1,2025-05-31,Reddit,8.7,high,0.00032,original,NETWORK,LOW,LOW,REQUIRED,CHANGED,HIGH,HIGH,NONE,1,1,Reddit,2025-05-31,2025-05-31,1,True,False,8.7,0.00032,4172
CVE-2025-5054,CVE-2025-5054-1,2025-05-31,Reddit,4.7,medium,0.0001,original,LOCAL,HIGH,LOW,NONE,UNCHANGED,HIGH,NONE,NONE,2,1,Reddit,2025-05-31,2025-05-31,2,True,False,4.7,0.0001,4173
CVE-2025-48201,CVE-2025-48201-1,2025-05-31,Reddit,8.6,high,0.00042,original,NETWORK,LOW,NONE,NONE,CHANGED,HIGH,NONE,NONE,1,1,Reddit,2025-05-31,2025-05-31,2,True,False,8.6,0.00042,4154
CVE-2025-5098,CVE-2025-5098-1,2025-05-31,Reddit,9.1,critical,0.00019,original,NETWORK,LOW,NONE,NONE,UNCHANGED,HIGH,HIGH,NONE,1,1,Reddit,2025-05-31,2025-05-31,1,True,False,9.1,0.00019,4175
CVE-2024-42190,CVE-2024-42190-1,2025-05-31,Reddit,6.5,medium,0.00012,original,LOCAL,LOW,HIGH,REQUIRED,UNCHANGED,HIGH,HIGH,HIGH,1,1,Reddit,2025-05-31,2025-05-31,1,True,False,6.5,0.00012,1413
CVE-2025-2571,CVE-2025-2571-1,2025-05-31,Reddit,4.2,medium,0.0003,original,NETWORK,HIGH,LOW,NONE,UNCHANGED,LOW,LOW,NONE,1,1,Reddit,2025-05-31,2025-05-31,1,True,False,4.2,0.0003,3183
CVE-2025-4598,CVE-2025-4598-1,2025-05-31,Reddit,4.7,medium,0.0001,original,LOCAL,HIGH,LOW,NONE,UNCHANGED,HIGH,NONE,NONE,2,1,Reddit,2025-05-31,2025-05-31,2,True,False,4.7,0.0001,4087
CVE-2025-32284,CVE-2025-32284-1,2025-05-31,Reddit,8.8,high,0.00054,original,NETWORK,LOW,LOW,NONE,UNCHANGED,HIGH,HIGH,HIGH,1,1,Reddit,2025-05-31,2025-05-31,1,True,False,8.8,0.00054,3737
CVE-2025-2501,CVE-2025-2501-1,2025-05-31,Reddit,7.8,high,0.00012,original,LOCAL,LOW,LOW,NONE,UNCHANGED,HIGH,HIGH,HIGH,1,1,Reddit,2025-05-31,2025-05-31,1,True,False,7.8,0.00012,3114
CVE-2025-47631,CVE-2025-47631-1,2025-05-31,Reddit,8.8,high,0.00044,original,NETWORK,LOW,LOW,NONE,UNCHANGED,HIGH,HIGH,HIGH,1,1,Reddit,2025-05-31,2025-05-31,1,True,False,8.8,0.00044,4138
CVE-2025-5215,CVE-2025-5215-1,2025-05-31,Reddit,8.8,high,0.00084,original,NETWORK,LOW,LOW,NONE,UNCHANGED,HIGH,HIGH,HIGH,1,1,Reddit,2025-05-31,2025-05-31,2,True,False,8.8,0.00084,4182
CVE-2025-27998,CVE-2025-27998-1,2025-06-01,Reddit,8.4,high,0.00027,original,LOCAL,LOW,NONE,NONE,UNCHANGED,HIGH,HIGH,HIGH,1,1,Reddit,2025-06-01,2025-06-01,1,True,False,8.4,0.00027,3442
CVE-2025-5375,CVE-2025-5375-1,2025-06-01,Reddit,6.3,medium,0.00017,original,NETWORK,LOW,LOW,NONE,UNCHANGED,LOW,LOW,LOW,1,1,Reddit,2025-06-01,2025-06-01,1,True,False,6.3,0.00017,4186
CVE-2025-47478,CVE-2025-47478-1,2025-06-01,Reddit,8.5,high,0.00033,original,NETWORK,LOW,LOW,NONE,CHANGED,HIGH,NONE,LOW,1,1,Reddit,2025-06-01,2025-06-01,1,True,False,8.5,0.00033,4132
CVE-2025-39355,CVE-2025-39355-1,2025-06-01,Reddit,8.5,high,0.00033,original,NETWORK,LOW,LOW,NONE,CHANGED,HIGH,NONE,LOW,1,1,Reddit,2025-06-01,2025-06-01,1,True,False,8.5,0.00033,3942
CVE-2025-47535,CVE-2025-47535-1,2025-06-01,Reddit,8.6,high,0.00063,original,NETWORK,LOW,NONE,NONE,CHANGED,NONE,NONE,HIGH,1,1,Reddit,2025-06-01,2025-06-01,1,True,False,8.6,0.00063,4133
CVE-2025-5383,CVE-2025-5383-1,2025-06-01,Reddit,2.4,low,0.00026,original,NETWORK,LOW,HIGH,REQUIRED,UNCHANGED,NONE,LOW,NONE,1,1,Reddit,2025-06-01,2025-06-01,1,True,False,2.4,0.00026,4187
