{
  "train_loss": [
    0.9158037223599174,
    0.7206153906881809,
    0.6321454830467701,
    0.5798962422731248,
    0.49124241417104547,
    0.46782511608167127,
    0.4019696487283165,
    0.3084859858605672,
    0.301404597830366,
    0.27038803781298076,
    0.2925305764868178,
    0.20040303214707159,
    0.20555823229634287,
    0.19059783025560054,
    0.17966244969284162,
    0.12633259836795993,
    0.08685191834096755,
    0.06601461625872286,
    0.07707746058572824,
    0.09454211414975527,
    0.08210752348432751,
    0.05461828385358041,
    0.05517106395828622,
    0.04631576687130622
  ],
  "val_loss": [
    0.8641146268499525,
    1.169740146712253,
    0.853391601851112,
    1.039654397258633,
    0.8591042384505272,
    1.3459503572238118,
    1.179606263966937,
    2.0192094843246435,
    1.4233096430176182,
    3.323246723629142,
    1.5900809623693164,
    3.8643923521434007,
    2.6515719114165557,
    2.528516766272093,
    3.1224388993884387,
    2.6123274709833297,
    2.4423702429783973,
    3.866321620972533,
    2.722777016853031,
    2.7061631867760108,
    3.652441308686608,
    3.8111255341454555,
    3.376257344296104,
    3.7731283303154144
  ],
  "val_prauc": [
    0.6091638518248075,
    0.6189703045382128,
    0.6726077407372477,
    0.6897420720838275,
    0.6628518379687449,
    0.6438970848362735,
    0.6630696441407951,
    0.6860173956403721,
    0.7402821486531415,
    0.6809331598526165,
    0.6660766210384649,
    0.6791355093253905,
    0.676737742563729,
    0.7072498515382571,
    0.6711476680433734,
    0.6770009271400395,
    0.7163465705611136,
    0.6732633353237604,
    0.6736740268997339,
    0.6942583751159209,
    0.7112547918034741,
    0.7015057128656946,
    0.6960690381322368,
    0.7055354803989243
  ],
  "val_f1": [
    0.6172839506172839,
    0.5360824742268041,
    0.6224066390041494,
    0.6198347107438017,
    0.6666666666666666,
    0.6192170818505338,
    0.6007067137809188,
    0.6306306306306306,
    0.644927536231884,
    0.5656565656565656,
    0.5615141955835962,
    0.5684210526315789,
    0.6293103448275862,
    0.6299212598425197,
    0.5948275862068966,
    0.5959183673469388,
    0.6558704453441295,
    0.6106194690265486,
    0.6230769230769231,
    0.6356589147286822,
    0.631578947368421,
    0.6386554621848739,
    0.6416666666666667,
    0.6260869565217392
  ]
}