{
  "train_loss": [
    0.8458485589988196,
    0.7858670770528897,
    0.7649109924017493,
    0.7457601697883796,
    0.7377237324690937,
    0.724482143844538,
    0.7172547596604076,
    0.7293915647772414,
    0.7141579306540797,
    0.7104166259813072,
    0.6975592272495156,
    0.708667916593267,
    0.698779266123748,
    0.7048815390956935,
    0.6859196148701568,
    0.6928829377266899,
    0.6901114250890058,
    0.6907159171590758,
    0.6902964055834718,
    0.6890507002375019,
    0.6946627156651435,
    0.6752420892169819,
    0.6919587896534459,
    0.6838776208274994,
    0.6769916742891815,
    0.6713735404892347,
    0.6748369023277985,
    0.6645353157721942,
    0.6662779764749518,
    0.6610256718165839,
    0.6677116349858431,
    0.6751303268012716,
    0.6659688258645546,
    0.6626488762115365,
    0.6585011990805764
  ],
  "val_loss": [
    1.6777105623517523,
    0.7988505278798667,
    1.337746682068841,
    0.7963725585829128,
    1.0298217760229653,
    0.8207474650645797,
    0.858882364732298,
    0.7594775581224398,
    0.7635004208846525,
    0.698966714807532,
    0.7620311304926872,
    0.7362293104895137,
    0.6676447259431536,
    0.6654068529605865,
    0.6993146697905931,
    0.8141803942959417,
    0.6763483959842812,
    0.6897639791396531,
    0.6920356730168516,
    0.7345315239984881,
    0.6880519241094589,
    0.7991994890299711,
    0.8690354119647633,
    0.6719101504846052,
    0.7755113305015997,
    0.7630787476558577,
    0.7807117775082588,
    0.8337130023335869,
    0.8010939447717234,
    0.8165048404850743,
    0.8971344263038852,
    0.8362198373810812,
    0.8327704854309559,
    0.8572305327450688,
    0.8326371180062945
  ],
  "val_prauc": [
    0.5171511112977734,
    0.5251082751616409,
    0.5369651982214033,
    0.5795567125741415,
    0.5889099579510854,
    0.5976290273600602,
    0.5842855991247397,
    0.5957652148606116,
    0.5959353863620619,
    0.5927798382262891,
    0.5922814234923168,
    0.60130511202917,
    0.5950447973917795,
    0.6026247494322851,
    0.5904145523550226,
    0.5809963215844721,
    0.6024805047623751,
    0.6057200010903878,
    0.6078765650180369,
    0.6138858968546608,
    0.6068248037166829,
    0.6097740405540767,
    0.600737105003401,
    0.6076270647175799,
    0.602637994510342,
    0.5917000239384119,
    0.5984102866563161,
    0.5933562218897559,
    0.6053976560774406,
    0.5959360996978671,
    0.6034984765342929,
    0.6044276258696186,
    0.6068464638751149,
    0.6022483474286591,
    0.6105987570893214
  ],
  "val_f1": [
    0.0,
    0.5508684863523573,
    0.07142857142857142,
    0.5577889447236181,
    0.46875,
    0.5058139534883721,
    0.5286103542234333,
    0.5533980582524272,
    0.5265822784810127,
    0.5531914893617021,
    0.5644768856447688,
    0.5251989389920424,
    0.5782178217821782,
    0.5732484076433121,
    0.5617433414043583,
    0.5,
    0.5763440860215053,
    0.5759637188208617,
    0.581081081081081,
    0.5655526992287918,
    0.5879518072289157,
    0.5183098591549296,
    0.5015673981191222,
    0.5720930232558139,
    0.5057471264367817,
    0.5139664804469274,
    0.5029585798816568,
    0.47560975609756095,
    0.5142857142857142,
    0.4970414201183432,
    0.47706422018348627,
    0.4984984984984985,
    0.4955223880597015,
    0.45425867507886436,
    0.5029585798816568
  ]
}