{
  "train_loss": [
    1.03322855417024,
    0.8312816718085245,
    0.7034141638062217,
    0.578378922898661,
    0.5193818302994425,
    0.46035274575379764,
    0.371744209731167,
    0.3069155079481954,
    0.2854713385988196,
    0.2414095321437344,
    0.22233903767350552,
    0.16118083058443683,
    0.16062628072607119,
    0.16029148875068958,
    0.10251808550542178,
    0.08045953275921586,
    0.057896280524677095,
    0.05850009663374129,
    0.061055689846977075,
    0.06323780775317739,
    0.03467755455908032,
    0.03431078219198918,
    0.04432974985695637,
    0.02587537497959147,
    0.0394827489444858,
    0.036796414717421365,
    0.02823172285003621,
    0.025662010679525338,
    0.030732142027375176,
    0.026185381931806005,
    0.02101900089012981,
    0.03159786500746846,
    0.019341727200014702,
    0.02425975834651178,
    0.02220506730433995,
    0.04015476940297059,
    0.038093241877184235,
    0.014320097829400165,
    0.029500442249209093,
    0.014349954691479897,
    0.02448580083765767,
    0.024043401998072058,
    0.014013304863101827,
    0.027023492819726158,
    0.023355808255902586
  ],
  "val_loss": [
    0.8181375876853341,
    0.8049707804855547,
    0.7917286165450749,
    0.7478266146622206,
    0.7786828938283419,
    0.8598380582897287,
    0.9731584042310715,
    1.0492023166857267,
    1.364413376113302,
    2.275927736080791,
    1.4703117632552196,
    1.6385839373657578,
    2.173698928403227,
    2.0942837574372164,
    2.3228414250831855,
    2.109957144448632,
    2.4792506671265553,
    2.3490339423480786,
    2.717909721755668,
    2.86861218970367,
    2.705238117395263,
    2.880618801438495,
    2.9203032129689266,
    2.7930839506811216,
    3.1119540682258573,
    3.053198906544008,
    3.1255579214837206,
    2.973033475836641,
    2.8115828690168105,
    3.2498565324655684,
    3.31448157567923,
    3.3245985497916606,
    3.3358020419009815,
    3.295800282577004,
    3.5096779665664624,
    3.323098292206659,
    3.4856453478630436,
    3.3748675749490133,
    3.3311472939033258,
    3.5388769852977835,
    3.3948608938555576,
    3.645721012885731,
    3.559118749405331,
    3.6004619183827584,
    3.430136796111535
  ],
  "val_prauc": [
    0.5543662566742221,
    0.5975597895370794,
    0.6452436067189643,
    0.6618587954639822,
    0.6565324600191608,
    0.6517419026330371,
    0.6663835060260815,
    0.6802008873265721,
    0.642925823808511,
    0.6277235727503417,
    0.6515696851740345,
    0.6617574825230494,
    0.6633172194708392,
    0.6431197778172475,
    0.6570269847023917,
    0.6443995251621035,
    0.6600239243218461,
    0.6495231576309841,
    0.6708609022262795,
    0.6722876503476826,
    0.6774850380658922,
    0.6769925493756934,
    0.6843566466181427,
    0.684846351953514,
    0.6852505398755397,
    0.6865004471596549,
    0.6842424966254737,
    0.6835311857914292,
    0.6791937791029717,
    0.6952742013921744,
    0.68756331725132,
    0.686122089111995,
    0.6738715366784717,
    0.6792631505343142,
    0.6792684891001075,
    0.6747007271109683,
    0.6836556803377908,
    0.6817085360488503,
    0.6793238514001714,
    0.6841778552659051,
    0.6887534195080826,
    0.6908745814269297,
    0.6851769222979764,
    0.6856944939211911,
    0.683928357175583
  ],
  "val_f1": [
    0.5757575757575758,
    0.592,
    0.6096654275092936,
    0.6439393939393939,
    0.6143344709897611,
    0.609271523178808,
    0.6287878787878788,
    0.6227106227106227,
    0.6271186440677966,
    0.5410628019323671,
    0.6015625,
    0.6055776892430279,
    0.6481481481481481,
    0.5967741935483871,
    0.6050420168067226,
    0.624,
    0.625,
    0.6072874493927125,
    0.6173913043478261,
    0.6027397260273972,
    0.6173913043478261,
    0.6311111111111111,
    0.6343612334801763,
    0.6311475409836066,
    0.611353711790393,
    0.6283185840707964,
    0.6094420600858369,
    0.6097560975609756,
    0.632,
    0.6260869565217392,
    0.6127659574468085,
    0.6016949152542372,
    0.6108786610878661,
    0.6050420168067226,
    0.6266094420600858,
    0.628099173553719,
    0.6173913043478261,
    0.6297872340425532,
    0.6386554621848739,
    0.6180257510729614,
    0.6212765957446809,
    0.6255506607929515,
    0.611353711790393,
    0.6206896551724138,
    0.628099173553719
  ]
}