{
  "train_loss": [
    0.871214339340275,
    0.6099392900412733,
    0.4742385286160491,
    0.41651036040010775,
    0.28852274133400485,
    0.23399123811925,
    0.24015967385970394,
    0.1981203282802281,
    0.1498437014630657,
    0.1147831195848994,
    0.10433345735774227,
    0.08804133236381775,
    0.13646770270266148,
    0.11306020377477663,
    0.12360454423271056,
    0.04226367004494849,
    0.04912601267923575,
    0.03812753686915213,
    0.027160169619244036,
    0.025337571397234238,
    0.025242269407313375,
    0.020004509665320504,
    0.015228296357654679,
    0.021005448490768686,
    0.02987406994593171,
    0.014142952294460802,
    0.03678086272903287,
    0.016136656888435977,
    0.010724810790717047,
    0.014089788339416291,
    0.012090192553901343,
    0.011204420401802716,
    0.014310697029062876,
    0.01276114187435889,
    0.01276623057510242,
    0.013658414834375,
    0.009806841809509333,
    0.016312406877719097,
    0.010346150880428178,
    0.009962354557058265,
    0.016004603395308757,
    0.010646592750217369,
    0.008479194401092823,
    0.012161674091712175,
    0.008094780196413803,
    0.016080997747506324,
    0.004899151260352271,
    0.020246305284319407,
    0.013502827977849822,
    0.005375644410643784,
    0.010305528339761788,
    0.005889411562771391,
    0.005213615494037912,
    0.0042755000678812135,
    0.008534419737217873,
    0.0047240527661428,
    0.0053365994669602205,
    0.005633518889261133,
    0.005239325573231601,
    0.0037745798597131593,
    0.008457406208939554,
    0.003813228420792246,
    0.010475572886247746,
    0.010496014429726263,
    0.007145599946648479,
    0.005370731658685331
  ],
  "val_loss": [
    0.6446446846974524,
    0.6797611274217304,
    0.6919173441435161,
    1.149955913032356,
    1.0132321260477368,
    1.6415665774165016,
    1.2638090445022834,
    1.2944155829517465,
    1.3103266389746415,
    1.3246992857832658,
    1.2481499306465451,
    1.8590281907665103,
    2.1061290326087097,
    1.672797713232668,
    2.0088247656822205,
    2.0482305515753594,
    2.2408429650883925,
    2.683394661663394,
    2.50331634734022,
    2.11240580128996,
    2.209369193958609,
    2.515704513772538,
    2.450821226364688,
    3.580339174129461,
    2.819382400104874,
    3.1489223451598694,
    2.7511649716057276,
    2.9315702527957526,
    2.6333461023474993,
    2.7960044214207875,
    2.566750777003012,
    2.4043431999652007,
    2.467607645219878,
    2.7018046528100967,
    2.726262497274499,
    3.2185918582897437,
    2.6501134255606877,
    2.8510470545213473,
    2.6873729632873284,
    2.7749638706445694,
    2.769048280425762,
    2.865479555373129,
    2.6860910732495156,
    3.191103888185401,
    2.789260324678923,
    2.9016993179133066,
    2.9812641782980216,
    2.7383711832134345,
    2.8291870810483633,
    2.9712070830558477,
    2.8821186337031817,
    3.069776804039353,
    3.0297307517183456,
    3.0233073873739493,
    3.0726691760907046,
    2.9863497320758667,
    3.124239409832578,
    3.1192474173087823,
    3.294630190651668,
    3.3977824672076262,
    3.327641301151169,
    2.9711927755882868,
    3.43476024799441,
    3.429919971055106,
    3.454300565154929,
    3.0784838952516256
  ],
  "val_prauc": [
    0.7087552207678272,
    0.6954883180716442,
    0.7176390933639324,
    0.6791635670179891,
    0.7105048246880714,
    0.688934488294323,
    0.7168723743295088,
    0.6996228005606637,
    0.7272756966961984,
    0.7031550260075107,
    0.7000898377654546,
    0.6807205132009213,
    0.704846470064611,
    0.7148090356579564,
    0.7216038639725892,
    0.7057782983451463,
    0.7331046817505512,
    0.7230192497655853,
    0.7308816318377361,
    0.7150459900642323,
    0.7333498457847263,
    0.7237472631006946,
    0.7283551080470123,
    0.7177708256968233,
    0.7160438933460375,
    0.7190329755254986,
    0.7308553075706704,
    0.7261260436990121,
    0.7311515258062089,
    0.7404792576062955,
    0.7423862270081136,
    0.7390887830480456,
    0.7385295859973713,
    0.7410019397742433,
    0.7457054753863883,
    0.7418663299684766,
    0.7259341785813359,
    0.7510098660908724,
    0.729991001864619,
    0.7202899825673151,
    0.7211783905227319,
    0.7320271560069576,
    0.7345800545004444,
    0.742454645974354,
    0.7395798139594135,
    0.7465244480908978,
    0.747120417061902,
    0.7423638605264518,
    0.7433361423268122,
    0.7505387170900452,
    0.754418776536313,
    0.7524753994241503,
    0.751609786305575,
    0.7499937507883325,
    0.7460038367954628,
    0.7455041844159805,
    0.7404711096050276,
    0.7426550810129572,
    0.7433337206592907,
    0.7414430992315004,
    0.7453609792692298,
    0.7386939638285327,
    0.7433636998261601,
    0.7367122571003439,
    0.741442711786635,
    0.7385843657170286
  ],
  "val_f1": [
    0.6445182724252492,
    0.6158357771260997,
    0.6375838926174496,
    0.648854961832061,
    0.6444444444444445,
    0.6037735849056604,
    0.6437768240343348,
    0.6417910447761194,
    0.6484375,
    0.651685393258427,
    0.6762589928057554,
    0.6715867158671587,
    0.6370967741935484,
    0.6946564885496184,
    0.6694560669456067,
    0.6413502109704642,
    0.6609442060085837,
    0.6576576576576577,
    0.6578947368421053,
    0.6527196652719666,
    0.6724137931034483,
    0.6581196581196581,
    0.6382978723404256,
    0.5990783410138248,
    0.5938864628820961,
    0.6488888888888888,
    0.6406926406926406,
    0.6367713004484304,
    0.6386554621848739,
    0.646551724137931,
    0.6553191489361702,
    0.6557377049180327,
    0.6244725738396625,
    0.6375545851528385,
    0.631578947368421,
    0.6422018348623854,
    0.6416666666666667,
    0.6519823788546255,
    0.6610878661087866,
    0.6723404255319149,
    0.6608695652173913,
    0.6638297872340425,
    0.6694560669456067,
    0.6428571428571429,
    0.6468085106382979,
    0.6523605150214592,
    0.6608695652173913,
    0.6583333333333333,
    0.652542372881356,
    0.6462882096069869,
    0.6493506493506493,
    0.6403508771929824,
    0.6434782608695652,
    0.6437768240343348,
    0.6406926406926406,
    0.6379310344827587,
    0.6406926406926406,
    0.6375545851528385,
    0.6311111111111111,
    0.6425339366515838,
    0.6396396396396397,
    0.6410256410256411,
    0.6339285714285714,
    0.6339285714285714,
    0.6367713004484304,
    0.6437768240343348
  ]
}