cve_base,event_date,first_source,n_posts,n_platforms,last_post,any_specific_text,first_post_shared,epss_at_collection,epss_status,cvss_score,attack_vector,sources_available,gh_code,cve_year,span_days,epss_model_era,window7_crosses_version,window14_crosses_version,window30_crosses_version
CVE-2021-41379,2021-11-23,Reddit,1,1,2021-11-23,True,False,0.06701,original,5.5,LOCAL,True,False,2021,0,pre-v2022,False,False,False
CVE-2021-45046,2021-12-14,Reddit,2,1,2021-12-20,True,False,0.05553,enriched,9.0,NETWORK,True,False,2021,6,pre-v2022,False,False,False
CVE-2021-45105,2021-12-18,Reddit,3,1,2021-12-20,True,False,0.20412,enriched,5.9,NETWORK,True,False,2021,2,pre-v2022,False,False,False
CVE-2021-44228,2021-12-20,Reddit,1,1,2021-12-20,False,True,0.92515,original,10.0,NETWORK,True,True,2021,0,pre-v2022,False,False,False
CVE-2021-39630,2022-01-10,Reddit,1,1,2022-01-10,False,True,0.00389,enriched,7.8,LOCAL,True,False,2021,0,pre-v2022,False,False,False
CVE-2021-39659,2022-01-10,Reddit,1,1,2022-01-10,False,True,0.00485,enriched,5.5,LOCAL,True,False,2021,0,pre-v2022,False,False,False
CVE-2022-3786,2022-11-01,Reddit,1,1,2022-11-01,False,True,0.01669,enriched,7.5,NETWORK,True,False,2022,0,v2022.01.01,False,False,False
CVE-2022-3602,2022-11-01,Reddit,1,1,2022-11-01,False,True,0.05315,enriched,7.5,NETWORK,True,False,2022,0,v2022.01.01,False,False,False
CVE-2022-38023,2023-01-16,Reddit,4,1,2023-05-14,False,True,0.05569,original,8.1,NETWORK,True,False,2022,118,v2022.01.01,False,False,False
CVE-2022-37966,2023-01-16,Reddit,4,1,2023-05-14,False,True,0.05569,original,8.1,NETWORK,True,False,2022,118,v2022.01.01,False,False,False
CVE-2021-26414,2023-01-16,Reddit,2,1,2023-02-04,False,True,0.03083,original,4.8,NETWORK,True,False,2021,19,v2022.01.01,False,False,False
CVE-2021-42291,2023-01-16,Reddit,4,1,2023-05-14,False,True,0.0115,original,7.5,NETWORK,True,False,2021,118,v2022.01.01,False,False,False
CVE-2022-26931,2023-01-16,Reddit,4,1,2023-05-14,False,True,0.0115,original,7.5,NETWORK,True,False,2022,118,v2022.01.01,False,False,False
CVE-2022-37967,2023-01-16,Reddit,4,1,2023-05-14,False,True,0.01743,original,7.2,NETWORK,True,False,2022,118,v2022.01.01,False,False,False
CVE-2020-5741,2023-03-03,Reddit,1,1,2023-03-03,True,False,0.20713,original,7.2,NETWORK,True,False,2020,0,v2022.01.01,True,True,True
CVE-2023-23397,2023-03-15,Reddit,5,2,2025-05-21,True,False,0.00459,original,9.8,NETWORK,True,False,2023,798,v2023.03.01,False,True,True
CVE-2023-25438,2023-05-02,ExploitDB,1,1,2023-05-02,True,False,0.00253,enriched,7.8,LOCAL,True,False,2023,0,v2023.03.01,False,False,False
CVE-2023-30350,2023-05-02,ExploitDB,1,1,2023-05-02,True,False,0.00122,enriched,8.8,NETWORK,True,False,2023,0,v2023.03.01,False,False,False
CVE-2023-30330,2023-05-02,ExploitDB,1,1,2023-05-02,True,False,0.00205,enriched,9.8,NETWORK,True,False,2023,0,v2023.03.01,False,False,False
CVE-2023-29983,2023-05-02,ExploitDB,1,1,2023-05-02,True,False,0.00221,enriched,5.4,NETWORK,True,False,2023,0,v2023.03.01,False,False,False
CVE-2022-47875,2023-05-05,ExploitDB,1,1,2023-05-05,True,False,0.00055,original,8.8,NETWORK,True,False,2022,0,v2023.03.01,False,False,False
CVE-2022-47877,2023-05-05,ExploitDB,1,1,2023-05-05,True,False,0.00047,original,5.4,NETWORK,True,False,2022,0,v2023.03.01,False,False,False
CVE-2022-47874,2023-05-05,ExploitDB,1,1,2023-05-05,True,False,0.00047,original,6.5,NETWORK,True,False,2022,0,v2023.03.01,False,False,False
CVE-2022-47878,2023-05-05,ExploitDB,1,1,2023-05-05,True,False,0.00291,original,8.8,NETWORK,True,False,2022,0,v2023.03.01,False,False,False
CVE-2022-47879,2023-05-05,ExploitDB,1,1,2023-05-05,True,False,0.00253,enriched,7.5,NETWORK,True,False,2022,0,v2023.03.01,False,False,False
CVE-2023-2246,2023-05-05,ExploitDB,1,1,2023-05-05,True,False,0.00063,original,6.3,NETWORK,True,False,2023,0,v2023.03.01,False,False,False
CVE-2022-47880,2023-05-05,ExploitDB,1,1,2023-05-05,True,False,0.00084,enriched,5.3,NETWORK,True,False,2022,0,v2023.03.01,False,False,False
CVE-2023-29809,2023-05-05,ExploitDB,1,1,2023-05-05,True,False,0.00221,enriched,9.8,NETWORK,True,False,2023,0,v2023.03.01,False,False,False
CVE-2022-47876,2023-05-05,ExploitDB,1,1,2023-05-05,True,False,0.00045,original,8.8,NETWORK,True,False,2022,0,v2023.03.01,False,False,False
CVE-2019-20893,2023-05-10,Reddit,1,1,2023-05-10,False,True,0.00363,original,9.8,NETWORK,True,False,2019,0,v2023.03.01,False,False,False
CVE-2023-2137,2023-05-10,Reddit,1,1,2023-05-10,False,True,0.0027,original,8.8,NETWORK,True,False,2023,0,v2023.03.01,False,False,False
CVE-2023-24059,2023-05-10,Reddit,1,1,2023-05-10,False,True,0.00159,original,7.3,NETWORK,True,False,2023,0,v2023.03.01,False,False,False
CVE-2023-24947,2023-05-10,Reddit,1,1,2023-05-10,False,True,0.00095,original,8.8,ADJACENT_NETWORK,True,False,2023,0,v2023.03.01,False,False,False
CVE-2022-48434,2023-05-10,Reddit,1,1,2023-05-10,False,True,0.00096,original,8.1,NETWORK,True,False,2022,0,v2023.03.01,False,False,False
CVE-2022-2591,2023-05-13,ExploitDB,1,1,2023-05-13,True,False,0.00046,original,7.5,NETWORK,True,False,2022,0,v2023.03.01,False,False,False
CVE-2023-24932,2023-05-14,Reddit,4,2,2025-03-28,True,True,0.00043,original,6.7,LOCAL,False,False,2023,684,v2023.03.01,False,False,False
CVE-2023-24941,2023-05-14,Reddit,1,1,2023-05-14,False,True,0.00237,original,9.8,NETWORK,True,False,2023,0,v2023.03.01,False,False,False
CVE-2023-27217,2023-05-17,Reddit,1,1,2023-05-17,True,False,0.00061,enriched,9.8,NETWORK,True,False,2023,0,v2023.03.01,False,False,False
CVE-2023-31698,2023-05-23,ExploitDB,1,1,2023-05-23,True,False,0.00043,original,5.4,NETWORK,True,False,2023,0,v2023.03.01,False,False,False
CVE-2023-1934,2023-05-23,ExploitDB,1,1,2023-05-23,True,False,0.00044,original,9.8,NETWORK,True,False,2023,0,v2023.03.01,False,False,False
CVE-2023-30256,2023-05-23,ExploitDB,1,1,2023-05-23,True,False,0.00106,original,6.1,NETWORK,True,False,2023,0,v2023.03.01,False,False,False
CVE-2023-31699,2023-05-23,ExploitDB,1,1,2023-05-23,True,False,0.00043,original,4.8,NETWORK,True,False,2023,0,v2023.03.01,False,False,False
CVE-2023-31702,2023-05-23,ExploitDB,1,1,2023-05-23,True,False,0.00045,original,7.2,NETWORK,True,True,2023,0,v2023.03.01,False,False,False
CVE-2023-27823,2023-05-23,ExploitDB,1,1,2023-05-23,True,False,0.00043,original,9.8,NETWORK,True,False,2023,0,v2023.03.01,False,False,False
CVE-2023-27524,2023-05-23,ExploitDB,1,1,2023-05-23,True,False,0.91495,original,8.9,NETWORK,True,False,2023,0,v2023.03.01,False,False,False
CVE-2023-31703,2023-05-23,ExploitDB,1,1,2023-05-23,True,False,0.00047,original,9.0,NETWORK,True,True,2023,0,v2023.03.01,False,False,False
CVE-2022-41544,2023-05-23,ExploitDB,1,1,2023-05-23,True,False,0.00699,original,9.8,NETWORK,True,False,2022,0,v2023.03.01,False,False,False
CVE-2023-27350,2023-05-23,ExploitDB,1,1,2023-05-23,True,False,0.9416,original,9.8,NETWORK,True,False,2023,0,v2023.03.01,False,False,False
CVE-2023-31748,2023-05-23,ExploitDB,1,1,2023-05-23,True,False,0.00144,enriched,7.8,LOCAL,True,False,2023,0,v2023.03.01,False,False,False
CVE-2023-25440,2023-05-23,ExploitDB,1,1,2023-05-23,True,False,0.00042,original,5.4,NETWORK,True,False,2023,0,v2023.03.01,False,False,False
CVE-2023-25439,2023-05-23,ExploitDB,1,1,2023-05-23,True,False,0.00092,enriched,6.1,NETWORK,True,False,2023,0,v2023.03.01,False,False,False
CVE-2023-31873,2023-05-23,ExploitDB,1,1,2023-05-23,True,False,0.00065,enriched,7.8,LOCAL,True,False,2023,0,v2023.03.01,False,False,False
CVE-2023-31874,2023-05-23,ExploitDB,1,1,2023-05-23,True,False,0.00065,enriched,8.8,NETWORK,True,False,2023,0,v2023.03.01,False,False,False
CVE-2023-34581,2023-05-24,ExploitDB,1,1,2023-05-24,True,False,0.00045,enriched,9.8,NETWORK,True,True,2023,0,v2023.03.01,False,False,False
CVE-2023-33829,2023-05-25,ExploitDB,1,1,2023-05-25,True,False,0.00043,original,5.4,NETWORK,True,False,2023,0,v2023.03.01,False,False,False
CVE-2020-6627,2023-05-25,ExploitDB,1,1,2023-05-25,True,False,0.00075,original,9.8,NETWORK,True,True,2020,0,v2023.03.01,False,False,False
CVE-2023-31747,2023-05-25,ExploitDB,1,1,2023-05-25,True,False,0.00045,original,7.8,LOCAL,True,False,2023,0,v2023.03.01,False,False,False
CVE-2023-30145,2023-05-26,ExploitDB,1,1,2023-05-26,True,False,0.0008,enriched,9.8,NETWORK,True,False,2023,0,v2023.03.01,False,False,False
CVE-2023-32750,2023-05-31,ExploitDB,1,1,2023-05-31,True,False,0.00144,enriched,6.5,NETWORK,True,False,2023,0,v2023.03.01,False,False,False
CVE-2023-32749,2023-05-31,ExploitDB,1,1,2023-05-31,True,False,0.00084,enriched,8.8,NETWORK,True,False,2023,0,v2023.03.01,False,False,False
CVE-2023-32751,2023-05-31,ExploitDB,1,1,2023-05-31,True,False,0.00099,enriched,5.4,NETWORK,True,False,2023,0,v2023.03.01,False,False,False
CVE-2023-0527,2023-05-31,ExploitDB,1,1,2023-05-31,True,False,0.0006,original,3.5,NETWORK,True,True,2023,0,v2023.03.01,False,False,False
CVE-2023-0455,2023-05-31,ExploitDB,1,1,2023-05-31,True,False,0.0005,original,8.8,NETWORK,True,True,2023,0,v2023.03.01,False,False,False
CVE-2018-8065,2023-05-31,ExploitDB,1,1,2023-05-31,True,False,0.9655,original,7.5,NETWORK,True,True,2018,0,v2023.03.01,False,False,False
CVE-2023-33440,2023-05-31,ExploitDB,1,1,2023-05-31,True,False,0.00055,original,7.2,NETWORK,True,True,2023,0,v2023.03.01,False,False,False
CVE-2023-2068,2023-06-04,ExploitDB,1,1,2023-06-04,True,False,0.00118,enriched,9.8,NETWORK,True,False,2023,0,v2023.03.01,False,False,False
CVE-2023-33584,2023-06-04,ExploitDB,1,1,2023-06-04,True,False,0.00062,enriched,9.8,NETWORK,True,True,2023,0,v2023.03.01,False,False,False
CVE-2023-33243,2023-06-04,ExploitDB,1,1,2023-06-04,True,False,0.00101,enriched,8.1,NETWORK,True,False,2023,0,v2023.03.01,False,False,False
CVE-2023-30868,2023-06-06,ExploitDB,1,1,2023-06-06,True,False,0.00046,original,7.1,NETWORK,True,False,2023,0,v2023.03.01,False,False,False
CVE-2023-34096,2023-06-09,ExploitDB,1,1,2023-06-09,True,False,0.00046,original,6.5,NETWORK,True,True,2023,0,v2023.03.01,False,False,False
CVE-2021-24499,2023-06-09,ExploitDB,1,1,2023-06-09,True,False,0.16056,original,9.8,NETWORK,True,False,2021,0,v2023.03.01,False,False,False
CVE-2023-3187,2023-06-13,ExploitDB,1,1,2023-06-13,True,False,0.00045,original,6.3,NETWORK,True,True,2023,0,v2023.03.01,False,False,False
CVE-2023-3184,2023-06-13,ExploitDB,1,1,2023-06-13,True,False,0.00045,original,2.4,NETWORK,True,True,2023,0,v2023.03.01,False,False,False
CVE-2023-0297,2023-06-14,ExploitDB,1,1,2023-06-14,True,False,0.03035,original,9.8,NETWORK,True,True,2023,0,v2023.03.01,False,False,False
CVE-2020-11027,2023-06-19,ExploitDB,1,1,2023-06-19,True,False,0.00279,original,6.1,NETWORK,True,False,2020,0,v2023.03.01,False,False,False
CVE-2023-33580,2023-06-19,ExploitDB,1,1,2023-06-19,True,False,0.00099,enriched,4.8,NETWORK,True,True,2023,0,v2023.03.01,False,False,False
CVE-2023-23956,2023-06-19,ExploitDB,1,1,2023-06-19,True,False,0.00045,original,5.4,NETWORK,True,False,2023,0,v2023.03.01,False,False,False
CVE-2023-2779,2023-06-20,ExploitDB,1,1,2023-06-20,True,False,0.00058,enriched,6.1,NETWORK,True,False,2023,0,v2023.03.01,False,False,False
CVE-2023-25187,2023-06-20,ExploitDB,1,1,2023-06-20,True,False,0.000725,enriched,6.3,LOCAL,True,False,2023,0,v2023.03.01,False,False,False
CVE-2023-27372,2023-06-20,ExploitDB,1,1,2023-06-20,True,False,0.6023499999999999,enriched,9.8,NETWORK,True,False,2023,0,v2023.03.01,False,False,False
CVE-2023-3320,2023-06-20,ExploitDB,1,1,2023-06-20,True,False,0.00085,enriched,6.1,NETWORK,True,False,2023,0,v2023.03.01,False,False,False
CVE-2022-47076,2023-06-22,ExploitDB,1,1,2023-06-22,True,False,0.00064,enriched,7.5,NETWORK,True,False,2022,0,v2023.03.01,False,False,False
CVE-2023-34834,2023-06-23,ExploitDB,1,1,2023-06-23,True,False,0.00144,enriched,5.3,NETWORK,True,False,2023,0,v2023.03.01,False,False,False
CVE-2020-11560,2023-06-23,ExploitDB,1,1,2023-06-23,True,False,0.00042,original,7.8,LOCAL,True,False,2020,0,v2023.03.01,False,False,False
CVE-2023-23408,2023-06-26,ExploitDB,1,1,2023-06-26,True,False,0.00049,original,4.5,NETWORK,True,False,2023,0,v2023.03.01,False,False,False
CVE-2023-28288,2023-06-26,ExploitDB,1,1,2023-06-26,True,False,0.00101,original,8.1,NETWORK,True,False,2023,0,v2023.03.01,False,False,False
CVE-2023-28293,2023-06-26,ExploitDB,3,2,2025-05-25,True,False,0.00064,original,7.8,LOCAL,True,False,2023,699,v2023.03.01,False,False,False
CVE-2023-30198,2023-06-26,ExploitDB,1,1,2023-06-26,True,False,0.0009,original,7.5,NETWORK,True,True,2023,0,v2023.03.01,False,False,False
CVE-2023-24078,2023-07-03,ExploitDB,1,1,2023-07-03,True,False,0.0015,original,8.8,NETWORK,True,False,2023,0,v2023.03.01,False,False,False
CVE-2023-36346,2023-07-03,ExploitDB,1,1,2023-07-03,True,False,0.00046,original,6.1,NETWORK,True,False,2023,0,v2023.03.01,False,False,False
CVE-2023-36348,2023-07-03,ExploitDB,1,1,2023-07-03,True,False,0.00139,original,8.8,NETWORK,True,False,2023,0,v2023.03.01,False,False,False
CVE-2023-33137,2023-07-03,ExploitDB,1,1,2023-07-03,True,False,0.00113,original,7.8,LOCAL,True,False,2023,0,v2023.03.01,False,False,False
CVE-2023-36355,2023-07-03,ExploitDB,1,1,2023-07-03,True,False,0.00046,original,9.9,NETWORK,True,True,2023,0,v2023.03.01,False,False,False
CVE-2022-4297,2023-07-03,ExploitDB,1,1,2023-07-03,True,False,0.00423,original,9.8,NETWORK,True,False,2022,0,v2023.03.01,False,False,False
CVE-2023-28285,2023-07-03,ExploitDB,1,1,2023-07-03,True,False,0.00431,original,7.8,LOCAL,True,False,2023,0,v2023.03.01,False,False,False
CVE-2023-33592,2023-07-06,ExploitDB,1,1,2023-07-06,True,False,0.00043,original,9.8,NETWORK,True,True,2023,0,v2023.03.01,False,False,False
CVE-2023-33145,2023-07-06,ExploitDB,1,1,2023-07-06,True,False,0.00106,original,6.5,NETWORK,True,False,2023,0,v2023.03.01,False,False,False
CVE-2022-21907,2023-07-07,ExploitDB,1,1,2023-07-07,True,False,0.94965,original,9.8,NETWORK,True,False,2022,0,v2023.03.01,False,False,False
CVE-2023-33131,2023-07-07,ExploitDB,1,1,2023-07-07,True,False,0.02137,original,8.8,NETWORK,True,False,2023,0,v2023.03.01,False,False,False
CVE-2022-22963,2023-07-11,ExploitDB,1,1,2023-07-11,True,False,0.97507,original,9.8,NETWORK,True,False,2022,0,v2023.03.01,False,False,False
CVE-2023-36163,2023-07-11,ExploitDB,1,1,2023-07-11,True,False,0.00443,enriched,6.1,NETWORK,True,False,2023,0,v2023.03.01,False,False,False
CVE-2023-36884,2023-07-12,Reddit,3,2,2025-05-01,True,False,0.00051,original,7.5,NETWORK,True,False,2023,659,v2023.03.01,False,False,False
CVE-2019-1937,2023-07-15,ExploitDB,1,1,2023-07-15,True,False,0.01127,original,9.8,NETWORK,True,False,2019,0,v2023.03.01,False,False,False
CVE-2022-24715,2023-07-15,ExploitDB,1,1,2023-07-15,True,False,0.00137,original,8.5,NETWORK,True,True,2022,0,v2023.03.01,False,False,False
CVE-2023-37269,2023-07-15,ExploitDB,1,1,2023-07-15,True,False,0.00052,original,2.0,NETWORK,True,True,2023,0,v2023.03.01,False,False,False
CVE-2023-37629,2023-07-19,ExploitDB,1,1,2023-07-19,True,False,0.00044,original,9.8,NETWORK,True,False,2023,0,v2023.03.01,False,False,False
CVE-2023-1258,2023-07-19,ExploitDB,1,1,2023-07-19,True,False,0.00046,original,5.3,NETWORK,True,False,2023,0,v2023.03.01,False,False,False
CVE-2022-28171,2023-07-19,ExploitDB,1,1,2023-07-19,True,False,0.00367,original,7.5,NETWORK,True,False,2022,0,v2023.03.01,False,False,False
CVE-2023-34635,2023-07-20,ExploitDB,1,1,2023-07-20,True,False,0.001,enriched,9.8,NETWORK,True,False,2023,0,v2023.03.01,False,False,False
CVE-2023-27253,2023-07-20,ExploitDB,1,1,2023-07-20,True,False,0.04352,original,8.8,NETWORK,True,True,2023,0,v2023.03.01,False,False,False
CVE-2023-33148,2023-07-20,ExploitDB,1,1,2023-07-20,True,False,0.00052,original,7.8,LOCAL,True,False,2023,0,v2023.03.01,False,False,False
CVE-2023-38357,2023-07-20,ExploitDB,1,1,2023-07-20,True,False,0.00168,enriched,5.3,NETWORK,True,False,2023,0,v2023.03.01,False,False,False
CVE-2023-29918,2023-07-28,ExploitDB,1,1,2023-07-28,True,False,0.00045,original,5.4,NETWORK,True,False,2023,0,v2023.03.01,False,False,False
CVE-2023-2636,2023-07-28,ExploitDB,1,1,2023-07-28,True,False,0.0005,original,8.8,NETWORK,True,False,2023,0,v2023.03.01,False,False,False
CVE-2023-36266,2023-07-28,ExploitDB,1,1,2023-07-28,True,False,0.00042,original,5.5,LOCAL,True,False,2023,0,v2023.03.01,False,False,False
CVE-2023-3849,2023-07-28,ExploitDB,1,1,2023-07-28,True,False,0.00045,original,3.5,NETWORK,True,False,2023,0,v2023.03.01,False,False,False
CVE-2023-38501,2023-07-28,ExploitDB,1,1,2023-07-28,True,False,0.00043,original,6.3,NETWORK,True,True,2023,0,v2023.03.01,False,False,False
CVE-2023-34634,2023-07-28,ExploitDB,1,1,2023-07-28,True,False,0.00398,enriched,7.8,LOCAL,True,True,2023,0,v2023.03.01,False,False,False
CVE-2023-32629,2023-07-31,Reddit,1,1,2023-07-31,False,True,0.00042,original,7.8,LOCAL,True,False,2023,0,v2023.03.01,False,False,False
CVE-2023-2640,2023-07-31,Reddit,1,1,2023-07-31,False,True,0.00045,original,7.8,LOCAL,True,False,2023,0,v2023.03.01,False,False,False
CVE-2023-39147,2023-07-31,ExploitDB,1,1,2023-07-31,True,False,0.00053,enriched,7.8,LOCAL,True,False,2023,0,v2023.03.01,False,False,False
CVE-2023-33383,2023-08-04,ExploitDB,1,1,2023-08-04,True,False,0.00144,enriched,5.3,NETWORK,True,False,2023,0,v2023.03.01,False,False,False
CVE-2023-4112,2023-08-04,ExploitDB,1,1,2023-08-04,True,False,0.0006,enriched,4.3,NETWORK,True,False,2023,0,v2023.03.01,False,False,False
CVE-2023-3219,2023-08-04,ExploitDB,1,1,2023-08-04,True,False,0.0945,enriched,5.3,NETWORK,True,False,2023,0,v2023.03.01,False,False,False
CVE-2023-37979,2023-08-04,ExploitDB,1,1,2023-08-04,True,False,0.0004799999999999,enriched,7.1,NETWORK,True,False,2023,0,v2023.03.01,False,False,False
CVE-2023-2796,2023-08-04,ExploitDB,1,1,2023-08-04,True,False,0.00391,original,5.3,NETWORK,True,False,2023,0,v2023.03.01,False,False,False
CVE-2023-4117,2023-08-04,ExploitDB,1,1,2023-08-04,True,False,0.00146,enriched,4.3,NETWORK,True,False,2023,0,v2023.03.01,False,False,False
CVE-2023-39115,2023-08-04,ExploitDB,1,1,2023-08-04,True,False,0.00066,enriched,9.8,NETWORK,True,False,2023,0,v2023.03.01,False,False,False
CVE-2023-4115,2023-08-04,ExploitDB,1,1,2023-08-04,True,False,0.00146,enriched,4.3,NETWORK,True,False,2023,0,v2023.03.01,False,False,False
CVE-2023-4113,2023-08-04,ExploitDB,1,1,2023-08-04,True,False,0.00146,enriched,4.3,NETWORK,True,False,2023,0,v2023.03.01,False,False,False
CVE-2023-4119,2023-08-04,ExploitDB,1,1,2023-08-04,True,False,0.00055,enriched,4.3,NETWORK,True,False,2023,0,v2023.03.01,False,False,False
CVE-2023-4116,2023-08-04,ExploitDB,1,1,2023-08-04,True,False,0.00146,enriched,4.3,NETWORK,True,False,2023,0,v2023.03.01,False,False,False
CVE-2023-36306,2023-08-04,ExploitDB,1,1,2023-08-04,True,False,0.00216,enriched,6.1,NETWORK,True,False,2023,0,v2023.03.01,False,False,False
CVE-2023-4114,2023-08-04,ExploitDB,1,1,2023-08-04,True,False,0.00146,enriched,4.3,NETWORK,True,False,2023,0,v2023.03.01,False,False,False
CVE-2023-4174,2023-08-08,ExploitDB,1,1,2023-08-08,True,False,0.00049,enriched,3.5,NETWORK,True,False,2023,0,v2023.03.01,False,False,False
CVE-2023-4173,2023-08-08,ExploitDB,1,1,2023-08-08,True,False,0.00049,enriched,3.5,NETWORK,True,False,2023,0,v2023.03.01,False,False,False
CVE-2023-4168,2023-08-08,ExploitDB,1,1,2023-08-08,True,False,0.002545,enriched,4.3,NETWORK,True,False,2023,0,v2023.03.01,False,False,False
CVE-2023-37569,2023-08-08,ExploitDB,1,1,2023-08-08,True,False,0.00307,enriched,8.8,NETWORK,True,False,2023,0,v2023.03.01,False,False,False
CVE-2023-29689,2023-08-08,ExploitDB,1,1,2023-08-08,True,False,0.001305,enriched,9.8,NETWORK,True,False,2023,0,v2023.03.01,False,False,False
CVE-2022-47636,2023-08-10,ExploitDB,1,1,2023-08-10,True,False,0.00065,enriched,7.8,LOCAL,True,False,2022,0,v2023.03.01,False,False,False
CVE-2023-1389,2023-08-10,ExploitDB,1,1,2023-08-10,True,False,0.01513,original,8.8,ADJACENT_NETWORK,True,False,2023,0,v2023.03.01,False,False,False
CVE-2023-31067,2023-08-21,ExploitDB,1,1,2023-08-21,True,False,0.01585,enriched,9.8,NETWORK,True,False,2023,0,v2023.03.01,False,False,False
CVE-2023-31069,2023-08-21,ExploitDB,1,1,2023-08-21,True,False,0.01935,enriched,9.8,NETWORK,True,False,2023,0,v2023.03.01,False,False,False
CVE-2023-31068,2023-08-21,ExploitDB,1,1,2023-08-21,True,False,0.00799,enriched,9.8,NETWORK,True,False,2023,0,v2023.03.01,False,False,False
CVE-2023-31468,2023-08-21,ExploitDB,1,1,2023-08-21,True,False,0.00144,enriched,7.8,LOCAL,True,False,2023,0,v2023.03.01,False,False,False
CVE-2023-37759,2023-08-21,ExploitDB,1,1,2023-08-21,True,False,0.00084,enriched,9.8,NETWORK,True,False,2023,0,v2023.03.01,False,False,False
CVE-2023-4547,2023-09-04,ExploitDB,1,1,2023-09-04,True,False,0.00058,original,3.5,NETWORK,True,False,2023,0,v2023.03.01,False,False,False
CVE-2023-4407,2023-09-04,ExploitDB,1,1,2023-09-04,True,False,0.00077,original,6.3,NETWORK,True,False,2023,0,v2023.03.01,False,False,False
CVE-2023-4382,2023-09-04,ExploitDB,1,1,2023-09-04,True,False,0.0005,original,3.5,NETWORK,True,False,2023,0,v2023.03.01,False,False,False
CVE-2022-23513,2023-09-04,ExploitDB,1,1,2023-09-04,True,False,0.00046,original,5.3,NETWORK,True,False,2022,0,v2023.03.01,False,False,False
CVE-2023-39026,2023-09-04,ExploitDB,1,1,2023-09-04,True,False,0.01308,original,7.5,NETWORK,True,False,2023,0,v2023.03.01,False,False,False
CVE-2023-32560,2023-09-04,ExploitDB,1,1,2023-09-04,True,False,0.00134,original,9.8,NETWORK,True,False,2023,0,v2023.03.01,False,False,False
CVE-2022-25148,2023-09-04,ExploitDB,1,1,2023-09-04,True,False,0.00703,original,9.8,NETWORK,True,False,2022,0,v2023.03.01,False,False,False
CVE-2023-34723,2023-09-08,ExploitDB,1,1,2023-09-08,True,False,0.00084,original,7.5,NETWORK,True,False,2023,0,v2023.03.01,False,False,False
CVE-2022-4953,2023-09-08,ExploitDB,1,1,2023-09-08,True,False,0.00046,original,6.1,NETWORK,True,True,2022,0,v2023.03.01,False,False,False
CVE-2022-31470,2023-09-08,ExploitDB,1,1,2023-09-08,True,False,0.00068,original,6.1,NETWORK,True,False,2022,0,v2023.03.01,False,False,False
CVE-2023-4548,2023-09-08,ExploitDB,1,1,2023-09-08,True,False,0.00089,original,6.3,NETWORK,True,False,2023,0,v2023.03.01,False,False,False
CVE-2022-35919,2023-10-09,ExploitDB,1,1,2023-10-09,True,False,0.00141,original,7.4,NETWORK,True,True,2022,0,v2023.03.01,False,False,False
CVE-2023-4634,2023-10-09,ExploitDB,1,1,2023-10-09,True,False,0.05685,original,9.8,NETWORK,True,False,2023,0,v2023.03.01,False,False,False
CVE-2023-32707,2023-10-09,ExploitDB,1,1,2023-10-09,True,False,0.0005,original,8.8,NETWORK,True,False,2023,0,v2023.03.01,False,False,False
CVE-2020-11060,2023-10-09,ExploitDB,1,1,2023-10-09,True,False,0.00219,original,7.4,NETWORK,True,True,2020,0,v2023.03.01,False,False,False
CVE-2023-38836,2023-10-09,ExploitDB,1,1,2023-10-09,True,False,0.0012,original,8.8,NETWORK,True,False,2023,0,v2023.03.01,False,False,False
CVE-2023-4708,2023-10-09,ExploitDB,1,1,2023-10-09,True,False,0.00063,original,6.3,NETWORK,True,False,2023,0,v2023.03.01,False,False,False
CVE-2023-39362,2023-10-09,ExploitDB,1,1,2023-10-09,True,False,0.00103,original,7.2,NETWORK,True,False,2023,0,v2023.03.01,False,False,False
CVE-2023-4278,2023-10-09,ExploitDB,1,1,2023-10-09,True,False,0.00048,original,7.5,NETWORK,True,False,2023,0,v2023.03.01,False,False,False
CVE-2023-41991,2023-11-27,Reddit,1,1,2023-11-27,True,False,0.00551,original,5.5,LOCAL,True,False,2023,0,v2023.03.01,False,False,False
CVE-2023-3897,2024-02-19,ExploitDB,2,1,2024-02-19,True,False,0.00046,original,4.8,NETWORK,False,False,2023,0,v2023.03.01,False,False,False
CVE-2024-22318,2024-02-26,ExploitDB,2,1,2024-02-26,True,False,0.00045,original,5.1,LOCAL,False,False,2024,0,v2023.03.01,False,False,False
CVE-2024-25734,2024-02-26,ExploitDB,2,1,2024-02-26,True,False,0.00144,enriched,7.5,NETWORK,False,False,2024,0,v2023.03.01,False,False,False
CVE-2024-25735,2024-02-26,ExploitDB,2,1,2024-02-26,True,False,0.00381,enriched,9.1,NETWORK,False,False,2024,0,v2023.03.01,False,False,False
CVE-2024-25736,2024-02-26,ExploitDB,2,1,2024-02-26,True,False,0.00144,enriched,7.5,NETWORK,False,False,2024,0,v2023.03.01,False,False,False
CVE-2024-27743,2024-03-03,ExploitDB,2,1,2024-03-03,True,False,0.00045,original,6.1,NETWORK,True,True,2024,0,v2023.03.01,False,False,False
CVE-2024-27747,2024-03-03,ExploitDB,2,1,2024-03-03,True,False,0.00045,original,9.8,NETWORK,True,True,2024,0,v2023.03.01,False,False,False
CVE-2024-27746,2024-03-03,ExploitDB,2,1,2024-03-03,True,False,0.00045,original,9.8,NETWORK,True,True,2024,0,v2023.03.01,False,False,False
CVE-2024-27744,2024-03-03,ExploitDB,2,1,2024-03-03,True,False,0.00045,original,6.1,NETWORK,True,True,2024,0,v2023.03.01,False,False,False
CVE-2022-4681,2024-03-10,ExploitDB,2,1,2024-03-10,True,False,0.00227,original,9.8,NETWORK,False,False,2022,0,v2023.03.01,False,False,False
CVE-2024-27612,2024-03-10,ExploitDB,2,1,2024-03-10,True,False,0.00043,original,6.2,LOCAL,True,False,2024,0,v2023.03.01,False,False,False
CVE-2024-25832,2024-03-10,ExploitDB,2,1,2024-03-10,True,False,0.00043,original,8.8,NETWORK,False,False,2024,0,v2023.03.01,False,False,False
CVE-2024-27620,2024-03-10,ExploitDB,2,1,2024-03-10,True,False,0.00084,enriched,7.5,NETWORK,False,False,2024,0,v2023.03.01,False,False,False
CVE-2024-22836,2024-03-10,ExploitDB,2,1,2024-03-10,True,False,0.0006,original,9.8,NETWORK,True,False,2024,0,v2023.03.01,False,False,False
CVE-2023-7028,2024-03-14,ExploitDB,3,2,2025-03-03,True,False,0.20153,original,10.0,NETWORK,False,False,2023,354,v2023.03.01,False,False,False
CVE-2023-23333,2024-03-14,ExploitDB,2,1,2024-03-14,True,False,0.89832,original,9.8,NETWORK,True,False,2023,0,v2023.03.01,False,False,False
CVE-2024-23749,2024-03-14,ExploitDB,2,1,2024-03-14,True,False,0.00046,original,7.8,LOCAL,False,False,2024,0,v2023.03.01,False,False,False
CVE-2024-25003,2024-03-14,ExploitDB,2,1,2024-03-14,True,False,0.00043,original,7.8,LOCAL,False,False,2024,0,v2023.03.01,False,False,False
CVE-2023-5702,2024-03-14,ExploitDB,2,1,2024-03-14,True,False,0.00052,original,4.3,ADJACENT_NETWORK,True,True,2023,0,v2023.03.01,False,False,False
CVE-2024-25004,2024-03-14,ExploitDB,2,1,2024-03-14,True,False,0.00043,original,7.8,LOCAL,False,False,2024,0,v2023.03.01,False,False,False
CVE-2023-3710,2024-03-14,ExploitDB,2,1,2024-03-14,True,False,0.68018,original,9.9,NETWORK,False,False,2023,0,v2023.03.01,False,False,False
CVE-2023-42793,2024-03-14,ExploitDB,3,2,2025-05-13,True,False,0.97345,original,9.8,NETWORK,False,False,2023,425,v2023.03.01,False,False,False
CVE-2018-20817,2024-03-18,Reddit,1,1,2024-03-18,True,False,0.0099,original,9.8,NETWORK,True,False,2018,0,v2023.03.01,False,False,False
CVE-2023-6538,2024-03-20,ExploitDB,2,1,2024-03-20,True,False,0.00049,original,7.6,NETWORK,False,False,2023,0,v2023.03.01,False,False,False
CVE-2024-28595,2024-03-20,ExploitDB,2,1,2024-03-20,True,False,0.00043,original,9.8,NETWORK,True,True,2024,0,v2023.03.01,False,False,False
CVE-2023-46024,2024-03-20,ExploitDB,2,1,2024-03-20,True,False,0.00073,original,7.5,NETWORK,True,True,2023,0,v2023.03.01,False,False,False
CVE-2023-46022,2024-03-20,ExploitDB,2,1,2024-03-20,True,False,0.00043,original,7.8,LOCAL,True,False,2023,0,v2023.03.01,False,False,False
CVE-2024-3094,2024-03-29,Reddit,6,2,2025-05-21,True,False,0.00045,enriched,10.0,NETWORK,True,False,2024,418,v2023.03.01,False,False,False
CVE-2024-21338,2024-04-02,ExploitDB,7,3,2025-05-26,True,False,0.00105,original,7.8,LOCAL,False,False,2024,419,v2023.03.01,False,False,False
CVE-2023-48974,2024-04-02,ExploitDB,2,1,2024-04-02,True,False,0.00091,original,9.6,NETWORK,False,False,2023,0,v2023.03.01,False,False,False
CVE-2024-27356,2024-04-02,ExploitDB,2,1,2024-04-02,True,False,0.00043,original,7.5,NETWORK,True,True,2024,0,v2023.03.01,False,False,False
CVE-2024-24494,2024-04-02,ExploitDB,2,1,2024-04-02,True,False,0.00043,original,6.1,NETWORK,True,True,2024,0,v2023.03.01,False,False,False
CVE-2024-24724,2024-04-02,ExploitDB,2,1,2024-04-02,True,False,0.00144,enriched,9.8,NETWORK,False,False,2024,0,v2023.03.01,False,False,False
CVE-2023-34927,2024-04-02,ExploitDB,2,1,2024-04-02,True,False,0.00054,original,6.5,NETWORK,True,False,2023,0,v2023.03.01,False,False,False
CVE-2022-4395,2024-04-02,ExploitDB,2,1,2024-04-02,True,False,0.00373,original,9.8,NETWORK,False,False,2022,0,v2023.03.01,False,False,False
CVE-2024-24495,2024-04-02,ExploitDB,2,1,2024-04-02,True,False,0.00106,original,9.8,NETWORK,True,True,2024,0,v2023.03.01,False,False,False
CVE-2024-24496,2024-04-02,ExploitDB,2,1,2024-04-02,True,False,0.00106,original,9.8,NETWORK,True,True,2024,0,v2023.03.01,False,False,False
CVE-2024-24747,2024-04-12,ExploitDB,2,1,2024-04-12,True,False,0.00058,original,8.8,NETWORK,True,True,2024,0,v2023.03.01,False,False,False
CVE-2024-31804,2024-04-12,ExploitDB,2,1,2024-04-12,True,False,0.00084,enriched,6.7,LOCAL,False,False,2024,0,v2023.03.01,False,False,False
CVE-2023-6019,2024-04-12,ExploitDB,2,1,2024-04-12,True,False,0.00097,original,9.8,NETWORK,False,False,2023,0,v2023.03.01,False,False,False
CVE-2024-3400,2024-04-12,Reddit,9,5,2025-04-23,True,False,0.00043,original,10.0,NETWORK,True,False,2024,376,v2023.03.01,False,False,False
CVE-2023-40279,2024-04-15,ExploitDB,2,1,2024-04-15,True,False,0.00043,original,7.5,NETWORK,True,True,2023,0,v2023.03.01,False,False,False
CVE-2023-40278,2024-04-15,ExploitDB,2,1,2024-04-15,True,False,0.00043,original,7.5,NETWORK,True,True,2023,0,v2023.03.01,False,False,False
CVE-2024-22513,2024-04-15,ExploitDB,2,1,2024-04-15,True,False,0.00065,original,5.5,LOCAL,True,False,2024,0,v2023.03.01,False,False,False
CVE-2024-23897,2024-04-15,ExploitDB,7,2,2025-05-13,True,False,0.94455,original,9.8,NETWORK,False,False,2024,393,v2023.03.01,False,False,False
CVE-2024-31621,2024-04-21,ExploitDB,2,1,2024-04-21,True,False,0.00381,enriched,7.6,NETWORK,False,False,2024,0,v2023.03.01,False,False,False
CVE-2023-6710,2024-05-13,ExploitDB,2,1,2024-05-13,True,False,0.00068,original,5.4,NETWORK,False,False,2023,0,v2023.03.01,False,False,False
CVE-2022-35914,2024-05-19,ExploitDB,2,1,2024-05-19,True,False,0.97385,original,9.8,NETWORK,True,True,2022,0,v2023.03.01,False,False,False
CVE-2024-33559,2024-05-19,ExploitDB,2,1,2024-05-19,True,False,0.00043,original,9.3,NETWORK,False,False,2024,0,v2023.03.01,False,False,False
CVE-2024-32113,2024-05-19,ExploitDB,2,1,2024-05-19,True,False,0.00045,original,9.8,NETWORK,False,False,2024,0,v2023.03.01,False,False,False
CVE-2023-27636,2024-06-03,ExploitDB,2,1,2024-06-03,True,False,0.00101,enriched,5.4,NETWORK,False,False,2023,0,v2023.03.01,False,False,False
CVE-2024-32896,2024-06-24,Reddit,3,2,2025-05-01,True,False,0.00083,original,7.8,LOCAL,True,False,2024,311,v2023.03.01,False,False,False
CVE-2024-30078,2024-06-25,Reddit,1,1,2024-06-25,True,False,0.00052,original,8.8,ADJACENT_NETWORK,True,False,2024,0,v2023.03.01,False,False,False
CVE-2024-28999,2024-06-26,ExploitDB,2,1,2024-06-26,True,False,0.00091,original,6.4,ADJACENT_NETWORK,False,False,2024,0,v2023.03.01,False,False,False
CVE-2024-6387,2024-07-01,Reddit,4,2,2025-05-07,True,False,0.00046,enriched,8.1,NETWORK,True,True,2024,310,v2023.03.01,False,False,False
CVE-2024-40422,2024-08-04,ExploitDB,2,1,2024-08-04,True,False,0.00066,original,9.1,NETWORK,True,True,2024,0,v2023.03.01,False,False,False
CVE-2024-38063,2024-08-14,Reddit,2,2,2025-04-27,True,False,0.00091,original,9.8,NETWORK,True,False,2024,256,v2023.03.01,False,False,False
CVE-2024-7261,2024-09-04,Mastodon,1,1,2024-09-04,True,False,0.0009,original,9.8,NETWORK,False,False,2024,0,v2023.03.01,False,False,False
CVE-2024-42154,2024-09-04,Mastodon,1,1,2024-09-04,True,False,0.00378,original,4.4,LOCAL,False,False,2024,0,v2023.03.01,False,False,False
CVE-2024-4550,2024-09-07,Mastodon,1,1,2024-09-07,False,True,0.00043,enriched,6.7,LOCAL,False,False,2024,0,v2023.03.01,False,False,False
CVE-2024-45506,2024-09-07,Mastodon,1,1,2024-09-07,False,True,0.00858,original,7.5,NETWORK,False,False,2024,0,v2023.03.01,False,False,False
CVE-2020-2778,2024-09-09,Mastodon,1,1,2024-09-09,False,True,0.00111,original,3.7,NETWORK,False,False,2020,0,v2023.03.01,False,False,False
CVE-2020-27786,2024-09-09,Mastodon,1,1,2024-09-09,False,True,0.00043,original,7.8,LOCAL,False,False,2020,0,v2023.03.01,False,False,False
CVE-2024-38106,2024-09-10,Mastodon,1,1,2024-09-10,True,False,0.00043,original,7.0,LOCAL,False,False,2024,0,v2023.03.01,False,False,False
CVE-2023-27532,2024-09-10,Mastodon,1,1,2024-09-10,True,False,0.0308,original,7.5,NETWORK,False,False,2023,0,v2023.03.01,False,False,False
CVE-2024-43491,2024-09-11,Mastodon,1,1,2024-09-11,True,False,0.00712,original,9.8,NETWORK,False,False,2024,0,v2023.03.01,False,False,False
CVE-2024-8504,2024-09-16,Mastodon,1,1,2024-09-16,False,True,0.00043,original,8.8,NETWORK,False,False,2024,0,v2023.03.01,False,False,False
CVE-2024-6678,2024-09-16,Mastodon,1,1,2024-09-16,True,False,0.00043,original,9.9,NETWORK,False,False,2024,0,v2023.03.01,False,False,False
CVE-2024-8503,2024-09-16,Mastodon,1,1,2024-09-16,False,True,0.00043,original,9.8,NETWORK,False,False,2024,0,v2023.03.01,False,False,False
CVE-2023-45249,2024-09-17,Mastodon,1,1,2024-09-17,True,False,0.12209,original,9.8,NETWORK,False,False,2023,0,v2023.03.01,False,False,False
CVE-2024-7965,2024-09-17,Mastodon,1,1,2024-09-17,True,False,0.00159,original,8.8,NETWORK,False,False,2024,0,v2023.03.01,False,False,False
CVE-2024-37397,2024-09-17,Mastodon,1,1,2024-09-17,True,False,0.00043,original,8.2,NETWORK,False,False,2024,0,v2023.03.01,False,False,False
CVE-2024-45489,2024-09-20,Reddit,2,2,2024-09-23,True,False,0.00045,enriched,9.8,NETWORK,True,False,2024,3,v2023.03.01,False,False,False
CVE-2024-45488,2024-09-24,Mastodon,1,1,2024-09-24,True,False,0.00043,original,9.8,NETWORK,False,False,2024,0,v2023.03.01,False,False,False
CVE-2024-47176,2024-09-26,Mastodon,1,1,2024-09-26,False,True,0.00045,enriched,5.3,NETWORK,True,True,2024,0,v2023.03.01,False,False,False
CVE-2024-47175,2024-09-26,Mastodon,1,1,2024-09-26,False,True,0.00044,enriched,8.6,NETWORK,True,True,2024,0,v2023.03.01,False,False,False
CVE-2024-47076,2024-09-26,Mastodon,1,1,2024-09-26,False,True,0.00044,enriched,8.6,NETWORK,True,True,2024,0,v2023.03.01,False,False,False
CVE-2024-6769,2024-09-27,Mastodon,1,1,2024-09-27,True,False,0.00043,original,6.7,LOCAL,True,False,2024,0,v2023.03.01,False,False,False
CVE-2024-46626,2024-10-01,ExploitDB,2,1,2024-10-01,True,False,0.00043,enriched,8.8,NETWORK,True,True,2024,0,v2023.03.01,False,False,False
CVE-2024-36435,2024-10-06,Mastodon,1,1,2024-10-06,True,False,0.00043,original,9.8,NETWORK,False,False,2024,0,v2023.03.01,False,False,False
CVE-2024-38526,2024-10-09,Mastodon,1,1,2024-10-09,True,False,0.00065,original,7.2,NETWORK,True,True,2024,0,v2023.03.01,False,False,False
CVE-2024-45519,2024-10-09,Mastodon,5,2,2025-04-28,True,False,0.95031,original,10.0,NETWORK,False,False,2024,201,v2023.03.01,False,False,False
CVE-2024-43047,2024-10-10,Mastodon,7,2,2025-04-07,True,False,0.00113,original,7.8,LOCAL,False,False,2024,179,v2023.03.01,False,False,False
CVE-2024-9680,2024-10-10,Mastodon,9,4,2025-05-07,True,False,0.00043,original,9.8,NETWORK,False,False,2024,209,v2023.03.01,False,False,False
CVE-2024-8698,2024-10-11,Mastodon,1,1,2024-10-11,True,False,0.00125,original,7.7,NETWORK,False,False,2024,0,v2023.03.01,False,False,False
CVE-2024-47374,2024-10-11,Mastodon,1,1,2024-10-11,True,False,0.00043,original,7.1,NETWORK,False,False,2024,0,v2023.03.01,False,False,False
CVE-2024-9164,2024-10-11,Mastodon,1,1,2024-10-11,True,False,0.00043,enriched,9.6,NETWORK,False,False,2024,0,v2023.03.01,False,False,False
CVE-2024-9465,2024-10-13,Mastodon,1,1,2024-10-13,True,False,0.0005,original,9.1,NETWORK,False,False,2024,0,v2023.03.01,False,False,False
CVE-2024-43044,2024-10-13,Mastodon,1,1,2024-10-13,True,False,0.0005,original,8.8,NETWORK,False,False,2024,0,v2023.03.01,False,False,False
CVE-2024-37383,2024-10-15,Mastodon,3,2,2025-04-11,True,False,0.00045,original,6.1,NETWORK,True,True,2024,178,v2023.03.01,False,False,False
CVE-2024-38178,2024-10-16,Mastodon,4,2,2025-05-01,True,False,0.01323,original,7.5,NETWORK,False,False,2024,197,v2023.03.01,False,False,False
CVE-2024-5836,2024-10-17,Mastodon,1,1,2024-10-17,False,True,0.00056,original,8.8,NETWORK,False,False,2024,0,v2023.03.01,False,False,False
CVE-2024-28987,2024-10-17,Mastodon,3,1,2024-10-31,True,False,0.96019,original,9.1,NETWORK,False,False,2024,14,v2023.03.01,False,False,False
CVE-2024-6778,2024-10-17,Mastodon,1,1,2024-10-17,False,True,0.00043,original,7.5,NETWORK,False,False,2024,0,v2023.03.01,False,False,False
CVE-2024-38227,2024-10-17,Mastodon,1,1,2024-10-17,True,False,0.00046,original,7.2,NETWORK,False,False,2024,0,v2023.03.01,False,False,False
CVE-2024-9264,2024-10-20,Mastodon,1,1,2024-10-20,True,False,0.00043,original,9.9,NETWORK,False,False,2024,0,v2023.03.01,False,False,False
CVE-2024-44133,2024-10-20,Mastodon,1,1,2024-10-20,True,False,0.00043,original,5.5,LOCAL,False,False,2024,0,v2023.03.01,False,False,False
CVE-2024-47575,2024-10-24,Mastodon,10,3,2025-04-28,True,False,0.01216,original,9.8,NETWORK,False,False,2024,186,v2023.03.01,False,False,False
CVE-2024-9632,2024-10-30,Mastodon,1,1,2024-10-30,True,False,0.00043,enriched,7.8,LOCAL,False,False,2024,0,v2023.03.01,False,False,False
CVE-2024-7826,2024-10-30,Mastodon,1,1,2024-10-30,True,False,0.00043,original,9.8,NETWORK,False,False,2024,0,v2023.03.01,False,False,False
CVE-2024-10349,2024-10-30,Mastodon,1,1,2024-10-30,True,False,0.00045,original,6.3,NETWORK,True,True,2024,0,v2023.03.01,False,False,False
CVE-2024-48964,2024-10-30,Mastodon,1,1,2024-10-30,True,False,0.00043,original,7.5,NETWORK,True,True,2024,0,v2023.03.01,False,False,False
CVE-2024-28020,2024-10-30,Mastodon,1,1,2024-10-30,True,False,0.0005,original,8.0,NETWORK,False,False,2024,0,v2023.03.01,False,False,False
CVE-2024-10338,2024-10-30,Mastodon,1,1,2024-10-30,True,False,0.00045,original,4.7,NETWORK,False,False,2024,0,v2023.03.01,False,False,False
CVE-2024-34669,2024-10-30,Mastodon,1,1,2024-10-30,True,False,0.00043,original,7.5,NETWORK,False,False,2024,0,v2023.03.01,False,False,False
CVE-2024-49767,2024-11-01,Mastodon,1,1,2024-11-01,True,False,0.00045,original,7.5,NETWORK,True,True,2024,0,v2023.03.01,False,False,False
CVE-2023-22098,2024-11-02,Mastodon,1,1,2024-11-02,True,False,0.00043,original,8.2,LOCAL,False,False,2023,0,v2023.03.01,False,False,False
CVE-2024-51774,2024-11-04,Reddit,3,2,2025-04-11,True,False,0.00045,original,8.1,NETWORK,True,False,2024,158,v2023.03.01,False,False,False
CVE-2024-43093,2024-11-05,Mastodon,10,3,2025-04-28,True,False,0.01972,enriched,7.8,LOCAL,False,False,2024,174,v2023.03.01,False,False,False
CVE-2024-20418,2024-11-07,Mastodon,3,2,2025-01-22,True,False,0.00043,original,10.0,NETWORK,False,False,2024,76,v2023.03.01,False,False,False
CVE-2024-51623,2024-11-09,Mastodon,1,1,2024-11-09,True,False,0.00043,enriched,8.5,NETWORK,False,False,2024,0,v2023.03.01,False,False,False
CVE-2024-48989,2024-11-09,Mastodon,1,1,2024-11-09,True,False,0.00043,enriched,7.5,NETWORK,False,False,2024,0,v2023.03.01,False,False,False
CVE-2024-51606,2024-11-09,Mastodon,1,1,2024-11-09,True,False,0.00043,enriched,8.5,NETWORK,False,False,2024,0,v2023.03.01,False,False,False
CVE-2024-51608,2024-11-09,Mastodon,1,1,2024-11-09,True,False,0.00043,enriched,8.5,NETWORK,False,False,2024,0,v2023.03.01,False,False,False
CVE-2024-11047,2024-11-10,Mastodon,1,1,2024-11-10,True,False,0.00045,original,8.8,NETWORK,True,True,2024,0,v2023.03.01,False,False,False
CVE-2024-11056,2024-11-10,Mastodon,1,1,2024-11-10,True,False,0.00045,enriched,8.8,NETWORK,False,False,2024,0,v2023.03.01,False,False,False
CVE-2024-11048,2024-11-10,Mastodon,1,1,2024-11-10,True,False,0.00045,original,8.8,NETWORK,True,True,2024,0,v2023.03.01,False,False,False
CVE-2024-21545,2024-11-11,Mastodon,1,1,2024-11-11,True,False,0.00043,original,8.2,NETWORK,False,False,2024,0,v2023.03.01,False,False,False
CVE-2024-11068,2024-11-11,Mastodon,1,1,2024-11-11,True,False,0.00091,enriched,9.8,NETWORK,False,False,2024,0,v2023.03.01,False,False,False
CVE-2024-51747,2024-11-11,Mastodon,1,1,2024-11-11,True,False,0.00044,enriched,9.1,NETWORK,True,False,2024,0,v2023.03.01,False,False,False
CVE-2024-11016,2024-11-11,Mastodon,1,1,2024-11-11,True,False,0.00091,enriched,9.8,NETWORK,False,False,2024,0,v2023.03.01,False,False,False
CVE-2024-11017,2024-11-11,Mastodon,1,1,2024-11-11,True,False,0.0005,enriched,8.8,NETWORK,False,False,2024,0,v2023.03.01,False,False,False
CVE-2024-11020,2024-11-11,Mastodon,1,1,2024-11-11,True,False,0.00091,enriched,9.8,NETWORK,False,False,2024,0,v2023.03.01,False,False,False
CVE-2024-51882,2024-11-11,Mastodon,1,1,2024-11-11,True,False,0.00043,enriched,8.5,NETWORK,False,False,2024,0,v2023.03.01,False,False,False
CVE-2024-51845,2024-11-11,Mastodon,1,1,2024-11-11,True,False,0.00043,enriched,8.5,NETWORK,False,False,2024,0,v2023.03.01,False,False,False
CVE-2024-51843,2024-11-11,Mastodon,1,1,2024-11-11,True,False,0.00043,enriched,8.5,NETWORK,False,False,2024,0,v2023.03.01,False,False,False
CVE-2024-51837,2024-11-11,Mastodon,1,1,2024-11-11,True,False,0.00043,enriched,8.5,NETWORK,False,False,2024,0,v2023.03.01,False,False,False
CVE-2024-51820,2024-11-11,Mastodon,1,1,2024-11-11,True,False,0.00043,enriched,8.5,NETWORK,False,False,2024,0,v2023.03.01,False,False,False
CVE-2024-51793,2024-11-11,Mastodon,1,1,2024-11-11,True,False,0.00043,enriched,10.0,NETWORK,False,False,2024,0,v2023.03.01,False,False,False
CVE-2024-51792,2024-11-11,Mastodon,1,1,2024-11-11,True,False,0.00043,enriched,10.0,NETWORK,False,False,2024,0,v2023.03.01,False,False,False
CVE-2024-11018,2024-11-11,Mastodon,1,1,2024-11-11,True,False,0.00091,enriched,9.8,NETWORK,False,False,2024,0,v2023.03.01,False,False,False
CVE-2024-51791,2024-11-11,Mastodon,1,1,2024-11-11,True,False,0.00043,enriched,10.0,NETWORK,False,False,2024,0,v2023.03.01,False,False,False
CVE-2024-51788,2024-11-11,Mastodon,1,1,2024-11-11,True,False,0.00043,enriched,10.0,NETWORK,False,False,2024,0,v2023.03.01,False,False,False
CVE-2024-11061,2024-11-11,Mastodon,1,1,2024-11-11,True,False,0.00045,original,8.8,NETWORK,False,False,2024,0,v2023.03.01,False,False,False
CVE-2024-51789,2024-11-11,Mastodon,1,1,2024-11-11,True,False,0.00043,enriched,10.0,NETWORK,False,False,2024,0,v2023.03.01,False,False,False
CVE-2024-51748,2024-11-11,Mastodon,1,1,2024-11-11,True,False,0.00044,enriched,9.1,NETWORK,True,False,2024,0,v2023.03.01,False,False,False
CVE-2024-51790,2024-11-11,Mastodon,1,1,2024-11-11,True,False,0.00043,enriched,10.0,NETWORK,False,False,2024,0,v2023.03.01,False,False,False
CVE-2024-44102,2024-11-12,Mastodon,1,1,2024-11-12,True,False,0.00071,enriched,10.0,NETWORK,False,False,2024,0,v2023.03.01,False,False,False
CVE-2024-11006,2024-11-12,Mastodon,1,1,2024-11-12,True,False,0.00043,enriched,9.1,NETWORK,False,False,2024,0,v2023.03.01,False,False,False
CVE-2024-49018,2024-11-12,Mastodon,1,1,2024-11-12,True,False,0.00091,enriched,8.8,NETWORK,False,False,2024,0,v2023.03.01,False,False,False
CVE-2024-47590,2024-11-12,Mastodon,1,1,2024-11-12,True,False,0.00043,original,8.8,NETWORK,False,False,2024,0,v2023.03.01,False,False,False
CVE-2024-11005,2024-11-12,Mastodon,1,1,2024-11-12,True,False,0.00043,enriched,9.1,NETWORK,False,False,2024,0,v2023.03.01,False,False,False
CVE-2024-11004,2024-11-12,Mastodon,1,1,2024-11-12,True,False,0.00043,enriched,6.1,NETWORK,False,False,2024,0,v2023.03.01,False,False,False
CVE-2024-46966,2024-11-12,Mastodon,1,1,2024-11-12,True,False,0.00043,original,8.1,NETWORK,True,True,2024,0,v2023.03.01,False,False,False
CVE-2024-52533,2024-11-12,Mastodon,1,1,2024-11-12,True,False,0.00045,original,9.8,NETWORK,False,False,2024,0,v2023.03.01,False,False,False
CVE-2024-50386,2024-11-12,Mastodon,1,1,2024-11-12,True,False,0.00045,enriched,8.5,NETWORK,False,False,2024,0,v2023.03.01,False,False,False
CVE-2024-46964,2024-11-12,Mastodon,1,1,2024-11-12,True,False,0.00043,original,8.1,NETWORK,True,True,2024,0,v2023.03.01,False,False,False
CVE-2024-50330,2024-11-12,Mastodon,1,1,2024-11-12,True,False,0.00043,enriched,9.8,NETWORK,False,False,2024,0,v2023.03.01,False,False,False
CVE-2024-50329,2024-11-12,Mastodon,1,1,2024-11-12,True,False,0.00044,enriched,8.8,NETWORK,False,False,2024,0,v2023.03.01,False,False,False
CVE-2024-46963,2024-11-12,Mastodon,1,1,2024-11-12,True,False,0.00043,original,8.1,NETWORK,True,True,2024,0,v2023.03.01,False,False,False
CVE-2024-46962,2024-11-12,Mastodon,1,1,2024-11-12,True,False,0.00043,original,9.1,NETWORK,True,True,2024,0,v2023.03.01,False,False,False
CVE-2024-11007,2024-11-12,Mastodon,1,1,2024-11-12,True,False,0.00043,enriched,9.1,NETWORK,False,False,2024,0,v2023.03.01,False,False,False
CVE-2024-10943,2024-11-12,Mastodon,1,1,2024-11-12,True,False,0.00043,enriched,9.1,NETWORK,False,False,2024,0,v2023.03.01,False,False,False
CVE-2024-46890,2024-11-12,Mastodon,1,1,2024-11-12,True,False,0.00052,enriched,9.1,NETWORK,False,False,2024,0,v2023.03.01,False,False,False
CVE-2024-46888,2024-11-12,Mastodon,1,1,2024-11-12,True,False,0.00049,enriched,9.9,NETWORK,False,False,2024,0,v2023.03.01,False,False,False
CVE-2024-10245,2024-11-12,Mastodon,1,1,2024-11-12,True,False,0.00091,enriched,9.8,NETWORK,False,False,2024,0,v2023.03.01,False,False,False
CVE-2024-45827,2024-11-12,Mastodon,1,1,2024-11-12,True,False,0.00043,enriched,8.0,ADJACENT_NETWORK,False,False,2024,0,v2023.03.01,False,False,False
CVE-2024-11114,2024-11-12,Mastodon,1,1,2024-11-12,True,False,0.00043,enriched,8.3,NETWORK,False,False,2024,0,v2023.03.01,False,False,False
CVE-2024-9420,2024-11-12,Mastodon,1,1,2024-11-12,True,False,0.00043,enriched,8.8,NETWORK,False,False,2024,0,v2023.03.01,False,False,False
CVE-2024-43415,2024-11-12,Mastodon,1,1,2024-11-12,True,False,0.00045,enriched,9.0,NETWORK,True,True,2024,0,v2023.03.01,False,False,False
CVE-2024-11113,2024-11-12,Mastodon,1,1,2024-11-12,True,False,0.00043,enriched,8.8,NETWORK,False,False,2024,0,v2023.03.01,False,False,False
CVE-2024-49013,2024-11-12,Mastodon,1,1,2024-11-12,True,False,0.00091,enriched,8.8,NETWORK,False,False,2024,0,v2023.03.01,False,False,False
CVE-2024-10944,2024-11-12,Mastodon,1,1,2024-11-12,True,False,0.00043,enriched,8.4,NETWORK,False,False,2024,0,v2023.03.01,False,False,False
CVE-2024-47808,2024-11-12,Mastodon,1,1,2024-11-12,True,False,0.00043,enriched,8.4,LOCAL,False,False,2024,0,v2023.03.01,False,False,False
CVE-2024-49014,2024-11-12,Mastodon,1,1,2024-11-12,True,False,0.00091,enriched,8.8,NETWORK,False,False,2024,0,v2023.03.01,False,False,False
CVE-2024-49017,2024-11-12,Mastodon,1,1,2024-11-12,True,False,0.00091,enriched,8.8,NETWORK,False,False,2024,0,v2023.03.01,False,False,False
CVE-2024-49012,2024-11-12,Mastodon,1,1,2024-11-12,True,False,0.00091,enriched,8.8,NETWORK,False,False,2024,0,v2023.03.01,False,False,False
CVE-2024-49011,2024-11-12,Mastodon,1,1,2024-11-12,True,False,0.00091,enriched,8.8,NETWORK,False,False,2024,0,v2023.03.01,False,False,False
CVE-2024-49016,2024-11-12,Mastodon,1,1,2024-11-12,True,False,0.00091,enriched,8.8,NETWORK,False,False,2024,0,v2023.03.01,False,False,False
CVE-2024-49015,2024-11-12,Mastodon,1,1,2024-11-12,True,False,0.00091,enriched,8.8,NETWORK,False,False,2024,0,v2023.03.01,False,False,False
CVE-2024-52297,2024-11-12,Mastodon,1,1,2024-11-12,True,False,0.00045,enriched,9.8,NETWORK,True,True,2024,0,v2023.03.01,False,False,False
CVE-2024-2208,2024-11-12,Mastodon,1,1,2024-11-12,True,False,0.00043,enriched,8.8,LOCAL,False,False,2024,0,v2023.03.01,False,False,False
CVE-2024-49009,2024-11-12,Mastodon,1,1,2024-11-12,True,False,0.00091,enriched,8.8,NETWORK,False,False,2024,0,v2023.03.01,False,False,False
CVE-2024-49008,2024-11-12,Mastodon,1,1,2024-11-12,True,False,0.00091,enriched,8.8,NETWORK,False,False,2024,0,v2023.03.01,False,False,False
CVE-2024-49007,2024-11-12,Mastodon,1,1,2024-11-12,True,False,0.00091,enriched,8.8,NETWORK,False,False,2024,0,v2023.03.01,False,False,False
CVE-2024-49006,2024-11-12,Mastodon,1,1,2024-11-12,True,False,0.00091,enriched,8.8,NETWORK,False,False,2024,0,v2023.03.01,False,False,False
CVE-2024-49039,2024-11-12,Mastodon,5,3,2025-05-01,True,False,0.00185,enriched,8.8,LOCAL,False,False,2024,170,v2023.03.01,False,False,False
CVE-2024-49010,2024-11-12,Mastodon,1,1,2024-11-12,True,False,0.00091,enriched,8.8,NETWORK,False,False,2024,0,v2023.03.01,False,False,False
CVE-2024-49004,2024-11-12,Mastodon,1,1,2024-11-12,True,False,0.00091,enriched,8.8,NETWORK,False,False,2024,0,v2023.03.01,False,False,False
CVE-2024-49369,2024-11-12,Mastodon,1,1,2024-11-12,True,False,0.00044,enriched,9.8,NETWORK,True,True,2024,0,v2023.03.01,False,False,False
CVE-2024-48997,2024-11-12,Mastodon,1,1,2024-11-12,True,False,0.00091,enriched,8.8,NETWORK,False,False,2024,0,v2023.03.01,False,False,False
CVE-2024-49005,2024-11-12,Mastodon,1,1,2024-11-12,True,False,0.00091,enriched,8.8,NETWORK,False,False,2024,0,v2023.03.01,False,False,False
CVE-2024-48999,2024-11-12,Mastodon,1,1,2024-11-12,True,False,0.00091,enriched,8.8,NETWORK,False,False,2024,0,v2023.03.01,False,False,False
CVE-2024-49000,2024-11-12,Mastodon,1,1,2024-11-12,True,False,0.00091,enriched,8.8,NETWORK,False,False,2024,0,v2023.03.01,False,False,False
CVE-2024-48998,2024-11-12,Mastodon,1,1,2024-11-12,True,False,0.00091,enriched,8.8,NETWORK,False,False,2024,0,v2023.03.01,False,False,False
CVE-2024-36513,2024-11-12,Mastodon,1,1,2024-11-12,True,False,0.00043,enriched,8.2,LOCAL,False,False,2024,0,v2023.03.01,False,False,False
CVE-2024-49050,2024-11-12,Mastodon,4,3,2025-05-15,True,False,0.00091,enriched,8.8,NETWORK,False,False,2024,184,v2023.03.01,False,False,False
CVE-2024-49002,2024-11-12,Mastodon,1,1,2024-11-12,True,False,0.00091,enriched,8.8,NETWORK,False,False,2024,0,v2023.03.01,False,False,False
CVE-2024-49048,2024-11-12,Mastodon,1,1,2024-11-12,True,False,0.00066,enriched,8.1,NETWORK,False,False,2024,0,v2023.03.01,False,False,False
CVE-2024-49003,2024-11-12,Mastodon,1,1,2024-11-12,True,False,0.00091,enriched,8.8,NETWORK,False,False,2024,0,v2023.03.01,False,False,False
CVE-2024-49001,2024-11-12,Mastodon,1,1,2024-11-12,True,False,0.00091,enriched,8.8,NETWORK,False,False,2024,0,v2023.03.01,False,False,False
CVE-2024-36482,2024-11-13,Mastodon,1,1,2024-11-13,True,False,0.00043,enriched,8.2,LOCAL,False,False,2024,0,v2023.03.01,False,False,False
CVE-2024-36282,2024-11-13,Mastodon,1,1,2024-11-13,True,False,0.00043,enriched,8.2,LOCAL,False,False,2024,0,v2023.03.01,False,False,False
CVE-2024-36242,2024-11-13,Mastodon,1,1,2024-11-13,True,False,0.00043,enriched,8.8,LOCAL,False,False,2024,0,v2023.03.01,False,False,False
CVE-2024-11028,2024-11-13,Mastodon,1,1,2024-11-13,True,False,0.00063,enriched,9.8,NETWORK,False,False,2024,0,v2023.03.01,False,False,False
CVE-2024-10629,2024-11-13,Mastodon,1,1,2024-11-13,True,False,0.0005,original,8.8,NETWORK,False,False,2024,0,v2023.03.01,False,False,False
CVE-2024-10800,2024-11-13,Mastodon,1,1,2024-11-13,True,False,0.0005,original,8.8,NETWORK,False,False,2024,0,v2023.03.01,False,False,False
CVE-2024-10820,2024-11-13,Mastodon,1,1,2024-11-13,True,False,0.00043,original,9.8,NETWORK,False,False,2024,0,v2023.03.01,False,False,False
CVE-2024-10828,2024-11-13,Mastodon,1,1,2024-11-13,True,False,0.00063,original,8.1,NETWORK,False,False,2024,0,v2023.03.01,False,False,False
CVE-2024-32483,2024-11-13,Mastodon,1,1,2024-11-13,True,False,0.00043,enriched,8.2,LOCAL,False,False,2024,0,v2023.03.01,False,False,False
CVE-2024-34023,2024-11-13,Mastodon,1,1,2024-11-13,True,False,0.00043,enriched,8.4,LOCAL,False,False,2024,0,v2023.03.01,False,False,False
CVE-2024-10575,2024-11-13,Mastodon,1,1,2024-11-13,True,False,0.00043,original,9.8,NETWORK,False,False,2024,0,v2023.03.01,False,False,False
CVE-2024-8069,2024-11-13,Mastodon,1,1,2024-11-13,True,False,0.00043,original,8.8,NETWORK,False,False,2024,0,v2023.03.01,False,False,False
CVE-2024-38655,2024-11-13,Mastodon,1,1,2024-11-13,True,False,0.00043,original,9.1,NETWORK,False,False,2024,0,v2023.03.01,False,False,False
CVE-2022-45157,2024-11-13,Mastodon,1,1,2024-11-13,True,False,0.00043,enriched,9.1,NETWORK,True,False,2022,0,v2023.03.01,False,False,False
CVE-2024-52291,2024-11-13,Mastodon,1,1,2024-11-13,True,False,0.00044,enriched,8.4,NETWORK,True,False,2024,0,v2023.03.01,False,False,False
CVE-2024-52300,2024-11-13,Mastodon,1,1,2024-11-13,True,False,0.00043,enriched,9.0,NETWORK,True,False,2024,0,v2023.03.01,False,False,False
CVE-2024-28726,2024-11-13,Mastodon,1,1,2024-11-13,True,False,0.00043,original,8.0,ADJACENT_NETWORK,True,True,2024,0,v2023.03.01,False,False,False
CVE-2024-11150,2024-11-13,Mastodon,1,1,2024-11-13,True,False,0.00091,original,9.8,NETWORK,False,False,2024,0,v2023.03.01,False,False,False
CVE-2024-52553,2024-11-13,Mastodon,1,1,2024-11-13,True,False,0.00043,enriched,8.8,NETWORK,False,False,2024,0,v2023.03.01,False,False,False
CVE-2024-11115,2024-11-13,Mastodon,1,1,2024-11-13,True,False,0.00043,original,8.8,NETWORK,False,False,2024,0,v2023.03.01,False,False,False
CVE-2024-39712,2024-11-13,Mastodon,1,1,2024-11-13,True,False,0.00043,original,9.1,NETWORK,False,False,2024,0,v2023.03.01,False,False,False
CVE-2024-39711,2024-11-13,Mastodon,1,1,2024-11-13,True,False,0.00043,original,9.1,NETWORK,False,False,2024,0,v2023.03.01,False,False,False
CVE-2024-52554,2024-11-13,Mastodon,1,1,2024-11-13,True,False,0.00043,enriched,8.8,NETWORK,False,False,2024,0,v2023.03.01,False,False,False
CVE-2024-39710,2024-11-13,Mastodon,1,1,2024-11-13,True,False,0.00043,original,9.1,NETWORK,False,False,2024,0,v2023.03.01,False,False,False
CVE-2024-38656,2024-11-13,Mastodon,1,1,2024-11-13,True,False,0.00043,original,9.1,NETWORK,False,False,2024,0,v2023.03.01,False,False,False
CVE-2024-38665,2024-11-13,Mastodon,1,1,2024-11-13,True,False,0.00043,enriched,8.4,LOCAL,False,False,2024,0,v2023.03.01,False,False,False
CVE-2024-23918,2024-11-13,Mastodon,1,1,2024-11-13,True,False,0.00043,enriched,8.8,LOCAL,False,False,2024,0,v2023.03.01,False,False,False
CVE-2024-8938,2024-11-13,Mastodon,1,1,2024-11-13,True,False,0.00043,original,8.1,NETWORK,False,False,2024,0,v2023.03.01,False,False,False
CVE-2024-39368,2024-11-13,Mastodon,1,1,2024-11-13,True,False,0.00043,enriched,8.0,ADJACENT_NETWORK,False,False,2024,0,v2023.03.01,False,False,False
CVE-2024-48974,2024-11-14,Mastodon,1,1,2024-11-14,True,False,0.00043,enriched,9.3,LOCAL,False,False,2024,0,v2023.03.01,False,False,False
CVE-2024-48973,2024-11-14,Mastodon,1,1,2024-11-14,True,False,0.00043,enriched,9.3,LOCAL,False,False,2024,0,v2023.03.01,False,False,False
CVE-2024-48971,2024-11-14,Mastodon,1,1,2024-11-14,True,False,0.00043,enriched,9.3,LOCAL,False,False,2024,0,v2023.03.01,False,False,False
CVE-2024-48970,2024-11-14,Mastodon,1,1,2024-11-14,True,False,0.00043,enriched,9.3,LOCAL,False,False,2024,0,v2023.03.01,False,False,False
CVE-2024-48967,2024-11-14,Mastodon,1,1,2024-11-14,True,False,0.00043,enriched,10.0,NETWORK,False,False,2024,0,v2023.03.01,False,False,False
CVE-2024-3502,2024-11-14,Mastodon,1,1,2024-11-14,True,False,0.00043,enriched,8.1,NETWORK,True,True,2024,0,v2023.03.01,False,False,False
CVE-2024-3379,2024-11-14,Mastodon,1,1,2024-11-14,True,False,0.00043,enriched,8.1,NETWORK,True,True,2024,0,v2023.03.01,False,False,False
CVE-2024-10979,2024-11-14,Mastodon,1,1,2024-11-14,True,False,0.00043,enriched,8.8,NETWORK,True,True,2024,0,v2023.03.01,False,False,False
CVE-2024-10962,2024-11-14,Mastodon,1,1,2024-11-14,True,False,0.00063,enriched,8.8,NETWORK,False,False,2024,0,v2023.03.01,False,False,False
CVE-2024-3501,2024-11-14,Mastodon,1,1,2024-11-14,True,False,0.00043,enriched,8.1,NETWORK,True,True,2024,0,v2023.03.01,False,False,False
CVE-2024-37285,2024-11-14,Mastodon,1,1,2024-11-14,True,False,0.00043,enriched,9.1,NETWORK,False,False,2024,0,v2023.03.01,False,False,False
CVE-2024-4343,2024-11-14,Mastodon,1,1,2024-11-14,True,False,0.00043,enriched,9.8,NETWORK,True,True,2024,0,v2023.03.01,False,False,False
CVE-2024-43091,2024-11-14,Mastodon,1,1,2024-11-14,True,False,0.00043,original,9.8,NETWORK,False,False,2024,0,v2023.03.01,False,False,False
CVE-2024-10571,2024-11-14,Mastodon,1,1,2024-11-14,True,False,0.00091,enriched,9.8,NETWORK,False,False,2024,0,v2023.03.01,False,False,False
CVE-2024-48966,2024-11-14,Mastodon,1,1,2024-11-14,True,False,0.00043,enriched,10.0,NETWORK,False,False,2024,0,v2023.03.01,False,False,False
CVE-2024-48510,2024-11-14,Mastodon,1,1,2024-11-14,True,False,0.00045,original,9.8,NETWORK,True,True,2024,0,v2023.03.01,False,False,False
CVE-2024-52369,2024-11-14,Mastodon,1,1,2024-11-14,True,False,0.00043,enriched,9.9,NETWORK,False,False,2024,0,v2023.03.01,False,False,False
CVE-2024-52551,2024-11-14,Mastodon,1,1,2024-11-14,True,False,0.00043,original,8.0,NETWORK,False,False,2024,0,v2023.03.01,False,False,False
CVE-2024-50853,2024-11-14,Mastodon,1,1,2024-11-14,True,False,0.00043,original,8.8,NETWORK,True,True,2024,0,v2023.03.01,False,False,False
CVE-2024-50854,2024-11-14,Mastodon,1,1,2024-11-14,True,False,0.00043,original,8.8,NETWORK,True,True,2024,0,v2023.03.01,False,False,False
CVE-2024-52374,2024-11-14,Mastodon,1,1,2024-11-14,True,False,0.00043,enriched,10.0,NETWORK,False,False,2024,0,v2023.03.01,False,False,False
CVE-2024-50970,2024-11-14,Mastodon,1,1,2024-11-14,True,False,0.00043,original,8.8,NETWORK,True,False,2024,0,v2023.03.01,False,False,False
CVE-2024-52552,2024-11-14,Mastodon,1,1,2024-11-14,True,False,0.00043,original,8.0,NETWORK,False,False,2024,0,v2023.03.01,False,False,False
CVE-2024-52393,2024-11-14,Mastodon,1,1,2024-11-14,True,False,0.00043,enriched,9.1,NETWORK,False,False,2024,0,v2023.03.01,False,False,False
CVE-2024-52384,2024-11-14,Mastodon,1,1,2024-11-14,True,False,0.00043,enriched,9.9,NETWORK,False,False,2024,0,v2023.03.01,False,False,False
CVE-2024-52382,2024-11-14,Mastodon,1,1,2024-11-14,True,False,0.00043,enriched,9.8,NETWORK,False,False,2024,0,v2023.03.01,False,False,False
CVE-2024-50852,2024-11-14,Mastodon,1,1,2024-11-14,True,False,0.00043,original,8.8,NETWORK,True,True,2024,0,v2023.03.01,False,False,False
CVE-2024-52308,2024-11-14,Mastodon,1,1,2024-11-14,True,False,0.00043,enriched,8.0,NETWORK,True,False,2024,0,v2023.03.01,False,False,False
CVE-2024-52380,2024-11-14,Mastodon,1,1,2024-11-14,True,False,0.00043,enriched,10.0,NETWORK,False,False,2024,0,v2023.03.01,False,False,False
CVE-2024-52379,2024-11-14,Mastodon,1,1,2024-11-14,True,False,0.00043,enriched,10.0,NETWORK,False,False,2024,0,v2023.03.01,False,False,False
CVE-2024-52377,2024-11-14,Mastodon,1,1,2024-11-14,True,False,0.00043,enriched,10.0,NETWORK,False,False,2024,0,v2023.03.01,False,False,False
CVE-2024-52376,2024-11-14,Mastodon,1,1,2024-11-14,True,False,0.00043,enriched,10.0,NETWORK,False,False,2024,0,v2023.03.01,False,False,False
CVE-2024-52370,2024-11-14,Mastodon,1,1,2024-11-14,True,False,0.00043,enriched,9.9,NETWORK,False,False,2024,0,v2023.03.01,False,False,False
CVE-2024-52371,2024-11-14,Mastodon,1,1,2024-11-14,True,False,0.00044,enriched,8.6,NETWORK,False,False,2024,0,v2023.03.01,False,False,False
CVE-2024-52372,2024-11-14,Mastodon,1,1,2024-11-14,True,False,0.00043,enriched,10.0,NETWORK,False,False,2024,0,v2023.03.01,False,False,False
CVE-2024-52373,2024-11-14,Mastodon,1,1,2024-11-14,True,False,0.00043,enriched,10.0,NETWORK,False,False,2024,0,v2023.03.01,False,False,False
CVE-2024-52381,2024-11-14,Mastodon,1,1,2024-11-14,True,False,0.00043,enriched,8.1,NETWORK,False,False,2024,0,v2023.03.01,False,False,False
CVE-2024-50306,2024-11-14,Mastodon,1,1,2024-11-14,True,False,0.00043,enriched,9.1,NETWORK,False,False,2024,0,v2023.03.01,False,False,False
CVE-2024-52375,2024-11-14,Mastodon,1,1,2024-11-14,True,False,0.00043,enriched,10.0,NETWORK,False,False,2024,0,v2023.03.01,False,False,False
CVE-2024-9834,2024-11-14,Mastodon,1,1,2024-11-14,True,False,0.00043,enriched,9.3,LOCAL,False,False,2024,0,v2023.03.01,False,False,False
CVE-2024-9832,2024-11-14,Mastodon,1,1,2024-11-14,True,False,0.00043,enriched,9.3,LOCAL,False,False,2024,0,v2023.03.01,False,False,False
CVE-2024-9693,2024-11-14,Mastodon,1,1,2024-11-14,True,False,0.00043,enriched,8.5,NETWORK,False,False,2024,0,v2023.03.01,False,False,False
CVE-2024-8979,2024-11-15,Mastodon,1,1,2024-11-15,True,False,0.00056,enriched,8.0,NETWORK,False,False,2024,0,v2023.03.01,False,False,False
CVE-2024-45971,2024-11-15,Mastodon,1,1,2024-11-15,True,False,0.00043,enriched,9.8,NETWORK,True,True,2024,0,v2023.03.01,False,False,False
CVE-2024-49060,2024-11-15,Mastodon,1,1,2024-11-15,True,False,0.00043,enriched,8.8,LOCAL,False,False,2024,0,v2023.03.01,False,False,False
CVE-2023-0109,2024-11-15,Mastodon,1,1,2024-11-15,True,False,0.00043,enriched,5.4,NETWORK,True,True,2023,0,v2023.03.01,False,False,False
CVE-2022-20649,2024-11-15,Mastodon,1,1,2024-11-15,True,False,0.00063,enriched,8.1,NETWORK,False,False,2022,0,v2023.03.01,False,False,False
CVE-2024-52508,2024-11-15,Mastodon,1,1,2024-11-15,True,False,0.00045,enriched,8.2,NETWORK,True,True,2024,0,v2023.03.01,False,False,False
CVE-2021-3838,2024-11-15,Mastodon,1,1,2024-11-15,True,False,0.00043,enriched,9.8,NETWORK,True,True,2021,0,v2023.03.01,False,False,False
CVE-2021-3902,2024-11-15,Mastodon,1,1,2024-11-15,True,False,0.00043,enriched,9.8,NETWORK,True,True,2021,0,v2023.03.01,False,False,False
CVE-2024-40638,2024-11-15,Mastodon,1,1,2024-11-15,True,False,0.00043,enriched,8.1,NETWORK,True,False,2024,0,v2023.03.01,False,False,False
CVE-2024-10934,2024-11-15,Mastodon,1,1,2024-11-15,True,False,0.00043,enriched,9.8,NETWORK,False,False,2024,0,v2023.03.01,False,False,False
CVE-2024-39726,2024-11-15,Mastodon,1,1,2024-11-15,True,False,0.00087,enriched,8.2,NETWORK,False,False,2024,0,v2023.03.01,False,False,False
CVE-2024-10924,2024-11-15,Mastodon,5,3,2025-05-09,True,False,0.00045,original,9.8,NETWORK,False,False,2024,175,v2023.03.01,False,False,False
CVE-2022-1884,2024-11-15,Mastodon,1,1,2024-11-15,True,False,0.00043,enriched,9.8,NETWORK,False,False,2022,0,v2023.03.01,False,False,False
CVE-2024-0875,2024-11-15,Mastodon,1,1,2024-11-15,True,False,0.00043,enriched,4.8,NETWORK,True,True,2024,0,v2023.03.01,False,False,False
CVE-2024-10443,2024-11-15,Mastodon,1,1,2024-11-15,True,False,0.00043,enriched,9.8,NETWORK,False,False,2024,0,v2023.03.01,False,False,False
CVE-2024-45970,2024-11-15,Mastodon,1,1,2024-11-15,True,False,0.00043,enriched,9.8,NETWORK,True,True,2024,0,v2023.03.01,False,False,False
CVE-2024-11248,2024-11-15,Mastodon,1,1,2024-11-15,True,False,0.00045,enriched,8.8,NETWORK,False,False,2024,0,v2023.03.01,False,False,False
CVE-2024-11263,2024-11-15,Mastodon,1,1,2024-11-15,True,False,0.00043,enriched,9.3,LOCAL,True,False,2024,0,v2023.03.01,False,False,False
CVE-2024-49778,2024-11-15,Mastodon,1,1,2024-11-15,True,False,0.00043,original,8.8,NETWORK,True,False,2024,0,v2023.03.01,False,False,False
CVE-2024-11120,2024-11-15,Mastodon,1,1,2024-11-15,True,False,0.0009,original,9.8,NETWORK,False,False,2024,0,v2023.03.01,False,False,False
CVE-2023-20036,2024-11-15,Mastodon,1,1,2024-11-15,True,False,0.00052,enriched,9.9,NETWORK,False,False,2023,0,v2023.03.01,False,False,False
CVE-2022-20655,2024-11-15,Mastodon,1,1,2024-11-15,True,False,0.00043,enriched,8.8,LOCAL,False,False,2022,0,v2023.03.01,False,False,False
CVE-2023-20154,2024-11-15,Mastodon,1,1,2024-11-15,True,False,0.00091,enriched,9.1,NETWORK,False,False,2023,0,v2023.03.01,False,False,False
CVE-2024-41209,2024-11-15,Mastodon,1,1,2024-11-15,True,False,0.00043,original,8.8,NETWORK,True,False,2024,0,v2023.03.01,False,False,False
CVE-2024-49777,2024-11-15,Mastodon,1,1,2024-11-15,True,False,0.00043,original,8.8,NETWORK,True,False,2024,0,v2023.03.01,False,False,False
CVE-2023-20125,2024-11-15,Mastodon,1,1,2024-11-15,True,False,0.00046,enriched,8.6,NETWORK,False,False,2023,0,v2023.03.01,False,False,False
CVE-2024-52405,2024-11-16,Mastodon,1,1,2024-11-16,True,False,0.00043,enriched,9.9,NETWORK,False,False,2024,0,v2023.03.01,False,False,False
CVE-2024-52408,2024-11-16,Mastodon,1,1,2024-11-16,True,False,0.00043,enriched,9.9,NETWORK,False,False,2024,0,v2023.03.01,False,False,False
CVE-2024-8856,2024-11-16,Mastodon,3,2,2025-04-06,True,False,0.00063,original,9.8,NETWORK,False,False,2024,141,v2023.03.01,False,False,False
CVE-2024-52409,2024-11-16,Mastodon,1,1,2024-11-16,True,False,0.00043,enriched,9.8,NETWORK,False,False,2024,0,v2023.03.01,False,False,False
CVE-2024-52410,2024-11-16,Mastodon,1,1,2024-11-16,True,False,0.00043,enriched,9.8,NETWORK,False,False,2024,0,v2023.03.01,False,False,False
CVE-2024-52412,2024-11-16,Mastodon,1,1,2024-11-16,True,False,0.00043,enriched,9.8,NETWORK,False,False,2024,0,v2023.03.01,False,False,False
CVE-2024-52413,2024-11-16,Mastodon,1,1,2024-11-16,True,False,0.00043,enriched,9.8,NETWORK,False,False,2024,0,v2023.03.01,False,False,False
CVE-2024-10728,2024-11-16,Mastodon,1,1,2024-11-16,True,False,0.00066,original,8.8,NETWORK,False,False,2024,0,v2023.03.01,False,False,False
CVE-2024-52414,2024-11-16,Mastodon,1,1,2024-11-16,True,False,0.00043,enriched,9.8,NETWORK,False,False,2024,0,v2023.03.01,False,False,False
CVE-2024-9849,2024-11-16,Mastodon,1,1,2024-11-16,True,False,0.0005,original,8.8,NETWORK,False,False,2024,0,v2023.03.01,False,False,False
CVE-2024-52411,2024-11-16,Mastodon,1,1,2024-11-16,True,False,0.00043,enriched,9.8,NETWORK,False,False,2024,0,v2023.03.01,False,False,False
CVE-2024-52397,2024-11-16,Mastodon,1,1,2024-11-16,True,False,0.00043,enriched,9.1,NETWORK,False,False,2024,0,v2023.03.01,False,False,False
CVE-2024-52398,2024-11-16,Mastodon,1,1,2024-11-16,True,False,0.00043,enriched,9.1,NETWORK,False,False,2024,0,v2023.03.01,False,False,False
CVE-2024-52399,2024-11-16,Mastodon,1,1,2024-11-16,True,False,0.00043,enriched,9.9,NETWORK,False,False,2024,0,v2023.03.01,False,False,False
CVE-2024-52400,2024-11-16,Mastodon,1,1,2024-11-16,True,False,0.00043,enriched,9.9,NETWORK,False,False,2024,0,v2023.03.01,False,False,False
CVE-2024-52403,2024-11-16,Mastodon,1,1,2024-11-16,True,False,0.00043,enriched,9.9,NETWORK,False,False,2024,0,v2023.03.01,False,False,False
CVE-2024-52415,2024-11-16,Mastodon,1,1,2024-11-16,True,False,0.00043,enriched,8.8,NETWORK,False,False,2024,0,v2023.03.01,False,False,False
CVE-2024-52407,2024-11-16,Mastodon,1,1,2024-11-16,True,False,0.00043,enriched,9.9,NETWORK,False,False,2024,0,v2023.03.01,False,False,False
CVE-2024-9110,2024-11-16,Mastodon,1,1,2024-11-16,True,False,0.00043,original,6.4,NETWORK,False,False,2024,0,v2023.03.01,False,False,False
CVE-2024-52404,2024-11-16,Mastodon,1,1,2024-11-16,True,False,0.00043,enriched,9.9,NETWORK,False,False,2024,0,v2023.03.01,False,False,False
CVE-2024-9192,2024-11-16,Mastodon,1,1,2024-11-16,True,False,0.0005,original,8.8,NETWORK,False,False,2024,0,v2023.03.01,False,False,False
CVE-2024-52416,2024-11-16,Mastodon,1,1,2024-11-16,True,False,0.00043,enriched,10.0,NETWORK,False,False,2024,0,v2023.03.01,False,False,False
CVE-2024-52406,2024-11-16,Mastodon,1,1,2024-11-16,True,False,0.00043,enriched,9.9,NETWORK,False,False,2024,0,v2023.03.01,False,False,False
CVE-2023-43091,2024-11-17,Mastodon,1,1,2024-11-17,True,False,0.00045,enriched,9.8,NETWORK,False,False,2023,0,v2023.03.01,False,False,False
CVE-2024-52867,2024-11-17,Mastodon,1,1,2024-11-17,True,False,0.00045,original,8.1,LOCAL,False,False,2024,0,v2023.03.01,False,False,False
CVE-2024-52430,2024-11-18,Mastodon,1,1,2024-11-18,True,False,0.00043,enriched,9.8,NETWORK,False,False,2024,0,v2023.03.01,False,False,False
CVE-2024-11315,2024-11-18,Mastodon,1,1,2024-11-18,True,False,0.00091,enriched,9.8,NETWORK,False,False,2024,0,v2023.03.01,False,False,False
CVE-2024-52427,2024-11-18,Mastodon,1,1,2024-11-18,True,False,0.00043,enriched,9.9,NETWORK,False,False,2024,0,v2023.03.01,False,False,False
CVE-2024-47533,2024-11-18,Mastodon,1,1,2024-11-18,True,False,0.00045,enriched,9.8,NETWORK,True,True,2024,0,v2023.03.01,False,False,False
CVE-2024-11319,2024-11-18,Mastodon,1,1,2024-11-18,True,False,0.00045,enriched,3.8,NETWORK,True,True,2024,0,v2023.03.01,False,False,False
CVE-2024-3370,2024-11-18,Mastodon,1,1,2024-11-18,True,False,0.00043,enriched,8.6,NETWORK,False,False,2024,0,v2023.03.01,False,False,False
CVE-2024-0012,2024-11-18,Mastodon,7,3,2025-02-13,True,True,0.01216,enriched,9.8,NETWORK,False,False,2024,87,v2023.03.01,False,False,False
CVE-2024-9474,2024-11-18,Mastodon,10,3,2025-02-21,False,True,0.02252,enriched,7.2,NETWORK,True,False,2024,95,v2023.03.01,False,False,False
CVE-2024-41151,2024-11-18,Mastodon,1,1,2024-11-18,True,False,0.00043,enriched,8.8,NETWORK,False,False,2024,0,v2023.03.01,False,False,False
CVE-2024-49574,2024-11-18,Mastodon,1,1,2024-11-18,True,False,0.00043,enriched,8.3,NETWORK,False,False,2024,0,v2023.03.01,False,False,False
CVE-2024-41967,2024-11-18,Mastodon,1,1,2024-11-18,True,False,0.00046,enriched,8.1,NETWORK,False,False,2024,0,v2023.03.01,False,False,False
CVE-2024-41969,2024-11-18,Mastodon,1,1,2024-11-18,True,False,0.0005,enriched,8.8,NETWORK,False,False,2024,0,v2023.03.01,False,False,False
CVE-2024-41971,2024-11-18,Mastodon,1,1,2024-11-18,True,False,0.00046,enriched,8.1,NETWORK,False,False,2024,0,v2023.03.01,False,False,False
CVE-2024-41973,2024-11-18,Mastodon,1,1,2024-11-18,True,False,0.00046,enriched,8.1,NETWORK,False,False,2024,0,v2023.03.01,False,False,False
CVE-2024-42386,2024-11-18,Mastodon,1,1,2024-11-18,True,False,0.00043,enriched,8.2,NETWORK,False,False,2024,0,v2023.03.01,False,False,False
CVE-2020-26071,2024-11-18,Mastodon,1,1,2024-11-18,True,False,0.00044,enriched,8.4,LOCAL,False,False,2020,0,v2023.03.01,False,False,False
CVE-2020-27124,2024-11-18,Mastodon,1,1,2024-11-18,True,False,0.00049,enriched,8.6,NETWORK,False,False,2020,0,v2023.03.01,False,False,False
CVE-2024-43704,2024-11-18,Mastodon,1,1,2024-11-18,True,False,0.00043,original,8.4,LOCAL,False,False,2024,0,v2023.03.01,False,False,False
CVE-2024-52428,2024-11-18,Mastodon,1,1,2024-11-18,True,False,0.00043,enriched,8.1,NETWORK,False,False,2024,0,v2023.03.01,False,False,False
CVE-2024-11312,2024-11-18,Mastodon,1,1,2024-11-18,True,False,0.00091,enriched,9.8,NETWORK,False,False,2024,0,v2023.03.01,False,False,False
CVE-2024-52431,2024-11-18,Mastodon,1,1,2024-11-18,True,False,0.00043,enriched,9.3,NETWORK,False,False,2024,0,v2023.03.01,False,False,False
CVE-2024-52432,2024-11-18,Mastodon,1,1,2024-11-18,True,False,0.00043,enriched,9.8,NETWORK,False,False,2024,0,v2023.03.01,False,False,False
CVE-2024-11311,2024-11-18,Mastodon,1,1,2024-11-18,True,False,0.00091,enriched,9.8,NETWORK,False,False,2024,0,v2023.03.01,False,False,False
CVE-2024-52316,2024-11-18,Mastodon,2,1,2025-01-08,True,False,0.00043,enriched,9.8,NETWORK,False,False,2024,51,v2023.03.01,False,False,False
CVE-2024-52583,2024-11-18,Mastodon,1,1,2024-11-18,True,False,0.00045,enriched,8.2,NETWORK,True,True,2024,0,v2023.03.01,False,False,False
CVE-2024-52429,2024-11-18,Mastodon,1,1,2024-11-18,True,False,0.00043,enriched,9.9,NETWORK,False,False,2024,0,v2023.03.01,False,False,False
CVE-2024-52433,2024-11-18,Mastodon,1,1,2024-11-18,True,False,0.00043,enriched,9.8,NETWORK,False,False,2024,0,v2023.03.01,False,False,False
CVE-2024-45505,2024-11-18,Mastodon,1,1,2024-11-18,True,False,0.00043,enriched,8.8,NETWORK,False,False,2024,0,v2023.03.01,False,False,False
CVE-2024-11313,2024-11-18,Mastodon,1,1,2024-11-18,True,False,0.00091,enriched,9.8,NETWORK,False,False,2024,0,v2023.03.01,False,False,False
CVE-2024-11314,2024-11-18,Mastodon,1,1,2024-11-18,True,False,0.00091,enriched,9.8,NETWORK,False,False,2024,0,v2023.03.01,False,False,False
CVE-2024-52434,2024-11-18,Mastodon,1,1,2024-11-18,True,False,0.00043,enriched,9.1,NETWORK,False,False,2024,0,v2023.03.01,False,False,False
CVE-2024-11194,2024-11-19,Mastodon,1,1,2024-11-19,True,False,0.00066,enriched,8.8,NETWORK,False,False,2024,0,v2023.03.01,False,False,False
CVE-2024-52587,2024-11-19,Mastodon,1,1,2024-11-19,True,False,0.00046,original,8.8,NETWORK,True,True,2024,0,v2023.03.01,False,False,False
CVE-2024-11075,2024-11-19,Mastodon,1,1,2024-11-19,True,False,0.00044,enriched,8.8,LOCAL,False,False,2024,0,v2023.03.01,False,False,False
CVE-2024-48292,2024-11-19,Mastodon,1,1,2024-11-19,True,False,0.00043,original,8.8,NETWORK,True,True,2024,0,v2023.03.01,False,False,False
CVE-2024-47208,2024-11-19,Mastodon,1,1,2024-11-19,True,False,0.00062,original,9.8,NETWORK,False,False,2024,0,v2023.03.01,False,False,False
CVE-2024-45419,2024-11-19,Mastodon,1,1,2024-11-19,True,False,0.00043,enriched,8.1,NETWORK,False,False,2024,0,v2023.03.01,False,False,False
CVE-2024-42450,2024-11-19,Mastodon,1,1,2024-11-19,True,False,0.00043,enriched,10.0,NETWORK,False,False,2024,0,v2023.03.01,False,False,False
CVE-2024-52402,2024-11-19,Mastodon,1,1,2024-11-19,True,False,0.00043,enriched,9.6,NETWORK,False,False,2024,0,v2023.03.01,False,False,False
CVE-2024-51503,2024-11-19,Mastodon,1,1,2024-11-19,True,False,0.00043,enriched,8.0,ADJACENT_NETWORK,False,False,2024,0,v2023.03.01,False,False,False
CVE-2024-50919,2024-11-19,Mastodon,1,1,2024-11-19,True,False,0.00045,original,9.8,NETWORK,True,True,2024,0,v2023.03.01,False,False,False
CVE-2024-52401,2024-11-19,Mastodon,1,1,2024-11-19,True,False,0.00043,enriched,9.6,NETWORK,False,False,2024,0,v2023.03.01,False,False,False
CVE-2024-51053,2024-11-19,Mastodon,1,1,2024-11-19,True,False,0.00043,original,9.8,NETWORK,False,False,2024,0,v2023.03.01,False,False,False
CVE-2024-21697,2024-11-19,Mastodon,1,1,2024-11-19,True,False,0.00043,enriched,8.8,NETWORK,False,False,2024,0,v2023.03.01,False,False,False
CVE-2024-11395,2024-11-19,Mastodon,1,1,2024-11-19,True,False,0.00043,enriched,8.8,NETWORK,False,False,2024,0,v2023.03.01,False,False,False
CVE-2024-51051,2024-11-19,Mastodon,1,1,2024-11-19,True,False,0.00043,original,9.8,NETWORK,True,True,2024,0,v2023.03.01,False,False,False
CVE-2024-51743,2024-11-19,Mastodon,1,1,2024-11-19,True,False,0.00043,original,8.8,NETWORK,True,True,2024,0,v2023.03.01,False,False,False
CVE-2024-48895,2024-11-20,Mastodon,1,1,2024-11-20,True,False,0.00043,enriched,8.8,NETWORK,False,False,2024,0,v2023.03.01,False,False,False
CVE-2024-10855,2024-11-20,Mastodon,1,1,2024-11-20,True,False,0.00051,enriched,8.1,NETWORK,False,False,2024,0,v2023.03.01,False,False,False
CVE-2024-52447,2024-11-20,Mastodon,1,1,2024-11-20,True,False,0.00043,enriched,8.6,NETWORK,False,False,2024,0,v2023.03.01,False,False,False
CVE-2024-52451,2024-11-20,Mastodon,1,1,2024-11-20,True,False,0.00043,enriched,8.2,NETWORK,False,False,2024,0,v2023.03.01,False,False,False
CVE-2024-10913,2024-11-20,Mastodon,1,1,2024-11-20,True,False,0.00063,enriched,8.8,NETWORK,False,False,2024,0,v2023.03.01,False,False,False
CVE-2018-9474,2024-11-20,Mastodon,1,1,2024-11-20,True,False,0.00043,enriched,7.8,LOCAL,False,False,2018,0,v2023.03.01,False,False,False
CVE-2018-9471,2024-11-20,Mastodon,1,1,2024-11-20,True,False,0.00043,enriched,7.8,LOCAL,False,False,2018,0,v2023.03.01,False,False,False
CVE-2018-9341,2024-11-20,Mastodon,1,1,2024-11-20,True,False,0.00043,original,7.8,LOCAL,False,False,2018,0,v2023.03.01,False,False,False
CVE-2018-9472,2024-11-20,Mastodon,1,1,2024-11-20,True,False,0.00043,enriched,8.8,NETWORK,False,False,2018,0,v2023.03.01,False,False,False
CVE-2018-9478,2024-11-20,Mastodon,1,1,2024-11-20,True,False,0.00043,enriched,9.8,NETWORK,False,False,2018,0,v2023.03.01,False,False,False
CVE-2018-9470,2024-11-20,Mastodon,1,1,2024-11-20,True,False,0.00043,enriched,8.8,NETWORK,False,False,2018,0,v2023.03.01,False,False,False
CVE-2024-52739,2024-11-20,Mastodon,1,1,2024-11-20,True,False,0.00043,enriched,8.0,NETWORK,True,True,2024,0,v2023.03.01,False,False,False
CVE-2018-9469,2024-11-20,Mastodon,1,1,2024-11-20,True,False,0.00043,enriched,7.8,LOCAL,False,False,2018,0,v2023.03.01,False,False,False
CVE-2018-9466,2024-11-20,Mastodon,1,1,2024-11-20,True,False,0.00043,original,8.8,NETWORK,False,False,2018,0,v2023.03.01,False,False,False
CVE-2024-52445,2024-11-20,Mastodon,1,1,2024-11-20,True,False,0.00043,enriched,8.8,NETWORK,False,False,2024,0,v2023.03.01,False,False,False
CVE-2024-52446,2024-11-20,Mastodon,1,1,2024-11-20,True,False,0.00043,enriched,8.8,NETWORK,False,False,2024,0,v2023.03.01,False,False,False
CVE-2024-52443,2024-11-20,Mastodon,1,1,2024-11-20,True,False,0.00043,enriched,9.8,NETWORK,False,False,2024,0,v2023.03.01,False,False,False
CVE-2018-9479,2024-11-20,Mastodon,1,1,2024-11-20,True,False,0.00043,enriched,9.8,NETWORK,False,False,2018,0,v2023.03.01,False,False,False
CVE-2024-10094,2024-11-20,Mastodon,1,1,2024-11-20,True,False,0.00043,enriched,9.1,NETWORK,False,False,2024,0,v2023.03.01,False,False,False
CVE-2024-52442,2024-11-20,Mastodon,1,1,2024-11-20,True,False,0.00043,enriched,9.8,NETWORK,False,False,2024,0,v2023.03.01,False,False,False
CVE-2024-44308,2024-11-20,Mastodon,3,2,2025-05-01,True,False,0.00045,original,8.8,NETWORK,False,False,2024,162,v2023.03.01,False,False,False
CVE-2018-9411,2024-11-20,Mastodon,1,1,2024-11-20,True,False,0.00043,original,8.8,NETWORK,False,False,2018,0,v2023.03.01,False,False,False
CVE-2018-9428,2024-11-20,Mastodon,1,1,2024-11-20,True,False,0.00043,original,7.8,LOCAL,False,False,2018,0,v2023.03.01,False,False,False
CVE-2024-52441,2024-11-20,Mastodon,1,1,2024-11-20,True,False,0.00043,enriched,9.8,NETWORK,False,False,2024,0,v2023.03.01,False,False,False
CVE-2024-52437,2024-11-20,Mastodon,1,1,2024-11-20,True,False,0.00043,enriched,8.8,NETWORK,False,False,2024,0,v2023.03.01,False,False,False
CVE-2024-52438,2024-11-20,Mastodon,1,1,2024-11-20,True,False,0.00043,enriched,8.8,NETWORK,False,False,2024,0,v2023.03.01,False,False,False
CVE-2024-52440,2024-11-20,Mastodon,1,1,2024-11-20,True,False,0.00043,enriched,9.8,NETWORK,False,False,2024,0,v2023.03.01,False,False,False
CVE-2024-52439,2024-11-20,Mastodon,1,1,2024-11-20,True,False,0.00043,enriched,9.8,NETWORK,False,False,2024,0,v2023.03.01,False,False,False
CVE-2024-53915,2024-11-25,Mastodon,1,1,2024-11-25,True,False,0.00043,original,9.8,NETWORK,False,False,2024,0,v2023.03.01,False,False,False
CVE-2024-29014,2024-11-27,Mastodon,2,1,2024-11-27,True,False,0.00049,original,8.8,NETWORK,False,False,2024,0,v2023.03.01,False,False,False
CVE-2024-24402,2024-11-27,Mastodon,1,1,2024-11-27,False,True,0.00043,original,9.8,NETWORK,False,False,2024,0,v2023.03.01,False,False,False
CVE-2024-53920,2024-11-27,Mastodon,1,1,2024-11-27,True,False,0.00045,enriched,7.8,LOCAL,False,False,2024,0,v2023.03.01,False,False,False
CVE-2024-24401,2024-11-27,Mastodon,1,1,2024-11-27,False,True,0.00043,original,9.8,NETWORK,False,False,2024,0,v2023.03.01,False,False,False
CVE-2024-11481,2024-11-30,Mastodon,1,1,2024-11-30,True,False,0.00043,original,8.2,NETWORK,False,False,2024,0,v2023.03.01,False,False,False
CVE-2024-52779,2024-11-30,Mastodon,1,1,2024-11-30,True,False,0.00043,original,9.8,NETWORK,False,False,2024,0,v2023.03.01,False,False,False
CVE-2024-52781,2024-11-30,Mastodon,1,1,2024-11-30,True,False,0.00043,original,9.8,NETWORK,False,False,2024,0,v2023.03.01,False,False,False
CVE-2024-52782,2024-11-30,Mastodon,1,1,2024-11-30,True,False,0.00043,original,9.8,NETWORK,False,False,2024,0,v2023.03.01,False,False,False
CVE-2024-49806,2024-11-30,Mastodon,1,1,2024-11-30,True,False,0.00043,original,9.4,NETWORK,False,False,2024,0,v2023.03.01,False,False,False
CVE-2024-49803,2024-11-30,Mastodon,1,1,2024-11-30,True,False,0.00043,original,9.8,NETWORK,False,False,2024,0,v2023.03.01,False,False,False
CVE-2024-50357,2024-11-30,Mastodon,1,1,2024-11-30,True,False,0.00043,original,9.8,NETWORK,False,False,2024,0,v2023.03.01,False,False,False
CVE-2024-11482,2024-11-30,Mastodon,1,1,2024-11-30,True,False,0.00043,original,9.8,NETWORK,False,False,2024,0,v2023.03.01,False,False,False
CVE-2024-52778,2024-11-30,Mastodon,1,1,2024-11-30,True,False,0.00043,original,9.8,NETWORK,False,False,2024,0,v2023.03.01,False,False,False
CVE-2024-49805,2024-11-30,Mastodon,1,1,2024-11-30,True,False,0.00043,original,9.4,NETWORK,False,False,2024,0,v2023.03.01,False,False,False
CVE-2024-52780,2024-11-30,Mastodon,1,1,2024-11-30,True,False,0.00043,original,9.8,NETWORK,False,False,2024,0,v2023.03.01,False,False,False
CVE-2024-11959,2024-11-30,Mastodon,1,1,2024-11-30,True,False,0.00044,original,8.8,NETWORK,True,True,2024,0,v2023.03.01,False,False,False
CVE-2024-52777,2024-11-30,Mastodon,1,1,2024-11-30,True,False,0.00043,original,9.8,NETWORK,False,False,2024,0,v2023.03.01,False,False,False
CVE-2024-53865,2024-11-30,Mastodon,1,1,2024-11-30,True,False,0.00043,original,8.2,LOCAL,True,True,2024,0,v2023.03.01,False,False,False
CVE-2024-11960,2024-11-30,Mastodon,1,1,2024-11-30,True,False,0.00044,original,8.8,NETWORK,True,True,2024,0,v2023.03.01,False,False,False
CVE-2024-11969,2024-11-30,Mastodon,1,1,2024-11-30,True,False,0.00043,original,8.8,LOCAL,False,False,2024,0,v2023.03.01,False,False,False
CVE-2024-53979,2024-11-30,Mastodon,1,1,2024-11-30,True,False,0.00043,original,8.2,LOCAL,True,True,2024,0,v2023.03.01,False,False,False
CVE-2024-52495,2024-11-30,Mastodon,1,1,2024-11-30,True,False,0.00043,original,8.5,NETWORK,False,False,2024,0,v2023.03.01,False,False,False
CVE-2024-52490,2024-11-30,Mastodon,1,1,2024-11-30,True,False,0.00043,original,10.0,NETWORK,False,False,2024,0,v2023.03.01,False,False,False
CVE-2024-11992,2024-11-30,Mastodon,1,1,2024-11-30,True,False,0.00043,original,9.1,NETWORK,False,False,2024,0,v2023.03.01,False,False,False
CVE-2024-11979,2024-11-30,Mastodon,1,1,2024-11-30,True,False,0.00043,original,9.8,NETWORK,False,False,2024,0,v2023.03.01,False,False,False
CVE-2024-52338,2024-11-30,Mastodon,1,1,2024-11-30,True,False,0.00043,original,9.8,NETWORK,True,True,2024,0,v2023.03.01,False,False,False
CVE-2024-54124,2024-11-30,Mastodon,1,1,2024-11-30,True,False,0.00043,original,8.8,NETWORK,False,False,2024,0,v2023.03.01,False,False,False
CVE-2024-49360,2024-11-30,Mastodon,1,1,2024-11-30,True,False,0.00043,original,9.2,LOCAL,True,False,2024,0,v2023.03.01,False,False,False
CVE-2024-11980,2024-11-30,Mastodon,1,1,2024-11-30,True,False,0.00043,original,8.6,NETWORK,False,False,2024,0,v2023.03.01,False,False,False
CVE-2024-43702,2024-12-01,Mastodon,1,1,2024-12-01,True,False,0.00043,enriched,8.1,NETWORK,False,False,2024,0,v2023.03.01,False,False,False
CVE-2024-53739,2024-12-01,Mastodon,1,1,2024-12-01,True,False,0.00043,enriched,8.1,NETWORK,False,False,2024,0,v2023.03.01,False,False,False
CVE-2024-43703,2024-12-01,Mastodon,1,1,2024-12-01,True,False,0.00043,enriched,8.1,NETWORK,False,False,2024,0,v2023.03.01,False,False,False
CVE-2024-33044,2024-12-02,Mastodon,1,1,2024-12-02,True,False,0.00043,enriched,8.4,LOCAL,False,False,2024,0,v2023.03.01,False,False,False
CVE-2024-53793,2024-12-02,Mastodon,1,1,2024-12-02,True,False,0.00043,enriched,8.2,NETWORK,False,False,2024,0,v2023.03.01,False,False,False
CVE-2018-9380,2024-12-02,Mastodon,1,1,2024-12-02,True,False,0.00043,enriched,8.8,NETWORK,False,False,2018,0,v2023.03.01,False,False,False
CVE-2024-35368,2024-12-02,Mastodon,1,1,2024-12-02,True,False,0.00045,original,9.8,NETWORK,True,True,2024,0,v2023.03.01,False,False,False
CVE-2024-10905,2024-12-02,Mastodon,1,1,2024-12-02,True,False,0.00043,enriched,10.0,NETWORK,False,False,2024,0,v2023.03.01,False,False,False
CVE-2024-53507,2024-12-02,Mastodon,1,1,2024-12-02,True,False,0.00043,original,9.8,NETWORK,True,False,2024,0,v2023.03.01,False,False,False
CVE-2024-35367,2024-12-02,Mastodon,1,1,2024-12-02,True,False,0.00045,original,9.1,NETWORK,True,True,2024,0,v2023.03.01,False,False,False
CVE-2024-35366,2024-12-02,Mastodon,1,1,2024-12-02,True,False,0.00045,original,9.1,NETWORK,True,True,2024,0,v2023.03.01,False,False,False
CVE-2024-39890,2024-12-02,Mastodon,1,1,2024-12-02,True,False,0.00043,enriched,8.1,NETWORK,False,False,2024,0,v2023.03.01,False,False,False
CVE-2024-53792,2024-12-02,Mastodon,1,1,2024-12-02,True,False,0.00043,enriched,8.5,NETWORK,False,False,2024,0,v2023.03.01,False,False,False
CVE-2024-33056,2024-12-02,Mastodon,1,1,2024-12-02,True,False,0.00043,enriched,8.4,LOCAL,False,False,2024,0,v2023.03.01,False,False,False
CVE-2024-8785,2024-12-02,Mastodon,1,1,2024-12-02,True,False,0.00045,enriched,9.8,NETWORK,False,False,2024,0,v2023.03.01,False,False,False
CVE-2024-46908,2024-12-02,Mastodon,1,1,2024-12-02,True,False,0.00045,enriched,8.8,NETWORK,False,False,2024,0,v2023.03.01,False,False,False
CVE-2024-46907,2024-12-02,Mastodon,1,1,2024-12-02,True,False,0.00045,enriched,8.8,NETWORK,False,False,2024,0,v2023.03.01,False,False,False
CVE-2024-46909,2024-12-02,Mastodon,1,1,2024-12-02,True,False,0.00045,enriched,9.8,NETWORK,False,False,2024,0,v2023.03.01,False,False,False
CVE-2024-52806,2024-12-02,Mastodon,1,1,2024-12-02,True,False,0.00043,enriched,8.3,NETWORK,True,True,2024,0,v2023.03.01,False,False,False
CVE-2024-46906,2024-12-02,Mastodon,1,1,2024-12-02,True,False,0.00045,enriched,8.8,NETWORK,False,False,2024,0,v2023.03.01,False,False,False
CVE-2024-52476,2024-12-02,Mastodon,1,1,2024-12-02,True,False,0.00043,enriched,10.0,NETWORK,False,False,2024,0,v2023.03.01,False,False,False
CVE-2024-46905,2024-12-02,Mastodon,1,1,2024-12-02,True,False,0.00045,enriched,8.8,NETWORK,False,False,2024,0,v2023.03.01,False,False,False
CVE-2024-53506,2024-12-02,Mastodon,1,1,2024-12-02,True,False,0.00043,original,9.8,NETWORK,True,False,2024,0,v2023.03.01,False,False,False
CVE-2024-53505,2024-12-02,Mastodon,1,1,2024-12-02,True,False,0.00043,original,9.8,NETWORK,True,False,2024,0,v2023.03.01,False,False,False
CVE-2024-53504,2024-12-02,Mastodon,1,1,2024-12-02,True,False,0.00043,original,9.8,NETWORK,True,False,2024,0,v2023.03.01,False,False,False
CVE-2024-45106,2024-12-03,Mastodon,1,1,2024-12-03,True,False,0.00043,enriched,8.1,NETWORK,False,False,2024,0,v2023.03.01,False,False,False
CVE-2024-52724,2024-12-03,Mastodon,1,1,2024-12-03,True,False,0.00043,original,9.8,NETWORK,True,True,2024,0,v2023.03.01,False,False,False
CVE-2024-52732,2024-12-03,Mastodon,1,1,2024-12-03,True,False,0.00045,original,9.1,NETWORK,True,True,2024,0,v2023.03.01,False,False,False
CVE-2024-40691,2024-12-03,Mastodon,1,1,2024-12-03,True,False,0.00043,enriched,8.0,NETWORK,False,False,2024,0,v2023.03.01,False,False,False
CVE-2024-53900,2024-12-03,Mastodon,2,1,2025-01-15,True,False,0.00045,original,9.1,NETWORK,True,True,2024,43,v2023.03.01,False,False,False
CVE-2024-49415,2024-12-03,Mastodon,1,1,2024-12-03,True,False,0.00043,enriched,8.1,NETWORK,False,False,2024,0,v2023.03.01,False,False,False
CVE-2024-52544,2024-12-03,Mastodon,1,1,2024-12-03,True,False,0.00043,enriched,9.8,NETWORK,True,False,2024,0,v2023.03.01,False,False,False
CVE-2024-53937,2024-12-03,Mastodon,1,1,2024-12-03,True,False,0.00043,original,8.8,ADJACENT_NETWORK,True,True,2024,0,v2023.03.01,False,False,False
CVE-2024-53938,2024-12-03,Mastodon,1,1,2024-12-03,True,False,0.00043,original,8.8,ADJACENT_NETWORK,True,True,2024,0,v2023.03.01,False,False,False
CVE-2024-53939,2024-12-03,Mastodon,1,1,2024-12-03,True,False,0.00045,original,8.8,ADJACENT_NETWORK,True,True,2024,0,v2023.03.01,False,False,False
CVE-2024-12053,2024-12-03,Mastodon,1,1,2024-12-03,True,False,0.00043,enriched,8.8,NETWORK,False,False,2024,0,v2023.03.01,False,False,False
CVE-2024-53940,2024-12-03,Mastodon,1,1,2024-12-03,True,False,0.00043,original,8.8,ADJACENT_NETWORK,True,True,2024,0,v2023.03.01,False,False,False
CVE-2024-53941,2024-12-03,Mastodon,1,1,2024-12-03,True,False,0.00043,original,8.8,ADJACENT_NETWORK,True,True,2024,0,v2023.03.01,False,False,False
CVE-2024-53564,2024-12-03,Mastodon,1,1,2024-12-03,True,False,0.00043,original,2.2,NETWORK,True,False,2024,0,v2023.03.01,False,False,False
CVE-2018-9418,2024-12-03,Mastodon,1,1,2024-12-03,True,False,0.00043,original,9.8,NETWORK,False,False,2018,0,v2023.03.01,False,False,False
CVE-2024-53999,2024-12-03,Mastodon,1,1,2024-12-03,True,False,0.00043,enriched,8.1,NETWORK,True,True,2024,0,v2023.03.01,False,False,False
CVE-2024-53375,2024-12-03,Mastodon,1,1,2024-12-03,True,False,0.00043,original,8.0,ADJACENT_NETWORK,True,False,2024,0,v2023.03.01,False,False,False
CVE-2024-53484,2024-12-03,Mastodon,1,1,2024-12-03,True,False,0.00045,original,8.8,NETWORK,True,True,2024,0,v2023.03.01,False,False,False
CVE-2018-9413,2024-12-03,Mastodon,1,1,2024-12-03,True,False,0.00043,original,8.8,NETWORK,False,False,2018,0,v2023.03.01,False,False,False
CVE-2024-10074,2024-12-03,Mastodon,1,1,2024-12-03,True,False,0.00043,enriched,8.8,LOCAL,False,False,2024,0,v2023.03.01,False,False,False
CVE-2018-9430,2024-12-03,Mastodon,1,1,2024-12-03,True,False,0.00043,original,9.8,NETWORK,False,False,2018,0,v2023.03.01,False,False,False
CVE-2024-42422,2024-12-03,Mastodon,1,1,2024-12-03,True,False,0.00043,enriched,8.3,NETWORK,False,False,2024,0,v2023.03.01,False,False,False
CVE-2020-0238,2024-12-04,Mastodon,1,1,2024-12-04,True,False,0.00042,original,7.0,LOCAL,False,False,2020,0,v2023.03.01,False,False,False
CVE-2024-10587,2024-12-04,Mastodon,1,1,2024-12-04,True,False,0.00043,original,8.8,NETWORK,False,False,2024,0,v2023.03.01,False,False,False
CVE-2024-11398,2024-12-04,Mastodon,1,1,2024-12-04,True,False,0.00043,enriched,8.1,NETWORK,False,False,2024,0,v2023.03.01,False,False,False
CVE-2024-54154,2024-12-04,Mastodon,1,1,2024-12-04,True,False,0.00043,enriched,8.0,NETWORK,False,False,2024,0,v2023.03.01,False,False,False
CVE-2024-54661,2024-12-04,Mastodon,1,1,2024-12-04,True,False,0.00043,original,9.8,NETWORK,False,False,2024,0,v2023.03.01,False,False,False
CVE-2024-11293,2024-12-04,Mastodon,1,1,2024-12-04,True,False,0.00043,enriched,8.1,NETWORK,False,False,2024,0,v2023.03.01,False,False,False
CVE-2024-42452,2024-12-04,Mastodon,1,1,2024-12-04,True,False,0.00043,original,8.8,NETWORK,False,False,2024,0,v2023.03.01,False,False,False
CVE-2024-40717,2024-12-04,Mastodon,1,1,2024-12-04,True,False,0.00043,original,8.8,NETWORK,False,False,2024,0,v2023.03.01,False,False,False
CVE-2024-46624,2024-12-04,Mastodon,1,1,2024-12-04,True,False,0.00043,original,8.8,NETWORK,True,True,2024,0,v2023.03.01,False,False,False
CVE-2024-11643,2024-12-04,Mastodon,1,1,2024-12-04,True,False,0.00045,enriched,8.8,NETWORK,False,False,2024,0,v2023.03.01,False,False,False
CVE-2024-42456,2024-12-04,Mastodon,1,1,2024-12-04,True,False,0.00043,original,8.8,NETWORK,False,False,2024,0,v2023.03.01,False,False,False
CVE-2024-51465,2024-12-04,Mastodon,1,1,2024-12-04,True,False,0.00043,enriched,8.8,NETWORK,False,False,2024,0,v2023.03.01,False,False,False
CVE-2024-6784,2024-12-05,Mastodon,1,1,2024-12-05,True,False,0.00043,enriched,9.9,NETWORK,False,False,2024,0,v2023.03.01,False,False,False
CVE-2024-51555,2024-12-05,Mastodon,1,1,2024-12-05,True,False,0.00043,enriched,10.0,NETWORK,False,False,2024,0,v2023.03.01,False,False,False
CVE-2024-11429,2024-12-05,Mastodon,1,1,2024-12-05,True,False,0.00045,enriched,8.8,NETWORK,False,False,2024,0,v2023.03.01,False,False,False
CVE-2022-41137,2024-12-05,Mastodon,1,1,2024-12-05,True,False,0.00045,enriched,8.3,NETWORK,True,True,2022,0,v2023.03.01,False,False,False
CVE-2024-45318,2024-12-05,Mastodon,1,1,2024-12-05,True,False,0.00043,enriched,8.1,NETWORK,False,False,2024,0,v2023.03.01,False,False,False
CVE-2024-51541,2024-12-05,Mastodon,1,1,2024-12-05,True,False,0.00043,enriched,8.2,NETWORK,False,False,2024,0,v2023.03.01,False,False,False
CVE-2024-48839,2024-12-05,Mastodon,3,2,2025-04-15,True,False,0.00043,enriched,10.0,NETWORK,False,False,2024,131,v2023.03.01,False,False,False
CVE-2024-48840,2024-12-05,Mastodon,3,2,2025-04-17,True,False,0.00043,enriched,10.0,NETWORK,False,False,2024,133,v2023.03.01,False,False,False
CVE-2024-48845,2024-12-05,Mastodon,3,2,2025-04-15,True,False,0.00043,enriched,9.4,NETWORK,False,False,2024,131,v2023.03.01,False,False,False
CVE-2024-48847,2024-12-05,Mastodon,1,1,2024-12-05,True,False,0.00043,enriched,8.2,NETWORK,False,False,2024,0,v2023.03.01,False,False,False
CVE-2024-53703,2024-12-05,Mastodon,1,1,2024-12-05,True,False,0.00043,enriched,8.1,NETWORK,False,False,2024,0,v2023.03.01,False,False,False
CVE-2018-9402,2024-12-05,Mastodon,1,1,2024-12-05,True,False,0.00043,original,7.8,LOCAL,False,False,2018,0,v2023.03.01,False,False,False
CVE-2024-51554,2024-12-05,Mastodon,1,1,2024-12-05,True,False,0.00043,enriched,9.1,NETWORK,False,False,2024,0,v2023.03.01,False,False,False
CVE-2024-54221,2024-12-05,Mastodon,1,1,2024-12-05,True,False,0.00043,original,9.3,NETWORK,False,False,2024,0,v2023.03.01,False,False,False
CVE-2024-6515,2024-12-05,Mastodon,1,1,2024-12-05,True,False,0.00043,enriched,9.6,NETWORK,False,False,2024,0,v2023.03.01,False,False,False
CVE-2024-51550,2024-12-05,Mastodon,1,1,2024-12-05,True,False,0.00043,enriched,10.0,NETWORK,False,False,2024,0,v2023.03.01,False,False,False
CVE-2024-51549,2024-12-05,Mastodon,1,1,2024-12-05,True,False,0.00043,enriched,10.0,NETWORK,False,False,2024,0,v2023.03.01,False,False,False
CVE-2024-51548,2024-12-05,Mastodon,1,1,2024-12-05,True,False,0.00043,enriched,9.9,NETWORK,False,False,2024,0,v2023.03.01,False,False,False
CVE-2024-51542,2024-12-05,Mastodon,1,1,2024-12-05,True,False,0.00043,enriched,8.2,NETWORK,False,False,2024,0,v2023.03.01,False,False,False
CVE-2024-6516,2024-12-05,Mastodon,7,2,2025-04-15,True,False,0.00043,enriched,9.0,NETWORK,False,False,2024,131,v2023.03.01,False,False,False
CVE-2024-11317,2024-12-05,Mastodon,1,1,2024-12-05,True,False,0.00043,enriched,10.0,NETWORK,False,False,2024,0,v2023.03.01,False,False,False
CVE-2024-51543,2024-12-05,Mastodon,1,1,2024-12-05,True,False,0.00043,enriched,8.2,NETWORK,False,False,2024,0,v2023.03.01,False,False,False
CVE-2024-51551,2024-12-05,Mastodon,1,1,2024-12-05,True,False,0.00043,enriched,10.0,NETWORK,False,False,2024,0,v2023.03.01,False,False,False
CVE-2024-51544,2024-12-05,Mastodon,1,1,2024-12-05,True,False,0.00043,enriched,8.2,NETWORK,False,False,2024,0,v2023.03.01,False,False,False
CVE-2024-51545,2024-12-05,Mastodon,1,1,2024-12-05,True,False,0.00043,enriched,10.0,NETWORK,False,False,2024,0,v2023.03.01,False,False,False
CVE-2024-10578,2024-12-06,Mastodon,1,1,2024-12-06,True,False,0.00045,enriched,8.8,NETWORK,False,False,2024,0,v2023.03.01,False,False,False
CVE-2024-54750,2024-12-06,Mastodon,1,1,2024-12-06,True,False,0.00043,enriched,9.8,NETWORK,False,False,2024,0,v2023.03.01,False,False,False
CVE-2024-21571,2024-12-06,Mastodon,1,1,2024-12-06,True,False,0.00043,enriched,8.1,LOCAL,False,False,2024,0,v2023.03.01,False,False,False
CVE-2024-11323,2024-12-06,Mastodon,1,1,2024-12-06,True,False,0.00043,enriched,8.8,NETWORK,False,False,2024,0,v2023.03.01,False,False,False
CVE-2024-10771,2024-12-06,Mastodon,1,1,2024-12-06,True,False,0.00044,enriched,8.8,NETWORK,False,False,2024,0,v2023.03.01,False,False,False
CVE-2024-10772,2024-12-06,Mastodon,1,1,2024-12-06,True,False,0.00044,enriched,8.8,NETWORK,False,False,2024,0,v2023.03.01,False,False,False
CVE-2024-10773,2024-12-06,Mastodon,1,1,2024-12-06,True,False,0.00044,enriched,9.0,NETWORK,False,False,2024,0,v2023.03.01,False,False,False
CVE-2024-10776,2024-12-06,Mastodon,1,1,2024-12-06,True,False,0.00044,enriched,8.2,NETWORK,False,False,2024,0,v2023.03.01,False,False,False
CVE-2024-11178,2024-12-06,Mastodon,1,1,2024-12-06,True,False,0.00045,enriched,8.1,NETWORK,False,False,2024,0,v2023.03.01,False,False,False
CVE-2024-11289,2024-12-06,Mastodon,1,1,2024-12-06,True,False,0.00043,enriched,8.1,NETWORK,False,False,2024,0,v2023.03.01,False,False,False
CVE-2024-10516,2024-12-06,Mastodon,1,1,2024-12-06,True,False,0.00045,enriched,8.1,NETWORK,False,False,2024,0,v2023.03.01,False,False,False
CVE-2024-12155,2024-12-06,Mastodon,1,1,2024-12-06,True,False,0.00043,enriched,9.8,NETWORK,False,False,2024,0,v2023.03.01,False,False,False
CVE-2024-0130,2024-12-06,Mastodon,1,1,2024-12-06,True,False,0.00043,enriched,8.8,ADJACENT_NETWORK,False,False,2024,0,v2023.03.01,False,False,False
CVE-2024-53808,2024-12-06,Mastodon,1,1,2024-12-06,True,False,0.00043,enriched,8.5,NETWORK,False,False,2024,0,v2023.03.01,False,False,False
CVE-2024-53908,2024-12-06,Mastodon,1,1,2024-12-06,True,False,0.00045,enriched,9.8,NETWORK,False,False,2024,0,v2023.03.01,False,False,False
CVE-2024-53807,2024-12-06,Mastodon,1,1,2024-12-06,True,False,0.00043,enriched,8.5,NETWORK,False,False,2024,0,v2023.03.01,False,False,False
CVE-2024-47547,2024-12-06,Mastodon,1,1,2024-12-06,True,False,0.00043,enriched,9.4,NETWORK,False,False,2024,0,v2023.03.01,False,False,False
CVE-2024-46874,2024-12-06,Mastodon,1,1,2024-12-06,True,False,0.00043,enriched,8.1,NETWORK,False,False,2024,0,v2023.03.01,False,False,False
CVE-2024-48871,2024-12-06,Mastodon,1,1,2024-12-06,True,False,0.00043,enriched,9.8,NETWORK,False,False,2024,0,v2023.03.01,False,False,False
CVE-2024-48874,2024-12-06,Mastodon,1,1,2024-12-06,True,False,0.00043,enriched,9.8,NETWORK,False,False,2024,0,v2023.03.01,False,False,False
CVE-2024-52335,2024-12-06,Mastodon,1,1,2024-12-06,True,False,0.00043,enriched,9.8,NETWORK,False,False,2024,0,v2023.03.01,False,False,False
CVE-2024-52324,2024-12-06,Mastodon,1,1,2024-12-06,True,False,0.00043,enriched,9.8,NETWORK,False,False,2024,0,v2023.03.01,False,False,False
CVE-2024-53815,2024-12-06,Mastodon,1,1,2024-12-06,True,False,0.00043,enriched,8.5,NETWORK,False,False,2024,0,v2023.03.01,False,False,False
CVE-2024-54135,2024-12-06,Mastodon,1,1,2024-12-06,True,False,0.00043,enriched,9.8,NETWORK,True,True,2024,0,v2023.03.01,False,False,False
CVE-2024-52320,2024-12-06,Mastodon,1,1,2024-12-06,True,False,0.00043,enriched,9.8,NETWORK,False,False,2024,0,v2023.03.01,False,False,False
CVE-2024-54141,2024-12-06,Mastodon,1,1,2024-12-06,True,False,0.00043,enriched,8.6,NETWORK,True,True,2024,0,v2023.03.01,False,False,False
CVE-2024-51815,2024-12-06,Mastodon,1,1,2024-12-06,True,False,0.00043,enriched,9.0,NETWORK,False,False,2024,0,v2023.03.01,False,False,False
CVE-2024-51615,2024-12-06,Mastodon,1,1,2024-12-06,True,False,0.00043,enriched,9.3,NETWORK,False,False,2024,0,v2023.03.01,False,False,False
CVE-2024-54214,2024-12-06,Mastodon,1,1,2024-12-06,True,False,0.00043,enriched,10.0,NETWORK,False,False,2024,0,v2023.03.01,False,False,False
CVE-2024-54136,2024-12-06,Mastodon,1,1,2024-12-06,True,False,0.00043,enriched,9.8,NETWORK,True,True,2024,0,v2023.03.01,False,False,False
CVE-2024-53810,2024-12-06,Mastodon,1,1,2024-12-06,True,False,0.00043,enriched,9.1,NETWORK,False,False,2024,0,v2023.03.01,False,False,False
CVE-2024-11501,2024-12-07,Mastodon,1,1,2024-12-07,True,False,0.00043,enriched,8.8,NETWORK,False,False,2024,0,v2023.03.01,False,False,False
CVE-2024-12209,2024-12-08,Mastodon,2,1,2024-12-17,True,False,0.00043,enriched,9.8,NETWORK,False,False,2024,9,v2023.03.01,False,False,False
CVE-2023-49817,2024-12-09,Mastodon,1,1,2024-12-09,True,False,0.00043,enriched,8.2,NETWORK,False,False,2023,0,v2023.03.01,False,False,False
CVE-2023-49856,2024-12-09,Mastodon,1,1,2024-12-09,True,False,0.00043,enriched,8.1,NETWORK,False,False,2023,0,v2023.03.01,False,False,False
CVE-2024-55579,2024-12-09,Mastodon,1,1,2024-12-09,True,False,0.00043,enriched,8.8,NETWORK,False,False,2024,0,v2023.03.01,False,False,False
CVE-2024-43222,2024-12-09,Mastodon,1,1,2024-12-09,True,False,0.00043,enriched,9.8,NETWORK,False,False,2024,0,v2023.03.01,False,False,False
CVE-2024-55564,2024-12-09,Mastodon,1,1,2024-12-09,True,False,0.00043,enriched,9.8,NETWORK,False,False,2024,0,v2023.03.01,False,False,False
CVE-2023-48286,2024-12-09,Mastodon,1,1,2024-12-09,True,False,0.00043,enriched,8.2,NETWORK,False,False,2023,0,v2023.03.01,False,False,False
CVE-2023-51355,2024-12-09,Mastodon,1,1,2024-12-09,True,False,0.00043,enriched,8.2,NETWORK,False,False,2023,0,v2023.03.01,False,False,False
CVE-2024-55560,2024-12-09,Mastodon,1,1,2024-12-09,True,False,0.00043,enriched,9.8,NETWORK,True,True,2024,0,v2023.03.01,False,False,False
CVE-2023-47698,2024-12-09,Mastodon,1,1,2024-12-09,True,False,0.00043,enriched,8.6,NETWORK,False,False,2023,0,v2023.03.01,False,False,False
CVE-2024-54747,2024-12-09,Mastodon,1,1,2024-12-09,True,False,0.00043,original,9.8,NETWORK,False,False,2024,0,v2023.03.01,False,False,False
CVE-2023-32117,2024-12-09,Mastodon,1,1,2024-12-09,True,False,0.00054,enriched,9.8,NETWORK,False,False,2023,0,v2023.03.01,False,False,False
CVE-2024-54149,2024-12-09,Mastodon,1,1,2024-12-09,True,False,0.00043,enriched,8.4,NETWORK,True,True,2024,0,v2023.03.01,False,False,False
CVE-2024-54215,2024-12-09,Mastodon,1,1,2024-12-09,True,False,0.00043,enriched,9.3,NETWORK,False,False,2024,0,v2023.03.01,False,False,False
CVE-2024-53822,2024-12-09,Mastodon,1,1,2024-12-09,True,False,0.00043,enriched,10.0,NETWORK,False,False,2024,0,v2023.03.01,False,False,False
CVE-2024-11773,2024-12-10,Mastodon,1,1,2024-12-10,True,False,0.00043,enriched,9.1,NETWORK,False,False,2024,0,v2023.03.01,False,False,False
CVE-2024-11772,2024-12-10,Mastodon,1,1,2024-12-10,True,False,0.00043,enriched,9.1,NETWORK,False,False,2024,0,v2023.03.01,False,False,False
CVE-2024-54920,2024-12-10,Mastodon,1,1,2024-12-10,True,False,0.00043,original,9.8,NETWORK,True,True,2024,0,v2023.03.01,False,False,False
CVE-2024-11205,2024-12-10,Mastodon,1,1,2024-12-10,True,False,0.00043,original,8.5,NETWORK,False,False,2024,0,v2023.03.01,False,False,False
CVE-2024-11633,2024-12-10,Mastodon,1,1,2024-12-10,True,False,0.00043,enriched,9.1,NETWORK,False,False,2024,0,v2023.03.01,False,False,False
CVE-2024-11634,2024-12-10,Mastodon,1,1,2024-12-10,True,False,0.00043,enriched,9.1,NETWORK,False,False,2024,0,v2023.03.01,False,False,False
CVE-2024-53247,2024-12-10,Mastodon,1,1,2024-12-10,True,False,0.00043,enriched,8.8,NETWORK,False,False,2024,0,v2023.03.01,False,False,False
CVE-2024-50623,2024-12-10,Mastodon,7,2,2025-04-07,True,False,0.00043,original,9.8,NETWORK,False,False,2024,118,v2023.03.01,False,False,False
CVE-2024-11639,2024-12-10,Mastodon,1,1,2024-12-10,True,False,0.00043,enriched,10.0,NETWORK,False,False,2024,0,v2023.03.01,False,False,False
CVE-2024-55636,2024-12-10,Mastodon,1,1,2024-12-10,True,False,0.00043,original,9.8,NETWORK,False,False,2024,0,v2023.03.01,False,False,False
CVE-2024-55637,2024-12-10,Mastodon,1,1,2024-12-10,True,False,0.00043,original,9.8,NETWORK,False,False,2024,0,v2023.03.01,False,False,False
CVE-2024-47578,2024-12-10,Mastodon,1,1,2024-12-10,True,False,0.00043,original,9.1,NETWORK,False,False,2024,0,v2023.03.01,False,False,False
CVE-2024-47484,2024-12-10,Mastodon,1,1,2024-12-10,True,False,0.00043,enriched,8.2,NETWORK,False,False,2024,0,v2023.03.01,False,False,False
CVE-2024-5660,2024-12-10,Mastodon,1,1,2024-12-10,True,False,0.00043,enriched,9.8,NETWORK,False,False,2024,0,v2023.03.01,False,False,False
CVE-2024-8540,2024-12-10,Mastodon,1,1,2024-12-10,True,False,0.00043,enriched,8.8,LOCAL,False,False,2024,0,v2023.03.01,False,False,False
CVE-2024-55638,2024-12-10,Mastodon,1,1,2024-12-10,True,False,0.00043,original,9.8,NETWORK,False,False,2024,0,v2023.03.01,False,False,False
CVE-2024-12286,2024-12-10,Mastodon,1,1,2024-12-10,True,False,0.00043,enriched,9.8,NETWORK,False,False,2024,0,v2023.03.01,False,False,False
CVE-2024-54198,2024-12-10,Mastodon,1,1,2024-12-10,True,False,0.00043,original,8.5,NETWORK,False,False,2024,0,v2023.03.01,False,False,False
CVE-2024-21542,2024-12-10,Mastodon,1,1,2024-12-10,True,False,0.00043,original,8.6,NETWORK,True,True,2024,0,v2023.03.01,False,False,False
CVE-2024-37143,2024-12-10,Mastodon,1,1,2024-12-10,True,False,0.00043,original,10.0,NETWORK,False,False,2024,0,v2023.03.01,False,False,False
CVE-2024-37144,2024-12-10,Mastodon,1,1,2024-12-10,True,False,0.00043,original,8.2,LOCAL,False,False,2024,0,v2023.03.01,False,False,False
CVE-2024-54036,2024-12-10,Mastodon,1,1,2024-12-10,True,False,0.00043,enriched,9.3,NETWORK,False,False,2024,0,v2023.03.01,False,False,False
CVE-2024-54034,2024-12-10,Mastodon,1,1,2024-12-10,True,False,0.00043,enriched,9.3,NETWORK,False,False,2024,0,v2023.03.01,False,False,False
CVE-2024-54032,2024-12-10,Mastodon,1,1,2024-12-10,True,False,0.00043,enriched,9.3,NETWORK,False,False,2024,0,v2023.03.01,False,False,False
CVE-2020-28398,2024-12-10,Mastodon,1,1,2024-12-10,True,False,0.00043,enriched,8.8,NETWORK,False,False,2020,0,v2023.03.01,False,False,False
CVE-2024-11053,2024-12-11,Mastodon,1,1,2024-12-11,True,False,0.00045,enriched,3.4,NETWORK,False,False,2024,0,v2023.03.01,False,False,False
CVE-2024-50699,2024-12-11,Mastodon,1,1,2024-12-11,True,False,0.00043,original,8.0,ADJACENT_NETWORK,False,False,2024,0,v2023.03.01,False,False,False
CVE-2024-12381,2024-12-11,Mastodon,1,1,2024-12-11,True,False,0.00043,enriched,8.8,NETWORK,False,False,2024,0,v2023.03.01,False,False,False
CVE-2024-42327,2024-12-11,Mastodon,3,2,2025-04-16,True,False,0.00043,original,9.9,NETWORK,False,False,2024,126,v2023.03.01,False,False,False
CVE-2024-46442,2024-12-11,Mastodon,1,1,2024-12-11,True,False,0.00045,original,9.8,NETWORK,True,False,2024,0,v2023.03.01,False,False,False
CVE-2024-55586,2024-12-11,Mastodon,1,1,2024-12-11,True,False,0.00045,original,9.8,NETWORK,True,False,2024,0,v2023.03.01,False,False,False
CVE-2024-46340,2024-12-11,Mastodon,1,1,2024-12-11,True,False,0.00043,original,9.8,NETWORK,False,False,2024,0,v2023.03.01,False,False,False
CVE-2024-46341,2024-12-11,Mastodon,1,1,2024-12-11,True,False,0.00043,original,8.0,ADJACENT_NETWORK,False,False,2024,0,v2023.03.01,False,False,False
CVE-2024-50920,2024-12-11,Mastodon,1,1,2024-12-11,True,False,0.00043,original,8.8,ADJACENT_NETWORK,True,True,2024,0,v2023.03.01,False,False,False
CVE-2024-45493,2024-12-11,Mastodon,1,1,2024-12-11,True,False,0.00043,original,9.8,NETWORK,False,False,2024,0,v2023.03.01,False,False,False
CVE-2024-11737,2024-12-11,Mastodon,1,1,2024-12-11,True,False,0.00043,enriched,9.8,NETWORK,False,False,2024,0,v2023.03.01,False,False,False
CVE-2024-55500,2024-12-11,Mastodon,1,1,2024-12-11,True,False,0.00043,original,8.8,NETWORK,True,True,2024,0,v2023.03.01,False,False,False
CVE-2024-53290,2024-12-11,Mastodon,1,1,2024-12-11,True,False,0.00043,enriched,8.4,LOCAL,False,False,2024,0,v2023.03.01,False,False,False
CVE-2024-45494,2024-12-11,Mastodon,1,1,2024-12-11,True,False,0.00043,original,9.8,NETWORK,False,False,2024,0,v2023.03.01,False,False,False
CVE-2024-54751,2024-12-11,Mastodon,1,1,2024-12-11,True,False,0.00043,original,9.8,NETWORK,False,False,2024,0,v2023.03.01,False,False,False
CVE-2024-49104,2024-12-12,Mastodon,1,1,2024-12-12,True,False,0.00043,original,8.8,NETWORK,False,False,2024,0,v2023.03.01,False,False,False
CVE-2024-49120,2024-12-12,Mastodon,1,1,2024-12-12,True,False,0.00043,original,8.1,NETWORK,False,False,2024,0,v2023.03.01,False,False,False
CVE-2024-49119,2024-12-12,Mastodon,1,1,2024-12-12,True,False,0.00043,original,8.1,NETWORK,False,False,2024,0,v2023.03.01,False,False,False
CVE-2024-49118,2024-12-12,Mastodon,1,1,2024-12-12,True,False,0.00043,original,8.1,NETWORK,False,False,2024,0,v2023.03.01,False,False,False
CVE-2024-11947,2024-12-12,Mastodon,1,1,2024-12-12,True,False,0.00043,original,8.8,NETWORK,False,False,2024,0,v2023.03.01,False,False,False
CVE-2024-12312,2024-12-12,Mastodon,1,1,2024-12-12,True,False,0.00045,enriched,8.1,NETWORK,False,False,2024,0,v2023.03.01,False,False,False
CVE-2013-3900,2024-12-12,Reddit,2,1,2025-05-15,True,False,0.64868,original,5.5,LOCAL,True,False,2013,154,v2023.03.01,False,False,False
CVE-2024-12040,2024-12-12,Mastodon,1,1,2024-12-12,True,False,0.00043,enriched,8.8,NETWORK,False,False,2024,0,v2023.03.01,False,False,False
CVE-2024-49115,2024-12-12,Mastodon,1,1,2024-12-12,True,False,0.00043,original,8.1,NETWORK,False,False,2024,0,v2023.03.01,False,False,False
CVE-2024-49127,2024-12-12,Mastodon,1,1,2024-12-12,True,False,0.00043,original,8.1,NETWORK,False,False,2024,0,v2023.03.01,False,False,False
CVE-2024-49105,2024-12-12,Mastodon,1,1,2024-12-12,True,False,0.00043,original,8.4,NETWORK,False,False,2024,0,v2023.03.01,False,False,False
CVE-2024-11948,2024-12-12,Mastodon,1,1,2024-12-12,True,False,0.00043,original,9.8,NETWORK,False,False,2024,0,v2023.03.01,False,False,False
CVE-2024-49125,2024-12-12,Mastodon,1,1,2024-12-12,True,False,0.00043,original,8.8,NETWORK,False,False,2024,0,v2023.03.01,False,False,False
CVE-2024-49123,2024-12-12,Mastodon,1,1,2024-12-12,True,False,0.00043,original,8.1,NETWORK,False,False,2024,0,v2023.03.01,False,False,False
CVE-2024-49108,2024-12-12,Mastodon,1,1,2024-12-12,True,False,0.00043,original,8.1,NETWORK,False,False,2024,0,v2023.03.01,False,False,False
CVE-2024-49106,2024-12-12,Mastodon,1,1,2024-12-12,True,False,0.00043,original,8.1,NETWORK,False,False,2024,0,v2023.03.01,False,False,False
CVE-2024-21575,2024-12-12,Mastodon,1,1,2024-12-12,True,False,0.00043,enriched,8.6,NETWORK,True,True,2024,0,v2023.03.01,False,False,False
CVE-2024-49126,2024-12-12,Mastodon,1,1,2024-12-12,True,False,0.00043,original,8.1,NETWORK,False,False,2024,0,v2023.03.01,False,False,False
CVE-2024-49147,2024-12-12,Mastodon,2,1,2024-12-13,True,False,0.00043,enriched,9.3,NETWORK,False,False,2024,1,v2023.03.01,False,False,False
CVE-2024-11689,2024-12-12,Mastodon,1,1,2024-12-12,True,False,0.00045,original,8.8,NETWORK,False,False,2024,0,v2023.03.01,False,False,False
CVE-2024-49124,2024-12-12,Mastodon,1,1,2024-12-12,True,False,0.00043,original,8.1,NETWORK,False,False,2024,0,v2023.03.01,False,False,False
CVE-2024-49112,2024-12-12,Mastodon,4,2,2025-01-11,True,False,0.00043,original,9.8,NETWORK,False,False,2024,30,v2023.03.01,False,False,False
CVE-2024-49132,2024-12-12,Mastodon,1,1,2024-12-12,True,False,0.00043,original,8.1,NETWORK,False,False,2024,0,v2023.03.01,False,False,False
CVE-2024-49128,2024-12-12,Mastodon,1,1,2024-12-12,True,False,0.00043,original,8.1,NETWORK,False,False,2024,0,v2023.03.01,False,False,False
CVE-2024-21574,2024-12-12,Mastodon,1,1,2024-12-12,True,False,0.00043,enriched,10.0,NETWORK,True,True,2024,0,v2023.03.01,False,False,False
CVE-2024-49122,2024-12-12,Mastodon,1,1,2024-12-12,True,False,0.00043,original,8.1,NETWORK,False,False,2024,0,v2023.03.01,False,False,False
CVE-2024-11949,2024-12-12,Mastodon,1,1,2024-12-12,True,False,0.00043,original,8.8,NETWORK,False,False,2024,0,v2023.03.01,False,False,False
CVE-2024-49117,2024-12-12,Mastodon,1,1,2024-12-12,True,False,0.00043,original,8.8,LOCAL,False,False,2024,0,v2023.03.01,False,False,False
CVE-2024-49093,2024-12-12,Mastodon,1,1,2024-12-12,True,False,0.00043,original,8.8,LOCAL,False,False,2024,0,v2023.03.01,False,False,False
CVE-2024-11015,2024-12-12,Mastodon,1,1,2024-12-12,True,False,0.00043,original,9.8,NETWORK,False,False,2024,0,v2023.03.01,False,False,False
CVE-2024-54098,2024-12-12,Mastodon,1,1,2024-12-12,True,False,0.00043,enriched,8.5,LOCAL,False,False,2024,0,v2023.03.01,False,False,False
CVE-2024-10111,2024-12-12,Mastodon,1,1,2024-12-12,True,False,0.00043,original,8.1,NETWORK,False,False,2024,0,v2023.03.01,False,False,False
CVE-2024-10124,2024-12-12,Mastodon,1,1,2024-12-12,True,False,0.00044,enriched,9.8,NETWORK,False,False,2024,0,v2023.03.01,False,False,False
CVE-2024-54492,2024-12-12,Mastodon,1,1,2024-12-12,True,False,0.00045,original,5.9,NETWORK,False,False,2024,0,v2023.03.01,False,False,False
CVE-2024-49102,2024-12-12,Mastodon,1,1,2024-12-12,True,False,0.00043,original,8.8,NETWORK,False,False,2024,0,v2023.03.01,False,False,False
CVE-2024-54514,2024-12-12,Mastodon,1,1,2024-12-12,True,False,0.00044,original,8.6,LOCAL,False,False,2024,0,v2023.03.01,False,False,False
CVE-2024-44241,2024-12-12,Mastodon,1,1,2024-12-12,True,False,0.00043,original,9.8,NETWORK,False,False,2024,0,v2023.03.01,False,False,False
CVE-2024-44242,2024-12-12,Mastodon,1,1,2024-12-12,True,False,0.00043,original,9.8,NETWORK,False,False,2024,0,v2023.03.01,False,False,False
CVE-2024-49116,2024-12-12,Mastodon,1,1,2024-12-12,True,False,0.00043,original,8.1,NETWORK,False,False,2024,0,v2023.03.01,False,False,False
CVE-2024-54842,2024-12-12,Mastodon,1,1,2024-12-12,True,False,0.00043,enriched,9.8,NETWORK,True,True,2024,0,v2023.03.01,False,False,False
CVE-2024-55099,2024-12-12,Mastodon,1,1,2024-12-12,True,False,0.00043,enriched,9.8,NETWORK,True,True,2024,0,v2023.03.01,False,False,False
CVE-2024-44299,2024-12-12,Mastodon,1,1,2024-12-12,True,False,0.00043,original,9.8,NETWORK,False,False,2024,0,v2023.03.01,False,False,False
CVE-2024-10590,2024-12-12,Mastodon,1,1,2024-12-12,True,False,0.00043,original,8.8,NETWORK,False,False,2024,0,v2023.03.01,False,False,False
CVE-2024-49086,2024-12-12,Mastodon,1,1,2024-12-12,True,False,0.00043,original,8.8,NETWORK,False,False,2024,0,v2023.03.01,False,False,False
CVE-2024-49085,2024-12-12,Mastodon,1,1,2024-12-12,True,False,0.00043,original,8.8,NETWORK,False,False,2024,0,v2023.03.01,False,False,False
CVE-2024-11443,2024-12-12,Mastodon,1,1,2024-12-12,True,False,0.00045,original,8.8,NETWORK,False,False,2024,0,v2023.03.01,False,False,False
CVE-2024-55587,2024-12-12,Mastodon,1,1,2024-12-12,True,False,0.00045,original,8.8,NETWORK,True,True,2024,0,v2023.03.01,False,False,False
CVE-2024-55879,2024-12-12,Mastodon,1,1,2024-12-12,True,False,0.00045,enriched,9.1,NETWORK,True,True,2024,0,v2023.03.01,False,False,False
CVE-2024-55884,2024-12-12,Mastodon,1,1,2024-12-12,True,False,0.00045,original,9.0,NETWORK,True,True,2024,0,v2023.03.01,False,False,False
CVE-2024-55875,2024-12-12,Mastodon,1,1,2024-12-12,True,False,0.00045,enriched,9.8,NETWORK,True,True,2024,0,v2023.03.01,False,False,False
CVE-2024-55662,2024-12-12,Mastodon,1,1,2024-12-12,True,False,0.00045,enriched,9.9,NETWORK,True,True,2024,0,v2023.03.01,False,False,False
CVE-2024-11274,2024-12-12,Mastodon,1,1,2024-12-12,True,False,0.00043,enriched,8.7,NETWORK,False,False,2024,0,v2023.03.01,False,False,False
CVE-2024-55877,2024-12-12,Mastodon,1,1,2024-12-12,True,False,0.00045,enriched,9.9,NETWORK,True,True,2024,0,v2023.03.01,False,False,False
CVE-2024-42407,2024-12-12,Mastodon,1,1,2024-12-12,True,False,0.00043,original,8.5,NETWORK,False,False,2024,0,v2023.03.01,False,False,False
CVE-2024-54262,2024-12-13,Mastodon,1,1,2024-12-13,True,False,0.00043,enriched,9.9,NETWORK,False,False,2024,0,v2023.03.01,False,False,False
CVE-2024-54273,2024-12-13,Mastodon,1,1,2024-12-13,True,False,0.00043,enriched,9.8,NETWORK,False,False,2024,0,v2023.03.01,False,False,False
CVE-2024-54248,2024-12-13,Mastodon,1,1,2024-12-13,True,False,0.00043,enriched,8.8,NETWORK,False,False,2024,0,v2023.03.01,False,False,False
CVE-2024-54261,2024-12-13,Mastodon,1,1,2024-12-13,True,False,0.00043,enriched,10.0,NETWORK,False,False,2024,0,v2023.03.01,False,False,False
CVE-2024-54258,2024-12-13,Mastodon,1,1,2024-12-13,True,False,0.00043,enriched,8.5,NETWORK,False,False,2024,0,v2023.03.01,False,False,False
CVE-2024-54292,2024-12-13,Mastodon,1,1,2024-12-13,True,False,0.00043,enriched,9.3,NETWORK,False,False,2024,0,v2023.03.01,False,False,False
CVE-2024-54293,2024-12-13,Mastodon,1,1,2024-12-13,True,False,0.00043,enriched,9.8,NETWORK,False,False,2024,0,v2023.03.01,False,False,False
CVE-2024-21576,2024-12-13,Mastodon,1,1,2024-12-13,True,False,0.00043,enriched,10.0,NETWORK,True,True,2024,0,v2023.03.01,False,False,False
CVE-2024-54295,2024-12-13,Mastodon,1,1,2024-12-13,True,False,0.00043,enriched,9.8,NETWORK,False,False,2024,0,v2023.03.01,False,False,False
CVE-2024-54296,2024-12-13,Mastodon,1,1,2024-12-13,True,False,0.00043,enriched,9.8,NETWORK,False,False,2024,0,v2023.03.01,False,False,False
CVE-2024-54297,2024-12-13,Mastodon,1,1,2024-12-13,True,False,0.00043,enriched,9.8,NETWORK,False,False,2024,0,v2023.03.01,False,False,False
CVE-2024-54304,2024-12-13,Mastodon,1,1,2024-12-13,True,False,0.00043,enriched,8.5,NETWORK,False,False,2024,0,v2023.03.01,False,False,False
CVE-2024-54336,2024-12-13,Mastodon,1,1,2024-12-13,True,False,0.00043,enriched,8.8,NETWORK,False,False,2024,0,v2023.03.01,False,False,False
CVE-2024-21577,2024-12-13,Mastodon,1,1,2024-12-13,True,False,0.00043,enriched,10.0,NETWORK,True,True,2024,0,v2023.03.01,False,False,False
CVE-2024-22461,2024-12-13,Mastodon,1,1,2024-12-13,True,False,0.00043,enriched,8.8,NETWORK,False,False,2024,0,v2023.03.01,False,False,False
CVE-2024-9290,2024-12-13,Mastodon,1,1,2024-12-13,True,False,0.00043,enriched,9.8,NETWORK,False,False,2024,0,v2023.03.01,False,False,False
CVE-2024-54234,2024-12-13,Mastodon,1,1,2024-12-13,True,False,0.00043,enriched,9.3,NETWORK,False,False,2024,0,v2023.03.01,False,False,False
CVE-2024-55887,2024-12-13,Mastodon,1,1,2024-12-13,True,False,0.00043,enriched,8.6,NETWORK,True,False,2024,0,v2023.03.01,False,False,False
CVE-2024-54294,2024-12-13,Mastodon,1,1,2024-12-13,True,False,0.00043,enriched,9.8,NETWORK,False,False,2024,0,v2023.03.01,False,False,False
CVE-2024-54239,2024-12-13,Mastodon,1,1,2024-12-13,True,False,0.00043,enriched,9.8,NETWORK,False,False,2024,0,v2023.03.01,False,False,False
CVE-2024-55661,2024-12-13,Mastodon,1,1,2024-12-13,True,False,0.00043,enriched,8.8,NETWORK,True,True,2024,0,v2023.03.01,False,False,False
CVE-2024-10783,2024-12-13,Mastodon,1,1,2024-12-13,True,False,0.00044,enriched,8.1,NETWORK,False,False,2024,0,v2023.03.01,False,False,False
CVE-2023-38385,2024-12-13,Mastodon,1,1,2024-12-13,True,False,0.00043,enriched,8.3,NETWORK,False,False,2023,0,v2023.03.01,False,False,False
CVE-2023-33996,2024-12-13,Mastodon,1,1,2024-12-13,True,False,0.00043,enriched,8.8,NETWORK,False,False,2023,0,v2023.03.01,False,False,False
CVE-2023-41130,2024-12-13,Mastodon,1,1,2024-12-13,True,False,0.00043,enriched,8.1,NETWORK,False,False,2023,0,v2023.03.01,False,False,False
CVE-2024-11986,2024-12-13,Mastodon,1,1,2024-12-13,True,False,0.00043,enriched,9.6,NETWORK,False,False,2024,0,v2023.03.01,False,False,False
CVE-2022-46838,2024-12-13,Mastodon,1,1,2024-12-13,True,False,0.00043,enriched,9.1,NETWORK,False,False,2022,0,v2023.03.01,False,False,False
CVE-2024-11721,2024-12-14,Mastodon,1,1,2024-12-14,True,False,0.00043,enriched,8.1,NETWORK,False,False,2024,0,v2023.03.01,False,False,False
CVE-2024-48990,2024-12-14,Mastodon,1,1,2024-12-14,True,False,0.00045,original,7.8,LOCAL,True,True,2024,0,v2023.03.01,False,False,False
CVE-2024-11858,2024-12-15,Mastodon,1,1,2024-12-15,True,False,0.00043,enriched,8.6,LOCAL,False,False,2024,0,v2023.03.01,False,False,False
CVE-2024-42845,2024-12-15,Mastodon,1,1,2024-12-15,True,False,0.00045,original,8.0,NETWORK,True,False,2024,0,v2023.03.01,False,False,False
CVE-2024-12643,2024-12-16,Mastodon,1,1,2024-12-16,True,False,0.00048,enriched,8.1,NETWORK,False,False,2024,0,v2023.03.01,False,False,False
CVE-2024-12668,2024-12-16,Mastodon,1,1,2024-12-16,True,False,0.00043,enriched,8.2,LOCAL,True,False,2024,0,v2023.03.01,False,False,False
CVE-2024-12641,2024-12-16,Mastodon,1,1,2024-12-16,True,False,0.00091,enriched,9.6,NETWORK,False,False,2024,0,v2023.03.01,False,False,False
CVE-2024-11972,2024-12-16,Mastodon,3,2,2025-04-18,True,False,0.00043,enriched,9.8,NETWORK,False,False,2024,123,v2023.03.01,False,False,False
CVE-2024-54379,2024-12-16,Mastodon,1,1,2024-12-16,True,False,0.00043,enriched,8.8,NETWORK,False,False,2024,0,v2023.03.01,False,False,False
CVE-2024-12646,2024-12-16,Mastodon,1,1,2024-12-16,True,False,0.00048,enriched,8.1,NETWORK,False,False,2024,0,v2023.03.01,False,False,False
CVE-2024-51378,2024-12-16,Mastodon,3,2,2025-04-11,True,False,0.00211,original,10.0,NETWORK,True,True,2024,116,v2023.03.01,False,False,False
CVE-2024-54370,2024-12-16,Mastodon,1,1,2024-12-16,True,False,0.00043,enriched,9.9,NETWORK,False,False,2024,0,v2023.03.01,False,False,False
CVE-2024-54372,2024-12-16,Mastodon,1,1,2024-12-16,True,False,0.00043,enriched,9.6,NETWORK,False,False,2024,0,v2023.03.01,False,False,False
CVE-2024-10095,2024-12-16,Mastodon,2,2,2025-04-21,True,False,0.00043,enriched,8.4,LOCAL,False,False,2024,126,v2023.03.01,False,False,False
CVE-2024-54369,2024-12-16,Mastodon,1,1,2024-12-16,True,False,0.00043,enriched,9.1,NETWORK,False,False,2024,0,v2023.03.01,False,False,False
CVE-2024-54368,2024-12-16,Mastodon,1,1,2024-12-16,True,False,0.00043,enriched,9.6,NETWORK,False,False,2024,0,v2023.03.01,False,False,False
CVE-2024-54352,2024-12-16,Mastodon,1,1,2024-12-16,True,False,0.00043,enriched,8.8,NETWORK,False,False,2024,0,v2023.03.01,False,False,False
CVE-2024-6001,2024-12-16,Mastodon,1,1,2024-12-16,True,False,0.00091,enriched,8.1,NETWORK,False,False,2024,0,v2023.03.01,False,False,False
CVE-2024-54285,2024-12-16,Mastodon,1,1,2024-12-16,True,False,0.00043,enriched,9.1,NETWORK,False,False,2024,0,v2023.03.01,False,False,False
CVE-2024-54280,2024-12-16,Mastodon,1,1,2024-12-16,True,False,0.00043,enriched,9.3,NETWORK,False,False,2024,0,v2023.03.01,False,False,False
CVE-2024-54229,2024-12-16,Mastodon,1,1,2024-12-16,True,False,0.00043,enriched,9.8,NETWORK,False,False,2024,0,v2023.03.01,False,False,False
CVE-2024-43234,2024-12-16,Mastodon,1,1,2024-12-16,True,False,0.00043,enriched,9.8,NETWORK,False,False,2024,0,v2023.03.01,False,False,False
CVE-2024-54378,2024-12-16,Mastodon,1,1,2024-12-16,True,False,0.00043,enriched,8.8,NETWORK,False,False,2024,0,v2023.03.01,False,False,False
CVE-2024-55972,2024-12-16,Mastodon,1,1,2024-12-16,True,False,0.00043,enriched,9.3,NETWORK,False,False,2024,0,v2023.03.01,False,False,False
CVE-2024-56012,2024-12-16,Mastodon,1,1,2024-12-16,True,False,0.00043,enriched,9.8,NETWORK,False,False,2024,0,v2023.03.01,False,False,False
CVE-2024-12642,2024-12-16,Mastodon,1,1,2024-12-16,True,False,0.00048,enriched,8.1,NETWORK,False,False,2024,0,v2023.03.01,False,False,False
CVE-2024-55976,2024-12-16,Mastodon,1,1,2024-12-16,True,False,0.00043,enriched,9.3,NETWORK,False,False,2024,0,v2023.03.01,False,False,False
CVE-2024-55977,2024-12-16,Mastodon,1,1,2024-12-16,True,False,0.00043,enriched,9.3,NETWORK,False,False,2024,0,v2023.03.01,False,False,False
CVE-2024-55973,2024-12-16,Mastodon,1,1,2024-12-16,True,False,0.00043,enriched,8.5,NETWORK,False,False,2024,0,v2023.03.01,False,False,False
CVE-2024-55978,2024-12-16,Mastodon,1,1,2024-12-16,True,False,0.00043,enriched,9.3,NETWORK,False,False,2024,0,v2023.03.01,False,False,False
CVE-2024-55979,2024-12-16,Mastodon,1,1,2024-12-16,True,False,0.00043,enriched,8.5,NETWORK,False,False,2024,0,v2023.03.01,False,False,False
CVE-2024-49775,2024-12-16,Mastodon,1,1,2024-12-16,True,False,0.00091,enriched,9.8,NETWORK,False,False,2024,0,v2023.03.01,False,False,False
CVE-2024-55980,2024-12-16,Mastodon,1,1,2024-12-16,True,False,0.00043,enriched,9.3,NETWORK,False,False,2024,0,v2023.03.01,False,False,False
CVE-2024-55981,2024-12-16,Mastodon,1,1,2024-12-16,True,False,0.00043,enriched,9.3,NETWORK,False,False,2024,0,v2023.03.01,False,False,False
CVE-2024-55982,2024-12-16,Mastodon,1,1,2024-12-16,True,False,0.00043,enriched,9.3,NETWORK,False,False,2024,0,v2023.03.01,False,False,False
CVE-2024-55974,2024-12-16,Mastodon,1,1,2024-12-16,True,False,0.00043,enriched,8.5,NETWORK,False,False,2024,0,v2023.03.01,False,False,False
CVE-2024-55987,2024-12-16,Mastodon,1,1,2024-12-16,True,False,0.00043,enriched,8.5,NETWORK,False,False,2024,0,v2023.03.01,False,False,False
CVE-2024-12092,2024-12-16,Mastodon,1,1,2024-12-16,True,False,0.00043,enriched,8.7,NETWORK,False,False,2024,0,v2023.03.01,False,False,False
CVE-2024-12091,2024-12-16,Mastodon,1,1,2024-12-16,True,False,0.00043,enriched,8.7,NETWORK,False,False,2024,0,v2023.03.01,False,False,False
CVE-2024-12090,2024-12-16,Mastodon,1,1,2024-12-16,True,False,0.00043,enriched,8.7,NETWORK,False,False,2024,0,v2023.03.01,False,False,False
CVE-2024-12089,2024-12-16,Mastodon,1,1,2024-12-16,True,False,0.00043,enriched,8.7,NETWORK,False,False,2024,0,v2023.03.01,False,False,False
CVE-2024-56013,2024-12-16,Mastodon,1,1,2024-12-16,True,False,0.00043,enriched,8.8,NETWORK,False,False,2024,0,v2023.03.01,False,False,False
CVE-2024-55988,2024-12-16,Mastodon,1,1,2024-12-16,True,False,0.00043,enriched,9.3,NETWORK,False,False,2024,0,v2023.03.01,False,False,False
CVE-2024-55986,2024-12-16,Mastodon,1,1,2024-12-16,True,False,0.00043,enriched,8.5,NETWORK,False,False,2024,0,v2023.03.01,False,False,False
CVE-2024-8326,2024-12-17,Mastodon,1,1,2024-12-17,True,False,0.00066,enriched,8.8,NETWORK,False,False,2024,0,v2023.03.01,False,False,False
CVE-2024-55085,2024-12-17,Mastodon,1,1,2024-12-17,True,False,0.00043,original,9.8,NETWORK,False,False,2024,0,v2023.03.01,False,False,False
CVE-2024-11999,2024-12-17,Mastodon,1,1,2024-12-17,True,False,0.00043,enriched,8.8,NETWORK,False,False,2024,0,v2023.03.01,False,False,False
CVE-2024-52949,2024-12-17,Mastodon,1,1,2024-12-17,True,False,0.00043,original,7.5,NETWORK,True,False,2024,0,v2023.03.01,False,False,False
CVE-2024-8972,2024-12-17,Mastodon,1,1,2024-12-17,True,False,0.00091,enriched,9.8,NETWORK,False,False,2024,0,v2023.03.01,False,False,False
CVE-2024-12293,2024-12-17,Mastodon,1,1,2024-12-17,True,False,0.00054,enriched,8.8,NETWORK,False,False,2024,0,v2023.03.01,False,False,False
CVE-2024-10476,2024-12-17,Mastodon,1,1,2024-12-17,True,False,0.00043,enriched,8.0,ADJACENT_NETWORK,False,False,2024,0,v2023.03.01,False,False,False
CVE-2024-38499,2024-12-17,Mastodon,1,1,2024-12-17,True,False,0.00043,enriched,8.8,NETWORK,False,False,2024,0,v2023.03.01,False,False,False
CVE-2024-29671,2024-12-17,Mastodon,1,1,2024-12-17,True,False,0.00045,original,9.8,NETWORK,True,False,2024,0,v2023.03.01,False,False,False
CVE-2024-10205,2024-12-17,Mastodon,1,1,2024-12-17,True,False,0.00043,original,9.4,NETWORK,False,False,2024,0,v2023.03.01,False,False,False
CVE-2024-12356,2024-12-17,Mastodon,6,3,2025-02-14,True,False,0.00045,original,9.8,NETWORK,False,False,2024,59,v2023.03.01,False,False,False
CVE-2024-55557,2024-12-17,Mastodon,1,1,2024-12-17,True,False,0.00045,original,9.8,NETWORK,True,False,2024,0,v2023.03.01,False,False,False
CVE-2024-37774,2024-12-17,Mastodon,1,1,2024-12-17,True,False,0.00043,original,8.0,NETWORK,False,False,2024,0,v2023.03.01,False,False,False
CVE-2024-50379,2024-12-17,Mastodon,1,1,2024-12-17,True,False,0.00043,enriched,9.8,NETWORK,False,False,2024,0,v2023.03.01,False,False,False
CVE-2024-12432,2024-12-18,Mastodon,1,1,2024-12-18,True,False,0.00091,original,8.1,NETWORK,False,False,2024,0,v2023.03.01,False,False,False
CVE-2024-56058,2024-12-18,Mastodon,1,1,2024-12-18,True,False,0.00043,enriched,9.8,NETWORK,False,False,2024,0,v2023.03.01,False,False,False
CVE-2024-55983,2024-12-18,Mastodon,1,1,2024-12-18,True,False,0.00043,enriched,8.5,NETWORK,False,False,2024,0,v2023.03.01,False,False,False
CVE-2024-55984,2024-12-18,Mastodon,1,1,2024-12-18,True,False,0.00043,enriched,8.5,NETWORK,False,False,2024,0,v2023.03.01,False,False,False
CVE-2024-55985,2024-12-18,Mastodon,1,1,2024-12-18,True,False,0.00043,enriched,8.5,NETWORK,False,False,2024,0,v2023.03.01,False,False,False
CVE-2024-1610,2024-12-18,Mastodon,1,1,2024-12-18,True,False,0.00043,enriched,9.8,NETWORK,False,False,2024,0,v2023.03.01,False,False,False
CVE-2024-8672,2024-12-18,Mastodon,1,1,2024-12-18,True,False,0.00045,original,9.9,NETWORK,False,False,2024,0,v2023.03.01,False,False,False
CVE-2024-56047,2024-12-18,Mastodon,1,1,2024-12-18,True,False,0.00043,enriched,8.5,NETWORK,False,False,2024,0,v2023.03.01,False,False,False
CVE-2024-49576,2024-12-18,Mastodon,2,1,2024-12-20,True,False,0.00043,enriched,8.8,NETWORK,False,False,2024,2,v2023.03.01,False,False,False
CVE-2024-56049,2024-12-18,Mastodon,1,1,2024-12-18,True,False,0.00043,enriched,8.5,NETWORK,False,False,2024,0,v2023.03.01,False,False,False
CVE-2024-54270,2024-12-18,Mastodon,1,1,2024-12-18,True,False,0.00043,enriched,8.1,NETWORK,False,False,2024,0,v2023.03.01,False,False,False
CVE-2023-34990,2024-12-18,Mastodon,2,1,2024-12-18,True,False,0.00043,enriched,9.8,NETWORK,False,False,2023,0,v2023.03.01,False,False,False
CVE-2024-56174,2024-12-18,Mastodon,1,1,2024-12-18,True,False,0.00043,enriched,8.1,NETWORK,False,False,2024,0,v2023.03.01,False,False,False
CVE-2024-4996,2024-12-18,Mastodon,1,1,2024-12-18,True,False,0.00045,enriched,9.8,NETWORK,False,False,2024,0,v2023.03.01,False,False,False
CVE-2024-47810,2024-12-18,Mastodon,1,1,2024-12-18,True,False,0.00043,enriched,8.8,NETWORK,False,False,2024,0,v2023.03.01,False,False,False
CVE-2024-4995,2024-12-18,Mastodon,1,1,2024-12-18,True,False,0.00045,enriched,9.8,NETWORK,False,False,2024,0,v2023.03.01,False,False,False
CVE-2024-29646,2024-12-18,Mastodon,1,1,2024-12-18,True,False,0.00044,original,9.8,NETWORK,True,True,2024,0,v2023.03.01,False,False,False
CVE-2024-39703,2024-12-18,Mastodon,1,1,2024-12-18,True,False,0.00045,enriched,8.8,NETWORK,False,False,2024,0,v2023.03.01,False,False,False
CVE-2024-56050,2024-12-18,Mastodon,1,1,2024-12-18,True,False,0.00043,enriched,9.9,NETWORK,False,False,2024,0,v2023.03.01,False,False,False
CVE-2024-56059,2024-12-18,Mastodon,1,1,2024-12-18,True,False,0.00043,enriched,9.8,NETWORK,False,False,2024,0,v2023.03.01,False,False,False
CVE-2024-56048,2024-12-18,Mastodon,1,1,2024-12-18,True,False,0.00043,enriched,8.8,NETWORK,False,False,2024,0,v2023.03.01,False,False,False
CVE-2024-56051,2024-12-18,Mastodon,1,1,2024-12-18,True,False,0.00043,enriched,8.5,NETWORK,False,False,2024,0,v2023.03.01,False,False,False
CVE-2024-55516,2024-12-18,Mastodon,1,1,2024-12-18,True,False,0.00043,original,9.1,NETWORK,True,False,2024,0,v2023.03.01,False,False,False
CVE-2024-56057,2024-12-18,Mastodon,1,1,2024-12-18,True,False,0.00043,enriched,9.9,NETWORK,False,False,2024,0,v2023.03.01,False,False,False
CVE-2024-55975,2024-12-18,Mastodon,1,1,2024-12-18,True,False,0.00043,enriched,8.5,NETWORK,False,False,2024,0,v2023.03.01,False,False,False
CVE-2024-12287,2024-12-18,Mastodon,1,1,2024-12-18,True,False,0.00091,enriched,9.8,NETWORK,False,False,2024,0,v2023.03.01,False,False,False
CVE-2024-55513,2024-12-18,Mastodon,1,1,2024-12-18,True,False,0.00043,original,9.1,NETWORK,True,False,2024,0,v2023.03.01,False,False,False
CVE-2024-56054,2024-12-18,Mastodon,1,1,2024-12-18,True,False,0.00043,enriched,9.1,NETWORK,False,False,2024,0,v2023.03.01,False,False,False
CVE-2024-56055,2024-12-18,Mastodon,1,1,2024-12-18,True,False,0.00043,enriched,8.5,NETWORK,False,False,2024,0,v2023.03.01,False,False,False
CVE-2024-12259,2024-12-18,Mastodon,1,1,2024-12-18,True,False,0.00066,original,8.8,NETWORK,False,False,2024,0,v2023.03.01,False,False,False
CVE-2024-54662,2024-12-18,Mastodon,1,1,2024-12-18,True,False,0.00043,original,9.1,NETWORK,False,False,2024,0,v2023.03.01,False,False,False
CVE-2024-54383,2024-12-18,Mastodon,1,1,2024-12-18,True,False,0.00043,enriched,9.8,NETWORK,False,False,2024,0,v2023.03.01,False,False,False
CVE-2024-21546,2024-12-18,Mastodon,1,1,2024-12-18,True,False,0.00045,enriched,9.8,NETWORK,True,True,2024,0,v2023.03.01,False,False,False
CVE-2024-31668,2024-12-18,Mastodon,1,1,2024-12-18,True,False,0.00043,original,9.1,NETWORK,True,True,2024,0,v2023.03.01,False,False,False
CVE-2024-56052,2024-12-18,Mastodon,1,1,2024-12-18,True,False,0.00043,enriched,9.9,NETWORK,False,False,2024,0,v2023.03.01,False,False,False
CVE-2024-55515,2024-12-18,Mastodon,1,1,2024-12-18,True,False,0.00043,original,9.8,NETWORK,True,False,2024,0,v2023.03.01,False,False,False
CVE-2021-32589,2024-12-19,Mastodon,1,1,2024-12-19,True,False,0.00043,enriched,8.1,NETWORK,False,False,2021,0,v2023.03.01,False,False,False
CVE-2024-12626,2024-12-19,Mastodon,1,1,2024-12-19,True,False,0.00091,enriched,9.6,NETWORK,False,False,2024,0,v2023.03.01,False,False,False
CVE-2023-4617,2024-12-19,Mastodon,1,1,2024-12-19,True,False,0.00045,enriched,10.0,NETWORK,False,False,2023,0,v2023.03.01,False,False,False
CVE-2024-56200,2024-12-19,Mastodon,1,1,2024-12-19,True,False,0.00045,enriched,8.6,NETWORK,True,True,2024,0,v2023.03.01,False,False,False
CVE-2020-15934,2024-12-19,Mastodon,1,1,2024-12-19,True,False,0.00043,enriched,8.8,ADJACENT_NETWORK,False,False,2020,0,v2023.03.01,False,False,False
CVE-2024-12700,2024-12-19,Mastodon,1,1,2024-12-19,True,False,0.00043,enriched,8.8,NETWORK,False,False,2024,0,v2023.03.01,False,False,False
CVE-2024-12727,2024-12-19,Mastodon,2,1,2024-12-20,True,False,0.00043,enriched,9.8,NETWORK,False,False,2024,1,v2023.03.01,False,False,False
CVE-2024-12111,2024-12-19,Mastodon,1,1,2024-12-19,True,False,0.00043,enriched,8.0,NETWORK,False,False,2024,0,v2023.03.01,False,False,False
CVE-2024-12728,2024-12-19,Mastodon,2,1,2024-12-20,True,False,0.00043,enriched,9.8,NETWORK,False,False,2024,1,v2023.03.01,False,False,False
CVE-2024-12729,2024-12-19,Mastodon,2,1,2024-12-20,True,False,0.00043,enriched,8.8,NETWORK,False,False,2024,1,v2023.03.01,False,False,False
CVE-2024-10244,2024-12-19,Mastodon,1,1,2024-12-19,True,False,0.00091,enriched,9.8,NETWORK,False,False,2024,0,v2023.03.01,False,False,False
CVE-2024-47093,2024-12-19,Mastodon,1,1,2024-12-19,True,False,0.00045,enriched,8.8,NETWORK,True,True,2024,0,v2023.03.01,False,False,False
CVE-2024-25131,2024-12-19,Mastodon,1,1,2024-12-19,True,False,0.00115,enriched,8.8,NETWORK,True,True,2024,0,v2023.03.01,False,False,False
CVE-2021-26102,2024-12-19,Mastodon,1,1,2024-12-19,True,False,0.00043,enriched,9.8,NETWORK,False,False,2021,0,v2023.03.01,False,False,False
CVE-2022-32144,2024-12-20,Mastodon,1,1,2024-12-20,True,False,0.00043,original,8.6,NETWORK,False,False,2022,0,v2023.03.01,False,False,False
CVE-2024-11984,2024-12-20,Mastodon,1,1,2024-12-20,True,False,0.00043,original,8.8,NETWORK,False,False,2024,0,v2023.03.01,False,False,False
CVE-2022-32203,2024-12-20,Mastodon,1,1,2024-12-20,True,False,0.00043,original,9.8,NETWORK,False,False,2022,0,v2023.03.01,False,False,False
CVE-2024-54150,2024-12-20,Mastodon,1,1,2024-12-20,True,False,0.00043,original,9.1,NETWORK,True,True,2024,0,v2023.03.01,False,False,False
CVE-2024-37758,2024-12-20,Mastodon,1,1,2024-12-20,True,False,0.00043,enriched,8.8,NETWORK,False,False,2024,0,v2023.03.01,False,False,False
CVE-2024-40695,2024-12-20,Mastodon,1,1,2024-12-20,True,False,0.0005,enriched,8.0,NETWORK,False,False,2024,0,v2023.03.01,False,False,False
CVE-2024-56358,2024-12-20,Mastodon,1,1,2024-12-20,True,False,0.00043,enriched,8.1,NETWORK,True,True,2024,0,v2023.03.01,False,False,False
CVE-2024-56357,2024-12-20,Mastodon,1,1,2024-12-20,True,False,0.00043,enriched,8.1,NETWORK,True,True,2024,0,v2023.03.01,False,False,False
CVE-2024-12832,2024-12-20,Mastodon,1,1,2024-12-20,True,False,0.00043,original,6.3,NETWORK,False,False,2024,0,v2023.03.01,False,False,False
CVE-2024-12830,2024-12-20,Mastodon,1,1,2024-12-20,True,False,0.00044,original,7.3,NETWORK,False,False,2024,0,v2023.03.01,False,False,False
CVE-2024-51466,2024-12-20,Mastodon,1,1,2024-12-20,True,False,0.00129,enriched,9.0,NETWORK,False,False,2024,0,v2023.03.01,False,False,False
CVE-2024-56359,2024-12-20,Mastodon,1,1,2024-12-20,True,False,0.00043,enriched,8.1,NETWORK,True,True,2024,0,v2023.03.01,False,False,False
CVE-2024-12571,2024-12-20,Mastodon,1,1,2024-12-20,True,False,0.00091,enriched,9.8,NETWORK,False,False,2024,0,v2023.03.01,False,False,False
CVE-2024-56327,2024-12-20,Mastodon,1,1,2024-12-20,True,False,0.00045,original,9.8,NETWORK,True,False,2024,0,v2023.03.01,False,False,False
CVE-2024-12771,2024-12-21,Mastodon,1,1,2024-12-21,True,False,0.00054,enriched,8.8,NETWORK,False,False,2024,0,v2023.03.01,False,False,False
CVE-2023-31279,2024-12-21,Mastodon,1,1,2024-12-21,True,False,0.00043,original,8.1,NETWORK,False,False,2023,0,v2023.03.01,False,False,False
CVE-2024-11349,2024-12-21,Mastodon,1,1,2024-12-21,True,False,0.00091,original,9.8,NETWORK,False,False,2024,0,v2023.03.01,False,False,False
CVE-2024-12066,2024-12-21,Mastodon,1,1,2024-12-21,True,False,0.0005,enriched,8.8,NETWORK,False,False,2024,0,v2023.03.01,False,False,False
CVE-2024-12902,2024-12-23,Mastodon,1,1,2024-12-23,True,False,0.00053,enriched,8.4,LOCAL,False,False,2024,0,v2023.03.01,False,False,False
CVE-2024-46873,2024-12-23,Mastodon,1,1,2024-12-23,True,False,0.00043,original,9.8,NETWORK,False,False,2024,0,v2023.03.01,False,False,False
CVE-2024-45387,2024-12-23,Mastodon,1,1,2024-12-23,True,False,0.00043,enriched,9.9,NETWORK,False,False,2024,0,v2023.03.01,False,False,False
CVE-2024-56310,2024-12-24,Mastodon,1,1,2024-12-24,True,False,0.00043,original,8.8,NETWORK,True,False,2024,0,v2023.03.01,False,False,False
CVE-2024-12594,2024-12-24,Mastodon,1,1,2024-12-24,True,False,0.0005,enriched,8.8,NETWORK,False,False,2024,0,v2023.03.01,False,False,False
CVE-2019-2483,2024-12-24,Mastodon,1,1,2024-12-24,True,False,0.00043,enriched,8.2,NETWORK,False,False,2019,0,v2023.03.01,False,False,False
CVE-2024-56326,2024-12-24,Mastodon,1,1,2024-12-24,True,False,0.00129,original,7.8,LOCAL,True,True,2024,0,v2023.03.01,False,False,False
CVE-2024-54148,2024-12-24,Mastodon,1,1,2024-12-24,True,False,0.00045,original,9.8,NETWORK,True,True,2024,0,v2023.03.01,False,False,False
CVE-2024-56337,2024-12-24,Mastodon,1,1,2024-12-24,True,False,0.00043,original,9.8,NETWORK,False,False,2024,0,v2023.03.01,False,False,False
CVE-2024-12746,2024-12-24,Mastodon,1,1,2024-12-24,True,False,0.00043,enriched,8.0,NETWORK,True,False,2024,0,v2023.03.01,False,False,False
CVE-2024-47515,2024-12-24,Mastodon,1,1,2024-12-24,True,False,0.0005,original,8.1,NETWORK,False,False,2024,0,v2023.03.01,False,False,False
CVE-2024-12745,2024-12-24,Mastodon,1,1,2024-12-24,True,False,0.00043,enriched,8.0,NETWORK,True,False,2024,0,v2023.03.01,False,False,False
CVE-2024-40896,2024-12-24,Mastodon,2,1,2024-12-26,True,False,0.00043,original,9.1,NETWORK,False,False,2024,2,v2023.03.01,False,False,False
CVE-2024-12881,2024-12-24,Mastodon,1,1,2024-12-24,True,False,0.0005,enriched,8.8,NETWORK,False,False,2024,0,v2023.03.01,False,False,False
CVE-2024-12744,2024-12-24,Mastodon,1,1,2024-12-24,True,False,0.00043,enriched,8.0,NETWORK,True,False,2024,0,v2023.03.01,False,False,False
CVE-2024-56311,2024-12-24,Mastodon,1,1,2024-12-24,True,False,0.00043,original,8.8,NETWORK,True,False,2024,0,v2023.03.01,False,False,False
CVE-2024-8950,2024-12-25,Mastodon,1,1,2024-12-25,True,False,0.0005,enriched,9.9,NETWORK,False,False,2024,0,v2023.03.01,False,False,False
CVE-2024-11281,2024-12-25,Mastodon,1,1,2024-12-25,True,False,0.00091,enriched,9.8,NETWORK,False,False,2024,0,v2023.03.01,False,False,False
CVE-2024-12272,2024-12-25,Mastodon,1,1,2024-12-25,True,False,0.0005,original,8.8,NETWORK,False,False,2024,0,v2023.03.01,False,False,False
CVE-2024-53850,2024-12-26,Mastodon,1,1,2024-12-26,True,False,0.00043,enriched,8.2,NETWORK,True,True,2024,0,v2023.03.01,False,False,False
CVE-2024-51540,2024-12-26,Mastodon,1,1,2024-12-26,True,False,0.00043,enriched,8.1,NETWORK,False,False,2024,0,v2023.03.01,False,False,False
CVE-2024-54907,2024-12-26,Mastodon,1,1,2024-12-26,True,False,0.00043,enriched,8.8,NETWORK,True,False,2024,0,v2023.03.01,False,False,False
CVE-2023-7300,2024-12-26,Mastodon,1,1,2024-12-26,True,False,0.00043,enriched,8.0,ADJACENT_NETWORK,False,False,2023,0,v2023.03.01,False,False,False
CVE-2024-2550,2024-12-27,Reddit,1,1,2024-12-27,False,True,0.00043,original,7.5,NETWORK,True,False,2024,0,v2023.03.01,False,False,False
CVE-2024-3393,2024-12-27,Reddit,2,1,2024-12-27,True,True,0.00043,enriched,7.5,NETWORK,True,False,2024,0,v2023.03.01,False,False,False
CVE-2020-9236,2024-12-27,Mastodon,1,1,2024-12-27,True,False,0.00043,enriched,8.8,NETWORK,False,False,2020,0,v2023.03.01,False,False,False
CVE-2024-56509,2024-12-27,Mastodon,1,1,2024-12-27,True,False,0.00044,enriched,8.6,NETWORK,True,True,2024,0,v2023.03.01,False,False,False
CVE-2024-50717,2024-12-28,Mastodon,1,1,2024-12-28,True,False,0.00043,original,9.8,NETWORK,False,False,2024,0,v2023.03.01,False,False,False
CVE-2024-54450,2024-12-28,Mastodon,1,1,2024-12-28,True,False,0.00043,original,9.4,NETWORK,False,False,2024,0,v2023.03.01,False,False,False
CVE-2024-56732,2024-12-28,Mastodon,1,1,2024-12-28,True,False,0.00043,original,8.8,NETWORK,True,True,2024,0,v2023.03.01,False,False,False
CVE-2024-50944,2024-12-28,Mastodon,1,1,2024-12-28,True,False,0.00045,original,9.8,NETWORK,True,False,2024,0,v2023.03.01,False,False,False
CVE-2024-50716,2024-12-28,Mastodon,1,1,2024-12-28,True,False,0.00043,original,9.8,NETWORK,False,False,2024,0,v2023.03.01,False,False,False
CVE-2024-47926,2024-12-30,Mastodon,1,1,2024-12-30,True,False,0.00043,enriched,9.8,NETWORK,False,False,2024,0,v2023.03.01,False,False,False
CVE-2024-47919,2024-12-30,Mastodon,1,1,2024-12-30,True,False,0.00043,enriched,9.8,NETWORK,False,False,2024,0,v2023.03.01,False,False,False
CVE-2024-56799,2024-12-30,Mastodon,1,1,2024-12-30,True,False,0.00043,enriched,10.0,NETWORK,True,True,2024,0,v2023.03.01,False,False,False
CVE-2024-12828,2024-12-30,Mastodon,1,1,2024-12-30,True,False,0.00043,enriched,9.9,NETWORK,True,True,2024,0,v2023.03.01,False,False,False
CVE-2024-47921,2024-12-30,Mastodon,1,1,2024-12-30,True,False,0.00043,enriched,8.4,LOCAL,False,False,2024,0,v2023.03.01,False,False,False
CVE-2024-10044,2024-12-30,Mastodon,1,1,2024-12-30,True,False,0.00043,enriched,9.3,NETWORK,False,False,2024,0,v2023.03.01,False,False,False
CVE-2024-56205,2024-12-31,Mastodon,1,1,2024-12-31,True,False,0.00043,enriched,9.8,NETWORK,True,False,2024,0,v2023.03.01,False,False,False
CVE-2024-56204,2024-12-31,Mastodon,1,1,2024-12-31,True,False,0.00043,enriched,8.8,NETWORK,True,False,2024,0,v2023.03.01,False,False,False
CVE-2024-56064,2024-12-31,Mastodon,1,1,2024-12-31,True,False,0.00043,enriched,10.0,NETWORK,True,False,2024,0,v2023.03.01,False,False,False
CVE-2024-56203,2024-12-31,Mastodon,1,1,2024-12-31,True,False,0.00043,enriched,8.8,NETWORK,True,False,2024,0,v2023.03.01,False,False,False
CVE-2024-13040,2024-12-31,Mastodon,1,1,2024-12-31,True,False,0.0005,original,8.8,NETWORK,False,False,2024,0,v2023.03.01,False,False,False
CVE-2024-56220,2024-12-31,Mastodon,1,1,2024-12-31,True,False,0.00043,enriched,9.8,NETWORK,True,False,2024,0,v2023.03.01,False,False,False
CVE-2024-12108,2024-12-31,Mastodon,1,1,2024-12-31,True,False,0.00043,enriched,9.6,NETWORK,True,False,2024,0,v2023.03.01,False,False,False
CVE-2024-56061,2024-12-31,Mastodon,1,1,2024-12-31,True,False,0.00043,enriched,8.8,NETWORK,True,False,2024,0,v2023.03.01,False,False,False
CVE-2024-56071,2024-12-31,Mastodon,1,1,2024-12-31,True,False,0.00043,enriched,9.8,NETWORK,True,False,2024,0,v2023.03.01,False,False,False
CVE-2024-56039,2024-12-31,Mastodon,1,1,2024-12-31,True,False,0.00043,enriched,9.3,NETWORK,True,False,2024,0,v2023.03.01,False,False,False
CVE-2024-12106,2024-12-31,Mastodon,1,1,2024-12-31,True,False,0.00043,enriched,9.4,NETWORK,True,False,2024,0,v2023.03.01,False,False,False
CVE-2024-13061,2024-12-31,Mastodon,1,1,2024-12-31,True,False,0.00124,enriched,9.8,NETWORK,True,False,2024,0,v2023.03.01,False,False,False
CVE-2024-56211,2024-12-31,Mastodon,1,1,2024-12-31,True,False,0.00043,enriched,8.8,NETWORK,False,False,2024,0,v2023.03.01,False,False,False
CVE-2024-25133,2024-12-31,Mastodon,1,1,2024-12-31,True,False,0.0005,enriched,8.8,NETWORK,True,True,2024,0,v2023.03.01,False,False,False
CVE-2024-56206,2024-12-31,Mastodon,1,1,2024-12-31,True,False,0.00043,enriched,8.8,NETWORK,True,False,2024,0,v2023.03.01,False,False,False
CVE-2024-56046,2024-12-31,Mastodon,1,1,2024-12-31,True,False,0.00043,enriched,10.0,NETWORK,True,False,2024,0,v2023.03.01,False,False,False
CVE-2024-56045,2024-12-31,Mastodon,1,1,2024-12-31,True,False,0.00043,enriched,9.3,NETWORK,True,False,2024,0,v2023.03.01,False,False,False
CVE-2024-56214,2024-12-31,Mastodon,1,1,2024-12-31,True,False,0.00043,enriched,8.3,NETWORK,True,False,2024,0,v2023.03.01,False,False,False
CVE-2024-56207,2024-12-31,Mastodon,1,1,2024-12-31,True,False,0.00043,enriched,8.8,NETWORK,True,False,2024,0,v2023.03.01,False,False,False
CVE-2024-56040,2024-12-31,Mastodon,1,1,2024-12-31,True,False,0.00043,enriched,9.8,NETWORK,True,False,2024,0,v2023.03.01,False,False,False
CVE-2024-56044,2024-12-31,Mastodon,1,1,2024-12-31,True,False,0.00043,enriched,9.8,NETWORK,True,False,2024,0,v2023.03.01,False,False,False
CVE-2024-12839,2024-12-31,Mastodon,1,1,2024-12-31,True,False,0.00091,original,8.8,NETWORK,False,False,2024,0,v2023.03.01,False,False,False
CVE-2024-56212,2024-12-31,Mastodon,1,1,2024-12-31,True,False,0.00043,enriched,8.5,NETWORK,False,False,2024,0,v2023.03.01,False,False,False
CVE-2024-56041,2024-12-31,Mastodon,1,1,2024-12-31,True,False,0.00043,enriched,8.5,NETWORK,True,False,2024,0,v2023.03.01,False,False,False
CVE-2024-56043,2024-12-31,Mastodon,1,1,2024-12-31,True,False,0.00043,enriched,9.8,NETWORK,True,False,2024,0,v2023.03.01,False,False,False
CVE-2024-12838,2024-12-31,Mastodon,1,1,2024-12-31,True,False,0.0005,original,8.8,NETWORK,False,False,2024,0,v2023.03.01,False,False,False
CVE-2024-56066,2024-12-31,Mastodon,1,1,2024-12-31,True,False,0.00043,enriched,9.8,NETWORK,True,False,2024,0,v2023.03.01,False,False,False
CVE-2024-56042,2024-12-31,Mastodon,1,1,2024-12-31,True,False,0.00043,enriched,9.3,NETWORK,True,False,2024,0,v2023.03.01,False,False,False
CVE-2024-56249,2025-01-02,Mastodon,1,1,2025-01-02,True,False,0.00043,enriched,9.1,NETWORK,True,False,2024,0,v2023.03.01,False,False,False
CVE-2024-56829,2025-01-02,Mastodon,1,1,2025-01-02,True,False,0.00043,original,10.0,NETWORK,True,True,2024,0,v2023.03.01,False,False,False
CVE-2023-47179,2025-01-02,Mastodon,1,1,2025-01-02,True,False,0.00043,enriched,8.8,NETWORK,True,False,2023,0,v2023.03.01,False,False,False
CVE-2024-39623,2025-01-02,Mastodon,1,1,2025-01-02,True,False,0.00043,enriched,8.8,NETWORK,True,False,2024,0,v2023.03.01,False,False,False
CVE-2024-55507,2025-01-03,Mastodon,1,1,2025-01-03,True,False,0.00043,enriched,9.8,NETWORK,True,True,2024,0,v2023.03.01,False,False,False
CVE-2025-22376,2025-01-03,Mastodon,1,1,2025-01-03,True,False,0.00043,enriched,5.3,NETWORK,True,True,2025,0,v2023.03.01,False,False,False
CVE-2024-9140,2025-01-03,Mastodon,3,2,2025-01-06,True,False,0.00043,enriched,9.8,NETWORK,True,False,2024,3,v2023.03.01,False,False,False
CVE-2024-55078,2025-01-03,Mastodon,1,1,2025-01-03,True,False,0.00043,enriched,9.8,NETWORK,True,True,2024,0,v2023.03.01,False,False,False
CVE-2025-22275,2025-01-03,Mastodon,1,1,2025-01-03,True,False,0.00045,enriched,9.3,NETWORK,True,False,2025,0,v2023.03.01,False,False,False
CVE-2024-43767,2025-01-03,Mastodon,1,1,2025-01-03,True,False,0.00043,original,8.8,NETWORK,True,False,2024,0,v2023.03.01,False,False,False
CVE-2024-13129,2025-01-03,Mastodon,1,1,2025-01-03,True,False,0.00046,enriched,8.8,NETWORK,True,True,2024,0,v2023.03.01,False,False,False
CVE-2024-53842,2025-01-03,Mastodon,1,1,2025-01-03,True,False,0.00043,original,9.8,NETWORK,True,False,2024,0,v2023.03.01,False,False,False
CVE-2024-35365,2025-01-03,Mastodon,1,1,2025-01-03,True,False,0.00045,enriched,8.8,NETWORK,True,True,2024,0,v2023.03.01,False,False,False
CVE-2024-10957,2025-01-04,Mastodon,1,1,2025-01-04,True,False,0.00063,enriched,8.8,NETWORK,True,False,2024,0,v2023.03.01,False,False,False
CVE-2024-10932,2025-01-04,Mastodon,1,1,2025-01-04,True,False,0.00063,enriched,8.8,NETWORK,True,False,2024,0,v2023.03.01,False,False,False
CVE-2024-12583,2025-01-04,Mastodon,1,1,2025-01-04,True,False,0.00056,enriched,9.9,NETWORK,True,False,2024,0,v2023.03.01,False,False,False
CVE-2024-43405,2025-01-04,BleepingComputer,2,1,2025-01-04,True,False,0.00053,original,7.4,LOCAL,True,True,2024,0,v2023.03.01,False,False,False
CVE-2024-55076,2025-01-06,Mastodon,1,1,2025-01-06,True,False,0.00043,enriched,8.1,NETWORK,True,False,2024,0,v2023.03.01,False,False,False
CVE-2024-55074,2025-01-06,Mastodon,1,1,2025-01-06,True,False,0.00043,enriched,8.8,NETWORK,True,False,2024,0,v2023.03.01,False,False,False
CVE-2025-21611,2025-01-06,Mastodon,1,1,2025-01-06,True,False,0.00045,enriched,8.8,NETWORK,True,True,2025,0,v2023.03.01,False,False,False
CVE-2025-21613,2025-01-06,Mastodon,2,1,2025-01-08,True,False,0.00043,enriched,9.8,NETWORK,True,False,2025,2,v2023.03.01,False,False,False
CVE-2024-9138,2025-01-06,BleepingComputer,2,1,2025-01-06,False,True,0.00043,original,7.2,NETWORK,True,False,2024,0,v2023.03.01,False,False,False
CVE-2024-21464,2025-01-06,Mastodon,1,1,2025-01-06,True,False,0.00053,enriched,8.4,LOCAL,True,False,2024,0,v2023.03.01,False,False,False
CVE-2024-13085,2025-01-06,Mastodon,1,1,2025-01-06,True,False,0.00045,original,7.3,NETWORK,True,False,2024,0,v2023.03.01,False,False,False
CVE-2024-13084,2025-01-06,Mastodon,1,1,2025-01-06,True,False,0.00045,original,6.3,NETWORK,True,False,2024,0,v2023.03.01,False,False,False
CVE-2024-13078,2025-01-06,Mastodon,1,1,2025-01-06,True,False,0.00045,original,6.3,NETWORK,True,False,2024,0,v2023.03.01,False,False,False
CVE-2025-21612,2025-01-06,Mastodon,1,1,2025-01-06,True,False,0.00045,enriched,8.6,NETWORK,True,True,2025,0,v2023.03.01,False,False,False
CVE-2024-20154,2025-01-06,Mastodon,1,1,2025-01-06,True,False,0.00043,original,8.1,NETWORK,True,False,2024,0,v2023.03.01,False,False,False
CVE-2024-13079,2025-01-06,Mastodon,1,1,2025-01-06,True,False,0.00045,original,6.3,NETWORK,True,False,2024,0,v2023.03.01,False,False,False
CVE-2024-20146,2025-01-06,Mastodon,1,1,2025-01-06,True,False,0.00043,original,8.1,ADJACENT_NETWORK,True,False,2024,0,v2023.03.01,False,False,False
CVE-2021-26855,2025-01-06,BleepingComputer,8,2,2025-05-04,True,False,0.97508,original,9.1,NETWORK,True,False,2021,118,v2023.03.01,False,False,False
CVE-2024-5594,2025-01-06,Mastodon,2,2,2025-05-17,True,False,0.00043,enriched,9.1,NETWORK,True,False,2024,131,v2023.03.01,False,False,False
CVE-2024-55529,2025-01-06,Mastodon,1,1,2025-01-06,True,False,0.00043,enriched,9.8,NETWORK,True,False,2024,0,v2023.03.01,False,False,False
CVE-2024-45555,2025-01-06,Mastodon,1,1,2025-01-06,True,False,0.00053,enriched,8.4,LOCAL,True,False,2024,0,v2023.03.01,False,False,False
CVE-2024-20148,2025-01-06,Mastodon,1,1,2025-01-06,True,False,0.00043,original,9.8,NETWORK,True,False,2024,0,v2023.03.01,False,False,False
CVE-2024-49222,2025-01-07,Mastodon,1,1,2025-01-07,True,False,0.00043,enriched,9.8,NETWORK,True,False,2024,0,v2023.03.01,False,False,False
CVE-2024-12471,2025-01-07,Mastodon,1,1,2025-01-07,True,False,0.00049,enriched,8.8,NETWORK,True,False,2024,0,v2023.03.01,False,False,False
CVE-2024-12470,2025-01-07,Mastodon,1,1,2025-01-07,True,False,0.00091,original,9.8,NETWORK,True,False,2024,0,v2023.03.01,False,False,False
CVE-2024-12402,2025-01-07,Mastodon,1,1,2025-01-07,True,False,0.00091,original,9.8,NETWORK,True,False,2024,0,v2023.03.01,False,False,False
CVE-2024-11626,2025-01-07,Mastodon,1,1,2025-01-07,True,False,0.00043,enriched,8.4,NETWORK,True,False,2024,0,v2023.03.01,False,False,False
CVE-2024-49649,2025-01-07,Mastodon,1,1,2025-01-07,True,False,0.00043,enriched,9.8,NETWORK,True,False,2024,0,v2023.03.01,False,False,False
CVE-2025-22133,2025-01-07,Mastodon,1,1,2025-01-07,True,False,0.00043,enriched,9.9,NETWORK,True,True,2025,0,v2023.03.01,False,False,False
CVE-2025-22132,2025-01-07,Mastodon,1,1,2025-01-07,True,False,0.00043,enriched,8.3,NETWORK,True,True,2025,0,v2023.03.01,False,False,False
CVE-2024-49644,2025-01-07,Mastodon,1,1,2025-01-07,True,False,0.00043,enriched,8.8,NETWORK,True,False,2024,0,v2023.03.01,False,False,False
CVE-2024-11725,2025-01-07,Mastodon,1,1,2025-01-07,True,False,0.00087,enriched,8.8,NETWORK,True,False,2024,0,v2023.03.01,False,False,False
CVE-2024-55550,2025-01-07,BleepingComputer,2,1,2025-01-07,False,True,0.00043,original,2.7,NETWORK,True,False,2024,0,v2023.03.01,False,False,False
CVE-2024-55555,2025-01-07,Mastodon,1,1,2025-01-07,True,False,0.00043,enriched,8.8,NETWORK,True,True,2024,0,v2023.03.01,False,False,False
CVE-2024-56291,2025-01-07,Mastodon,1,1,2025-01-07,True,False,0.00043,enriched,8.1,NETWORK,True,False,2024,0,v2023.03.01,False,False,False
CVE-2024-12202,2025-01-07,Mastodon,1,1,2025-01-07,True,False,0.0005,enriched,8.8,NETWORK,True,False,2024,0,v2023.03.01,False,False,False
CVE-2024-12322,2025-01-07,Mastodon,1,1,2025-01-07,True,False,0.00054,original,8.8,NETWORK,True,False,2024,0,v2023.03.01,False,False,False
CVE-2024-12313,2025-01-07,Mastodon,1,1,2025-01-07,True,False,0.00063,original,8.1,NETWORK,True,False,2024,0,v2023.03.01,False,False,False
CVE-2024-12252,2025-01-07,Mastodon,1,1,2025-01-07,True,False,0.00093,original,9.8,NETWORK,True,False,2024,0,v2023.03.01,False,False,False
CVE-2024-12264,2025-01-07,Mastodon,1,1,2025-01-07,True,False,0.00091,original,9.8,NETWORK,True,False,2024,0,v2023.03.01,False,False,False
CVE-2024-49249,2025-01-07,Mastodon,1,1,2025-01-07,True,False,0.00043,enriched,8.6,NETWORK,True,False,2024,0,v2023.03.01,False,False,False
CVE-2025-21624,2025-01-07,Mastodon,1,1,2025-01-07,True,False,0.00043,enriched,9.8,NETWORK,True,True,2025,0,v2023.03.01,False,False,False
CVE-2024-12535,2025-01-07,Mastodon,1,1,2025-01-07,True,False,0.00087,enriched,8.6,NETWORK,True,False,2024,0,v2023.03.01,False,False,False
CVE-2023-1968,2025-01-07,BleepingComputer,2,1,2025-01-07,False,True,0.0015,original,10.0,NETWORK,True,False,2023,0,v2023.03.01,False,False,False
CVE-2024-56284,2025-01-07,Mastodon,1,1,2025-01-07,True,False,0.00043,enriched,9.3,NETWORK,True,False,2024,0,v2023.03.01,False,False,False
CVE-2024-40762,2025-01-07,Mastodon,4,2,2025-01-09,True,True,0.00043,enriched,9.8,NETWORK,False,False,2024,2,v2023.03.01,False,False,False
CVE-2024-56280,2025-01-07,Mastodon,1,1,2025-01-07,True,False,0.00043,enriched,8.8,NETWORK,True,False,2024,0,v2023.03.01,False,False,False
CVE-2024-53706,2025-01-07,Mastodon,3,2,2025-01-08,False,True,0.00043,enriched,7.8,LOCAL,False,False,2024,1,v2023.03.01,False,False,False
CVE-2024-56278,2025-01-07,Mastodon,1,1,2025-01-07,True,False,0.00043,enriched,9.1,NETWORK,True,False,2024,0,v2023.03.01,False,False,False
CVE-2024-8855,2025-01-07,Mastodon,1,1,2025-01-07,True,False,0.00043,enriched,9.8,NETWORK,True,False,2024,0,v2023.03.01,False,False,False
CVE-2024-43243,2025-01-07,Mastodon,1,1,2025-01-07,True,False,0.00043,enriched,10.0,NETWORK,True,False,2024,0,v2023.03.01,False,False,False
CVE-2025-22519,2025-01-07,Mastodon,1,1,2025-01-07,True,False,0.00043,enriched,8.5,NETWORK,True,False,2025,0,v2023.03.01,False,False,False
CVE-2024-53345,2025-01-07,Mastodon,1,1,2025-01-07,True,False,0.00043,enriched,8.8,NETWORK,True,False,2024,0,v2023.03.01,False,False,False
CVE-2024-56283,2025-01-07,Mastodon,1,1,2025-01-07,True,False,0.00043,enriched,8.1,NETWORK,True,False,2024,0,v2023.03.01,False,False,False
CVE-2024-51715,2025-01-07,Mastodon,1,1,2025-01-07,True,False,0.00043,enriched,8.5,NETWORK,True,False,2024,0,v2023.03.01,False,False,False
CVE-2020-2883,2025-01-07,BleepingComputer,2,1,2025-01-07,False,True,0.96449,original,9.8,NETWORK,True,False,2020,0,v2023.03.01,False,False,False
CVE-2024-53704,2025-01-07,Mastodon,12,2,2025-02-14,True,True,0.00043,enriched,9.8,NETWORK,False,False,2024,38,v2023.03.01,False,False,False
CVE-2024-53800,2025-01-07,Mastodon,1,1,2025-01-07,True,False,0.00043,enriched,8.1,NETWORK,True,False,2024,0,v2023.03.01,False,False,False
CVE-2025-22395,2025-01-07,Mastodon,1,1,2025-01-07,True,False,0.00043,original,8.2,LOCAL,True,False,2025,0,v2023.03.01,False,False,False
CVE-2024-12856,2025-01-07,BleepingComputer,2,1,2025-01-07,True,False,0.00046,original,7.2,NETWORK,True,False,2024,0,v2023.03.01,False,False,False
CVE-2024-40702,2025-01-07,Mastodon,1,1,2025-01-07,True,False,0.00087,enriched,8.2,NETWORK,True,False,2024,0,v2023.03.01,False,False,False
CVE-2024-47398,2025-01-07,Mastodon,1,1,2025-01-07,True,False,0.00043,enriched,8.8,LOCAL,True,False,2024,0,v2023.03.01,False,False,False
CVE-2024-41713,2025-01-07,BleepingComputer,5,4,2025-04-21,True,True,0.00054,original,9.1,NETWORK,True,False,2024,104,v2023.03.01,False,False,False
CVE-2024-56290,2025-01-07,Mastodon,1,1,2025-01-07,True,False,0.00043,enriched,9.3,NETWORK,True,False,2024,0,v2023.03.01,False,False,False
CVE-2023-1966,2025-01-07,BleepingComputer,2,1,2025-01-07,False,True,0.00388,original,7.4,PHYSICAL,True,False,2023,0,v2023.03.01,False,False,False
CVE-2025-22348,2025-01-07,Mastodon,1,1,2025-01-07,True,False,0.00043,enriched,8.5,NETWORK,True,False,2025,0,v2023.03.01,False,False,False
CVE-2025-22347,2025-01-07,Mastodon,1,1,2025-01-07,True,False,0.00043,enriched,8.2,NETWORK,True,False,2025,0,v2023.03.01,False,False,False
CVE-2024-53705,2025-01-07,Mastodon,3,2,2025-01-08,False,True,0.00043,enriched,7.5,NETWORK,False,False,2024,1,v2023.03.01,False,False,False
CVE-2024-11270,2025-01-08,Mastodon,1,1,2025-01-08,True,False,0.0005,original,8.8,NETWORK,True,False,2024,0,v2023.03.01,False,False,False
CVE-2025-0291,2025-01-08,Mastodon,7,1,2025-01-08,True,False,0.00043,enriched,8.8,NETWORK,True,False,2025,0,v2023.03.01,False,False,False
CVE-2024-11635,2025-01-08,Mastodon,1,1,2025-01-08,True,False,0.00093,enriched,9.8,NETWORK,True,False,2024,0,v2023.03.01,False,False,False
CVE-2024-11271,2025-01-08,Mastodon,1,1,2025-01-08,True,False,0.0005,original,8.8,NETWORK,True,False,2024,0,v2023.03.01,False,False,False
CVE-2024-12853,2025-01-08,Mastodon,3,1,2025-01-08,True,False,0.0005,enriched,8.8,NETWORK,True,False,2024,0,v2023.03.01,False,False,False
CVE-2025-0283,2025-01-08,Mastodon,5,2,2025-01-08,False,True,0.00043,enriched,7.0,LOCAL,False,False,2025,0,v2023.03.01,False,False,False
CVE-2024-54010,2025-01-08,Mastodon,3,1,2025-01-08,True,True,0.00043,enriched,3.4,ADJACENT_NETWORK,False,False,2024,0,v2023.03.01,False,False,False
CVE-2024-55517,2025-01-08,Mastodon,7,1,2025-01-08,True,False,0.00043,enriched,8.8,NETWORK,True,False,2024,0,v2023.03.01,False,False,False
CVE-2025-0247,2025-01-08,Mastodon,1,1,2025-01-08,True,False,0.00043,original,9.8,NETWORK,True,False,2025,0,v2023.03.01,False,False,False
CVE-2018-4301,2025-01-08,Mastodon,1,1,2025-01-08,True,False,0.00043,original,9.8,NETWORK,True,False,2018,0,v2023.03.01,False,False,False
CVE-2024-12854,2025-01-08,Mastodon,3,1,2025-01-08,True,False,0.0005,enriched,8.8,NETWORK,True,False,2024,0,v2023.03.01,False,False,False
CVE-2025-0194,2025-01-08,Mastodon,6,1,2025-01-08,True,False,0.00043,enriched,6.5,NETWORK,True,False,2025,0,v2023.03.01,False,False,False
CVE-2024-50660,2025-01-08,Mastodon,1,1,2025-01-08,True,False,0.00045,original,9.8,NETWORK,True,False,2024,0,v2023.03.01,False,False,False
CVE-2024-11350,2025-01-08,Mastodon,1,1,2025-01-08,True,False,0.00091,enriched,9.8,NETWORK,True,False,2024,0,v2023.03.01,False,False,False
CVE-2024-50658,2025-01-08,Mastodon,1,1,2025-01-08,True,False,0.00045,original,9.8,NETWORK,True,False,2024,0,v2023.03.01,False,False,False
CVE-2022-45185,2025-01-08,Mastodon,1,1,2025-01-08,True,False,0.00045,original,8.8,NETWORK,True,True,2022,0,v2023.03.01,False,False,False
CVE-2022-45186,2025-01-08,Mastodon,1,1,2025-01-08,True,False,0.00045,original,8.1,NETWORK,True,True,2022,0,v2023.03.01,False,False,False
CVE-2024-11613,2025-01-08,Mastodon,1,1,2025-01-08,True,False,0.00152,enriched,9.8,NETWORK,True,False,2024,0,v2023.03.01,False,False,False
CVE-2025-0282,2025-01-08,Mastodon,28,4,2025-04-27,True,False,0.00834,enriched,9.0,NETWORK,True,False,2025,109,v2023.03.01,False,False,False
CVE-2024-35532,2025-01-08,Mastodon,1,1,2025-01-08,True,False,0.00043,original,9.1,NETWORK,True,True,2024,0,v2023.03.01,False,False,False
CVE-2024-12431,2025-01-08,Mastodon,6,1,2025-01-08,True,False,0.00045,enriched,4.3,NETWORK,False,False,2024,0,v2023.03.01,False,False,False
CVE-2024-52875,2025-01-08,BleepingComputer,6,2,2025-02-10,True,False,0.00053,enriched,8.8,NETWORK,True,False,2024,33,v2023.03.01,False,False,False
CVE-2022-41573,2025-01-08,Mastodon,1,1,2025-01-08,True,False,0.00045,original,9.8,NETWORK,True,True,2022,0,v2023.03.01,False,False,False
CVE-2025-22140,2025-01-08,Mastodon,6,1,2025-01-08,True,True,0.00043,enriched,8.8,NETWORK,True,False,2025,0,v2023.03.01,False,False,False
CVE-2024-11816,2025-01-08,Mastodon,1,1,2025-01-08,True,False,0.00056,original,8.8,NETWORK,True,False,2024,0,v2023.03.01,False,False,False
CVE-2025-22141,2025-01-08,Mastodon,6,1,2025-01-08,True,True,0.00043,enriched,8.8,NETWORK,True,False,2025,0,v2023.03.01,False,False,False
CVE-2025-22143,2025-01-08,Mastodon,6,1,2025-01-08,True,True,0.00043,enriched,6.1,NETWORK,True,False,2025,0,v2023.03.01,False,False,False
CVE-2024-55656,2025-01-08,Mastodon,7,1,2025-01-08,True,False,0.00043,enriched,8.8,NETWORK,True,False,2024,0,v2023.03.01,False,False,False
CVE-2022-41572,2025-01-08,Mastodon,1,1,2025-01-08,True,False,0.00043,original,9.8,NETWORK,True,False,2022,0,v2023.03.01,False,False,False
CVE-2024-54676,2025-01-08,Mastodon,1,1,2025-01-08,True,False,0.00043,enriched,9.8,NETWORK,True,False,2024,0,v2023.03.01,False,False,False
CVE-2024-54818,2025-01-08,Mastodon,6,1,2025-01-08,True,False,0.00043,enriched,8.8,NETWORK,True,False,2024,0,v2023.03.01,False,False,False
CVE-2024-54819,2025-01-08,Mastodon,1,1,2025-01-08,True,False,0.00043,original,9.1,NETWORK,True,True,2024,0,v2023.03.01,False,False,False
CVE-2024-45033,2025-01-08,Mastodon,1,1,2025-01-08,True,False,0.00043,enriched,8.1,NETWORK,True,True,2024,0,v2023.03.01,False,False,False
CVE-2024-13189,2025-01-08,Mastodon,2,1,2025-01-08,True,False,0.00045,enriched,7.3,NETWORK,True,False,2024,0,v2023.03.01,False,False,False
CVE-2024-13190,2025-01-08,Mastodon,2,1,2025-01-08,True,False,0.00045,enriched,6.3,NETWORK,True,False,2024,0,v2023.03.01,False,False,False
CVE-2024-50603,2025-01-08,Mastodon,3,2,2025-01-13,True,False,0.00046,original,10.0,NETWORK,True,False,2024,5,v2023.03.01,False,False,False
CVE-2024-51442,2025-01-08,Mastodon,6,1,2025-01-08,True,False,0.00045,enriched,8.8,NETWORK,True,False,2024,0,v2023.03.01,False,False,False
CVE-2024-55414,2025-01-08,Mastodon,1,1,2025-01-08,True,False,0.00043,original,9.8,NETWORK,True,True,2024,0,v2023.03.01,False,False,False
CVE-2024-52869,2025-01-08,Mastodon,6,1,2025-01-08,True,False,0.00043,enriched,6.0,NETWORK,False,False,2024,0,v2023.03.01,False,False,False
CVE-2025-22137,2025-01-08,Mastodon,7,1,2025-01-08,True,False,0.00045,enriched,9.8,NETWORK,True,True,2025,0,v2023.03.01,False,False,False
CVE-2025-0349,2025-01-09,Mastodon,1,1,2025-01-09,True,False,0.00045,enriched,8.8,NETWORK,True,False,2025,0,v2023.03.01,False,False,False
CVE-2024-27980,2025-01-09,Mastodon,1,1,2025-01-09,True,False,0.00045,original,8.1,NETWORK,True,False,2024,0,v2023.03.01,False,False,False
CVE-2023-27997,2025-01-09,BleepingComputer,8,3,2025-04-27,True,True,0.10651,original,9.8,NETWORK,True,False,2023,108,v2023.03.01,False,False,False
CVE-2024-10215,2025-01-09,Mastodon,1,1,2025-01-09,True,False,0.00091,enriched,9.8,NETWORK,True,False,2024,0,v2023.03.01,False,False,False
CVE-2023-28461,2025-01-09,BleepingComputer,2,1,2025-01-09,False,True,0.35592,original,9.8,NETWORK,True,False,2023,0,v2023.03.01,False,False,False
CVE-2024-40765,2025-01-09,Mastodon,1,1,2025-01-09,True,False,0.00043,enriched,9.8,NETWORK,True,False,2024,0,v2023.03.01,False,False,False
CVE-2023-24010,2025-01-09,Mastodon,1,1,2025-01-09,True,False,0.00043,enriched,8.2,NETWORK,True,False,2023,0,v2023.03.01,False,False,False
CVE-2024-43653,2025-01-09,Mastodon,1,1,2025-01-09,True,False,0.00046,enriched,8.8,NETWORK,True,False,2024,0,v2023.03.01,False,False,False
CVE-2023-3519,2025-01-09,BleepingComputer,8,2,2025-04-28,False,True,0.96277,original,9.8,NETWORK,True,False,2023,109,v2023.03.01,False,False,False
CVE-2024-12802,2025-01-09,Mastodon,1,1,2025-01-09,True,False,0.00043,enriched,9.1,NETWORK,True,False,2024,0,v2023.03.01,False,False,False
CVE-2024-12803,2025-01-09,Mastodon,1,1,2025-01-09,True,False,0.00043,enriched,7.2,NETWORK,True,False,2024,0,v2023.03.01,False,False,False
CVE-2025-22504,2025-01-09,Mastodon,1,1,2025-01-09,True,False,0.00043,enriched,10.0,NETWORK,True,False,2025,0,v2023.03.01,False,False,False
CVE-2025-21628,2025-01-09,Mastodon,1,1,2025-01-09,True,False,0.00043,enriched,9.1,NETWORK,True,True,2025,0,v2023.03.01,False,False,False
CVE-2024-12805,2025-01-09,Mastodon,1,1,2025-01-09,True,False,0.00043,enriched,7.2,NETWORK,True,False,2024,0,v2023.03.01,False,False,False
CVE-2025-22505,2025-01-09,Mastodon,1,1,2025-01-09,True,False,0.00043,enriched,8.5,NETWORK,True,False,2025,0,v2023.03.01,False,False,False
CVE-2025-22508,2025-01-09,Mastodon,1,1,2025-01-09,True,False,0.00043,enriched,8.1,NETWORK,True,False,2025,0,v2023.03.01,False,False,False
CVE-2024-43654,2025-01-09,Mastodon,1,1,2025-01-09,True,False,0.00046,enriched,8.8,NETWORK,True,False,2024,0,v2023.03.01,False,False,False
CVE-2025-22535,2025-01-09,Mastodon,1,1,2025-01-09,True,False,0.00043,enriched,8.5,NETWORK,True,False,2025,0,v2023.03.01,False,False,False
CVE-2025-22537,2025-01-09,Mastodon,1,1,2025-01-09,True,False,0.00043,enriched,8.5,NETWORK,True,False,2025,0,v2023.03.01,False,False,False
CVE-2025-22540,2025-01-09,Mastodon,1,1,2025-01-09,True,False,0.00043,enriched,9.3,NETWORK,True,False,2025,0,v2023.03.01,False,False,False
CVE-2024-11642,2025-01-09,Mastodon,1,1,2025-01-09,True,False,0.00091,enriched,9.8,NETWORK,True,False,2024,0,v2023.03.01,False,False,False
CVE-2025-22542,2025-01-09,Mastodon,1,1,2025-01-09,True,False,0.00043,enriched,9.3,NETWORK,True,False,2025,0,v2023.03.01,False,False,False
CVE-2024-43652,2025-01-09,Mastodon,1,1,2025-01-09,True,False,0.00046,enriched,8.8,NETWORK,True,False,2024,0,v2023.03.01,False,False,False
CVE-2024-43649,2025-01-09,Mastodon,1,1,2025-01-09,True,False,0.00046,enriched,8.8,NETWORK,True,False,2024,0,v2023.03.01,False,False,False
CVE-2023-1907,2025-01-09,Mastodon,1,1,2025-01-09,True,False,0.00043,enriched,8.0,NETWORK,True,False,2023,0,v2023.03.01,False,False,False
CVE-2024-43661,2025-01-09,Mastodon,1,1,2025-01-09,True,False,0.00045,enriched,9.8,NETWORK,True,False,2024,0,v2023.03.01,False,False,False
CVE-2024-12542,2025-01-09,Mastodon,1,1,2025-01-09,True,False,0.00087,enriched,8.6,NETWORK,True,False,2024,0,v2023.03.01,False,False,False
CVE-2023-24011,2025-01-09,Mastodon,1,1,2025-01-09,True,False,0.00043,enriched,8.2,NETWORK,True,False,2023,0,v2023.03.01,False,False,False
CVE-2024-43648,2025-01-09,Mastodon,1,1,2025-01-09,True,False,0.00046,enriched,8.8,NETWORK,True,False,2024,0,v2023.03.01,False,False,False
CVE-2025-21380,2025-01-09,Mastodon,1,1,2025-01-09,True,False,0.0005,enriched,8.8,NETWORK,True,False,2025,0,v2023.03.01,False,False,False
CVE-2025-21385,2025-01-09,Mastodon,1,1,2025-01-09,True,False,0.0005,enriched,8.8,NETWORK,True,False,2025,0,v2023.03.01,False,False,False
CVE-2024-43663,2025-01-09,Mastodon,1,1,2025-01-09,True,False,0.00045,enriched,9.8,NETWORK,True,False,2024,0,v2023.03.01,False,False,False
CVE-2024-43657,2025-01-09,Mastodon,1,1,2025-01-09,True,False,0.00046,enriched,8.8,NETWORK,True,False,2024,0,v2023.03.01,False,False,False
CVE-2024-43656,2025-01-09,Mastodon,1,1,2025-01-09,True,False,0.00046,enriched,8.8,NETWORK,True,False,2024,0,v2023.03.01,False,False,False
CVE-2023-24012,2025-01-09,Mastodon,1,1,2025-01-09,True,False,0.00043,enriched,8.2,NETWORK,True,False,2023,0,v2023.03.01,False,False,False
CVE-2024-12848,2025-01-09,Mastodon,1,1,2025-01-09,True,False,0.00066,enriched,8.8,NETWORK,True,False,2024,0,v2023.03.01,False,False,False
CVE-2024-13285,2025-01-10,Mastodon,1,1,2025-01-10,True,False,0.00043,original,9.8,NETWORK,True,False,2024,0,v2023.03.01,False,False,False
CVE-2024-13282,2025-01-10,Mastodon,1,1,2025-01-10,True,False,0.00043,original,8.8,NETWORK,True,False,2024,0,v2023.03.01,False,False,False
CVE-2024-13251,2025-01-10,Mastodon,1,1,2025-01-10,True,False,0.00043,original,8.8,NETWORK,True,False,2024,0,v2023.03.01,False,False,False
CVE-2024-13253,2025-01-10,Mastodon,1,1,2025-01-10,True,False,0.00043,original,9.1,NETWORK,True,False,2024,0,v2023.03.01,False,False,False
CVE-2024-13284,2025-01-10,Mastodon,1,1,2025-01-10,True,False,0.00043,original,8.8,NETWORK,True,False,2024,0,v2023.03.01,False,False,False
CVE-2024-13281,2025-01-10,Mastodon,1,1,2025-01-10,True,False,0.00043,original,9.1,NETWORK,True,False,2024,0,v2023.03.01,False,False,False
CVE-2024-13277,2025-01-10,Mastodon,1,1,2025-01-10,True,False,0.00043,original,9.1,NETWORK,True,False,2024,0,v2023.03.01,False,False,False
CVE-2024-13258,2025-01-10,Mastodon,1,1,2025-01-10,True,False,0.00043,original,9.8,NETWORK,True,False,2024,0,v2023.03.01,False,False,False
CVE-2024-13278,2025-01-10,Mastodon,1,1,2025-01-10,True,False,0.00043,original,9.1,NETWORK,True,False,2024,0,v2023.03.01,False,False,False
CVE-2024-13279,2025-01-10,Mastodon,1,1,2025-01-10,True,False,0.00043,original,9.8,NETWORK,True,False,2024,0,v2023.03.01,False,False,False
CVE-2024-13260,2025-01-10,Mastodon,1,1,2025-01-10,True,False,0.00043,original,8.8,NETWORK,True,False,2024,0,v2023.03.01,False,False,False
CVE-2024-13280,2025-01-10,Mastodon,1,1,2025-01-10,True,False,0.00043,original,9.8,NETWORK,True,False,2024,0,v2023.03.01,False,False,False
CVE-2024-13264,2025-01-10,Mastodon,1,1,2025-01-10,True,False,0.00043,original,9.8,NETWORK,True,False,2024,0,v2023.03.01,False,False,False
CVE-2024-57687,2025-01-10,Mastodon,1,1,2025-01-10,True,False,0.00043,enriched,9.8,NETWORK,True,True,2024,0,v2023.03.01,False,False,False
CVE-2024-55225,2025-01-10,Mastodon,3,1,2025-01-13,True,False,0.00045,original,9.8,NETWORK,True,False,2024,3,v2023.03.01,False,False,False
CVE-2025-22152,2025-01-10,Mastodon,1,1,2025-01-10,True,False,0.00044,enriched,9.1,NETWORK,True,False,2025,0,v2023.03.01,False,False,False
CVE-2024-9132,2025-01-10,Mastodon,1,1,2025-01-10,True,False,0.00043,enriched,8.1,NETWORK,True,False,2024,0,v2023.03.01,False,False,False
CVE-2024-9134,2025-01-10,Mastodon,1,1,2025-01-10,True,False,0.00043,enriched,8.3,NETWORK,True,False,2024,0,v2023.03.01,False,False,False
CVE-2024-51229,2025-01-10,Mastodon,1,1,2025-01-10,True,False,0.00043,original,8.8,NETWORK,True,False,2024,0,v2023.03.01,False,False,False
CVE-2025-22597,2025-01-10,Mastodon,1,1,2025-01-10,True,False,0.00043,enriched,8.3,NETWORK,True,False,2025,0,v2023.03.01,False,False,False
CVE-2025-22598,2025-01-10,Mastodon,1,1,2025-01-10,True,False,0.00043,enriched,8.3,NETWORK,True,False,2025,0,v2023.03.01,False,False,False
CVE-2024-55224,2025-01-10,Mastodon,2,1,2025-01-13,True,False,0.00045,original,9.6,NETWORK,True,False,2024,3,v2023.03.01,False,False,False
CVE-2024-41787,2025-01-10,Mastodon,1,1,2025-01-10,True,False,0.00091,enriched,9.8,NETWORK,True,False,2024,0,v2023.03.01,False,False,False
CVE-2024-57686,2025-01-10,Mastodon,1,1,2025-01-10,True,False,0.00043,enriched,9.8,NETWORK,True,True,2024,0,v2023.03.01,False,False,False
CVE-2024-12847,2025-01-10,Mastodon,1,1,2025-01-10,True,False,0.00045,enriched,9.8,NETWORK,True,False,2024,0,v2023.03.01,False,False,False
CVE-2024-57823,2025-01-10,Mastodon,1,1,2025-01-10,True,False,0.00045,enriched,9.3,LOCAL,True,True,2024,0,v2023.03.01,False,False,False
CVE-2024-47519,2025-01-10,Mastodon,1,1,2025-01-10,True,False,0.00043,enriched,8.3,NETWORK,True,False,2024,0,v2023.03.01,False,False,False
CVE-2025-23016,2025-01-10,Mastodon,5,3,2025-04-29,True,False,0.00043,enriched,9.3,LOCAL,True,False,2025,109,v2023.03.01,False,False,False
CVE-2023-28354,2025-01-10,Mastodon,1,1,2025-01-10,True,False,0.00043,original,9.8,NETWORK,True,True,2023,0,v2023.03.01,False,False,False
CVE-2024-9188,2025-01-10,Mastodon,1,1,2025-01-10,True,False,0.00043,enriched,8.8,NETWORK,True,False,2024,0,v2023.03.01,False,False,False
CVE-2024-42168,2025-01-11,Mastodon,1,1,2025-01-11,True,False,0.00043,original,8.9,NETWORK,True,False,2024,0,v2023.03.01,False,False,False
CVE-2024-49113,2025-01-11,BleepingComputer,6,2,2025-04-28,False,True,0.00046,original,7.5,NETWORK,True,False,2024,107,v2023.03.01,False,False,False
CVE-2024-12877,2025-01-11,Mastodon,1,1,2025-01-11,True,False,0.00071,enriched,9.8,NETWORK,True,False,2024,0,v2023.03.01,False,False,False
CVE-2024-5743,2025-01-13,Mastodon,1,1,2025-01-13,True,False,0.00043,enriched,9.8,NETWORK,True,False,2024,0,v2023.03.01,False,False,False
CVE-2024-57225,2025-01-13,Mastodon,1,1,2025-01-13,True,False,0.00043,original,9.8,NETWORK,True,True,2024,0,v2023.03.01,False,False,False
CVE-2024-57224,2025-01-13,Mastodon,1,1,2025-01-13,True,False,0.00043,original,9.8,NETWORK,True,True,2024,0,v2023.03.01,False,False,False
CVE-2024-57223,2025-01-13,Mastodon,1,1,2025-01-13,True,False,0.00043,original,9.8,NETWORK,True,True,2024,0,v2023.03.01,False,False,False
CVE-2024-44243,2025-01-13,BleepingComputer,6,2,2025-04-28,False,True,0.00045,original,5.5,LOCAL,True,False,2024,105,v2023.03.01,False,False,False
CVE-2024-46479,2025-01-13,Mastodon,1,1,2025-01-13,True,False,0.00045,enriched,9.9,NETWORK,True,True,2024,0,v2023.03.01,False,False,False
CVE-2024-46480,2025-01-13,Mastodon,1,1,2025-01-13,True,False,0.00045,enriched,8.4,ADJACENT_NETWORK,True,True,2024,0,v2023.03.01,False,False,False
CVE-2025-22777,2025-01-13,Mastodon,1,1,2025-01-13,True,False,0.00043,enriched,9.8,NETWORK,True,False,2025,0,v2023.03.01,False,False,False
CVE-2024-54996,2025-01-13,Mastodon,1,1,2025-01-13,True,False,0.00043,original,8.8,NETWORK,True,False,2024,0,v2023.03.01,False,False,False
CVE-2024-55226,2025-01-13,Mastodon,1,1,2025-01-13,False,True,0.00045,original,5.4,NETWORK,True,False,2024,0,v2023.03.01,False,False,False
CVE-2024-12686,2025-01-13,BleepingComputer,4,1,2025-02-14,False,True,0.00043,original,6.6,NETWORK,True,False,2024,32,v2023.03.01,False,False,False
CVE-2023-32369,2025-01-13,BleepingComputer,2,1,2025-01-13,False,True,0.00045,original,6.0,LOCAL,True,False,2023,0,v2023.03.01,False,False,False
CVE-2022-42821,2025-01-13,BleepingComputer,2,1,2025-01-13,False,True,0.00084,original,5.5,LOCAL,True,False,2022,0,v2023.03.01,False,False,False
CVE-2021-30970,2025-01-13,BleepingComputer,2,1,2025-01-13,False,True,0.00071,original,5.5,LOCAL,True,False,2021,0,v2023.03.01,False,False,False
CVE-2024-52333,2025-01-13,Mastodon,1,1,2025-01-13,True,False,0.00043,enriched,8.4,LOCAL,True,False,2024,0,v2023.03.01,False,False,False
CVE-2024-47796,2025-01-13,Mastodon,1,1,2025-01-13,True,False,0.00043,enriched,8.4,LOCAL,True,False,2024,0,v2023.03.01,False,False,False
CVE-2024-47897,2025-01-13,Mastodon,1,1,2025-01-13,True,False,0.00043,enriched,8.8,NETWORK,True,False,2024,0,v2023.03.01,False,False,False
CVE-2021-30892,2025-01-13,BleepingComputer,2,1,2025-01-13,False,True,0.0007,original,5.5,LOCAL,True,False,2021,0,v2023.03.01,False,False,False
CVE-2024-39769,2025-01-14,Mastodon,1,1,2025-01-14,True,False,0.0005,enriched,9.1,NETWORK,True,False,2024,0,v2023.03.01,False,False,False
CVE-2024-39768,2025-01-14,Mastodon,1,1,2025-01-14,True,False,0.0005,enriched,9.1,NETWORK,True,False,2024,0,v2023.03.01,False,False,False
CVE-2024-39770,2025-01-14,Mastodon,1,1,2025-01-14,True,False,0.0005,enriched,9.1,NETWORK,True,False,2024,0,v2023.03.01,False,False,False
CVE-2024-39765,2025-01-14,Mastodon,1,1,2025-01-14,True,False,0.00049,enriched,9.1,NETWORK,True,False,2024,0,v2023.03.01,False,False,False
CVE-2024-39764,2025-01-14,Mastodon,1,1,2025-01-14,True,False,0.00049,enriched,9.1,NETWORK,True,False,2024,0,v2023.03.01,False,False,False
CVE-2024-39774,2025-01-14,Mastodon,1,1,2025-01-14,True,False,0.00043,enriched,9.1,NETWORK,True,False,2024,0,v2023.03.01,False,False,False
CVE-2025-23025,2025-01-14,Mastodon,2,1,2025-01-15,True,False,0.00045,enriched,9.0,NETWORK,True,False,2025,1,v2023.03.01,False,False,False
CVE-2023-37931,2025-01-14,Mastodon,1,1,2025-01-14,True,False,0.00043,enriched,8.8,NETWORK,True,False,2023,0,v2023.03.01,False,False,False
CVE-2025-0063,2025-01-14,Mastodon,1,1,2025-01-14,True,False,0.00043,original,8.8,NETWORK,True,False,2025,0,v2023.03.01,False,False,False
CVE-2024-39781,2025-01-14,Mastodon,1,1,2025-01-14,True,False,0.00049,enriched,9.1,NETWORK,True,False,2024,0,v2023.03.01,False,False,False
CVE-2025-21417,2025-01-14,Mastodon,2,1,2025-01-15,True,False,0.00091,enriched,8.8,NETWORK,True,False,2025,1,v2023.03.01,False,False,False
CVE-2025-21413,2025-01-14,Mastodon,2,1,2025-01-15,True,False,0.00091,enriched,8.8,NETWORK,True,False,2025,1,v2023.03.01,False,False,False
CVE-2025-21411,2025-01-14,Mastodon,2,1,2025-01-15,True,False,0.00091,enriched,8.8,NETWORK,True,False,2025,1,v2023.03.01,False,False,False
CVE-2025-21409,2025-01-14,Mastodon,2,1,2025-01-15,True,False,0.00091,enriched,8.8,NETWORK,True,False,2025,1,v2023.03.01,False,False,False
CVE-2025-21395,2025-01-14,BleepingComputer,2,1,2025-01-14,False,True,0.00053,enriched,7.8,LOCAL,True,False,2025,0,v2023.03.01,False,False,False
CVE-2025-21366,2025-01-14,BleepingComputer,2,1,2025-01-14,False,True,0.00053,enriched,7.8,LOCAL,True,False,2025,0,v2023.03.01,False,False,False
CVE-2024-12919,2025-01-14,Mastodon,1,1,2025-01-14,True,False,0.00091,enriched,9.8,NETWORK,True,False,2024,0,v2023.03.01,False,False,False
CVE-2024-39782,2025-01-14,Mastodon,1,1,2025-01-14,True,False,0.00049,enriched,9.1,NETWORK,True,False,2024,0,v2023.03.01,False,False,False
CVE-2024-39786,2025-01-14,Mastodon,1,1,2025-01-14,True,False,0.00049,enriched,9.1,NETWORK,True,False,2024,0,v2023.03.01,False,False,False
CVE-2024-39784,2025-01-14,Mastodon,1,1,2025-01-14,True,False,0.0005,enriched,9.1,NETWORK,True,False,2024,0,v2023.03.01,False,False,False
CVE-2024-48856,2025-01-14,Mastodon,2,1,2025-01-15,True,False,0.00043,enriched,9.8,NETWORK,True,False,2024,1,v2023.03.01,False,False,False
CVE-2024-54142,2025-01-14,Mastodon,2,1,2025-01-15,True,False,0.00043,enriched,9.0,NETWORK,True,True,2024,1,v2023.03.01,False,False,False
CVE-2024-48886,2025-01-14,Mastodon,1,1,2025-01-14,True,False,0.00043,enriched,9.0,NETWORK,True,False,2024,0,v2023.03.01,False,False,False
CVE-2024-47572,2025-01-14,Mastodon,1,1,2025-01-14,True,False,0.00043,enriched,9.0,NETWORK,True,False,2024,0,v2023.03.01,False,False,False
CVE-2023-37936,2025-01-14,Mastodon,4,2,2025-01-15,True,False,0.00043,enriched,9.8,NETWORK,True,False,2023,1,v2023.03.01,False,False,False
CVE-2024-47571,2025-01-14,Mastodon,1,1,2025-01-14,True,False,0.00043,enriched,8.1,NETWORK,True,False,2024,0,v2023.03.01,False,False,False
CVE-2024-39803,2025-01-14,Mastodon,1,1,2025-01-14,True,False,0.0005,enriched,9.1,NETWORK,True,False,2024,0,v2023.03.01,False,False,False
CVE-2024-39802,2025-01-14,Mastodon,1,1,2025-01-14,True,False,0.0005,enriched,9.1,NETWORK,True,False,2024,0,v2023.03.01,False,False,False
CVE-2024-39801,2025-01-14,Mastodon,1,1,2025-01-14,True,False,0.0005,enriched,9.1,NETWORK,True,False,2024,0,v2023.03.01,False,False,False
CVE-2024-39800,2025-01-14,Mastodon,1,1,2025-01-14,True,False,0.0005,enriched,9.1,NETWORK,True,False,2024,0,v2023.03.01,False,False,False
CVE-2024-39799,2025-01-14,Mastodon,1,1,2025-01-14,True,False,0.0005,enriched,9.1,NETWORK,True,False,2024,0,v2023.03.01,False,False,False
CVE-2024-39798,2025-01-14,Mastodon,1,1,2025-01-14,True,False,0.0005,enriched,9.1,NETWORK,True,False,2024,0,v2023.03.01,False,False,False
CVE-2024-39795,2025-01-14,Mastodon,1,1,2025-01-14,True,False,0.0005,enriched,9.1,NETWORK,True,False,2024,0,v2023.03.01,False,False,False
CVE-2024-39794,2025-01-14,Mastodon,1,1,2025-01-14,True,False,0.0005,enriched,9.1,NETWORK,True,False,2024,0,v2023.03.01,False,False,False
CVE-2024-39793,2025-01-14,Mastodon,1,1,2025-01-14,True,False,0.0005,enriched,9.1,NETWORK,True,False,2024,0,v2023.03.01,False,False,False
CVE-2024-39790,2025-01-14,Mastodon,1,1,2025-01-14,True,False,0.0005,enriched,9.1,NETWORK,True,False,2024,0,v2023.03.01,False,False,False
CVE-2024-39789,2025-01-14,Mastodon,1,1,2025-01-14,True,False,0.0005,enriched,9.1,NETWORK,True,False,2024,0,v2023.03.01,False,False,False
CVE-2024-39788,2025-01-14,Mastodon,1,1,2025-01-14,True,False,0.0005,enriched,9.1,NETWORK,True,False,2024,0,v2023.03.01,False,False,False
CVE-2024-39787,2025-01-14,Mastodon,1,1,2025-01-14,True,False,0.00049,enriched,9.1,NETWORK,True,False,2024,0,v2023.03.01,False,False,False
CVE-2024-11497,2025-01-14,Mastodon,1,1,2025-01-14,True,False,0.0005,enriched,8.8,NETWORK,True,False,2024,0,v2023.03.01,False,False,False
CVE-2024-39785,2025-01-14,Mastodon,1,1,2025-01-14,True,False,0.0005,enriched,9.1,NETWORK,True,False,2024,0,v2023.03.01,False,False,False
CVE-2024-39783,2025-01-14,Mastodon,1,1,2025-01-14,True,False,0.00049,enriched,9.1,NETWORK,True,False,2024,0,v2023.03.01,False,False,False
CVE-2024-38030,2025-01-14,BleepingComputer,2,1,2025-01-14,False,True,0.00351,original,6.5,NETWORK,True,False,2024,0,v2023.03.01,False,False,False
CVE-2024-23106,2025-01-14,Mastodon,1,1,2025-01-14,True,False,0.00043,enriched,8.1,NETWORK,True,False,2024,0,v2023.03.01,False,False,False
CVE-2025-21291,2025-01-14,Mastodon,1,1,2025-01-14,True,False,0.00091,enriched,8.8,NETWORK,False,False,2025,0,v2023.03.01,False,False,False
CVE-2025-21297,2025-01-14,Mastodon,5,2,2025-05-24,True,False,0.00091,enriched,8.1,NETWORK,True,False,2025,130,v2023.03.01,False,False,False
CVE-2025-21298,2025-01-14,Mastodon,1,1,2025-01-14,True,False,0.00091,enriched,9.8,NETWORK,False,False,2025,0,v2023.03.01,False,False,False
CVE-2025-21303,2025-01-14,Mastodon,1,1,2025-01-14,True,False,0.00091,enriched,8.8,NETWORK,True,False,2025,0,v2023.03.01,False,False,False
CVE-2025-21302,2025-01-14,Mastodon,1,1,2025-01-14,True,False,0.00091,enriched,8.8,NETWORK,True,False,2025,0,v2023.03.01,False,False,False
CVE-2025-21339,2025-01-14,Mastodon,2,1,2025-01-15,True,False,0.00091,enriched,8.8,NETWORK,True,False,2025,1,v2023.03.01,False,False,False
CVE-2025-21292,2025-01-14,Mastodon,1,1,2025-01-14,True,False,0.00043,enriched,8.8,LOCAL,False,False,2025,0,v2023.03.01,False,False,False
CVE-2025-0070,2025-01-14,Mastodon,1,1,2025-01-14,True,False,0.00043,original,9.9,NETWORK,True,False,2025,0,v2023.03.01,False,False,False
CVE-2024-55591,2025-01-14,Mastodon,14,4,2025-05-13,True,False,0.01179,enriched,9.8,NETWORK,True,False,2024,119,v2023.03.01,False,False,False
CVE-2025-21286,2025-01-14,Mastodon,1,1,2025-01-14,True,False,0.00091,enriched,8.8,NETWORK,False,False,2025,0,v2023.03.01,False,False,False
CVE-2024-35277,2025-01-14,Mastodon,1,1,2025-01-14,True,False,0.00043,enriched,8.6,NETWORK,True,False,2024,0,v2023.03.01,False,False,False
CVE-2025-0066,2025-01-14,Mastodon,1,1,2025-01-14,True,False,0.00043,original,9.9,NETWORK,True,False,2025,0,v2023.03.01,False,False,False
CVE-2025-21282,2025-01-14,Mastodon,1,1,2025-01-14,True,False,0.00091,enriched,8.8,NETWORK,False,False,2025,0,v2023.03.01,False,False,False
CVE-2025-0394,2025-01-14,Mastodon,1,1,2025-01-14,True,False,0.00066,enriched,8.8,NETWORK,True,False,2025,0,v2023.03.01,False,False,False
CVE-2025-21186,2025-01-14,BleepingComputer,2,1,2025-01-14,False,True,0.00053,enriched,7.8,LOCAL,True,False,2025,0,v2023.03.01,False,False,False
CVE-2025-21252,2025-01-14,Mastodon,1,1,2025-01-14,True,False,0.00091,enriched,8.8,NETWORK,True,False,2025,0,v2023.03.01,False,False,False
CVE-2025-21266,2025-01-14,Mastodon,1,1,2025-01-14,True,False,0.00091,enriched,8.8,NETWORK,False,False,2025,0,v2023.03.01,False,False,False
CVE-2024-27778,2025-01-14,Mastodon,1,1,2025-01-14,True,False,0.00043,enriched,8.8,NETWORK,True,False,2024,0,v2023.03.01,False,False,False
CVE-2025-21273,2025-01-14,Mastodon,1,1,2025-01-14,True,False,0.00091,enriched,8.8,NETWORK,False,False,2025,0,v2023.03.01,False,False,False
CVE-2025-20055,2025-01-14,Mastodon,1,1,2025-01-14,True,False,0.00043,enriched,9.8,NETWORK,True,False,2025,0,v2023.03.01,False,False,False
CVE-2024-12398,2025-01-14,Mastodon,1,1,2025-01-14,True,False,0.0005,original,8.8,NETWORK,True,False,2024,0,v2023.03.01,False,False,False
CVE-2025-21335,2025-01-14,BleepingComputer,2,1,2025-01-14,False,True,0.00144,enriched,7.8,LOCAL,True,False,2025,0,v2023.03.01,False,False,False
CVE-2025-21293,2025-01-14,Mastodon,3,1,2025-03-21,True,False,0.0005,enriched,8.8,NETWORK,False,False,2025,66,v2023.03.01,False,False,False
CVE-2025-21294,2025-01-14,Mastodon,1,1,2025-01-14,True,False,0.00091,enriched,8.1,NETWORK,False,False,2025,0,v2023.03.01,False,False,False
CVE-2025-21334,2025-01-14,BleepingComputer,2,1,2025-01-14,False,True,0.00144,enriched,7.8,LOCAL,True,False,2025,0,v2023.03.01,False,False,False
CVE-2025-21333,2025-01-14,BleepingComputer,4,3,2025-03-13,True,True,0.00144,enriched,7.8,LOCAL,True,False,2025,58,v2023.03.01,False,False,False
CVE-2025-21311,2025-01-14,Mastodon,2,1,2025-01-15,True,False,0.00091,enriched,9.8,NETWORK,True,False,2025,1,v2023.03.01,False,False,False
CVE-2025-21309,2025-01-14,Mastodon,2,1,2025-01-15,True,False,0.00091,enriched,8.1,NETWORK,True,False,2025,1,v2023.03.01,False,False,False
CVE-2024-55924,2025-01-14,Mastodon,2,1,2025-01-15,True,False,0.00043,enriched,8.0,NETWORK,True,False,2024,1,v2023.03.01,False,False,False
CVE-2025-21308,2025-01-14,BleepingComputer,4,1,2025-03-25,False,True,0.00087,enriched,6.5,NETWORK,True,False,2025,70,v2023.03.01,False,False,False
CVE-2025-21295,2025-01-14,Mastodon,1,1,2025-01-14,True,False,0.00091,enriched,8.1,NETWORK,True,False,2025,0,v2023.03.01,False,False,False
CVE-2025-21306,2025-01-14,Mastodon,1,1,2025-01-14,True,False,0.00091,enriched,8.8,NETWORK,True,False,2025,0,v2023.03.01,False,False,False
CVE-2025-21305,2025-01-14,Mastodon,1,1,2025-01-14,True,False,0.00091,enriched,8.8,NETWORK,True,False,2025,0,v2023.03.01,False,False,False
CVE-2025-0061,2025-01-14,Mastodon,1,1,2025-01-14,True,False,0.00043,original,8.7,NETWORK,True,False,2025,0,v2023.03.01,False,False,False
CVE-2024-49375,2025-01-14,Mastodon,2,1,2025-01-15,True,False,0.00043,enriched,9.0,NETWORK,True,False,2024,1,v2023.03.01,False,False,False
CVE-2024-12365,2025-01-14,Mastodon,3,2,2025-01-16,True,False,0.0013,enriched,8.5,NETWORK,True,False,2024,2,v2023.03.01,False,False,False
CVE-2024-10811,2025-01-14,Mastodon,1,1,2025-01-14,True,False,0.00043,enriched,9.8,NETWORK,True,False,2024,0,v2023.03.01,False,False,False
CVE-2025-21307,2025-01-14,Mastodon,1,1,2025-01-14,True,False,0.00091,enriched,9.8,NETWORK,True,False,2025,0,v2023.03.01,False,False,False
CVE-2025-21275,2025-01-14,BleepingComputer,2,1,2025-01-14,False,True,0.00043,enriched,7.8,LOCAL,True,False,2025,0,v2023.03.01,False,False,False
CVE-2025-21354,2025-01-15,Mastodon,2,1,2025-01-15,True,False,0.00053,original,8.4,LOCAL,True,False,2025,0,v2023.03.01,False,False,False
CVE-2024-55577,2025-01-15,Mastodon,1,1,2025-01-15,True,False,0.00043,enriched,7.0,LOCAL,False,False,2024,0,v2023.03.01,False,False,False
CVE-2025-0434,2025-01-15,Mastodon,1,1,2025-01-15,True,False,0.00043,enriched,8.8,NETWORK,True,False,2025,0,v2023.03.01,False,False,False
CVE-2025-0436,2025-01-15,Mastodon,1,1,2025-01-15,True,False,0.00043,enriched,8.8,NETWORK,True,False,2025,0,v2023.03.01,False,False,False
CVE-2025-0438,2025-01-15,Mastodon,1,1,2025-01-15,True,False,0.00043,enriched,8.8,NETWORK,True,False,2025,0,v2023.03.01,False,False,False
CVE-2025-0447,2025-01-15,Mastodon,1,1,2025-01-15,True,False,0.00043,enriched,8.8,NETWORK,True,False,2025,0,v2023.03.01,False,False,False
CVE-2024-5198,2025-01-15,Mastodon,1,1,2025-01-15,True,False,0.00043,enriched,3.3,LOCAL,False,False,2024,0,v2023.03.01,False,False,False
CVE-2025-23061,2025-01-15,Mastodon,2,1,2025-01-15,True,False,0.00045,original,9.0,NETWORK,True,True,2025,0,v2023.03.01,False,False,False
CVE-2024-50858,2025-01-15,Mastodon,3,2,2025-04-14,True,False,0.00045,original,8.8,NETWORK,True,False,2024,89,v2023.03.01,False,False,False
CVE-2024-45061,2025-01-15,Mastodon,1,1,2025-01-15,True,False,0.00043,enriched,8.7,NETWORK,True,False,2024,0,v2023.03.01,False,False,False
CVE-2024-12084,2025-01-15,Mastodon,6,2,2025-01-23,True,False,0.00063,enriched,9.8,NETWORK,True,False,2024,8,v2023.03.01,False,False,False
CVE-2024-13394,2025-01-15,Mastodon,1,1,2025-01-15,True,False,0.00053,enriched,6.4,NETWORK,False,False,2024,0,v2023.03.01,False,False,False
CVE-2018-13379,2025-01-15,BleepingComputer,6,3,2025-05-13,True,False,0.96926,original,9.1,NETWORK,True,False,2018,118,v2023.03.01,False,False,False
CVE-2025-0443,2025-01-15,Mastodon,1,1,2025-01-15,True,False,0.00043,enriched,8.8,NETWORK,True,False,2025,0,v2023.03.01,False,False,False
CVE-2025-0147,2025-01-15,Mastodon,2,1,2025-01-30,True,False,0.00043,enriched,8.8,NETWORK,False,False,2025,15,v2023.03.01,False,False,False
CVE-2025-22782,2025-01-15,Mastodon,1,1,2025-01-15,True,False,0.00043,enriched,9.9,NETWORK,True,False,2025,0,v2023.03.01,False,False,False
CVE-2024-11848,2025-01-15,Mastodon,2,1,2025-01-15,True,False,0.00046,enriched,8.1,NETWORK,True,False,2024,0,v2023.03.01,False,False,False
CVE-2024-47140,2025-01-15,Mastodon,1,1,2025-01-15,True,False,0.00043,enriched,8.7,NETWORK,True,False,2024,0,v2023.03.01,False,False,False
CVE-2025-22736,2025-01-15,Mastodon,1,1,2025-01-15,True,False,0.00043,enriched,8.8,NETWORK,True,False,2025,0,v2023.03.01,False,False,False
CVE-2025-22784,2025-01-15,Mastodon,1,1,2025-01-15,True,False,0.00043,enriched,8.6,NETWORK,True,False,2025,0,v2023.03.01,False,False,False
CVE-2025-22785,2025-01-15,Mastodon,1,1,2025-01-15,True,False,0.00043,enriched,9.3,NETWORK,True,False,2025,0,v2023.03.01,False,False,False
CVE-2025-22799,2025-01-15,Mastodon,1,1,2025-01-15,True,False,0.00043,enriched,8.5,NETWORK,True,False,2025,0,v2023.03.01,False,False,False
CVE-2025-22146,2025-01-15,Mastodon,1,1,2025-01-15,True,False,0.00043,enriched,9.1,NETWORK,True,True,2025,0,v2023.03.01,False,False,False
CVE-2024-57901,2025-01-15,Mastodon,1,1,2025-01-15,True,False,0.00044,enriched,5.5,LOCAL,False,False,2024,0,v2023.03.01,False,False,False
CVE-2024-57902,2025-01-15,Mastodon,1,1,2025-01-15,True,False,0.00044,enriched,5.5,LOCAL,False,False,2024,0,v2023.03.01,False,False,False
CVE-2024-57896,2025-01-15,Mastodon,1,1,2025-01-15,True,False,0.00044,enriched,7.8,LOCAL,False,False,2024,0,v2023.03.01,False,False,False
CVE-2024-57895,2025-01-15,Mastodon,1,1,2025-01-15,True,False,0.00045,enriched,5.5,LOCAL,False,False,2024,0,v2023.03.01,False,False,False
CVE-2024-57892,2025-01-15,Mastodon,1,1,2025-01-15,True,False,0.00045,enriched,7.8,LOCAL,False,False,2024,0,v2023.03.01,False,False,False
CVE-2024-9636,2025-01-15,Mastodon,2,1,2025-01-15,True,False,0.00063,enriched,9.8,NETWORK,True,False,2024,0,v2023.03.01,False,False,False
CVE-2025-21362,2025-01-15,Mastodon,2,1,2025-01-15,True,False,0.00053,original,8.4,LOCAL,True,False,2025,0,v2023.03.01,False,False,False
CVE-2024-38058,2025-01-15,BleepingComputer,2,1,2025-01-15,True,False,0.00048,original,6.8,PHYSICAL,True,False,2024,0,v2023.03.01,False,False,False
CVE-2024-57900,2025-01-15,Mastodon,1,1,2025-01-15,True,False,0.00044,enriched,7.8,LOCAL,False,False,2024,0,v2023.03.01,False,False,False
CVE-2024-47002,2025-01-15,Mastodon,1,1,2025-01-15,True,False,0.00043,enriched,8.7,NETWORK,True,False,2024,0,v2023.03.01,False,False,False
CVE-2024-57013,2025-01-16,Mastodon,1,1,2025-01-16,True,False,0.00043,original,8.8,NETWORK,True,True,2024,0,v2023.03.01,False,False,False
CVE-2024-57014,2025-01-16,Mastodon,1,1,2025-01-16,True,False,0.00043,original,8.8,NETWORK,True,True,2024,0,v2023.03.01,False,False,False
CVE-2025-23913,2025-01-16,Mastodon,1,1,2025-01-16,True,False,0.00043,enriched,8.5,NETWORK,True,False,2025,0,v2023.03.01,False,False,False
CVE-2024-40771,2025-01-16,Mastodon,1,1,2025-01-16,True,False,0.00044,original,7.8,LOCAL,True,False,2024,0,v2023.03.01,False,False,False
CVE-2025-23922,2025-01-16,Mastodon,1,1,2025-01-16,True,False,0.00043,enriched,10.0,NETWORK,True,False,2025,0,v2023.03.01,False,False,False
CVE-2024-57021,2025-01-16,Mastodon,1,1,2025-01-16,True,False,0.00043,original,8.8,NETWORK,True,True,2024,0,v2023.03.01,False,False,False
CVE-2024-57015,2025-01-16,Mastodon,1,1,2025-01-16,True,False,0.00043,original,8.8,NETWORK,True,True,2024,0,v2023.03.01,False,False,False
CVE-2024-57022,2025-01-16,Mastodon,1,1,2025-01-16,True,False,0.00043,original,8.8,NETWORK,True,True,2024,0,v2023.03.01,False,False,False
CVE-2024-57011,2025-01-16,Mastodon,1,1,2025-01-16,True,False,0.00043,original,8.8,NETWORK,True,True,2024,0,v2023.03.01,False,False,False
CVE-2024-57016,2025-01-16,Mastodon,1,1,2025-01-16,True,False,0.00043,original,8.8,NETWORK,True,True,2024,0,v2023.03.01,False,False,False
CVE-2024-57017,2025-01-16,Mastodon,1,1,2025-01-16,True,False,0.00043,original,8.8,NETWORK,True,True,2024,0,v2023.03.01,False,False,False
CVE-2024-57018,2025-01-16,Mastodon,1,1,2025-01-16,True,False,0.00043,original,8.8,NETWORK,True,True,2024,0,v2023.03.01,False,False,False
CVE-2024-57019,2025-01-16,Mastodon,1,1,2025-01-16,True,False,0.00043,original,8.8,NETWORK,True,True,2024,0,v2023.03.01,False,False,False
CVE-2024-57012,2025-01-16,Mastodon,1,1,2025-01-16,True,False,0.00043,original,8.8,NETWORK,True,True,2024,0,v2023.03.01,False,False,False
CVE-2024-57020,2025-01-16,Mastodon,1,1,2025-01-16,True,False,0.00043,original,8.8,NETWORK,True,True,2024,0,v2023.03.01,False,False,False
CVE-2022-29154,2025-01-16,Reddit,1,1,2025-01-16,True,False,0.00069,original,7.4,NETWORK,True,False,2022,0,v2023.03.01,False,False,False
CVE-2025-23912,2025-01-16,Mastodon,1,1,2025-01-16,True,False,0.00043,enriched,8.5,NETWORK,True,False,2025,0,v2023.03.01,False,False,False
CVE-2024-57726,2025-01-16,Mastodon,6,2,2025-05-27,True,False,0.00043,original,9.9,NETWORK,True,False,2024,131,v2023.03.01,False,False,False
CVE-2025-0471,2025-01-16,Mastodon,2,1,2025-01-17,True,False,0.00043,enriched,9.9,NETWORK,True,False,2025,1,v2023.03.01,False,False,False
CVE-2025-22907,2025-01-16,Mastodon,2,1,2025-01-17,True,False,0.00045,original,9.8,NETWORK,True,False,2025,1,v2023.03.01,False,False,False
CVE-2025-0457,2025-01-16,Mastodon,1,1,2025-01-16,True,False,0.00052,original,8.8,NETWORK,True,False,2025,0,v2023.03.01,False,False,False
CVE-2025-22916,2025-01-16,Mastodon,2,1,2025-01-17,True,False,0.00045,original,9.8,NETWORK,True,False,2025,1,v2023.03.01,False,False,False
CVE-2025-23911,2025-01-16,Mastodon,1,1,2025-01-16,True,False,0.00043,enriched,8.5,NETWORK,True,False,2025,0,v2023.03.01,False,False,False
CVE-2025-22906,2025-01-16,Mastodon,1,1,2025-01-16,True,False,0.00045,original,9.8,NETWORK,True,False,2025,0,v2023.03.01,False,False,False
CVE-2025-22968,2025-01-16,Mastodon,1,1,2025-01-16,True,False,0.00045,original,9.8,NETWORK,True,False,2025,0,v2023.03.01,False,False,False
CVE-2024-57684,2025-01-16,Mastodon,1,1,2025-01-16,True,False,0.00043,enriched,9.8,NETWORK,True,True,2024,0,v2023.03.01,False,False,False
CVE-2025-22905,2025-01-16,Mastodon,1,1,2025-01-16,True,False,0.00045,original,9.8,NETWORK,True,False,2025,0,v2023.03.01,False,False,False
CVE-2025-22913,2025-01-16,Mastodon,2,1,2025-01-17,True,False,0.00043,original,9.8,NETWORK,True,False,2025,1,v2023.03.01,False,False,False
CVE-2024-7344,2025-01-16,BleepingComputer,5,3,2025-05-07,True,False,0.00045,original,8.2,LOCAL,True,False,2024,111,v2023.03.01,False,False,False
CVE-2024-44136,2025-01-16,Mastodon,1,1,2025-01-16,True,False,0.00043,original,4.6,PHYSICAL,True,False,2024,0,v2023.03.01,False,False,False
CVE-2025-0455,2025-01-16,Mastodon,1,1,2025-01-16,True,False,0.00091,original,9.8,NETWORK,True,False,2025,0,v2023.03.01,False,False,False
CVE-2025-23528,2025-01-16,Mastodon,1,1,2025-01-16,True,False,0.00043,enriched,8.8,NETWORK,True,False,2025,0,v2023.03.01,False,False,False
CVE-2025-23530,2025-01-16,Mastodon,1,1,2025-01-16,True,False,0.00043,enriched,8.8,NETWORK,True,False,2025,0,v2023.03.01,False,False,False
CVE-2025-0456,2025-01-16,Mastodon,1,1,2025-01-16,True,False,0.00091,original,9.8,NETWORK,True,False,2025,0,v2023.03.01,False,False,False
CVE-2025-23532,2025-01-16,Mastodon,1,1,2025-01-16,True,False,0.00043,enriched,8.8,NETWORK,True,False,2025,0,v2023.03.01,False,False,False
CVE-2025-23797,2025-01-16,Mastodon,1,1,2025-01-16,True,False,0.00043,enriched,9.8,NETWORK,True,False,2025,0,v2023.03.01,False,False,False
CVE-2024-55954,2025-01-16,Mastodon,1,1,2025-01-16,True,False,0.00043,enriched,8.7,NETWORK,True,True,2024,0,v2023.03.01,False,False,False
CVE-2025-22912,2025-01-16,Mastodon,2,1,2025-01-17,True,False,0.00045,original,9.8,NETWORK,True,False,2025,1,v2023.03.01,False,False,False
CVE-2024-12757,2025-01-17,Mastodon,1,1,2025-01-17,True,False,0.00043,enriched,8.6,NETWORK,True,False,2024,0,v2023.03.01,False,False,False
CVE-2024-57768,2025-01-17,Mastodon,1,1,2025-01-17,True,False,0.00043,original,9.8,NETWORK,True,False,2024,0,v2023.03.01,False,False,False
CVE-2024-10497,2025-01-17,Mastodon,1,1,2025-01-17,True,False,0.00043,enriched,8.8,NETWORK,True,False,2024,0,v2023.03.01,False,False,False
CVE-2024-57030,2025-01-17,Mastodon,1,1,2025-01-17,True,False,0.00043,enriched,8.1,NETWORK,True,False,2024,0,v2023.03.01,False,False,False
CVE-2024-12142,2025-01-17,Mastodon,1,1,2025-01-17,True,False,0.00043,enriched,8.6,NETWORK,True,False,2024,0,v2023.03.01,False,False,False
CVE-2024-57582,2025-01-17,Mastodon,1,1,2025-01-17,True,False,0.00043,original,9.8,NETWORK,True,False,2024,0,v2023.03.01,False,False,False
CVE-2024-57581,2025-01-17,Mastodon,1,1,2025-01-17,True,False,0.00043,original,9.8,NETWORK,True,False,2024,0,v2023.03.01,False,False,False
CVE-2024-57580,2025-01-17,Mastodon,1,1,2025-01-17,True,False,0.00043,original,9.8,NETWORK,True,False,2024,0,v2023.03.01,False,False,False
CVE-2024-57579,2025-01-17,Mastodon,1,1,2025-01-17,True,False,0.00043,original,9.8,NETWORK,True,False,2024,0,v2023.03.01,False,False,False
CVE-2024-47113,2025-01-18,Mastodon,1,1,2025-01-18,True,False,0.0005,enriched,8.1,NETWORK,True,False,2024,0,v2023.03.01,False,False,False
CVE-2023-50739,2025-01-18,Mastodon,1,1,2025-01-18,True,False,0.00065,original,8.8,ADJACENT_NETWORK,True,False,2023,0,v2023.03.01,False,False,False
CVE-2025-23209,2025-01-18,Mastodon,3,2,2025-02-21,True,False,0.00045,original,8.0,NETWORK,True,True,2025,34,v2023.03.01,False,False,False
CVE-2024-13375,2025-01-18,Mastodon,1,1,2025-01-18,True,False,0.00091,enriched,9.8,NETWORK,True,False,2024,0,v2023.03.01,False,False,False
CVE-2024-41783,2025-01-19,Mastodon,2,1,2025-01-19,True,False,0.0005,enriched,9.1,NETWORK,True,False,2024,0,v2023.03.01,False,False,False
CVE-2024-38337,2025-01-19,Mastodon,2,1,2025-01-19,True,False,0.00091,enriched,9.1,NETWORK,True,False,2024,0,v2023.03.01,False,False,False
CVE-2025-0566,2025-01-19,Mastodon,2,1,2025-01-19,True,False,0.00114,enriched,8.8,NETWORK,True,False,2025,0,v2023.03.01,False,False,False
CVE-2025-0590,2025-01-20,Mastodon,1,1,2025-01-20,True,False,0.00043,enriched,7.5,NETWORK,False,False,2025,0,v2023.03.01,False,False,False
CVE-2025-24337,2025-01-20,Mastodon,1,1,2025-01-20,True,False,0.00045,enriched,8.4,LOCAL,True,False,2025,0,v2023.03.01,False,False,False
CVE-2025-0585,2025-01-20,Mastodon,2,1,2025-01-20,True,False,0.00091,original,9.8,NETWORK,True,False,2025,0,v2023.03.01,False,False,False
CVE-2025-0586,2025-01-20,Mastodon,1,1,2025-01-20,True,False,0.0005,original,7.2,NETWORK,False,False,2025,0,v2023.03.01,False,False,False
CVE-2024-51818,2025-01-21,Mastodon,1,1,2025-01-21,True,False,0.00043,enriched,9.3,NETWORK,True,False,2024,0,v2023.03.01,False,False,False
CVE-2024-49303,2025-01-21,Mastodon,1,1,2025-01-21,True,False,0.00043,enriched,8.5,NETWORK,True,False,2024,0,v2023.03.01,False,False,False
CVE-2024-49333,2025-01-21,Mastodon,1,1,2025-01-21,True,False,0.00043,enriched,8.5,NETWORK,True,False,2024,0,v2023.03.01,False,False,False
CVE-2024-51888,2025-01-21,Mastodon,1,1,2025-01-21,True,False,0.00043,enriched,9.8,NETWORK,True,False,2024,0,v2023.03.01,False,False,False
CVE-2024-49699,2025-01-21,Mastodon,1,1,2025-01-21,True,False,0.00043,enriched,8.8,NETWORK,True,False,2024,0,v2023.03.01,False,False,False
CVE-2024-51919,2025-01-21,Mastodon,1,1,2025-01-21,True,False,0.00043,enriched,9.0,NETWORK,True,False,2024,0,v2023.03.01,False,False,False
CVE-2024-43468,2025-01-21,Reddit,1,1,2025-01-21,True,False,0.00052,original,9.8,NETWORK,True,False,2024,0,v2023.03.01,False,False,False
CVE-2024-49688,2025-01-21,Mastodon,1,1,2025-01-21,True,False,0.00043,enriched,9.8,NETWORK,True,False,2024,0,v2023.03.01,False,False,False
CVE-2024-54794,2025-01-21,Mastodon,1,1,2025-01-21,True,False,0.00043,enriched,9.1,NETWORK,True,False,2024,0,v2023.03.01,False,False,False
CVE-2024-53829,2025-01-21,Mastodon,1,1,2025-01-21,True,False,0.00043,enriched,8.2,NETWORK,True,False,2024,0,v2023.03.01,False,False,False
CVE-2024-49666,2025-01-21,Mastodon,1,1,2025-01-21,True,False,0.00043,enriched,8.5,NETWORK,True,False,2024,0,v2023.03.01,False,False,False
CVE-2023-50733,2025-01-21,Mastodon,1,1,2025-01-21,True,False,0.00043,enriched,8.6,NETWORK,True,False,2023,0,v2023.03.01,False,False,False
CVE-2025-0411,2025-01-21,BleepingComputer,6,2,2025-02-04,True,True,0.00043,enriched,7.0,LOCAL,True,False,2025,14,v2023.03.01,False,False,False
CVE-2025-22723,2025-01-21,Mastodon,1,1,2025-01-21,True,False,0.00043,enriched,9.1,NETWORK,True,False,2025,0,v2023.03.01,False,False,False
CVE-2025-24024,2025-01-21,Mastodon,1,1,2025-01-21,True,False,0.00045,enriched,9.1,NETWORK,True,True,2025,0,v2023.03.01,False,False,False
CVE-2025-22716,2025-01-21,Mastodon,1,1,2025-01-21,True,False,0.00043,enriched,8.5,NETWORK,True,False,2025,0,v2023.03.01,False,False,False
CVE-2025-23220,2025-01-21,Mastodon,1,1,2025-01-21,True,False,0.00043,original,9.8,NETWORK,True,True,2025,0,v2023.03.01,False,False,False
CVE-2024-32555,2025-01-21,Mastodon,3,2,2025-01-22,True,False,0.00043,enriched,9.8,NETWORK,True,False,2024,1,v2023.03.01,False,False,False
CVE-2024-49655,2025-01-21,Mastodon,1,1,2025-01-21,True,False,0.00043,enriched,9.3,NETWORK,True,False,2024,0,v2023.03.01,False,False,False
CVE-2013-4786,2025-01-21,Mastodon,1,1,2025-01-21,True,False,0.36512,original,7.5,NETWORK,True,False,2013,0,v2023.03.01,False,False,False
CVE-2025-22553,2025-01-21,Mastodon,1,1,2025-01-21,True,False,0.00043,enriched,9.3,NETWORK,True,False,2025,0,v2023.03.01,False,False,False
CVE-2024-21412,2025-01-21,BleepingComputer,6,2,2025-04-28,False,True,0.02838,original,8.1,NETWORK,True,False,2024,97,v2023.03.01,False,False,False
CVE-2025-23477,2025-01-21,Mastodon,1,1,2025-01-21,True,False,0.00043,enriched,8.2,NETWORK,True,False,2025,0,v2023.03.01,False,False,False
CVE-2025-21564,2025-01-21,Mastodon,1,1,2025-01-21,True,False,0.00048,enriched,8.1,NETWORK,True,False,2025,0,v2023.03.01,False,False,False
CVE-2025-23219,2025-01-21,Mastodon,1,1,2025-01-21,True,False,0.00043,original,9.8,NETWORK,True,True,2025,0,v2023.03.01,False,False,False
CVE-2025-21556,2025-01-21,Mastodon,1,1,2025-01-21,True,False,0.0005,enriched,9.9,NETWORK,True,False,2025,0,v2023.03.01,False,False,False
CVE-2024-10936,2025-01-21,Mastodon,1,1,2025-01-21,True,False,0.00063,enriched,8.8,NETWORK,True,False,2024,0,v2023.03.01,False,False,False
CVE-2025-21547,2025-01-21,Mastodon,1,1,2025-01-21,True,False,0.00087,enriched,9.1,NETWORK,True,False,2025,0,v2023.03.01,False,False,False
CVE-2025-21535,2025-01-21,Mastodon,1,1,2025-01-21,True,False,0.00091,enriched,9.8,NETWORK,True,False,2025,0,v2023.03.01,False,False,False
CVE-2025-21524,2025-01-21,Mastodon,1,1,2025-01-21,True,False,0.00091,enriched,9.8,NETWORK,True,False,2025,0,v2023.03.01,False,False,False
CVE-2025-21516,2025-01-21,Mastodon,1,1,2025-01-21,True,False,0.0005,enriched,8.1,NETWORK,True,False,2025,0,v2023.03.01,False,False,False
CVE-2025-21515,2025-01-21,Mastodon,1,1,2025-01-21,True,False,0.0005,enriched,8.8,NETWORK,True,False,2025,0,v2023.03.01,False,False,False
CVE-2025-21506,2025-01-21,Mastodon,1,1,2025-01-21,True,False,0.0005,enriched,8.1,NETWORK,True,False,2025,0,v2023.03.01,False,False,False
CVE-2024-38213,2025-01-21,BleepingComputer,2,1,2025-01-21,False,True,0.00311,original,6.5,NETWORK,True,False,2024,0,v2023.03.01,False,False,False
CVE-2025-23218,2025-01-21,Mastodon,1,1,2025-01-21,True,False,0.00043,original,9.8,NETWORK,True,True,2025,0,v2023.03.01,False,False,False
CVE-2025-23910,2025-01-22,Mastodon,2,1,2025-01-22,True,False,0.00043,enriched,8.5,NETWORK,True,False,2025,0,v2023.03.01,False,False,False
CVE-2025-20156,2025-01-22,Mastodon,3,2,2025-01-22,True,False,0.00056,enriched,9.9,NETWORK,True,False,2025,0,v2023.03.01,False,False,False
CVE-2024-43770,2025-01-22,Mastodon,1,1,2025-01-22,True,False,0.00043,original,8.8,ADJACENT_NETWORK,True,False,2024,0,v2023.03.01,False,False,False
CVE-2025-23914,2025-01-22,Mastodon,2,1,2025-01-22,True,False,0.00043,enriched,9.8,NETWORK,True,False,2025,0,v2023.03.01,False,False,False
CVE-2025-23809,2025-01-22,Mastodon,1,1,2025-01-22,True,False,0.00043,enriched,7.1,NETWORK,False,False,2025,0,v2023.03.01,False,False,False
CVE-2024-43771,2025-01-22,Mastodon,1,1,2025-01-22,True,False,0.00043,original,8.8,ADJACENT_NETWORK,True,False,2024,0,v2023.03.01,False,False,False
CVE-2025-0638,2025-01-22,Mastodon,1,1,2025-01-22,True,False,0.00043,enriched,7.5,NETWORK,False,False,2025,0,v2023.03.01,False,False,False
CVE-2025-23918,2025-01-22,Mastodon,2,1,2025-01-22,True,False,0.00043,enriched,9.9,NETWORK,True,False,2025,0,v2023.03.01,False,False,False
CVE-2024-20481,2025-01-22,BleepingComputer,2,1,2025-01-22,False,True,0.00181,original,5.8,NETWORK,True,False,2024,0,v2023.03.01,False,False,False
CVE-2024-10929,2025-01-22,Mastodon,1,1,2025-01-22,True,False,0.00043,enriched,5.1,LOCAL,False,False,2024,0,v2023.03.01,False,False,False
CVE-2024-31903,2025-01-22,Mastodon,2,1,2025-01-22,True,False,0.00053,enriched,8.8,ADJACENT_NETWORK,True,False,2024,0,v2023.03.01,False,False,False
CVE-2024-55488,2025-01-22,Mastodon,1,1,2025-01-22,True,False,0.00043,enriched,6.5,NETWORK,False,False,2024,0,v2023.03.01,False,False,False
CVE-2024-24429,2025-01-22,Mastodon,1,1,2025-01-22,True,False,0.00043,enriched,8.6,NETWORK,False,False,2024,0,v2023.03.01,False,False,False
CVE-2024-11218,2025-01-22,Mastodon,2,1,2025-01-22,True,False,0.00053,original,8.6,LOCAL,True,True,2024,0,v2023.03.01,False,False,False
CVE-2025-21173,2025-01-22,Mastodon,1,1,2025-01-22,True,False,0.00043,original,7.3,LOCAL,False,False,2025,0,v2023.03.01,False,False,False
CVE-2025-20165,2025-01-22,BleepingComputer,2,1,2025-01-22,False,True,0.00051,enriched,7.5,NETWORK,True,False,2025,0,v2023.03.01,False,False,False
CVE-2025-23196,2025-01-22,Mastodon,1,1,2025-01-22,True,False,0.00043,original,8.8,NETWORK,True,False,2025,0,v2023.03.01,False,False,False
CVE-2025-23921,2025-01-22,Mastodon,2,1,2025-01-22,True,False,0.00043,enriched,9.0,NETWORK,True,False,2025,0,v2023.03.01,False,False,False
CVE-2025-20128,2025-01-22,BleepingComputer,2,1,2025-01-22,False,True,0.00046,enriched,5.3,NETWORK,True,False,2025,0,v2023.03.01,False,False,False
CVE-2025-23953,2025-01-22,Mastodon,2,1,2025-01-22,True,False,0.00043,enriched,10.0,NETWORK,True,False,2025,0,v2023.03.01,False,False,False
CVE-2025-23931,2025-01-22,Mastodon,2,1,2025-01-22,True,False,0.00043,enriched,9.3,NETWORK,True,False,2025,0,v2023.03.01,False,False,False
CVE-2024-51941,2025-01-22,Mastodon,1,1,2025-01-22,True,False,0.00043,original,8.8,NETWORK,True,False,2024,0,v2023.03.01,False,False,False
CVE-2024-12857,2025-01-22,Mastodon,2,1,2025-01-22,True,False,0.00091,enriched,9.8,NETWORK,True,False,2024,0,v2023.03.01,False,False,False
CVE-2025-24027,2025-01-22,Mastodon,1,1,2025-01-22,True,False,0.00043,enriched,6.2,NETWORK,True,True,2025,0,v2023.03.01,False,False,False
CVE-2025-23992,2025-01-22,Mastodon,1,1,2025-01-22,True,False,0.00043,enriched,5.9,NETWORK,False,False,2025,0,v2023.03.01,False,False,False
CVE-2024-43096,2025-01-22,Mastodon,1,1,2025-01-22,True,False,0.00043,original,8.8,ADJACENT_NETWORK,True,False,2024,0,v2023.03.01,False,False,False
CVE-2025-23966,2025-01-22,Mastodon,1,1,2025-01-22,True,False,0.00043,enriched,7.1,NETWORK,False,False,2025,0,v2023.03.01,False,False,False
CVE-2025-23959,2025-01-22,Mastodon,1,1,2025-01-22,True,False,0.00043,enriched,7.1,NETWORK,False,False,2025,0,v2023.03.01,False,False,False
CVE-2023-37777,2025-01-22,Mastodon,1,1,2025-01-22,True,False,0.00043,enriched,9.8,NETWORK,False,False,2023,0,v2023.03.01,False,False,False
CVE-2025-23949,2025-01-22,Mastodon,2,1,2025-01-22,True,False,0.00043,enriched,8.1,NETWORK,True,False,2025,0,v2023.03.01,False,False,False
CVE-2024-49749,2025-01-22,Mastodon,1,1,2025-01-22,True,False,0.00043,original,8.8,NETWORK,True,False,2024,0,v2023.03.01,False,False,False
CVE-2024-13091,2025-01-22,Mastodon,1,1,2025-01-22,True,False,0.00091,original,9.8,NETWORK,True,False,2024,0,v2023.03.01,False,False,False
CVE-2024-49747,2025-01-22,Mastodon,1,1,2025-01-22,True,False,0.00043,original,9.8,NETWORK,True,False,2024,0,v2023.03.01,False,False,False
CVE-2025-23948,2025-01-22,Mastodon,2,1,2025-01-22,True,False,0.00043,enriched,8.1,NETWORK,True,False,2025,0,v2023.03.01,False,False,False
CVE-2025-23944,2025-01-22,Mastodon,2,1,2025-01-22,True,False,0.00043,enriched,8.8,NETWORK,True,False,2025,0,v2023.03.01,False,False,False
CVE-2025-23942,2025-01-22,Mastodon,2,1,2025-01-22,True,False,0.00043,enriched,9.1,NETWORK,True,False,2025,0,v2023.03.01,False,False,False
CVE-2024-42012,2025-01-22,Mastodon,1,1,2025-01-22,True,False,0.00043,enriched,5.7,LOCAL,False,False,2024,0,v2023.03.01,False,False,False
CVE-2024-42013,2025-01-22,Mastodon,1,1,2025-01-22,True,False,0.00043,enriched,6.4,LOCAL,False,False,2024,0,v2023.03.01,False,False,False
CVE-2025-23932,2025-01-22,Mastodon,2,1,2025-01-22,True,False,0.00043,enriched,9.8,NETWORK,True,False,2025,0,v2023.03.01,False,False,False
CVE-2024-49748,2025-01-22,Mastodon,1,1,2025-01-22,True,False,0.00043,original,9.8,NETWORK,True,False,2024,0,v2023.03.01,False,False,False
CVE-2024-12088,2025-01-23,BleepingComputer,2,1,2025-01-23,False,True,0.00045,original,6.5,NETWORK,True,False,2024,0,v2023.03.01,False,False,False
CVE-2023-2868,2025-01-23,BleepingComputer,2,1,2025-01-23,True,False,0.07893,original,9.4,NETWORK,True,False,2023,0,v2023.03.01,False,False,False
CVE-2024-12747,2025-01-23,BleepingComputer,2,1,2025-01-23,False,True,0.00045,original,5.6,LOCAL,True,False,2024,0,v2023.03.01,False,False,False
CVE-2024-12087,2025-01-23,BleepingComputer,2,1,2025-01-23,False,True,0.00045,original,6.5,NETWORK,True,False,2024,0,v2023.03.01,False,False,False
CVE-2025-24399,2025-01-23,Mastodon,1,1,2025-01-23,True,False,0.00043,original,8.8,NETWORK,True,False,2025,0,v2023.03.01,False,False,False
CVE-2025-24398,2025-01-23,Mastodon,1,1,2025-01-23,True,False,0.00043,original,8.8,NETWORK,True,False,2025,0,v2023.03.01,False,False,False
CVE-2024-55573,2025-01-23,Mastodon,1,1,2025-01-23,True,False,0.00043,enriched,9.1,NETWORK,True,False,2024,0,v2023.03.01,False,False,False
CVE-2024-52975,2025-01-23,Mastodon,1,1,2025-01-23,True,False,0.00043,enriched,9.0,ADJACENT_NETWORK,True,False,2024,0,v2023.03.01,False,False,False
CVE-2024-52325,2025-01-23,Mastodon,1,1,2025-01-23,True,False,0.00045,enriched,9.6,ADJACENT_NETWORK,True,False,2024,0,v2023.03.01,False,False,False
CVE-2025-0650,2025-01-23,Mastodon,1,1,2025-01-23,True,False,0.00045,enriched,8.1,NETWORK,True,False,2025,0,v2023.03.01,False,False,False
CVE-2024-9380,2025-01-23,BleepingComputer,2,1,2025-01-23,False,True,0.04272,original,7.2,NETWORK,True,False,2024,0,v2023.03.01,False,False,False
CVE-2024-9379,2025-01-23,BleepingComputer,2,1,2025-01-23,False,True,0.00606,original,6.5,NETWORK,True,False,2024,0,v2023.03.01,False,False,False
CVE-2024-8963,2025-01-23,BleepingComputer,2,1,2025-01-23,False,True,0.96799,original,9.4,NETWORK,True,False,2024,0,v2023.03.01,False,False,False
CVE-2024-8190,2025-01-23,BleepingComputer,2,1,2025-01-23,False,True,0.11331,original,7.2,NETWORK,True,False,2024,0,v2023.03.01,False,False,False
CVE-2024-53923,2025-01-23,Mastodon,1,1,2025-01-23,True,False,0.00043,enriched,9.1,NETWORK,True,False,2024,0,v2023.03.01,False,False,False
CVE-2024-12085,2025-01-23,BleepingComputer,2,1,2025-01-23,False,True,0.00045,original,7.5,NETWORK,True,False,2024,0,v2023.03.01,False,False,False
CVE-2024-12086,2025-01-23,BleepingComputer,2,1,2025-01-23,False,True,0.00045,original,6.1,NETWORK,True,False,2024,0,v2023.03.01,False,False,False
CVE-2025-23006,2025-01-23,Mastodon,7,3,2025-04-28,True,False,0.00043,enriched,9.8,NETWORK,True,False,2025,95,v2023.03.01,False,False,False
CVE-2025-0637,2025-01-23,Mastodon,1,1,2025-01-23,True,False,0.00043,enriched,9.8,NETWORK,True,False,2025,0,v2023.03.01,False,False,False
CVE-2025-23011,2025-01-23,Mastodon,1,1,2025-01-23,True,False,0.00045,enriched,8.8,NETWORK,True,False,2025,0,v2023.03.01,False,False,False
CVE-2025-24650,2025-01-24,Mastodon,2,1,2025-01-25,True,False,0.00043,enriched,9.1,NETWORK,True,False,2025,1,v2023.03.01,False,False,False
CVE-2019-15690,2025-01-24,Mastodon,2,1,2025-01-25,True,False,0.00043,enriched,8.8,NETWORK,True,False,2019,1,v2023.03.01,False,False,False
CVE-2025-24669,2025-01-24,Mastodon,2,1,2025-01-25,True,False,0.00043,enriched,8.5,NETWORK,True,False,2025,1,v2023.03.01,False,False,False
CVE-2025-22609,2025-01-24,Mastodon,2,1,2025-01-25,True,False,0.00043,enriched,10.0,NETWORK,True,False,2025,1,v2023.03.01,False,False,False
CVE-2025-24728,2025-01-24,Mastodon,2,1,2025-01-25,True,False,0.00043,enriched,8.5,NETWORK,True,False,2025,1,v2023.03.01,False,False,False
CVE-2024-52807,2025-01-24,Mastodon,2,1,2025-01-25,True,False,0.00043,enriched,8.6,NETWORK,True,True,2024,1,v2023.03.01,False,False,False
CVE-2025-23222,2025-01-24,Mastodon,2,1,2025-01-25,True,False,0.00045,enriched,8.4,LOCAL,True,False,2025,1,v2023.03.01,False,False,False
CVE-2025-22612,2025-01-24,Mastodon,2,1,2025-01-25,True,False,0.00043,enriched,10.0,NETWORK,True,False,2025,1,v2023.03.01,False,False,False
CVE-2024-25034,2025-01-24,Mastodon,2,1,2025-01-25,True,False,0.0005,enriched,8.0,NETWORK,True,False,2024,1,v2023.03.01,False,False,False
CVE-2025-24359,2025-01-24,Mastodon,2,1,2025-01-25,True,False,0.00045,enriched,8.4,LOCAL,True,True,2025,1,v2023.03.01,False,False,False
CVE-2025-22611,2025-01-24,Mastodon,2,1,2025-01-25,True,False,0.00043,enriched,9.9,NETWORK,True,False,2025,1,v2023.03.01,False,False,False
CVE-2024-13545,2025-01-24,Mastodon,1,1,2025-01-24,True,False,0.00091,enriched,9.8,NETWORK,True,False,2024,0,v2023.03.01,False,False,False
CVE-2025-24672,2025-01-24,Mastodon,2,1,2025-01-25,True,False,0.00043,enriched,8.5,NETWORK,True,False,2025,1,v2023.03.01,False,False,False
CVE-2024-56404,2025-01-24,Mastodon,2,1,2025-01-25,True,False,0.00045,enriched,9.9,NETWORK,True,False,2024,1,v2023.03.01,False,False,False
CVE-2024-9493,2025-01-24,Mastodon,1,1,2025-01-24,True,False,0.00043,enriched,8.6,LOCAL,True,False,2024,0,v2023.03.01,False,False,False
CVE-2024-40693,2025-01-24,Mastodon,2,1,2025-01-25,True,False,0.0005,enriched,8.0,NETWORK,True,False,2024,1,v2023.03.01,False,False,False
CVE-2025-0314,2025-01-24,Mastodon,1,1,2025-01-24,True,False,0.00043,original,8.7,NETWORK,True,False,2025,0,v2023.03.01,False,False,False
CVE-2024-9499,2025-01-24,Mastodon,1,1,2025-01-24,True,False,0.00043,enriched,8.6,LOCAL,True,False,2024,0,v2023.03.01,False,False,False
CVE-2024-9498,2025-01-24,Mastodon,1,1,2025-01-24,True,False,0.00043,enriched,8.6,LOCAL,True,False,2024,0,v2023.03.01,False,False,False
CVE-2024-41739,2025-01-24,Mastodon,1,1,2025-01-24,True,False,0.00091,enriched,8.8,NETWORK,True,False,2024,0,v2023.03.01,False,False,False
CVE-2024-9497,2025-01-24,Mastodon,1,1,2025-01-24,True,False,0.00043,enriched,8.6,LOCAL,True,False,2024,0,v2023.03.01,False,False,False
CVE-2024-9496,2025-01-24,Mastodon,1,1,2025-01-24,True,False,0.00043,enriched,8.6,LOCAL,True,False,2024,0,v2023.03.01,False,False,False
CVE-2024-9495,2025-01-24,Mastodon,1,1,2025-01-24,True,False,0.00043,enriched,8.6,LOCAL,True,False,2024,0,v2023.03.01,False,False,False
CVE-2024-9490,2025-01-24,Mastodon,1,1,2025-01-24,True,False,0.00043,enriched,8.6,LOCAL,True,False,2024,0,v2023.03.01,False,False,False
CVE-2024-9491,2025-01-24,Mastodon,1,1,2025-01-24,True,False,0.00043,enriched,8.6,LOCAL,True,False,2024,0,v2023.03.01,False,False,False
CVE-2024-9492,2025-01-24,Mastodon,1,1,2025-01-24,True,False,0.00043,enriched,8.6,LOCAL,True,False,2024,0,v2023.03.01,False,False,False
CVE-2024-9494,2025-01-24,Mastodon,1,1,2025-01-24,True,False,0.00043,enriched,8.6,LOCAL,True,False,2024,0,v2023.03.01,False,False,False
CVE-2025-0682,2025-01-25,Mastodon,1,1,2025-01-25,True,False,0.0005,enriched,8.8,NETWORK,True,False,2025,0,v2023.03.01,False,False,False
CVE-2025-0357,2025-01-25,Mastodon,2,1,2025-01-25,True,False,0.00091,original,9.8,NETWORK,True,False,2025,0,v2023.03.01,False,False,False
CVE-2024-13709,2025-01-25,Mastodon,1,1,2025-01-25,True,False,0.00046,original,4.3,NETWORK,False,False,2024,0,v2023.03.01,False,False,False
CVE-2024-39750,2025-01-25,Mastodon,1,1,2025-01-25,True,False,0.0005,enriched,8.8,NETWORK,True,False,2024,0,v2023.03.01,False,False,False
CVE-2024-11936,2025-01-26,Mastodon,1,1,2025-01-26,True,False,0.0005,enriched,8.8,NETWORK,True,False,2024,0,v2023.03.01,False,False,False
CVE-2024-11641,2025-01-26,Mastodon,1,1,2025-01-26,True,False,0.00058,enriched,8.8,NETWORK,True,False,2024,0,v2023.03.01,False,False,False
CVE-2022-49043,2025-01-26,Mastodon,1,1,2025-01-26,True,False,0.00043,enriched,8.1,LOCAL,True,False,2022,0,v2023.03.01,False,False,False
CVE-2024-50697,2025-01-27,Mastodon,1,1,2025-01-27,True,False,0.00043,original,8.1,NETWORK,True,False,2024,0,v2023.03.01,False,False,False
CVE-2025-24365,2025-01-27,Mastodon,2,1,2025-04-22,True,False,0.00043,enriched,8.1,NETWORK,True,False,2025,85,v2023.03.01,False,False,False
CVE-2025-24734,2025-01-27,Mastodon,1,1,2025-01-27,True,False,0.00043,enriched,8.8,NETWORK,True,False,2025,0,v2023.03.01,False,False,False
CVE-2025-24685,2025-01-27,Mastodon,1,1,2025-01-27,True,False,0.00043,enriched,8.1,NETWORK,True,False,2025,0,v2023.03.01,False,False,False
CVE-2025-24671,2025-01-27,Mastodon,1,1,2025-01-27,True,False,0.00043,enriched,9.8,NETWORK,True,False,2025,0,v2023.03.01,False,False,False
CVE-2025-24601,2025-01-27,Mastodon,1,1,2025-01-27,True,False,0.00043,enriched,9.8,NETWORK,True,False,2025,0,v2023.03.01,False,False,False
CVE-2022-4975,2025-01-27,Mastodon,1,1,2025-01-27,True,False,0.0005,enriched,8.9,NETWORK,True,False,2022,0,v2023.03.01,False,False,False
CVE-2025-24665,2025-01-27,Mastodon,1,1,2025-01-27,True,False,0.00043,enriched,9.3,NETWORK,True,False,2025,0,v2023.03.01,False,False,False
CVE-2024-48841,2025-01-27,Mastodon,5,2,2025-04-11,True,False,0.00043,enriched,10.0,NETWORK,True,False,2024,74,v2023.03.01,False,False,False
CVE-2025-24085,2025-01-27,BleepingComputer,12,3,2025-05-27,True,True,0.00045,enriched,7.8,LOCAL,True,False,2025,120,v2023.03.01,False,False,False
CVE-2024-57595,2025-01-27,Mastodon,1,1,2025-01-27,True,False,0.00043,enriched,9.8,NETWORK,True,True,2024,0,v2023.03.01,False,False,False
CVE-2025-24612,2025-01-27,Mastodon,1,1,2025-01-27,True,False,0.00043,enriched,9.3,NETWORK,True,False,2025,0,v2023.03.01,False,False,False
CVE-2025-24664,2025-01-27,Mastodon,1,1,2025-01-27,True,False,0.00043,enriched,9.3,NETWORK,True,False,2025,0,v2023.03.01,False,False,False
CVE-2025-24667,2025-01-27,Mastodon,1,1,2025-01-27,True,False,0.00043,enriched,9.3,NETWORK,True,False,2025,0,v2023.03.01,False,False,False
CVE-2024-23222,2025-01-27,BleepingComputer,6,2,2025-04-28,False,True,0.0013,original,8.8,NETWORK,True,False,2024,91,v2023.03.01,False,False,False
CVE-2025-22604,2025-01-27,Mastodon,1,1,2025-01-27,True,False,0.00043,enriched,9.1,NETWORK,True,True,2025,0,v2023.03.01,False,False,False
CVE-2025-24126,2025-01-28,Mastodon,2,2,2025-04-29,True,False,0.00045,original,7.3,ADJACENT_NETWORK,True,False,2025,91,v2023.03.01,False,False,False
CVE-2025-23213,2025-01-28,Mastodon,2,1,2025-01-29,True,False,0.00043,enriched,8.7,NETWORK,True,True,2025,1,v2023.03.01,False,False,False
CVE-2025-24130,2025-01-28,Mastodon,1,1,2025-01-28,True,False,0.00045,original,5.5,LOCAL,True,False,2025,0,v2023.03.01,False,False,False
CVE-2024-57728,2025-01-28,BleepingComputer,5,1,2025-05-27,False,True,0.0005,original,7.2,NETWORK,True,False,2024,119,v2023.03.01,False,False,False
CVE-2025-24124,2025-01-28,Mastodon,1,1,2025-01-28,True,False,0.00044,original,5.5,LOCAL,True,False,2025,0,v2023.03.01,False,False,False
CVE-2024-12648,2025-01-28,Mastodon,1,1,2025-01-28,True,False,0.00045,original,9.8,NETWORK,True,False,2024,0,v2023.03.01,False,False,False
CVE-2024-40677,2025-01-28,Mastodon,2,1,2025-01-29,True,False,0.00043,enriched,8.4,LOCAL,True,False,2024,1,v2023.03.01,False,False,False
CVE-2025-24123,2025-01-28,Mastodon,1,1,2025-01-28,True,False,0.00044,original,5.5,LOCAL,True,False,2025,0,v2023.03.01,False,False,False
CVE-2024-40672,2025-01-28,Mastodon,2,1,2025-01-29,True,False,0.00043,enriched,8.4,LOCAL,True,False,2024,1,v2023.03.01,False,False,False
CVE-2025-24118,2025-01-28,Mastodon,2,2,2025-05-25,True,False,0.00045,original,7.1,LOCAL,True,False,2025,117,v2023.03.01,False,False,False
CVE-2024-40670,2025-01-28,Mastodon,2,1,2025-01-29,True,False,0.00043,enriched,8.4,LOCAL,True,False,2024,1,v2023.03.01,False,False,False
CVE-2025-24109,2025-01-28,Mastodon,1,1,2025-01-28,True,False,0.00045,original,5.5,LOCAL,True,False,2025,0,v2023.03.01,False,False,False
CVE-2025-24106,2025-01-28,Mastodon,1,1,2025-01-28,True,False,0.00045,original,5.5,LOCAL,True,False,2025,0,v2023.03.01,False,False,False
CVE-2022-3365,2025-01-28,Mastodon,1,1,2025-01-28,True,False,0.00267,original,9.8,NETWORK,True,True,2022,0,v2023.03.01,False,False,False
CVE-2025-24102,2025-01-28,Mastodon,1,1,2025-01-28,True,False,0.00045,original,9.8,NETWORK,True,False,2025,0,v2023.03.01,False,False,False
CVE-2024-40669,2025-01-28,Mastodon,2,1,2025-01-29,True,False,0.00043,enriched,8.4,LOCAL,True,False,2024,1,v2023.03.01,False,False,False
CVE-2024-13448,2025-01-28,Mastodon,1,1,2025-01-28,True,False,0.00091,enriched,9.8,NETWORK,True,False,2024,0,v2023.03.01,False,False,False
CVE-2024-40651,2025-01-28,Mastodon,2,1,2025-01-29,True,False,0.00043,enriched,8.4,LOCAL,True,False,2024,1,v2023.03.01,False,False,False
CVE-2024-40649,2025-01-28,Mastodon,2,1,2025-01-29,True,False,0.00043,enriched,8.4,LOCAL,True,False,2024,1,v2023.03.01,False,False,False
CVE-2024-57548,2025-01-28,Mastodon,1,1,2025-01-28,True,False,0.00043,original,9.1,NETWORK,True,True,2024,0,v2023.03.01,False,False,False
CVE-2025-23211,2025-01-28,Mastodon,1,1,2025-01-28,True,False,0.00045,enriched,9.9,NETWORK,True,True,2025,0,v2023.03.01,False,False,False
CVE-2025-24135,2025-01-28,Mastodon,1,1,2025-01-28,True,False,0.00043,original,7.8,LOCAL,True,False,2025,0,v2023.03.01,False,False,False
CVE-2025-24139,2025-01-28,Mastodon,1,1,2025-01-28,True,False,0.00045,original,5.5,LOCAL,True,False,2025,0,v2023.03.01,False,False,False
CVE-2025-24146,2025-01-28,Mastodon,1,1,2025-01-28,True,False,0.00045,original,9.8,NETWORK,True,False,2025,0,v2023.03.01,False,False,False
CVE-2025-22217,2025-01-28,Mastodon,2,1,2025-01-29,True,False,0.00043,enriched,8.6,NETWORK,True,False,2025,1,v2023.03.01,False,False,False
CVE-2024-45340,2025-01-28,Mastodon,1,1,2025-01-28,True,False,0.00045,original,8.8,NETWORK,True,False,2024,0,v2023.03.01,False,False,False
CVE-2024-57373,2025-01-28,Mastodon,1,1,2025-01-28,True,False,0.00043,original,8.1,NETWORK,True,False,2024,0,v2023.03.01,False,False,False
CVE-2025-0781,2025-01-28,Mastodon,2,1,2025-01-29,True,False,0.00045,enriched,8.6,LOCAL,True,False,2025,1,v2023.03.01,False,False,False
CVE-2024-0146,2025-01-28,Mastodon,1,1,2025-01-28,True,False,0.00043,original,7.8,LOCAL,False,False,2024,0,v2023.03.01,False,False,False
CVE-2024-12647,2025-01-28,Mastodon,1,1,2025-01-28,True,False,0.00045,original,9.8,NETWORK,True,False,2024,0,v2023.03.01,False,False,False
CVE-2024-13484,2025-01-28,Mastodon,3,2,2025-05-09,True,False,0.00043,enriched,8.2,LOCAL,True,False,2024,101,v2023.03.01,False,False,False
CVE-2025-24174,2025-01-28,Mastodon,1,1,2025-01-28,True,False,0.00045,original,7.7,LOCAL,True,False,2025,0,v2023.03.01,False,False,False
CVE-2024-12649,2025-01-28,Mastodon,1,1,2025-01-28,True,False,0.00045,original,9.8,NETWORK,True,False,2024,0,v2023.03.01,False,False,False
CVE-2025-24162,2025-01-28,Mastodon,1,1,2025-01-28,True,False,0.00044,original,6.5,NETWORK,True,False,2025,0,v2023.03.01,False,False,False
CVE-2024-34732,2025-01-28,Mastodon,2,1,2025-01-29,True,False,0.00043,enriched,8.4,LOCAL,True,False,2024,1,v2023.03.01,False,False,False
CVE-2025-24154,2025-01-28,Mastodon,1,1,2025-01-28,True,False,0.00045,original,9.1,NETWORK,True,False,2025,0,v2023.03.01,False,False,False
CVE-2018-9373,2025-01-28,Mastodon,2,1,2025-01-29,True,False,0.00043,enriched,8.8,ADJACENT_NETWORK,True,False,2018,1,v2023.03.01,False,False,False
CVE-2025-24151,2025-01-28,Mastodon,1,1,2025-01-28,True,False,0.00045,original,5.5,LOCAL,True,False,2025,0,v2023.03.01,False,False,False
CVE-2024-34733,2025-01-28,Mastodon,2,1,2025-01-29,True,False,0.00043,enriched,8.4,LOCAL,True,False,2024,1,v2023.03.01,False,False,False
CVE-2024-34748,2025-01-28,Mastodon,2,1,2025-01-29,True,False,0.00043,enriched,8.4,LOCAL,True,False,2024,1,v2023.03.01,False,False,False
CVE-2024-57052,2025-01-28,Mastodon,1,1,2025-01-28,True,False,0.00043,original,9.8,NETWORK,True,False,2024,0,v2023.03.01,False,False,False
CVE-2025-24163,2025-01-28,Mastodon,1,1,2025-01-28,True,False,0.00044,original,5.5,LOCAL,True,False,2025,0,v2023.03.01,False,False,False
CVE-2024-57727,2025-01-28,BleepingComputer,5,1,2025-05-27,False,True,0.00466,original,7.5,NETWORK,True,False,2024,119,v2023.03.01,False,False,False
CVE-2024-48852,2025-01-29,Mastodon,3,2,2025-04-11,True,False,0.00043,enriched,9.4,NETWORK,True,False,2024,72,v2023.03.01,False,False,False
CVE-2024-48849,2025-01-29,Mastodon,3,2,2025-04-11,True,False,0.00043,enriched,9.4,NETWORK,True,False,2024,72,v2023.03.01,False,False,False
CVE-2024-55968,2025-01-29,Mastodon,1,1,2025-01-29,True,False,0.00043,original,8.8,NETWORK,True,False,2024,0,v2023.03.01,False,False,False
CVE-2025-0804,2025-01-29,Mastodon,1,1,2025-01-29,True,False,0.00045,original,6.4,NETWORK,False,False,2025,0,v2023.03.01,False,False,False
CVE-2022-31137,2025-01-29,BleepingComputer,2,1,2025-01-29,False,True,0.94976,original,10.0,NETWORK,True,True,2022,0,v2023.03.01,False,False,False
CVE-2024-40891,2025-01-29,BleepingComputer,5,2,2025-02-04,True,True,0.00052,enriched,8.8,NETWORK,True,False,2024,6,v2023.03.01,False,False,False
CVE-2025-20014,2025-01-29,Mastodon,1,1,2025-01-29,True,False,0.00043,enriched,9.8,NETWORK,True,False,2025,0,v2023.03.01,False,False,False
CVE-2018-10562,2025-01-29,BleepingComputer,2,1,2025-01-29,False,True,0.971,original,9.8,NETWORK,True,False,2018,0,v2023.03.01,False,False,False
CVE-2018-10561,2025-01-29,BleepingComputer,2,1,2025-01-29,False,True,0.96379,original,9.8,NETWORK,True,False,2018,0,v2023.03.01,False,False,False
CVE-2024-57376,2025-01-29,Mastodon,1,1,2025-01-29,True,False,0.00043,original,8.8,ADJACENT_NETWORK,True,False,2024,0,v2023.03.01,False,False,False
CVE-2024-12749,2025-01-29,Mastodon,1,1,2025-01-29,True,False,0.00043,enriched,7.1,NETWORK,False,False,2024,0,v2023.03.01,False,False,False
CVE-2024-41710,2025-01-29,BleepingComputer,3,2,2025-01-30,True,True,0.00045,original,7.2,NETWORK,True,True,2024,1,v2023.03.01,False,False,False
CVE-2025-20061,2025-01-29,Mastodon,1,1,2025-01-29,True,False,0.00043,enriched,9.8,NETWORK,True,False,2025,0,v2023.03.01,False,False,False
CVE-2025-24527,2025-01-29,Mastodon,1,1,2025-01-29,True,False,0.00043,enriched,8.0,NETWORK,True,False,2025,0,v2023.03.01,False,False,False
CVE-2025-0762,2025-01-29,Mastodon,1,1,2025-01-29,True,False,0.00043,enriched,8.8,NETWORK,True,False,2025,0,v2023.03.01,False,False,False
CVE-2025-23362,2025-01-29,Mastodon,1,1,2025-01-29,True,False,0.00045,original,6.1,NETWORK,False,False,2025,0,v2023.03.01,False,False,False
CVE-2025-0802,2025-01-29,Mastodon,1,1,2025-01-29,True,False,0.00052,original,7.3,NETWORK,True,True,2025,0,v2023.03.01,False,False,False
CVE-2025-0803,2025-01-29,Mastodon,1,1,2025-01-29,True,False,0.00052,original,7.3,NETWORK,True,False,2025,0,v2023.03.01,False,False,False
CVE-2018-17532,2025-01-29,BleepingComputer,2,1,2025-01-29,False,True,0.01462,original,9.8,NETWORK,True,False,2018,0,v2023.03.01,False,False,False
CVE-2024-41140,2025-01-29,Mastodon,1,1,2025-01-29,True,False,0.00043,enriched,8.1,NETWORK,True,False,2024,0,v2023.03.01,False,False,False
CVE-2024-40890,2025-01-29,BleepingComputer,5,2,2025-02-04,True,True,0.00052,enriched,8.8,NETWORK,True,False,2024,6,v2023.03.01,False,False,False
CVE-2025-0806,2025-01-29,Mastodon,1,1,2025-01-29,True,False,0.00052,original,4.3,NETWORK,True,True,2025,0,v2023.03.01,False,False,False
CVE-2023-26801,2025-01-29,BleepingComputer,2,1,2025-01-29,False,True,0.01112,original,9.8,NETWORK,True,False,2023,0,v2023.03.01,False,False,False
CVE-2025-0798,2025-01-29,Mastodon,2,1,2025-01-29,True,False,0.00059,original,8.1,NETWORK,True,True,2025,0,v2023.03.01,False,False,False
CVE-2025-0800,2025-01-29,Mastodon,1,1,2025-01-29,True,False,0.00068,original,2.4,NETWORK,False,False,2025,0,v2023.03.01,False,False,False
CVE-2025-24802,2025-01-30,Mastodon,1,1,2025-01-30,True,False,0.00045,enriched,8.6,NETWORK,True,True,2025,0,v2023.03.01,False,False,False
CVE-2024-13742,2025-01-30,Mastodon,1,1,2025-01-30,True,False,0.00063,enriched,9.8,NETWORK,True,False,2024,0,v2023.03.01,False,False,False
CVE-2024-13707,2025-01-30,Mastodon,1,1,2025-01-30,True,False,0.00058,enriched,8.8,NETWORK,True,False,2024,0,v2023.03.01,False,False,False
CVE-2024-12129,2025-01-30,Mastodon,1,1,2025-01-30,True,False,0.0005,enriched,8.8,NETWORK,True,False,2024,0,v2023.03.01,False,False,False
CVE-2025-23374,2025-01-30,Mastodon,1,1,2025-01-30,True,False,0.00043,original,8.0,NETWORK,True,False,2025,0,v2023.03.01,False,False,False
CVE-2024-13720,2025-01-30,Mastodon,1,1,2025-01-30,True,False,0.00048,enriched,8.8,NETWORK,True,False,2024,0,v2023.03.01,False,False,False
CVE-2024-54851,2025-01-30,Mastodon,1,1,2025-01-30,True,False,0.00043,original,8.8,NETWORK,True,True,2024,0,v2023.03.01,False,False,False
CVE-2025-0574,2025-01-30,Mastodon,1,1,2025-01-30,True,False,0.00043,enriched,7.5,NETWORK,True,False,2025,0,v2023.03.01,False,False,False
CVE-2024-10591,2025-01-30,Mastodon,1,1,2025-01-30,True,False,0.0005,enriched,8.8,NETWORK,True,False,2024,0,v2023.03.01,False,False,False
CVE-2025-0680,2025-01-30,Mastodon,1,1,2025-01-30,True,False,0.00043,enriched,9.8,NETWORK,True,False,2025,0,v2023.03.01,False,False,False
CVE-2024-12822,2025-01-30,Mastodon,1,1,2025-01-30,True,False,0.00091,enriched,9.8,NETWORK,True,False,2024,0,v2023.03.01,False,False,False
CVE-2024-12821,2025-01-30,Mastodon,1,1,2025-01-30,True,False,0.0005,enriched,8.8,NETWORK,True,False,2024,0,v2023.03.01,False,False,False
CVE-2025-0739,2025-01-30,Mastodon,1,1,2025-01-30,True,False,0.00043,enriched,8.6,NETWORK,True,False,2025,0,v2023.03.01,False,False,False
CVE-2025-0851,2025-01-30,Mastodon,1,1,2025-01-30,True,False,0.00043,original,9.8,NETWORK,True,False,2025,0,v2023.03.01,False,False,False
CVE-2025-0740,2025-01-30,Mastodon,1,1,2025-01-30,True,False,0.00043,enriched,8.6,NETWORK,True,False,2025,0,v2023.03.01,False,False,False
CVE-2025-21415,2025-01-30,Mastodon,1,1,2025-01-30,True,False,0.00069,original,9.9,NETWORK,True,False,2025,0,v2023.03.01,False,False,False
CVE-2025-0747,2025-01-30,Mastodon,1,1,2025-01-30,True,False,0.00043,enriched,8.6,NETWORK,True,False,2025,0,v2023.03.01,False,False,False
CVE-2025-22218,2025-01-30,Mastodon,1,1,2025-01-30,True,False,0.00043,enriched,8.5,NETWORK,True,False,2025,0,v2023.03.01,False,False,False
CVE-2024-13646,2025-01-30,Mastodon,1,1,2025-01-30,True,False,0.00046,enriched,8.1,NETWORK,True,False,2024,0,v2023.03.01,False,False,False
CVE-2025-0493,2025-01-31,Mastodon,1,1,2025-01-31,True,False,0.00062,original,9.8,NETWORK,True,False,2025,0,v2023.03.01,False,False,False
CVE-2025-0929,2025-01-31,Mastodon,1,1,2025-01-31,True,False,0.00043,enriched,9.8,NETWORK,True,False,2025,0,v2023.03.01,False,False,False
CVE-2024-12248,2025-01-31,Mastodon,2,2,2025-05-15,True,False,0.00043,original,9.8,NETWORK,True,False,2024,104,v2023.03.01,False,False,False
CVE-2024-23929,2025-01-31,Mastodon,1,1,2025-01-31,True,False,0.00065,original,8.0,ADJACENT_NETWORK,True,False,2024,0,v2023.03.01,False,False,False
CVE-2024-23973,2025-01-31,Mastodon,1,1,2025-01-31,True,False,0.00046,original,8.8,ADJACENT_NETWORK,True,False,2024,0,v2023.03.01,False,False,False
CVE-2024-13767,2025-01-31,Mastodon,1,1,2025-01-31,True,False,0.00046,original,8.1,NETWORK,True,False,2024,0,v2023.03.01,False,False,False
CVE-2024-23920,2025-01-31,Mastodon,1,1,2025-01-31,True,False,0.00065,original,8.8,ADJACENT_NETWORK,True,False,2024,0,v2023.03.01,False,False,False
CVE-2024-23921,2025-01-31,Mastodon,1,1,2025-01-31,True,False,0.00065,original,8.8,ADJACENT_NETWORK,True,False,2024,0,v2023.03.01,False,False,False
CVE-2024-47891,2025-01-31,Mastodon,1,1,2025-01-31,True,False,0.00043,original,7.8,LOCAL,True,False,2024,0,v2023.03.01,False,False,False
CVE-2024-23928,2025-01-31,Mastodon,2,1,2025-02-01,True,False,0.00065,original,8.1,ADJACENT_NETWORK,True,False,2024,1,v2023.03.01,False,False,False
CVE-2024-23971,2025-01-31,Mastodon,1,1,2025-01-31,True,False,0.00065,original,8.8,ADJACENT_NETWORK,True,False,2024,0,v2023.03.01,False,False,False
CVE-2024-23969,2025-01-31,Mastodon,1,1,2025-01-31,True,False,0.00065,original,8.8,ADJACENT_NETWORK,True,False,2024,0,v2023.03.01,False,False,False
CVE-2024-23968,2025-01-31,Mastodon,1,1,2025-01-31,True,False,0.00065,original,8.8,ADJACENT_NETWORK,True,False,2024,0,v2023.03.01,False,False,False
CVE-2024-23963,2025-01-31,Mastodon,2,1,2025-02-01,True,False,0.00065,original,8.8,ADJACENT_NETWORK,True,False,2024,1,v2023.03.01,False,False,False
CVE-2025-0366,2025-02-01,Mastodon,2,1,2025-02-03,True,False,0.00056,enriched,8.8,NETWORK,True,False,2025,2,v2023.03.01,False,False,False
CVE-2024-12171,2025-02-01,Mastodon,1,1,2025-02-01,True,False,0.00056,original,8.8,NETWORK,True,False,2024,0,v2023.03.01,False,False,False
CVE-2025-24891,2025-02-01,Mastodon,1,1,2025-02-01,True,False,0.00044,original,9.6,NETWORK,True,True,2025,0,v2023.03.01,False,False,False
CVE-2024-13343,2025-02-01,Mastodon,1,1,2025-02-01,True,False,0.0005,original,8.8,NETWORK,True,False,2024,0,v2023.03.01,False,False,False
CVE-2024-49839,2025-02-03,Mastodon,1,1,2025-02-03,True,False,0.00087,enriched,8.2,NETWORK,True,False,2024,0,v2023.03.01,False,False,False
CVE-2025-25066,2025-02-03,Mastodon,2,1,2025-02-03,True,False,0.00043,enriched,8.1,LOCAL,True,True,2025,0,v2023.03.01,False,False,False
CVE-2025-24661,2025-02-03,Mastodon,1,1,2025-02-03,True,False,0.00043,enriched,8.8,NETWORK,True,False,2025,0,v2023.03.01,False,False,False
CVE-2024-49838,2025-02-03,Mastodon,1,1,2025-02-03,True,False,0.00087,enriched,8.2,NETWORK,True,False,2024,0,v2023.03.01,False,False,False
CVE-2025-24960,2025-02-03,Mastodon,1,1,2025-02-03,True,False,0.00045,enriched,8.7,NETWORK,True,True,2025,0,v2023.03.01,False,False,False
CVE-2024-45569,2025-02-03,Mastodon,3,2,2025-02-03,True,False,0.00091,enriched,9.8,NETWORK,True,False,2024,0,v2023.03.01,False,False,False
CVE-2024-12859,2025-02-03,Mastodon,1,1,2025-02-03,True,False,0.0005,enriched,8.8,NETWORK,True,False,2024,0,v2023.03.01,False,False,False
CVE-2025-20633,2025-02-03,Mastodon,1,1,2025-02-03,True,False,0.00043,original,8.8,ADJACENT_NETWORK,True,False,2025,0,v2023.03.01,False,False,False
CVE-2025-20634,2025-02-03,Mastodon,1,1,2025-02-03,True,False,0.00043,original,9.8,NETWORK,True,False,2025,0,v2023.03.01,False,False,False
CVE-2024-55062,2025-02-03,Mastodon,1,1,2025-02-03,True,False,0.00043,original,9.8,NETWORK,True,True,2024,0,v2023.03.01,False,False,False
CVE-2025-22957,2025-02-03,Mastodon,1,1,2025-02-03,True,False,0.00043,original,9.8,NETWORK,True,True,2025,0,v2023.03.01,False,False,False
CVE-2024-57432,2025-02-03,Mastodon,1,1,2025-02-03,True,False,0.00043,original,7.5,NETWORK,True,True,2024,0,v2023.03.01,False,False,False
CVE-2024-10395,2025-02-03,Mastodon,2,1,2025-02-03,True,False,0.00043,enriched,8.6,NETWORK,True,False,2024,0,v2023.03.01,False,False,False
CVE-2024-47857,2025-02-03,Mastodon,1,1,2025-02-03,True,False,0.00043,original,9.8,NETWORK,True,False,2024,0,v2023.03.01,False,False,False
CVE-2024-53320,2025-02-03,Mastodon,1,1,2025-02-03,True,False,0.00043,original,9.8,NETWORK,True,False,2024,0,v2023.03.01,False,False,False
CVE-2024-53584,2025-02-03,Mastodon,3,2,2025-04-14,True,False,0.00043,original,9.8,NETWORK,True,False,2024,70,v2023.03.01,False,False,False
CVE-2024-57434,2025-02-03,Mastodon,1,1,2025-02-03,True,False,0.00043,original,8.8,NETWORK,True,True,2024,0,v2023.03.01,False,False,False
CVE-2024-53356,2025-02-03,Mastodon,1,1,2025-02-03,True,False,0.00043,original,9.8,NETWORK,True,True,2024,0,v2023.03.01,False,False,False
CVE-2024-53355,2025-02-03,Mastodon,1,1,2025-02-03,True,False,0.00043,original,8.8,NETWORK,True,True,2024,0,v2023.03.01,False,False,False
CVE-2024-57968,2025-02-03,Mastodon,1,1,2025-02-03,True,False,0.00043,enriched,9.9,NETWORK,True,False,2024,0,v2023.03.01,False,False,False
CVE-2024-53104,2025-02-03,BleepingComputer,20,4,2025-05-06,True,True,0.00044,original,7.8,LOCAL,True,False,2024,92,v2023.03.01,False,False,False
CVE-2024-38420,2025-02-03,Mastodon,1,1,2025-02-03,True,False,0.00043,enriched,8.8,LOCAL,True,False,2024,0,v2023.03.01,False,False,False
CVE-2024-9644,2025-02-04,Mastodon,1,1,2025-02-04,True,False,0.00043,enriched,9.8,NETWORK,True,False,2024,0,v2023.03.01,False,False,False
CVE-2024-56898,2025-02-04,Mastodon,3,2,2025-04-11,True,False,0.00043,original,8.8,NETWORK,True,False,2024,66,v2023.03.01,False,False,False
CVE-2024-56901,2025-02-04,Mastodon,3,2,2025-04-11,True,False,0.00043,original,8.8,NETWORK,True,False,2024,66,v2023.03.01,False,False,False
CVE-2025-0960,2025-02-04,Mastodon,1,1,2025-02-04,True,False,0.00043,enriched,9.8,NETWORK,True,False,2025,0,v2023.03.01,False,False,False
CVE-2025-25064,2025-02-04,Mastodon,1,1,2025-02-04,True,False,0.00045,original,8.8,NETWORK,True,False,2025,0,v2023.03.01,False,False,False
CVE-2024-56903,2025-02-04,Mastodon,1,1,2025-02-04,True,False,0.00043,original,8.1,NETWORK,True,False,2024,0,v2023.03.01,False,False,False
CVE-2024-55948,2025-02-04,Mastodon,1,1,2025-02-04,True,False,0.00043,enriched,8.2,NETWORK,True,False,2024,0,v2023.03.01,False,False,False
CVE-2025-0890,2025-02-04,Mastodon,1,1,2025-02-04,True,False,0.00091,enriched,9.8,NETWORK,True,False,2025,0,v2023.03.01,False,False,False
CVE-2025-24968,2025-02-04,Mastodon,1,1,2025-02-04,True,False,0.00043,enriched,8.8,NETWORK,True,False,2025,0,v2023.03.01,False,False,False
CVE-2025-22204,2025-02-04,Mastodon,1,1,2025-02-04,True,False,0.00043,enriched,9.8,NETWORK,True,False,2025,0,v2023.03.01,False,False,False
CVE-2024-9643,2025-02-04,Mastodon,1,1,2025-02-04,True,False,0.00043,enriched,9.8,NETWORK,True,False,2024,0,v2023.03.01,False,False,False
CVE-2025-22699,2025-02-04,Mastodon,1,1,2025-02-04,True,False,0.00043,enriched,9.0,NETWORK,True,False,2025,0,v2023.03.01,False,False,False
CVE-2025-22700,2025-02-04,Mastodon,1,1,2025-02-04,True,False,0.00043,enriched,8.5,NETWORK,True,False,2025,0,v2023.03.01,False,False,False
CVE-2025-22978,2025-02-04,Mastodon,1,1,2025-02-04,True,False,0.00043,original,9.8,NETWORK,True,True,2025,0,v2023.03.01,False,False,False
CVE-2025-23023,2025-02-04,Mastodon,1,1,2025-02-04,True,False,0.00043,enriched,8.2,NETWORK,True,False,2025,0,v2023.03.01,False,False,False
CVE-2025-23058,2025-02-04,Mastodon,1,1,2025-02-04,True,False,0.00043,enriched,8.8,NETWORK,True,False,2025,0,v2023.03.01,False,False,False
CVE-2025-24677,2025-02-04,Mastodon,1,1,2025-02-04,True,False,0.00043,enriched,9.9,NETWORK,True,False,2025,0,v2023.03.01,False,False,False
CVE-2024-57098,2025-02-04,Mastodon,1,1,2025-02-04,True,False,0.00043,original,9.8,NETWORK,True,False,2024,0,v2023.03.01,False,False,False
CVE-2025-0364,2025-02-04,Mastodon,1,1,2025-02-04,True,False,0.00043,enriched,9.8,NETWORK,True,False,2025,0,v2023.03.01,False,False,False
CVE-2024-57099,2025-02-04,Mastodon,1,1,2025-02-04,True,False,0.00043,original,9.8,NETWORK,True,False,2024,0,v2023.03.01,False,False,False
CVE-2025-24964,2025-02-04,Mastodon,1,1,2025-02-04,True,False,0.00045,enriched,9.6,NETWORK,True,True,2025,0,v2023.03.01,False,False,False
CVE-2025-23015,2025-02-04,Mastodon,1,1,2025-02-04,True,False,0.00043,enriched,8.8,NETWORK,True,False,2025,0,v2023.03.01,False,False,False
CVE-2024-57450,2025-02-04,Mastodon,1,1,2025-02-04,True,False,0.00043,original,9.8,NETWORK,True,False,2024,0,v2023.03.01,False,False,False
CVE-2024-29059,2025-02-05,BleepingComputer,2,1,2025-02-05,False,True,0.69858,original,7.5,NETWORK,True,False,2024,0,v2023.03.01,False,False,False
CVE-2025-20029,2025-02-05,Mastodon,1,1,2025-02-05,True,False,0.00043,enriched,8.8,NETWORK,True,False,2025,0,v2023.03.01,False,False,False
CVE-2025-24320,2025-02-05,Mastodon,1,1,2025-02-05,True,False,0.00043,enriched,8.0,NETWORK,True,False,2025,0,v2023.03.01,False,False,False
CVE-2025-23114,2025-02-05,Mastodon,1,1,2025-02-05,True,False,0.00043,original,9.0,NETWORK,True,False,2025,0,v2023.03.01,False,False,False
CVE-2025-25246,2025-02-05,Mastodon,1,1,2025-02-05,True,False,0.00043,original,8.1,NETWORK,True,False,2025,0,v2023.03.01,False,False,False
CVE-2024-56133,2025-02-05,Mastodon,1,1,2025-02-05,True,False,0.00043,enriched,8.4,ADJACENT_NETWORK,True,False,2024,0,v2023.03.01,False,False,False
CVE-2025-23239,2025-02-05,Mastodon,1,1,2025-02-05,True,False,0.00043,enriched,8.7,NETWORK,True,False,2025,0,v2023.03.01,False,False,False
CVE-2024-56134,2025-02-05,Mastodon,1,1,2025-02-05,True,False,0.00043,enriched,8.4,ADJACENT_NETWORK,True,False,2024,0,v2023.03.01,False,False,False
CVE-2024-56135,2025-02-05,Mastodon,1,1,2025-02-05,True,False,0.00043,enriched,8.4,ADJACENT_NETWORK,True,False,2024,0,v2023.03.01,False,False,False
CVE-2024-56132,2025-02-05,Mastodon,1,1,2025-02-05,True,False,0.00043,enriched,8.4,ADJACENT_NETWORK,True,False,2024,0,v2023.03.01,False,False,False
CVE-2025-1028,2025-02-05,Mastodon,1,1,2025-02-05,True,False,0.00091,original,8.1,NETWORK,True,False,2025,0,v2023.03.01,False,False,False
CVE-2024-56161,2025-02-05,BleepingComputer,4,2,2025-02-07,True,False,0.00043,original,7.2,LOCAL,True,False,2024,2,v2023.03.01,False,False,False
CVE-2024-56131,2025-02-05,Mastodon,1,1,2025-02-05,True,False,0.00043,enriched,8.4,ADJACENT_NETWORK,True,False,2024,0,v2023.03.01,False,False,False
CVE-2024-45195,2025-02-05,BleepingComputer,3,2,2025-05-08,False,True,0.71149,original,7.5,NETWORK,True,False,2024,92,v2023.03.01,False,False,False
CVE-2025-1022,2025-02-05,Mastodon,1,1,2025-02-05,True,False,0.00045,enriched,8.2,NETWORK,True,True,2025,0,v2023.03.01,False,False,False
CVE-2025-0665,2025-02-05,Mastodon,1,1,2025-02-05,True,False,0.00045,enriched,9.8,NETWORK,True,False,2025,0,v2023.03.01,False,False,False
CVE-2025-20124,2025-02-05,Mastodon,4,2,2025-02-06,True,False,0.00046,enriched,9.9,NETWORK,True,False,2025,1,v2023.03.01,False,False,False
CVE-2018-19410,2025-02-05,BleepingComputer,2,1,2025-02-05,False,True,0.04906,original,9.8,NETWORK,True,False,2018,0,v2023.03.01,False,False,False
CVE-2018-9276,2025-02-05,BleepingComputer,2,1,2025-02-05,False,True,0.811,original,7.2,NETWORK,True,False,2018,0,v2023.03.01,False,False,False
CVE-2025-1012,2025-02-05,Mastodon,1,1,2025-02-05,True,False,0.00044,original,7.5,NETWORK,True,False,2025,0,v2023.03.01,False,False,False
CVE-2025-20125,2025-02-05,Mastodon,4,2,2025-02-06,True,False,0.00044,enriched,9.1,NETWORK,True,False,2025,1,v2023.03.01,False,False,False
CVE-2025-1026,2025-02-05,Mastodon,1,1,2025-02-05,True,False,0.00045,enriched,8.6,NETWORK,True,True,2025,0,v2023.03.01,False,False,False
CVE-2025-23236,2025-02-06,Mastodon,1,1,2025-02-06,True,False,0.00043,enriched,8.8,LOCAL,True,False,2025,0,v2023.03.01,False,False,False
CVE-2024-48445,2025-02-06,Mastodon,3,2,2025-04-17,True,False,0.00043,original,9.8,NETWORK,True,False,2024,70,v2023.03.01,False,False,False
CVE-2025-22992,2025-02-06,Mastodon,1,1,2025-02-06,True,False,0.00043,enriched,9.8,NETWORK,True,False,2025,0,v2023.03.01,False,False,False
CVE-2025-20171,2025-02-06,BleepingComputer,2,1,2025-02-06,False,True,0.00044,original,7.7,NETWORK,True,False,2025,0,v2023.03.01,False,False,False
CVE-2024-51450,2025-02-06,Mastodon,1,1,2025-02-06,True,False,0.00052,original,9.1,NETWORK,True,False,2024,0,v2023.03.01,False,False,False
CVE-2022-31764,2025-02-06,Mastodon,1,1,2025-02-06,True,False,0.00043,enriched,8.5,NETWORK,True,False,2022,0,v2023.03.01,False,False,False
CVE-2025-20170,2025-02-06,BleepingComputer,2,1,2025-02-06,False,True,0.00044,original,7.7,NETWORK,True,False,2025,0,v2023.03.01,False,False,False
CVE-2025-20094,2025-02-06,Mastodon,1,1,2025-02-06,True,False,0.00043,enriched,8.8,LOCAL,True,False,2025,0,v2023.03.01,False,False,False
CVE-2024-51547,2025-02-06,Mastodon,1,1,2025-02-06,True,False,0.00043,original,9.8,NETWORK,True,False,2024,0,v2023.03.01,False,False,False
CVE-2025-24981,2025-02-06,Mastodon,1,1,2025-02-06,True,False,0.00045,enriched,9.3,NETWORK,True,True,2025,0,v2023.03.01,False,False,False
CVE-2025-20169,2025-02-06,BleepingComputer,3,2,2025-05-05,True,True,0.00044,original,7.7,NETWORK,True,False,2025,88,v2023.03.01,False,False,False
CVE-2024-47258,2025-02-06,Mastodon,2,1,2025-02-07,True,False,0.00043,enriched,8.1,ADJACENT_NETWORK,True,False,2024,1,v2023.03.01,False,False,False
CVE-2020-36084,2025-02-06,Mastodon,1,1,2025-02-06,True,False,0.00101,original,9.8,NETWORK,True,False,2020,0,v2023.03.01,False,False,False
CVE-2025-24787,2025-02-06,Mastodon,1,1,2025-02-06,True,False,0.00043,enriched,8.6,NETWORK,True,True,2025,0,v2023.03.01,False,False,False
CVE-2025-1066,2025-02-06,Mastodon,1,1,2025-02-06,True,False,0.00043,original,9.8,NETWORK,True,True,2025,0,v2023.03.01,False,False,False
CVE-2024-57077,2025-02-06,Mastodon,1,1,2025-02-06,True,False,0.00043,original,9.1,NETWORK,True,False,2024,0,v2023.03.01,False,False,False
CVE-2024-39272,2025-02-06,Mastodon,1,1,2025-02-06,True,False,0.00043,enriched,9.0,NETWORK,True,False,2024,0,v2023.03.01,False,False,False
CVE-2024-37358,2025-02-06,Mastodon,1,1,2025-02-06,True,False,0.00043,enriched,8.6,NETWORK,True,False,2024,0,v2023.03.01,False,False,False
CVE-2024-20397,2025-02-06,BleepingComputer,2,1,2025-02-06,False,True,0.00043,original,5.2,PHYSICAL,True,False,2024,0,v2023.03.01,False,False,False
CVE-2024-57430,2025-02-06,Mastodon,1,1,2025-02-06,True,False,0.00043,enriched,9.8,NETWORK,True,False,2024,0,v2023.03.01,False,False,False
CVE-2025-24786,2025-02-06,Mastodon,1,1,2025-02-06,True,False,0.00045,enriched,10.0,NETWORK,True,True,2025,0,v2023.03.01,False,False,False
CVE-2024-21413,2025-02-06,Mastodon,9,3,2025-05-28,True,False,0.00053,original,9.8,NETWORK,True,False,2024,111,v2023.03.01,False,False,False
CVE-2024-57520,2025-02-06,Mastodon,1,1,2025-02-06,True,False,0.00043,original,9.8,NETWORK,True,False,2024,0,v2023.03.01,False,False,False
CVE-2024-57428,2025-02-06,Mastodon,1,1,2025-02-06,True,False,0.00043,enriched,9.3,NETWORK,True,False,2024,0,v2023.03.01,False,False,False
CVE-2024-57668,2025-02-07,Mastodon,1,1,2025-02-07,True,False,0.00043,original,8.8,NETWORK,True,False,2024,0,v2023.03.01,False,False,False
CVE-2025-25101,2025-02-07,Mastodon,1,1,2025-02-07,True,False,0.00043,enriched,9.6,NETWORK,True,False,2025,0,v2023.03.01,False,False,False
CVE-2025-0994,2025-02-07,BleepingComputer,4,2,2025-05-27,True,False,0.00043,original,8.8,NETWORK,True,False,2025,109,v2023.03.01,False,False,False
CVE-2024-10383,2025-02-07,Mastodon,1,1,2025-02-07,True,False,0.00043,enriched,8.7,NETWORK,True,False,2024,0,v2023.03.01,False,False,False
CVE-2025-25106,2025-02-07,Mastodon,1,1,2025-02-07,True,False,0.00043,enriched,9.6,NETWORK,True,False,2025,0,v2023.03.01,False,False,False
CVE-2025-21342,2025-02-07,Mastodon,2,1,2025-02-07,True,False,0.00091,original,8.8,NETWORK,True,False,2025,0,v2023.03.01,False,False,False
CVE-2022-23824,2025-02-07,Mastodon,1,1,2025-02-07,False,True,0.00059,original,5.5,LOCAL,False,False,2022,0,v2023.03.01,False,False,False
CVE-2024-7419,2025-02-07,Mastodon,1,1,2025-02-07,True,False,0.00076,enriched,8.3,NETWORK,True,False,2024,0,v2023.03.01,False,False,False
CVE-2025-21177,2025-02-07,Mastodon,2,1,2025-02-07,True,False,0.0005,original,8.7,NETWORK,True,False,2025,0,v2023.03.01,False,False,False
CVE-2025-25107,2025-02-07,Mastodon,1,1,2025-02-07,True,False,0.00043,enriched,9.6,NETWORK,True,False,2025,0,v2023.03.01,False,False,False
CVE-2025-25167,2025-02-07,Mastodon,1,1,2025-02-07,True,False,0.00043,enriched,8.2,NETWORK,True,False,2025,0,v2023.03.01,False,False,False
CVE-2025-0674,2025-02-07,Mastodon,2,1,2025-02-07,True,False,0.00043,original,9.8,NETWORK,True,False,2025,0,v2023.03.01,False,False,False
CVE-2025-1107,2025-02-07,Mastodon,1,1,2025-02-07,True,False,0.00043,enriched,9.9,NETWORK,True,False,2025,0,v2023.03.01,False,False,False
CVE-2025-1108,2025-02-07,Mastodon,1,1,2025-02-07,True,False,0.00043,enriched,8.6,NETWORK,True,False,2025,0,v2023.03.01,False,False,False
CVE-2025-1061,2025-02-07,Mastodon,1,1,2025-02-07,True,False,0.00063,original,9.8,NETWORK,True,False,2025,0,v2023.03.01,False,False,False
CVE-2025-25151,2025-02-07,Mastodon,1,1,2025-02-07,True,False,0.00043,enriched,8.5,NETWORK,True,False,2025,0,v2023.03.01,False,False,False
CVE-2025-0303,2025-02-07,Mastodon,1,1,2025-02-07,True,False,0.00043,enriched,8.8,LOCAL,True,False,2025,0,v2023.03.01,False,False,False
CVE-2025-21408,2025-02-07,Mastodon,2,1,2025-02-07,True,False,0.00091,original,8.8,NETWORK,True,False,2025,0,v2023.03.01,False,False,False
CVE-2025-0304,2025-02-07,Mastodon,1,1,2025-02-07,True,False,0.00043,enriched,8.8,LOCAL,True,False,2025,0,v2023.03.01,False,False,False
CVE-2024-57357,2025-02-08,Mastodon,1,1,2025-02-08,True,False,0.00043,original,8.0,ADJACENT_NETWORK,True,False,2024,0,v2023.03.01,False,False,False
CVE-2025-0316,2025-02-08,Mastodon,1,1,2025-02-08,True,False,0.00091,enriched,9.8,NETWORK,True,False,2025,0,v2023.03.01,False,False,False
CVE-2024-55215,2025-02-08,Mastodon,1,1,2025-02-08,True,False,0.00043,original,9.8,NETWORK,True,True,2024,0,v2023.03.01,False,False,False
CVE-2024-55214,2025-02-10,Mastodon,1,1,2025-02-10,True,False,0.00043,original,6.5,ADJACENT_NETWORK,True,False,2024,0,v2023.03.01,False,False,False
CVE-2024-55213,2025-02-10,Mastodon,1,1,2025-02-10,True,False,0.00043,original,6.5,ADJACENT_NETWORK,True,False,2024,0,v2023.03.01,False,False,False
CVE-2025-24016,2025-02-10,Mastodon,1,1,2025-02-10,True,False,0.00043,enriched,9.9,NETWORK,True,False,2025,0,v2023.03.01,False,False,False
CVE-2025-1193,2025-02-10,Mastodon,1,1,2025-02-10,True,False,0.00043,enriched,8.1,NETWORK,True,False,2025,0,v2023.03.01,False,False,False
CVE-2024-57707,2025-02-10,Mastodon,1,1,2025-02-10,True,False,0.00043,original,9.8,NETWORK,True,True,2024,0,v2023.03.01,False,False,False
CVE-2024-42512,2025-02-10,Mastodon,1,1,2025-02-10,True,False,0.00043,enriched,8.6,NETWORK,True,False,2024,0,v2023.03.01,False,False,False
CVE-2023-41061,2025-02-10,BleepingComputer,2,1,2025-02-10,False,True,0.00098,original,7.8,LOCAL,True,False,2023,0,v2023.03.01,False,False,False
CVE-2024-13011,2025-02-10,Mastodon,1,1,2025-02-10,True,False,0.00091,enriched,9.8,NETWORK,True,False,2024,0,v2023.03.01,False,False,False
CVE-2024-8684,2025-02-10,Mastodon,1,1,2025-02-10,True,False,0.00043,enriched,8.3,NETWORK,True,False,2024,0,v2023.03.01,False,False,False
CVE-2023-41064,2025-02-10,BleepingComputer,2,1,2025-02-10,False,True,0.00453,original,7.8,LOCAL,True,False,2023,0,v2023.03.01,False,False,False
CVE-2024-46434,2025-02-10,Mastodon,1,1,2025-02-10,True,False,0.00043,enriched,8.8,ADJACENT_NETWORK,True,False,2024,0,v2023.03.01,False,False,False
CVE-2025-24200,2025-02-10,BleepingComputer,14,4,2025-05-02,True,True,0.00043,enriched,6.1,PHYSICAL,True,False,2025,81,v2023.03.01,False,False,False
CVE-2024-11621,2025-02-10,Mastodon,1,1,2025-02-10,True,False,0.00043,enriched,8.8,NETWORK,True,False,2024,0,v2023.03.01,False,False,False
CVE-2024-46435,2025-02-10,Mastodon,1,1,2025-02-10,True,False,0.00043,enriched,8.0,ADJACENT_NETWORK,True,False,2024,0,v2023.03.01,False,False,False
CVE-2024-57249,2025-02-10,Mastodon,1,1,2025-02-10,True,False,0.00043,original,6.5,ADJACENT_NETWORK,True,False,2024,0,v2023.03.01,False,False,False
CVE-2024-46433,2025-02-10,Mastodon,1,1,2025-02-10,True,False,0.00043,enriched,8.8,ADJACENT_NETWORK,True,False,2024,0,v2023.03.01,False,False,False
CVE-2024-46436,2025-02-10,Mastodon,1,1,2025-02-10,True,False,0.00043,enriched,8.3,ADJACENT_NETWORK,True,False,2024,0,v2023.03.01,False,False,False
CVE-2024-46429,2025-02-10,Mastodon,1,1,2025-02-10,True,False,0.00043,enriched,8.8,ADJACENT_NETWORK,True,False,2024,0,v2023.03.01,False,False,False
CVE-2024-46431,2025-02-10,Mastodon,1,1,2025-02-10,True,False,0.00043,enriched,8.0,ADJACENT_NETWORK,True,False,2024,0,v2023.03.01,False,False,False
CVE-2024-46432,2025-02-10,Mastodon,1,1,2025-02-10,True,False,0.00043,enriched,8.8,ADJACENT_NETWORK,True,False,2024,0,v2023.03.01,False,False,False
CVE-2025-21198,2025-02-11,Mastodon,1,1,2025-02-11,True,False,0.00043,enriched,9.0,ADJACENT_NETWORK,True,False,2025,0,v2023.03.01,False,False,False
CVE-2025-21190,2025-02-11,Mastodon,1,1,2025-02-11,True,False,0.00091,enriched,8.8,NETWORK,True,False,2025,0,v2023.03.01,False,False,False
CVE-2024-13830,2025-02-11,Mastodon,1,1,2025-02-11,False,True,0.00043,enriched,6.1,NETWORK,False,False,2024,0,v2023.03.01,False,False,False
CVE-2024-13813,2025-02-11,Mastodon,1,1,2025-02-11,False,True,0.00043,enriched,7.1,LOCAL,False,False,2024,0,v2023.03.01,False,False,False
CVE-2022-26118,2025-02-11,Mastodon,1,1,2025-02-11,False,True,0.00044,original,6.7,LOCAL,False,False,2022,0,v2023.03.01,False,False,False
CVE-2025-24896,2025-02-11,Mastodon,1,1,2025-02-11,True,False,0.00043,enriched,8.1,NETWORK,True,True,2025,0,v2023.03.01,False,False,False
CVE-2025-24876,2025-02-11,Mastodon,1,1,2025-02-11,True,False,0.00045,original,8.1,NETWORK,True,False,2025,0,v2023.03.01,False,False,False
CVE-2025-24897,2025-02-11,Mastodon,1,1,2025-02-11,True,False,0.00043,enriched,8.2,NETWORK,True,True,2025,0,v2023.03.01,False,False,False
CVE-2025-21201,2025-02-11,Mastodon,1,1,2025-02-11,True,False,0.00091,enriched,8.8,NETWORK,True,False,2025,0,v2023.03.01,False,False,False
CVE-2024-0179,2025-02-11,Mastodon,1,1,2025-02-11,True,False,0.00043,enriched,8.2,LOCAL,True,False,2024,0,v2023.03.01,False,False,False
CVE-2025-22467,2025-02-11,Mastodon,2,1,2025-02-11,True,False,0.00043,enriched,9.9,NETWORK,True,False,2025,0,v2023.03.01,False,False,False
CVE-2024-21924,2025-02-11,Mastodon,1,1,2025-02-11,True,False,0.00043,enriched,8.2,LOCAL,True,False,2024,0,v2023.03.01,False,False,False
CVE-2025-0064,2025-02-11,Mastodon,1,1,2025-02-11,True,False,0.0005,original,8.7,NETWORK,True,False,2025,0,v2023.03.01,False,False,False
CVE-2024-21925,2025-02-11,Mastodon,1,1,2025-02-11,True,False,0.00043,enriched,8.2,LOCAL,True,False,2024,0,v2023.03.01,False,False,False
CVE-2024-47908,2025-02-11,Mastodon,1,1,2025-02-11,True,False,0.00043,enriched,9.1,NETWORK,True,False,2024,0,v2023.03.01,False,False,False
CVE-2025-0180,2025-02-11,Mastodon,1,1,2025-02-11,True,False,0.00091,enriched,9.8,NETWORK,True,False,2025,0,v2023.03.01,False,False,False
CVE-2025-0181,2025-02-11,Mastodon,1,1,2025-02-11,True,False,0.00091,enriched,9.8,NETWORK,True,False,2025,0,v2023.03.01,False,False,False
CVE-2025-26410,2025-02-11,Mastodon,1,1,2025-02-11,True,False,0.00043,enriched,9.8,NETWORK,True,False,2025,0,v2023.03.01,False,False,False
CVE-2025-26411,2025-02-11,Mastodon,1,1,2025-02-11,True,False,0.00043,enriched,8.8,NETWORK,True,False,2025,0,v2023.03.01,False,False,False
CVE-2025-21418,2025-02-11,BleepingComputer,2,1,2025-02-11,False,True,0.00144,enriched,7.8,LOCAL,True,False,2025,0,v2023.03.01,False,False,False
CVE-2025-21410,2025-02-11,Mastodon,1,1,2025-02-11,True,False,0.00091,enriched,8.8,NETWORK,True,False,2025,0,v2023.03.01,False,False,False
CVE-2025-25243,2025-02-11,Mastodon,1,1,2025-02-11,True,False,0.00044,original,8.6,NETWORK,True,False,2025,0,v2023.03.01,False,False,False
CVE-2025-21407,2025-02-11,Mastodon,1,1,2025-02-11,True,False,0.00091,enriched,8.8,NETWORK,True,False,2025,0,v2023.03.01,False,False,False
CVE-2025-21200,2025-02-11,Mastodon,1,1,2025-02-11,True,False,0.00091,enriched,8.8,NETWORK,True,False,2025,0,v2023.03.01,False,False,False
CVE-2025-21406,2025-02-11,Mastodon,1,1,2025-02-11,True,False,0.00091,enriched,8.8,NETWORK,True,False,2025,0,v2023.03.01,False,False,False
CVE-2025-21377,2025-02-11,BleepingComputer,4,1,2025-03-25,False,True,0.00087,enriched,6.5,NETWORK,True,False,2025,42,v2023.03.01,False,False,False
CVE-2025-21376,2025-02-11,Mastodon,1,1,2025-02-11,True,False,0.00091,enriched,8.1,NETWORK,True,False,2025,0,v2023.03.01,False,False,False
CVE-2025-21371,2025-02-11,Mastodon,1,1,2025-02-11,True,False,0.00091,enriched,8.8,NETWORK,True,False,2025,0,v2023.03.01,False,False,False
CVE-2025-21369,2025-02-11,Mastodon,1,1,2025-02-11,True,False,0.0005,enriched,8.8,NETWORK,True,False,2025,0,v2023.03.01,False,False,False
CVE-2025-21368,2025-02-11,Mastodon,1,1,2025-02-11,True,False,0.0005,enriched,8.8,NETWORK,True,False,2025,0,v2023.03.01,False,False,False
CVE-2024-10644,2025-02-11,Mastodon,2,1,2025-02-11,True,False,0.00043,enriched,9.1,NETWORK,True,False,2024,0,v2023.03.01,False,False,False
CVE-2024-13843,2025-02-11,Mastodon,1,1,2025-02-11,False,True,0.00043,enriched,6.0,LOCAL,False,False,2024,0,v2023.03.01,False,False,False
CVE-2024-13842,2025-02-11,Mastodon,1,1,2025-02-11,False,True,0.00043,enriched,6.0,LOCAL,False,False,2024,0,v2023.03.01,False,False,False
CVE-2024-45386,2025-02-11,Mastodon,1,1,2025-02-11,True,False,0.00091,enriched,8.8,NETWORK,True,False,2024,0,v2023.03.01,False,False,False
CVE-2024-38657,2025-02-11,Mastodon,2,1,2025-02-21,True,True,0.00043,enriched,9.1,NETWORK,False,False,2024,10,v2023.03.01,False,False,False
CVE-2025-24973,2025-02-11,Mastodon,1,1,2025-02-11,True,False,0.00043,enriched,9.3,LOCAL,True,True,2025,0,v2023.03.01,False,False,False
CVE-2024-12058,2025-02-11,Mastodon,1,1,2025-02-11,False,True,0.00043,enriched,6.8,NETWORK,False,False,2024,0,v2023.03.01,False,False,False
CVE-2025-21208,2025-02-11,Mastodon,1,1,2025-02-11,True,False,0.00091,enriched,8.8,NETWORK,True,False,2025,0,v2023.03.01,False,False,False
CVE-2025-24900,2025-02-11,Mastodon,1,1,2025-02-11,True,False,0.00045,enriched,8.6,NETWORK,True,True,2025,0,v2023.03.01,False,False,False
CVE-2025-21400,2025-02-11,Mastodon,1,1,2025-02-11,True,False,0.0005,enriched,8.0,NETWORK,True,False,2025,0,v2023.03.01,False,False,False
CVE-2025-21391,2025-02-11,BleepingComputer,3,2,2025-05-19,True,True,0.01068,enriched,7.1,LOCAL,True,False,2025,97,v2023.03.01,False,False,False
CVE-2025-21194,2025-02-11,BleepingComputer,2,1,2025-02-11,False,True,0.00053,enriched,7.1,ADJACENT_NETWORK,True,False,2025,0,v2023.03.01,False,False,False
CVE-2025-1143,2025-02-11,Mastodon,1,1,2025-02-11,True,False,0.00043,original,8.4,LOCAL,True,False,2025,0,v2023.03.01,False,False,False
CVE-2025-24411,2025-02-11,Mastodon,1,1,2025-02-11,True,False,0.0005,enriched,8.1,NETWORK,True,False,2025,0,v2023.03.01,False,False,False
CVE-2025-24415,2025-02-11,Mastodon,1,1,2025-02-11,True,False,0.0005,enriched,8.7,NETWORK,True,False,2025,0,v2023.03.01,False,False,False
CVE-2025-1052,2025-02-11,Mastodon,1,1,2025-02-11,True,False,0.00043,enriched,8.8,NETWORK,True,False,2025,0,v2023.03.01,False,False,False
CVE-2025-1144,2025-02-11,Mastodon,1,1,2025-02-11,True,False,0.00043,original,9.8,NETWORK,True,False,2025,0,v2023.03.01,False,False,False
CVE-2025-24414,2025-02-11,Mastodon,1,1,2025-02-11,True,False,0.0005,enriched,8.7,NETWORK,True,False,2025,0,v2023.03.01,False,False,False
CVE-2025-24418,2025-02-11,Mastodon,1,1,2025-02-11,True,False,0.0005,enriched,8.1,NETWORK,True,False,2025,0,v2023.03.01,False,False,False
CVE-2025-24434,2025-02-11,Mastodon,1,1,2025-02-11,True,False,0.00091,enriched,9.1,NETWORK,True,False,2025,0,v2023.03.01,False,False,False
CVE-2025-24413,2025-02-11,Mastodon,1,1,2025-02-11,True,False,0.0005,enriched,8.7,NETWORK,True,False,2025,0,v2023.03.01,False,False,False
CVE-2025-24412,2025-02-11,Mastodon,1,1,2025-02-11,True,False,0.0005,enriched,8.7,NETWORK,True,False,2025,0,v2023.03.01,False,False,False
CVE-2025-24417,2025-02-11,Mastodon,1,1,2025-02-11,True,False,0.0005,enriched,8.7,NETWORK,True,False,2025,0,v2023.03.01,False,False,False
CVE-2025-24438,2025-02-11,Mastodon,1,1,2025-02-11,True,False,0.0005,enriched,8.7,NETWORK,True,False,2025,0,v2023.03.01,False,False,False
CVE-2024-12833,2025-02-11,Mastodon,1,1,2025-02-11,True,False,0.00043,enriched,6.1,NETWORK,True,False,2024,0,v2023.03.01,False,False,False
CVE-2024-12797,2025-02-11,Mastodon,6,2,2025-04-28,True,False,0.00045,enriched,6.3,NETWORK,True,True,2024,76,v2023.03.01,False,False,False
CVE-2024-13643,2025-02-11,Mastodon,1,1,2025-02-11,True,False,0.00056,enriched,8.8,NETWORK,True,False,2024,0,v2023.03.01,False,False,False
CVE-2025-1044,2025-02-11,Mastodon,1,1,2025-02-11,True,False,0.00043,enriched,9.8,NETWORK,True,False,2025,0,v2023.03.01,False,False,False
CVE-2025-24410,2025-02-11,Mastodon,1,1,2025-02-11,True,False,0.0005,enriched,8.7,NETWORK,True,False,2025,0,v2023.03.01,False,False,False
CVE-2025-24409,2025-02-11,Mastodon,1,1,2025-02-11,True,False,0.00087,enriched,8.2,NETWORK,True,False,2025,0,v2023.03.01,False,False,False
CVE-2025-24472,2025-02-11,BleepingComputer,4,1,2025-03-13,False,True,0.00043,enriched,8.1,NETWORK,True,False,2025,30,v2023.03.01,False,False,False
CVE-2025-24416,2025-02-11,Mastodon,1,1,2025-02-11,True,False,0.0005,enriched,8.7,NETWORK,True,False,2025,0,v2023.03.01,False,False,False
CVE-2024-11343,2025-02-12,Mastodon,1,1,2025-02-12,True,False,0.00044,enriched,8.3,NETWORK,True,False,2024,0,v2023.03.01,False,False,False
CVE-2025-26345,2025-02-12,Mastodon,1,1,2025-02-12,True,False,0.00043,enriched,9.8,NETWORK,True,False,2025,0,v2023.03.01,False,False,False
CVE-2025-26347,2025-02-12,Mastodon,1,1,2025-02-12,True,False,0.00043,enriched,9.8,NETWORK,True,False,2025,0,v2023.03.01,False,False,False
CVE-2024-13653,2025-02-12,Mastodon,1,1,2025-02-12,True,False,0.0005,original,8.8,NETWORK,True,False,2024,0,v2023.03.01,False,False,False
CVE-2025-0376,2025-02-12,Mastodon,1,1,2025-02-12,True,False,0.00043,enriched,8.7,NETWORK,True,False,2025,0,v2023.03.01,False,False,False
CVE-2023-31276,2025-02-12,Mastodon,1,1,2025-02-12,True,False,0.00043,enriched,8.2,LOCAL,True,False,2023,0,v2023.03.01,False,False,False
CVE-2024-12213,2025-02-12,Mastodon,1,1,2025-02-12,True,False,0.00091,enriched,9.8,NETWORK,True,False,2024,0,v2023.03.01,False,False,False
CVE-2025-26359,2025-02-12,Mastodon,1,1,2025-02-12,True,False,0.00043,enriched,9.8,NETWORK,True,False,2025,0,v2023.03.01,False,False,False
CVE-2025-1146,2025-02-12,Mastodon,1,1,2025-02-12,True,False,0.00043,enriched,8.1,NETWORK,True,False,2025,0,v2023.03.01,False,False,False
CVE-2025-23359,2025-02-12,Mastodon,1,1,2025-02-12,True,False,0.00043,original,8.3,NETWORK,True,False,2025,0,v2023.03.01,False,False,False
CVE-2024-13656,2025-02-12,Mastodon,1,1,2025-02-12,True,False,0.00046,original,8.1,NETWORK,True,False,2024,0,v2023.03.01,False,False,False
CVE-2025-26344,2025-02-12,Mastodon,1,1,2025-02-12,True,False,0.00043,enriched,9.8,NETWORK,True,False,2025,0,v2023.03.01,False,False,False
CVE-2025-1244,2025-02-12,Mastodon,2,1,2025-02-28,True,False,0.0009,enriched,8.8,NETWORK,True,False,2025,16,v2023.03.01,False,False,False
CVE-2025-26343,2025-02-12,Mastodon,1,1,2025-02-12,True,False,0.00043,enriched,8.1,NETWORK,True,False,2025,0,v2023.03.01,False,False,False
CVE-2022-47945,2025-02-12,BleepingComputer,2,1,2025-02-12,False,True,0.0709,original,9.8,NETWORK,True,True,2022,0,v2023.03.01,False,False,False
CVE-2025-26342,2025-02-12,Mastodon,1,1,2025-02-12,True,False,0.00043,enriched,9.8,NETWORK,True,False,2025,0,v2023.03.01,False,False,False
CVE-2025-26341,2025-02-12,Mastodon,1,1,2025-02-12,True,False,0.00043,enriched,9.8,NETWORK,True,False,2025,0,v2023.03.01,False,False,False
CVE-2025-26340,2025-02-12,Mastodon,1,1,2025-02-12,True,False,0.00043,enriched,8.8,NETWORK,True,False,2025,0,v2023.03.01,False,False,False
CVE-2024-13654,2025-02-12,Mastodon,1,1,2025-02-12,True,False,0.00046,original,8.1,NETWORK,True,False,2024,0,v2023.03.01,False,False,False
CVE-2025-1100,2025-02-12,Mastodon,1,1,2025-02-12,True,False,0.00043,enriched,9.8,NETWORK,True,False,2025,0,v2023.03.01,False,False,False
CVE-2024-13421,2025-02-12,Mastodon,1,1,2025-02-12,True,False,0.00063,original,9.8,NETWORK,True,False,2024,0,v2023.03.01,False,False,False
CVE-2024-12386,2025-02-12,Mastodon,1,1,2025-02-12,True,False,0.00051,enriched,8.1,NETWORK,True,False,2024,0,v2023.03.01,False,False,False
CVE-2022-31631,2025-02-12,Mastodon,1,1,2025-02-12,True,False,0.00043,enriched,9.1,NETWORK,True,False,2022,0,v2023.03.01,False,False,False
CVE-2024-13800,2025-02-12,Mastodon,1,1,2025-02-12,True,False,0.00046,original,8.1,NETWORK,True,False,2024,0,v2023.03.01,False,False,False
CVE-2023-43758,2025-02-12,Mastodon,1,1,2025-02-12,True,False,0.00043,enriched,8.2,LOCAL,True,False,2023,0,v2023.03.01,False,False,False
CVE-2023-49103,2025-02-12,BleepingComputer,6,2,2025-04-28,False,True,0.90886,original,10.0,NETWORK,True,False,2023,75,v2023.03.01,False,False,False
CVE-2025-26378,2025-02-12,Mastodon,1,1,2025-02-12,True,False,0.00043,enriched,8.8,NETWORK,True,False,2025,0,v2023.03.01,False,False,False
CVE-2024-12296,2025-02-12,Mastodon,1,1,2025-02-12,True,False,0.0005,enriched,8.8,NETWORK,True,False,2024,0,v2023.03.01,False,False,False
CVE-2025-26377,2025-02-12,Mastodon,1,1,2025-02-12,True,False,0.00043,enriched,8.1,NETWORK,True,False,2025,0,v2023.03.01,False,False,False
CVE-2024-13365,2025-02-12,Mastodon,1,1,2025-02-12,True,False,0.00043,enriched,9.8,NETWORK,True,False,2024,0,v2023.03.01,False,False,False
CVE-2025-25205,2025-02-12,Mastodon,1,1,2025-02-12,True,False,0.00045,enriched,8.2,NETWORK,True,True,2025,0,v2023.03.01,False,False,False
CVE-2025-25203,2025-02-12,Mastodon,1,1,2025-02-12,True,False,0.00043,original,8.1,NETWORK,True,True,2025,0,v2023.03.01,False,False,False
CVE-2024-13714,2025-02-12,Mastodon,1,1,2025-02-12,True,False,0.0005,enriched,8.8,NETWORK,True,False,2024,0,v2023.03.01,False,False,False
CVE-2024-37355,2025-02-12,Mastodon,1,1,2025-02-12,True,False,0.00043,enriched,8.8,LOCAL,True,False,2024,0,v2023.03.01,False,False,False
CVE-2025-26371,2025-02-12,Mastodon,1,1,2025-02-12,True,False,0.00043,enriched,8.8,NETWORK,True,False,2025,0,v2023.03.01,False,False,False
CVE-2024-10960,2025-02-12,Mastodon,1,1,2025-02-12,True,False,0.0005,enriched,9.9,NETWORK,True,False,2024,0,v2023.03.01,False,False,False
CVE-2025-26369,2025-02-12,Mastodon,1,1,2025-02-12,True,False,0.00043,enriched,8.8,NETWORK,True,False,2025,0,v2023.03.01,False,False,False
CVE-2025-26368,2025-02-12,Mastodon,1,1,2025-02-12,True,False,0.00043,enriched,8.1,NETWORK,True,False,2025,0,v2023.03.01,False,False,False
CVE-2025-26361,2025-02-12,Mastodon,1,1,2025-02-12,True,False,0.00043,enriched,9.1,NETWORK,True,False,2025,0,v2023.03.01,False,False,False
CVE-2025-25182,2025-02-12,Mastodon,1,1,2025-02-12,True,False,0.00043,enriched,9.4,NETWORK,True,True,2025,0,v2023.03.01,False,False,False
CVE-2025-0556,2025-02-12,Mastodon,1,1,2025-02-12,True,False,0.00043,enriched,8.8,NETWORK,True,False,2025,0,v2023.03.01,False,False,False
CVE-2024-38310,2025-02-12,Mastodon,1,1,2025-02-12,True,False,0.00043,enriched,8.2,LOCAL,True,False,2024,0,v2023.03.01,False,False,False
CVE-2025-26375,2025-02-12,Mastodon,1,1,2025-02-12,True,False,0.00043,enriched,8.8,NETWORK,True,False,2025,0,v2023.03.01,False,False,False
CVE-2025-26339,2025-02-12,Mastodon,1,1,2025-02-12,True,False,0.00043,enriched,9.8,NETWORK,True,False,2025,0,v2023.03.01,False,False,False
CVE-2025-25067,2025-02-13,Mastodon,1,1,2025-02-13,True,False,0.00046,enriched,9.8,NETWORK,True,False,2025,0,v2023.03.01,False,False,False
CVE-2025-26511,2025-02-13,Mastodon,1,1,2025-02-13,True,False,0.00043,enriched,8.8,NETWORK,True,True,2025,0,v2023.03.01,False,False,False
CVE-2024-7102,2025-02-13,Mastodon,1,1,2025-02-13,True,False,0.00043,original,9.6,NETWORK,True,False,2024,0,v2023.03.01,False,False,False
CVE-2025-1283,2025-02-13,Mastodon,1,1,2025-02-13,True,False,0.00043,enriched,9.8,NETWORK,True,False,2025,0,v2023.03.01,False,False,False
CVE-2025-1270,2025-02-13,Mastodon,1,1,2025-02-13,True,False,0.00043,enriched,9.1,NETWORK,True,False,2025,0,v2023.03.01,False,False,False
CVE-2025-1247,2025-02-13,Mastodon,1,1,2025-02-13,True,False,0.0005,enriched,8.3,NETWORK,True,False,2025,0,v2023.03.01,False,False,False
CVE-2025-24903,2025-02-13,Mastodon,1,1,2025-02-13,True,False,0.00043,enriched,8.5,NETWORK,True,True,2025,0,v2023.03.01,False,False,False
CVE-2025-25388,2025-02-13,Mastodon,1,1,2025-02-13,True,False,0.00043,enriched,9.8,NETWORK,True,True,2025,0,v2023.03.01,False,False,False
CVE-2024-13770,2025-02-13,Mastodon,1,1,2025-02-13,True,False,0.00071,original,8.1,NETWORK,True,False,2024,0,v2023.03.01,False,False,False
CVE-2025-1127,2025-02-13,Mastodon,1,1,2025-02-13,True,False,0.00044,enriched,9.1,NETWORK,True,False,2025,0,v2023.03.01,False,False,False
CVE-2024-10763,2025-02-13,Mastodon,1,1,2025-02-13,True,False,0.00091,original,9.8,NETWORK,True,False,2024,0,v2023.03.01,False,False,False
CVE-2025-1070,2025-02-13,Mastodon,1,1,2025-02-13,True,False,0.00043,enriched,8.1,NETWORK,True,False,2025,0,v2023.03.01,False,False,False
CVE-2025-1058,2025-02-13,Mastodon,1,1,2025-02-13,True,False,0.00043,enriched,8.1,NETWORK,True,False,2025,0,v2023.03.01,False,False,False
CVE-2024-13182,2025-02-13,Mastodon,1,1,2025-02-13,True,False,0.00091,enriched,9.8,NETWORK,True,False,2024,0,v2023.03.01,False,False,False
CVE-2025-24904,2025-02-13,Mastodon,1,1,2025-02-13,True,False,0.00043,enriched,8.5,NETWORK,True,True,2025,0,v2023.03.01,False,False,False
CVE-2025-0896,2025-02-13,Mastodon,1,1,2025-02-13,True,False,0.00043,original,9.8,NETWORK,True,False,2025,0,v2023.03.01,False,False,False
CVE-2025-24865,2025-02-13,Mastodon,1,1,2025-02-13,True,False,0.00045,enriched,10.0,NETWORK,True,False,2025,0,v2023.03.01,False,False,False
CVE-2025-25286,2025-02-13,Mastodon,1,1,2025-02-13,True,False,0.00043,original,9.8,NETWORK,True,True,2025,0,v2023.03.01,False,False,False
CVE-2025-22896,2025-02-13,Mastodon,1,1,2025-02-13,True,False,0.00045,enriched,8.6,NETWORK,True,False,2025,0,v2023.03.01,False,False,False
CVE-2024-34520,2025-02-13,Mastodon,1,1,2025-02-13,True,False,0.00043,original,8.8,NETWORK,True,False,2024,0,v2023.03.01,False,False,False
CVE-2025-24888,2025-02-13,Mastodon,1,1,2025-02-13,True,False,0.00044,enriched,8.1,NETWORK,True,True,2025,0,v2023.03.01,False,False,False
CVE-2025-1094,2025-02-13,Mastodon,5,3,2025-05-03,True,False,0.00043,enriched,8.1,NETWORK,True,False,2025,79,v2023.03.01,False,False,False
CVE-2025-0867,2025-02-14,Mastodon,1,1,2025-02-14,True,False,0.00044,enriched,9.9,NETWORK,True,False,2025,0,v2023.03.01,False,False,False
CVE-2024-12651,2025-02-14,Mastodon,1,1,2025-02-14,True,False,0.00049,enriched,8.5,NETWORK,True,False,2024,0,v2023.03.01,False,False,False
CVE-2025-25206,2025-02-14,Mastodon,1,1,2025-02-14,True,False,0.00043,enriched,8.3,NETWORK,True,False,2025,0,v2023.03.01,False,False,False
CVE-2025-26519,2025-02-14,Mastodon,1,1,2025-02-14,True,False,0.00045,original,8.1,LOCAL,True,False,2025,0,v2023.03.01,False,False,False
CVE-2025-25389,2025-02-14,Mastodon,1,1,2025-02-14,True,False,0.00043,original,9.8,NETWORK,True,True,2025,0,v2023.03.01,False,False,False
CVE-2023-20198,2025-02-14,BleepingComputer,10,4,2025-05-09,False,True,0.87699,original,10.0,NETWORK,True,False,2023,84,v2023.03.01,False,False,False
CVE-2025-25745,2025-02-14,Mastodon,1,1,2025-02-14,True,False,0.00043,enriched,8.8,NETWORK,True,False,2025,0,v2023.03.01,False,False,False
CVE-2024-13152,2025-02-14,Mastodon,1,1,2025-02-14,True,False,0.00091,enriched,10.0,NETWORK,True,False,2024,0,v2023.03.01,False,False,False
CVE-2025-26788,2025-02-14,Mastodon,1,1,2025-02-14,True,False,0.00043,enriched,8.4,NETWORK,True,False,2025,0,v2023.03.01,False,False,False
CVE-2025-22630,2025-02-14,Mastodon,1,1,2025-02-14,True,False,0.00043,enriched,9.9,NETWORK,True,False,2025,0,v2023.03.01,False,False,False
CVE-2025-26156,2025-02-14,Mastodon,1,1,2025-02-14,True,False,0.00043,enriched,8.8,NETWORK,True,True,2025,0,v2023.03.01,False,False,False
CVE-2025-0108,2025-02-14,BleepingComputer,9,3,2025-04-21,True,True,0.00043,original,9.1,NETWORK,True,False,2025,66,v2023.03.01,False,False,False
CVE-2025-25297,2025-02-14,Mastodon,1,1,2025-02-14,True,False,0.00043,enriched,8.6,NETWORK,True,True,2025,0,v2023.03.01,False,False,False
CVE-2025-0593,2025-02-14,Mastodon,1,1,2025-02-14,True,False,0.00044,enriched,8.8,NETWORK,True,False,2025,0,v2023.03.01,False,False,False
CVE-2023-34399,2025-02-14,Mastodon,1,1,2025-02-14,True,False,0.00043,original,9.8,NETWORK,True,False,2023,0,v2023.03.01,False,False,False
CVE-2025-0592,2025-02-14,Mastodon,1,1,2025-02-14,True,False,0.00044,enriched,8.8,NETWORK,True,False,2025,0,v2023.03.01,False,False,False
CVE-2023-20273,2025-02-14,BleepingComputer,5,3,2025-05-09,False,True,0.05724,original,7.2,NETWORK,True,False,2023,84,v2023.03.01,False,False,False
CVE-2024-12562,2025-02-15,Mastodon,1,1,2025-02-15,True,False,0.00071,enriched,9.8,NETWORK,True,False,2024,0,v2023.03.01,False,False,True
CVE-2024-13513,2025-02-15,Mastodon,1,1,2025-02-15,True,False,0.00063,enriched,9.8,NETWORK,True,False,2024,0,v2023.03.01,False,False,True
CVE-2025-1302,2025-02-15,Mastodon,1,1,2025-02-15,True,False,0.00045,enriched,9.8,NETWORK,True,True,2025,0,v2023.03.01,False,False,True
CVE-2025-26819,2025-02-15,Mastodon,1,1,2025-02-15,True,False,0.00043,original,8.6,NETWORK,True,True,2025,0,v2023.03.01,False,False,True
CVE-2025-1340,2025-02-16,Mastodon,1,1,2025-02-16,True,False,0.00114,enriched,8.8,NETWORK,True,True,2025,0,v2023.03.01,False,False,True
CVE-2024-57971,2025-02-16,Mastodon,1,1,2025-02-16,True,False,0.00045,original,9.1,NETWORK,True,True,2024,0,v2023.03.01,False,False,True
CVE-2025-1387,2025-02-17,Mastodon,1,1,2025-02-17,True,False,0.00091,original,9.8,NETWORK,True,False,2025,0,v2023.03.01,False,False,True
CVE-2025-1388,2025-02-17,Mastodon,1,1,2025-02-17,True,False,0.0005,original,8.8,NETWORK,True,False,2025,0,v2023.03.01,False,False,True
CVE-2025-1389,2025-02-17,Mastodon,1,1,2025-02-17,True,False,0.0005,original,8.8,NETWORK,True,False,2025,0,v2023.03.01,False,False,True
CVE-2025-22290,2025-02-17,Mastodon,1,1,2025-02-17,True,False,0.00043,original,9.3,NETWORK,True,False,2025,0,v2023.03.01,False,False,True
CVE-2025-26465,2025-02-18,Mastodon,8,3,2025-04-10,False,True,0.00043,enriched,6.8,NETWORK,False,False,2025,51,v2023.03.01,False,False,True
CVE-2024-12860,2025-02-18,Mastodon,1,1,2025-02-18,True,False,0.00091,enriched,9.8,NETWORK,True,False,2024,0,v2023.03.01,False,False,True
CVE-2024-13556,2025-02-18,Mastodon,1,1,2025-02-18,True,False,0.00091,enriched,8.1,NETWORK,True,False,2024,0,v2023.03.01,False,False,True
CVE-2024-13315,2025-02-18,Mastodon,1,1,2025-02-18,True,False,0.00055,enriched,8.8,NETWORK,True,False,2024,0,v2023.03.01,False,False,True
CVE-2024-13677,2025-02-18,Mastodon,1,1,2025-02-18,True,False,0.00043,original,8.8,NETWORK,True,False,2024,0,v2023.03.01,False,False,True
CVE-2024-13684,2025-02-18,Mastodon,1,1,2025-02-18,True,False,0.00043,original,8.1,NETWORK,True,False,2024,0,v2023.03.01,False,False,True
CVE-2024-39327,2025-02-18,Mastodon,1,1,2025-02-18,True,False,0.00043,enriched,9.9,NETWORK,True,False,2024,0,v2023.03.01,False,False,True
CVE-2024-2973,2025-02-18,BleepingComputer,2,1,2025-02-18,True,False,0.00043,original,10.0,NETWORK,True,False,2024,0,v2023.03.01,False,False,True
CVE-2025-22639,2025-02-18,Mastodon,1,1,2025-02-18,True,False,0.00043,enriched,8.5,NETWORK,True,False,2025,0,v2023.03.01,False,False,True
CVE-2025-22663,2025-02-18,Mastodon,1,1,2025-02-18,True,False,0.00044,enriched,8.6,NETWORK,True,False,2025,0,v2023.03.01,False,False,True
CVE-2025-1240,2025-02-18,Mastodon,1,1,2025-02-18,True,False,0.00043,original,7.8,LOCAL,True,False,2025,0,v2023.03.01,False,False,True
CVE-2025-22656,2025-02-18,Mastodon,1,1,2025-02-18,True,False,0.00043,enriched,8.1,NETWORK,True,False,2025,0,v2023.03.01,False,False,True
CVE-2025-22654,2025-02-18,Mastodon,1,1,2025-02-18,True,False,0.00043,enriched,10.0,NETWORK,True,False,2025,0,v2023.03.01,False,False,True
CVE-2024-51505,2025-02-18,Mastodon,1,1,2025-02-18,True,False,0.00043,enriched,8.0,NETWORK,True,False,2024,0,v2023.03.01,False,False,True
CVE-2024-13852,2025-02-18,Mastodon,1,1,2025-02-18,True,False,0.00045,original,8.8,NETWORK,True,False,2024,0,v2023.03.01,False,False,True
CVE-2024-56000,2025-02-18,Mastodon,1,1,2025-02-18,True,False,0.00043,enriched,9.8,NETWORK,True,False,2024,0,v2023.03.01,False,False,True
CVE-2021-46686,2025-02-18,Mastodon,1,1,2025-02-18,True,False,0.00046,original,9.8,NETWORK,True,False,2021,0,v2023.03.01,False,False,True
CVE-2024-13725,2025-02-18,Mastodon,1,1,2025-02-18,True,False,0.00045,original,9.8,NETWORK,True,False,2024,0,v2023.03.01,False,False,True
CVE-2025-26466,2025-02-18,Mastodon,8,3,2025-04-10,False,True,0.00049,enriched,5.9,NETWORK,False,False,2025,51,v2023.03.01,False,False,True
CVE-2025-24895,2025-02-18,Mastodon,1,1,2025-02-18,True,False,0.00043,enriched,9.1,NETWORK,True,False,2025,0,v2023.03.01,False,False,True
CVE-2025-24894,2025-02-18,Mastodon,1,1,2025-02-18,True,False,0.00043,enriched,9.1,NETWORK,True,False,2025,0,v2023.03.01,False,False,True
CVE-2025-26615,2025-02-18,Mastodon,1,1,2025-02-18,True,False,0.00044,enriched,10.0,NETWORK,True,False,2025,0,v2023.03.01,False,False,True
CVE-2025-26604,2025-02-18,Mastodon,1,1,2025-02-18,True,False,0.00043,enriched,8.3,NETWORK,True,True,2025,0,v2023.03.01,False,False,True
CVE-2022-41545,2025-02-19,Mastodon,1,1,2025-02-19,True,False,0.00045,original,6.4,ADJACENT_NETWORK,True,False,2022,0,v2023.03.01,False,False,True
CVE-2025-25893,2025-02-19,Mastodon,1,1,2025-02-19,True,False,0.00043,original,8.0,ADJACENT_NETWORK,True,True,2025,0,v2023.03.01,False,False,True
CVE-2025-25894,2025-02-19,Mastodon,1,1,2025-02-19,True,False,0.00043,original,8.0,ADJACENT_NETWORK,True,True,2025,0,v2023.03.01,False,False,True
CVE-2024-52541,2025-02-19,Mastodon,1,1,2025-02-19,True,False,0.00043,enriched,8.2,LOCAL,True,False,2024,0,v2023.03.01,False,False,True
CVE-2025-0111,2025-02-19,BleepingComputer,8,2,2025-04-28,False,True,0.00043,original,6.5,NETWORK,True,False,2025,68,v2023.03.01,False,False,True
CVE-2025-0999,2025-02-19,Mastodon,2,1,2025-02-20,True,False,0.00043,enriched,8.8,NETWORK,True,False,2025,1,v2023.03.01,False,False,True
CVE-2021-31207,2025-02-19,BleepingComputer,2,1,2025-02-19,False,True,0.91111,original,6.6,NETWORK,True,False,2021,0,v2023.03.01,False,False,True
CVE-2024-45084,2025-02-19,Mastodon,1,1,2025-02-19,True,False,0.0005,enriched,8.0,NETWORK,True,False,2024,0,v2023.03.01,False,False,True
CVE-2025-25467,2025-02-19,Mastodon,1,1,2025-02-19,True,False,0.00043,original,9.8,NETWORK,True,False,2025,0,v2023.03.01,False,False,True
CVE-2021-34473,2025-02-19,BleepingComputer,3,1,2025-05-21,False,True,0.96568,original,9.1,NETWORK,True,False,2021,91,v2023.03.01,False,False,True
CVE-2021-34523,2025-02-19,BleepingComputer,2,1,2025-02-19,False,True,0.95882,original,9.0,LOCAL,True,False,2021,0,v2023.03.01,False,False,True
CVE-2024-28777,2025-02-19,Mastodon,1,1,2025-02-19,True,False,0.0005,enriched,8.8,NETWORK,True,False,2024,0,v2023.03.01,False,False,True
CVE-2009-3960,2025-02-19,BleepingComputer,2,1,2025-02-19,False,True,0.93821,original,6.5,NETWORK,True,False,2009,0,v2023.03.01,False,False,True
CVE-2025-25895,2025-02-19,Mastodon,1,1,2025-02-19,True,False,0.00043,original,8.0,ADJACENT_NETWORK,True,True,2025,0,v2023.03.01,False,False,True
CVE-2023-47160,2025-02-19,Mastodon,1,1,2025-02-19,True,False,0.00087,enriched,8.2,NETWORK,True,False,2023,0,v2023.03.01,False,False,True
CVE-2010-2861,2025-02-19,BleepingComputer,2,1,2025-02-19,False,True,0.95395,original,9.8,NETWORK,True,False,2010,0,v2023.03.01,False,False,True
CVE-2025-1006,2025-02-19,Mastodon,2,1,2025-02-20,True,False,0.00043,enriched,8.8,NETWORK,True,False,2025,1,v2023.03.01,False,False,True
CVE-2024-55460,2025-02-19,Mastodon,1,1,2025-02-19,True,False,0.00043,original,9.8,NETWORK,True,False,2024,0,v2023.03.01,False,False,True
CVE-2024-57045,2025-02-19,Mastodon,1,1,2025-02-19,True,False,0.00043,original,9.8,NETWORK,True,True,2024,0,v2023.03.01,False,False,True
CVE-2025-1426,2025-02-19,Mastodon,2,1,2025-02-20,True,False,0.00043,enriched,8.8,NETWORK,True,False,2025,1,v2023.03.01,False,False,True
CVE-2024-52902,2025-02-19,Mastodon,1,1,2025-02-19,True,False,0.0005,enriched,8.8,NETWORK,True,False,2024,0,v2023.03.01,False,False,True
CVE-2024-57049,2025-02-19,Mastodon,1,1,2025-02-19,True,False,0.00043,original,9.8,NETWORK,True,True,2024,0,v2023.03.01,False,False,True
CVE-2024-57050,2025-02-19,Mastodon,1,1,2025-02-19,True,False,0.00043,original,9.8,NETWORK,False,False,2024,0,v2023.03.01,False,False,True
CVE-2024-56883,2025-02-19,Mastodon,1,1,2025-02-19,True,False,0.00043,original,8.1,NETWORK,True,False,2024,0,v2023.03.01,False,False,True
CVE-2025-24989,2025-02-20,Mastodon,4,2,2025-02-21,True,False,0.00048,original,8.2,NETWORK,True,False,2025,1,v2023.03.01,False,False,True
CVE-2024-13789,2025-02-20,Mastodon,1,1,2025-02-20,True,False,0.00071,enriched,9.8,NETWORK,True,False,2024,0,v2023.03.01,False,False,True
CVE-2024-37361,2025-02-20,Mastodon,1,1,2025-02-20,True,False,0.00043,original,9.9,NETWORK,True,False,2024,0,v2023.03.01,False,False,True
CVE-2024-5705,2025-02-20,Mastodon,1,1,2025-02-20,True,False,0.00043,original,8.8,NETWORK,True,False,2024,0,v2023.03.01,False,False,True
CVE-2024-37359,2025-02-20,Mastodon,1,1,2025-02-20,True,False,0.00043,original,8.6,NETWORK,True,False,2024,0,v2023.03.01,False,False,True
CVE-2025-24893,2025-02-20,Mastodon,3,2,2025-04-07,True,False,0.00045,enriched,9.8,NETWORK,True,True,2025,46,v2023.03.01,False,False,True
CVE-2020-10095,2025-02-20,Mastodon,1,1,2025-02-20,True,False,0.00043,original,8.1,NETWORK,True,False,2020,0,v2023.03.01,False,False,True
CVE-2020-35546,2025-02-20,Mastodon,1,1,2025-02-20,True,False,0.00043,original,9.1,NETWORK,True,False,2020,0,v2023.03.01,False,False,True
CVE-2025-21355,2025-02-20,Mastodon,3,2,2025-02-20,True,False,0.00087,original,8.6,NETWORK,True,False,2025,0,v2023.03.01,False,False,True
CVE-2024-13753,2025-02-20,Mastodon,1,1,2025-02-20,True,False,0.00058,enriched,8.1,NETWORK,True,False,2024,0,v2023.03.01,False,False,True
CVE-2023-51319,2025-02-20,Mastodon,1,1,2025-02-20,True,False,0.00043,enriched,8.8,NETWORK,True,False,2023,0,v2023.03.01,False,False,True
CVE-2018-0171,2025-02-20,BleepingComputer,4,3,2025-05-16,True,False,0.74487,original,9.8,NETWORK,True,False,2018,85,v2023.03.01,False,False,True
CVE-2025-0725,2025-02-20,Mastodon,1,1,2025-02-20,True,False,0.00045,original,7.3,NETWORK,True,True,2025,0,v2023.03.01,False,False,True
CVE-2025-1293,2025-02-20,Mastodon,1,1,2025-02-20,True,False,0.00043,original,8.2,ADJACENT_NETWORK,True,False,2025,0,v2023.03.01,False,False,True
CVE-2024-5706,2025-02-20,Mastodon,1,1,2025-02-20,True,False,0.00043,original,8.8,NETWORK,True,False,2024,0,v2023.03.01,False,False,True
CVE-2025-20059,2025-02-20,Mastodon,1,1,2025-02-20,True,False,0.00043,enriched,9.1,NETWORK,True,False,2025,0,v2023.03.01,False,False,True
CVE-2025-1265,2025-02-20,Mastodon,1,1,2025-02-20,True,False,0.00043,enriched,9.9,NETWORK,True,False,2025,0,v2023.03.01,False,False,True
CVE-2024-24919,2025-02-20,BleepingComputer,2,1,2025-02-20,True,False,0.96392,original,8.6,NETWORK,True,False,2024,0,v2023.03.01,False,False,True
CVE-2023-46271,2025-02-20,Mastodon,1,1,2025-02-20,True,False,0.00045,original,9.8,NETWORK,True,False,2023,0,v2023.03.01,False,False,True
CVE-2023-51302,2025-02-20,Mastodon,1,1,2025-02-20,True,False,0.00043,original,8.8,NETWORK,True,False,2023,0,v2023.03.01,False,False,True
CVE-2023-46272,2025-02-20,Mastodon,1,1,2025-02-20,True,False,0.00046,original,8.8,ADJACENT_NETWORK,True,False,2023,0,v2023.03.01,False,False,True
CVE-2025-25664,2025-02-21,Mastodon,1,1,2025-02-21,True,False,0.00043,original,9.8,NETWORK,True,True,2025,0,v2023.03.01,False,False,True
CVE-2025-25662,2025-02-21,Mastodon,1,1,2025-02-21,True,False,0.00043,original,9.8,NETWORK,True,True,2025,0,v2023.03.01,False,False,True
CVE-2025-25663,2025-02-21,Mastodon,1,1,2025-02-21,True,False,0.00043,original,9.8,NETWORK,True,True,2025,0,v2023.03.01,False,False,True
CVE-2025-26305,2025-02-21,Mastodon,1,1,2025-02-21,True,False,0.00043,original,8.2,NETWORK,True,False,2025,0,v2023.03.01,False,False,True
CVE-2025-25282,2025-02-21,Mastodon,1,1,2025-02-21,True,False,0.00043,enriched,8.1,NETWORK,True,False,2025,0,v2023.03.01,False,False,True
CVE-2025-25667,2025-02-21,Mastodon,1,1,2025-02-21,True,False,0.00043,original,9.8,NETWORK,True,True,2025,0,v2023.03.01,False,False,True
CVE-2023-51313,2025-02-21,Mastodon,1,1,2025-02-21,True,False,0.00043,original,8.8,NETWORK,True,False,2023,0,v2023.03.01,False,False,True
CVE-2023-51333,2025-02-21,Mastodon,1,1,2025-02-21,True,False,0.00043,original,8.8,NETWORK,True,False,2023,0,v2023.03.01,False,False,True
CVE-2023-51336,2025-02-21,Mastodon,1,1,2025-02-21,True,False,0.00043,original,8.8,NETWORK,True,False,2023,0,v2023.03.01,False,False,True
CVE-2024-57401,2025-02-21,Mastodon,1,1,2025-02-21,True,False,0.00043,original,9.8,NETWORK,True,False,2024,0,v2023.03.01,False,False,True
CVE-2024-54756,2025-02-21,Mastodon,1,1,2025-02-21,True,False,0.00043,original,9.8,NETWORK,True,False,2024,0,v2023.03.01,False,False,True
CVE-2025-25668,2025-02-21,Mastodon,1,1,2025-02-21,True,False,0.00043,original,9.8,NETWORK,True,True,2025,0,v2023.03.01,False,False,True
CVE-2024-13353,2025-02-21,Mastodon,1,1,2025-02-21,True,False,0.00066,enriched,8.8,NETWORK,True,False,2024,0,v2023.03.01,False,False,True
CVE-2025-25675,2025-02-21,Mastodon,1,1,2025-02-21,True,False,0.00043,original,9.8,NETWORK,True,True,2025,0,v2023.03.01,False,False,True
CVE-2025-25676,2025-02-21,Mastodon,1,1,2025-02-21,True,False,0.00043,original,9.8,NETWORK,True,True,2025,0,v2023.03.01,False,False,True
CVE-2025-25678,2025-02-21,Mastodon,1,1,2025-02-21,True,False,0.00043,original,9.8,NETWORK,True,True,2025,0,v2023.03.01,False,False,True
CVE-2025-26304,2025-02-21,Mastodon,1,1,2025-02-21,True,False,0.00043,original,8.2,NETWORK,True,False,2025,0,v2023.03.01,False,False,True
CVE-2025-26013,2025-02-21,Mastodon,1,1,2025-02-21,True,False,0.00043,enriched,8.2,NETWORK,True,False,2025,0,v2023.03.01,False,False,True
CVE-2025-1403,2025-02-21,Mastodon,1,1,2025-02-21,True,False,0.00043,enriched,8.6,NETWORK,True,False,2025,0,v2023.03.01,False,False,True
CVE-2025-1539,2025-02-21,Mastodon,1,1,2025-02-21,True,False,0.00152,enriched,8.8,NETWORK,True,False,2025,0,v2023.03.01,False,False,True
CVE-2025-1538,2025-02-21,Mastodon,1,1,2025-02-21,True,False,0.0023,enriched,8.8,NETWORK,True,False,2025,0,v2023.03.01,False,False,True
CVE-2025-25674,2025-02-21,Mastodon,1,1,2025-02-21,True,False,0.00043,original,9.8,NETWORK,True,True,2025,0,v2023.03.01,False,False,True
CVE-2025-26763,2025-02-22,Mastodon,1,1,2025-02-22,True,False,0.00043,enriched,9.8,NETWORK,True,False,2025,0,v2023.03.01,False,False,True
CVE-2025-26776,2025-02-22,Mastodon,1,1,2025-02-22,True,False,0.00043,enriched,10.0,NETWORK,True,False,2025,0,v2023.03.01,False,False,True
CVE-2025-27012,2025-02-22,Mastodon,1,1,2025-02-22,True,False,0.00043,enriched,8.8,NETWORK,True,False,2025,0,v2023.03.01,False,False,True
CVE-2025-27105,2025-02-22,Mastodon,1,1,2025-02-22,True,False,0.00043,original,9.1,NETWORK,True,False,2025,0,v2023.03.01,False,False,True
CVE-2025-27106,2025-02-22,Mastodon,1,1,2025-02-22,True,False,0.00046,original,8.8,NETWORK,True,True,2025,0,v2023.03.01,False,False,True
CVE-2025-25769,2025-02-24,Mastodon,1,1,2025-02-24,True,False,0.00043,original,8.0,NETWORK,True,False,2025,0,v2023.03.01,False,False,True
CVE-2024-34331,2025-02-24,BleepingComputer,2,1,2025-02-24,True,False,0.00043,original,9.8,NETWORK,True,False,2024,0,v2023.03.01,False,False,True
CVE-2025-25279,2025-02-24,Mastodon,1,1,2025-02-24,True,False,0.00044,enriched,9.9,NETWORK,True,False,2025,0,v2023.03.01,False,False,True
CVE-2025-26201,2025-02-24,Mastodon,1,1,2025-02-24,True,False,0.00045,enriched,9.1,NETWORK,True,True,2025,0,v2023.03.01,False,False,True
CVE-2024-55898,2025-02-24,Mastodon,1,1,2025-02-24,True,False,0.0005,original,8.5,NETWORK,True,False,2024,0,v2023.03.01,False,False,True
CVE-2024-12918,2025-02-24,Mastodon,1,1,2025-02-24,True,False,0.0005,enriched,8.8,NETWORK,True,False,2024,0,v2023.03.01,False,False,True
CVE-2025-20051,2025-02-24,Mastodon,1,1,2025-02-24,True,False,0.00044,enriched,9.9,NETWORK,True,False,2025,0,v2023.03.01,False,False,True
CVE-2025-26525,2025-02-24,Mastodon,1,1,2025-02-24,True,False,0.00043,enriched,8.6,NETWORK,True,False,2025,0,v2023.03.01,False,False,True
CVE-2024-54772,2025-02-24,Reddit,1,1,2025-02-24,True,False,0.00043,original,5.4,NETWORK,True,False,2024,0,v2023.03.01,False,False,True
CVE-2025-26529,2025-02-24,Mastodon,4,2,2025-05-05,True,False,0.00043,enriched,8.3,NETWORK,True,False,2025,70,v2023.03.01,False,False,True
CVE-2025-24490,2025-02-24,Mastodon,1,1,2025-02-24,True,False,0.00043,enriched,9.6,NETWORK,True,False,2025,0,v2023.03.01,False,False,True
CVE-2025-27276,2025-02-24,Mastodon,1,1,2025-02-24,True,False,0.00043,enriched,8.8,NETWORK,True,False,2025,0,v2023.03.01,False,False,True
CVE-2025-27298,2025-02-24,Mastodon,1,1,2025-02-24,True,False,0.00043,enriched,8.3,NETWORK,True,False,2025,0,v2023.03.01,False,False,True
CVE-2025-27312,2025-02-24,Mastodon,1,1,2025-02-24,True,False,0.00043,enriched,8.5,NETWORK,True,False,2025,0,v2023.03.01,False,False,True
CVE-2025-27364,2025-02-24,Mastodon,1,1,2025-02-24,True,False,0.00045,enriched,10.0,NETWORK,True,True,2025,0,v2023.03.01,False,False,True
CVE-2025-22495,2025-02-24,Mastodon,1,1,2025-02-24,True,False,0.00043,enriched,8.4,NETWORK,True,False,2025,0,v2023.03.01,False,False,True
CVE-2024-12916,2025-02-24,Mastodon,1,1,2025-02-24,True,False,0.0005,enriched,8.8,NETWORK,True,False,2024,0,v2023.03.01,False,False,True
CVE-2024-12917,2025-02-24,Mastodon,1,1,2025-02-24,True,False,0.0005,enriched,8.3,NETWORK,True,False,2024,0,v2023.03.01,False,False,True
CVE-2025-26533,2025-02-24,Mastodon,1,1,2025-02-24,True,False,0.00043,enriched,8.1,NETWORK,True,False,2025,0,v2023.03.01,False,False,True
CVE-2024-54820,2025-02-24,Mastodon,1,1,2025-02-24,True,False,0.00043,enriched,9.8,NETWORK,True,False,2024,0,v2023.03.01,False,False,True
CVE-2025-26530,2025-02-24,Mastodon,1,1,2025-02-24,True,False,0.00043,enriched,8.3,NETWORK,True,False,2025,0,v2023.03.01,False,False,True
CVE-2025-1674,2025-02-25,Mastodon,1,1,2025-02-25,True,False,0.00043,enriched,8.2,NETWORK,True,False,2025,0,v2023.03.01,False,False,True
CVE-2025-1128,2025-02-25,Mastodon,1,1,2025-02-25,True,False,0.00063,enriched,9.8,NETWORK,True,True,2025,0,v2023.03.01,False,False,True
CVE-2025-1675,2025-02-25,Mastodon,1,1,2025-02-25,True,False,0.00043,enriched,8.2,NETWORK,True,False,2025,0,v2023.03.01,False,False,True
CVE-2024-12368,2025-02-25,Mastodon,1,1,2025-02-25,True,False,0.00043,enriched,8.1,NETWORK,True,False,2024,0,v2023.03.01,False,False,True
CVE-2025-26966,2025-02-25,Mastodon,1,1,2025-02-25,True,False,0.00043,enriched,9.8,NETWORK,True,False,2025,0,v2023.03.01,False,False,True
CVE-2025-1673,2025-02-25,Mastodon,1,1,2025-02-25,True,False,0.00043,enriched,8.2,NETWORK,True,False,2025,0,v2023.03.01,False,False,True
CVE-2025-26943,2025-02-25,Mastodon,1,1,2025-02-25,True,False,0.00043,enriched,9.3,NETWORK,True,False,2025,0,v2023.03.01,False,False,True
CVE-2025-26974,2025-02-25,Mastodon,1,1,2025-02-25,True,False,0.00043,enriched,9.3,NETWORK,True,False,2025,0,v2023.03.01,False,False,True
CVE-2024-45421,2025-02-25,Mastodon,1,1,2025-02-25,True,False,0.00043,enriched,8.5,NETWORK,True,False,2024,0,v2023.03.01,False,False,True
CVE-2024-56525,2025-02-25,Mastodon,1,1,2025-02-25,True,False,0.00043,enriched,9.8,NETWORK,True,False,2024,0,v2023.03.01,False,False,True
CVE-2025-26985,2025-02-25,Mastodon,1,1,2025-02-25,True,False,0.00043,enriched,8.1,NETWORK,True,False,2025,0,v2023.03.01,False,False,True
CVE-2025-26752,2025-02-25,Mastodon,1,1,2025-02-25,True,False,0.00044,enriched,8.6,NETWORK,True,False,2025,0,v2023.03.01,False,False,True
CVE-2025-27148,2025-02-25,Mastodon,1,1,2025-02-25,True,False,0.00044,enriched,8.8,LOCAL,True,True,2025,0,v2023.03.01,False,False,True
CVE-2025-22974,2025-02-25,Mastodon,1,1,2025-02-25,True,False,0.00043,enriched,9.8,NETWORK,True,True,2025,0,v2023.03.01,False,False,True
CVE-2025-26915,2025-02-25,Mastodon,1,1,2025-02-25,True,False,0.00043,enriched,8.5,NETWORK,True,False,2025,0,v2023.03.01,False,False,True
CVE-2024-53544,2025-02-25,Mastodon,1,1,2025-02-25,True,False,0.00043,enriched,9.8,NETWORK,True,False,2024,0,v2023.03.01,False,False,True
CVE-2025-26900,2025-02-25,Mastodon,1,1,2025-02-25,True,False,0.00043,enriched,9.8,NETWORK,True,False,2025,0,v2023.03.01,False,False,True
CVE-2023-25574,2025-02-25,Mastodon,1,1,2025-02-25,True,False,0.00045,enriched,10.0,NETWORK,True,True,2023,0,v2023.03.01,False,False,True
CVE-2025-25517,2025-02-26,Mastodon,1,1,2025-02-26,True,False,0.00043,enriched,9.8,NETWORK,True,True,2025,0,v2023.03.01,False,False,True
CVE-2025-26794,2025-02-26,Mastodon,1,1,2025-02-26,True,False,0.00044,original,7.5,NETWORK,True,True,2025,0,v2023.03.01,False,False,True
CVE-2025-25515,2025-02-26,Mastodon,1,1,2025-02-26,True,False,0.00043,enriched,8.8,NETWORK,True,True,2025,0,v2023.03.01,False,False,True
CVE-2024-47051,2025-02-26,Mastodon,1,1,2025-02-26,True,False,0.00045,enriched,9.1,NETWORK,True,False,2024,0,v2023.03.01,False,False,True
CVE-2025-25520,2025-02-26,Mastodon,1,1,2025-02-26,True,False,0.00043,enriched,9.8,NETWORK,True,True,2025,0,v2023.03.01,False,False,True
CVE-2025-25519,2025-02-26,Mastodon,1,1,2025-02-26,True,False,0.00043,enriched,9.8,NETWORK,True,True,2025,0,v2023.03.01,False,False,True
CVE-2025-25521,2025-02-26,Mastodon,1,1,2025-02-26,True,False,0.00043,enriched,9.8,NETWORK,True,True,2025,0,v2023.03.01,False,False,True
CVE-2025-25516,2025-02-26,Mastodon,1,1,2025-02-26,True,False,0.00043,enriched,9.8,NETWORK,True,True,2025,0,v2023.03.01,False,False,True
CVE-2025-1295,2025-02-27,Mastodon,1,1,2025-02-27,True,False,0.0005,enriched,8.8,NETWORK,True,False,2025,0,v2023.03.01,False,False,True
CVE-2025-1717,2025-02-27,Mastodon,1,1,2025-02-27,True,False,0.00091,enriched,8.1,NETWORK,True,False,2025,0,v2023.03.01,False,False,True
CVE-2025-1282,2025-02-27,Mastodon,1,1,2025-02-27,True,False,0.00049,enriched,8.8,NETWORK,True,False,2025,0,v2023.03.01,False,False,True
CVE-2024-13148,2025-02-27,Mastodon,1,1,2025-02-27,True,False,0.00091,enriched,9.8,NETWORK,True,False,2024,0,v2023.03.01,False,False,True
CVE-2025-1751,2025-02-27,Mastodon,1,1,2025-02-27,True,False,0.00043,enriched,9.8,NETWORK,True,False,2025,0,v2023.03.01,False,False,True
CVE-2024-9334,2025-02-27,Mastodon,1,1,2025-02-27,True,False,0.00087,enriched,8.2,NETWORK,True,False,2024,0,v2023.03.01,False,False,True
CVE-2024-51139,2025-02-28,Mastodon,1,1,2025-02-28,True,False,0.00043,original,9.8,NETWORK,True,False,2024,0,v2023.03.01,False,False,True
CVE-2024-37567,2025-02-28,Mastodon,1,1,2025-02-28,True,False,0.00043,original,9.1,NETWORK,True,False,2024,0,v2023.03.01,False,False,True
CVE-2025-1570,2025-02-28,Mastodon,1,1,2025-02-28,True,False,0.00091,enriched,8.1,NETWORK,True,False,2025,0,v2023.03.01,False,False,True
CVE-2024-29748,2025-02-28,BleepingComputer,4,2,2025-05-01,False,True,0.00095,original,7.8,LOCAL,True,False,2024,62,v2023.03.01,False,False,True
CVE-2025-25477,2025-02-28,Mastodon,1,1,2025-02-28,True,False,0.00043,original,8.1,NETWORK,True,False,2025,0,v2023.03.01,False,False,True
CVE-2024-9195,2025-02-28,Mastodon,1,1,2025-02-28,True,False,0.0005,enriched,8.8,NETWORK,True,False,2024,0,v2023.03.01,False,False,True
CVE-2025-0975,2025-02-28,Mastodon,1,1,2025-02-28,True,False,0.0005,original,8.8,NETWORK,True,False,2025,0,v2023.03.01,False,False,True
CVE-2024-37566,2025-02-28,Mastodon,1,1,2025-02-28,True,False,0.00043,original,9.8,NETWORK,True,False,2024,0,v2023.03.01,False,False,True
CVE-2024-41334,2025-02-28,Mastodon,1,1,2025-02-28,True,False,0.00043,original,8.8,NETWORK,True,False,2024,0,v2023.03.01,False,False,True
CVE-2024-41339,2025-02-28,Mastodon,1,1,2025-02-28,True,False,0.00043,original,8.8,NETWORK,True,False,2024,0,v2023.03.01,False,False,True
CVE-2024-8425,2025-02-28,Mastodon,1,1,2025-02-28,True,False,0.00091,enriched,9.8,NETWORK,True,False,2024,0,v2023.03.01,False,False,True
CVE-2024-41340,2025-02-28,Mastodon,1,1,2025-02-28,True,False,0.00043,original,8.4,LOCAL,True,False,2024,0,v2023.03.01,False,False,True
CVE-2024-8420,2025-02-28,Mastodon,1,1,2025-02-28,True,False,0.00091,enriched,9.8,NETWORK,True,False,2024,0,v2023.03.01,False,False,True
CVE-2025-25570,2025-02-28,Mastodon,1,1,2025-02-28,True,False,0.00043,original,9.8,NETWORK,True,False,2025,0,v2023.03.01,False,False,True
CVE-2024-12811,2025-02-28,Mastodon,1,1,2025-02-28,True,False,0.0005,original,8.8,NETWORK,True,False,2024,0,v2023.03.01,False,False,True
CVE-2024-29745,2025-02-28,BleepingComputer,4,2,2025-05-01,False,True,0.00094,original,5.5,LOCAL,True,False,2024,62,v2023.03.01,False,False,True
CVE-2025-0159,2025-02-28,Mastodon,1,1,2025-02-28,True,False,0.00091,enriched,9.1,NETWORK,True,False,2025,0,v2023.03.01,False,False,True
CVE-2025-27142,2025-02-28,Mastodon,1,1,2025-02-28,True,False,0.00044,original,8.8,ADJACENT_NETWORK,True,True,2025,0,v2023.03.01,False,False,True
CVE-2024-50302,2025-02-28,BleepingComputer,9,2,2025-04-19,False,True,0.00042,original,5.5,LOCAL,True,False,2024,50,v2023.03.01,False,False,True
CVE-2024-36047,2025-02-28,Mastodon,1,1,2025-02-28,True,False,0.00043,original,9.8,NETWORK,True,False,2024,0,v2023.03.01,False,False,True
CVE-2025-1687,2025-02-28,Mastodon,1,1,2025-02-28,True,False,0.00055,original,8.8,NETWORK,True,False,2025,0,v2023.03.01,False,False,True
CVE-2024-38291,2025-02-28,Mastodon,1,1,2025-02-28,True,False,0.00043,original,8.8,NETWORK,True,False,2024,0,v2023.03.01,False,False,True
CVE-2024-38292,2025-02-28,Mastodon,1,1,2025-02-28,True,False,0.00043,original,9.8,NETWORK,True,False,2024,0,v2023.03.01,False,False,True
CVE-2024-36046,2025-02-28,Mastodon,1,1,2025-02-28,True,False,0.00043,original,9.8,NETWORK,True,False,2024,0,v2023.03.01,False,False,True
CVE-2025-1682,2025-02-28,Mastodon,1,1,2025-02-28,True,False,0.00056,original,8.8,NETWORK,True,False,2025,0,v2023.03.01,False,False,True
CVE-2024-9193,2025-02-28,Mastodon,1,1,2025-02-28,True,False,0.00091,enriched,9.8,NETWORK,True,False,2024,0,v2023.03.01,False,False,True
CVE-2024-53197,2025-02-28,BleepingComputer,9,3,2025-04-19,False,True,0.00044,original,7.8,LOCAL,True,False,2024,50,v2023.03.01,False,False,True
CVE-2025-26325,2025-02-28,Mastodon,1,1,2025-02-28,True,False,0.00043,original,9.8,NETWORK,True,False,2025,0,v2023.03.01,False,False,True
CVE-2025-26264,2025-02-28,Mastodon,1,1,2025-02-28,True,False,0.00043,original,8.8,NETWORK,True,False,2025,0,v2023.03.01,False,False,True
CVE-2024-51138,2025-02-28,Mastodon,1,1,2025-02-28,True,False,0.00043,original,9.8,NETWORK,True,False,2024,0,v2023.03.01,False,False,True
CVE-2025-0160,2025-02-28,Mastodon,1,1,2025-02-28,True,False,0.00091,enriched,8.1,NETWORK,True,False,2025,0,v2023.03.01,False,False,True
CVE-2024-13373,2025-03-01,Mastodon,1,1,2025-03-01,True,False,0.00091,enriched,8.1,NETWORK,True,False,2024,0,v2023.03.01,False,False,True
CVE-2024-12824,2025-03-01,Mastodon,1,1,2025-03-01,True,False,0.00091,enriched,9.8,NETWORK,True,False,2024,0,v2023.03.01,False,False,True
CVE-2025-0289,2025-03-01,BleepingComputer,3,2,2025-05-20,True,True,0.00043,enriched,7.8,LOCAL,True,False,2025,80,v2023.03.01,False,False,True
CVE-2024-12544,2025-03-01,Mastodon,1,1,2025-03-01,True,False,0.00056,enriched,8.8,NETWORK,True,False,2024,0,v2023.03.01,False,False,True
CVE-2025-23115,2025-03-01,Mastodon,1,1,2025-03-01,True,False,0.00043,original,9.0,NETWORK,True,False,2025,0,v2023.03.01,False,False,True
CVE-2025-1638,2025-03-01,Mastodon,1,1,2025-03-01,True,False,0.00091,enriched,9.8,NETWORK,True,False,2025,0,v2023.03.01,False,False,True
CVE-2025-23116,2025-03-01,Mastodon,1,1,2025-03-01,True,False,0.00043,original,9.6,ADJACENT_NETWORK,True,False,2025,0,v2023.03.01,False,False,True
CVE-2025-1564,2025-03-01,Mastodon,1,1,2025-03-01,True,False,0.00091,enriched,9.8,NETWORK,True,False,2025,0,v2023.03.01,False,False,True
CVE-2025-27554,2025-03-01,Mastodon,1,1,2025-03-01,True,False,0.00045,enriched,9.9,NETWORK,True,False,2025,0,v2023.03.01,False,False,True
CVE-2025-1671,2025-03-01,Mastodon,1,1,2025-03-01,True,False,0.00091,enriched,9.8,NETWORK,True,False,2025,0,v2023.03.01,False,False,True
CVE-2025-0298,2025-03-01,BleepingComputer,2,1,2025-03-01,False,True,0.00045,original,6.3,NETWORK,True,False,2025,0,v2023.03.01,False,False,True
CVE-2025-1814,2025-03-02,Mastodon,1,1,2025-03-02,True,False,0.00114,enriched,8.8,NETWORK,True,True,2025,0,v2023.03.01,False,False,True
CVE-2025-27590,2025-03-03,Mastodon,1,1,2025-03-03,True,False,0.00044,original,9.0,NETWORK,True,True,2025,0,v2023.03.01,False,True,True
CVE-2025-26988,2025-03-03,Mastodon,1,1,2025-03-03,True,False,0.00043,enriched,9.3,NETWORK,True,False,2025,0,v2023.03.01,False,True,True
CVE-2025-27268,2025-03-03,Mastodon,1,1,2025-03-03,True,False,0.00043,enriched,9.3,NETWORK,True,False,2025,0,v2023.03.01,False,True,True
CVE-2024-43169,2025-03-03,Mastodon,1,1,2025-03-03,True,False,0.00091,enriched,8.8,NETWORK,True,False,2024,0,v2023.03.01,False,True,True
CVE-2023-20118,2025-03-03,BleepingComputer,7,4,2025-05-27,True,True,0.00069,original,6.5,NETWORK,True,False,2023,85,v2023.03.01,False,True,True
CVE-2025-26535,2025-03-03,Mastodon,1,1,2025-03-03,True,False,0.00043,enriched,9.3,NETWORK,True,False,2025,0,v2023.03.01,False,True,True
CVE-2023-20025,2025-03-03,BleepingComputer,2,1,2025-03-03,False,True,0.00336,original,9.0,NETWORK,True,False,2023,0,v2023.03.01,False,True,True
CVE-2018-8639,2025-03-03,BleepingComputer,2,1,2025-03-03,False,True,0.00071,original,7.8,LOCAL,True,False,2018,0,v2023.03.01,False,True,True
CVE-2025-26999,2025-03-03,Mastodon,1,1,2025-03-03,True,False,0.00043,enriched,8.8,NETWORK,True,False,2025,0,v2023.03.01,False,True,True
CVE-2025-25122,2025-03-03,Mastodon,1,1,2025-03-03,True,False,0.00043,enriched,8.1,NETWORK,True,False,2025,0,v2023.03.01,False,True,True
CVE-2025-26534,2025-03-03,Mastodon,1,1,2025-03-03,True,False,0.00044,enriched,8.6,NETWORK,True,False,2025,0,v2023.03.01,False,True,True
CVE-2025-25150,2025-03-03,Mastodon,1,1,2025-03-03,True,False,0.00043,enriched,9.3,NETWORK,True,False,2025,0,v2023.03.01,False,True,True
CVE-2025-27263,2025-03-03,Mastodon,1,1,2025-03-03,True,False,0.00043,enriched,8.5,NETWORK,True,False,2025,0,v2023.03.01,False,True,True
CVE-2025-25109,2025-03-03,Mastodon,1,1,2025-03-03,True,False,0.00043,enriched,8.1,NETWORK,True,False,2025,0,v2023.03.01,False,True,True
CVE-2025-1723,2025-03-03,Mastodon,1,1,2025-03-03,True,False,0.00043,enriched,8.1,NETWORK,True,False,2025,0,v2023.03.01,False,True,True
CVE-2025-1801,2025-03-03,Mastodon,1,1,2025-03-03,True,False,0.0006,enriched,8.1,NETWORK,True,False,2025,0,v2023.03.01,False,True,True
CVE-2025-1853,2025-03-03,Mastodon,1,1,2025-03-03,True,False,0.00114,enriched,8.8,NETWORK,True,True,2025,0,v2023.03.01,False,True,True
CVE-2025-0475,2025-03-03,Mastodon,1,1,2025-03-03,True,False,0.00043,enriched,8.7,NETWORK,True,False,2025,0,v2023.03.01,False,True,True
CVE-2025-1852,2025-03-03,Mastodon,1,1,2025-03-03,True,False,0.00045,enriched,8.8,NETWORK,True,True,2025,0,v2023.03.01,False,True,True
CVE-2025-1851,2025-03-03,Mastodon,1,1,2025-03-03,True,False,0.00045,enriched,8.8,NETWORK,True,True,2025,0,v2023.03.01,False,True,True
CVE-2025-27270,2025-03-03,Mastodon,1,1,2025-03-03,True,False,0.00043,enriched,9.8,NETWORK,True,False,2025,0,v2023.03.01,False,True,True
CVE-2025-26967,2025-03-03,Mastodon,1,1,2025-03-03,True,False,0.00043,enriched,8.8,NETWORK,True,False,2025,0,v2023.03.01,False,True,True
CVE-2025-26970,2025-03-03,Mastodon,1,1,2025-03-03,True,False,0.00043,enriched,10.0,NETWORK,True,False,2025,0,v2023.03.01,False,True,True
CVE-2022-43939,2025-03-04,Reddit,1,1,2025-03-04,False,True,0.0169,original,8.6,NETWORK,True,False,2022,0,v2023.03.01,False,True,True
CVE-2025-1260,2025-03-04,Mastodon,1,1,2025-03-04,True,False,0.00043,enriched,9.1,NETWORK,True,False,2025,0,v2023.03.01,False,True,True
CVE-2025-1306,2025-03-04,Mastodon,1,1,2025-03-04,True,False,0.00055,original,8.8,NETWORK,True,False,2025,0,v2023.03.01,False,True,True
CVE-2025-1943,2025-03-04,Mastodon,1,1,2025-03-04,True,False,0.00045,enriched,8.2,NETWORK,True,False,2025,0,v2023.03.01,False,True,True
CVE-2023-34048,2025-03-04,BleepingComputer,4,1,2025-03-25,False,True,0.38341,original,9.8,NETWORK,True,False,2023,21,v2023.03.01,False,True,True
CVE-2025-1891,2025-03-04,Mastodon,1,1,2025-03-04,True,False,0.00052,original,4.3,NETWORK,True,True,2025,0,v2023.03.01,False,True,True
CVE-2024-50707,2025-03-04,Mastodon,1,1,2025-03-04,True,False,0.00043,enriched,10.0,NETWORK,True,False,2024,0,v2023.03.01,False,True,True
CVE-2024-50706,2025-03-04,Mastodon,1,1,2025-03-04,True,False,0.00043,enriched,9.8,NETWORK,True,False,2024,0,v2023.03.01,False,True,True
CVE-2024-50704,2025-03-04,Mastodon,1,1,2025-03-04,True,False,0.00043,enriched,10.0,NETWORK,True,False,2024,0,v2023.03.01,False,True,True
CVE-2025-1639,2025-03-04,Mastodon,1,1,2025-03-04,True,False,0.0005,original,8.8,NETWORK,True,False,2025,0,v2023.03.01,False,True,True
CVE-2024-58044,2025-03-04,Mastodon,1,1,2025-03-04,True,False,0.00043,enriched,8.4,LOCAL,True,False,2024,0,v2023.03.01,False,True,True
CVE-2025-23368,2025-03-04,Mastodon,1,1,2025-03-04,True,False,0.00091,enriched,8.1,NETWORK,True,False,2025,0,v2023.03.01,False,True,True
CVE-2024-58045,2025-03-04,Mastodon,1,1,2025-03-04,True,False,0.00043,enriched,8.6,LOCAL,True,False,2024,0,v2023.03.01,False,True,True
CVE-2025-1932,2025-03-04,Mastodon,1,1,2025-03-04,True,False,0.00045,enriched,8.1,NETWORK,True,False,2025,0,v2023.03.01,False,True,True
CVE-2025-1933,2025-03-04,Mastodon,1,1,2025-03-04,True,False,0.00044,enriched,7.6,NETWORK,True,False,2025,0,v2023.03.01,False,True,True
CVE-2025-1941,2025-03-04,Mastodon,1,1,2025-03-04,True,False,0.00043,enriched,9.1,NETWORK,True,False,2025,0,v2023.03.01,False,True,True
CVE-2025-1307,2025-03-04,Mastodon,1,1,2025-03-04,True,False,0.00063,original,9.8,NETWORK,True,False,2025,0,v2023.03.01,False,True,True
CVE-2024-38813,2025-03-04,BleepingComputer,4,1,2025-03-25,False,True,0.00416,original,7.5,NETWORK,True,False,2024,21,v2023.03.01,False,True,True
CVE-2025-27507,2025-03-04,Mastodon,1,1,2025-03-04,True,False,0.00043,enriched,9.0,NETWORK,True,True,2025,0,v2023.03.01,False,True,True
CVE-2024-53427,2025-03-04,Mastodon,2,1,2025-03-05,True,False,0.00045,original,8.1,LOCAL,True,True,2024,1,v2023.03.01,False,True,True
CVE-2024-38812,2025-03-04,BleepingComputer,8,2,2025-04-28,False,True,0.00416,original,9.8,NETWORK,True,False,2024,55,v2023.03.01,False,True,True
CVE-2025-0912,2025-03-04,Mastodon,1,1,2025-03-04,True,False,0.00099,original,9.8,NETWORK,True,True,2025,0,v2023.03.01,False,True,True
CVE-2024-4885,2025-03-04,Reddit,1,1,2025-03-04,False,True,0.85382,original,9.8,NETWORK,True,False,2024,0,v2023.03.01,False,True,True
CVE-2025-0359,2025-03-04,Mastodon,1,1,2025-03-04,True,False,0.00043,enriched,8.5,LOCAL,True,False,2025,0,v2023.03.01,False,True,True
CVE-2025-27500,2025-03-04,Mastodon,1,1,2025-03-04,True,False,0.00043,original,8.2,NETWORK,True,False,2025,0,v2023.03.01,False,True,True
CVE-2024-9149,2025-03-04,Mastodon,1,1,2025-03-04,True,False,0.00087,enriched,8.6,NETWORK,True,False,2024,0,v2023.03.01,False,True,True
CVE-2025-0286,2025-03-04,Mastodon,1,1,2025-03-04,True,False,0.00043,original,8.4,LOCAL,True,False,2025,0,v2023.03.01,False,True,True
CVE-2024-48248,2025-03-04,Mastodon,4,3,2025-04-25,True,False,0.00053,enriched,8.6,NETWORK,True,False,2024,52,v2023.03.01,False,True,True
CVE-2025-26206,2025-03-04,Mastodon,1,1,2025-03-04,True,False,0.00043,original,9.0,NETWORK,True,True,2025,0,v2023.03.01,False,True,True
CVE-2025-27501,2025-03-04,Mastodon,1,1,2025-03-04,True,False,0.00043,original,8.6,NETWORK,True,False,2025,0,v2023.03.01,False,True,True
CVE-2024-51954,2025-03-04,Mastodon,1,1,2025-03-04,True,False,0.00049,original,8.5,NETWORK,True,False,2024,0,v2023.03.01,False,True,True
CVE-2025-22224,2025-03-04,Mastodon,11,3,2025-04-29,True,False,0.01179,enriched,9.3,LOCAL,True,False,2025,56,v2023.03.01,False,True,True
CVE-2025-22225,2025-03-04,Mastodon,11,3,2025-04-29,True,False,0.01179,enriched,8.2,LOCAL,True,False,2025,56,v2023.03.01,False,True,True
CVE-2025-22226,2025-03-04,BleepingComputer,10,3,2025-04-29,False,True,0.01179,enriched,7.1,LOCAL,True,False,2025,56,v2023.03.01,False,True,True
CVE-2024-51962,2025-03-04,Mastodon,1,1,2025-03-04,True,False,0.0005,original,8.7,NETWORK,True,False,2024,0,v2023.03.01,False,True,True
CVE-2023-38693,2025-03-05,Mastodon,1,1,2025-03-05,True,False,0.00043,enriched,9.8,NETWORK,True,False,2023,0,v2023.03.01,False,True,True
CVE-2025-1515,2025-03-05,Mastodon,1,1,2025-03-05,True,False,0.00091,enriched,9.8,NETWORK,True,False,2025,0,v2023.03.01,False,True,True
CVE-2025-27680,2025-03-05,Mastodon,1,1,2025-03-05,True,False,0.00043,enriched,9.1,NETWORK,True,False,2025,0,v2023.03.01,False,True,True
CVE-2025-1918,2025-03-05,Mastodon,1,1,2025-03-05,True,False,0.00043,original,8.8,NETWORK,True,False,2025,0,v2023.03.01,False,True,True
CVE-2024-13232,2025-03-05,Mastodon,1,1,2025-03-05,True,False,0.0005,enriched,8.8,NETWORK,True,False,2024,0,v2023.03.01,False,True,True
CVE-2025-24924,2025-03-05,Mastodon,1,1,2025-03-05,True,False,0.00043,original,9.8,NETWORK,True,False,2025,0,v2023.03.01,False,True,True
CVE-2025-25015,2025-03-05,Mastodon,2,1,2025-03-07,True,False,0.00043,enriched,9.9,NETWORK,True,False,2025,2,v2023.03.01,False,True,True
CVE-2025-23410,2025-03-05,Mastodon,1,1,2025-03-05,True,False,0.00043,original,9.8,NETWORK,True,False,2025,0,v2023.03.01,False,True,True
CVE-2024-13147,2025-03-05,Mastodon,1,1,2025-03-05,True,False,0.00091,enriched,9.8,NETWORK,True,False,2024,0,v2023.03.01,False,True,True
CVE-2024-0114,2025-03-05,Mastodon,1,1,2025-03-05,True,False,0.00043,original,8.1,LOCAL,True,False,2024,0,v2023.03.01,False,True,True
CVE-2024-12097,2025-03-05,Mastodon,1,1,2025-03-05,True,False,0.00091,enriched,9.8,NETWORK,True,False,2024,0,v2023.03.01,False,True,True
CVE-2025-1919,2025-03-05,Mastodon,1,1,2025-03-05,True,False,0.00043,original,8.8,NETWORK,True,False,2025,0,v2023.03.01,False,True,True
CVE-2024-11951,2025-03-05,Mastodon,1,1,2025-03-05,True,False,0.00091,enriched,9.8,NETWORK,True,False,2024,0,v2023.03.01,False,True,True
CVE-2024-12281,2025-03-05,Mastodon,1,1,2025-03-05,True,False,0.00091,enriched,9.8,NETWORK,True,False,2024,0,v2023.03.01,False,True,True
CVE-2025-27681,2025-03-05,Mastodon,1,1,2025-03-05,True,False,0.00043,enriched,9.8,NETWORK,True,False,2025,0,v2023.03.01,False,True,True
CVE-2025-0956,2025-03-05,Mastodon,1,1,2025-03-05,True,False,0.00122,enriched,8.1,NETWORK,True,False,2025,0,v2023.03.01,False,True,True
CVE-2025-27672,2025-03-05,Mastodon,1,1,2025-03-05,True,False,0.00043,enriched,9.8,NETWORK,True,False,2025,0,v2023.03.01,False,True,True
CVE-2025-27682,2025-03-05,Mastodon,1,1,2025-03-05,True,False,0.00043,enriched,9.8,NETWORK,True,False,2025,0,v2023.03.01,False,True,True
CVE-2025-27678,2025-03-05,Mastodon,1,1,2025-03-05,True,False,0.00043,enriched,9.8,NETWORK,True,False,2025,0,v2023.03.01,False,True,True
CVE-2025-27683,2025-03-05,Mastodon,1,1,2025-03-05,True,False,0.00043,enriched,8.8,NETWORK,True,False,2025,0,v2023.03.01,False,True,True
CVE-2024-13777,2025-03-05,Mastodon,1,1,2025-03-05,True,False,0.00071,enriched,8.1,NETWORK,True,False,2024,0,v2023.03.01,False,True,True
CVE-2025-27677,2025-03-05,Mastodon,1,1,2025-03-05,True,False,0.00043,enriched,9.8,NETWORK,True,False,2025,0,v2023.03.01,False,True,True
CVE-2025-27675,2025-03-05,Mastodon,1,1,2025-03-05,True,False,0.00043,enriched,9.8,NETWORK,True,False,2025,0,v2023.03.01,False,True,True
CVE-2025-27674,2025-03-05,Mastodon,1,1,2025-03-05,True,False,0.00043,enriched,9.8,NETWORK,True,False,2025,0,v2023.03.01,False,True,True
CVE-2025-27673,2025-03-05,Mastodon,1,1,2025-03-05,True,False,0.00043,enriched,9.1,NETWORK,True,False,2025,0,v2023.03.01,False,True,True
CVE-2025-1915,2025-03-05,Mastodon,1,1,2025-03-05,True,False,0.00044,original,8.1,NETWORK,True,False,2025,0,v2023.03.01,False,True,True
CVE-2025-27659,2025-03-05,Mastodon,1,1,2025-03-05,True,False,0.00043,enriched,9.8,NETWORK,True,False,2025,0,v2023.03.01,False,True,True
CVE-2025-27671,2025-03-05,Mastodon,1,1,2025-03-05,True,False,0.00043,enriched,9.8,NETWORK,True,False,2025,0,v2023.03.01,False,True,True
CVE-2025-27670,2025-03-05,Mastodon,1,1,2025-03-05,True,False,0.00043,enriched,9.8,NETWORK,True,False,2025,0,v2023.03.01,False,True,True
CVE-2025-27668,2025-03-05,Mastodon,1,1,2025-03-05,True,False,0.00043,enriched,9.8,NETWORK,True,False,2025,0,v2023.03.01,False,True,True
CVE-2024-13787,2025-03-05,Mastodon,1,1,2025-03-05,True,False,0.00071,enriched,9.8,NETWORK,True,False,2024,0,v2023.03.01,False,True,True
CVE-2025-1916,2025-03-05,Mastodon,1,1,2025-03-05,True,False,0.00043,original,8.8,NETWORK,True,False,2025,0,v2023.03.01,False,True,True
CVE-2025-27663,2025-03-05,Mastodon,1,1,2025-03-05,True,False,0.00043,enriched,9.8,NETWORK,True,False,2025,0,v2023.03.01,False,True,True
CVE-2025-27661,2025-03-05,Mastodon,1,1,2025-03-05,True,False,0.00043,enriched,9.1,NETWORK,True,False,2025,0,v2023.03.01,False,True,True
CVE-2025-27662,2025-03-05,Mastodon,1,1,2025-03-05,True,False,0.00043,enriched,9.8,NETWORK,True,False,2025,0,v2023.03.01,False,True,True
CVE-2025-27664,2025-03-05,Mastodon,1,1,2025-03-05,True,False,0.00043,enriched,8.8,NETWORK,True,False,2025,0,v2023.03.01,False,True,True
CVE-2025-1393,2025-03-05,Mastodon,2,1,2025-03-06,True,False,0.00091,enriched,9.8,NETWORK,True,False,2025,1,v2023.03.01,False,True,True
CVE-2025-1316,2025-03-05,Mastodon,7,3,2025-04-28,True,False,0.00043,original,9.8,NETWORK,True,False,2025,54,v2023.03.01,False,True,True
CVE-2025-25632,2025-03-06,Mastodon,1,1,2025-03-06,True,False,0.00043,original,9.8,NETWORK,True,True,2025,0,v2023.03.01,False,True,True
CVE-2024-42844,2025-03-06,Mastodon,1,1,2025-03-06,True,False,0.00043,enriched,8.1,NETWORK,True,False,2024,0,v2023.03.01,False,True,True
CVE-2025-25362,2025-03-06,Mastodon,1,1,2025-03-06,True,False,0.00043,original,9.8,NETWORK,True,False,2025,0,v2023.03.01,False,True,True
CVE-2024-51144,2025-03-06,Mastodon,1,1,2025-03-06,True,False,0.00043,original,8.8,NETWORK,True,False,2024,0,v2023.03.01,False,True,True
CVE-2024-57174,2025-03-06,Mastodon,1,1,2025-03-06,True,False,0.00043,original,8.1,NETWORK,True,False,2024,0,v2023.03.01,False,True,True
CVE-2025-27423,2025-03-06,Mastodon,1,1,2025-03-06,True,False,0.00045,original,7.1,LOCAL,True,True,2025,0,v2023.03.01,False,True,True
CVE-2024-12650,2025-03-06,Mastodon,1,1,2025-03-06,True,False,0.00044,original,5.4,NETWORK,True,False,2024,0,v2023.03.01,False,True,True
CVE-2024-12144,2025-03-06,Mastodon,1,1,2025-03-06,True,False,0.00091,enriched,9.8,NETWORK,True,False,2024,0,v2023.03.01,False,True,True
CVE-2024-13655,2025-03-07,Mastodon,1,1,2025-03-07,True,False,0.00046,enriched,8.1,NETWORK,True,False,2024,0,v2023.03.01,False,True,True
CVE-2025-27603,2025-03-07,Mastodon,1,1,2025-03-07,True,False,0.00043,enriched,9.1,NETWORK,True,True,2025,0,v2023.03.01,False,True,True
CVE-2025-25763,2025-03-07,Mastodon,1,1,2025-03-07,True,False,0.00043,original,9.8,NETWORK,True,True,2025,0,v2023.03.01,False,True,True
CVE-2024-12035,2025-03-07,Mastodon,1,1,2025-03-07,True,False,0.00049,enriched,8.8,NETWORK,True,False,2024,0,v2023.03.01,False,True,True
CVE-2025-1315,2025-03-07,Mastodon,1,1,2025-03-07,True,False,0.00091,enriched,9.8,NETWORK,True,False,2025,0,v2023.03.01,False,True,True
CVE-2024-12876,2025-03-07,Mastodon,1,1,2025-03-07,True,False,0.00091,enriched,9.8,NETWORK,True,False,2024,0,v2023.03.01,False,True,True
CVE-2025-27816,2025-03-07,Mastodon,1,1,2025-03-07,True,False,0.00043,enriched,9.8,NETWORK,True,False,2025,0,v2023.03.01,False,True,True
CVE-2025-25497,2025-03-07,Mastodon,1,1,2025-03-07,True,False,0.00043,original,8.1,NETWORK,True,False,2025,0,v2023.03.01,False,True,True
CVE-2024-9658,2025-03-07,Mastodon,1,1,2025-03-07,True,False,0.0005,enriched,8.8,NETWORK,True,False,2024,0,v2023.03.01,False,True,True
CVE-2025-0749,2025-03-07,Mastodon,1,1,2025-03-07,True,False,0.00091,original,8.1,NETWORK,True,False,2025,0,v2023.03.01,False,True,True
CVE-2025-1475,2025-03-07,Mastodon,1,1,2025-03-07,True,False,0.00063,enriched,9.8,NETWORK,True,False,2025,0,v2023.03.01,False,True,True
CVE-2025-1309,2025-03-07,Mastodon,1,1,2025-03-07,True,False,0.00056,enriched,8.8,NETWORK,True,False,2025,0,v2023.03.01,False,True,True
CVE-2025-25361,2025-03-07,Mastodon,1,1,2025-03-07,True,False,0.00043,original,9.8,NETWORK,True,True,2025,0,v2023.03.01,False,True,True
CVE-2025-0959,2025-03-07,Mastodon,1,1,2025-03-07,True,False,0.0005,enriched,8.8,NETWORK,True,False,2025,0,v2023.03.01,False,True,True
CVE-2024-55570,2025-03-07,Mastodon,1,1,2025-03-07,True,False,0.00043,original,5.4,NETWORK,True,False,2024,0,v2023.03.01,False,True,True
CVE-2025-27607,2025-03-07,Mastodon,1,1,2025-03-07,True,False,0.00045,enriched,8.8,NETWORK,True,True,2025,0,v2023.03.01,False,True,True
CVE-2025-2097,2025-03-08,Mastodon,1,1,2025-03-08,True,False,0.00114,original,8.8,NETWORK,True,True,2025,0,v2023.03.01,False,True,True
CVE-2024-13882,2025-03-08,Mastodon,2,2,2025-05-20,True,False,0.0005,enriched,8.8,NETWORK,True,False,2024,73,v2023.03.01,False,True,True
CVE-2025-0177,2025-03-08,Mastodon,1,1,2025-03-08,True,False,0.00091,enriched,9.8,NETWORK,True,False,2025,0,v2023.03.01,False,True,True
CVE-2024-11640,2025-03-08,Mastodon,1,1,2025-03-08,True,False,0.00058,enriched,8.8,NETWORK,True,False,2024,0,v2023.03.01,False,True,True
CVE-2024-13359,2025-03-08,Mastodon,1,1,2025-03-08,True,False,0.00063,enriched,8.1,NETWORK,True,False,2024,0,v2023.03.01,False,True,True
CVE-2024-11087,2025-03-08,Mastodon,1,1,2025-03-08,True,False,0.00091,enriched,8.1,NETWORK,True,False,2024,0,v2023.03.01,False,True,True
CVE-2025-27840,2025-03-08,BleepingComputer,15,2,2025-04-20,True,False,0.00045,enriched,6.8,PHYSICAL,True,True,2025,43,v2023.03.01,False,True,True
CVE-2025-25306,2025-03-10,Mastodon,1,1,2025-03-10,True,False,0.00043,enriched,9.3,NETWORK,True,False,2025,0,v2023.03.01,True,True,True
CVE-2024-42733,2025-03-10,Mastodon,1,1,2025-03-10,True,False,0.00043,original,9.8,NETWORK,True,True,2024,0,v2023.03.01,True,True,True
CVE-2024-13918,2025-03-10,Mastodon,1,1,2025-03-10,True,False,0.00045,enriched,8.0,NETWORK,True,True,2024,0,v2023.03.01,True,True,True
CVE-2025-26936,2025-03-10,Mastodon,1,1,2025-03-10,True,False,0.00043,enriched,10.0,NETWORK,True,False,2025,0,v2023.03.01,True,True,True
CVE-2025-26916,2025-03-10,Mastodon,1,1,2025-03-10,True,False,0.00043,enriched,9.0,NETWORK,True,False,2025,0,v2023.03.01,True,True,True
CVE-2025-25614,2025-03-10,Mastodon,1,1,2025-03-10,True,False,0.00043,enriched,8.8,NETWORK,True,False,2025,0,v2023.03.01,True,True,True
CVE-2025-27925,2025-03-10,Mastodon,1,1,2025-03-10,True,False,0.00043,enriched,8.5,NETWORK,True,False,2025,0,v2023.03.01,True,True,True
CVE-2024-41724,2025-03-10,Mastodon,1,1,2025-03-10,True,False,0.00043,original,8.7,NETWORK,True,False,2024,0,v2023.03.01,True,True,True
CVE-2024-13919,2025-03-10,Mastodon,1,1,2025-03-10,True,False,0.00045,enriched,8.0,NETWORK,True,True,2024,0,v2023.03.01,True,True,True
CVE-2025-27255,2025-03-10,Mastodon,1,1,2025-03-10,True,False,0.00043,enriched,8.0,LOCAL,True,False,2025,0,v2023.03.01,True,True,True
CVE-2025-27616,2025-03-10,Mastodon,1,1,2025-03-10,True,False,0.00045,enriched,8.5,NETWORK,True,True,2025,0,v2023.03.01,True,True,True
CVE-2025-27615,2025-03-10,Mastodon,1,1,2025-03-10,True,False,0.00045,enriched,8.2,NETWORK,True,True,2025,0,v2023.03.01,True,True,True
CVE-2024-11638,2025-03-10,Mastodon,1,1,2025-03-10,True,False,0.00043,enriched,8.8,NETWORK,True,False,2024,0,v2023.03.01,True,True,True
CVE-2025-27256,2025-03-10,Mastodon,1,1,2025-03-10,True,False,0.00043,enriched,8.3,ADJACENT_NETWORK,True,False,2025,0,v2023.03.01,True,True,True
CVE-2025-27254,2025-03-10,Mastodon,1,1,2025-03-10,True,False,0.00043,enriched,8.0,LOCAL,True,False,2025,0,v2023.03.01,True,True,True
CVE-2023-37933,2025-03-11,Mastodon,1,1,2025-03-11,True,False,0.00043,enriched,8.8,NETWORK,True,False,2023,0,v2023.03.01,True,True,True
CVE-2025-24984,2025-03-11,BleepingComputer,2,1,2025-03-11,False,True,0.001,enriched,4.6,PHYSICAL,True,False,2025,0,v2023.03.01,True,True,True
CVE-2025-24985,2025-03-11,BleepingComputer,2,1,2025-03-11,False,True,0.00131,enriched,7.8,LOCAL,True,False,2025,0,v2023.03.01,True,True,True
CVE-2025-24813,2025-03-11,Mastodon,13,4,2025-05-27,True,False,0.00043,original,9.8,NETWORK,True,True,2025,77,v2023.03.01,True,True,True
CVE-2025-27363,2025-03-11,Mastodon,20,4,2025-05-10,True,False,0.00043,enriched,8.1,NETWORK,True,False,2025,60,v2023.03.01,True,True,True
CVE-2024-56181,2025-03-11,Mastodon,1,1,2025-03-11,True,False,0.00043,enriched,8.2,LOCAL,True,False,2024,0,v2023.03.01,True,True,True
CVE-2025-24991,2025-03-11,BleepingComputer,2,1,2025-03-11,False,True,0.001,enriched,5.5,LOCAL,True,False,2025,0,v2023.03.01,True,True,True
CVE-2024-56182,2025-03-11,Mastodon,1,1,2025-03-11,True,False,0.00043,enriched,8.2,LOCAL,True,False,2024,0,v2023.03.01,True,True,True
CVE-2025-24983,2025-03-11,BleepingComputer,9,2,2025-04-08,True,True,0.00082,enriched,7.0,LOCAL,True,False,2025,28,v2023.03.01,True,True,True
CVE-2024-4577,2025-03-11,BleepingComputer,8,2,2025-05-08,True,False,0.95177,original,9.8,NETWORK,True,True,2024,58,v2023.03.01,True,True,True
CVE-2025-2190,2025-03-11,Mastodon,1,1,2025-03-11,True,False,0.00043,enriched,8.1,NETWORK,True,False,2025,0,v2023.03.01,True,True,True
CVE-2020-14979,2025-03-11,Reddit,1,1,2025-03-11,True,False,0.00042,original,7.8,LOCAL,True,False,2020,0,v2023.03.01,True,True,True
CVE-2025-26630,2025-03-11,BleepingComputer,2,1,2025-03-11,False,True,0.00053,enriched,7.8,LOCAL,True,False,2025,0,v2023.03.01,True,True,True
CVE-2025-26633,2025-03-11,BleepingComputer,7,2,2025-05-26,True,True,0.00175,enriched,7.0,LOCAL,True,False,2025,76,v2023.03.01,True,True,True
CVE-2025-26645,2025-03-11,Mastodon,1,1,2025-03-11,True,False,0.00091,enriched,8.8,NETWORK,True,False,2025,0,v2023.03.01,True,True,True
CVE-2025-26661,2025-03-11,Mastodon,1,1,2025-03-11,True,False,0.0005,original,8.8,NETWORK,True,False,2025,0,v2023.03.01,True,True,True
CVE-2025-26701,2025-03-11,Mastodon,1,1,2025-03-11,True,False,0.00043,enriched,10.0,NETWORK,True,False,2025,0,v2023.03.01,True,True,True
CVE-2025-24993,2025-03-11,BleepingComputer,2,1,2025-03-11,False,True,0.00131,enriched,7.8,LOCAL,True,False,2025,0,v2023.03.01,True,True,True
CVE-2023-40723,2025-03-11,Mastodon,1,1,2025-03-11,True,False,0.00043,enriched,8.1,NETWORK,True,False,2023,0,v2023.03.01,True,True,True
CVE-2024-52961,2025-03-11,Mastodon,1,1,2025-03-11,True,False,0.00043,enriched,8.8,NETWORK,True,False,2024,0,v2023.03.01,True,True,True
CVE-2025-2137,2025-03-11,Mastodon,1,1,2025-03-11,True,False,0.00043,original,8.8,NETWORK,True,False,2025,0,v2023.03.01,True,True,True
CVE-2025-2136,2025-03-11,Mastodon,1,1,2025-03-11,True,False,0.00043,original,8.8,NETWORK,True,False,2025,0,v2023.03.01,True,True,True
CVE-2025-27773,2025-03-11,Mastodon,1,1,2025-03-11,True,False,0.00045,enriched,8.6,NETWORK,True,True,2025,0,v2023.03.01,True,True,True
CVE-2025-2135,2025-03-11,Mastodon,1,1,2025-03-11,True,False,0.00043,original,8.8,NETWORK,True,False,2025,0,v2023.03.01,True,True,True
CVE-2025-1661,2025-03-11,Mastodon,1,1,2025-03-11,True,False,0.00061,original,9.8,NETWORK,True,False,2025,0,v2023.03.01,True,True,True
CVE-2024-55590,2025-03-11,Mastodon,1,1,2025-03-11,True,False,0.00043,enriched,8.8,NETWORK,True,False,2024,0,v2023.03.01,True,True,True
CVE-2025-25907,2025-03-11,Mastodon,1,1,2025-03-11,True,False,0.00043,original,8.8,NETWORK,True,False,2025,0,v2023.03.01,True,True,True
CVE-2025-27396,2025-03-11,Mastodon,1,1,2025-03-11,True,False,0.0005,enriched,8.8,NETWORK,True,False,2025,0,v2023.03.01,True,True,True
CVE-2025-0151,2025-03-11,Mastodon,1,1,2025-03-11,True,False,0.00043,enriched,8.5,NETWORK,True,False,2025,0,v2023.03.01,True,True,True
CVE-2024-13159,2025-03-11,BleepingComputer,2,1,2025-03-11,False,True,0.01852,original,9.8,NETWORK,True,False,2024,0,v2023.03.01,True,True,True
CVE-2025-27440,2025-03-11,Mastodon,1,1,2025-03-11,True,False,0.00043,enriched,8.5,NETWORK,True,False,2025,0,v2023.03.01,True,True,True
CVE-2025-24201,2025-03-11,BleepingComputer,4,1,2025-04-01,False,True,0.001,enriched,8.8,NETWORK,True,False,2025,21,v2023.03.01,True,True,True
CVE-2025-1828,2025-03-11,Mastodon,1,1,2025-03-11,True,False,0.00045,original,8.8,NETWORK,True,True,2025,0,v2023.03.01,True,True,True
CVE-2025-24051,2025-03-11,Mastodon,1,1,2025-03-11,True,False,0.00091,enriched,8.8,NETWORK,True,False,2025,0,v2023.03.01,True,True,True
CVE-2025-24056,2025-03-11,Mastodon,1,1,2025-03-11,True,False,0.00091,enriched,8.8,NETWORK,True,False,2025,0,v2023.03.01,True,True,True
CVE-2025-27494,2025-03-11,Mastodon,1,1,2025-03-11,True,False,0.00066,enriched,9.1,NETWORK,True,False,2025,0,v2023.03.01,True,True,True
CVE-2025-24064,2025-03-11,Mastodon,1,1,2025-03-11,True,False,0.00091,enriched,8.1,NETWORK,True,False,2025,0,v2023.03.01,True,True,True
CVE-2025-24045,2025-03-11,Mastodon,1,1,2025-03-11,True,False,0.00091,enriched,8.1,NETWORK,True,False,2025,0,v2023.03.01,True,True,True
CVE-2025-27493,2025-03-11,Mastodon,1,1,2025-03-11,True,False,0.00043,enriched,8.2,LOCAL,True,False,2025,0,v2023.03.01,True,True,True
CVE-2025-24035,2025-03-11,Mastodon,1,1,2025-03-11,True,False,0.00091,enriched,8.1,NETWORK,True,False,2025,0,v2023.03.01,True,True,True
CVE-2025-27434,2025-03-11,Mastodon,1,1,2025-03-11,True,False,0.00091,original,8.8,NETWORK,True,False,2025,0,v2023.03.01,True,True,True
CVE-2025-1920,2025-03-11,Mastodon,1,1,2025-03-11,True,False,0.00043,original,8.8,NETWORK,True,False,2025,0,v2023.03.01,True,True,True
CVE-2024-13160,2025-03-11,BleepingComputer,2,1,2025-03-11,False,True,0.04186,original,9.8,NETWORK,True,False,2024,0,v2023.03.01,True,True,True
CVE-2025-24084,2025-03-11,Mastodon,1,1,2025-03-11,True,False,0.00053,enriched,8.4,LOCAL,True,False,2025,0,v2023.03.01,True,True,True
CVE-2024-13161,2025-03-11,BleepingComputer,2,1,2025-03-11,False,True,0.04186,original,9.8,NETWORK,True,False,2024,0,v2023.03.01,True,True,True
CVE-2025-27912,2025-03-11,Mastodon,1,1,2025-03-11,True,False,0.00043,enriched,8.8,NETWORK,True,False,2025,0,v2023.03.01,True,True,True
CVE-2024-56336,2025-03-11,Mastodon,1,1,2025-03-11,True,False,0.00091,enriched,9.8,NETWORK,True,False,2024,0,v2023.03.01,True,True,True
CVE-2025-27439,2025-03-11,Mastodon,1,1,2025-03-11,True,False,0.00043,enriched,8.5,NETWORK,True,False,2025,0,v2023.03.01,True,True,True
CVE-2025-24049,2025-03-11,Mastodon,1,1,2025-03-11,True,False,0.00053,enriched,8.4,LOCAL,True,False,2025,0,v2023.03.01,True,True,True
CVE-2025-1960,2025-03-12,Mastodon,1,1,2025-03-12,True,False,0.00043,enriched,9.8,NETWORK,True,False,2025,0,v2023.03.01,True,True,True
CVE-2025-20115,2025-03-12,Mastodon,3,2,2025-03-14,True,False,0.00046,enriched,8.6,NETWORK,True,False,2025,2,v2023.03.01,True,True,True
CVE-2025-20138,2025-03-12,Mastodon,1,1,2025-03-12,True,False,0.00043,enriched,8.8,LOCAL,True,False,2025,0,v2023.03.01,True,True,True
CVE-2025-20146,2025-03-12,Mastodon,1,1,2025-03-12,True,False,0.00046,enriched,8.6,NETWORK,True,False,2025,0,v2023.03.01,True,True,True
CVE-2025-2233,2025-03-12,Mastodon,1,1,2025-03-12,True,False,0.00043,original,8.8,ADJACENT_NETWORK,True,False,2025,0,v2023.03.01,True,True,True
CVE-2024-13446,2025-03-12,Mastodon,1,1,2025-03-12,True,False,0.00091,enriched,9.8,NETWORK,True,False,2024,0,v2023.03.01,True,True,True
CVE-2025-27407,2025-03-12,Mastodon,3,2,2025-03-13,True,False,0.00044,enriched,9.0,NETWORK,True,True,2025,1,v2023.03.01,True,True,True
CVE-2025-20142,2025-03-12,Mastodon,1,1,2025-03-12,True,False,0.00046,enriched,8.6,NETWORK,True,False,2025,0,v2023.03.01,True,True,True
CVE-2022-41328,2025-03-12,BleepingComputer,2,1,2025-03-12,True,False,0.0521,original,6.7,LOCAL,True,False,2022,0,v2023.03.01,True,True,True
CVE-2025-28915,2025-03-12,Mastodon,1,1,2025-03-12,True,False,0.00043,original,9.1,NETWORK,True,False,2025,0,v2023.03.01,True,True,True
CVE-2023-28252,2025-03-12,BleepingComputer,4,1,2025-04-08,False,True,0.00295,original,7.8,LOCAL,True,False,2023,27,v2023.03.01,True,True,True
CVE-2025-1707,2025-03-12,Mastodon,1,1,2025-03-12,True,False,0.00056,original,8.8,NETWORK,True,False,2025,0,v2023.03.01,True,True,True
CVE-2025-25928,2025-03-12,Mastodon,1,1,2025-03-12,True,False,0.00043,original,8.0,NETWORK,True,True,2025,0,v2023.03.01,True,True,True
CVE-2025-24801,2025-03-12,Reddit,2,2,2025-03-18,True,True,0.00065,enriched,8.5,NETWORK,True,False,2025,6,v2023.03.01,True,True,True
CVE-2025-25711,2025-03-12,Mastodon,1,1,2025-03-12,True,False,0.00043,enriched,8.8,NETWORK,True,False,2025,0,v2023.03.01,True,True,True
CVE-2025-24799,2025-03-12,Reddit,1,1,2025-03-12,False,True,0.00088,enriched,7.5,NETWORK,True,False,2025,0,v2023.03.01,True,True,True
CVE-2017-5753,2025-03-13,Reddit,1,1,2025-03-13,False,True,0.97542,original,5.6,LOCAL,True,False,2017,0,v2023.03.01,True,True,True
CVE-2024-58087,2025-03-13,Mastodon,1,1,2025-03-13,True,False,0.00044,original,8.1,NETWORK,True,False,2024,0,v2023.03.01,True,True,True
CVE-2025-22954,2025-03-13,Mastodon,1,1,2025-03-13,True,False,0.00043,original,10.0,NETWORK,True,False,2025,0,v2023.03.01,True,True,True
CVE-2025-2263,2025-03-13,Mastodon,1,1,2025-03-13,True,False,0.00043,enriched,9.8,NETWORK,True,False,2025,0,v2023.03.01,True,True,True
CVE-2025-21590,2025-03-13,BleepingComputer,2,1,2025-03-13,True,False,0.00043,original,4.4,LOCAL,True,False,2025,0,v2023.03.01,True,True,True
CVE-2017-5715,2025-03-13,Reddit,1,1,2025-03-13,False,True,0.97469,original,5.6,LOCAL,True,False,2017,0,v2023.03.01,True,True,True
CVE-2025-27591,2025-03-14,Reddit,2,1,2025-03-14,True,False,0.00043,original,6.8,LOCAL,True,True,2025,0,v2023.03.01,True,True,True
CVE-2024-13376,2025-03-14,Mastodon,1,1,2025-03-14,True,False,0.0005,enriched,8.8,NETWORK,True,False,2024,0,v2023.03.01,True,True,True
CVE-2025-2000,2025-03-14,Mastodon,1,1,2025-03-14,True,False,0.00071,enriched,9.8,NETWORK,True,False,2025,0,v2023.03.01,True,True,True
CVE-2024-46662,2025-03-14,Mastodon,1,1,2025-03-14,True,False,0.00043,enriched,8.8,NETWORK,True,False,2024,0,v2023.03.01,True,True,True
CVE-2025-2232,2025-03-14,Mastodon,1,1,2025-03-14,True,False,0.00091,enriched,9.8,NETWORK,True,False,2025,0,v2023.03.01,True,True,True
CVE-2023-45588,2025-03-14,Mastodon,1,1,2025-03-14,True,False,0.00043,enriched,8.2,LOCAL,True,False,2023,0,v2023.03.01,True,True,True
CVE-2025-27593,2025-03-14,Mastodon,1,1,2025-03-14,True,False,0.00044,enriched,9.3,NETWORK,True,False,2025,0,v2023.03.01,True,True,True
CVE-2025-27606,2025-03-14,Mastodon,1,1,2025-03-14,True,False,0.00045,enriched,5.1,LOCAL,True,True,2025,0,v2023.03.01,True,True,True
CVE-2025-27595,2025-03-14,Mastodon,1,1,2025-03-14,True,False,0.00044,enriched,9.8,NETWORK,True,False,2025,0,v2023.03.01,True,True,True
CVE-2024-11284,2025-03-14,Mastodon,1,1,2025-03-14,True,False,0.00091,original,9.8,NETWORK,True,False,2024,0,v2023.03.01,True,True,True
CVE-2024-13913,2025-03-14,Mastodon,1,1,2025-03-14,True,False,0.00054,enriched,8.8,NETWORK,True,False,2024,0,v2023.03.01,True,True,True
CVE-2025-0952,2025-03-14,Mastodon,1,1,2025-03-14,True,False,0.00046,enriched,8.1,NETWORK,True,False,2025,0,v2023.03.01,True,True,True
CVE-2024-11285,2025-03-14,Mastodon,1,1,2025-03-14,True,False,0.00091,original,9.8,NETWORK,True,False,2024,0,v2023.03.01,True,True,True
CVE-2024-12810,2025-03-14,Mastodon,1,1,2025-03-14,True,False,0.0005,enriched,8.8,NETWORK,True,False,2024,0,v2023.03.01,True,True,True
CVE-2024-11286,2025-03-14,Mastodon,1,1,2025-03-14,True,False,0.00091,original,9.8,NETWORK,True,False,2024,0,v2023.03.01,True,True,True
CVE-2024-13824,2025-03-14,Mastodon,1,1,2025-03-14,True,False,0.00071,enriched,9.8,NETWORK,True,False,2024,0,v2023.03.01,True,True,True
CVE-2024-13771,2025-03-14,Mastodon,1,1,2025-03-14,True,False,0.00091,enriched,9.8,NETWORK,True,False,2024,0,v2023.03.01,True,True,True
CVE-2025-2103,2025-03-14,Mastodon,1,1,2025-03-14,True,False,0.0005,enriched,8.8,NETWORK,True,False,2025,0,v2023.03.01,True,True,True
CVE-2025-26921,2025-03-15,Mastodon,1,1,2025-03-15,True,False,0.00043,enriched,8.8,NETWORK,True,False,2025,0,v2023.03.01,True,True,True
CVE-2025-27281,2025-03-15,Mastodon,1,1,2025-03-15,True,False,0.00043,enriched,8.5,NETWORK,True,False,2025,0,v2023.03.01,True,True,True
CVE-2025-30066,2025-03-15,Mastodon,6,4,2025-05-31,True,False,0.00046,enriched,8.6,NETWORK,True,True,2025,77,v2023.03.01,True,True,True
CVE-2025-1771,2025-03-15,Mastodon,1,1,2025-03-15,True,False,0.00091,original,9.8,NETWORK,True,False,2025,0,v2023.03.01,True,True,True
CVE-2025-26961,2025-03-15,Mastodon,1,1,2025-03-15,True,False,0.00043,enriched,8.6,NETWORK,True,False,2025,0,v2023.03.01,True,True,True
CVE-2025-1653,2025-03-15,Mastodon,1,1,2025-03-15,True,False,0.0005,original,8.8,NETWORK,True,False,2025,0,v2023.03.01,True,True,True
CVE-2025-1657,2025-03-15,Mastodon,1,1,2025-03-15,True,False,0.0005,original,8.8,NETWORK,True,False,2025,0,v2023.03.01,True,True,True
CVE-2025-26969,2025-03-15,Mastodon,1,1,2025-03-15,True,False,0.00043,enriched,8.3,NETWORK,True,False,2025,0,v2023.03.01,True,True,True
CVE-2025-1667,2025-03-15,Mastodon,1,1,2025-03-15,True,False,0.0005,original,8.8,NETWORK,True,False,2025,0,v2023.03.01,True,True,True
CVE-2025-26978,2025-03-15,Mastodon,1,1,2025-03-15,True,False,0.00043,enriched,8.5,NETWORK,True,False,2025,0,v2023.03.01,True,True,True
CVE-2025-26875,2025-03-15,Mastodon,1,1,2025-03-15,True,False,0.00043,enriched,9.3,NETWORK,True,False,2025,0,v2023.03.01,True,True,True
CVE-2025-26976,2025-03-15,Mastodon,1,1,2025-03-15,True,False,0.00043,enriched,8.5,NETWORK,True,False,2025,0,v2023.03.01,True,True,True
CVE-2025-2345,2025-03-16,Mastodon,1,1,2025-03-16,True,False,0.0004,enriched,9.8,NETWORK,True,True,2025,0,v2023.03.01,True,True,True
CVE-2025-0833,2025-03-17,Mastodon,1,1,2025-03-17,True,False,0.00032,enriched,8.7,NETWORK,True,False,2025,0,v2025.03.14,True,True,True
CVE-2024-54027,2025-03-17,Mastodon,1,1,2025-03-17,True,False,0.00012,enriched,8.2,LOCAL,True,False,2024,0,v2025.03.14,True,True,True
CVE-2025-0829,2025-03-17,Mastodon,1,1,2025-03-17,True,False,0.00032,enriched,8.7,NETWORK,True,False,2025,0,v2025.03.14,True,True,True
CVE-2025-0826,2025-03-17,Mastodon,1,1,2025-03-17,True,False,0.00032,enriched,8.7,NETWORK,True,False,2025,0,v2025.03.14,True,True,True
CVE-2025-2395,2025-03-17,Mastodon,1,1,2025-03-17,True,False,0.00127,original,9.8,NETWORK,True,False,2025,0,v2025.03.14,True,True,True
CVE-2025-2396,2025-03-17,Mastodon,1,1,2025-03-17,True,False,0.00209,original,8.8,NETWORK,True,False,2025,0,v2025.03.14,True,True,True
CVE-2024-48013,2025-03-17,Mastodon,1,1,2025-03-17,True,False,0.0006,enriched,8.8,NETWORK,True,False,2024,0,v2025.03.14,True,True,True
CVE-2025-0827,2025-03-17,Mastodon,1,1,2025-03-17,True,False,0.00032,enriched,8.7,NETWORK,True,False,2025,0,v2025.03.14,True,True,True
CVE-2025-0832,2025-03-17,Mastodon,1,1,2025-03-17,True,False,0.00032,enriched,8.7,NETWORK,True,False,2025,0,v2025.03.14,True,True,True
CVE-2024-49559,2025-03-17,Mastodon,1,1,2025-03-17,True,False,0.0004,enriched,8.8,NETWORK,True,False,2024,0,v2025.03.14,True,True,True
CVE-2025-0828,2025-03-17,Mastodon,1,1,2025-03-17,True,False,0.00032,enriched,8.7,NETWORK,True,False,2025,0,v2025.03.14,True,True,True
CVE-2024-48831,2025-03-17,Mastodon,1,1,2025-03-17,True,False,0.00023,enriched,8.4,LOCAL,True,False,2024,0,v2025.03.14,True,True,True
CVE-2025-0830,2025-03-17,Mastodon,1,1,2025-03-17,True,False,0.00032,enriched,8.7,NETWORK,True,False,2025,0,v2025.03.14,True,True,True
CVE-2025-0599,2025-03-17,Mastodon,1,1,2025-03-17,True,False,0.00032,enriched,8.7,NETWORK,True,False,2025,0,v2025.03.14,True,True,True
CVE-2024-40893,2025-03-17,Reddit,1,1,2025-03-17,False,True,0.26252,original,6.8,ADJACENT_NETWORK,True,False,2024,0,v2025.03.14,True,True,True
CVE-2024-40892,2025-03-17,Reddit,1,1,2025-03-17,False,True,0.02068,original,7.1,ADJACENT_NETWORK,True,False,2024,0,v2025.03.14,True,True,True
CVE-2025-0600,2025-03-17,Mastodon,1,1,2025-03-17,True,False,0.00032,enriched,8.7,NETWORK,True,False,2025,0,v2025.03.14,True,True,True
CVE-2025-0598,2025-03-17,Mastodon,1,1,2025-03-17,True,False,0.00032,enriched,8.7,NETWORK,True,False,2025,0,v2025.03.14,True,True,True
CVE-2025-2241,2025-03-17,Mastodon,1,1,2025-03-17,True,False,0.00031,enriched,8.2,NETWORK,True,True,2025,0,v2025.03.14,True,True,True
CVE-2025-2370,2025-03-17,Mastodon,1,1,2025-03-17,True,False,0.00077,original,8.8,NETWORK,True,True,2025,0,v2025.03.14,True,True,True
CVE-2025-2369,2025-03-17,Mastodon,1,1,2025-03-17,True,False,0.00077,original,8.8,NETWORK,True,True,2025,0,v2025.03.14,True,True,True
CVE-2025-0596,2025-03-17,Mastodon,1,1,2025-03-17,True,False,0.00032,enriched,8.7,NETWORK,True,False,2025,0,v2025.03.14,True,True,True
CVE-2025-0601,2025-03-17,Mastodon,1,1,2025-03-17,True,False,0.00032,enriched,8.7,NETWORK,True,False,2025,0,v2025.03.14,True,True,True
CVE-2024-27564,2025-03-17,Reddit,1,1,2025-03-17,True,False,0.55355,original,5.8,NETWORK,True,True,2024,0,v2025.03.14,True,True,True
CVE-2025-0595,2025-03-17,Mastodon,1,1,2025-03-17,True,False,0.00032,enriched,8.7,NETWORK,True,False,2025,0,v2025.03.14,True,True,True
CVE-2022-40684,2025-03-18,Mastodon,3,2,2025-04-16,True,True,0.94427,original,9.8,NETWORK,False,False,2022,29,v2025.03.14,True,True,True
CVE-2022-40242,2025-03-18,BleepingComputer,2,1,2025-03-18,False,True,0.00144,original,7.5,NETWORK,True,False,2022,0,v2025.03.14,True,True,True
CVE-2022-40259,2025-03-18,BleepingComputer,2,1,2025-03-18,False,True,0.00236,original,8.3,NETWORK,True,False,2022,0,v2025.03.14,True,True,True
CVE-2025-0755,2025-03-18,Mastodon,2,2,2025-05-17,True,False,0.00013,original,8.4,LOCAL,True,False,2025,60,v2025.03.14,True,True,True
CVE-2022-26872,2025-03-18,BleepingComputer,2,1,2025-03-18,False,True,0.00086,original,8.3,NETWORK,True,False,2022,0,v2025.03.14,True,True,True
CVE-2023-34330,2025-03-18,BleepingComputer,2,1,2025-03-18,False,True,0.00162,original,8.2,LOCAL,True,False,2023,0,v2025.03.14,True,True,True
CVE-2023-34329,2025-03-18,BleepingComputer,2,1,2025-03-18,False,True,0.00295,original,9.1,NETWORK,True,False,2023,0,v2025.03.14,True,True,True
CVE-2022-2827,2025-03-18,BleepingComputer,2,1,2025-03-18,False,True,0.14725,original,7.5,NETWORK,True,False,2022,0,v2025.03.14,True,True,True
CVE-2025-0694,2025-03-18,Mastodon,1,1,2025-03-18,True,False,0.00022,original,6.6,PHYSICAL,True,False,2025,0,v2025.03.14,True,True,True
CVE-2022-40258,2025-03-18,BleepingComputer,2,1,2025-03-18,False,True,0.00069,original,5.3,NETWORK,True,False,2022,0,v2025.03.14,True,True,True
CVE-2024-23943,2025-03-18,Mastodon,3,1,2025-03-18,True,False,0.00039,original,9.1,NETWORK,True,False,2024,0,v2025.03.14,True,True,True
CVE-2025-25914,2025-03-18,Mastodon,1,1,2025-03-18,True,False,0.00042,original,9.8,NETWORK,True,True,2025,0,v2025.03.14,True,True,True
CVE-2024-21760,2025-03-18,Mastodon,1,1,2025-03-18,True,False,0.00027,enriched,8.4,NETWORK,True,False,2024,0,v2025.03.14,True,True,True
CVE-2024-56346,2025-03-18,Mastodon,1,1,2025-03-18,True,False,0.00077,enriched,10.0,NETWORK,True,False,2024,0,v2025.03.14,True,True,True
CVE-2025-25220,2025-03-18,Mastodon,1,1,2025-03-18,True,False,0.00553,original,8.8,NETWORK,True,False,2025,0,v2025.03.14,True,True,True
CVE-2025-1468,2025-03-18,Mastodon,1,1,2025-03-18,True,False,0.00039,original,7.5,NETWORK,True,False,2025,0,v2025.03.14,True,True,True
CVE-2023-47539,2025-03-18,Mastodon,1,1,2025-03-18,True,False,0.00068,enriched,9.8,NETWORK,True,False,2023,0,v2025.03.14,True,True,True
CVE-2024-23942,2025-03-18,Mastodon,2,1,2025-03-18,False,True,0.00013,original,7.1,LOCAL,False,False,2024,0,v2025.03.14,True,True,True
CVE-2024-55956,2025-03-18,BleepingComputer,6,2,2025-05-01,False,True,0.90833,original,9.8,NETWORK,True,False,2024,44,v2025.03.14,True,True,True
CVE-2023-4220,2025-03-18,ExploitDB,2,1,2025-03-18,True,False,0.92866,original,8.1,NETWORK,True,True,2023,0,v2025.03.14,True,True,True
CVE-2024-41975,2025-03-18,Mastodon,1,1,2025-03-18,True,False,0.00029,original,5.3,NETWORK,True,False,2024,0,v2025.03.14,True,True,True
CVE-2024-12563,2025-03-18,Mastodon,1,1,2025-03-18,True,False,0.00075,enriched,8.8,NETWORK,True,False,2024,0,v2025.03.14,True,True,True
CVE-2024-56347,2025-03-18,Mastodon,1,1,2025-03-18,True,False,0.00071,enriched,9.6,NETWORK,True,False,2024,0,v2025.03.14,True,True,True
CVE-2024-43461,2025-03-18,BleepingComputer,6,2,2025-04-28,True,False,0.75713,original,8.8,NETWORK,True,False,2024,41,v2025.03.14,True,True,True
CVE-2024-8997,2025-03-18,Mastodon,1,1,2025-03-18,True,False,0.00031,enriched,9.8,NETWORK,True,False,2024,0,v2025.03.14,True,True,True
CVE-2024-13790,2025-03-19,Mastodon,1,1,2025-03-19,True,False,0.00179,original,9.8,NETWORK,True,False,2024,0,v2025.03.14,True,True,True
CVE-2024-10441,2025-03-19,Mastodon,1,1,2025-03-19,True,False,0.00257,original,9.8,NETWORK,True,False,2024,0,v2025.03.14,True,True,True
CVE-2025-30154,2025-03-19,Mastodon,1,1,2025-03-19,True,False,0.00033,enriched,8.6,NETWORK,True,True,2025,0,v2025.03.14,True,True,True
CVE-2024-51459,2025-03-19,Mastodon,1,1,2025-03-19,True,False,0.00013,enriched,8.4,LOCAL,True,False,2024,0,v2025.03.14,True,True,True
CVE-2024-11131,2025-03-19,Mastodon,1,1,2025-03-19,True,False,0.00226,original,9.8,NETWORK,True,False,2024,0,v2025.03.14,True,True,True
CVE-2025-2512,2025-03-19,Mastodon,1,1,2025-03-19,True,False,0.00126,original,9.8,NETWORK,True,False,2025,0,v2025.03.14,True,True,True
CVE-2025-30234,2025-03-19,Mastodon,1,1,2025-03-19,True,False,0.00019,original,8.3,ADJACENT_NETWORK,True,False,2025,0,v2025.03.14,True,True,True
CVE-2024-10442,2025-03-19,Mastodon,6,2,2025-05-03,True,False,0.00226,original,10.0,NETWORK,True,False,2024,45,v2025.03.14,True,True,True
CVE-2025-30236,2025-03-19,Mastodon,1,1,2025-03-19,True,False,0.00044,original,8.6,NETWORK,True,False,2025,0,v2025.03.14,True,True,True
CVE-2023-0159,2025-03-19,ExploitDB,2,1,2025-03-19,True,False,0.91604,original,7.5,NETWORK,False,False,2023,0,v2025.03.14,True,True,True
CVE-2024-13933,2025-03-19,Mastodon,1,1,2025-03-19,True,False,0.00057,original,8.8,NETWORK,True,False,2024,0,v2025.03.14,True,True,True
CVE-2024-29849,2025-03-19,Reddit,5,2,2025-04-28,False,True,0.6332,original,9.8,NETWORK,True,False,2024,40,v2025.03.14,True,True,True
CVE-2024-13410,2025-03-19,Mastodon,1,1,2025-03-19,True,False,0.00098,original,9.8,NETWORK,True,False,2024,0,v2025.03.14,True,True,True
CVE-2024-13442,2025-03-19,Mastodon,1,1,2025-03-19,True,False,0.00057,original,9.8,NETWORK,True,False,2024,0,v2025.03.14,True,True,True
CVE-2025-1232,2025-03-19,Mastodon,1,1,2025-03-19,True,False,0.00023,original,8.8,NETWORK,True,False,2025,0,v2025.03.14,True,True,True
CVE-2024-12295,2025-03-19,Mastodon,1,1,2025-03-19,True,False,0.00039,original,8.8,NETWORK,True,False,2024,0,v2025.03.14,True,True,True
CVE-2024-12920,2025-03-19,Mastodon,1,1,2025-03-19,True,False,0.00057,original,8.8,NETWORK,True,False,2024,0,v2025.03.14,True,True,True
CVE-2025-23120,2025-03-19,Reddit,13,4,2025-04-28,True,True,0.00254,enriched,8.8,NETWORK,True,False,2025,40,v2025.03.14,True,True,True
CVE-2025-29783,2025-03-19,Mastodon,1,1,2025-03-19,True,False,0.00334,enriched,9.0,ADJACENT_NETWORK,True,True,2025,0,v2025.03.14,True,True,True
CVE-2024-12922,2025-03-19,Mastodon,1,1,2025-03-19,True,False,0.00052,original,9.8,NETWORK,True,False,2024,0,v2025.03.14,True,True,True
CVE-2025-29137,2025-03-19,Mastodon,1,1,2025-03-19,True,False,0.00043,enriched,9.8,NETWORK,True,True,2025,0,v2025.03.14,True,True,True
CVE-2024-9053,2025-03-20,Mastodon,1,1,2025-03-20,True,False,0.00492,original,9.8,NETWORK,True,False,2024,0,v2025.03.14,True,True,True
CVE-2024-20440,2025-03-20,BleepingComputer,4,1,2025-04-02,False,True,0.72559,original,7.5,NETWORK,True,False,2024,13,v2025.03.14,True,True,True
CVE-2024-20439,2025-03-20,BleepingComputer,6,1,2025-04-18,False,True,0.8321,original,9.8,NETWORK,True,False,2024,29,v2025.03.14,True,True,True
CVE-2024-9216,2025-03-20,Mastodon,1,1,2025-03-20,True,False,0.00055,original,8.1,NETWORK,True,False,2024,0,v2025.03.14,True,True,True
CVE-2024-9095,2025-03-20,Mastodon,1,1,2025-03-20,True,False,0.00045,original,9.8,NETWORK,True,True,2024,0,v2025.03.14,True,True,True
CVE-2024-9070,2025-03-20,Mastodon,1,1,2025-03-20,True,False,0.00072,original,9.8,NETWORK,True,False,2024,0,v2025.03.14,True,True,True
CVE-2025-0628,2025-03-20,Mastodon,1,1,2025-03-20,True,False,0.00031,original,8.1,NETWORK,True,True,2025,0,v2025.03.14,True,True,True
CVE-2024-8954,2025-03-20,Mastodon,1,1,2025-03-20,True,False,0.00075,original,9.8,NETWORK,True,False,2024,0,v2025.03.14,True,True,True
CVE-2024-8616,2025-03-20,Mastodon,1,1,2025-03-20,True,False,0.00043,original,8.2,NETWORK,True,False,2024,0,v2025.03.14,True,True,True
CVE-2024-8999,2025-03-20,Mastodon,1,1,2025-03-20,True,False,0.00075,original,7.5,NETWORK,True,True,2024,0,v2025.03.14,True,True,True
CVE-2025-2505,2025-03-20,Mastodon,1,1,2025-03-20,True,False,0.00153,original,9.8,NETWORK,True,False,2025,0,v2025.03.14,True,True,True
CVE-2024-9309,2025-03-20,Mastodon,1,1,2025-03-20,True,False,0.00032,original,9.3,NETWORK,True,False,2024,0,v2025.03.14,True,True,True
CVE-2024-9099,2025-03-20,Mastodon,1,1,2025-03-20,True,False,0.00035,original,8.1,NETWORK,True,True,2024,0,v2025.03.14,True,True,True
CVE-2024-9415,2025-03-20,Mastodon,1,1,2025-03-20,True,False,0.00604,original,8.8,NETWORK,True,False,2024,0,v2025.03.14,True,True,True
CVE-2025-0185,2025-03-20,Mastodon,1,1,2025-03-20,True,False,0.00445,original,8.8,NETWORK,True,False,2025,0,v2025.03.14,True,True,True
CVE-2025-1770,2025-03-20,Mastodon,1,1,2025-03-20,True,False,0.00104,original,8.8,NETWORK,True,False,2025,0,v2025.03.14,True,True,True
CVE-2024-9919,2025-03-20,Mastodon,1,1,2025-03-20,True,False,0.00023,original,8.4,LOCAL,True,False,2024,0,v2025.03.14,True,True,True
CVE-2024-9847,2025-03-20,Mastodon,1,1,2025-03-20,True,False,0.00019,original,8.0,NETWORK,True,True,2024,0,v2025.03.14,True,True,True
CVE-2025-29922,2025-03-20,Mastodon,1,1,2025-03-20,True,False,0.0003,enriched,9.6,NETWORK,True,True,2025,0,v2025.03.14,True,True,True
CVE-2024-9701,2025-03-20,Mastodon,1,1,2025-03-20,True,False,0.00563,original,9.8,NETWORK,True,True,2024,0,v2025.03.14,True,True,True
CVE-2025-29980,2025-03-20,Mastodon,1,1,2025-03-20,True,False,0.0004,enriched,9.8,NETWORK,True,True,2025,0,v2025.03.14,True,True,True
CVE-2025-2311,2025-03-20,Mastodon,1,1,2025-03-20,True,False,0.00026,original,9.0,ADJACENT_NETWORK,True,False,2025,0,v2025.03.14,True,True,True
CVE-2025-2538,2025-03-20,Mastodon,1,1,2025-03-20,True,False,0.0004,enriched,9.8,NETWORK,True,False,2025,0,v2025.03.14,True,True,True
CVE-2024-12016,2025-03-20,Mastodon,1,1,2025-03-20,True,False,0.00031,original,9.8,NETWORK,True,False,2024,0,v2025.03.14,True,True,True
CVE-2025-2126,2025-03-20,ExploitDB,2,1,2025-03-20,True,False,0.0003,original,6.3,NETWORK,False,False,2025,0,v2025.03.14,True,True,True
CVE-2025-0452,2025-03-20,Mastodon,1,1,2025-03-20,True,False,0.0007,original,8.2,NETWORK,True,False,2025,0,v2025.03.14,True,True,True
CVE-2025-26909,2025-03-20,BleepingComputer,3,2,2025-03-27,True,False,0.00097,enriched,9.6,NETWORK,True,False,2025,7,v2025.03.14,True,True,True
CVE-2024-8581,2025-03-20,Mastodon,1,1,2025-03-20,True,False,0.00048,original,9.1,NETWORK,True,True,2024,0,v2025.03.14,True,True,True
CVE-2024-8613,2025-03-20,Mastodon,1,1,2025-03-20,True,False,0.00031,original,8.1,NETWORK,True,True,2024,0,v2025.03.14,True,True,True
CVE-2024-0305,2025-03-20,BleepingComputer,2,1,2025-03-20,False,True,0.90757,original,5.3,NETWORK,True,True,2024,0,v2025.03.14,True,True,True
CVE-2025-1040,2025-03-20,Mastodon,1,1,2025-03-20,True,False,0.00519,original,8.8,NETWORK,True,True,2025,0,v2025.03.14,True,True,True
CVE-2024-9439,2025-03-20,Mastodon,1,1,2025-03-20,True,False,0.00445,original,8.8,NETWORK,True,False,2024,0,v2025.03.14,True,True,True
CVE-2024-8769,2025-03-20,Mastodon,1,1,2025-03-20,True,False,0.0016,original,9.1,NETWORK,True,False,2024,0,v2025.03.14,True,True,True
CVE-2024-8690,2025-03-21,Reddit,1,1,2025-03-21,True,False,0.00035,original,4.4,LOCAL,True,False,2024,0,v2025.03.14,True,True,True
CVE-2025-29223,2025-03-21,Mastodon,1,1,2025-03-21,True,False,0.01549,enriched,6.3,NETWORK,True,True,2025,0,v2025.03.14,True,True,True
CVE-2025-29807,2025-03-21,Mastodon,1,1,2025-03-21,True,False,0.0019,original,8.7,NETWORK,True,False,2025,0,v2025.03.14,True,True,True
CVE-2025-29927,2025-03-21,Reddit,36,4,2025-05-26,True,False,0.0003,enriched,9.1,NETWORK,True,True,2025,66,v2025.03.14,True,True,True
CVE-2025-29226,2025-03-21,Mastodon,1,1,2025-03-21,True,False,0.01562,enriched,6.3,NETWORK,True,True,2025,0,v2025.03.14,True,True,True
CVE-2024-9956,2025-03-21,Reddit,2,1,2025-03-22,True,False,0.00032,original,7.8,LOCAL,True,False,2024,1,v2025.03.14,True,True,True
CVE-2025-29814,2025-03-21,Mastodon,1,1,2025-03-21,True,False,0.00066,original,9.3,NETWORK,True,False,2025,0,v2025.03.14,True,True,True
CVE-2025-2585,2025-03-21,Mastodon,1,1,2025-03-21,True,False,0.0008,original,8.8,NETWORK,True,False,2025,0,v2025.03.14,True,True,True
CVE-2025-29227,2025-03-21,Mastodon,1,1,2025-03-21,True,False,0.01549,enriched,6.3,NETWORK,True,True,2025,0,v2025.03.14,True,True,True
CVE-2025-26336,2025-03-21,Mastodon,1,1,2025-03-21,True,False,0.001,original,8.3,NETWORK,True,False,2025,0,v2025.03.14,True,True,True
CVE-2025-29230,2025-03-21,Mastodon,1,1,2025-03-21,True,False,0.01579,enriched,8.6,NETWORK,True,True,2025,0,v2025.03.14,True,True,True
CVE-2025-2619,2025-03-22,Mastodon,1,1,2025-03-22,True,False,0.00072,enriched,9.8,NETWORK,True,False,2025,0,v2025.03.14,True,True,True
CVE-2025-2303,2025-03-22,Mastodon,1,1,2025-03-22,True,False,0.0026,original,8.8,NETWORK,True,False,2025,0,v2025.03.14,True,True,True
CVE-2025-2609,2025-03-22,Mastodon,1,1,2025-03-22,True,False,0.00088,original,8.2,NETWORK,True,True,2025,0,v2025.03.14,True,True,True
CVE-2023-1545,2025-03-22,ExploitDB,2,1,2025-03-22,True,False,0.34541,original,7.5,NETWORK,True,True,2023,0,v2025.03.14,True,True,True
CVE-2024-21320,2025-03-22,ExploitDB,2,1,2025-03-22,True,False,0.70116,original,6.5,NETWORK,False,False,2024,0,v2025.03.14,True,True,True
CVE-2025-2618,2025-03-22,Mastodon,1,1,2025-03-22,True,False,0.00072,enriched,9.8,NETWORK,True,False,2025,0,v2025.03.14,True,True,True
CVE-2025-30472,2025-03-22,Mastodon,1,1,2025-03-22,True,False,0.00023,original,9.0,NETWORK,True,True,2025,0,v2025.03.14,True,True,True
CVE-2025-2621,2025-03-22,Mastodon,1,1,2025-03-22,True,False,0.00061,enriched,9.8,NETWORK,True,False,2025,0,v2025.03.14,True,True,True
CVE-2025-2620,2025-03-22,Mastodon,1,1,2025-03-22,True,False,0.09607,enriched,9.8,NETWORK,True,False,2025,0,v2025.03.14,True,True,True
CVE-2025-0724,2025-03-22,Mastodon,1,1,2025-03-22,True,False,0.0008,original,8.8,NETWORK,True,False,2025,0,v2025.03.14,True,True,True
CVE-2025-2691,2025-03-23,Mastodon,1,1,2025-03-23,True,False,0.00029,enriched,8.2,NETWORK,True,False,2025,0,v2025.03.14,True,True,True
CVE-2023-25610,2025-03-24,Mastodon,1,1,2025-03-24,True,False,0.04545,enriched,9.8,NETWORK,True,False,2023,0,v2025.03.14,False,True,True
CVE-2025-26512,2025-03-24,Mastodon,1,1,2025-03-24,True,False,0.00039,enriched,9.9,NETWORK,True,False,2025,0,v2025.03.14,False,True,True
CVE-2025-2747,2025-03-24,Mastodon,1,1,2025-03-24,True,False,0.00098,enriched,9.8,NETWORK,True,False,2025,0,v2025.03.14,False,True,True
CVE-2025-2746,2025-03-24,Mastodon,1,1,2025-03-24,True,False,0.00098,enriched,9.8,NETWORK,True,False,2025,0,v2025.03.14,False,True,True
CVE-2025-30528,2025-03-24,Mastodon,1,1,2025-03-24,True,False,0.00016,enriched,9.3,NETWORK,True,False,2025,0,v2025.03.14,False,True,True
CVE-2024-53351,2025-03-24,Mastodon,2,1,2025-03-24,True,False,0.00014,original,9.8,NETWORK,True,False,2024,0,v2025.03.14,False,True,True
CVE-2025-2681,2025-03-24,Mastodon,1,1,2025-03-24,True,False,0.0003,original,7.3,NETWORK,True,False,2025,0,v2025.03.14,False,True,True
CVE-2025-2684,2025-03-24,Mastodon,1,1,2025-03-24,True,False,0.0003,original,7.3,NETWORK,True,False,2025,0,v2025.03.14,False,True,True
CVE-2025-2687,2025-03-24,Mastodon,1,1,2025-03-24,True,False,0.00036,original,6.3,NETWORK,True,False,2025,0,v2025.03.14,False,True,True
CVE-2025-1974,2025-03-24,Mastodon,15,3,2025-05-22,True,False,0.00878,enriched,9.8,NETWORK,True,False,2025,59,v2025.03.14,False,True,True
CVE-2025-2689,2025-03-24,Mastodon,1,1,2025-03-24,True,False,0.00041,original,6.3,NETWORK,True,True,2025,0,v2025.03.14,False,True,True
CVE-2025-30615,2025-03-24,Mastodon,1,1,2025-03-24,True,False,0.00018,enriched,9.6,NETWORK,True,False,2025,0,v2025.03.14,False,True,True
CVE-2025-2690,2025-03-24,Mastodon,1,1,2025-03-24,True,False,0.00041,original,6.3,NETWORK,True,True,2025,0,v2025.03.14,False,True,True
CVE-2024-10444,2025-03-24,Mastodon,1,1,2025-03-24,True,False,0.00021,original,7.5,NETWORK,False,False,2024,0,v2025.03.14,False,True,True
CVE-2025-30590,2025-03-24,Mastodon,1,1,2025-03-24,True,False,0.0003,enriched,8.5,NETWORK,True,False,2025,0,v2025.03.14,False,True,True
CVE-2025-30569,2025-03-24,Mastodon,1,1,2025-03-24,True,False,0.0003,enriched,8.5,NETWORK,True,False,2025,0,v2025.03.14,False,True,True
CVE-2025-2683,2025-03-24,Mastodon,1,1,2025-03-24,True,False,0.0003,original,7.3,NETWORK,True,False,2025,0,v2025.03.14,False,True,True
CVE-2025-1097,2025-03-25,Mastodon,4,3,2025-05-09,True,False,0.0036,original,8.8,NETWORK,True,False,2025,45,v2025.03.14,False,True,True
CVE-2025-1098,2025-03-25,Mastodon,5,3,2025-05-09,True,False,0.0036,original,8.8,NETWORK,True,False,2025,45,v2025.03.14,False,True,True
CVE-2025-28904,2025-03-25,Mastodon,1,1,2025-03-25,True,False,0.0003,enriched,9.3,NETWORK,True,False,2025,0,v2025.03.14,False,True,True
CVE-2025-24513,2025-03-25,Mastodon,3,2,2025-05-09,True,False,0.00166,original,4.8,NETWORK,True,False,2025,45,v2025.03.14,False,True,True
CVE-2025-30216,2025-03-25,Mastodon,1,1,2025-03-25,True,False,0.00065,enriched,9.4,NETWORK,True,True,2025,0,v2025.03.14,False,True,True
CVE-2025-2319,2025-03-25,Mastodon,1,1,2025-03-25,True,False,0.0004,original,8.8,NETWORK,True,False,2025,0,v2025.03.14,False,True,True
CVE-2024-42533,2025-03-25,Mastodon,1,1,2025-03-25,True,False,0.00277,enriched,9.8,NETWORK,True,False,2024,0,v2025.03.14,False,True,True
CVE-2025-24514,2025-03-25,Mastodon,4,3,2025-05-09,True,False,0.0036,original,8.8,NETWORK,True,False,2025,45,v2025.03.14,False,True,True
CVE-2024-13617,2025-03-25,Mastodon,1,1,2025-03-25,True,False,0.00023,original,8.6,NETWORK,True,False,2024,0,v2025.03.14,False,True,True
CVE-2024-4040,2025-03-25,BleepingComputer,9,3,2025-04-28,True,True,0.94274,original,9.8,NETWORK,True,False,2024,34,v2025.03.14,False,True,True
CVE-2025-2732,2025-03-25,Mastodon,1,1,2025-03-25,True,False,0.00198,original,8.0,ADJACENT_NETWORK,True,True,2025,0,v2025.03.14,False,True,True
CVE-2023-43177,2025-03-25,BleepingComputer,4,1,2025-04-01,False,True,0.89356,original,9.8,NETWORK,True,True,2023,7,v2025.03.14,False,True,True
CVE-2025-22230,2025-03-25,BleepingComputer,7,3,2025-04-28,True,True,0.00017,enriched,7.8,LOCAL,True,False,2025,34,v2025.03.14,False,True,True
CVE-2024-6671,2025-03-25,Mastodon,1,1,2025-03-25,False,True,0.12416,original,9.8,NETWORK,False,False,2024,0,v2025.03.14,False,True,True
CVE-2025-29635,2025-03-25,Mastodon,1,1,2025-03-25,True,False,0.00289,enriched,8.8,NETWORK,True,True,2025,0,v2025.03.14,False,True,True
CVE-2020-1472,2025-03-25,Mastodon,2,2,2025-05-02,True,False,0.94448,original,5.5,LOCAL,True,False,2020,38,v2025.03.14,False,True,True
CVE-2025-27147,2025-03-25,Mastodon,1,1,2025-03-25,True,False,0.00042,enriched,8.2,NETWORK,True,True,2025,0,v2025.03.14,False,True,True
CVE-2025-2725,2025-03-25,Mastodon,1,1,2025-03-25,True,False,0.00198,original,8.0,ADJACENT_NETWORK,True,True,2025,0,v2025.03.14,False,True,True
CVE-2021-35587,2025-03-25,Reddit,6,2,2025-04-17,True,False,0.94197,original,9.8,NETWORK,True,False,2021,23,v2025.03.14,False,True,True
CVE-2025-2726,2025-03-25,Mastodon,1,1,2025-03-25,True,False,0.00198,original,8.0,ADJACENT_NETWORK,True,True,2025,0,v2025.03.14,False,True,True
CVE-2025-2727,2025-03-25,Mastodon,2,1,2025-03-25,True,False,0.00198,original,8.0,ADJACENT_NETWORK,True,True,2025,0,v2025.03.14,False,True,True
CVE-2025-2728,2025-03-25,Mastodon,2,1,2025-03-25,True,False,0.00198,original,8.0,ADJACENT_NETWORK,True,True,2025,0,v2025.03.14,False,True,True
CVE-2025-2729,2025-03-25,Mastodon,1,1,2025-03-25,True,False,0.00198,original,8.0,ADJACENT_NETWORK,True,True,2025,0,v2025.03.14,False,True,True
CVE-2025-2730,2025-03-25,Mastodon,1,1,2025-03-25,True,False,0.00198,original,8.0,ADJACENT_NETWORK,True,True,2025,0,v2025.03.14,False,True,True
CVE-2025-2731,2025-03-25,Mastodon,1,1,2025-03-25,True,False,0.00198,original,8.0,ADJACENT_NETWORK,True,True,2025,0,v2025.03.14,False,True,True
CVE-2025-29314,2025-03-25,Mastodon,1,1,2025-03-25,True,False,0.00018,original,8.1,NETWORK,True,False,2025,0,v2025.03.14,False,True,True
CVE-2024-6670,2025-03-25,Mastodon,1,1,2025-03-25,False,True,0.94309,original,9.8,NETWORK,False,False,2024,0,v2025.03.14,False,True,True
CVE-2025-28893,2025-03-26,Mastodon,1,1,2025-03-26,True,False,0.00047,enriched,9.9,NETWORK,True,False,2025,0,v2025.03.14,False,True,True
CVE-2025-28898,2025-03-26,Mastodon,1,1,2025-03-26,True,False,0.0003,enriched,9.3,NETWORK,True,False,2025,0,v2025.03.14,False,True,True
CVE-2025-28942,2025-03-26,Mastodon,1,1,2025-03-26,True,False,0.0003,enriched,9.3,NETWORK,True,False,2025,0,v2025.03.14,False,True,True
CVE-2025-30353,2025-03-26,Mastodon,1,1,2025-03-26,True,False,0.00031,enriched,8.6,NETWORK,True,False,2025,0,v2025.03.14,False,True,True
CVE-2025-28916,2025-03-26,Mastodon,1,1,2025-03-26,True,False,0.001,enriched,9.8,NETWORK,True,False,2025,0,v2025.03.14,False,True,True
CVE-2025-28939,2025-03-26,Mastodon,1,1,2025-03-26,True,False,0.00027,enriched,8.5,NETWORK,True,False,2025,0,v2025.03.14,False,True,True
CVE-2025-30524,2025-03-26,Mastodon,1,1,2025-03-26,True,False,0.0003,enriched,9.3,NETWORK,True,False,2025,0,v2025.03.14,False,True,True
CVE-2025-28873,2025-03-26,Mastodon,1,1,2025-03-26,True,False,0.0003,enriched,8.5,NETWORK,True,False,2025,0,v2025.03.14,False,True,True
CVE-2025-23952,2025-03-26,Mastodon,1,1,2025-03-26,True,False,0.001,enriched,8.1,NETWORK,True,False,2025,0,v2025.03.14,False,True,True
CVE-2025-2837,2025-03-26,Mastodon,1,1,2025-03-26,True,False,0.00072,enriched,8.8,ADJACENT_NETWORK,True,False,2025,0,v2025.03.14,False,True,True
CVE-2024-55028,2025-03-26,Mastodon,1,1,2025-03-26,True,False,0.00019,original,9.8,NETWORK,True,False,2024,0,v2025.03.14,False,True,True
CVE-2025-25373,2025-03-26,Mastodon,1,1,2025-03-26,True,False,0.00015,original,9.8,NETWORK,True,False,2025,0,v2025.03.14,False,True,True
CVE-2024-47516,2025-03-26,Mastodon,1,1,2025-03-26,True,False,0.00251,original,9.8,NETWORK,True,False,2024,0,v2025.03.14,False,True,True
CVE-2024-0132,2025-03-26,ExploitDB,6,2,2025-04-15,True,False,0.02526,original,9.0,NETWORK,True,False,2024,20,v2025.03.14,False,True,True
CVE-2025-24690,2025-03-26,Mastodon,1,1,2025-03-26,True,False,0.00097,enriched,8.1,NETWORK,True,False,2025,0,v2025.03.14,False,True,True
CVE-2024-13801,2025-03-26,Mastodon,1,1,2025-03-26,True,False,0.00036,original,8.1,NETWORK,True,False,2024,0,v2025.03.14,False,True,True
CVE-2024-48818,2025-03-26,Mastodon,1,1,2025-03-26,True,False,0.00058,original,9.8,NETWORK,True,False,2024,0,v2025.03.14,False,True,True
CVE-2025-26941,2025-03-26,Mastodon,1,1,2025-03-26,True,False,0.0003,enriched,9.3,NETWORK,True,False,2025,0,v2025.03.14,False,True,True
CVE-2025-26986,2025-03-26,Mastodon,1,1,2025-03-26,True,False,0.00097,enriched,8.1,NETWORK,True,False,2025,0,v2025.03.14,False,True,True
CVE-2025-2110,2025-03-26,Mastodon,1,1,2025-03-26,True,False,0.00043,original,8.8,NETWORK,True,False,2025,0,v2025.03.14,False,True,True
CVE-2024-55030,2025-03-26,Mastodon,1,1,2025-03-26,True,False,0.00171,original,9.8,NETWORK,True,False,2024,0,v2025.03.14,False,True,True
CVE-2025-27832,2025-03-26,Mastodon,1,1,2025-03-26,True,False,0.00017,original,9.8,NETWORK,True,False,2025,0,v2025.03.14,False,True,True
CVE-2025-23937,2025-03-26,Mastodon,1,1,2025-03-26,True,False,0.001,enriched,8.1,NETWORK,True,False,2025,0,v2025.03.14,False,True,True
CVE-2025-24071,2025-03-26,Mastodon,10,4,2025-06-01,True,False,0.19941,original,6.5,NETWORK,False,False,2025,67,v2025.03.14,False,True,True
CVE-2024-13146,2025-03-26,Mastodon,1,1,2025-03-26,True,False,0.00018,original,8.8,NETWORK,True,False,2024,0,v2025.03.14,False,True,True
CVE-2025-2783,2025-03-26,Mastodon,15,4,2025-05-17,True,False,0.01618,enriched,8.3,NETWORK,True,False,2025,52,v2025.03.14,False,True,True
CVE-2025-27831,2025-03-26,Mastodon,1,1,2025-03-26,True,False,0.00017,original,9.8,NETWORK,True,False,2025,0,v2025.03.14,False,True,True
CVE-2025-20229,2025-03-26,Mastodon,1,1,2025-03-26,True,False,0.00084,enriched,8.0,NETWORK,True,False,2025,0,v2025.03.14,False,True,True
CVE-2025-27836,2025-03-26,Mastodon,1,1,2025-03-26,True,False,0.00017,original,9.8,NETWORK,True,False,2025,0,v2025.03.14,False,True,True
CVE-2025-27837,2025-03-26,Mastodon,1,1,2025-03-26,True,False,0.00017,original,9.8,NETWORK,True,False,2025,0,v2025.03.14,False,True,True
CVE-2024-46528,2025-03-27,ExploitDB,2,1,2025-03-27,True,False,0.00078,original,4.3,NETWORK,True,False,2024,0,v2025.03.14,False,True,True
CVE-2025-22783,2025-03-27,Mastodon,1,1,2025-03-27,True,False,0.0005,enriched,8.5,NETWORK,True,False,2025,0,v2025.03.14,False,True,True
CVE-2025-30891,2025-03-27,Mastodon,1,1,2025-03-27,True,False,0.00112,original,8.8,NETWORK,True,False,2025,0,v2025.03.14,False,True,True
CVE-2025-30358,2025-03-27,Mastodon,1,1,2025-03-27,True,False,0.00285,enriched,8.1,NETWORK,True,True,2025,0,v2025.03.14,False,True,True
CVE-2024-55964,2025-03-27,Mastodon,1,1,2025-03-27,True,False,0.00053,original,9.8,NETWORK,True,False,2024,0,v2025.03.14,False,True,True
CVE-2024-45352,2025-03-27,Mastodon,1,1,2025-03-27,True,False,0.00022,original,8.8,NETWORK,True,False,2024,0,v2025.03.14,False,True,True
CVE-2024-44871,2025-03-27,ExploitDB,2,1,2025-03-27,True,False,0.00473,original,7.2,NETWORK,True,False,2024,0,v2025.03.14,False,True,True
CVE-2025-30819,2025-03-27,Mastodon,1,1,2025-03-27,True,False,0.00028,original,8.5,NETWORK,True,False,2025,0,v2025.03.14,False,True,True
CVE-2025-30775,2025-03-27,Mastodon,1,1,2025-03-27,True,False,0.00028,original,8.5,NETWORK,True,False,2025,0,v2025.03.14,False,True,True
CVE-2025-30783,2025-03-27,Mastodon,1,1,2025-03-27,True,False,0.00028,original,8.2,NETWORK,True,False,2025,0,v2025.03.14,False,True,True
CVE-2025-30784,2025-03-27,Mastodon,1,1,2025-03-27,True,False,0.00028,original,8.5,NETWORK,True,False,2025,0,v2025.03.14,False,True,True
CVE-2025-2255,2025-03-27,Mastodon,1,1,2025-03-27,True,False,0.00015,enriched,8.7,NETWORK,True,False,2025,0,v2025.03.14,False,True,True
CVE-2025-30806,2025-03-27,Mastodon,1,1,2025-03-27,True,False,0.00028,original,8.5,NETWORK,True,False,2025,0,v2025.03.14,False,True,True
CVE-2025-2332,2025-03-27,Mastodon,1,1,2025-03-27,True,False,0.00098,original,9.8,NETWORK,True,False,2025,0,v2025.03.14,False,True,True
CVE-2025-30810,2025-03-27,Mastodon,1,1,2025-03-27,True,False,0.00028,original,8.5,NETWORK,True,False,2025,0,v2025.03.14,False,True,True
CVE-2025-30846,2025-03-27,Mastodon,1,1,2025-03-27,True,False,0.00112,original,8.8,NETWORK,True,False,2025,0,v2025.03.14,False,True,True
CVE-2025-30772,2025-03-27,Mastodon,1,1,2025-03-27,True,False,0.00042,original,8.8,NETWORK,True,False,2025,0,v2025.03.14,False,True,True
CVE-2025-30788,2025-03-27,Mastodon,1,1,2025-03-27,True,False,0.00028,original,8.2,NETWORK,True,False,2025,0,v2025.03.14,False,True,True
CVE-2025-26873,2025-03-27,Mastodon,1,1,2025-03-27,True,False,0.00041,enriched,9.0,NETWORK,True,False,2025,0,v2025.03.14,False,True,True
CVE-2025-26011,2025-03-27,Mastodon,1,1,2025-03-27,True,False,0.00018,original,9.8,NETWORK,True,True,2025,0,v2025.03.14,False,True,True
CVE-2024-48120,2025-03-27,ExploitDB,2,1,2025-03-27,True,False,0.00076,original,5.4,NETWORK,False,False,2024,0,v2025.03.14,False,True,True
CVE-2025-2857,2025-03-27,BleepingComputer,11,4,2025-05-22,True,True,0.00017,enriched,10.0,NETWORK,True,False,2025,56,v2025.03.14,False,True,True
CVE-2025-26898,2025-03-27,Mastodon,1,1,2025-03-27,True,False,0.0003,enriched,9.3,NETWORK,True,False,2025,0,v2025.03.14,False,True,True
CVE-2025-0731,2025-03-27,BleepingComputer,2,1,2025-03-27,True,False,0.00085,original,6.5,NETWORK,False,False,2025,0,v2025.03.14,False,True,True
CVE-2025-26003,2025-03-27,Mastodon,1,1,2025-03-27,True,False,0.00014,original,9.8,NETWORK,True,True,2025,0,v2025.03.14,False,True,True
CVE-2025-26004,2025-03-27,Mastodon,1,1,2025-03-27,True,False,0.00018,original,9.8,NETWORK,True,True,2025,0,v2025.03.14,False,True,True
CVE-2025-26005,2025-03-27,Mastodon,1,1,2025-03-27,True,False,0.00018,original,9.8,NETWORK,True,True,2025,0,v2025.03.14,False,True,True
CVE-2025-26010,2025-03-27,Mastodon,1,1,2025-03-27,True,False,0.00018,original,9.8,NETWORK,True,True,2025,0,v2025.03.14,False,True,True
CVE-2025-26733,2025-03-27,Mastodon,1,1,2025-03-27,True,False,0.00038,enriched,8.2,NETWORK,True,False,2025,0,v2025.03.14,False,True,True
CVE-2025-26006,2025-03-27,Mastodon,1,1,2025-03-27,True,False,0.00018,original,9.8,NETWORK,True,True,2025,0,v2025.03.14,False,True,True
CVE-2025-26007,2025-03-27,Mastodon,1,1,2025-03-27,True,False,0.00018,original,9.8,NETWORK,True,True,2025,0,v2025.03.14,False,True,True
CVE-2025-26008,2025-03-27,Mastodon,1,1,2025-03-27,True,False,0.00018,original,9.8,NETWORK,True,True,2025,0,v2025.03.14,False,True,True
CVE-2025-0811,2025-03-27,Mastodon,1,1,2025-03-27,True,False,0.00015,enriched,8.7,NETWORK,True,False,2025,0,v2025.03.14,False,True,True
CVE-2025-31466,2025-03-28,Mastodon,1,1,2025-03-28,True,False,0.00028,original,8.5,NETWORK,True,False,2025,0,v2025.03.14,False,True,True
CVE-2025-27932,2025-03-28,Mastodon,1,1,2025-03-28,True,False,0.00085,original,8.1,NETWORK,True,False,2025,0,v2025.03.14,False,True,True
CVE-2025-28138,2025-03-28,Mastodon,1,1,2025-03-28,True,False,0.00041,original,9.8,NETWORK,True,True,2025,0,v2025.03.14,False,True,True
CVE-2025-2815,2025-03-28,Mastodon,1,1,2025-03-28,True,False,0.00042,original,8.8,NETWORK,True,False,2025,0,v2025.03.14,False,True,True
CVE-2025-27718,2025-03-28,Mastodon,1,1,2025-03-28,True,False,0.00487,original,8.8,NETWORK,True,False,2025,0,v2025.03.14,False,True,True
CVE-2025-29306,2025-03-28,Mastodon,5,3,2025-04-28,True,False,0.00248,original,9.8,NETWORK,True,False,2025,31,v2025.03.14,False,True,True
CVE-2025-22526,2025-03-28,Mastodon,1,1,2025-03-28,True,False,0.00026,enriched,9.8,NETWORK,True,False,2025,0,v2025.03.14,False,True,True
CVE-2025-24381,2025-03-28,Mastodon,1,1,2025-03-28,True,False,0.00054,original,8.8,NETWORK,True,False,2025,0,v2025.03.14,False,True,True
CVE-2024-23692,2025-03-28,ExploitDB,2,1,2025-03-28,True,False,0.94336,original,9.8,NETWORK,True,True,2024,0,v2025.03.14,False,True,True
CVE-2025-22523,2025-03-28,Mastodon,1,1,2025-03-28,True,False,0.00024,enriched,9.3,NETWORK,True,False,2025,0,v2025.03.14,False,True,True
CVE-2025-24383,2025-03-28,Mastodon,1,1,2025-03-28,True,False,0.14935,original,9.1,NETWORK,True,False,2025,0,v2025.03.14,False,True,True
CVE-2025-29928,2025-03-28,Mastodon,1,1,2025-03-28,True,False,0.00034,enriched,8.0,NETWORK,True,True,2025,0,v2025.03.14,False,True,True
CVE-2025-2294,2025-03-28,Mastodon,3,2,2025-04-05,True,False,0.01247,original,9.8,NETWORK,True,False,2025,8,v2025.03.14,False,True,True
CVE-2025-30093,2025-03-28,Mastodon,1,1,2025-03-28,True,False,0.00018,original,8.1,NETWORK,True,False,2025,0,v2025.03.14,False,True,True
CVE-2025-25686,2025-03-28,Mastodon,1,1,2025-03-28,True,False,0.00014,original,9.8,NETWORK,True,False,2025,0,v2025.03.14,False,True,True
CVE-2025-30232,2025-03-28,Mastodon,1,1,2025-03-28,True,False,0.0002,original,8.1,LOCAL,True,False,2025,0,v2025.03.14,False,True,True
CVE-2025-2328,2025-03-28,Mastodon,1,1,2025-03-28,True,False,0.00175,original,8.8,NETWORK,True,False,2025,0,v2025.03.14,False,True,True
CVE-2025-22398,2025-03-28,Mastodon,1,1,2025-03-28,True,False,0.01109,original,9.8,NETWORK,True,False,2025,0,v2025.03.14,False,True,True
CVE-2024-4956,2025-03-28,ExploitDB,2,1,2025-03-28,True,False,0.93821,original,7.5,NETWORK,False,False,2024,0,v2025.03.14,False,True,True
CVE-2024-44000,2025-03-28,ExploitDB,2,1,2025-03-28,True,False,0.88493,original,9.8,NETWORK,False,False,2024,0,v2025.03.14,False,True,True
CVE-2024-54291,2025-03-28,Mastodon,1,1,2025-03-28,True,False,0.0004,enriched,8.6,NETWORK,True,False,2024,0,v2025.03.14,False,True,True
CVE-2024-8945,2025-03-28,ExploitDB,2,1,2025-03-28,True,False,0.00106,original,5.5,NETWORK,False,False,2024,0,v2025.03.14,False,True,True
CVE-2024-54362,2025-03-28,Mastodon,1,1,2025-03-28,True,False,0.0003,enriched,8.1,NETWORK,True,False,2024,0,v2025.03.14,False,True,True
CVE-2024-4358,2025-03-28,ExploitDB,2,1,2025-03-28,True,False,0.94087,original,9.8,NETWORK,False,False,2024,0,v2025.03.14,False,True,True
CVE-2025-2249,2025-03-29,Mastodon,1,1,2025-03-29,True,False,0.00091,original,8.8,NETWORK,True,False,2025,0,v2025.03.14,False,True,True
CVE-2025-2006,2025-03-29,Mastodon,1,1,2025-03-29,True,False,0.00135,original,8.8,NETWORK,True,False,2025,0,v2025.03.14,False,True,True
CVE-2023-48292,2025-03-29,ExploitDB,2,1,2025-03-29,True,False,0.00829,original,9.6,NETWORK,True,True,2023,0,v2025.03.14,False,True,True
CVE-2025-31160,2025-03-29,Mastodon,1,1,2025-03-29,True,False,0.00021,original,2.9,LOCAL,True,False,2025,0,v2025.03.14,False,True,True
CVE-2025-2266,2025-03-29,Mastodon,1,1,2025-03-29,True,False,0.00052,original,9.8,NETWORK,True,False,2025,0,v2025.03.14,False,True,True
CVE-2025-30004,2025-03-31,Mastodon,1,1,2025-03-31,True,False,0.00162,enriched,9.1,NETWORK,True,False,2025,0,v2025.03.14,False,False,True
CVE-2025-1268,2025-03-31,Mastodon,1,1,2025-03-31,True,False,0.00041,original,9.4,NETWORK,True,False,2025,0,v2025.03.14,False,False,True
CVE-2025-3011,2025-03-31,Mastodon,1,1,2025-03-31,True,False,0.00081,original,9.8,NETWORK,True,False,2025,0,v2025.03.14,False,False,True
CVE-2025-28256,2025-03-31,Mastodon,1,1,2025-03-31,True,False,0.00051,original,9.8,NETWORK,True,True,2025,0,v2025.03.14,False,False,True
CVE-2025-25211,2025-03-31,Mastodon,1,1,2025-03-31,True,False,0.00042,original,9.8,NETWORK,True,False,2025,0,v2025.03.14,False,False,True
CVE-2025-28091,2025-03-31,Mastodon,1,1,2025-03-31,True,False,0.00018,original,9.1,NETWORK,True,False,2025,0,v2025.03.14,False,False,True
CVE-2025-29266,2025-03-31,Mastodon,1,1,2025-03-31,True,False,0.00086,enriched,9.6,ADJACENT_NETWORK,True,False,2025,0,v2025.03.14,False,False,True
CVE-2025-28090,2025-03-31,Mastodon,1,1,2025-03-31,True,False,0.00018,original,9.1,NETWORK,True,False,2025,0,v2025.03.14,False,False,True
CVE-2025-0678,2025-03-31,BleepingComputer,2,1,2025-03-31,True,False,0.00014,original,7.8,LOCAL,False,False,2025,0,v2025.03.14,False,False,True
CVE-2025-25579,2025-03-31,Mastodon,1,1,2025-03-31,True,False,0.00151,original,9.8,NETWORK,True,False,2025,0,v2025.03.14,False,False,True
CVE-2025-30223,2025-03-31,Mastodon,1,1,2025-03-31,True,False,0.00033,enriched,9.3,NETWORK,True,True,2025,0,v2025.03.14,False,False,True
CVE-2024-13804,2025-03-31,Mastodon,1,1,2025-03-31,True,False,0.00018,original,9.8,NETWORK,True,False,2024,0,v2025.03.14,False,False,True
CVE-2021-25742,2025-03-31,Mastodon,1,1,2025-03-31,False,True,0.00676,original,7.6,NETWORK,True,False,2021,0,v2025.03.14,False,False,True
CVE-2025-31526,2025-03-31,Mastodon,1,1,2025-03-31,True,False,0.0003,enriched,8.5,NETWORK,True,False,2025,0,v2025.03.14,False,False,True
CVE-2025-28089,2025-03-31,Mastodon,1,1,2025-03-31,True,False,0.00018,original,9.1,NETWORK,True,False,2025,0,v2025.03.14,False,False,True
CVE-2025-26683,2025-03-31,Mastodon,1,1,2025-03-31,True,False,0.00081,enriched,8.1,NETWORK,True,False,2025,0,v2025.03.14,False,False,True
CVE-2025-26689,2025-03-31,Mastodon,1,1,2025-03-31,True,False,0.0007,original,9.8,NETWORK,True,False,2025,0,v2025.03.14,False,False,True
CVE-2025-31129,2025-03-31,Mastodon,1,1,2025-03-31,True,False,0.00041,enriched,8.8,NETWORK,True,True,2025,0,v2025.03.14,False,False,True
CVE-2025-31542,2025-03-31,Mastodon,1,1,2025-03-31,True,False,0.0003,enriched,8.5,NETWORK,True,False,2025,0,v2025.03.14,False,False,True
CVE-2025-31547,2025-03-31,Mastodon,1,1,2025-03-31,True,False,0.0003,enriched,8.5,NETWORK,True,False,2025,0,v2025.03.14,False,False,True
CVE-2025-31123,2025-03-31,Mastodon,1,1,2025-03-31,True,False,0.00049,enriched,8.7,NETWORK,True,True,2025,0,v2025.03.14,False,False,True
CVE-2025-28087,2025-03-31,Mastodon,1,1,2025-03-31,True,False,0.00014,original,9.8,NETWORK,True,False,2025,0,v2025.03.14,False,False,True
CVE-2025-24279,2025-04-01,Mastodon,1,1,2025-04-01,True,False,0.0004,original,4.3,NETWORK,True,False,2025,0,v2025.03.14,False,False,True
CVE-2025-24235,2025-04-01,Mastodon,1,1,2025-04-01,True,False,0.00106,original,5.5,LOCAL,True,False,2025,0,v2025.03.14,False,False,True
CVE-2025-31619,2025-04-01,Mastodon,1,1,2025-04-01,True,False,0.0003,enriched,8.5,NETWORK,True,False,2025,0,v2025.03.14,False,False,True
CVE-2025-24228,2025-04-01,BleepingComputer,2,1,2025-04-01,False,True,0.00017,original,7.8,LOCAL,False,False,2025,0,v2025.03.14,False,False,True
CVE-2025-22277,2025-04-01,Mastodon,1,1,2025-04-01,True,False,0.00055,original,8.8,NETWORK,True,False,2025,0,v2025.03.14,False,False,True
CVE-2025-2237,2025-04-01,Mastodon,1,1,2025-04-01,True,False,0.00139,original,9.8,NETWORK,True,False,2025,0,v2025.03.14,False,False,True
CVE-2025-31074,2025-04-01,Mastodon,1,1,2025-04-01,True,False,0.00048,original,8.8,NETWORK,True,False,2025,0,v2025.03.14,False,False,True
CVE-2025-31182,2025-04-01,BleepingComputer,2,1,2025-04-01,False,True,0.00037,original,9.8,NETWORK,False,False,2025,0,v2025.03.14,False,False,True
CVE-2025-31612,2025-04-01,Mastodon,1,1,2025-04-01,True,False,0.00041,enriched,9.8,NETWORK,True,False,2025,0,v2025.03.14,False,False,True
CVE-2025-31579,2025-04-01,Mastodon,1,1,2025-04-01,True,False,0.0003,enriched,9.3,NETWORK,True,False,2025,0,v2025.03.14,False,False,True
CVE-2025-31564,2025-04-01,Mastodon,1,1,2025-04-01,True,False,0.0003,enriched,8.5,NETWORK,True,False,2025,0,v2025.03.14,False,False,True
CVE-2025-24213,2025-04-01,BleepingComputer,2,1,2025-04-01,False,True,0.00018,original,7.8,LOCAL,False,False,2025,0,v2025.03.14,False,False,True
CVE-2025-31561,2025-04-01,Mastodon,1,1,2025-04-01,True,False,0.0003,enriched,8.5,NETWORK,True,False,2025,0,v2025.03.14,False,False,True
CVE-2025-2891,2025-04-01,Mastodon,1,1,2025-04-01,True,False,0.00236,original,8.8,NETWORK,True,False,2025,0,v2025.03.14,False,False,True
CVE-2025-31553,2025-04-01,Mastodon,1,1,2025-04-01,True,False,0.0003,enriched,9.3,NETWORK,True,False,2025,0,v2025.03.14,False,False,True
CVE-2025-31552,2025-04-01,Mastodon,1,1,2025-04-01,True,False,0.0003,enriched,9.3,NETWORK,True,False,2025,0,v2025.03.14,False,False,True
CVE-2025-31551,2025-04-01,Mastodon,1,1,2025-04-01,True,False,0.0003,enriched,9.3,NETWORK,True,False,2025,0,v2025.03.14,False,False,True
CVE-2025-31534,2025-04-01,Mastodon,1,1,2025-04-01,True,False,0.0003,enriched,9.3,NETWORK,True,False,2025,0,v2025.03.14,False,False,True
CVE-2025-31531,2025-04-01,Mastodon,1,1,2025-04-01,True,False,0.0003,enriched,9.3,NETWORK,True,False,2025,0,v2025.03.14,False,False,True
CVE-2025-31082,2025-04-01,Mastodon,1,1,2025-04-01,True,False,0.00106,enriched,8.1,NETWORK,True,False,2025,0,v2025.03.14,False,False,True
CVE-2025-21384,2025-04-01,Mastodon,1,1,2025-04-01,True,False,0.00079,original,8.3,NETWORK,True,False,2025,0,v2025.03.14,False,False,True
CVE-2025-31161,2025-04-01,BleepingComputer,20,4,2025-05-24,True,True,0.00074,enriched,9.8,NETWORK,True,False,2025,53,v2025.03.14,False,False,True
CVE-2025-24180,2025-04-01,BleepingComputer,2,1,2025-04-01,False,True,0.00018,original,8.1,NETWORK,False,False,2025,0,v2025.03.14,False,False,True
CVE-2025-24267,2025-04-01,BleepingComputer,2,1,2025-04-01,False,True,0.00014,original,7.8,LOCAL,False,False,2025,0,v2025.03.14,False,False,True
CVE-2025-24167,2025-04-01,Mastodon,1,1,2025-04-01,True,False,0.0004,original,9.8,NETWORK,True,False,2025,0,v2025.03.14,False,False,True
CVE-2024-13553,2025-04-01,Mastodon,1,1,2025-04-01,True,False,0.00054,original,9.8,NETWORK,True,False,2024,0,v2025.03.14,False,False,True
CVE-2025-2008,2025-04-01,Mastodon,2,2,2025-05-20,True,False,0.00236,original,8.8,NETWORK,True,False,2025,49,v2025.03.14,False,False,True
CVE-2025-2007,2025-04-01,Mastodon,1,1,2025-04-01,True,False,0.0053,original,8.1,NETWORK,True,False,2025,0,v2025.03.14,False,False,True
CVE-2025-31087,2025-04-01,Mastodon,1,1,2025-04-01,True,False,0.00041,original,9.8,NETWORK,True,False,2025,0,v2025.03.14,False,False,True
CVE-2025-30774,2025-04-01,Mastodon,1,1,2025-04-01,True,False,0.0003,original,8.2,NETWORK,True,False,2025,0,v2025.03.14,False,False,True
CVE-2025-30807,2025-04-01,Mastodon,1,1,2025-04-01,True,False,0.0003,enriched,9.3,NETWORK,True,False,2025,0,v2025.03.14,False,False,True
CVE-2025-30825,2025-04-01,Mastodon,1,1,2025-04-01,True,False,0.00039,enriched,8.8,NETWORK,True,False,2025,0,v2025.03.14,False,False,True
CVE-2025-30841,2025-04-01,Mastodon,1,1,2025-04-01,True,False,0.00046,enriched,9.9,NETWORK,True,False,2025,0,v2025.03.14,False,False,True
CVE-2025-30849,2025-04-01,Mastodon,1,1,2025-04-01,True,False,0.00115,original,8.1,NETWORK,True,False,2025,0,v2025.03.14,False,False,True
CVE-2025-3085,2025-04-01,Mastodon,1,1,2025-04-01,True,False,0.00026,enriched,8.1,NETWORK,True,False,2025,0,v2025.03.14,False,False,True
CVE-2025-30870,2025-04-01,Mastodon,1,1,2025-04-01,True,False,0.00115,original,8.1,NETWORK,True,False,2025,0,v2025.03.14,False,False,True
CVE-2025-30876,2025-04-01,Mastodon,1,1,2025-04-01,True,False,0.0003,original,9.3,NETWORK,True,False,2025,0,v2025.03.14,False,False,True
CVE-2025-30878,2025-04-01,Mastodon,1,1,2025-04-01,True,False,0.00048,original,8.6,NETWORK,True,False,2025,0,v2025.03.14,False,False,True
CVE-2025-30886,2025-04-01,Mastodon,1,1,2025-04-01,True,False,0.0003,original,9.3,NETWORK,True,False,2025,0,v2025.03.14,False,False,True
CVE-2025-30892,2025-04-01,Mastodon,1,1,2025-04-01,True,False,0.00048,enriched,8.8,NETWORK,True,False,2025,0,v2025.03.14,False,False,True
CVE-2025-30901,2025-04-01,Mastodon,1,1,2025-04-01,True,False,0.00115,original,8.1,NETWORK,True,False,2025,0,v2025.03.14,False,False,True
CVE-2025-30910,2025-04-01,Mastodon,1,1,2025-04-01,True,False,0.00048,original,8.6,NETWORK,True,False,2025,0,v2025.03.14,False,False,True
CVE-2025-30911,2025-04-01,Mastodon,1,1,2025-04-01,True,False,0.00205,original,9.9,NETWORK,True,False,2025,0,v2025.03.14,False,False,True
CVE-2025-30971,2025-04-01,Mastodon,1,1,2025-04-01,True,False,0.0003,original,9.3,NETWORK,True,False,2025,0,v2025.03.14,False,False,True
CVE-2025-31024,2025-04-01,Mastodon,1,1,2025-04-01,True,False,0.0003,original,8.5,NETWORK,True,False,2025,0,v2025.03.14,False,False,True
CVE-2025-31084,2025-04-01,Mastodon,1,1,2025-04-01,True,False,0.00041,original,9.8,NETWORK,True,False,2025,0,v2025.03.14,False,False,True
CVE-2025-31089,2025-04-01,Mastodon,1,1,2025-04-01,True,False,0.0003,enriched,8.5,NETWORK,True,False,2025,0,v2025.03.14,False,False,True
CVE-2025-24178,2025-04-01,BleepingComputer,2,1,2025-04-01,False,True,0.00024,original,9.8,NETWORK,False,False,2025,0,v2025.03.14,False,False,True
CVE-2025-31095,2025-04-01,Mastodon,1,1,2025-04-01,True,False,0.00055,original,9.8,NETWORK,True,False,2025,0,v2025.03.14,False,False,True
CVE-2025-30427,2025-04-01,Mastodon,3,2,2025-04-01,True,False,0.00074,original,4.3,NETWORK,True,False,2025,0,v2025.03.14,False,False,True
CVE-2025-3030,2025-04-01,Mastodon,1,1,2025-04-01,True,False,0.00046,enriched,8.1,NETWORK,True,False,2025,0,v2025.03.14,False,False,True
CVE-2025-31132,2025-04-01,Mastodon,1,1,2025-04-01,True,False,0.00068,enriched,8.1,NETWORK,True,False,2025,0,v2025.03.14,False,False,True
CVE-2025-31131,2025-04-01,Mastodon,3,2,2025-04-07,True,False,0.00043,enriched,8.6,NETWORK,True,True,2025,6,v2025.03.14,False,False,True
CVE-2025-31097,2025-04-01,Mastodon,1,1,2025-04-01,True,False,0.00115,enriched,8.1,NETWORK,True,False,2025,0,v2025.03.14,False,False,True
CVE-2024-40864,2025-04-01,Mastodon,1,1,2025-04-01,True,False,0.00043,original,2.7,NETWORK,True,False,2024,0,v2025.03.14,False,False,True
CVE-2025-24097,2025-04-01,BleepingComputer,2,1,2025-04-01,False,True,9e-05,original,5.0,LOCAL,False,False,2025,0,v2025.03.14,False,False,True
CVE-2025-30426,2025-04-01,Mastodon,1,1,2025-04-01,True,False,0.00046,original,9.8,NETWORK,True,False,2025,0,v2025.03.14,False,False,True
CVE-2025-30446,2025-04-01,Mastodon,1,1,2025-04-01,True,False,0.00041,original,6.5,NETWORK,True,False,2025,0,v2025.03.14,False,False,True
CVE-2025-30456,2025-04-01,BleepingComputer,2,1,2025-04-01,False,True,0.0002,original,7.8,LOCAL,False,False,2025,0,v2025.03.14,False,False,True
CVE-2025-30580,2025-04-01,Mastodon,1,1,2025-04-01,True,False,0.00048,enriched,10.0,NETWORK,True,False,2025,0,v2025.03.14,False,False,True
CVE-2025-30589,2025-04-01,Mastodon,1,1,2025-04-01,True,False,0.0003,original,8.5,NETWORK,True,False,2025,0,v2025.03.14,False,False,True
CVE-2025-2748,2025-04-01,Reddit,2,2,2025-05-15,True,False,0.00034,original,6.5,NETWORK,True,False,2025,44,v2025.03.14,False,False,True
CVE-2025-30622,2025-04-01,Mastodon,1,1,2025-04-01,True,False,0.0003,original,9.3,NETWORK,True,False,2025,0,v2025.03.14,False,False,True
CVE-2025-31479,2025-04-02,Mastodon,1,1,2025-04-02,True,False,0.00037,enriched,8.2,NETWORK,True,True,2025,0,v2025.03.14,False,False,True
CVE-2022-22536,2025-04-02,ExploitDB,2,1,2025-04-02,True,False,0.93844,original,10.0,NETWORK,False,False,2022,0,v2025.03.14,False,False,True
CVE-2023-40714,2025-04-02,Mastodon,1,1,2025-04-02,True,False,0.0005,original,9.9,NETWORK,True,False,2023,0,v2025.03.14,False,False,True
CVE-2025-25060,2025-04-02,Mastodon,1,1,2025-04-02,True,False,0.00114,original,8.2,NETWORK,True,False,2025,0,v2025.03.14,False,False,True
CVE-2024-42831,2025-04-02,ExploitDB,2,1,2025-04-02,True,False,0.00102,original,6.1,NETWORK,False,False,2024,0,v2025.03.14,False,False,True
CVE-2024-6209,2025-04-02,ExploitDB,2,1,2025-04-02,True,False,0.00134,original,10.0,NETWORK,False,False,2024,0,v2025.03.14,False,False,True
CVE-2025-31722,2025-04-02,Mastodon,1,1,2025-04-02,True,False,0.00071,enriched,8.8,NETWORK,True,False,2025,0,v2025.03.14,False,False,True
CVE-2024-6298,2025-04-02,ExploitDB,2,1,2025-04-02,True,False,0.01575,original,10.0,NETWORK,False,False,2024,0,v2025.03.14,False,False,True
CVE-2025-3063,2025-04-02,Mastodon,1,1,2025-04-02,True,False,0.00039,original,8.8,NETWORK,True,False,2025,0,v2025.03.14,False,False,True
CVE-2024-39780,2025-04-02,Mastodon,1,1,2025-04-02,True,False,0.00063,original,8.4,LOCAL,True,True,2024,0,v2025.03.14,False,False,True
CVE-2025-3066,2025-04-02,Mastodon,1,1,2025-04-02,True,False,0.00089,original,8.8,NETWORK,True,False,2025,0,v2025.03.14,False,False,True
CVE-2025-3067,2025-04-02,Mastodon,1,1,2025-04-02,True,False,0.00089,original,8.8,NETWORK,True,False,2025,0,v2025.03.14,False,False,True
CVE-2025-2005,2025-04-02,Mastodon,1,1,2025-04-02,True,False,0.0015,original,9.8,NETWORK,True,False,2025,0,v2025.03.14,False,False,True
CVE-2024-45064,2025-04-02,Mastodon,1,1,2025-04-02,True,False,0.0007,enriched,8.5,NETWORK,True,False,2024,0,v2025.03.14,False,False,True
CVE-2025-22457,2025-04-03,Mastodon,18,4,2025-04-25,True,False,0.00515,enriched,9.0,NETWORK,True,False,2025,22,v2025.03.14,False,False,True
CVE-2025-3161,2025-04-03,Mastodon,1,1,2025-04-03,True,False,0.00088,enriched,8.8,NETWORK,True,True,2025,0,v2025.03.14,False,False,True
CVE-2025-31911,2025-04-03,Mastodon,1,1,2025-04-03,True,False,0.00028,enriched,9.3,NETWORK,True,False,2025,0,v2025.03.14,False,False,True
CVE-2024-4007,2025-04-03,ExploitDB,2,1,2025-04-03,True,False,0.00087,original,8.8,ADJACENT_NETWORK,False,False,2024,0,v2025.03.14,False,False,True
CVE-2024-38200,2025-04-03,ExploitDB,2,1,2025-04-03,True,False,0.59745,original,6.5,NETWORK,False,False,2024,0,v2025.03.14,False,False,True
CVE-2024-38392,2025-04-03,Mastodon,1,1,2025-04-03,True,False,0.00053,original,9.1,NETWORK,True,False,2024,0,v2025.03.14,False,False,True
CVE-2024-21887,2025-04-03,BleepingComputer,4,2,2025-05-01,False,True,0.94416,original,9.1,NETWORK,False,False,2024,28,v2025.03.14,False,False,True
CVE-2025-0401,2025-04-03,Mastodon,1,1,2025-04-03,True,False,0.00078,original,5.3,NETWORK,True,False,2025,0,v2025.03.14,False,False,True
CVE-2024-55963,2025-04-03,ExploitDB,2,1,2025-04-03,True,False,0.00025,original,6.5,NETWORK,True,False,2024,0,v2025.03.14,False,False,True
CVE-2025-22924,2025-04-03,Mastodon,1,1,2025-04-03,True,False,0.00014,original,8.8,NETWORK,True,False,2025,0,v2025.03.14,False,False,True
CVE-2024-44762,2025-04-03,ExploitDB,4,1,2025-04-17,True,False,0.00079,original,5.3,NETWORK,False,False,2024,14,v2025.03.14,False,False,True
CVE-2023-46805,2025-04-03,BleepingComputer,4,2,2025-05-01,False,True,0.94398,original,8.2,NETWORK,False,False,2023,28,v2025.03.14,False,False,True
CVE-2025-22923,2025-04-03,Mastodon,1,1,2025-04-03,True,False,0.00102,original,8.8,NETWORK,True,False,2025,0,v2025.03.14,False,False,True
CVE-2025-3068,2025-04-03,Mastodon,1,1,2025-04-03,True,False,0.00089,original,8.8,NETWORK,True,False,2025,0,v2025.03.14,False,False,True
CVE-2025-29063,2025-04-03,Mastodon,1,1,2025-04-03,True,False,0.00058,original,9.8,NETWORK,True,False,2025,0,v2025.03.14,False,False,True
CVE-2025-29085,2025-04-03,Mastodon,1,1,2025-04-03,True,False,0.00042,original,9.8,NETWORK,True,False,2025,0,v2025.03.14,False,False,True
CVE-2025-29987,2025-04-03,Mastodon,1,1,2025-04-03,True,False,0.00065,enriched,8.8,NETWORK,True,False,2025,0,v2025.03.14,False,False,True
CVE-2025-2945,2025-04-03,Mastodon,1,1,2025-04-03,True,False,0.00205,enriched,9.9,NETWORK,True,False,2025,0,v2025.03.14,False,False,True
CVE-2025-2946,2025-04-03,Mastodon,1,1,2025-04-03,True,False,0.00038,enriched,9.1,NETWORK,True,False,2025,0,v2025.03.14,False,False,True
CVE-2025-29471,2025-04-03,ExploitDB,7,2,2025-04-18,True,False,0.0005,enriched,8.3,NETWORK,False,False,2025,15,v2025.03.14,False,False,True
CVE-2025-3069,2025-04-03,Mastodon,1,1,2025-04-03,True,False,0.00089,original,8.8,NETWORK,True,False,2025,0,v2025.03.14,False,False,True
CVE-2025-30889,2025-04-03,Mastodon,1,1,2025-04-03,True,False,0.00038,enriched,8.8,NETWORK,True,False,2025,0,v2025.03.14,False,False,True
CVE-2025-29062,2025-04-03,Mastodon,1,1,2025-04-03,True,False,0.00051,original,9.8,NETWORK,True,False,2025,0,v2025.03.14,False,False,True
CVE-2025-30208,2025-04-03,ExploitDB,3,2,2025-04-11,True,False,0.37995,original,5.3,NETWORK,True,True,2025,8,v2025.03.14,False,False,True
CVE-2025-32118,2025-04-04,Mastodon,1,1,2025-04-04,True,False,0.00039,enriched,9.1,NETWORK,True,False,2025,0,v2025.03.14,False,False,True
CVE-2025-2798,2025-04-04,Mastodon,1,1,2025-04-04,True,False,0.00148,enriched,9.8,NETWORK,True,False,2025,0,v2025.03.14,False,False,True
CVE-2025-2780,2025-04-04,Mastodon,1,1,2025-04-04,True,False,0.0022,original,9.8,NETWORK,True,False,2025,0,v2025.03.14,False,False,True
CVE-2025-32148,2025-04-04,Mastodon,1,1,2025-04-04,True,False,0.0003,enriched,8.5,NETWORK,True,False,2025,0,v2025.03.14,False,False,True
CVE-2025-32149,2025-04-04,Mastodon,1,1,2025-04-04,True,False,0.0003,enriched,8.5,NETWORK,True,False,2025,0,v2025.03.14,False,False,True
CVE-2025-30406,2025-04-04,Mastodon,16,3,2025-04-28,True,False,0.00242,original,9.0,NETWORK,True,False,2025,24,v2025.03.14,False,False,True
CVE-2025-32141,2025-04-04,Mastodon,1,1,2025-04-04,True,False,0.00114,enriched,8.8,NETWORK,True,False,2025,0,v2025.03.14,False,False,True
CVE-2024-4877,2025-04-04,Mastodon,1,1,2025-04-04,True,False,0.00013,original,8.8,NETWORK,True,False,2024,0,v2025.03.14,False,False,True
CVE-2025-3105,2025-04-04,Mastodon,1,1,2025-04-04,True,False,0.00042,original,8.8,NETWORK,True,False,2025,0,v2025.03.14,False,False,True
CVE-2025-2075,2025-04-04,Mastodon,2,2,2025-04-11,True,False,0.00057,original,8.8,NETWORK,True,False,2025,7,v2025.03.14,False,False,True
CVE-2025-32142,2025-04-04,Mastodon,1,1,2025-04-04,True,False,0.00114,enriched,8.8,NETWORK,True,False,2025,0,v2025.03.14,False,False,True
CVE-2024-9054,2025-04-04,ExploitDB,2,1,2025-04-04,True,False,0.00952,original,8.8,NETWORK,False,False,2024,0,v2025.03.14,False,False,True
CVE-2025-31480,2025-04-04,Mastodon,1,1,2025-04-04,True,False,0.00039,enriched,9.1,NETWORK,True,True,2025,0,v2025.03.14,False,False,True
CVE-2025-32146,2025-04-04,Mastodon,1,1,2025-04-04,True,False,0.00114,enriched,8.8,NETWORK,True,False,2025,0,v2025.03.14,False,False,True
CVE-2025-3259,2025-04-04,Mastodon,1,1,2025-04-04,True,False,0.00088,enriched,8.8,NETWORK,True,False,2025,0,v2025.03.14,False,False,True
CVE-2025-31403,2025-04-04,Mastodon,1,1,2025-04-04,True,False,0.0003,enriched,9.3,NETWORK,True,False,2025,0,v2025.03.14,False,False,True
CVE-2024-13744,2025-04-04,Mastodon,1,1,2025-04-04,True,False,0.0013,original,8.1,NETWORK,True,False,2024,0,v2025.03.14,False,False,True
CVE-2025-27520,2025-04-04,Mastodon,3,2,2025-04-20,True,False,0.00404,enriched,9.8,NETWORK,True,True,2025,16,v2025.03.14,False,False,True
CVE-2025-26818,2025-04-04,Mastodon,1,1,2025-04-04,True,False,0.00151,original,9.8,NETWORK,True,False,2025,0,v2025.03.14,False,False,True
CVE-2024-51800,2025-04-04,Mastodon,1,1,2025-04-04,True,False,0.00047,enriched,9.8,NETWORK,True,False,2024,0,v2025.03.14,False,False,True
CVE-2024-45199,2025-04-04,Mastodon,1,1,2025-04-04,True,False,0.00058,original,8.8,NETWORK,True,False,2024,0,v2025.03.14,False,False,True
CVE-2025-2270,2025-04-04,Mastodon,1,1,2025-04-04,True,False,0.00108,original,8.1,NETWORK,True,False,2025,0,v2025.03.14,False,False,True
CVE-2025-32111,2025-04-04,Mastodon,1,1,2025-04-04,True,False,0.00029,original,8.7,NETWORK,True,True,2025,0,v2025.03.14,False,False,True
CVE-2025-3192,2025-04-04,Mastodon,1,1,2025-04-04,True,False,0.00031,original,8.2,NETWORK,True,False,2025,0,v2025.03.14,False,False,True
CVE-2025-32147,2025-04-04,Mastodon,1,1,2025-04-04,True,False,0.00039,enriched,8.8,NETWORK,True,False,2025,0,v2025.03.14,False,False,True
CVE-2025-25000,2025-04-04,Mastodon,1,1,2025-04-04,True,False,0.00058,original,8.8,NETWORK,True,False,2025,0,v2025.03.14,False,False,True
CVE-2024-42640,2025-04-04,ExploitDB,4,1,2025-04-17,True,False,0.84878,original,9.8,NETWORK,True,False,2024,13,v2025.03.14,False,False,True
CVE-2024-13645,2025-04-04,Mastodon,1,1,2025-04-04,True,False,0.00158,original,9.8,NETWORK,True,False,2024,0,v2025.03.14,False,False,True
CVE-2024-43687,2025-04-04,ExploitDB,2,1,2025-04-04,True,False,0.00084,original,6.1,NETWORK,False,False,2024,0,v2025.03.14,False,False,True
CVE-2025-2933,2025-04-05,Mastodon,1,1,2025-04-05,True,False,0.00039,original,8.8,NETWORK,True,False,2025,0,v2025.03.14,False,False,True
CVE-2025-2941,2025-04-05,Mastodon,1,1,2025-04-05,True,False,0.00189,original,9.8,NETWORK,True,False,2025,0,v2025.03.14,False,False,True
CVE-2024-1234,2025-04-05,ExploitDB,2,1,2025-04-05,True,False,0.00226,original,6.4,NETWORK,False,False,2024,0,v2025.03.14,False,False,True
CVE-2024-7801,2025-04-05,ExploitDB,2,1,2025-04-05,True,False,0.00109,original,6.5,ADJACENT_NETWORK,False,False,2024,0,v2025.03.14,False,False,True
CVE-2024-35133,2025-04-05,ExploitDB,2,1,2025-04-05,True,False,0.0165,original,6.8,NETWORK,False,False,2024,0,v2025.03.14,False,False,True
CVE-2021-47667,2025-04-05,Mastodon,1,1,2025-04-05,True,False,0.00267,original,10.0,NETWORK,True,False,2021,0,v2025.03.14,False,False,True
CVE-2024-13776,2025-04-05,Mastodon,1,1,2025-04-05,True,False,0.00036,original,8.1,NETWORK,True,False,2024,0,v2025.03.14,False,False,True
CVE-2025-31334,2025-04-05,BleepingComputer,2,1,2025-04-05,True,False,0.00069,original,6.8,NETWORK,False,False,2025,0,v2025.03.14,False,False,True
CVE-2023-5360,2025-04-05,ExploitDB,2,1,2025-04-05,True,False,0.92223,original,9.8,NETWORK,False,False,2023,0,v2025.03.14,False,False,True
CVE-2024-5910,2025-04-06,ExploitDB,2,1,2025-04-06,True,False,0.8954,original,9.8,NETWORK,False,False,2024,0,v2025.03.14,False,False,True
CVE-2024-30269,2025-04-06,ExploitDB,2,1,2025-04-06,True,False,0.6628,original,5.3,NETWORK,True,False,2024,0,v2025.03.14,False,False,True
CVE-2024-48827,2025-04-06,ExploitDB,2,1,2025-04-06,True,False,0.00531,original,8.8,NETWORK,True,True,2024,0,v2025.03.14,False,False,True
CVE-2024-9458,2025-04-06,ExploitDB,2,1,2025-04-06,True,False,0.00029,original,4.8,NETWORK,False,False,2024,0,v2025.03.14,False,False,True
CVE-2024-58127,2025-04-07,Mastodon,1,1,2025-04-07,True,False,6e-05,original,8.4,LOCAL,True,False,2024,0,v2025.03.14,False,False,True
CVE-2024-58125,2025-04-07,Mastodon,1,1,2025-04-07,True,False,6e-05,original,8.4,LOCAL,True,False,2024,0,v2025.03.14,False,False,True
CVE-2024-58124,2025-04-07,Mastodon,1,1,2025-04-07,True,False,6e-05,original,8.4,LOCAL,True,False,2024,0,v2025.03.14,False,False,True
CVE-2025-32409,2025-04-07,Mastodon,2,2,2025-04-07,True,False,0.01011,enriched,8.1,NETWORK,True,False,2025,0,v2025.03.14,False,False,True
CVE-2025-30473,2025-04-07,Mastodon,1,1,2025-04-07,True,False,0.00019,original,8.8,NETWORK,True,True,2025,0,v2025.03.14,False,False,True
CVE-2024-11071,2025-04-07,Mastodon,1,1,2025-04-07,True,False,0.00018,original,8.8,NETWORK,True,False,2024,0,v2025.03.14,False,False,True
CVE-2025-3248,2025-04-07,Mastodon,17,5,2025-05-19,True,False,0.00049,enriched,9.8,NETWORK,True,True,2025,42,v2025.03.14,False,False,True
CVE-2023-4863,2025-04-07,HackerNews,1,1,2025-04-07,True,False,0.79395,original,8.8,NETWORK,True,True,2023,0,v2025.03.14,False,False,True
CVE-2025-20654,2025-04-07,Mastodon,1,1,2025-04-07,True,False,0.00058,original,9.8,NETWORK,True,False,2025,0,v2025.03.14,False,False,True
CVE-2024-58126,2025-04-07,Mastodon,1,1,2025-04-07,True,False,6e-05,original,8.4,LOCAL,True,False,2024,0,v2025.03.14,False,False,True
CVE-2025-24061,2025-04-07,BleepingComputer,2,1,2025-04-07,False,True,0.00089,original,7.8,LOCAL,False,False,2025,0,v2025.03.14,False,False,True
CVE-2025-3332,2025-04-07,Mastodon,1,1,2025-04-07,True,False,0.00028,original,7.3,NETWORK,True,False,2025,0,v2025.03.14,False,False,True
CVE-2025-31175,2025-04-07,Mastodon,1,1,2025-04-07,True,False,7e-05,original,8.4,LOCAL,True,False,2025,0,v2025.03.14,False,False,True
CVE-2025-31170,2025-04-07,Mastodon,1,1,2025-04-07,True,False,6e-05,original,8.4,LOCAL,True,False,2025,0,v2025.03.14,False,False,True
CVE-2025-3328,2025-04-07,Mastodon,1,1,2025-04-07,True,False,0.00088,original,8.8,NETWORK,True,True,2025,0,v2025.03.14,False,False,True
CVE-2025-31173,2025-04-07,Mastodon,1,1,2025-04-07,True,False,6e-05,original,8.8,LOCAL,True,False,2025,0,v2025.03.14,False,False,True
CVE-2025-3330,2025-04-07,Mastodon,1,1,2025-04-07,True,False,0.00028,original,7.3,NETWORK,True,False,2025,0,v2025.03.14,False,False,True
CVE-2025-3346,2025-04-07,Mastodon,1,1,2025-04-07,True,False,0.00046,original,8.8,NETWORK,True,True,2025,0,v2025.03.14,False,False,True
CVE-2025-3324,2025-04-07,Mastodon,1,1,2025-04-07,True,False,0.00034,original,6.3,NETWORK,True,True,2025,0,v2025.03.14,False,False,True
CVE-2025-3331,2025-04-07,Mastodon,1,1,2025-04-07,True,False,0.00028,original,7.3,NETWORK,True,False,2025,0,v2025.03.14,False,False,True
CVE-2025-3323,2025-04-07,Mastodon,1,1,2025-04-07,True,False,0.00026,original,6.3,NETWORK,True,True,2025,0,v2025.03.14,False,False,True
CVE-2025-3267,2025-04-07,Mastodon,1,1,2025-04-07,True,False,0.00026,original,6.3,NETWORK,True,False,2025,0,v2025.03.14,False,False,True
CVE-2024-53150,2025-04-07,BleepingComputer,4,3,2025-04-16,False,True,0.00014,original,7.1,LOCAL,False,False,2024,9,v2025.03.14,False,False,True
CVE-2024-45552,2025-04-07,Mastodon,1,1,2025-04-07,True,False,0.00042,original,8.2,NETWORK,True,False,2024,0,v2025.03.14,False,False,True
CVE-2025-3266,2025-04-07,Mastodon,1,1,2025-04-07,True,False,0.00039,original,7.3,NETWORK,True,False,2025,0,v2025.03.14,False,False,True
CVE-2025-26671,2025-04-08,Mastodon,2,2,2025-04-09,True,False,0.0006,enriched,8.1,NETWORK,True,False,2025,1,v2025.03.14,False,False,True
CVE-2025-26670,2025-04-08,Mastodon,1,1,2025-04-08,True,False,0.00317,enriched,8.1,NETWORK,True,False,2025,0,v2025.03.14,False,False,True
CVE-2025-26669,2025-04-08,Mastodon,1,1,2025-04-08,True,False,0.00078,enriched,8.8,NETWORK,True,False,2025,0,v2025.03.14,False,False,True
CVE-2025-29986,2025-04-08,Mastodon,1,1,2025-04-08,True,False,0.00054,original,8.3,NETWORK,True,False,2025,0,v2025.03.14,False,False,True
CVE-2025-32018,2025-04-08,Mastodon,1,1,2025-04-08,True,False,0.00034,enriched,8.0,NETWORK,True,False,2025,0,v2025.03.14,False,False,True
CVE-2025-3064,2025-04-08,Mastodon,1,1,2025-04-08,True,False,0.00017,original,8.8,NETWORK,True,False,2025,0,v2025.03.14,False,False,True
CVE-2025-26663,2025-04-08,Mastodon,2,2,2025-04-09,True,False,0.00239,enriched,8.1,NETWORK,True,False,2025,1,v2025.03.14,False,False,True
CVE-2025-31330,2025-04-08,Mastodon,3,2,2025-04-25,True,False,0.00047,original,9.9,NETWORK,True,False,2025,17,v2025.03.14,False,False,True
CVE-2020-7656,2025-04-08,ExploitDB,2,1,2025-04-08,True,False,0.00281,original,6.1,NETWORK,False,False,2020,0,v2025.03.14,False,False,True
CVE-2025-27740,2025-04-08,Mastodon,1,1,2025-04-08,True,False,0.00078,enriched,8.8,NETWORK,True,False,2025,0,v2025.03.14,False,False,True
CVE-2025-27737,2025-04-08,Mastodon,1,1,2025-04-08,True,False,0.00096,enriched,8.6,LOCAL,True,False,2025,0,v2025.03.14,False,False,True
CVE-2025-26647,2025-04-08,Mastodon,4,3,2025-05-11,True,False,0.00088,enriched,8.8,NETWORK,True,False,2025,33,v2025.03.14,False,False,True
CVE-2024-48887,2025-04-08,Mastodon,4,3,2025-04-09,True,False,0.00091,enriched,9.8,NETWORK,True,False,2024,1,v2025.03.14,False,False,True
CVE-2025-27487,2025-04-08,Mastodon,1,1,2025-04-08,True,False,0.00078,enriched,8.0,NETWORK,True,False,2025,0,v2025.03.14,False,False,True
CVE-2025-23186,2025-04-08,Mastodon,1,1,2025-04-08,True,False,0.00047,original,8.5,NETWORK,True,False,2025,0,v2025.03.14,False,False,True
CVE-2025-32028,2025-04-08,Mastodon,1,1,2025-04-08,True,False,0.00042,enriched,9.9,NETWORK,True,False,2025,0,v2025.03.14,False,False,True
CVE-2025-27482,2025-04-08,Mastodon,2,2,2025-04-09,True,False,0.0021,enriched,8.1,NETWORK,True,False,2025,1,v2025.03.14,False,False,True
CVE-2025-27481,2025-04-08,Mastodon,1,1,2025-04-08,True,False,0.00078,enriched,8.8,NETWORK,True,False,2025,0,v2025.03.14,False,False,True
CVE-2025-27480,2025-04-08,Mastodon,5,3,2025-04-13,True,False,0.00322,enriched,8.1,NETWORK,True,False,2025,5,v2025.03.14,False,False,True
CVE-2025-26678,2025-04-08,Mastodon,1,1,2025-04-08,True,False,0.00058,enriched,8.4,LOCAL,True,False,2025,0,v2025.03.14,False,False,True
CVE-2025-3155,2025-04-08,HackerNews,3,2,2025-04-16,True,False,0.00034,original,7.4,NETWORK,True,False,2025,8,v2025.03.14,False,False,True
CVE-2024-41788,2025-04-08,Mastodon,1,1,2025-04-08,True,False,0.00205,original,9.1,NETWORK,True,False,2024,0,v2025.03.14,False,False,True
CVE-2019-15949,2025-04-08,ExploitDB,2,1,2025-04-08,True,False,0.91112,original,8.8,NETWORK,True,False,2019,0,v2025.03.14,False,False,True
CVE-2025-30016,2025-04-08,Mastodon,1,1,2025-04-08,True,False,0.00084,original,9.8,NETWORK,True,False,2025,0,v2025.03.14,False,False,True
CVE-2024-12556,2025-04-08,Mastodon,1,1,2025-04-08,True,False,0.00038,enriched,8.7,NETWORK,True,False,2024,0,v2025.03.14,False,False,True
CVE-2025-30281,2025-04-08,Mastodon,1,1,2025-04-08,True,False,0.00102,enriched,9.1,NETWORK,True,False,2025,0,v2025.03.14,False,False,True
CVE-2025-24447,2025-04-08,Mastodon,1,1,2025-04-08,True,False,0.0144,enriched,9.1,NETWORK,True,False,2025,0,v2025.03.14,False,False,True
CVE-2025-24446,2025-04-08,Mastodon,1,1,2025-04-08,True,False,0.00682,enriched,9.1,NETWORK,True,False,2025,0,v2025.03.14,False,False,True
CVE-2025-30282,2025-04-08,Mastodon,1,1,2025-04-08,True,False,0.00467,enriched,9.1,NETWORK,True,False,2025,0,v2025.03.14,False,False,True
CVE-2025-30284,2025-04-08,Mastodon,1,1,2025-04-08,True,False,0.00754,enriched,8.4,NETWORK,True,False,2025,0,v2025.03.14,False,False,True
CVE-2025-29824,2025-04-08,Reddit,25,4,2025-05-14,True,False,0.19164,enriched,7.8,LOCAL,True,False,2025,36,v2025.03.14,False,False,True
CVE-2024-56902,2025-04-08,ExploitDB,2,1,2025-04-08,True,False,0.03336,original,7.5,NETWORK,True,False,2024,0,v2025.03.14,False,False,True
CVE-2025-29794,2025-04-08,Mastodon,1,1,2025-04-08,True,False,0.00155,enriched,8.8,NETWORK,True,False,2025,0,v2025.03.14,False,False,True
CVE-2025-29087,2025-04-08,Mastodon,1,1,2025-04-08,True,False,0.00018,original,3.2,LOCAL,True,False,2025,0,v2025.03.14,False,False,True
CVE-2024-54092,2025-04-08,Mastodon,1,1,2025-04-08,True,False,0.00127,original,9.8,NETWORK,True,False,2024,0,v2025.03.14,False,False,True
CVE-2025-30285,2025-04-08,Mastodon,1,1,2025-04-08,True,False,0.00754,enriched,8.4,NETWORK,True,False,2025,0,v2025.03.14,False,False,True
CVE-2025-2525,2025-04-08,Mastodon,1,1,2025-04-08,True,False,0.00311,original,8.8,NETWORK,True,False,2025,0,v2025.03.14,False,False,True
CVE-2025-30287,2025-04-08,Mastodon,1,1,2025-04-08,True,False,0.00052,enriched,8.2,LOCAL,True,False,2025,0,v2025.03.14,False,False,True
CVE-2024-41794,2025-04-08,Mastodon,1,1,2025-04-08,True,False,0.00084,original,10.0,NETWORK,True,False,2024,0,v2025.03.14,False,False,True
CVE-2025-30290,2025-04-08,Mastodon,1,1,2025-04-08,True,False,0.00069,enriched,8.7,NETWORK,True,False,2025,0,v2025.03.14,False,False,True
CVE-2025-2807,2025-04-08,Mastodon,1,1,2025-04-08,True,False,0.00214,original,8.8,NETWORK,True,False,2025,0,v2025.03.14,False,False,True
CVE-2024-41793,2025-04-08,Mastodon,1,1,2025-04-08,True,False,0.00037,original,8.6,NETWORK,True,False,2024,0,v2025.03.14,False,False,True
CVE-2024-41792,2025-04-08,Mastodon,1,1,2025-04-08,True,False,0.00078,original,8.6,NETWORK,True,False,2024,0,v2025.03.14,False,False,True
CVE-2024-41790,2025-04-08,Mastodon,1,1,2025-04-08,True,False,0.00205,original,9.1,NETWORK,True,False,2024,0,v2025.03.14,False,False,True
CVE-2024-41789,2025-04-08,Mastodon,1,1,2025-04-08,True,False,0.00205,original,9.1,NETWORK,True,False,2024,0,v2025.03.14,False,False,True
CVE-2025-27477,2025-04-08,Mastodon,1,1,2025-04-08,True,False,0.00078,enriched,8.8,NETWORK,True,False,2025,0,v2025.03.14,False,False,True
CVE-2025-30401,2025-04-08,Mastodon,5,3,2025-04-23,True,False,0.00043,original,6.7,NETWORK,False,False,2025,15,v2025.03.14,False,False,True
CVE-2025-30286,2025-04-08,Mastodon,1,1,2025-04-08,True,False,0.00315,enriched,8.4,NETWORK,True,False,2025,0,v2025.03.14,False,False,True
CVE-2025-27429,2025-04-08,Mastodon,3,2,2025-04-25,True,False,0.00047,original,9.9,NETWORK,True,False,2025,17,v2025.03.14,False,False,True
CVE-2025-2526,2025-04-08,Mastodon,1,1,2025-04-08,True,False,0.00089,original,8.8,NETWORK,True,False,2025,0,v2025.03.14,False,False,True
CVE-2025-32406,2025-04-08,Mastodon,2,2,2025-04-25,True,False,0.00043,enriched,8.6,NETWORK,True,False,2025,17,v2025.03.14,False,False,True
CVE-2025-21222,2025-04-08,Mastodon,1,1,2025-04-08,True,False,0.00078,enriched,8.8,NETWORK,True,False,2025,0,v2025.03.14,False,False,True
CVE-2025-3364,2025-04-08,Mastodon,1,1,2025-04-08,True,False,0.00012,original,6.7,LOCAL,True,False,2025,0,v2025.03.14,False,False,True
CVE-2025-3362,2025-04-08,Mastodon,1,1,2025-04-08,True,False,0.00437,original,9.8,NETWORK,True,False,2025,0,v2025.03.14,False,False,True
CVE-2025-1095,2025-04-08,Mastodon,1,1,2025-04-08,True,False,0.00013,enriched,8.8,LOCAL,True,False,2025,0,v2025.03.14,False,False,True
CVE-2025-3363,2025-04-08,Mastodon,1,1,2025-04-08,True,False,0.00437,original,9.8,NETWORK,True,False,2025,0,v2025.03.14,False,False,True
CVE-2025-2004,2025-04-08,Mastodon,1,1,2025-04-08,True,False,0.00257,original,9.1,NETWORK,True,False,2025,0,v2025.03.14,False,False,True
CVE-2025-20946,2025-04-08,Mastodon,1,1,2025-04-08,True,False,0.00017,original,8.8,ADJACENT_NETWORK,True,False,2025,0,v2025.03.14,False,False,True
CVE-2025-20936,2025-04-08,Mastodon,1,1,2025-04-08,True,False,0.00013,original,8.8,LOCAL,True,False,2025,0,v2025.03.14,False,False,True
CVE-2024-30896,2025-04-08,ExploitDB,2,1,2025-04-08,True,False,0.0305,original,9.1,NETWORK,True,False,2024,0,v2025.03.14,False,False,True
CVE-2024-23922,2025-04-08,ExploitDB,2,1,2025-04-08,True,False,0.00149,original,6.8,PHYSICAL,False,False,2024,0,v2025.03.14,False,False,True
CVE-2025-21205,2025-04-08,Mastodon,1,1,2025-04-08,True,False,0.00078,enriched,8.8,NETWORK,True,False,2025,0,v2025.03.14,False,False,True
CVE-2025-3361,2025-04-08,Mastodon,1,1,2025-04-08,True,False,0.00437,original,9.8,NETWORK,True,False,2025,0,v2025.03.14,False,False,True
CVE-2025-21221,2025-04-08,Mastodon,1,1,2025-04-08,True,False,0.00078,enriched,8.8,NETWORK,True,False,2025,0,v2025.03.14,False,False,True
CVE-2025-22466,2025-04-08,Mastodon,1,1,2025-04-08,True,False,0.00044,enriched,8.2,NETWORK,True,False,2025,0,v2025.03.14,False,False,True
CVE-2024-2054,2025-04-09,ExploitDB,2,1,2025-04-09,True,False,0.81671,original,9.8,NETWORK,False,False,2024,0,v2025.03.14,False,False,True
CVE-2025-27749,2025-04-09,HackerNews,1,1,2025-04-09,False,True,0.00106,original,7.8,LOCAL,True,False,2025,0,v2025.03.14,False,False,True
CVE-2025-27748,2025-04-09,HackerNews,1,1,2025-04-09,False,True,0.00106,original,7.8,LOCAL,True,False,2025,0,v2025.03.14,False,False,True
CVE-2024-27348,2025-04-09,ExploitDB,2,1,2025-04-09,True,False,0.93863,original,9.8,NETWORK,False,False,2024,0,v2025.03.14,False,False,True
CVE-2025-27745,2025-04-09,HackerNews,1,1,2025-04-09,False,True,0.00106,original,7.8,LOCAL,True,False,2025,0,v2025.03.14,False,False,True
CVE-2025-27797,2025-04-09,Mastodon,1,1,2025-04-09,True,False,0.0027,original,9.8,NETWORK,True,False,2025,0,v2025.03.14,False,False,True
CVE-2024-24409,2025-04-09,ExploitDB,2,1,2025-04-09,True,False,0.00317,original,8.8,NETWORK,False,False,2024,0,v2025.03.14,False,False,True
CVE-2023-38408,2025-04-09,HackerNews,1,1,2025-04-09,False,True,0.45307,original,9.8,NETWORK,True,True,2023,0,v2025.03.14,False,False,True
CVE-2022-29614,2025-04-09,HackerNews,1,1,2025-04-09,False,True,0.00059,original,5.0,PHYSICAL,True,False,2022,0,v2025.03.14,False,False,True
CVE-2024-6244,2025-04-09,ExploitDB,2,1,2025-04-09,True,False,0.23291,original,8.8,NETWORK,False,False,2024,0,v2025.03.14,False,False,True
CVE-2016-10099,2025-04-09,HackerNews,1,1,2025-04-09,False,True,0.0133,original,5.3,NETWORK,True,False,2016,0,v2025.03.14,False,False,True
CVE-2015-8325,2025-04-09,HackerNews,1,1,2025-04-09,False,True,0.00101,original,7.8,LOCAL,True,False,2015,0,v2025.03.14,False,False,True
CVE-2024-47595,2025-04-09,HackerNews,1,1,2025-04-09,False,True,0.0002,original,6.3,LOCAL,True,False,2024,0,v2025.03.14,False,False,True
CVE-2019-6111,2025-04-09,HackerNews,1,1,2025-04-09,False,True,0.56692,original,5.9,NETWORK,True,False,2019,0,v2025.03.14,False,False,True
CVE-2020-14871,2025-04-09,HackerNews,1,1,2025-04-09,False,True,0.88872,original,10.0,NETWORK,True,False,2020,0,v2025.03.14,False,False,True
CVE-2022-2274,2025-04-09,HackerNews,1,1,2025-04-09,False,True,0.5801,original,9.8,NETWORK,True,False,2022,0,v2025.03.14,False,False,True
CVE-2016-6210,2025-04-09,HackerNews,1,1,2025-04-09,False,True,0.92487,original,5.9,NETWORK,True,False,2016,0,v2025.03.14,False,False,True
CVE-2021-20288,2025-04-09,HackerNews,1,1,2025-04-09,False,True,0.00198,original,7.2,NETWORK,True,False,2021,0,v2025.03.14,False,False,True
CVE-2024-38944,2025-04-09,ExploitDB,2,1,2025-04-09,True,False,0.01672,original,9.8,NETWORK,True,False,2024,0,v2025.03.14,False,False,True
CVE-2023-36811,2025-04-09,HackerNews,1,1,2025-04-09,False,True,0.00022,original,4.7,LOCAL,True,True,2023,0,v2025.03.14,False,False,True
CVE-2024-39143,2025-04-09,ExploitDB,2,1,2025-04-09,True,False,0.00126,original,5.4,NETWORK,True,False,2024,0,v2025.03.14,False,False,True
CVE-2024-39304,2025-04-09,ExploitDB,2,1,2025-04-09,True,False,0.20878,original,8.8,NETWORK,True,True,2024,0,v2025.03.14,False,False,True
CVE-2025-29390,2025-04-09,Mastodon,1,1,2025-04-09,True,False,0.0003,enriched,8.8,NETWORK,True,False,2025,0,v2025.03.14,False,False,True
CVE-2025-32496,2025-04-09,Mastodon,1,1,2025-04-09,True,False,0.00018,enriched,9.6,NETWORK,True,False,2025,0,v2025.03.14,False,False,True
CVE-2024-37732,2025-04-09,ExploitDB,2,1,2025-04-09,True,False,0.00391,original,6.1,NETWORK,False,False,2024,0,v2025.03.14,False,False,True
CVE-2025-31023,2025-04-09,Mastodon,1,1,2025-04-09,True,False,0.00018,enriched,8.8,NETWORK,True,False,2025,0,v2025.03.14,False,False,True
CVE-2025-32695,2025-04-09,Mastodon,1,1,2025-04-09,True,False,0.00041,enriched,9.8,NETWORK,True,False,2025,0,v2025.03.14,False,False,True
CVE-2025-32642,2025-04-09,Mastodon,1,1,2025-04-09,True,False,0.00019,enriched,10.0,NETWORK,True,False,2025,0,v2025.03.14,False,False,True
CVE-2025-31033,2025-04-09,Mastodon,1,1,2025-04-09,True,False,0.00019,enriched,9.8,NETWORK,True,False,2025,0,v2025.03.14,False,False,True
CVE-2025-32641,2025-04-09,Mastodon,1,1,2025-04-09,True,False,0.00018,enriched,9.6,NETWORK,True,False,2025,0,v2025.03.14,False,False,True
CVE-2025-31002,2025-04-09,Mastodon,1,1,2025-04-09,True,False,0.00039,enriched,9.1,NETWORK,True,False,2025,0,v2025.03.14,False,False,True
CVE-2013-2094,2025-04-09,HackerNews,1,1,2025-04-09,False,True,0.61542,original,8.4,LOCAL,True,True,2013,0,v2025.03.14,False,False,True
CVE-2025-32375,2025-04-09,Mastodon,1,1,2025-04-09,True,False,0.00041,enriched,9.8,NETWORK,True,False,2025,0,v2025.03.14,False,False,True
CVE-2025-31036,2025-04-09,Mastodon,1,1,2025-04-09,True,False,0.00018,enriched,8.8,NETWORK,True,False,2025,0,v2025.03.14,False,False,True
CVE-2010-3081,2025-04-09,HackerNews,1,1,2025-04-09,False,True,0.44977,original,7.8,LOCAL,True,False,2010,0,v2025.03.14,False,False,True
CVE-2025-32547,2025-04-09,Mastodon,1,1,2025-04-09,True,False,0.00016,enriched,8.2,NETWORK,True,False,2025,0,v2025.03.14,False,False,True
CVE-2025-25053,2025-04-09,Mastodon,1,1,2025-04-09,True,False,0.00186,original,8.8,NETWORK,True,False,2025,0,v2025.03.14,False,False,True
CVE-2025-32576,2025-04-09,Mastodon,1,1,2025-04-09,True,False,0.00018,enriched,9.6,NETWORK,True,False,2025,0,v2025.03.14,False,False,True
CVE-2025-31038,2025-04-09,Mastodon,1,1,2025-04-09,True,False,0.00018,enriched,8.8,NETWORK,True,False,2025,0,v2025.03.14,False,False,True
CVE-2025-32461,2025-04-09,Mastodon,1,1,2025-04-09,True,False,0.00071,original,9.9,NETWORK,True,False,2025,0,v2025.03.14,False,False,True
CVE-2025-29791,2025-04-09,HackerNews,1,1,2025-04-09,False,True,0.00151,original,7.8,LOCAL,True,False,2025,0,v2025.03.14,False,False,True
CVE-2025-32140,2025-04-10,Mastodon,1,1,2025-04-10,True,False,0.00042,original,9.9,NETWORK,True,False,2025,0,v2025.03.14,False,False,True
CVE-2025-32145,2025-04-10,Mastodon,1,1,2025-04-10,True,False,0.00048,original,8.8,NETWORK,True,False,2025,0,v2025.03.14,False,False,True
CVE-2025-31524,2025-04-10,Mastodon,1,1,2025-04-10,True,False,0.00039,original,8.8,NETWORK,True,False,2025,0,v2025.03.14,False,False,True
CVE-2025-21594,2025-04-10,Reddit,1,1,2025-04-10,True,False,0.0004,original,7.5,NETWORK,True,False,2025,0,v2025.03.14,False,False,True
CVE-2024-36424,2025-04-10,ExploitDB,2,1,2025-04-10,True,False,0.03701,original,5.5,LOCAL,False,False,2024,0,v2025.03.14,False,False,True
CVE-2025-32119,2025-04-10,Mastodon,1,1,2025-04-10,True,False,0.0003,original,8.2,NETWORK,True,False,2025,0,v2025.03.14,False,False,True
CVE-2025-32754,2025-04-10,Mastodon,1,1,2025-04-10,True,False,0.00018,original,9.1,NETWORK,True,False,2025,0,v2025.03.14,False,False,True
CVE-2025-2632,2025-04-10,Reddit,1,1,2025-04-10,True,False,0.00015,original,7.8,LOCAL,True,False,2025,0,v2025.03.14,False,False,True
CVE-2025-32755,2025-04-10,Mastodon,1,1,2025-04-10,True,False,0.00018,original,9.1,NETWORK,True,False,2025,0,v2025.03.14,False,False,True
CVE-2019-13024,2025-04-10,ExploitDB,2,1,2025-04-10,True,False,0.61921,original,8.8,NETWORK,True,True,2019,0,v2025.03.14,False,False,True
CVE-2019-10652,2025-04-10,ExploitDB,2,1,2025-04-10,True,False,0.00829,original,7.2,NETWORK,True,False,2019,0,v2025.03.14,False,False,True
CVE-2025-32743,2025-04-10,Mastodon,1,1,2025-04-10,True,False,0.00068,enriched,9.0,NETWORK,True,False,2025,0,v2025.03.14,False,False,True
CVE-2024-20419,2025-04-10,ExploitDB,2,1,2025-04-10,True,False,0.83027,original,10.0,NETWORK,False,False,2024,0,v2025.03.14,False,False,True
CVE-2023-44088,2025-04-10,ExploitDB,2,1,2025-04-10,True,False,0.00201,original,5.9,NETWORK,False,False,2023,0,v2025.03.14,False,False,True
CVE-2025-3417,2025-04-10,Mastodon,1,1,2025-04-10,True,False,0.00039,original,8.8,NETWORK,True,False,2025,0,v2025.03.14,False,False,True
CVE-2025-32687,2025-04-10,Mastodon,1,1,2025-04-10,True,False,0.0003,original,8.5,NETWORK,True,False,2025,0,v2025.03.14,False,False,True
CVE-2024-55210,2025-04-10,Mastodon,1,1,2025-04-10,True,False,0.00024,original,9.8,NETWORK,True,False,2024,0,v2025.03.14,False,False,True
CVE-2024-48573,2025-04-10,ExploitDB,2,1,2025-04-10,True,False,0.00141,original,9.8,NETWORK,True,False,2024,0,v2025.03.14,False,False,True
CVE-2024-55354,2025-04-10,Mastodon,1,1,2025-04-10,True,False,0.00017,original,8.8,LOCAL,True,False,2024,0,v2025.03.14,False,False,True
CVE-2024-8925,2025-04-10,HackerNews,1,1,2025-04-10,False,True,0.00029,original,3.1,NETWORK,True,False,2024,0,v2025.03.14,False,False,True
CVE-2024-35540,2025-04-10,ExploitDB,2,1,2025-04-10,True,False,0.00309,original,9.0,NETWORK,False,False,2024,0,v2025.03.14,False,False,True
CVE-2017-8083,2025-04-10,HackerNews,1,1,2025-04-10,True,False,0.00038,original,6.7,LOCAL,True,False,2017,0,v2025.03.14,False,False,True
CVE-2025-27690,2025-04-10,Mastodon,1,1,2025-04-10,True,False,0.00074,original,9.8,NETWORK,True,False,2025,0,v2025.03.14,False,False,True
CVE-2024-33896,2025-04-10,ExploitDB,2,1,2025-04-10,True,False,0.00848,original,7.2,NETWORK,False,False,2024,0,v2025.03.14,False,False,True
CVE-2025-29017,2025-04-10,Mastodon,1,1,2025-04-10,True,False,0.00208,enriched,8.8,NETWORK,True,False,2025,0,v2025.03.14,False,False,True
CVE-2024-6039,2025-04-10,ExploitDB,2,1,2025-04-10,True,False,0.00246,original,6.3,NETWORK,False,False,2024,0,v2025.03.14,False,False,True
CVE-2025-32202,2025-04-10,Mastodon,1,1,2025-04-10,True,False,0.00039,original,9.1,NETWORK,True,False,2025,0,v2025.03.14,False,False,True
CVE-2025-32206,2025-04-10,Mastodon,1,1,2025-04-10,True,False,0.00039,original,9.1,NETWORK,True,False,2025,0,v2025.03.14,False,False,True
CVE-2024-9026,2025-04-10,HackerNews,1,1,2025-04-10,False,True,0.00033,original,3.3,LOCAL,True,False,2024,0,v2025.03.14,False,False,True
CVE-2025-27813,2025-04-10,Mastodon,1,1,2025-04-10,True,False,0.00012,enriched,8.1,LOCAL,True,False,2025,0,v2025.03.14,False,False,True
CVE-2024-7815,2025-04-10,ExploitDB,2,1,2025-04-10,True,False,0.00107,original,2.4,NETWORK,True,True,2024,0,v2025.03.14,False,False,True
CVE-2025-30582,2025-04-10,Mastodon,1,1,2025-04-10,True,False,0.00047,original,8.1,NETWORK,True,False,2025,0,v2025.03.14,False,False,True
CVE-2025-27812,2025-04-10,Mastodon,1,1,2025-04-10,True,False,0.00012,enriched,8.1,LOCAL,True,False,2025,0,v2025.03.14,False,False,True
CVE-2025-30655,2025-04-10,Reddit,1,1,2025-04-10,True,False,0.00013,original,5.5,LOCAL,True,False,2025,0,v2025.03.14,False,False,True
CVE-2024-35539,2025-04-10,ExploitDB,2,1,2025-04-10,True,False,0.00115,original,6.5,NETWORK,False,False,2024,0,v2025.03.14,False,False,True
CVE-2025-32668,2025-04-10,Mastodon,1,1,2025-04-10,True,False,0.00115,original,8.1,NETWORK,True,False,2025,0,v2025.03.14,False,False,True
CVE-2024-58136,2025-04-10,Mastodon,7,3,2025-05-30,True,False,0.00054,original,9.0,NETWORK,True,True,2024,50,v2025.03.14,False,False,True
CVE-2025-3102,2025-04-10,Mastodon,8,3,2025-05-07,True,False,0.00127,original,8.1,NETWORK,True,False,2025,27,v2025.03.14,False,False,True
CVE-2024-8929,2025-04-10,HackerNews,1,1,2025-04-10,False,True,0.00028,original,5.8,ADJACENT_NETWORK,True,False,2024,0,v2025.03.14,False,False,True
CVE-2024-10758,2025-04-11,ExploitDB,2,1,2025-04-11,True,False,0.00067,original,7.3,NETWORK,True,True,2024,0,v2025.03.14,False,False,True
CVE-2018-1000047,2025-04-11,HackerNews,1,1,2025-04-11,False,True,0.00968,original,8.8,NETWORK,True,False,2018,0,v2025.03.14,False,False,True
CVE-2018-1000048,2025-04-11,HackerNews,1,1,2025-04-11,False,True,0.00968,original,8.8,NETWORK,True,False,2018,0,v2025.03.14,False,False,True
CVE-2018-1000638,2025-04-11,ExploitDB,2,1,2025-04-11,True,False,0.0024,original,6.1,NETWORK,True,False,2018,0,v2025.03.14,False,False,True
CVE-2023-45281,2025-04-11,HackerNews,1,1,2025-04-11,False,True,0.00212,original,6.1,NETWORK,True,False,2023,0,v2025.03.14,False,False,True
CVE-2023-30258,2025-04-11,ExploitDB,2,1,2025-04-11,True,False,0.92564,original,9.8,NETWORK,True,True,2023,0,v2025.03.14,False,False,True
CVE-2023-45280,2025-04-11,HackerNews,1,1,2025-04-11,False,True,0.00547,original,5.4,NETWORK,True,True,2023,0,v2025.03.14,False,False,True
CVE-2023-45279,2025-04-11,HackerNews,1,1,2025-04-11,False,True,0.00192,original,5.4,NETWORK,True,True,2023,0,v2025.03.14,False,False,True
CVE-2023-45278,2025-04-11,HackerNews,1,1,2025-04-11,False,True,0.10068,original,9.1,NETWORK,True,True,2023,0,v2025.03.14,False,False,True
CVE-2023-45282,2025-04-11,HackerNews,1,1,2025-04-11,False,True,0.00371,original,7.5,NETWORK,True,True,2023,0,v2025.03.14,False,False,True
CVE-2018-1000046,2025-04-11,HackerNews,1,1,2025-04-11,False,True,0.00578,original,7.8,LOCAL,True,True,2018,0,v2025.03.14,False,False,True
CVE-2018-1000045,2025-04-11,HackerNews,1,1,2025-04-11,False,True,0.00578,original,7.8,LOCAL,True,True,2018,0,v2025.03.14,False,False,True
CVE-2025-32663,2025-04-11,Mastodon,1,1,2025-04-11,True,False,0.00115,original,8.1,NETWORK,True,False,2025,0,v2025.03.14,False,False,True
CVE-2025-32558,2025-04-11,Mastodon,1,1,2025-04-11,True,False,0.0003,original,8.5,NETWORK,True,False,2025,0,v2025.03.14,False,False,True
CVE-2025-32542,2025-04-11,Mastodon,1,1,2025-04-11,True,False,0.00039,original,8.8,NETWORK,True,False,2025,0,v2025.03.14,False,False,True
CVE-2025-32569,2025-04-11,Mastodon,1,1,2025-04-11,True,False,0.00041,original,9.8,NETWORK,True,False,2025,0,v2025.03.14,False,False,True
CVE-2023-47311,2025-04-11,HackerNews,1,1,2025-04-11,False,True,0.00173,original,6.1,NETWORK,True,False,2023,0,v2025.03.14,False,False,True
CVE-2025-32242,2025-04-11,Reddit,1,1,2025-04-11,True,False,0.00038,original,6.5,NETWORK,True,False,2025,0,v2025.03.14,False,False,True
CVE-2023-45885,2025-04-11,HackerNews,1,1,2025-04-11,False,True,0.00192,original,5.4,NETWORK,True,False,2023,0,v2025.03.14,False,False,True
CVE-2023-46470,2025-04-11,HackerNews,1,1,2025-04-11,False,True,0.00302,original,5.4,NETWORK,True,False,2023,0,v2025.03.14,False,False,True
CVE-2023-46471,2025-04-11,HackerNews,1,1,2025-04-11,False,True,0.00328,original,5.4,NETWORK,True,False,2023,0,v2025.03.14,False,False,True
CVE-2023-24657,2025-04-11,ExploitDB,2,1,2025-04-11,True,False,0.00883,original,6.1,NETWORK,True,False,2023,0,v2025.03.14,False,False,True
CVE-2024-44912,2025-04-11,HackerNews,1,1,2025-04-11,False,True,0.00093,original,7.5,NETWORK,True,False,2024,0,v2025.03.14,False,False,True
CVE-2024-44911,2025-04-11,HackerNews,1,1,2025-04-11,False,True,0.00093,original,7.5,NETWORK,True,False,2024,0,v2025.03.14,False,False,True
CVE-2025-32367,2025-04-11,Mastodon,1,1,2025-04-11,True,False,0.00032,enriched,8.6,NETWORK,True,False,2025,0,v2025.03.14,False,False,True
CVE-2024-44910,2025-04-11,HackerNews,1,1,2025-04-11,False,True,0.00093,original,7.5,NETWORK,True,False,2024,0,v2025.03.14,False,False,True
CVE-2025-1073,2025-04-11,Reddit,1,1,2025-04-11,True,False,0.00021,original,7.5,PHYSICAL,True,False,2025,0,v2025.03.14,False,False,True
CVE-2023-45884,2025-04-11,HackerNews,1,1,2025-04-11,False,True,0.00127,original,6.5,NETWORK,True,False,2023,0,v2025.03.14,False,False,True
CVE-2025-32650,2025-04-11,Mastodon,1,1,2025-04-11,True,False,0.0003,original,8.5,NETWORK,True,False,2025,0,v2025.03.14,False,False,True
CVE-2021-28976,2025-04-11,ExploitDB,2,1,2025-04-11,True,False,0.0249,original,7.2,NETWORK,True,False,2021,0,v2025.03.14,False,False,True
CVE-2025-2636,2025-04-11,Mastodon,1,1,2025-04-11,True,False,0.00157,original,9.8,NETWORK,True,False,2025,0,v2025.03.14,False,False,True
CVE-2019-9534,2025-04-11,HackerNews,1,1,2025-04-11,False,True,0.00045,original,7.8,LOCAL,True,False,2019,0,v2025.03.14,False,False,True
CVE-2025-32672,2025-04-11,Mastodon,1,1,2025-04-11,True,False,0.00115,original,8.1,NETWORK,True,False,2025,0,v2025.03.14,False,False,True
CVE-2020-11971,2025-04-11,Reddit,1,1,2025-04-11,True,False,0.02084,original,7.5,NETWORK,True,False,2020,0,v2025.03.14,False,False,True
CVE-2025-32654,2025-04-11,Mastodon,1,1,2025-04-11,True,False,0.00115,original,8.1,NETWORK,True,False,2025,0,v2025.03.14,False,False,True
CVE-2022-23054,2025-04-11,HackerNews,1,1,2025-04-11,False,True,0.00228,original,6.1,NETWORK,True,True,2022,0,v2025.03.14,False,False,True
CVE-2020-18662,2025-04-11,ExploitDB,2,1,2025-04-11,True,False,0.00392,original,9.8,NETWORK,True,False,2020,0,v2025.03.14,False,False,True
CVE-2022-23053,2025-04-11,HackerNews,1,1,2025-04-11,False,True,0.00228,original,6.1,NETWORK,True,True,2022,0,v2025.03.14,False,False,True
CVE-2024-53586,2025-04-11,ExploitDB,2,1,2025-04-11,True,False,0.00234,original,5.3,NETWORK,False,False,2024,0,v2025.03.14,False,False,True
CVE-2024-35061,2025-04-11,HackerNews,1,1,2025-04-11,False,True,0.00614,original,7.3,NETWORK,True,False,2024,0,v2025.03.14,False,False,True
CVE-2025-32568,2025-04-11,Mastodon,1,1,2025-04-11,True,False,0.00041,original,9.8,NETWORK,True,False,2025,0,v2025.03.14,False,False,True
CVE-2022-22126,2025-04-11,HackerNews,1,1,2025-04-11,False,True,0.00228,original,6.1,NETWORK,True,True,2022,0,v2025.03.14,False,False,True
CVE-2025-32565,2025-04-11,Mastodon,1,1,2025-04-11,True,False,0.0003,original,9.3,NETWORK,True,False,2025,0,v2025.03.14,False,False,True
CVE-2021-44567,2025-04-11,ExploitDB,2,1,2025-04-11,True,False,0.02631,original,9.8,NETWORK,False,False,2021,0,v2025.03.14,False,False,True
CVE-2025-32656,2025-04-11,Mastodon,1,1,2025-04-11,True,False,0.00115,original,8.1,NETWORK,True,False,2025,0,v2025.03.14,False,False,True
CVE-2019-9533,2025-04-11,HackerNews,1,1,2025-04-11,False,True,0.00466,original,9.8,NETWORK,True,False,2019,0,v2025.03.14,False,False,True
CVE-2019-9532,2025-04-11,HackerNews,1,1,2025-04-11,False,True,0.00058,original,7.8,LOCAL,True,False,2019,0,v2025.03.14,False,False,True
CVE-2019-9531,2025-04-11,HackerNews,1,1,2025-04-11,False,True,0.01174,original,9.8,NETWORK,True,False,2019,0,v2025.03.14,False,False,True
CVE-2019-9529,2025-04-11,HackerNews,1,1,2025-04-11,False,True,0.00126,original,5.5,LOCAL,True,False,2019,0,v2025.03.14,False,False,True
CVE-2018-3646,2025-04-11,Reddit,2,1,2025-04-11,True,False,0.05906,original,5.6,LOCAL,True,False,2018,0,v2025.03.14,False,False,True
CVE-2018-3846,2025-04-11,HackerNews,1,1,2025-04-11,False,True,0.02446,original,8.8,NETWORK,True,False,2018,0,v2025.03.14,False,False,True
CVE-2018-3847,2025-04-11,HackerNews,1,1,2025-04-11,False,True,0.01759,original,8.8,NETWORK,True,False,2018,0,v2025.03.14,False,False,True
CVE-2018-3848,2025-04-11,HackerNews,1,1,2025-04-11,False,True,0.02242,original,8.8,NETWORK,True,False,2018,0,v2025.03.14,False,False,True
CVE-2018-3849,2025-04-11,HackerNews,1,1,2025-04-11,False,True,0.02242,original,8.8,NETWORK,True,False,2018,0,v2025.03.14,False,False,True
CVE-2023-42970,2025-04-11,Mastodon,1,1,2025-04-11,True,False,0.00044,enriched,8.8,NETWORK,True,False,2023,0,v2025.03.14,False,False,True
CVE-2023-42007,2025-04-11,Reddit,1,1,2025-04-11,True,False,0.00026,original,5.4,NETWORK,True,False,2023,0,v2025.03.14,False,False,True
CVE-2023-45277,2025-04-11,HackerNews,1,1,2025-04-11,False,True,0.00897,original,7.5,NETWORK,True,True,2023,0,v2025.03.14,False,False,True
CVE-2025-32681,2025-04-11,Mastodon,1,1,2025-04-11,True,False,0.0003,original,8.5,NETWORK,True,False,2025,0,v2025.03.14,False,False,True
CVE-2019-1010060,2025-04-11,HackerNews,1,1,2025-04-11,False,True,0.31291,original,9.8,NETWORK,True,True,2019,0,v2025.03.14,False,False,True
CVE-2024-35057,2025-04-11,HackerNews,1,1,2025-04-11,False,True,0.00025,original,7.5,ADJACENT_NETWORK,True,False,2024,0,v2025.03.14,False,False,True
CVE-2024-35058,2025-04-11,HackerNews,1,1,2025-04-11,False,True,0.00046,original,7.5,ADJACENT_NETWORK,True,False,2024,0,v2025.03.14,False,False,True
CVE-2019-13961,2025-04-11,ExploitDB,2,1,2025-04-11,True,False,0.00141,original,8.8,NETWORK,True,True,2019,0,v2025.03.14,False,False,True
CVE-2019-15652,2025-04-11,HackerNews,1,1,2025-04-11,False,True,0.0033,original,6.1,NETWORK,True,False,2019,0,v2025.03.14,False,False,True
CVE-2024-35059,2025-04-11,HackerNews,1,1,2025-04-11,False,True,0.0004,original,7.5,ADJACENT_NETWORK,True,False,2024,0,v2025.03.14,False,False,True
CVE-2024-35060,2025-04-11,HackerNews,1,1,2025-04-11,False,True,0.0004,original,7.5,ADJACENT_NETWORK,True,False,2024,0,v2025.03.14,False,False,True
CVE-2024-35056,2025-04-11,HackerNews,1,1,2025-04-11,False,True,0.00209,original,9.8,NETWORK,True,False,2024,0,v2025.03.14,False,False,True
CVE-2023-49965,2025-04-11,HackerNews,1,1,2025-04-11,False,True,0.00098,original,6.8,NETWORK,True,False,2023,0,v2025.03.14,False,False,True
CVE-2025-32567,2025-04-11,Mastodon,1,1,2025-04-11,True,False,0.0003,original,8.5,NETWORK,True,False,2025,0,v2025.03.14,False,False,True
CVE-2017-3221,2025-04-11,HackerNews,1,1,2025-04-11,False,True,0.02048,original,9.8,NETWORK,True,False,2017,0,v2025.03.14,False,False,True
CVE-2025-32614,2025-04-11,Mastodon,1,1,2025-04-11,True,False,0.00105,original,8.8,NETWORK,True,False,2025,0,v2025.03.14,False,False,True
CVE-2025-32577,2025-04-11,Mastodon,1,1,2025-04-11,True,False,0.00115,original,9.8,NETWORK,True,False,2025,0,v2025.03.14,False,False,True
CVE-2025-32603,2025-04-11,Mastodon,1,1,2025-04-11,True,False,0.0003,original,9.3,NETWORK,True,False,2025,0,v2025.03.14,False,False,True
CVE-2025-32618,2025-04-11,Mastodon,1,1,2025-04-11,True,False,0.0003,original,8.5,NETWORK,True,False,2025,0,v2025.03.14,False,False,True
CVE-2025-3439,2025-04-11,Mastodon,2,2,2025-05-15,True,False,0.00098,enriched,9.8,NETWORK,True,False,2025,34,v2025.03.14,False,False,True
CVE-2025-32587,2025-04-11,Mastodon,1,1,2025-04-11,True,False,0.00047,original,8.1,NETWORK,True,False,2025,0,v2025.03.14,False,False,True
CVE-2025-32627,2025-04-11,Mastodon,1,1,2025-04-11,True,False,0.00115,original,8.1,NETWORK,True,False,2025,0,v2025.03.14,False,False,True
CVE-2025-32579,2025-04-11,Mastodon,1,1,2025-04-11,True,False,0.00042,original,9.9,NETWORK,True,False,2025,0,v2025.03.14,False,False,True
CVE-2025-32629,2025-04-11,Mastodon,1,1,2025-04-11,True,False,0.00048,original,8.6,NETWORK,True,False,2025,0,v2025.03.14,False,False,True
CVE-2025-32589,2025-04-11,Mastodon,1,1,2025-04-11,True,False,0.00115,original,8.1,NETWORK,True,False,2025,0,v2025.03.14,False,False,True
CVE-2025-31932,2025-04-11,Mastodon,1,1,2025-04-11,True,False,0.00056,original,8.8,NETWORK,True,False,2025,0,v2025.03.14,False,False,True
CVE-2025-32633,2025-04-11,Mastodon,1,1,2025-04-11,True,False,0.00048,original,8.6,NETWORK,True,False,2025,0,v2025.03.14,False,False,True
CVE-2023-52235,2025-04-11,HackerNews,1,1,2025-04-11,False,True,0.0025,original,8.8,NETWORK,True,False,2023,0,v2025.03.14,False,False,True
CVE-2016-9494,2025-04-11,HackerNews,1,1,2025-04-11,False,True,0.00276,original,6.5,ADJACENT_NETWORK,True,False,2016,0,v2025.03.14,False,False,True
CVE-2025-23388,2025-04-11,Mastodon,1,1,2025-04-11,True,False,0.0004,original,8.2,NETWORK,True,False,2025,0,v2025.03.14,False,False,True
CVE-2016-9497,2025-04-11,HackerNews,1,1,2025-04-11,False,True,0.06861,original,8.8,ADJACENT_NETWORK,True,False,2016,0,v2025.03.14,False,False,True
CVE-2024-8522,2025-04-11,ExploitDB,2,1,2025-04-11,True,False,0.88367,original,10.0,NETWORK,False,False,2024,0,v2025.03.14,False,False,True
CVE-2025-32027,2025-04-11,Reddit,1,1,2025-04-11,True,False,0.00029,original,6.1,NETWORK,True,True,2025,0,v2025.03.14,False,False,True
CVE-2025-23389,2025-04-11,Mastodon,1,1,2025-04-11,True,False,0.00049,original,8.4,NETWORK,True,False,2025,0,v2025.03.14,False,False,True
CVE-2016-9495,2025-04-11,HackerNews,1,1,2025-04-11,False,True,0.0025,original,8.8,ADJACENT_NETWORK,True,False,2016,0,v2025.03.14,False,False,True
CVE-2025-32631,2025-04-11,Mastodon,2,2,2025-04-12,True,False,0.00048,original,8.6,NETWORK,True,False,2025,1,v2025.03.14,False,False,True
CVE-2025-32607,2025-04-11,Mastodon,1,1,2025-04-11,True,False,0.00041,original,9.8,NETWORK,True,False,2025,0,v2025.03.14,False,False,True
CVE-2025-23391,2025-04-11,Mastodon,1,1,2025-04-11,True,False,0.00039,original,9.1,NETWORK,True,False,2025,0,v2025.03.14,False,False,True
CVE-2025-30429,2025-04-12,Reddit,1,1,2025-04-12,True,False,0.00014,original,6.3,LOCAL,True,False,2025,0,v2025.03.14,False,False,True
CVE-2023-41076,2025-04-12,Reddit,1,1,2025-04-12,True,False,0.00028,original,7.3,NETWORK,True,False,2023,0,v2025.03.14,False,False,True
CVE-2024-43102,2025-04-12,Reddit,1,1,2025-04-12,True,False,0.0068,original,10.0,NETWORK,True,False,2024,0,v2025.03.14,False,False,True
CVE-2025-3418,2025-04-12,Mastodon,1,1,2025-04-12,True,False,0.00039,original,8.8,NETWORK,True,False,2025,0,v2025.03.14,False,False,True
CVE-2025-3434,2025-04-12,Reddit,1,1,2025-04-12,True,False,0.00093,original,7.2,NETWORK,True,False,2025,0,v2025.03.14,False,False,True
CVE-2025-3422,2025-04-12,Reddit,1,1,2025-04-12,True,False,0.00043,original,5.4,NETWORK,True,False,2025,0,v2025.03.14,False,False,True
CVE-2025-3538,2025-04-13,Mastodon,1,1,2025-04-13,True,False,0.00027,enriched,8.8,ADJACENT_NETWORK,True,True,2025,0,v2025.03.14,False,False,True
CVE-2022-42475,2025-04-13,Reddit,5,1,2025-04-27,False,True,0.92863,original,9.8,NETWORK,True,False,2022,14,v2025.03.14,False,False,True
CVE-2024-21762,2025-04-13,Reddit,10,2,2025-05-19,True,True,0.90724,original,9.8,NETWORK,True,False,2024,36,v2025.03.14,False,False,True
CVE-2024-7971,2025-04-13,Reddit,2,1,2025-04-14,False,True,0.04698,original,9.6,NETWORK,True,False,2024,1,v2025.03.14,False,False,True
CVE-2025-3539,2025-04-14,Mastodon,1,1,2025-04-14,True,False,0.00793,original,8.0,ADJACENT_NETWORK,True,True,2025,0,v2025.03.14,False,False,True
CVE-2025-3546,2025-04-14,Mastodon,1,1,2025-04-14,True,False,0.00793,original,8.0,ADJACENT_NETWORK,True,False,2025,0,v2025.03.14,False,False,True
CVE-2025-3541,2025-04-14,Mastodon,1,1,2025-04-14,True,False,0.00793,original,8.0,ADJACENT_NETWORK,True,False,2025,0,v2025.03.14,False,False,True
CVE-2025-21204,2025-04-14,Reddit,23,3,2025-05-24,True,True,0.00055,original,7.8,LOCAL,True,False,2025,40,v2025.03.14,False,False,True
CVE-2025-2563,2025-04-14,Mastodon,3,2,2025-05-11,True,False,0.01682,original,8.1,NETWORK,True,False,2025,27,v2025.03.14,False,False,True
CVE-2023-44487,2025-04-14,HackerNews,1,1,2025-04-14,True,False,0.94437,original,7.5,NETWORK,True,True,2023,0,v2025.03.14,False,False,True
CVE-2024-50857,2025-04-14,ExploitDB,2,1,2025-04-14,True,False,0.00034,original,4.8,NETWORK,True,False,2024,0,v2025.03.14,False,False,True
CVE-2025-3545,2025-04-14,Mastodon,1,1,2025-04-14,True,False,0.00793,original,8.0,ADJACENT_NETWORK,True,False,2025,0,v2025.03.14,False,False,True
CVE-2019-19245,2025-04-14,ExploitDB,2,1,2025-04-14,True,False,0.02567,original,9.8,NETWORK,False,False,2019,0,v2025.03.14,False,False,True
CVE-2024-47605,2025-04-14,ExploitDB,2,1,2025-04-14,True,False,0.00048,original,5.4,NETWORK,True,True,2024,0,v2025.03.14,False,False,True
CVE-2024-50861,2025-04-14,ExploitDB,2,1,2025-04-14,True,False,0.00048,original,6.1,NETWORK,True,False,2024,0,v2025.03.14,False,False,True
CVE-2018-15473,2025-04-14,Reddit,3,1,2025-04-19,False,True,0.90527,original,5.3,NETWORK,True,True,2018,5,v2025.03.14,False,False,True
CVE-2025-32931,2025-04-14,Mastodon,1,1,2025-04-14,True,False,0.00041,enriched,9.1,NETWORK,True,True,2025,0,v2025.03.14,False,False,True
CVE-2024-50859,2025-04-14,ExploitDB,2,1,2025-04-14,True,False,0.00045,original,4.8,NETWORK,True,False,2024,0,v2025.03.14,False,False,True
CVE-2024-53537,2025-04-14,ExploitDB,2,1,2025-04-14,True,False,0.00477,original,9.1,NETWORK,False,False,2024,0,v2025.03.14,False,False,True
CVE-2023-48795,2025-04-14,Reddit,3,1,2025-04-19,False,True,0.58568,original,5.9,NETWORK,True,True,2023,5,v2025.03.14,False,False,True
CVE-2024-0010,2025-04-14,Reddit,2,1,2025-04-15,True,False,0.01321,original,4.3,NETWORK,True,False,2024,1,v2025.03.14,False,False,True
CVE-2023-40580,2025-04-14,HackerNews,1,1,2025-04-14,True,False,0.00299,original,8.1,NETWORK,True,True,2023,0,v2025.03.14,False,False,True
CVE-2024-43590,2025-04-14,Reddit,1,1,2025-04-14,True,False,0.00388,original,7.8,LOCAL,True,False,2024,0,v2025.03.14,False,False,True
CVE-2024-11954,2025-04-14,ExploitDB,2,1,2025-04-14,True,False,0.00045,original,2.4,NETWORK,True,False,2024,0,v2025.03.14,False,False,True
CVE-2024-11956,2025-04-14,ExploitDB,2,1,2025-04-14,True,False,4e-05,original,4.7,NETWORK,True,False,2024,0,v2025.03.14,False,False,True
CVE-2025-3445,2025-04-14,Mastodon,1,1,2025-04-14,True,False,0.00067,original,8.1,NETWORK,True,False,2025,0,v2025.03.14,False,False,True
CVE-2025-3543,2025-04-14,Mastodon,1,1,2025-04-14,True,False,0.00793,original,8.0,ADJACENT_NETWORK,True,False,2025,0,v2025.03.14,False,False,True
CVE-2024-11680,2025-04-14,HackerNews,1,1,2025-04-14,False,True,0.93334,original,9.8,NETWORK,True,True,2024,0,v2025.03.14,False,False,True
CVE-2025-3542,2025-04-14,Mastodon,1,1,2025-04-14,True,False,0.00793,original,8.0,ADJACENT_NETWORK,True,False,2025,0,v2025.03.14,False,False,True
CVE-2023-46818,2025-04-14,Reddit,1,1,2025-04-14,False,True,0.80861,original,7.2,NETWORK,True,False,2023,0,v2025.03.14,False,False,True
CVE-2025-3544,2025-04-14,Mastodon,1,1,2025-04-14,True,False,0.00839,original,8.0,ADJACENT_NETWORK,True,False,2025,0,v2025.03.14,False,False,True
CVE-2024-53582,2025-04-14,ExploitDB,4,1,2025-04-14,True,False,0.01132,original,7.5,NETWORK,False,False,2024,0,v2025.03.14,False,False,True
CVE-2025-2160,2025-04-14,Mastodon,1,1,2025-04-14,True,False,0.00033,enriched,8.1,NETWORK,True,False,2025,0,v2025.03.14,False,False,True
CVE-2023-4966,2025-04-14,Reddit,5,2,2025-04-28,False,True,0.94378,original,9.4,NETWORK,True,False,2023,14,v2025.03.14,False,False,True
CVE-2025-3540,2025-04-14,Mastodon,1,1,2025-04-14,True,False,0.00793,original,8.0,ADJACENT_NETWORK,True,False,2025,0,v2025.03.14,False,False,True
CVE-2024-48760,2025-04-14,ExploitDB,2,1,2025-04-14,True,False,0.00322,original,9.8,NETWORK,True,False,2024,0,v2025.03.14,False,False,True
CVE-2025-28137,2025-04-15,Mastodon,1,1,2025-04-15,True,False,0.0024,enriched,9.8,NETWORK,True,True,2025,0,v2025.03.14,False,False,True
CVE-2025-2161,2025-04-15,Reddit,1,1,2025-04-15,True,False,0.00033,original,7.1,NETWORK,True,False,2025,0,v2025.03.14,False,False,True
CVE-2022-27254,2025-04-15,HackerNews,1,1,2025-04-15,True,False,0.03562,original,5.3,ADJACENT_NETWORK,True,False,2022,0,v2025.03.14,False,False,True
CVE-2025-25456,2025-04-15,Mastodon,1,1,2025-04-15,True,False,0.00043,enriched,9.8,NETWORK,True,False,2025,0,v2025.03.14,False,False,True
CVE-2025-26959,2025-04-15,Mastodon,1,1,2025-04-15,True,False,0.00039,enriched,8.8,NETWORK,True,False,2025,0,v2025.03.14,False,False,True
CVE-2025-2567,2025-04-15,Mastodon,1,1,2025-04-15,True,False,0.00041,enriched,9.8,NETWORK,True,False,2025,0,v2025.03.14,False,False,True
CVE-2024-51546,2025-04-15,ExploitDB,2,1,2025-04-15,True,False,0.00144,original,7.5,NETWORK,False,False,2024,0,v2025.03.14,False,False,True
CVE-2025-31491,2025-04-15,Mastodon,1,1,2025-04-15,True,False,0.00031,original,8.6,NETWORK,True,False,2025,0,v2025.03.14,False,False,True
CVE-2025-3570,2025-04-15,Reddit,1,1,2025-04-15,True,False,0.00029,original,3.5,NETWORK,True,True,2025,0,v2025.03.14,False,False,True
CVE-2025-30206,2025-04-15,Mastodon,1,1,2025-04-15,True,False,0.00061,enriched,9.8,NETWORK,True,False,2025,0,v2025.03.14,False,False,True
CVE-2024-50672,2025-04-15,ExploitDB,2,1,2025-04-15,True,False,0.00259,original,9.8,NETWORK,True,False,2024,0,v2025.03.14,False,False,True
CVE-2024-48844,2025-04-15,ExploitDB,2,1,2025-04-15,True,False,0.00162,original,7.7,NETWORK,False,False,2024,0,v2025.03.14,False,False,True
CVE-2024-51464,2025-04-15,ExploitDB,2,1,2025-04-15,True,False,0.00029,original,4.3,NETWORK,False,False,2024,0,v2025.03.14,False,False,True
CVE-2025-26741,2025-04-15,Mastodon,1,1,2025-04-15,True,False,0.00039,enriched,8.8,NETWORK,True,False,2025,0,v2025.03.14,False,False,True
CVE-2024-51463,2025-04-15,ExploitDB,2,1,2025-04-15,True,False,0.00029,original,5.4,NETWORK,False,False,2024,0,v2025.03.14,False,False,True
CVE-2024-23346,2025-04-15,ExploitDB,2,1,2025-04-15,True,False,0.28283,original,9.3,LOCAL,True,True,2024,0,v2025.03.14,False,False,True
CVE-2025-32445,2025-04-15,Mastodon,1,1,2025-04-15,True,False,0.00042,enriched,9.9,NETWORK,True,True,2025,0,v2025.03.14,False,False,True
CVE-2025-29281,2025-04-15,Mastodon,1,1,2025-04-15,True,False,0.00071,enriched,8.8,NETWORK,True,False,2025,0,v2025.03.14,False,False,True
CVE-2025-3567,2025-04-15,Reddit,1,1,2025-04-15,True,False,0.00025,original,4.3,NETWORK,True,True,2025,0,v2025.03.14,False,False,True
CVE-2024-41947,2025-04-15,ExploitDB,2,1,2025-04-15,True,False,0.00789,original,9.0,NETWORK,True,True,2024,0,v2025.03.14,False,False,True
CVE-2024-25641,2025-04-15,ExploitDB,2,1,2025-04-15,True,False,0.77883,original,9.1,NETWORK,True,True,2024,0,v2025.03.14,False,False,True
CVE-2023-27272,2025-04-15,Reddit,1,1,2025-04-15,True,False,0.0001,original,3.1,NETWORK,True,False,2023,0,v2025.03.14,False,False,True
CVE-2025-32438,2025-04-15,Mastodon,1,1,2025-04-15,True,False,0.00012,enriched,8.8,LOCAL,True,True,2025,0,v2025.03.14,False,False,True
CVE-2025-32911,2025-04-15,Mastodon,1,1,2025-04-15,True,False,0.00043,enriched,9.0,NETWORK,True,False,2025,0,v2025.03.14,False,False,True
CVE-2025-30735,2025-04-15,Mastodon,1,1,2025-04-15,True,False,0.00031,enriched,8.1,NETWORK,True,False,2025,0,v2025.03.14,False,False,True
CVE-2025-30511,2025-04-15,Mastodon,1,1,2025-04-15,True,False,0.00047,enriched,8.8,NETWORK,True,False,2025,0,v2025.03.14,False,False,True
CVE-2025-24797,2025-04-15,Mastodon,3,1,2025-05-07,True,False,0.00251,original,9.4,NETWORK,True,False,2025,22,v2025.03.14,False,False,True
CVE-2025-30727,2025-04-15,Mastodon,1,1,2025-04-15,True,False,0.00043,enriched,9.8,NETWORK,True,False,2025,0,v2025.03.14,False,False,True
CVE-2025-30712,2025-04-15,Mastodon,2,2,2025-05-15,True,False,0.00012,enriched,8.1,LOCAL,True,False,2025,30,v2025.03.14,False,False,True
CVE-2025-30985,2025-04-15,Mastodon,1,1,2025-04-15,True,False,0.00041,enriched,9.8,NETWORK,True,False,2025,0,v2025.03.14,False,False,True
CVE-2025-32864,2025-04-16,Mastodon,1,1,2025-04-16,True,False,0.00096,enriched,8.8,NETWORK,True,False,2025,0,v2025.03.14,False,False,False
CVE-2025-32857,2025-04-16,Mastodon,1,1,2025-04-16,True,False,0.00096,enriched,8.8,NETWORK,True,False,2025,0,v2025.03.14,False,False,False
CVE-2025-26748,2025-04-16,Mastodon,1,1,2025-04-16,True,False,0.00019,original,8.1,NETWORK,True,False,2025,0,v2025.03.14,False,False,False
CVE-2023-26602,2025-04-16,ExploitDB,2,1,2025-04-16,True,False,0.65502,original,9.8,NETWORK,False,False,2023,0,v2025.03.14,False,False,False
CVE-2020-5509,2025-04-16,ExploitDB,2,1,2025-04-16,True,False,0.02569,original,7.2,NETWORK,False,False,2020,0,v2025.03.14,False,False,False
CVE-2025-32859,2025-04-16,Mastodon,1,1,2025-04-16,True,False,0.00096,enriched,8.8,NETWORK,True,False,2025,0,v2025.03.14,False,False,False
CVE-2025-32858,2025-04-16,Mastodon,2,2,2025-04-18,True,False,0.00096,enriched,8.8,NETWORK,True,False,2025,2,v2025.03.14,False,False,False
CVE-2024-23733,2025-04-16,ExploitDB,2,1,2025-04-16,True,False,0.00121,original,7.5,NETWORK,True,False,2024,0,v2025.03.14,False,False,False
CVE-2025-32851,2025-04-16,Mastodon,1,1,2025-04-16,True,False,0.00096,enriched,8.8,NETWORK,True,False,2025,0,v2025.03.14,False,False,False
CVE-2025-32852,2025-04-16,Mastodon,1,1,2025-04-16,True,False,0.00096,enriched,8.8,NETWORK,True,False,2025,0,v2025.03.14,False,False,False
CVE-2025-32848,2025-04-16,Mastodon,1,1,2025-04-16,True,False,0.00096,enriched,8.8,NETWORK,True,False,2025,0,v2025.03.14,False,False,False
CVE-2023-6542,2025-04-16,Reddit,1,1,2025-04-16,True,False,0.0002,original,7.1,LOCAL,True,False,2023,0,v2025.03.14,False,False,False
CVE-2025-24054,2025-04-16,Reddit,39,5,2025-05-23,True,False,0.00381,original,6.5,NETWORK,True,False,2025,37,v2025.03.14,False,False,False
CVE-2025-32865,2025-04-16,Mastodon,1,1,2025-04-16,True,False,0.00096,enriched,8.8,NETWORK,True,False,2025,0,v2025.03.14,False,False,False
CVE-2025-24076,2025-04-16,Reddit,3,1,2025-04-17,False,True,0.00062,original,7.3,LOCAL,True,False,2025,1,v2025.03.14,False,False,False
CVE-2022-37061,2025-04-16,ExploitDB,2,1,2025-04-16,True,False,0.92506,original,9.8,NETWORK,True,True,2022,0,v2025.03.14,False,False,False
CVE-2025-32866,2025-04-16,Mastodon,1,1,2025-04-16,True,False,0.00096,enriched,8.8,NETWORK,True,False,2025,0,v2025.03.14,False,False,False
CVE-2025-32850,2025-04-16,Mastodon,1,1,2025-04-16,True,False,0.00096,enriched,8.8,NETWORK,True,False,2025,0,v2025.03.14,False,False,False
CVE-2025-32867,2025-04-16,Mastodon,1,1,2025-04-16,True,False,0.00096,enriched,8.8,NETWORK,True,False,2025,0,v2025.03.14,False,False,False
CVE-2025-32872,2025-04-16,Mastodon,1,1,2025-04-16,True,False,0.00096,enriched,8.8,NETWORK,True,False,2025,0,v2025.03.14,False,False,False
CVE-2025-32863,2025-04-16,Mastodon,1,1,2025-04-16,True,False,0.00096,enriched,8.8,NETWORK,True,False,2025,0,v2025.03.14,False,False,False
CVE-2025-32853,2025-04-16,Mastodon,1,1,2025-04-16,True,False,0.00096,enriched,8.8,NETWORK,True,False,2025,0,v2025.03.14,False,False,False
CVE-2024-0566,2025-04-16,ExploitDB,2,1,2025-04-16,True,False,0.04833,original,7.2,NETWORK,False,False,2024,0,v2025.03.14,False,False,False
CVE-2025-27561,2025-04-16,Reddit,1,1,2025-04-16,True,False,0.00038,original,5.3,NETWORK,True,False,2025,0,v2025.03.14,False,False,False
CVE-2014-0160,2025-04-16,Reddit,1,1,2025-04-16,False,True,0.94477,original,7.5,NETWORK,True,False,2014,0,v2025.03.14,False,False,False
CVE-2024-52281,2025-04-16,Mastodon,1,1,2025-04-16,True,False,0.0004,original,8.9,NETWORK,True,False,2024,0,v2025.03.14,False,False,False
CVE-2025-32861,2025-04-16,Mastodon,1,1,2025-04-16,True,False,0.00096,enriched,8.8,NETWORK,True,False,2025,0,v2025.03.14,False,False,False
CVE-2024-11392,2025-04-16,ExploitDB,2,1,2025-04-16,True,False,0.32492,original,8.8,NETWORK,False,False,2024,0,v2025.03.14,False,False,False
CVE-2025-30967,2025-04-16,Mastodon,1,1,2025-04-16,True,False,0.00018,original,9.6,NETWORK,True,False,2025,0,v2025.03.14,False,False,False
CVE-2025-32862,2025-04-16,Mastodon,1,1,2025-04-16,True,False,0.00096,enriched,8.8,NETWORK,True,False,2025,0,v2025.03.14,False,False,False
CVE-2024-26170,2025-04-16,Reddit,1,1,2025-04-16,False,True,0.01318,original,7.8,LOCAL,True,False,2024,0,v2025.03.14,False,False,False
CVE-2022-41358,2025-04-16,ExploitDB,2,1,2025-04-16,True,False,0.00244,original,5.4,NETWORK,True,False,2022,0,v2025.03.14,False,False,False
CVE-2022-23409,2025-04-16,ExploitDB,2,1,2025-04-16,True,False,0.00403,original,4.9,NETWORK,False,False,2022,0,v2025.03.14,False,False,False
CVE-2025-30960,2025-04-16,Mastodon,1,1,2025-04-16,True,False,0.00038,original,8.3,NETWORK,True,False,2025,0,v2025.03.14,False,False,False
CVE-2022-4407,2025-04-16,ExploitDB,2,1,2025-04-16,True,False,0.00605,original,6.1,NETWORK,True,True,2022,0,v2025.03.14,False,False,False
CVE-2025-3495,2025-04-16,Mastodon,1,1,2025-04-16,True,False,0.0007,original,9.8,NETWORK,True,False,2025,0,v2025.03.14,False,False,False
CVE-2025-27929,2025-04-16,Reddit,1,1,2025-04-16,True,False,0.00029,original,5.3,NETWORK,True,False,2025,0,v2025.03.14,False,False,False
CVE-2021-33216,2025-04-16,ExploitDB,2,1,2025-04-16,True,False,0.00841,original,9.8,NETWORK,False,False,2021,0,v2025.03.14,False,False,False
CVE-2017-5754,2025-04-16,Reddit,1,1,2025-04-16,False,True,0.92671,original,5.6,LOCAL,True,False,2017,0,v2025.03.14,False,False,False
CVE-2025-32860,2025-04-16,Mastodon,2,2,2025-04-17,True,False,0.00096,enriched,8.8,NETWORK,True,False,2025,1,v2025.03.14,False,False,False
CVE-2025-28399,2025-04-16,Mastodon,1,1,2025-04-16,True,False,0.00053,original,9.8,NETWORK,True,True,2025,0,v2025.03.14,False,False,False
CVE-2025-26927,2025-04-16,Mastodon,1,1,2025-04-16,True,False,0.00043,original,10.0,NETWORK,True,False,2025,0,v2025.03.14,False,False,False
CVE-2025-32854,2025-04-16,Mastodon,1,1,2025-04-16,True,False,0.00096,enriched,8.8,NETWORK,True,False,2025,0,v2025.03.14,False,False,False
CVE-2022-46945,2025-04-16,ExploitDB,2,1,2025-04-16,True,False,0.00071,original,9.1,NETWORK,True,True,2022,0,v2025.03.14,False,False,False
CVE-2024-0399,2025-04-16,ExploitDB,2,1,2025-04-16,True,False,0.04809,original,8.1,NETWORK,False,False,2024,0,v2025.03.14,False,False,False
CVE-2025-39570,2025-04-16,Mastodon,1,1,2025-04-16,True,False,0.00114,enriched,8.8,NETWORK,True,False,2025,0,v2025.03.14,False,False,False
CVE-2025-26870,2025-04-16,Reddit,1,1,2025-04-16,True,False,0.00033,original,6.5,NETWORK,True,False,2025,0,v2025.03.14,False,False,False
CVE-2024-48846,2025-04-16,ExploitDB,2,1,2025-04-16,True,False,0.00033,original,7.1,NETWORK,False,False,2024,0,v2025.03.14,False,False,False
CVE-2025-24994,2025-04-16,Reddit,3,1,2025-04-17,False,True,0.00062,original,7.3,LOCAL,True,False,2025,1,v2025.03.14,False,False,False
CVE-2025-32868,2025-04-16,Mastodon,1,1,2025-04-16,True,False,0.00056,enriched,8.8,NETWORK,True,False,2025,0,v2025.03.14,False,False,False
CVE-2025-30510,2025-04-16,Mastodon,1,1,2025-04-16,True,False,0.00019,original,9.8,NETWORK,True,False,2025,0,v2025.03.14,False,False,False
CVE-2025-32869,2025-04-16,Mastodon,1,1,2025-04-16,True,False,0.00056,enriched,8.8,NETWORK,True,False,2025,0,v2025.03.14,False,False,False
CVE-2025-32871,2025-04-16,Mastodon,1,1,2025-04-16,True,False,0.00096,enriched,8.8,NETWORK,True,False,2025,0,v2025.03.14,False,False,False
CVE-2024-55889,2025-04-16,ExploitDB,2,1,2025-04-16,True,False,0.00015,original,4.9,NETWORK,True,True,2024,0,v2025.03.14,False,False,False
CVE-2025-32856,2025-04-16,Mastodon,1,1,2025-04-16,True,False,0.00096,enriched,8.8,NETWORK,True,False,2025,0,v2025.03.14,False,False,False
CVE-2025-32849,2025-04-16,Mastodon,1,1,2025-04-16,True,False,0.00096,enriched,8.8,NETWORK,True,False,2025,0,v2025.03.14,False,False,False
CVE-2025-39601,2025-04-16,Mastodon,1,1,2025-04-16,True,False,0.00018,enriched,9.6,NETWORK,True,False,2025,0,v2025.03.14,False,False,False
CVE-2025-20236,2025-04-16,Mastodon,7,3,2025-04-29,True,False,0.001,enriched,8.8,NETWORK,True,False,2025,13,v2025.03.14,False,False,False
CVE-2025-30215,2025-04-16,Mastodon,1,1,2025-04-16,True,False,0.00028,original,9.6,NETWORK,True,False,2025,0,v2025.03.14,False,False,False
CVE-2025-39557,2025-04-16,Mastodon,1,1,2025-04-16,True,False,0.00039,enriched,9.1,NETWORK,True,False,2025,0,v2025.03.14,False,False,False
CVE-2018-16606,2025-04-16,ExploitDB,2,1,2025-04-16,True,False,0.00452,original,6.5,NETWORK,False,False,2018,0,v2025.03.14,False,False,False
CVE-2025-22900,2025-04-16,Mastodon,1,1,2025-04-16,True,False,0.00018,original,9.8,NETWORK,True,False,2025,0,v2025.03.14,False,False,False
CVE-2024-50264,2025-04-16,Reddit,4,1,2025-04-17,True,True,0.00048,original,7.8,LOCAL,True,False,2024,1,v2025.03.14,False,False,False
CVE-2024-22036,2025-04-16,Mastodon,1,1,2025-04-16,True,False,0.00041,original,9.1,NETWORK,True,False,2024,0,v2025.03.14,False,False,False
CVE-2025-32855,2025-04-16,Mastodon,1,1,2025-04-16,True,False,0.00096,enriched,8.8,NETWORK,True,False,2025,0,v2025.03.14,False,False,False
CVE-2018-1207,2025-04-16,ExploitDB,2,1,2025-04-16,True,False,0.9374,original,9.8,NETWORK,False,False,2018,0,v2025.03.14,False,False,False
CVE-2025-3693,2025-04-16,Mastodon,1,1,2025-04-16,True,False,0.00046,enriched,8.8,NETWORK,True,False,2025,0,v2025.03.14,False,False,False
CVE-2024-46278,2025-04-16,ExploitDB,2,1,2025-04-16,True,False,0.00569,original,8.4,NETWORK,True,False,2024,0,v2025.03.14,False,False,False
CVE-2025-30100,2025-04-16,Reddit,1,1,2025-04-16,True,False,0.00012,original,6.7,LOCAL,True,False,2025,0,v2025.03.14,False,False,False
CVE-2025-32870,2025-04-16,Mastodon,1,1,2025-04-16,True,False,0.00096,enriched,8.8,NETWORK,True,False,2025,0,v2025.03.14,False,False,False
CVE-2025-24297,2025-04-16,Mastodon,1,1,2025-04-16,True,False,0.00048,original,9.8,NETWORK,True,False,2025,0,v2025.03.14,False,False,False
CVE-2024-38193,2025-04-17,HackerNews,6,2,2025-05-09,True,True,0.82355,original,7.8,LOCAL,True,False,2024,22,v2025.03.14,False,False,False
CVE-2024-24691,2025-04-17,HackerNews,4,1,2025-04-28,False,True,0.00344,original,9.6,NETWORK,True,False,2024,11,v2025.03.14,False,False,False
CVE-2024-21894,2025-04-17,HackerNews,4,1,2025-04-28,False,True,0.12221,original,9.8,NETWORK,True,False,2024,11,v2025.03.14,False,False,False
CVE-2021-20035,2025-04-17,BleepingComputer,14,2,2025-05-08,True,False,0.26232,original,6.5,NETWORK,True,False,2021,21,v2025.03.14,False,False,False
CVE-2024-36401,2025-04-17,HackerNews,4,1,2025-04-28,False,True,0.94418,original,9.8,NETWORK,True,True,2024,11,v2025.03.14,False,False,False
CVE-2025-1568,2025-04-17,Mastodon,1,1,2025-04-17,True,False,0.00052,original,8.8,NETWORK,True,False,2025,0,v2025.03.14,False,False,False
CVE-2024-37085,2025-04-17,HackerNews,4,1,2025-04-28,False,True,0.55217,original,6.8,NETWORK,True,False,2024,11,v2025.03.14,False,False,False
CVE-2023-35082,2025-04-17,HackerNews,4,1,2025-04-28,False,True,0.94468,original,9.8,NETWORK,True,False,2023,11,v2025.03.14,False,False,False
CVE-2025-39595,2025-04-17,Mastodon,1,1,2025-04-17,True,False,0.00028,enriched,9.3,NETWORK,True,False,2025,0,v2025.03.14,False,False,False
CVE-2025-32433,2025-04-17,BleepingComputer,40,4,2025-05-13,True,False,0.00307,original,10.0,NETWORK,True,True,2025,26,v2025.03.14,False,False,False
CVE-2022-3236,2025-04-17,HackerNews,4,1,2025-04-28,False,True,0.92859,original,9.8,NETWORK,True,False,2022,11,v2025.03.14,False,False,False
CVE-2024-3935,2025-04-17,Mastodon,1,1,2025-04-17,False,True,0.00203,original,6.5,NETWORK,True,True,2024,0,v2025.03.14,False,False,False
CVE-2025-20150,2025-04-17,Reddit,3,2,2025-04-18,True,False,0.00035,original,5.3,NETWORK,True,False,2025,1,v2025.03.14,False,False,False
CVE-2025-31200,2025-04-17,Reddit,25,2,2025-05-28,True,True,0.00195,original,7.5,NETWORK,True,True,2025,41,v2025.03.14,False,False,False
CVE-2024-28995,2025-04-17,HackerNews,5,2,2025-05-29,True,True,0.94441,original,8.6,NETWORK,True,False,2024,42,v2025.03.14,False,False,False
CVE-2024-28991,2025-04-17,HackerNews,4,1,2025-04-28,False,True,0.21307,original,9.0,ADJACENT_NETWORK,True,False,2024,11,v2025.03.14,False,False,False
CVE-2025-2073,2025-04-17,Mastodon,1,1,2025-04-17,True,False,8e-05,original,8.8,NETWORK,True,False,2025,0,v2025.03.14,False,False,False
CVE-2025-1532,2025-04-17,Mastodon,1,1,2025-04-17,True,False,0.0003,original,8.1,NETWORK,True,False,2025,0,v2025.03.14,False,False,False
CVE-2023-38035,2025-04-17,HackerNews,4,1,2025-04-28,False,True,0.94435,original,9.8,NETWORK,True,False,2023,11,v2025.03.14,False,False,False
CVE-2025-32686,2025-04-17,Mastodon,1,1,2025-04-17,True,False,0.00038,enriched,8.8,NETWORK,True,False,2025,0,v2025.03.14,False,False,False
CVE-2025-26746,2025-04-17,Reddit,1,1,2025-04-17,True,False,0.00033,original,7.1,NETWORK,True,False,2025,0,v2025.03.14,False,False,False
CVE-2024-10525,2025-04-17,Mastodon,1,1,2025-04-17,False,True,0.00168,original,9.8,NETWORK,True,True,2024,0,v2025.03.14,False,False,False
CVE-2023-50164,2025-04-17,HackerNews,4,1,2025-04-28,False,True,0.93736,original,9.8,NETWORK,True,False,2023,11,v2025.03.14,False,False,False
CVE-2025-3620,2025-04-17,Mastodon,1,1,2025-04-17,True,False,0.00089,original,8.8,NETWORK,True,False,2025,0,v2025.03.14,False,False,False
CVE-2022-38028,2025-04-17,HackerNews,4,1,2025-04-28,False,True,0.02682,original,7.8,LOCAL,True,False,2022,11,v2025.03.14,False,False,False
CVE-2023-40044,2025-04-17,HackerNews,4,1,2025-04-28,False,True,0.94427,original,10.0,NETWORK,True,False,2023,11,v2025.03.14,False,False,False
CVE-2025-32658,2025-04-17,Mastodon,1,1,2025-04-17,True,False,0.00038,enriched,9.8,NETWORK,True,False,2025,0,v2025.03.14,False,False,False
CVE-2025-39588,2025-04-17,Mastodon,1,1,2025-04-17,True,False,0.00038,enriched,9.8,NETWORK,True,False,2025,0,v2025.03.14,False,False,False
CVE-2024-0204,2025-04-17,HackerNews,5,2,2025-05-29,True,True,0.93318,original,9.8,NETWORK,True,False,2024,42,v2025.03.14,False,False,False
CVE-2025-1704,2025-04-17,Mastodon,1,1,2025-04-17,True,False,8e-05,original,6.5,NETWORK,True,False,2025,0,v2025.03.14,False,False,False
CVE-2025-31478,2025-04-17,Mastodon,1,1,2025-04-17,True,False,0.00038,original,8.2,NETWORK,True,True,2025,0,v2025.03.14,False,False,False
CVE-2025-32791,2025-04-17,Reddit,1,1,2025-04-17,True,False,0.00022,original,4.3,NETWORK,True,False,2025,0,v2025.03.14,False,False,False
CVE-2024-6327,2025-04-17,HackerNews,4,1,2025-04-28,False,True,0.01829,original,9.9,NETWORK,True,False,2024,11,v2025.03.14,False,False,False
CVE-2023-22515,2025-04-17,HackerNews,4,1,2025-04-28,False,True,0.94365,original,9.8,NETWORK,True,False,2023,11,v2025.03.14,False,False,False
CVE-2024-38112,2025-04-17,HackerNews,4,1,2025-04-28,False,True,0.91779,original,7.5,NETWORK,True,False,2024,11,v2025.03.14,False,False,False
CVE-2024-55372,2025-04-17,Mastodon,1,1,2025-04-17,True,False,0.0002,original,9.8,NETWORK,True,False,2024,0,v2025.03.14,False,False,False
CVE-2024-55371,2025-04-17,Mastodon,1,1,2025-04-17,True,False,0.00013,original,9.8,NETWORK,True,False,2024,0,v2025.03.14,False,False,False
CVE-2024-38814,2025-04-17,HackerNews,4,1,2025-04-28,False,True,0.01178,original,8.8,NETWORK,True,False,2024,11,v2025.03.14,False,False,False
CVE-2025-32660,2025-04-17,Mastodon,1,1,2025-04-17,True,False,0.00043,enriched,10.0,NETWORK,True,False,2025,0,v2025.03.14,False,False,False
CVE-2024-12344,2025-04-17,ExploitDB,2,1,2025-04-17,True,False,0.00028,original,6.3,NETWORK,True,False,2024,0,v2025.03.14,False,False,False
CVE-2023-5009,2025-04-17,HackerNews,4,1,2025-04-28,False,True,0.00022,original,8.2,NETWORK,True,False,2023,11,v2025.03.14,False,False,False
CVE-2025-43012,2025-04-17,Mastodon,1,1,2025-04-17,True,False,4e-05,enriched,8.3,NETWORK,True,False,2025,0,v2025.03.14,False,False,False
CVE-2025-43015,2025-04-17,Mastodon,1,1,2025-04-17,True,False,3e-05,enriched,8.3,NETWORK,True,False,2025,0,v2025.03.14,False,False,False
CVE-2025-43715,2025-04-17,Mastodon,2,1,2025-04-17,True,False,0.00013,original,8.1,LOCAL,True,False,2025,0,v2025.03.14,False,False,False
CVE-2025-31324,2025-04-17,HackerNews,39,4,2025-05-28,True,True,0.00043,enriched,10.0,NETWORK,True,False,2025,41,v2025.03.14,False,False,False
CVE-2025-32648,2025-04-17,Mastodon,1,1,2025-04-17,True,False,0.00043,enriched,9.8,NETWORK,True,False,2025,0,v2025.03.14,False,False,False
CVE-2024-55211,2025-04-17,Mastodon,1,1,2025-04-17,True,False,0.00017,enriched,8.4,LOCAL,True,False,2024,0,v2025.03.14,False,False,False
CVE-2025-28009,2025-04-17,Mastodon,1,1,2025-04-17,True,False,0.00029,enriched,9.8,NETWORK,True,False,2025,0,v2025.03.14,False,False,False
CVE-2021-33813,2025-04-17,Reddit,1,1,2025-04-17,False,True,0.00072,original,7.5,NETWORK,True,True,2021,0,v2025.03.14,False,False,False
CVE-2025-39526,2025-04-17,Mastodon,1,1,2025-04-17,True,False,0.00113,enriched,8.1,NETWORK,True,False,2025,0,v2025.03.14,False,False,False
CVE-2023-38831,2025-04-17,HackerNews,4,1,2025-04-28,False,True,0.9373,original,7.8,LOCAL,True,False,2023,11,v2025.03.14,False,False,False
CVE-2024-12342,2025-04-17,ExploitDB,2,1,2025-04-17,True,False,0.00098,original,6.5,ADJACENT_NETWORK,True,True,2024,0,v2025.03.14,False,False,False
CVE-2025-39436,2025-04-17,Mastodon,1,1,2025-04-17,True,False,0.00039,enriched,9.1,NETWORK,True,False,2025,0,v2025.03.14,False,False,False
CVE-2025-32636,2025-04-17,Mastodon,1,1,2025-04-17,True,False,0.00028,enriched,9.3,NETWORK,True,False,2025,0,v2025.03.14,False,False,False
CVE-2025-31201,2025-04-17,HackerNews,37,3,2025-05-24,True,True,0.00046,original,6.8,NETWORK,True,True,2025,37,v2025.03.14,False,False,False
CVE-2023-49606,2025-04-17,HackerNews,4,1,2025-04-28,False,True,0.34661,original,9.8,NETWORK,True,False,2023,11,v2025.03.14,False,False,False
CVE-2025-21299,2025-04-17,Reddit,7,1,2025-04-18,False,True,0.00174,original,7.1,LOCAL,True,False,2025,1,v2025.03.14,False,False,False
CVE-2025-39596,2025-04-17,Mastodon,1,1,2025-04-17,True,False,0.0005,enriched,9.8,NETWORK,True,False,2025,0,v2025.03.14,False,False,False
CVE-2025-39551,2025-04-17,Mastodon,1,1,2025-04-17,True,False,0.00038,enriched,9.8,NETWORK,True,False,2025,0,v2025.03.14,False,False,False
CVE-2020-13443,2025-04-17,Reddit,1,1,2025-04-17,True,False,0.009,original,8.8,NETWORK,True,False,2020,0,v2025.03.14,False,False,False
CVE-2024-0769,2025-04-17,HackerNews,4,1,2025-04-28,False,True,0.33381,original,5.3,NETWORK,True,True,2024,11,v2025.03.14,False,False,False
CVE-2023-46748,2025-04-17,HackerNews,4,1,2025-04-28,False,True,0.03698,original,8.8,NETWORK,True,False,2023,11,v2025.03.14,False,False,False
CVE-2024-8376,2025-04-17,Mastodon,1,1,2025-04-17,False,True,0.00251,original,7.5,NETWORK,True,True,2024,0,v2025.03.14,False,False,False
CVE-2024-4058,2025-04-17,HackerNews,4,1,2025-04-28,False,True,0.01512,original,8.8,NETWORK,True,False,2024,11,v2025.03.14,False,False,False
CVE-2025-29651,2025-04-17,Mastodon,1,1,2025-04-17,True,False,0.0002,original,9.8,NETWORK,False,False,2025,0,v2025.03.14,False,False,False
CVE-2024-53961,2025-04-17,HackerNews,4,1,2025-04-28,False,True,0.00152,original,8.1,NETWORK,True,False,2024,11,v2025.03.14,False,False,False
CVE-2024-12955,2025-04-17,ExploitDB,2,1,2025-04-17,True,False,0.00037,original,4.3,NETWORK,False,False,2024,0,v2025.03.14,False,False,False
CVE-2025-39569,2025-04-17,Mastodon,1,1,2025-04-17,True,False,0.00028,enriched,8.5,NETWORK,True,False,2025,0,v2025.03.14,False,False,False
CVE-2024-40711,2025-04-17,HackerNews,6,2,2025-05-13,True,True,0.41018,original,9.8,NETWORK,True,False,2024,26,v2025.03.14,False,False,False
CVE-2025-29652,2025-04-17,Mastodon,1,1,2025-04-17,True,False,0.0002,original,9.8,NETWORK,False,False,2025,0,v2025.03.14,False,False,False
CVE-2025-29653,2025-04-17,Mastodon,1,1,2025-04-17,True,False,0.0002,original,9.8,NETWORK,False,False,2025,0,v2025.03.14,False,False,False
CVE-2025-29708,2025-04-17,Mastodon,1,1,2025-04-17,True,False,0.00018,original,9.8,NETWORK,True,True,2025,0,v2025.03.14,False,False,False
CVE-2024-20272,2025-04-17,HackerNews,4,1,2025-04-28,False,True,0.00262,original,7.3,NETWORK,True,False,2024,11,v2025.03.14,False,False,False
CVE-2025-29709,2025-04-17,Mastodon,1,1,2025-04-17,True,False,0.00018,original,9.8,NETWORK,True,True,2025,0,v2025.03.14,False,False,False
CVE-2025-32682,2025-04-17,Mastodon,1,1,2025-04-17,True,False,0.00042,enriched,9.9,NETWORK,True,False,2025,0,v2025.03.14,False,False,False
CVE-2023-46747,2025-04-17,HackerNews,4,1,2025-04-28,False,True,0.94441,original,9.8,NETWORK,True,False,2023,11,v2025.03.14,False,False,False
CVE-2025-39533,2025-04-17,Mastodon,1,1,2025-04-17,True,False,0.00042,enriched,8.8,NETWORK,True,False,2025,0,v2025.03.14,False,False,False
CVE-2025-1290,2025-04-17,Mastodon,1,1,2025-04-17,True,False,9e-05,original,8.1,NETWORK,True,False,2025,0,v2025.03.14,False,False,False
CVE-2025-29809,2025-04-17,Reddit,5,1,2025-04-18,False,True,0.00307,original,7.1,LOCAL,True,False,2025,1,v2025.03.14,False,False,False
CVE-2023-46604,2025-04-17,HackerNews,4,1,2025-04-28,False,True,0.94436,original,10.0,NETWORK,True,False,2023,11,v2025.03.14,False,False,False
CVE-2025-32662,2025-04-17,Mastodon,1,1,2025-04-17,True,False,0.00038,enriched,8.8,NETWORK,True,False,2025,0,v2025.03.14,False,False,False
CVE-2024-40766,2025-04-17,HackerNews,4,1,2025-04-28,False,True,0.18328,original,9.8,NETWORK,True,False,2024,11,v2025.03.14,False,False,False
CVE-2025-39542,2025-04-17,Mastodon,1,1,2025-04-17,True,False,0.00042,enriched,8.8,NETWORK,True,False,2025,0,v2025.03.14,False,False,False
CVE-2025-0756,2025-04-17,Mastodon,1,1,2025-04-17,True,False,0.00232,original,9.1,NETWORK,True,False,2025,0,v2025.03.14,False,False,False
CVE-2025-32665,2025-04-17,Mastodon,1,1,2025-04-17,True,False,0.00028,enriched,9.3,NETWORK,True,False,2025,0,v2025.03.14,False,False,False
CVE-2025-3619,2025-04-17,Mastodon,1,1,2025-04-17,True,False,0.00135,original,8.8,NETWORK,True,False,2025,0,v2025.03.14,False,False,False
CVE-2025-39587,2025-04-17,Mastodon,1,1,2025-04-17,True,False,0.00028,enriched,9.3,NETWORK,True,False,2025,0,v2025.03.14,False,False,False
CVE-2025-2188,2025-04-17,Mastodon,1,1,2025-04-17,True,False,0.00031,original,8.1,NETWORK,True,False,2025,0,v2025.03.14,False,False,False
CVE-2023-51467,2025-04-17,HackerNews,4,1,2025-04-28,False,True,0.93884,original,9.8,NETWORK,True,False,2023,11,v2025.03.14,False,False,False
CVE-2025-0101,2025-04-17,Mastodon,1,1,2025-04-17,True,False,0.0004,original,6.5,NETWORK,True,False,2025,0,v2025.03.14,False,False,False
CVE-2025-39527,2025-04-17,Mastodon,1,1,2025-04-17,True,False,0.00038,enriched,8.8,NETWORK,True,False,2025,0,v2025.03.14,False,False,False
CVE-2014-2120,2025-04-17,HackerNews,4,1,2025-04-28,False,True,0.76815,original,6.1,NETWORK,True,False,2014,11,v2025.03.14,False,False,False
CVE-2025-39586,2025-04-17,Mastodon,1,1,2025-04-17,True,False,0.00028,enriched,8.5,NETWORK,True,False,2025,0,v2025.03.14,False,False,False
CVE-2023-34039,2025-04-17,HackerNews,4,1,2025-04-28,False,True,0.93246,original,9.8,NETWORK,True,False,2023,11,v2025.03.14,False,False,False
CVE-2020-3259,2025-04-17,HackerNews,4,1,2025-04-28,False,True,0.50556,original,7.5,NETWORK,True,False,2020,11,v2025.03.14,False,False,False
CVE-2024-21410,2025-04-17,HackerNews,4,1,2025-04-28,False,True,0.01258,original,9.8,NETWORK,True,False,2024,11,v2025.03.14,False,False,False
CVE-2023-20109,2025-04-17,HackerNews,4,1,2025-04-28,False,True,0.00755,original,6.6,NETWORK,True,False,2023,11,v2025.03.14,False,False,False
CVE-2025-32647,2025-04-17,Mastodon,1,1,2025-04-17,True,False,0.00038,enriched,8.8,NETWORK,True,False,2025,0,v2025.03.14,False,False,False
CVE-2025-32652,2025-04-17,Mastodon,1,1,2025-04-17,True,False,0.00042,enriched,9.9,NETWORK,True,False,2025,0,v2025.03.14,False,False,False
CVE-2024-57699,2025-04-17,Reddit,1,1,2025-04-17,False,True,0.00029,original,7.5,NETWORK,True,False,2024,0,v2025.03.14,False,False,False
CVE-2025-39550,2025-04-17,Mastodon,1,1,2025-04-17,True,False,0.00038,enriched,9.8,NETWORK,True,False,2025,0,v2025.03.14,False,False,False
CVE-2025-39471,2025-04-18,Mastodon,1,1,2025-04-18,True,False,0.00028,original,9.3,NETWORK,True,False,2025,0,v2025.03.14,False,False,False
CVE-2017-11882,2025-04-18,BleepingComputer,2,1,2025-04-18,False,True,0.94384,original,7.8,LOCAL,True,False,2017,0,v2025.03.14,False,False,False
CVE-2021-40449,2025-04-18,BleepingComputer,2,1,2025-04-18,False,True,0.8233,original,7.8,LOCAL,False,False,2021,0,v2025.03.14,False,False,False
CVE-2021-47671,2025-04-18,Reddit,1,1,2025-04-18,True,False,0.00012,original,3.3,LOCAL,True,False,2021,0,v2025.03.14,False,False,False
CVE-2025-20178,2025-04-18,BleepingComputer,2,1,2025-04-18,False,True,9e-05,original,6.0,LOCAL,False,False,2025,0,v2025.03.14,False,False,False
CVE-2024-44541,2025-04-18,ExploitDB,2,1,2025-04-18,True,False,0.12859,original,9.8,NETWORK,True,False,2024,0,v2025.03.14,False,False,False
CVE-2025-3520,2025-04-18,Mastodon,1,1,2025-04-18,True,False,0.00261,original,8.1,NETWORK,True,False,2025,0,v2025.03.14,False,False,False
CVE-2025-29662,2025-04-18,Mastodon,1,1,2025-04-18,True,False,0.00023,original,9.8,NETWORK,True,False,2025,0,v2025.03.14,False,False,False
CVE-2024-12483,2025-04-18,ExploitDB,2,1,2025-04-18,True,False,0.00027,original,3.7,NETWORK,True,True,2024,0,v2025.03.14,False,False,False
CVE-2024-11728,2025-04-18,ExploitDB,2,1,2025-04-18,True,False,0.77815,original,7.5,NETWORK,False,False,2024,0,v2025.03.14,False,False,False
CVE-2025-3785,2025-04-18,Mastodon,1,1,2025-04-18,True,False,0.00052,original,8.8,NETWORK,True,True,2025,0,v2025.03.14,False,False,False
CVE-2025-39535,2025-04-18,Reddit,1,1,2025-04-18,True,False,0.00051,original,7.2,NETWORK,True,False,2025,0,v2025.03.14,False,False,False
CVE-2025-42599,2025-04-18,Mastodon,19,3,2025-05-01,True,False,0.00275,original,9.8,NETWORK,True,False,2025,13,v2025.03.14,False,False,False
CVE-2025-39470,2025-04-18,Mastodon,1,1,2025-04-18,True,False,0.00043,original,8.1,NETWORK,True,False,2025,0,v2025.03.14,False,False,False
CVE-2022-42889,2025-04-18,ExploitDB,2,1,2025-04-18,True,False,0.94115,original,9.8,NETWORK,False,False,2022,0,v2025.03.14,False,False,False
CVE-2025-1863,2025-04-18,Mastodon,1,1,2025-04-18,True,False,0.0005,original,9.8,NETWORK,True,False,2025,0,v2025.03.14,False,False,False
CVE-2021-25094,2025-04-18,ExploitDB,2,1,2025-04-18,True,False,0.8815,original,8.1,NETWORK,False,False,2021,0,v2025.03.14,False,False,False
CVE-2025-32953,2025-04-18,Mastodon,1,1,2025-04-18,True,False,0.00052,enriched,8.7,NETWORK,True,True,2025,0,v2025.03.14,False,False,False
CVE-2025-28101,2025-04-18,Reddit,1,1,2025-04-18,True,False,0.00046,original,6.5,NETWORK,True,False,2025,0,v2025.03.14,False,False,False
CVE-2025-3786,2025-04-18,Mastodon,2,2,2025-04-19,True,False,0.00046,original,8.8,NETWORK,True,False,2025,1,v2025.03.14,False,False,False
CVE-2025-39464,2025-04-19,Reddit,1,1,2025-04-19,True,False,0.00032,original,7.1,NETWORK,True,False,2025,0,v2025.03.14,False,False,False
CVE-2025-3820,2025-04-19,Mastodon,1,1,2025-04-19,True,False,0.00046,enriched,8.8,NETWORK,True,False,2025,0,v2025.03.14,False,False,False
CVE-2024-13059,2025-04-19,Reddit,2,1,2025-04-20,False,True,0.00524,original,7.2,NETWORK,True,True,2024,1,v2025.03.14,False,False,False
CVE-2025-1093,2025-04-19,Mastodon,1,1,2025-04-19,True,False,0.00147,original,9.8,NETWORK,True,False,2025,0,v2025.03.14,False,False,False
CVE-2025-3278,2025-04-19,Mastodon,1,1,2025-04-19,True,False,0.00057,original,9.8,NETWORK,True,False,2025,0,v2025.03.14,False,False,False
CVE-2024-45440,2025-04-19,ExploitDB,2,1,2025-04-19,True,False,0.67239,original,5.3,NETWORK,False,False,2024,0,v2025.03.14,False,False,False
CVE-2025-3802,2025-04-19,Mastodon,1,1,2025-04-19,True,False,0.00046,enriched,8.8,NETWORK,True,False,2025,0,v2025.03.14,False,False,False
CVE-2025-3404,2025-04-19,Mastodon,1,1,2025-04-19,True,False,0.00224,original,8.8,NETWORK,True,False,2025,0,v2025.03.14,False,False,False
CVE-2024-53141,2025-04-19,Reddit,12,1,2025-05-24,False,True,0.00038,original,7.8,LOCAL,True,False,2024,35,v2025.03.14,False,False,False
CVE-2021-30858,2025-04-19,Reddit,1,1,2025-04-19,True,False,0.01171,original,8.8,NETWORK,True,False,2021,0,v2025.03.14,False,False,False
CVE-2025-24914,2025-04-19,Reddit,1,1,2025-04-19,True,False,0.00011,original,7.8,LOCAL,True,False,2025,0,v2025.03.14,False,False,False
CVE-2025-30158,2025-04-19,Reddit,1,1,2025-04-19,True,False,0.00037,original,7.1,NETWORK,True,True,2025,0,v2025.03.14,False,False,False
CVE-2025-43917,2025-04-19,Mastodon,1,1,2025-04-19,True,False,0.00012,enriched,8.2,LOCAL,True,False,2025,0,v2025.03.14,False,False,False
CVE-2025-3803,2025-04-19,Mastodon,1,1,2025-04-19,True,False,0.00046,enriched,8.8,NETWORK,True,False,2025,0,v2025.03.14,False,False,False
CVE-2025-2950,2025-04-19,Reddit,1,1,2025-04-19,True,False,0.00024,original,5.4,NETWORK,True,False,2025,0,v2025.03.14,False,False,False
CVE-2021-4455,2025-04-19,Mastodon,1,1,2025-04-19,True,False,0.00147,original,9.8,NETWORK,True,False,2021,0,v2025.03.14,False,False,False
CVE-2025-43928,2025-04-19,HackerNews,4,3,2025-05-08,True,False,0.00023,enriched,5.8,NETWORK,True,False,2025,19,v2025.03.14,False,False,False
CVE-2025-3799,2025-04-20,Reddit,1,1,2025-04-20,True,False,0.00028,original,7.3,NETWORK,True,False,2025,0,v2025.03.14,False,False,False
CVE-2025-43929,2025-04-20,HackerNews,1,1,2025-04-20,True,False,0.00011,original,4.1,LOCAL,True,True,2025,0,v2025.03.14,False,False,False
CVE-2025-3284,2025-04-20,Reddit,1,1,2025-04-20,True,False,0.00013,original,4.3,NETWORK,True,False,2025,0,v2025.03.14,False,False,False
CVE-2025-2111,2025-04-20,Reddit,1,1,2025-04-20,True,False,0.00017,original,7.5,NETWORK,True,False,2025,0,v2025.03.14,False,False,False
CVE-2023-45853,2025-04-21,HackerNews,1,1,2025-04-21,True,False,0.00382,original,9.8,NETWORK,True,True,2023,0,v2025.03.14,False,False,False
CVE-2025-32958,2025-04-21,Mastodon,1,1,2025-04-21,True,False,0.00043,enriched,9.8,NETWORK,True,True,2025,0,v2025.03.14,False,False,False
CVE-2025-43922,2025-04-21,Mastodon,1,1,2025-04-21,True,False,0.00013,enriched,8.1,LOCAL,True,False,2025,0,v2025.03.14,False,False,False
CVE-2024-10914,2025-04-21,Reddit,1,1,2025-04-21,False,True,0.93937,original,8.1,NETWORK,True,False,2024,0,v2025.03.14,False,False,False
CVE-2024-23108,2025-04-21,HackerNews,1,1,2025-04-21,False,True,0.89786,original,10.0,NETWORK,True,False,2024,0,v2025.03.14,False,False,False
CVE-2024-53591,2025-04-21,Mastodon,1,1,2025-04-21,True,False,0.00055,original,9.8,NETWORK,True,False,2024,0,v2025.03.14,False,False,False
CVE-2025-3827,2025-04-21,Reddit,1,1,2025-04-21,True,False,0.00028,original,7.3,NETWORK,True,False,2025,0,v2025.03.14,False,False,False
CVE-2025-0467,2025-04-21,Mastodon,1,1,2025-04-21,True,False,0.00018,original,8.2,LOCAL,True,False,2025,0,v2025.03.14,False,False,False
CVE-2025-43971,2025-04-21,Mastodon,1,1,2025-04-21,True,False,0.0004,original,8.6,NETWORK,True,True,2025,0,v2025.03.14,False,False,False
CVE-2025-32956,2025-04-21,Mastodon,1,1,2025-04-21,True,False,0.00029,enriched,8.0,NETWORK,True,True,2025,0,v2025.03.14,False,False,False
CVE-2024-23109,2025-04-21,HackerNews,1,1,2025-04-21,False,True,0.05013,original,10.0,NETWORK,True,False,2024,0,v2025.03.14,False,False,False
CVE-2025-29659,2025-04-21,Mastodon,1,1,2025-04-21,True,False,0.00214,enriched,9.8,NETWORK,True,False,2025,0,v2025.03.14,False,False,False
CVE-2025-29660,2025-04-21,Mastodon,1,1,2025-04-21,True,False,0.00052,enriched,9.8,NETWORK,True,False,2025,0,v2025.03.14,False,False,False
CVE-2025-29287,2025-04-21,Mastodon,2,2,2025-04-22,True,False,0.00061,enriched,9.8,NETWORK,True,False,2025,1,v2025.03.14,False,False,False
CVE-2025-29058,2025-04-21,Mastodon,1,1,2025-04-21,True,False,0.00226,original,9.8,NETWORK,True,False,2025,0,v2025.03.14,False,False,False
CVE-2025-32408,2025-04-21,Mastodon,1,1,2025-04-21,True,False,0.00012,enriched,2.5,LOCAL,True,False,2025,0,v2025.03.14,False,False,False
CVE-2024-9142,2025-04-21,Reddit,1,1,2025-04-21,True,False,0.00109,original,9.8,NETWORK,True,False,2024,0,v2025.03.14,False,False,False
CVE-2025-3854,2025-04-22,Mastodon,1,1,2025-04-22,True,False,0.00058,original,8.0,ADJACENT_NETWORK,True,True,2025,0,v2025.03.14,False,False,False
CVE-2025-1950,2025-04-22,Mastodon,1,1,2025-04-22,True,False,7e-05,enriched,9.3,LOCAL,True,False,2025,0,v2025.03.14,False,False,False
CVE-2025-33028,2025-04-22,Reddit,2,1,2025-04-23,True,False,0.00037,original,6.1,NETWORK,True,True,2025,1,v2025.03.14,False,False,False
CVE-2025-28197,2025-04-22,Mastodon,1,1,2025-04-22,True,False,0.00018,original,9.1,NETWORK,True,False,2025,0,v2025.03.14,False,False,False
CVE-2023-2745,2025-04-22,ExploitDB,2,1,2025-04-22,True,False,0.83921,original,5.4,NETWORK,False,False,2023,0,v2025.03.14,False,False,False
CVE-2025-28039,2025-04-22,Mastodon,1,1,2025-04-22,True,False,0.00188,enriched,9.8,NETWORK,True,False,2025,0,v2025.03.14,False,False,False
CVE-2025-28038,2025-04-22,Mastodon,1,1,2025-04-22,True,False,0.00166,enriched,9.8,NETWORK,True,False,2025,0,v2025.03.14,False,False,False
CVE-2022-4046,2025-04-22,Reddit,1,1,2025-04-22,True,False,0.00963,original,8.8,NETWORK,True,False,2022,0,v2025.03.14,False,False,False
CVE-2024-49138,2025-04-22,ExploitDB,2,1,2025-04-22,True,False,0.86303,original,7.8,LOCAL,False,False,2024,0,v2025.03.14,False,False,False
CVE-2025-28121,2025-04-22,ExploitDB,2,1,2025-04-22,True,False,0.00052,original,6.1,NETWORK,True,False,2025,0,v2025.03.14,False,False,False
CVE-2025-23176,2025-04-22,Mastodon,1,1,2025-04-22,True,False,0.00029,enriched,8.8,NETWORK,True,False,2025,0,v2025.03.14,False,False,False
CVE-2024-6407,2025-04-22,Reddit,2,2,2025-04-24,True,False,0.00144,original,9.8,NETWORK,True,False,2024,2,v2025.03.14,False,False,False
CVE-2025-28242,2025-04-22,Mastodon,1,1,2025-04-22,True,False,0.00018,original,9.8,NETWORK,True,False,2025,0,v2025.03.14,False,False,False
CVE-2025-1951,2025-04-22,Mastodon,1,1,2025-04-22,True,False,8e-05,enriched,8.4,LOCAL,True,False,2025,0,v2025.03.14,False,False,False
CVE-2025-0840,2025-04-22,Reddit,1,1,2025-04-22,True,False,0.00093,original,5.0,NETWORK,True,False,2025,0,v2025.03.14,False,False,False
CVE-2024-58250,2025-04-22,Mastodon,1,1,2025-04-22,True,False,0.00014,original,9.3,LOCAL,True,True,2024,0,v2025.03.14,False,False,False
CVE-2019-16168,2025-04-22,Reddit,1,1,2025-04-22,True,False,0.00944,original,6.5,NETWORK,True,False,2019,0,v2025.03.14,False,False,False
CVE-2025-46241,2025-04-22,Mastodon,1,1,2025-04-22,True,False,0.00028,original,8.2,NETWORK,True,False,2025,0,v2025.03.14,False,False,False
CVE-2025-24364,2025-04-22,Mastodon,1,1,2025-04-22,False,True,0.00105,original,7.2,NETWORK,True,False,2025,0,v2025.03.14,False,False,False
CVE-2023-41425,2025-04-22,ExploitDB,2,1,2025-04-22,True,False,0.60716,original,6.1,NETWORK,True,False,2023,0,v2025.03.14,False,False,False
CVE-2018-1285,2025-04-22,Mastodon,1,1,2025-04-22,True,False,0.49024,original,9.8,NETWORK,True,False,2018,0,v2025.03.14,False,False,False
CVE-2025-34028,2025-04-22,Mastodon,14,3,2025-05-08,True,False,0.00202,enriched,10.0,NETWORK,True,False,2025,16,v2025.03.14,False,False,False
CVE-2025-3616,2025-04-22,Mastodon,1,1,2025-04-22,True,False,0.00216,original,8.8,NETWORK,True,False,2025,0,v2025.03.14,False,False,False
CVE-2023-40547,2025-04-22,Reddit,2,2,2025-04-22,True,False,0.03357,original,8.3,ADJACENT_NETWORK,True,False,2023,0,v2025.03.14,False,False,False
CVE-2025-27086,2025-04-22,Mastodon,1,1,2025-04-22,True,False,0.00024,original,8.1,NETWORK,True,False,2025,0,v2025.03.14,False,False,False
CVE-2025-3841,2025-04-22,Reddit,1,1,2025-04-22,True,False,0.00012,original,3.3,LOCAL,True,False,2025,0,v2025.03.14,False,False,False
CVE-2024-4367,2025-04-22,ExploitDB,2,1,2025-04-22,True,False,0.31904,original,8.8,NETWORK,True,False,2024,0,v2025.03.14,False,False,False
CVE-2024-12905,2025-04-22,ExploitDB,2,1,2025-04-22,True,False,0.00063,original,7.5,NETWORK,True,True,2024,0,v2025.03.14,False,False,False
CVE-2025-43963,2025-04-22,Reddit,1,1,2025-04-22,True,False,0.00012,original,2.9,LOCAL,True,True,2025,0,v2025.03.14,False,False,False
CVE-2015-8370,2025-04-22,HackerNews,1,1,2025-04-22,False,True,0.02919,original,7.4,LOCAL,True,False,2015,0,v2025.03.14,False,False,False
CVE-2025-43967,2025-04-22,Reddit,1,1,2025-04-22,True,False,0.00012,original,2.9,LOCAL,True,True,2025,0,v2025.03.14,False,False,False
CVE-2025-2594,2025-04-22,Mastodon,2,2,2025-05-25,True,False,0.00018,original,8.1,NETWORK,True,False,2025,33,v2025.03.14,False,False,False
CVE-2025-28030,2025-04-23,Mastodon,1,1,2025-04-23,True,False,0.00018,original,8.8,NETWORK,True,False,2025,0,v2025.03.14,False,False,False
CVE-2025-28024,2025-04-23,Mastodon,1,1,2025-04-23,True,False,0.00018,original,9.8,NETWORK,True,False,2025,0,v2025.03.14,False,False,False
CVE-2024-40446,2025-04-23,Mastodon,1,1,2025-04-23,True,False,0.00019,original,9.8,NETWORK,True,False,2024,0,v2025.03.14,False,False,False
CVE-2023-43958,2025-04-23,Mastodon,1,1,2025-04-23,True,False,0.00025,original,9.8,NETWORK,True,False,2023,0,v2025.03.14,False,False,False
CVE-2025-28036,2025-04-23,Mastodon,1,1,2025-04-23,True,False,0.00041,original,9.8,NETWORK,True,False,2025,0,v2025.03.14,False,False,False
CVE-2025-28037,2025-04-23,Mastodon,1,1,2025-04-23,True,False,0.00041,original,9.8,NETWORK,True,False,2025,0,v2025.03.14,False,False,False
CVE-2025-37087,2025-04-23,Mastodon,1,1,2025-04-23,True,False,0.00018,original,9.8,NETWORK,True,False,2025,0,v2025.03.14,False,False,False
CVE-2023-44752,2025-04-23,Mastodon,1,1,2025-04-23,True,False,0.0003,original,9.8,NETWORK,True,False,2023,0,v2025.03.14,False,False,False
CVE-2023-44755,2025-04-23,Mastodon,1,1,2025-04-23,True,False,0.00014,original,9.8,NETWORK,True,False,2023,0,v2025.03.14,False,False,False
CVE-2025-28034,2025-04-23,Mastodon,1,1,2025-04-23,True,False,0.00041,original,9.8,NETWORK,True,False,2025,0,v2025.03.14,False,False,False
CVE-2024-52877,2025-04-23,Reddit,2,1,2025-05-07,False,True,0.00018,enriched,7.5,NETWORK,True,False,2024,14,v2025.03.14,False,False,False
CVE-2025-43949,2025-04-23,Mastodon,1,1,2025-04-23,True,False,0.00014,original,9.8,NETWORK,True,False,2025,0,v2025.03.14,False,False,False
CVE-2024-52878,2025-04-23,Reddit,2,1,2025-05-07,False,True,0.00018,enriched,7.5,NETWORK,True,False,2024,14,v2025.03.14,False,False,False
CVE-2024-52879,2025-04-23,Reddit,2,1,2025-05-07,False,True,0.00018,enriched,7.5,NETWORK,True,False,2024,14,v2025.03.14,False,False,False
CVE-2024-52880,2025-04-23,Reddit,2,1,2025-05-07,False,True,0.00018,enriched,7.9,LOCAL,True,False,2024,14,v2025.03.14,False,False,False
CVE-2024-11299,2025-04-23,Reddit,1,1,2025-04-23,True,False,0.00038,original,5.3,NETWORK,True,False,2024,0,v2025.03.14,False,False,False
CVE-2024-54147,2025-04-23,HackerNews,1,1,2025-04-23,True,False,0.00032,original,6.8,NETWORK,True,True,2024,0,v2025.03.14,False,False,False
CVE-2024-24582,2025-04-23,Reddit,2,1,2025-05-07,False,True,0.00028,original,7.5,LOCAL,True,False,2024,14,v2025.03.14,False,False,False
CVE-2025-43951,2025-04-23,Mastodon,1,1,2025-04-23,True,False,0.00018,original,9.8,NETWORK,True,False,2025,0,v2025.03.14,False,False,False
CVE-2020-9922,2025-04-23,HackerNews,1,1,2025-04-23,True,False,0.00724,original,6.5,NETWORK,True,False,2020,0,v2025.03.14,False,False,False
CVE-2025-45429,2025-04-23,Mastodon,1,1,2025-04-23,True,False,0.00162,enriched,9.8,NETWORK,True,True,2025,0,v2025.03.14,False,False,False
CVE-2025-45428,2025-04-23,Mastodon,1,1,2025-04-23,True,False,0.00162,enriched,9.8,NETWORK,True,True,2025,0,v2025.03.14,False,False,False
CVE-2025-45427,2025-04-23,Mastodon,1,1,2025-04-23,True,False,0.00162,enriched,9.8,NETWORK,True,True,2025,0,v2025.03.14,False,False,False
CVE-2016-0777,2025-04-23,HackerNews,1,1,2025-04-23,True,False,0.67203,original,6.5,NETWORK,True,False,2016,0,v2025.03.14,False,False,False
CVE-2025-43946,2025-04-23,Mastodon,1,1,2025-04-23,True,False,0.00058,original,9.8,NETWORK,True,False,2025,0,v2025.03.14,False,False,False
CVE-2025-1048,2025-04-23,Mastodon,2,2,2025-04-24,True,False,0.00055,enriched,8.8,ADJACENT_NETWORK,True,False,2025,1,v2025.03.14,False,False,False
CVE-2025-28035,2025-04-23,Mastodon,1,1,2025-04-23,True,False,0.00041,original,9.8,NETWORK,True,False,2025,0,v2025.03.14,False,False,False
CVE-2025-32950,2025-04-23,Reddit,1,1,2025-04-23,True,False,0.00024,original,6.5,NETWORK,True,True,2025,0,v2025.03.14,False,False,False
CVE-2024-43420,2025-04-23,Reddit,2,1,2025-05-07,False,True,0.00012,enriched,5.6,LOCAL,True,False,2024,14,v2025.03.14,False,False,False
CVE-2024-45332,2025-04-23,Reddit,8,3,2025-05-21,True,True,0.00012,enriched,5.6,LOCAL,True,False,2024,28,v2025.03.14,False,False,False
CVE-2024-38796,2025-04-23,Reddit,2,1,2025-05-07,False,True,0.00043,original,5.9,ADJACENT_NETWORK,True,False,2024,14,v2025.03.14,False,False,False
CVE-2017-0144,2025-04-23,Reddit,2,2,2025-05-14,True,False,0.94412,original,8.8,NETWORK,True,False,2017,21,v2025.03.14,False,False,False
CVE-2025-3529,2025-04-23,Mastodon,1,1,2025-04-23,True,False,0.00039,original,8.2,NETWORK,True,False,2025,0,v2025.03.14,False,False,False
CVE-2025-1731,2025-04-23,Reddit,3,2,2025-05-18,True,False,0.00013,original,7.8,LOCAL,True,False,2025,25,v2025.03.14,False,False,False
CVE-2025-2767,2025-04-23,Mastodon,1,1,2025-04-23,True,False,0.00207,enriched,8.8,NETWORK,True,False,2025,0,v2025.03.14,False,False,False
CVE-2025-2764,2025-04-23,Mastodon,1,1,2025-04-23,True,False,0.00031,enriched,8.0,ADJACENT_NETWORK,True,False,2025,0,v2025.03.14,False,False,False
CVE-2025-20047,2025-04-23,Reddit,1,1,2025-04-23,False,True,0.00017,enriched,5.7,PHYSICAL,True,False,2025,0,v2025.03.14,False,False,False
CVE-2024-45310,2025-04-23,HackerNews,1,1,2025-04-23,True,False,6e-05,original,3.6,LOCAL,True,True,2024,0,v2025.03.14,False,False,False
CVE-2024-8811,2025-04-23,Reddit,1,1,2025-04-23,False,True,0.0005,original,7.8,LOCAL,True,False,2024,0,v2025.03.14,False,False,False
CVE-2025-1049,2025-04-23,Mastodon,1,1,2025-04-23,True,False,0.0005,enriched,8.8,ADJACENT_NETWORK,True,False,2025,0,v2025.03.14,False,False,False
CVE-2025-1050,2025-04-23,Mastodon,1,1,2025-04-23,True,False,0.00055,enriched,8.8,ADJACENT_NETWORK,True,False,2025,0,v2025.03.14,False,False,False
CVE-2025-27539,2025-04-24,HackerNews,1,1,2025-04-24,False,True,0.00133,original,9.8,NETWORK,True,False,2025,0,v2025.03.14,False,False,False
CVE-2025-22228,2025-04-24,Reddit,1,1,2025-04-24,True,False,0.00048,original,7.4,NETWORK,True,False,2025,0,v2025.03.14,False,False,False
CVE-2025-27495,2025-04-24,HackerNews,1,1,2025-04-24,False,True,0.00133,original,9.8,NETWORK,True,False,2025,0,v2025.03.14,False,False,False
CVE-2021-25646,2025-04-24,Reddit,1,1,2025-04-24,True,False,0.94334,original,8.8,NETWORK,True,False,2021,0,v2025.03.14,False,False,False
CVE-2025-27540,2025-04-24,HackerNews,1,1,2025-04-24,False,True,0.00133,original,9.8,NETWORK,True,False,2025,0,v2025.03.14,False,False,False
CVE-2025-2761,2025-04-24,Reddit,3,1,2025-05-30,True,False,0.00032,original,7.8,LOCAL,True,False,2025,36,v2025.03.14,False,False,False
CVE-2025-3607,2025-04-24,Mastodon,1,1,2025-04-24,True,False,0.00039,original,8.8,NETWORK,True,False,2025,0,v2025.03.14,False,False,False
CVE-2019-5736,2025-04-24,HackerNews,3,1,2025-05-16,False,True,0.55518,original,8.6,LOCAL,True,True,2019,22,v2025.03.14,False,False,False
CVE-2025-3101,2025-04-24,Mastodon,1,1,2025-04-24,True,False,0.00039,original,8.8,NETWORK,True,False,2025,0,v2025.03.14,False,False,False
CVE-2024-27876,2025-04-24,Reddit,10,1,2025-05-02,True,True,0.00055,original,5.5,LOCAL,True,False,2024,8,v2025.03.14,False,False,False
CVE-2025-3603,2025-04-24,Mastodon,1,1,2025-04-24,True,False,0.00055,original,9.8,NETWORK,True,False,2025,0,v2025.03.14,False,False,False
CVE-2025-3604,2025-04-24,Mastodon,1,1,2025-04-24,True,False,0.00055,original,9.8,NETWORK,True,False,2025,0,v2025.03.14,False,False,False
CVE-2020-35489,2025-04-24,HackerNews,1,1,2025-04-24,False,True,0.9037,original,10.0,NETWORK,True,False,2020,0,v2025.03.14,False,False,False
CVE-2020-25860,2025-04-24,HackerNews,1,1,2025-04-24,True,False,0.00493,original,6.6,NETWORK,True,False,2020,0,v2025.03.14,False,False,False
CVE-2020-25223,2025-04-24,HackerNews,1,1,2025-04-24,False,True,0.94415,original,9.8,NETWORK,True,False,2020,0,v2025.03.14,False,False,False
CVE-2020-1938,2025-04-24,HackerNews,1,1,2025-04-24,False,True,0.94469,original,9.8,NETWORK,True,False,2020,0,v2025.03.14,False,False,False
CVE-2025-1732,2025-04-24,Reddit,1,1,2025-04-24,False,True,0.00011,original,6.7,LOCAL,True,False,2025,0,v2025.03.14,False,False,False
CVE-2025-32818,2025-04-24,Reddit,1,1,2025-04-24,True,False,0.00038,original,7.5,NETWORK,True,False,2025,0,v2025.03.14,False,False,False
CVE-2025-46252,2025-04-24,Reddit,1,1,2025-04-24,True,False,0.00027,original,7.6,NETWORK,True,False,2025,0,v2025.03.14,False,False,False
CVE-2025-46248,2025-04-24,Mastodon,1,1,2025-04-24,True,False,0.0003,enriched,9.3,NETWORK,True,False,2025,0,v2025.03.14,False,False,False
CVE-2025-46264,2025-04-24,Mastodon,1,1,2025-04-24,True,False,0.00042,enriched,9.9,NETWORK,True,False,2025,0,v2025.03.14,False,False,False
CVE-2025-3058,2025-04-24,Mastodon,1,1,2025-04-24,True,False,0.00039,original,8.8,NETWORK,True,False,2025,0,v2025.03.14,False,False,False
CVE-2025-43858,2025-04-24,Mastodon,1,1,2025-04-24,True,False,0.00019,enriched,9.2,LOCAL,True,True,2025,0,v2025.03.14,False,False,False
CVE-2021-47663,2025-04-24,Mastodon,1,1,2025-04-24,True,False,0.00084,original,8.1,NETWORK,True,False,2021,0,v2025.03.14,False,False,False
CVE-2025-39377,2025-04-24,Mastodon,1,1,2025-04-24,True,False,0.0003,enriched,8.5,NETWORK,True,False,2025,0,v2025.03.14,False,False,False
CVE-2025-3065,2025-04-24,Mastodon,1,1,2025-04-24,True,False,0.00829,original,9.1,NETWORK,True,False,2025,0,v2025.03.14,False,False,False
CVE-2025-2558,2025-04-24,Mastodon,1,1,2025-04-24,True,False,0.00023,original,8.6,NETWORK,True,False,2025,0,v2025.03.14,False,False,False
CVE-2025-3761,2025-04-24,Mastodon,1,1,2025-04-24,True,False,0.00039,original,8.8,NETWORK,True,False,2025,0,v2025.03.14,False,False,False
CVE-2025-27158,2025-04-24,Reddit,2,1,2025-04-25,False,True,0.0003,original,7.8,LOCAL,True,False,2025,1,v2025.03.14,False,False,False
CVE-2025-43859,2025-04-24,Mastodon,4,3,2025-05-17,True,False,0.00031,enriched,9.1,NETWORK,True,True,2025,23,v2025.03.14,False,False,False
CVE-2025-28169,2025-04-24,Mastodon,1,1,2025-04-24,True,False,0.00018,original,8.1,NETWORK,True,False,2025,0,v2025.03.14,False,False,False
CVE-2025-3776,2025-04-24,Mastodon,4,2,2025-05-06,True,False,0.00127,original,8.3,NETWORK,True,False,2025,12,v2025.03.14,False,False,False
CVE-2025-2476,2025-04-25,Reddit,1,1,2025-04-25,False,True,0.02587,original,8.8,NETWORK,True,False,2025,0,v2025.03.14,False,False,False
CVE-2025-46274,2025-04-25,Mastodon,1,1,2025-04-25,True,False,0.00074,original,9.8,NETWORK,True,False,2025,0,v2025.03.14,False,False,False
CVE-2025-46273,2025-04-25,Mastodon,1,1,2025-04-25,True,False,0.00055,original,9.8,NETWORK,True,False,2025,0,v2025.03.14,False,False,False
CVE-2025-46271,2025-04-25,Mastodon,1,1,2025-04-25,True,False,0.02692,original,9.1,NETWORK,True,False,2025,0,v2025.03.14,False,False,False
CVE-2024-38475,2025-04-25,HackerNews,17,3,2025-05-09,True,True,0.6298,original,9.1,NETWORK,True,True,2024,14,v2025.03.14,False,False,False
CVE-2025-46272,2025-04-25,Mastodon,1,1,2025-04-25,True,False,0.02692,original,9.1,NETWORK,True,False,2025,0,v2025.03.14,False,False,False
CVE-2023-44221,2025-04-25,HackerNews,14,3,2025-05-08,False,True,0.0079,original,7.2,NETWORK,True,False,2023,13,v2025.03.14,False,False,False
CVE-2025-1054,2025-04-25,Reddit,1,1,2025-04-25,True,False,0.00029,original,6.4,NETWORK,True,False,2025,0,v2025.03.14,False,False,False
CVE-2025-46616,2025-04-25,Mastodon,1,1,2025-04-25,True,False,0.00184,original,9.9,NETWORK,True,False,2025,0,v2025.03.14,False,False,False
CVE-2025-46275,2025-04-25,Mastodon,1,1,2025-04-25,True,False,0.0005,original,9.8,NETWORK,True,False,2025,0,v2025.03.14,False,False,False
CVE-2025-2185,2025-04-25,Mastodon,1,1,2025-04-25,True,False,0.00036,original,8.0,NETWORK,True,False,2025,0,v2025.03.14,False,False,False
CVE-2025-25777,2025-04-25,Mastodon,1,1,2025-04-25,True,False,0.00027,original,8.0,LOCAL,True,False,2025,0,v2025.03.14,False,False,False
CVE-2025-3641,2025-04-25,Mastodon,1,1,2025-04-25,True,False,0.00154,enriched,8.8,NETWORK,True,False,2025,0,v2025.03.14,False,False,False
CVE-2024-11917,2025-04-25,Mastodon,1,1,2025-04-25,True,False,0.00082,original,8.1,NETWORK,True,False,2024,0,v2025.03.14,False,False,False
CVE-2025-2238,2025-04-25,Mastodon,1,1,2025-04-25,True,False,0.00039,original,8.8,NETWORK,True,False,2025,0,v2025.03.14,False,False,False
CVE-2025-3634,2025-04-25,Mastodon,1,1,2025-04-25,True,False,0.00026,enriched,4.3,NETWORK,False,False,2025,0,v2025.03.14,False,False,False
CVE-2025-3638,2025-04-25,Mastodon,1,1,2025-04-25,True,False,0.00017,enriched,8.8,NETWORK,True,False,2025,0,v2025.03.14,False,False,False
CVE-2015-2291,2025-04-25,HackerNews,2,1,2025-05-13,True,False,0.00878,original,7.8,LOCAL,True,False,2015,18,v2025.03.14,False,False,False
CVE-2025-3642,2025-04-25,Mastodon,1,1,2025-04-25,True,False,0.00154,enriched,8.8,NETWORK,True,False,2025,0,v2025.03.14,False,False,False
CVE-2025-2470,2025-04-25,Mastodon,2,2,2025-04-26,True,False,0.00057,original,9.8,NETWORK,True,False,2025,1,v2025.03.14,False,False,False
CVE-2025-1279,2025-04-25,Mastodon,1,1,2025-04-25,True,False,0.00039,original,8.8,NETWORK,True,False,2025,0,v2025.03.14,False,False,False
CVE-2025-25775,2025-04-25,Mastodon,1,1,2025-04-25,True,False,0.00031,enriched,9.8,NETWORK,True,False,2025,0,v2025.03.14,False,False,False
CVE-2025-31137,2025-04-25,Reddit,1,1,2025-04-25,True,False,0.00057,original,7.5,NETWORK,True,False,2025,0,v2025.03.14,False,False,False
CVE-2025-32432,2025-04-25,Mastodon,10,3,2025-05-28,True,False,0.00088,enriched,10.0,NETWORK,True,True,2025,33,v2025.03.14,False,False,False
CVE-2024-4671,2025-04-25,Reddit,1,1,2025-04-25,False,True,0.0011,original,9.6,NETWORK,True,False,2024,0,v2025.03.14,False,False,False
CVE-2025-32817,2025-04-25,Reddit,1,1,2025-04-25,True,False,0.0001,original,6.1,LOCAL,True,False,2025,0,v2025.03.14,False,False,False
CVE-2025-3928,2025-04-25,Mastodon,13,3,2025-05-04,True,False,0.00103,enriched,8.8,NETWORK,True,False,2025,9,v2025.03.14,False,False,False
CVE-2023-37534,2025-04-25,Reddit,1,1,2025-04-25,True,False,0.00029,original,7.1,NETWORK,True,False,2023,0,v2025.03.14,False,False,False
CVE-2025-46520,2025-04-25,Reddit,1,1,2025-04-25,True,False,0.00014,original,7.1,NETWORK,True,False,2025,0,v2025.03.14,False,False,False
CVE-2025-43865,2025-04-25,Mastodon,16,2,2025-05-24,True,False,0.00017,original,8.2,NETWORK,True,True,2025,29,v2025.03.14,False,False,False
CVE-2025-3935,2025-04-25,Mastodon,2,2,2025-05-29,True,False,0.00195,enriched,8.1,NETWORK,True,False,2025,34,v2025.03.14,False,False,False
CVE-2025-2105,2025-04-26,Mastodon,1,1,2025-04-26,True,False,0.00073,original,8.1,NETWORK,True,False,2025,0,v2025.03.14,False,False,False
CVE-2025-2101,2025-04-26,Mastodon,1,1,2025-04-26,True,False,0.00108,original,8.1,NETWORK,True,False,2025,0,v2025.03.14,False,False,False
CVE-2025-43864,2025-04-26,Reddit,5,1,2025-04-29,False,True,0.00038,original,7.5,NETWORK,True,True,2025,3,v2025.03.14,False,False,False
CVE-2025-3647,2025-04-26,Reddit,1,1,2025-04-26,True,False,0.00025,original,4.3,NETWORK,True,False,2025,0,v2025.03.14,False,False,False
CVE-2025-2070,2025-04-26,Reddit,1,1,2025-04-26,True,False,0.00011,original,5.0,LOCAL,True,False,2025,0,v2025.03.14,False,False,False
CVE-2017-9884,2025-04-26,HackerNews,1,1,2025-04-26,False,True,0.00108,original,7.8,LOCAL,True,False,2017,0,v2025.03.14,False,False,False
CVE-2025-3914,2025-04-26,Mastodon,13,2,2025-05-24,True,False,0.00219,original,8.8,NETWORK,True,False,2025,28,v2025.03.14,False,False,False
CVE-2025-3906,2025-04-26,Mastodon,1,1,2025-04-26,True,False,0.0004,original,8.8,NETWORK,True,False,2025,0,v2025.03.14,False,False,False
CVE-2025-46517,2025-04-26,Reddit,1,1,2025-04-26,True,False,0.00031,original,5.9,NETWORK,True,False,2025,0,v2025.03.14,False,False,False
CVE-2022-2390,2025-04-26,Reddit,1,1,2025-04-26,True,False,0.0003,original,6.1,LOCAL,True,False,2022,0,v2025.03.14,False,False,False
CVE-2024-13808,2025-04-26,Mastodon,1,1,2025-04-26,True,False,0.0026,original,8.8,NETWORK,True,False,2024,0,v2025.03.14,False,False,False
CVE-2025-32045,2025-04-26,Reddit,1,1,2025-04-26,True,False,0.00029,original,5.3,NETWORK,True,False,2025,0,v2025.03.14,False,False,False
CVE-2025-2851,2025-04-26,Mastodon,1,1,2025-04-26,True,False,0.00027,original,8.0,ADJACENT_NETWORK,True,False,2025,0,v2025.03.14,False,False,False
CVE-2025-27610,2025-04-26,Mastodon,3,2,2025-04-27,True,False,0.0009,original,7.5,NETWORK,True,True,2025,1,v2025.03.14,False,False,False
CVE-2025-24091,2025-04-26,HackerNews,6,2,2025-05-13,True,False,0.00013,enriched,5.5,LOCAL,True,False,2025,17,v2025.03.14,False,False,False
CVE-2024-45781,2025-04-27,HackerNews,1,1,2025-04-27,True,False,0.00026,original,6.7,LOCAL,True,False,2024,0,v2025.03.14,False,False,False
CVE-2025-3988,2025-04-27,Mastodon,1,1,2025-04-27,True,False,0.00077,enriched,8.8,NETWORK,True,False,2025,0,v2025.03.14,False,False,False
CVE-2025-46579,2025-04-27,Mastodon,1,1,2025-04-27,True,False,0.00038,original,8.4,NETWORK,True,False,2025,0,v2025.03.14,False,False,False
CVE-2023-41892,2025-04-27,Reddit,3,1,2025-04-29,False,True,0.93766,original,10.0,NETWORK,True,True,2023,2,v2025.03.14,False,False,False
CVE-2025-3867,2025-04-27,Reddit,1,1,2025-04-27,True,False,0.00028,original,6.1,NETWORK,True,False,2025,0,v2025.03.14,False,False,False
CVE-2021-30860,2025-04-27,HackerNews,1,1,2025-04-27,True,False,0.69382,original,7.8,LOCAL,True,False,2021,0,v2025.03.14,False,False,False
CVE-2024-54096,2025-04-28,HackerNews,2,1,2025-05-01,False,True,0.0001,original,5.3,LOCAL,True,False,2024,3,v2025.03.14,False,False,False
CVE-2025-3992,2025-04-28,Mastodon,1,1,2025-04-28,True,False,0.00077,original,8.8,NETWORK,True,False,2025,0,v2025.03.14,False,False,False
CVE-2024-0582,2025-04-28,Reddit,1,1,2025-04-28,True,False,0.00613,original,7.8,LOCAL,True,False,2024,0,v2025.03.14,False,False,False
CVE-2025-34491,2025-04-28,Mastodon,1,1,2025-04-28,True,False,0.00071,enriched,8.8,NETWORK,True,False,2025,0,v2025.03.14,False,False,False
CVE-2025-46661,2025-04-28,Mastodon,1,1,2025-04-28,True,False,0.00135,enriched,10.0,NETWORK,True,False,2025,0,v2025.03.14,False,False,False
CVE-2025-24193,2025-04-28,HackerNews,2,1,2025-05-01,False,True,0.00021,original,2.4,PHYSICAL,True,False,2025,3,v2025.03.14,False,False,False
CVE-2024-20900,2025-04-28,HackerNews,2,1,2025-05-01,False,True,0.00024,original,4.0,LOCAL,True,False,2024,3,v2025.03.14,False,False,False
CVE-2015-2079,2025-04-28,Mastodon,1,1,2025-04-28,True,False,0.00569,enriched,9.9,NETWORK,True,False,2015,0,v2025.03.14,False,False,False
CVE-2024-43085,2025-04-28,HackerNews,2,1,2025-05-01,False,True,8e-05,original,7.8,LOCAL,True,False,2024,3,v2025.03.14,False,False,False
CVE-2025-3200,2025-04-28,Mastodon,2,1,2025-05-06,True,False,0.00023,original,9.1,NETWORK,True,False,2025,8,v2025.03.14,False,False,False
CVE-2025-3993,2025-04-28,Mastodon,1,1,2025-04-28,True,False,0.00077,original,8.8,NETWORK,True,False,2025,0,v2025.03.14,False,False,False
CVE-2025-26692,2025-04-28,Mastodon,1,1,2025-04-28,True,False,0.00149,original,8.1,NETWORK,True,False,2025,0,v2025.03.14,False,False,False
CVE-2025-4007,2025-04-28,Mastodon,1,1,2025-04-28,True,False,0.00046,original,8.8,NETWORK,True,False,2025,0,v2025.03.14,False,False,False
CVE-2025-3989,2025-04-28,Mastodon,1,1,2025-04-28,True,False,0.00077,original,8.8,NETWORK,True,False,2025,0,v2025.03.14,False,False,False
CVE-2025-3991,2025-04-28,Mastodon,1,1,2025-04-28,True,False,0.00077,original,8.8,NETWORK,True,False,2025,0,v2025.03.14,False,False,False
CVE-2025-3990,2025-04-28,Mastodon,1,1,2025-04-28,True,False,0.00077,original,8.8,NETWORK,True,False,2025,0,v2025.03.14,False,False,False
CVE-2025-2817,2025-04-29,Mastodon,1,1,2025-04-29,True,False,0.00048,enriched,8.8,NETWORK,True,False,2025,0,v2025.03.14,False,False,False
CVE-2025-43857,2025-04-29,Mastodon,2,2,2025-05-09,True,False,0.00062,original,7.5,NETWORK,True,True,2025,10,v2025.03.14,False,False,False
CVE-2025-30422,2025-04-29,HackerNews,2,2,2025-05-05,False,True,0.00018,enriched,6.5,ADJACENT_NETWORK,True,False,2025,6,v2025.03.14,False,False,False
CVE-2025-24179,2025-04-29,HackerNews,1,1,2025-04-29,False,True,0.00024,original,5.7,ADJACENT_NETWORK,True,False,2025,0,v2025.03.14,False,False,False
CVE-2025-30445,2025-04-29,HackerNews,1,1,2025-04-29,False,True,0.00024,original,6.5,ADJACENT_NETWORK,True,False,2025,0,v2025.03.14,False,False,False
CVE-2025-24206,2025-04-29,BleepingComputer,4,3,2025-05-05,False,True,0.0005,original,7.7,LOCAL,False,False,2025,6,v2025.03.14,False,False,False
CVE-2025-24251,2025-04-29,HackerNews,1,1,2025-04-29,False,True,0.00024,original,6.5,ADJACENT_NETWORK,True,False,2025,0,v2025.03.14,False,False,False
CVE-2025-24252,2025-04-29,Mastodon,10,4,2025-05-08,True,False,0.00024,original,9.8,NETWORK,True,True,2025,9,v2025.03.14,False,False,False
CVE-2024-50050,2025-04-29,HackerNews,1,1,2025-04-29,False,True,0.00318,original,6.3,NETWORK,True,False,2024,0,v2025.03.14,False,False,False
CVE-2025-24129,2025-04-29,HackerNews,1,1,2025-04-29,False,True,0.00131,original,7.5,NETWORK,True,False,2025,0,v2025.03.14,False,False,False
CVE-2025-3501,2025-04-29,Mastodon,1,1,2025-04-29,True,False,0.00017,enriched,8.2,NETWORK,True,True,2025,0,v2025.03.14,False,False,False
CVE-2025-24270,2025-04-29,HackerNews,2,2,2025-05-05,False,True,0.00024,original,5.7,ADJACENT_NETWORK,True,False,2025,6,v2025.03.14,False,False,False
CVE-2025-24271,2025-04-29,HackerNews,2,2,2025-05-05,False,True,0.00029,original,5.4,ADJACENT_NETWORK,True,False,2025,6,v2025.03.14,False,False,False
CVE-2024-44309,2025-04-29,HackerNews,2,1,2025-05-01,False,True,0.00237,original,6.1,NETWORK,True,False,2024,2,v2025.03.14,False,False,False
CVE-2025-29906,2025-04-29,Mastodon,1,1,2025-04-29,True,False,0.00022,enriched,8.6,LOCAL,True,True,2025,0,v2025.03.14,False,False,False
CVE-2025-46348,2025-04-29,Mastodon,1,1,2025-04-29,True,False,0.00084,enriched,10.0,NETWORK,True,True,2025,0,v2025.03.14,False,False,False
CVE-2025-2907,2025-04-29,Mastodon,1,1,2025-04-29,True,False,0.00018,original,9.8,NETWORK,True,False,2025,0,v2025.03.14,False,False,False
CVE-2023-47444,2025-04-29,HackerNews,1,1,2025-04-29,False,True,0.03424,original,8.8,NETWORK,True,False,2023,0,v2025.03.14,False,False,False
CVE-2025-3861,2025-04-29,HackerNews,1,1,2025-04-29,False,True,0.00025,original,5.4,NETWORK,True,False,2025,0,v2025.03.14,False,False,False
CVE-2025-1976,2025-04-29,BleepingComputer,6,3,2025-05-03,False,True,0.01339,original,6.7,LOCAL,False,False,2025,4,v2025.03.14,False,False,False
CVE-2025-24177,2025-04-29,HackerNews,1,1,2025-04-29,False,True,0.00088,original,7.5,NETWORK,True,False,2025,0,v2025.03.14,False,False,False
CVE-2025-45947,2025-04-29,Mastodon,1,1,2025-04-29,True,False,0.00019,original,9.8,NETWORK,True,True,2025,0,v2025.03.14,False,False,False
CVE-2025-21756,2025-04-29,Reddit,8,2,2025-05-10,True,False,0.00018,original,7.8,LOCAL,True,False,2025,11,v2025.03.14,False,False,False
CVE-2025-31197,2025-04-29,HackerNews,2,2,2025-05-05,False,True,0.00024,original,5.7,ADJACENT_NETWORK,True,False,2025,6,v2025.03.14,False,False,False
CVE-2025-45949,2025-04-29,Mastodon,1,1,2025-04-29,True,False,0.00018,original,9.8,NETWORK,True,True,2025,0,v2025.03.14,False,False,False
CVE-2025-31202,2025-04-29,HackerNews,1,1,2025-04-29,False,True,0.00018,original,5.5,LOCAL,True,False,2025,0,v2025.03.14,False,False,False
CVE-2025-24137,2025-04-29,HackerNews,2,2,2025-05-05,False,True,0.00091,original,8.0,ADJACENT_NETWORK,True,False,2025,6,v2025.03.14,False,False,False
CVE-2025-4039,2025-04-29,Mastodon,1,1,2025-04-29,True,False,0.0003,original,7.3,NETWORK,True,False,2025,0,v2025.03.14,False,False,False
CVE-2025-23180,2025-04-29,Mastodon,1,1,2025-04-29,True,False,0.00021,enriched,8.0,ADJACENT_NETWORK,True,False,2025,0,v2025.03.14,False,False,False
CVE-2025-23181,2025-04-29,Mastodon,1,1,2025-04-29,True,False,0.00021,enriched,8.0,ADJACENT_NETWORK,True,False,2025,0,v2025.03.14,False,False,False
CVE-2025-24132,2025-04-29,HackerNews,11,3,2025-05-08,True,True,0.00018,enriched,6.5,ADJACENT_NETWORK,True,False,2025,9,v2025.03.14,False,False,False
CVE-2025-45953,2025-04-29,Mastodon,1,1,2025-04-29,True,False,0.00018,original,9.1,NETWORK,True,True,2025,0,v2025.03.14,False,False,False
CVE-2025-31203,2025-04-29,HackerNews,1,1,2025-04-29,False,True,0.00024,original,6.5,ADJACENT_NETWORK,True,False,2025,0,v2025.03.14,False,False,False
CVE-2025-24131,2025-04-29,HackerNews,1,1,2025-04-29,False,True,0.0007,original,6.5,NETWORK,True,False,2025,0,v2025.03.14,False,False,False
CVE-2019-5825,2025-04-30,HackerNews,1,1,2025-04-30,True,False,0.72787,original,6.5,NETWORK,True,False,2019,0,v2025.03.14,False,False,False
CVE-2025-4116,2025-04-30,Mastodon,1,1,2025-04-30,True,False,0.00089,enriched,8.8,NETWORK,True,True,2025,0,v2025.03.14,False,False,False
CVE-2025-30390,2025-04-30,Mastodon,1,1,2025-04-30,True,False,0.00078,enriched,9.9,NETWORK,False,False,2025,0,v2025.03.14,False,False,False
CVE-2025-21416,2025-04-30,Mastodon,1,1,2025-04-30,True,False,0.00055,enriched,8.5,NETWORK,False,False,2025,0,v2025.03.14,False,False,False
CVE-2025-27134,2025-04-30,Mastodon,1,1,2025-04-30,True,False,0.00039,enriched,8.8,NETWORK,True,True,2025,0,v2025.03.14,False,False,False
CVE-2024-42471,2025-04-30,ExploitDB,2,1,2025-04-30,True,False,0.00082,original,7.3,NETWORK,True,True,2024,0,v2025.03.14,False,False,False
CVE-2025-4114,2025-04-30,Mastodon,1,1,2025-04-30,True,False,0.00089,enriched,8.8,NETWORK,True,True,2025,0,v2025.03.14,False,False,False
CVE-2025-30389,2025-04-30,Mastodon,1,1,2025-04-30,True,False,0.00048,enriched,8.7,NETWORK,False,False,2025,0,v2025.03.14,False,False,False
CVE-2025-24351,2025-04-30,Mastodon,1,1,2025-04-30,True,False,0.00646,original,8.8,NETWORK,False,False,2025,0,v2025.03.14,False,False,False
CVE-2025-46342,2025-04-30,Mastodon,2,2,2025-05-09,True,False,0.00063,enriched,8.5,NETWORK,True,True,2025,9,v2025.03.14,False,False,False
CVE-2025-4115,2025-04-30,Mastodon,1,1,2025-04-30,True,False,0.00089,enriched,8.8,NETWORK,True,True,2025,0,v2025.03.14,False,False,False
CVE-2025-4120,2025-04-30,Mastodon,1,1,2025-04-30,True,False,0.00089,enriched,8.8,NETWORK,True,True,2025,0,v2025.03.14,False,False,False
CVE-2025-4083,2025-04-30,Mastodon,1,1,2025-04-30,True,False,0.00024,original,9.1,NETWORK,False,False,2025,0,v2025.03.14,False,False,False
CVE-2025-30391,2025-04-30,Mastodon,1,1,2025-04-30,True,False,0.00088,enriched,8.1,NETWORK,False,False,2025,0,v2025.03.14,False,False,False
CVE-2025-30392,2025-04-30,Mastodon,1,1,2025-04-30,True,False,0.00089,enriched,9.8,NETWORK,False,False,2025,0,v2025.03.14,False,False,False
CVE-2022-0847,2025-04-30,Reddit,1,1,2025-04-30,True,False,0.82329,original,7.8,LOCAL,True,False,2022,0,v2025.03.14,False,False,False
CVE-2025-4142,2025-04-30,Mastodon,1,1,2025-04-30,True,False,0.00089,enriched,8.8,NETWORK,True,True,2025,0,v2025.03.14,False,False,False
CVE-2025-4141,2025-04-30,Mastodon,1,1,2025-04-30,True,False,0.00089,enriched,8.8,NETWORK,True,True,2025,0,v2025.03.14,False,False,False
CVE-2025-32973,2025-04-30,Mastodon,1,1,2025-04-30,True,False,0.00533,enriched,9.0,NETWORK,True,True,2025,0,v2025.03.14,False,False,False
CVE-2025-32974,2025-04-30,Mastodon,1,1,2025-04-30,True,False,0.00533,enriched,9.0,NETWORK,True,True,2025,0,v2025.03.14,False,False,False
CVE-2025-4140,2025-04-30,Mastodon,1,1,2025-04-30,True,False,0.00089,enriched,8.8,NETWORK,True,True,2025,0,v2025.03.14,False,False,False
CVE-2025-4139,2025-04-30,Mastodon,1,1,2025-04-30,True,False,0.00089,enriched,8.8,NETWORK,True,True,2025,0,v2025.03.14,False,False,False
CVE-2025-31650,2025-04-30,Reddit,3,1,2025-05-03,False,True,0.00028,original,7.5,NETWORK,True,False,2025,3,v2025.03.14,False,False,False
CVE-2025-32444,2025-04-30,Mastodon,1,1,2025-04-30,True,False,0.00354,original,10.0,NETWORK,True,True,2025,0,v2025.03.14,False,False,False
CVE-2014-3566,2025-04-30,HackerNews,1,1,2025-04-30,True,False,0.94237,original,3.4,NETWORK,True,False,2014,0,v2025.03.14,False,False,False
CVE-2025-46558,2025-04-30,Mastodon,1,1,2025-04-30,True,False,0.00039,enriched,9.0,NETWORK,True,True,2025,0,v2025.03.14,False,False,False
CVE-2025-4146,2025-05-01,Mastodon,1,1,2025-05-01,True,False,0.00063,original,8.8,NETWORK,True,True,2025,0,v2025.03.14,False,False,False
CVE-2025-4145,2025-05-01,Mastodon,1,1,2025-05-01,True,False,0.00063,original,8.8,NETWORK,True,True,2025,0,v2025.03.14,False,False,False
CVE-2025-2816,2025-05-01,Mastodon,1,1,2025-05-01,True,False,0.00036,original,8.1,NETWORK,False,False,2025,0,v2025.03.14,False,False,False
CVE-2025-1305,2025-05-01,Mastodon,1,1,2025-05-01,True,False,0.00058,original,8.8,NETWORK,False,False,2025,0,v2025.03.14,False,False,False
CVE-2025-1304,2025-05-01,Mastodon,1,1,2025-05-01,True,False,0.00199,original,8.8,NETWORK,False,False,2025,0,v2025.03.14,False,False,False
CVE-2025-4135,2025-05-01,Reddit,1,1,2025-05-01,True,False,0.00794,original,6.3,NETWORK,True,True,2025,0,v2025.03.14,False,False,False
CVE-2025-3952,2025-05-01,Mastodon,1,1,2025-05-01,True,False,0.00034,original,8.1,NETWORK,False,False,2025,0,v2025.03.14,False,False,False
CVE-2025-4147,2025-05-01,Mastodon,2,2,2025-05-02,True,False,0.00063,original,8.8,NETWORK,True,True,2025,1,v2025.03.14,False,False,False
CVE-2025-4149,2025-05-01,Mastodon,1,1,2025-05-01,True,False,0.00063,original,8.8,NETWORK,True,True,2025,0,v2025.03.14,False,False,False
CVE-2025-4148,2025-05-01,Mastodon,1,1,2025-05-01,True,False,0.00063,original,8.8,NETWORK,True,True,2025,0,v2025.03.14,False,False,False
CVE-2025-25234,2025-05-01,Reddit,1,1,2025-05-01,True,False,0.00031,original,7.1,NETWORK,True,False,2025,0,v2025.03.14,False,False,False
CVE-2024-6029,2025-05-01,Reddit,1,1,2025-05-01,True,False,0.00022,original,5.0,ADJACENT_NETWORK,True,False,2024,0,v2025.03.14,False,False,False
CVE-2025-4150,2025-05-01,Mastodon,1,1,2025-05-01,True,False,0.00063,original,8.8,NETWORK,True,True,2025,0,v2025.03.14,False,False,False
CVE-2024-21113,2025-05-01,Reddit,1,1,2025-05-01,True,False,0.00057,original,8.8,LOCAL,True,False,2024,0,v2025.03.14,False,False,False
CVE-2024-30145,2025-05-01,Reddit,1,1,2025-05-01,True,False,0.00032,original,6.5,NETWORK,True,False,2024,0,v2025.03.14,False,False,False
CVE-2024-5920,2025-05-01,Reddit,1,1,2025-05-01,True,False,0.00053,original,4.8,NETWORK,True,False,2024,0,v2025.03.14,False,False,False
CVE-2024-13845,2025-05-02,Reddit,1,1,2025-05-02,True,False,0.00023,original,5.5,NETWORK,True,False,2024,0,v2025.03.14,False,False,False
CVE-2025-21605,2025-05-02,HackerNews,2,1,2025-05-17,False,True,0.00027,original,7.5,NETWORK,True,False,2025,15,v2025.03.14,False,False,False
CVE-2025-31191,2025-05-02,Reddit,15,2,2025-05-24,True,True,0.00013,original,5.5,LOCAL,True,False,2025,22,v2025.03.14,False,False,False
CVE-2021-27065,2025-05-02,BleepingComputer,6,2,2025-05-04,False,True,0.94332,original,7.8,LOCAL,False,False,2021,2,v2025.03.14,False,False,False
CVE-2021-26858,2025-05-02,BleepingComputer,2,1,2025-05-02,False,True,0.77699,original,7.8,LOCAL,False,False,2021,0,v2025.03.14,False,False,False
CVE-2025-29953,2025-05-02,Reddit,1,1,2025-05-02,True,False,0.00088,original,9.8,NETWORK,True,False,2025,0,v2025.03.14,False,False,False
CVE-2024-52976,2025-05-02,Reddit,1,1,2025-05-02,True,False,0.00012,original,4.4,LOCAL,True,False,2024,0,v2025.03.14,False,False,False
CVE-2017-15428,2025-05-02,HackerNews,1,1,2025-05-02,True,False,0.29882,original,8.8,NETWORK,True,False,2017,0,v2025.03.14,False,False,False
CVE-2025-23244,2025-05-02,Reddit,13,2,2025-05-24,False,True,0.0001,original,7.8,LOCAL,True,False,2025,22,v2025.03.14,False,False,False
CVE-2021-26857,2025-05-02,BleepingComputer,2,1,2025-05-02,False,True,0.08192,original,7.8,LOCAL,False,False,2021,0,v2025.03.14,False,False,False
CVE-2025-3521,2025-05-02,Reddit,1,1,2025-05-02,True,False,0.00029,original,6.4,NETWORK,True,False,2025,0,v2025.03.14,False,False,False
CVE-2024-10445,2025-05-02,Reddit,1,1,2025-05-02,True,False,0.00042,original,4.3,ADJACENT_NETWORK,True,False,2024,0,v2025.03.14,False,False,False
CVE-2019-11510,2025-05-02,BleepingComputer,3,2,2025-05-13,False,True,0.94413,original,10.0,NETWORK,False,False,2019,11,v2025.03.14,False,False,False
CVE-2025-4162,2025-05-02,Reddit,1,1,2025-05-02,True,False,0.00039,original,7.3,NETWORK,True,False,2025,0,v2025.03.14,False,False,False
CVE-2025-27151,2025-05-02,HackerNews,1,1,2025-05-02,False,True,0.00024,enriched,4.7,LOCAL,True,True,2025,0,v2025.03.14,False,False,False
CVE-2025-3746,2025-05-03,Reddit,1,1,2025-05-03,True,False,0.00112,original,9.8,NETWORK,True,False,2025,0,v2025.03.14,False,False,False
CVE-2023-47113,2025-05-03,HackerNews,1,1,2025-05-03,False,True,0.00091,original,7.3,LOCAL,True,False,2023,0,v2025.03.14,False,False,False
CVE-2025-24522,2025-05-03,Reddit,2,1,2025-05-04,False,True,0.00127,original,10.0,NETWORK,True,False,2025,1,v2025.03.14,False,False,False
CVE-2025-3488,2025-05-03,Reddit,1,1,2025-05-03,True,False,0.00029,original,6.4,NETWORK,True,False,2025,0,v2025.03.14,False,False,False
CVE-2025-32780,2025-05-03,HackerNews,1,1,2025-05-03,False,True,0.00014,original,7.3,LOCAL,True,True,2025,0,v2025.03.14,False,False,False
CVE-2024-13420,2025-05-03,Reddit,1,1,2025-05-03,True,False,0.00036,original,4.3,NETWORK,True,False,2024,0,v2025.03.14,False,False,False
CVE-2025-4213,2025-05-03,Reddit,1,1,2025-05-03,True,False,0.00017,original,7.3,NETWORK,True,False,2025,0,v2025.03.14,False,False,False
CVE-2025-32011,2025-05-03,Reddit,2,1,2025-05-04,False,True,0.00254,original,9.8,NETWORK,True,False,2025,1,v2025.03.14,False,False,False
CVE-2025-1301,2025-05-03,Reddit,1,1,2025-05-03,True,False,0.00033,original,7.4,NETWORK,True,False,2025,0,v2025.03.14,False,False,False
CVE-2024-43201,2025-05-04,Reddit,1,1,2025-05-04,True,False,0.00049,original,8.8,ADJACENT_NETWORK,True,False,2024,0,v2025.03.14,False,False,False
CVE-2025-31207,2025-05-04,Reddit,2,1,2025-05-05,False,True,0.00018,enriched,7.7,LOCAL,True,False,2025,1,v2025.03.14,False,False,False
CVE-2023-45857,2025-05-04,HackerNews,1,1,2025-05-04,True,False,0.00113,original,6.5,NETWORK,True,False,2023,0,v2025.03.14,False,False,False
CVE-2025-46762,2025-05-05,Reddit,2,1,2025-05-05,True,False,0.00072,enriched,9.8,NETWORK,True,False,2025,0,v2025.03.14,False,False,False
CVE-2025-4143,2025-05-05,Reddit,1,1,2025-05-05,True,False,0.00041,original,6.1,NETWORK,True,True,2025,0,v2025.03.14,False,False,False
CVE-2025-4096,2025-05-05,Reddit,1,1,2025-05-05,True,False,0.00062,enriched,8.8,NETWORK,True,False,2025,0,v2025.03.14,False,False,False
CVE-2008-0166,2025-05-05,HackerNews,1,1,2025-05-05,True,False,0.04015,original,7.5,NETWORK,True,False,2008,0,v2025.03.14,False,False,False
CVE-2024-4990,2025-05-05,Reddit,3,1,2025-05-30,False,True,0.00033,original,9.1,NETWORK,True,False,2024,25,v2025.03.14,False,False,False
CVE-2018-0114,2025-05-05,Reddit,1,1,2025-05-05,False,True,0.68044,original,7.5,NETWORK,True,True,2018,0,v2025.03.14,False,False,False
CVE-2022-21449,2025-05-05,Reddit,1,1,2025-05-05,False,True,0.3283,original,7.5,NETWORK,True,False,2022,0,v2025.03.14,False,False,False
CVE-2024-46954,2025-05-06,Reddit,1,1,2025-05-06,True,False,0.0005,original,7.8,LOCAL,True,True,2024,0,v2025.03.14,False,False,False
CVE-2025-20172,2025-05-06,Reddit,1,1,2025-05-06,True,False,0.00163,original,7.7,NETWORK,True,False,2025,0,v2025.03.14,False,False,False
CVE-2025-28062,2025-05-06,ExploitDB,2,1,2025-05-06,True,False,0.00018,original,8.1,NETWORK,True,False,2025,0,v2025.03.14,False,False,False
CVE-2024-7399,2025-05-06,BleepingComputer,2,1,2025-05-06,True,False,0.00228,original,8.8,NETWORK,False,False,2024,0,v2025.03.14,False,False,False
CVE-2025-3020,2025-05-06,Mastodon,1,1,2025-05-06,True,False,0.00036,original,5.4,NETWORK,True,False,2025,0,v2025.03.14,False,False,False
CVE-2025-1000,2025-05-06,Reddit,1,1,2025-05-06,True,False,0.00039,original,5.3,NETWORK,True,False,2025,0,v2025.03.14,False,False,False
CVE-2025-2595,2025-05-06,Mastodon,1,1,2025-05-06,True,False,0.0003,original,5.3,NETWORK,True,False,2025,0,v2025.03.14,False,False,False
CVE-2025-47226,2025-05-06,ExploitDB,2,1,2025-05-06,True,False,0.00026,original,5.0,NETWORK,True,True,2025,0,v2025.03.14,False,False,False
CVE-2024-20103,2025-05-07,Reddit,1,1,2025-05-07,False,True,0.00176,original,9.8,NETWORK,True,False,2024,0,v2025.03.14,False,False,False
CVE-2025-27007,2025-05-07,BleepingComputer,6,3,2025-05-13,True,True,0.00054,original,9.8,NETWORK,False,False,2025,6,v2025.03.14,False,False,False
CVE-2024-20054,2025-05-07,Reddit,1,1,2025-05-07,False,True,0.0007,original,6.6,NETWORK,True,False,2024,0,v2025.03.14,False,False,False
CVE-2025-2775,2025-05-07,Reddit,4,1,2025-05-09,True,False,0.0005,enriched,9.3,NETWORK,True,False,2025,2,v2025.03.14,False,False,False
CVE-2025-2905,2025-05-07,Reddit,1,1,2025-05-07,False,True,0.00057,original,9.1,NETWORK,True,False,2025,0,v2025.03.14,False,False,False
CVE-2024-21538,2025-05-07,HackerNews,1,1,2025-05-07,False,True,0.00132,original,7.5,NETWORK,True,True,2024,0,v2025.03.14,False,False,False
CVE-2024-20109,2025-05-07,Reddit,1,1,2025-05-07,False,True,9e-05,original,6.7,LOCAL,True,False,2024,0,v2025.03.14,False,False,False
CVE-2024-49200,2025-05-07,Reddit,1,1,2025-05-07,False,True,0.00037,original,6.4,NETWORK,True,False,2024,0,v2025.03.14,False,False,False
CVE-2023-4089,2025-05-07,Mastodon,1,1,2025-05-07,True,False,0.00091,original,2.7,NETWORK,True,False,2023,0,v2025.03.14,False,False,False
CVE-2023-40238,2025-05-07,Reddit,1,1,2025-05-07,False,True,0.00106,original,5.5,LOCAL,True,False,2023,0,v2025.03.14,False,False,False
CVE-2025-45490,2025-05-07,Reddit,1,1,2025-05-07,True,False,0.02709,original,9.8,NETWORK,True,True,2025,0,v2025.03.14,False,False,False
CVE-2025-4283,2025-05-07,Reddit,1,1,2025-05-07,True,False,0.00028,original,7.3,NETWORK,True,True,2025,0,v2025.03.14,False,False,False
CVE-2025-4359,2025-05-07,Reddit,1,1,2025-05-07,True,False,0.0003,original,7.3,NETWORK,True,False,2025,0,v2025.03.14,False,False,False
CVE-2025-4372,2025-05-07,Reddit,2,1,2025-05-21,True,False,0.00022,original,8.8,NETWORK,True,False,2025,14,v2025.03.14,False,False,False
CVE-2025-22479,2025-05-07,Reddit,1,1,2025-05-07,True,False,0.00017,original,3.5,ADJACENT_NETWORK,True,False,2025,0,v2025.03.14,False,False,False
CVE-2024-39894,2025-05-07,Reddit,1,1,2025-05-07,False,True,0.01584,original,7.5,NETWORK,True,False,2024,0,v2025.03.14,False,False,False
CVE-2025-22869,2025-05-07,HackerNews,1,1,2025-05-07,False,True,0.00051,original,7.5,NETWORK,True,False,2025,0,v2025.03.14,False,False,False
CVE-2019-3568,2025-05-07,BleepingComputer,2,1,2025-05-07,True,False,0.46209,original,9.8,NETWORK,False,False,2019,0,v2025.03.14,False,False,False
CVE-2024-21591,2025-05-07,HackerNews,1,1,2025-05-07,True,False,0.23476,original,9.8,NETWORK,True,False,2024,0,v2025.03.14,False,False,False
CVE-2025-25069,2025-05-08,HackerNews,1,1,2025-05-08,False,True,0.00043,original,6.5,NETWORK,True,False,2025,0,v2025.03.14,False,False,False
CVE-2025-20186,2025-05-08,Reddit,1,1,2025-05-08,True,False,0.00347,original,8.8,NETWORK,True,False,2025,0,v2025.03.14,False,False,False
CVE-2025-26865,2025-05-08,HackerNews,1,1,2025-05-08,False,True,0.00081,original,3.5,PHYSICAL,True,False,2025,0,v2025.03.14,False,False,False
CVE-2025-46599,2025-05-08,Reddit,1,1,2025-05-08,True,False,0.00042,original,6.8,NETWORK,True,True,2025,0,v2025.03.14,False,False,False
CVE-2025-23123,2025-05-08,Reddit,1,1,2025-05-08,True,False,0.00259,enriched,10.0,NETWORK,True,False,2025,0,v2025.03.14,False,False,False
CVE-2024-11477,2025-05-08,Reddit,16,1,2025-05-19,True,False,0.22917,original,7.8,LOCAL,True,False,2024,11,v2025.03.14,False,False,False
CVE-2025-20162,2025-05-08,Reddit,1,1,2025-05-08,True,False,0.00106,original,8.6,NETWORK,True,False,2025,0,v2025.03.14,False,False,False
CVE-2023-7303,2025-05-08,Reddit,1,1,2025-05-08,True,False,0.00034,original,3.5,NETWORK,True,True,2023,0,v2025.03.14,False,False,False
CVE-2025-46337,2025-05-08,Mastodon,1,1,2025-05-08,True,False,0.0006,original,10.0,NETWORK,True,True,2025,0,v2025.03.14,False,False,False
CVE-2025-20188,2025-05-08,BleepingComputer,13,3,2025-06-01,True,False,0.00154,original,10.0,NETWORK,False,False,2025,24,v2025.03.14,False,False,False
CVE-2024-53299,2025-05-08,HackerNews,1,1,2025-05-08,False,True,0.00061,original,6.5,NETWORK,True,False,2024,0,v2025.03.14,False,False,False
CVE-2024-56523,2025-05-08,Mastodon,1,1,2025-05-08,True,False,0.00045,enriched,9.1,NETWORK,True,False,2024,0,v2025.03.14,False,False,False
CVE-2025-32819,2025-05-08,BleepingComputer,3,2,2025-05-08,False,True,0.00033,original,8.8,NETWORK,False,False,2025,0,v2025.03.14,False,False,False
CVE-2025-32820,2025-05-08,BleepingComputer,4,2,2025-05-08,True,True,0.00038,original,8.8,NETWORK,False,False,2025,0,v2025.03.14,False,False,False
CVE-2025-32821,2025-05-08,BleepingComputer,3,2,2025-05-08,False,True,0.00052,original,7.2,NETWORK,False,False,2025,0,v2025.03.14,False,False,False
CVE-2025-46336,2025-05-09,HackerNews,1,1,2025-05-09,False,True,0.00023,original,4.2,NETWORK,True,True,2025,0,v2025.03.14,False,False,False
CVE-2024-41110,2025-05-09,HackerNews,1,1,2025-05-09,False,True,0.01684,original,9.9,NETWORK,True,True,2024,0,v2025.03.14,False,False,False
CVE-2024-43803,2025-05-09,HackerNews,1,1,2025-05-09,False,True,0.00196,original,4.9,NETWORK,True,True,2024,0,v2025.03.14,False,False,False
CVE-2024-43853,2025-05-09,HackerNews,1,1,2025-05-09,False,True,0.00058,original,5.5,LOCAL,True,False,2024,0,v2025.03.14,False,False,False
CVE-2024-31989,2025-05-09,HackerNews,1,1,2025-05-09,False,True,0.02528,original,9.0,ADJACENT_NETWORK,True,True,2024,0,v2025.03.14,False,False,False
CVE-2024-44236,2025-05-09,Reddit,2,1,2025-05-10,False,True,0.0003,original,5.5,LOCAL,True,False,2024,1,v2025.03.14,False,False,False
CVE-2024-48921,2025-05-09,HackerNews,1,1,2025-05-09,False,True,0.00021,original,2.7,NETWORK,True,False,2024,0,v2025.03.14,False,False,False
CVE-2024-50204,2025-05-09,HackerNews,1,1,2025-05-09,False,True,0.00026,original,5.5,LOCAL,True,False,2024,0,v2025.03.14,False,False,False
CVE-2025-2011,2025-05-09,ExploitDB,2,1,2025-05-09,True,False,0.00115,original,7.5,NETWORK,True,False,2025,0,v2025.03.14,False,False,False
CVE-2025-46727,2025-05-09,HackerNews,1,1,2025-05-09,False,True,0.00615,original,7.5,NETWORK,True,True,2025,0,v2025.03.14,False,False,False
CVE-2025-32441,2025-05-09,HackerNews,1,1,2025-05-09,False,True,0.00016,original,4.2,NETWORK,True,True,2025,0,v2025.03.14,False,False,False
CVE-2025-1948,2025-05-09,Reddit,1,1,2025-05-09,True,False,0.0004,original,7.5,NETWORK,True,False,2025,0,v2025.03.14,False,False,False
CVE-2025-1908,2025-05-09,Reddit,1,1,2025-05-09,True,False,9e-05,original,7.7,NETWORK,True,False,2025,0,v2025.03.14,False,False,False
CVE-2024-7598,2025-05-09,HackerNews,1,1,2025-05-09,False,True,0.00028,original,3.1,ADJACENT_NETWORK,True,False,2024,0,v2025.03.14,False,False,False
CVE-2024-9448,2025-05-09,Reddit,1,1,2025-05-09,True,False,0.00043,original,7.5,NETWORK,True,False,2024,0,v2025.03.14,False,False,False
CVE-2025-1767,2025-05-09,HackerNews,1,1,2025-05-09,False,True,0.00031,original,6.5,NETWORK,True,True,2025,0,v2025.03.14,False,False,False
CVE-2024-9676,2025-05-09,HackerNews,1,1,2025-05-09,False,True,0.01291,original,6.5,NETWORK,True,True,2024,0,v2025.03.14,False,False,False
CVE-2025-20213,2025-05-09,Reddit,1,1,2025-05-09,True,False,0.0002,original,5.5,LOCAL,True,False,2025,0,v2025.03.14,False,False,False
CVE-2024-39690,2025-05-09,HackerNews,1,1,2025-05-09,False,True,0.0012,original,8.4,ADJACENT_NETWORK,True,True,2024,0,v2025.03.14,False,False,False
CVE-2025-0426,2025-05-09,HackerNews,1,1,2025-05-09,False,True,0.0001,original,6.2,LOCAL,True,False,2025,0,v2025.03.14,False,False,False
CVE-2024-36621,2025-05-09,HackerNews,1,1,2025-05-09,False,True,0.00098,original,6.5,NETWORK,True,True,2024,0,v2025.03.14,False,False,False
CVE-2019-5473,2025-05-09,HackerNews,1,1,2025-05-09,False,True,0.00176,original,7.2,NETWORK,True,False,2019,0,v2025.03.14,False,False,False
CVE-2025-48069,2025-05-09,HackerNews,2,2,2025-05-22,True,True,0.00106,enriched,6.6,NETWORK,True,True,2025,13,v2025.03.14,False,False,False
CVE-2024-13793,2025-05-09,Reddit,1,1,2025-05-09,True,False,0.00145,original,7.3,NETWORK,True,False,2024,0,v2025.03.14,False,False,False
CVE-2024-36623,2025-05-09,HackerNews,1,1,2025-05-09,False,True,0.00127,original,8.1,NETWORK,True,True,2024,0,v2025.03.14,False,False,False
CVE-2025-4052,2025-05-09,Reddit,1,1,2025-05-09,False,True,0.00032,original,9.8,NETWORK,True,False,2025,0,v2025.03.14,False,False,False
CVE-2025-27599,2025-05-09,Mastodon,1,1,2025-05-09,True,False,0.00047,original,6.5,NETWORK,True,True,2025,0,v2025.03.14,False,False,False
CVE-2025-3468,2025-05-09,Reddit,1,1,2025-05-09,True,False,0.00029,original,6.4,NETWORK,True,False,2025,0,v2025.03.14,False,False,False
CVE-2024-21111,2025-05-09,ExploitDB,2,1,2025-05-09,True,False,0.01513,original,7.8,LOCAL,False,False,2024,0,v2025.03.14,False,False,False
CVE-2024-21626,2025-05-09,HackerNews,1,1,2025-05-09,False,True,0.045,original,8.6,LOCAL,True,True,2024,0,v2025.03.14,False,False,False
CVE-2024-24557,2025-05-09,HackerNews,1,1,2025-05-09,False,True,0.00052,original,6.9,LOCAL,True,True,2024,0,v2025.03.14,False,False,False
CVE-2024-26634,2025-05-09,HackerNews,1,1,2025-05-09,False,True,9e-05,original,5.5,LOCAL,True,False,2024,0,v2025.03.14,False,False,False
CVE-2025-29781,2025-05-09,HackerNews,1,1,2025-05-09,False,True,0.00018,original,6.5,LOCAL,True,True,2025,0,v2025.03.14,False,False,False
CVE-2022-1680,2025-05-09,HackerNews,1,1,2025-05-09,False,True,0.07932,original,9.9,NETWORK,True,False,2022,0,v2025.03.14,False,False,False
CVE-2025-25014,2025-05-09,Reddit,1,1,2025-05-09,False,True,0.00163,original,9.1,NETWORK,True,False,2025,0,v2025.03.14,False,False,False
CVE-2024-3056,2025-05-09,HackerNews,1,1,2025-05-09,False,True,0.00235,original,7.7,NETWORK,True,False,2024,0,v2025.03.14,False,False,False
CVE-2025-24784,2025-05-09,HackerNews,1,1,2025-05-09,False,True,0.00034,original,4.3,NETWORK,True,True,2025,0,v2025.03.14,False,False,False
CVE-2024-32473,2025-05-09,HackerNews,1,1,2025-05-09,False,True,0.00011,original,4.7,LOCAL,True,True,2024,0,v2025.03.14,False,False,False
CVE-2025-45388,2025-05-09,Reddit,2,2,2025-05-12,True,False,0.00029,original,6.1,NETWORK,True,True,2025,3,v2025.03.14,False,False,False
CVE-2025-24376,2025-05-09,HackerNews,1,1,2025-05-09,False,True,0.00059,original,6.5,NETWORK,True,True,2025,0,v2025.03.14,False,False,False
CVE-2025-47732,2025-05-09,Reddit,1,1,2025-05-09,True,False,0.00245,original,8.7,NETWORK,True,False,2025,0,v2025.03.14,False,False,False
CVE-2025-24203,2025-05-09,Reddit,3,1,2025-05-20,True,False,0.00013,original,5.0,LOCAL,True,False,2025,11,v2025.03.14,False,False,False
CVE-2024-36620,2025-05-09,HackerNews,1,1,2025-05-09,False,True,0.00094,original,6.5,NETWORK,True,True,2024,0,v2025.03.14,False,False,False
CVE-2024-29018,2025-05-09,HackerNews,1,1,2025-05-09,False,True,0.00143,original,5.9,NETWORK,True,True,2024,0,v2025.03.14,False,False,False
CVE-2022-22620,2025-05-10,Reddit,2,1,2025-05-11,True,False,0.02835,original,8.8,NETWORK,True,False,2022,1,v2025.03.14,False,False,False
CVE-2025-4487,2025-05-10,Reddit,1,1,2025-05-10,True,False,0.0003,original,7.3,NETWORK,True,False,2025,0,v2025.03.14,False,False,False
CVE-2025-1278,2025-05-10,Reddit,1,1,2025-05-10,True,False,0.00013,original,5.3,NETWORK,True,False,2025,0,v2025.03.14,False,False,False
CVE-2024-54529,2025-05-10,HackerNews,2,1,2025-05-11,True,False,0.00056,original,7.8,LOCAL,True,False,2024,1,v2025.03.14,False,False,False
CVE-2025-3528,2025-05-10,Reddit,2,1,2025-05-18,True,False,0.00012,original,8.2,LOCAL,True,False,2025,8,v2025.03.14,False,False,False
CVE-2025-26666,2025-05-10,Reddit,1,1,2025-05-10,False,True,0.00057,original,7.8,LOCAL,True,False,2025,0,v2025.03.14,False,False,False
CVE-2025-4462,2025-05-10,Reddit,1,1,2025-05-10,True,False,0.00077,original,8.8,NETWORK,True,False,2025,0,v2025.03.14,False,False,False
CVE-2025-4472,2025-05-10,Reddit,1,1,2025-05-10,True,False,0.00013,original,5.3,LOCAL,True,True,2025,0,v2025.03.14,False,False,False
CVE-2025-46191,2025-05-11,Reddit,1,1,2025-05-11,False,True,0.00093,original,9.8,NETWORK,True,True,2025,0,v2025.03.14,False,False,False
CVE-2025-46192,2025-05-11,Reddit,1,1,2025-05-11,False,True,0.00031,original,9.8,NETWORK,True,True,2025,0,v2025.03.14,False,False,False
CVE-2025-46189,2025-05-11,Reddit,1,1,2025-05-11,False,True,0.00031,original,9.8,NETWORK,True,True,2025,0,v2025.03.14,False,False,False
CVE-2025-46188,2025-05-11,Reddit,2,1,2025-05-16,True,True,0.00031,original,9.8,NETWORK,True,True,2025,5,v2025.03.14,False,False,False
CVE-2025-46193,2025-05-11,Reddit,1,1,2025-05-11,False,True,0.00058,original,9.8,NETWORK,True,True,2025,0,v2025.03.14,False,False,False
CVE-2024-32879,2025-05-11,Reddit,1,1,2025-05-11,False,True,0.00027,original,4.9,NETWORK,True,True,2024,0,v2025.03.14,False,False,False
CVE-2024-33663,2025-05-11,Reddit,1,1,2025-05-11,False,True,0.00041,original,6.5,NETWORK,True,False,2024,0,v2025.03.14,False,False,False
CVE-2024-33664,2025-05-11,Reddit,1,1,2025-05-11,False,True,0.00081,original,5.3,NETWORK,True,True,2024,0,v2025.03.14,False,False,False
CVE-2025-46190,2025-05-11,Reddit,2,1,2025-05-16,True,True,0.00031,original,9.8,NETWORK,True,True,2025,5,v2025.03.14,False,False,False
CVE-2016-9138,2025-05-12,Reddit,1,1,2025-05-12,True,False,0.00788,original,9.8,NETWORK,True,False,2016,0,v2025.03.14,False,False,False
CVE-2023-24626,2025-05-12,HackerNews,3,1,2025-05-13,False,True,0.00046,original,6.5,LOCAL,True,False,2023,1,v2025.03.14,False,False,False
CVE-2017-7117,2025-05-12,Reddit,1,1,2025-05-12,True,False,0.05142,original,8.8,NETWORK,True,False,2017,0,v2025.03.14,False,False,False
CVE-2025-4542,2025-05-12,Reddit,1,1,2025-05-12,True,False,0.00015,original,3.1,NETWORK,True,True,2025,0,v2025.03.14,False,False,False
CVE-2024-28956,2025-05-12,HackerNews,1,1,2025-05-12,False,True,0.00011,enriched,5.6,LOCAL,True,False,2024,0,v2025.03.14,False,False,False
CVE-2025-23395,2025-05-12,HackerNews,4,1,2025-05-13,False,True,0.00012,enriched,7.8,LOCAL,True,False,2025,1,v2025.03.14,False,False,False
CVE-2025-46804,2025-05-12,HackerNews,5,2,2025-05-27,True,True,0.00012,enriched,3.3,LOCAL,True,False,2025,15,v2025.03.14,False,False,False
CVE-2025-27920,2025-05-12,BleepingComputer,3,2,2025-05-13,True,False,0.00372,original,7.2,NETWORK,False,False,2025,1,v2025.03.14,False,False,False
CVE-2025-22247,2025-05-12,Reddit,2,1,2025-05-13,True,False,0.00013,original,6.1,LOCAL,True,False,2025,1,v2025.03.14,False,False,False
CVE-2025-29813,2025-05-12,Reddit,1,1,2025-05-12,True,False,0.00065,original,10.0,NETWORK,True,False,2025,0,v2025.03.14,False,False,False
CVE-2025-46803,2025-05-12,HackerNews,4,1,2025-05-13,False,True,0.0001,enriched,5.0,LOCAL,True,False,2025,1,v2025.03.14,False,False,False
CVE-2025-46802,2025-05-12,HackerNews,4,1,2025-05-13,False,True,0.00012,enriched,6.0,LOCAL,True,False,2025,1,v2025.03.14,False,False,False
CVE-2025-31250,2025-05-12,Reddit,3,2,2025-05-12,True,False,0.00018,enriched,5.5,LOCAL,True,False,2025,0,v2025.03.14,False,False,False
CVE-2025-46805,2025-05-12,HackerNews,4,1,2025-05-13,False,True,0.00012,enriched,5.5,LOCAL,True,False,2025,1,v2025.03.14,False,False,False
CVE-2025-24495,2025-05-12,HackerNews,1,1,2025-05-12,False,True,0.00012,enriched,5.6,LOCAL,True,False,2025,0,v2025.03.14,False,False,False
CVE-2012-6708,2025-05-13,Mastodon,1,1,2025-05-13,True,False,0.0138,original,6.1,NETWORK,True,True,2012,0,v2025.03.14,False,False,False
CVE-2023-34362,2025-05-13,HackerNews,2,2,2025-05-28,False,True,0.94485,original,9.8,NETWORK,True,False,2023,15,v2025.03.14,False,False,False
CVE-2022-41352,2025-05-13,HackerNews,1,1,2025-05-13,False,True,0.79129,original,9.8,NETWORK,True,False,2022,0,v2025.03.14,False,False,False
CVE-2019-1069,2025-05-13,HackerNews,1,1,2025-05-13,False,True,0.10373,original,7.8,LOCAL,True,False,2019,0,v2025.03.14,False,False,False
CVE-2022-30190,2025-05-13,HackerNews,1,1,2025-05-13,False,True,0.93219,original,7.8,LOCAL,True,False,2022,0,v2025.03.14,False,False,False
CVE-2025-4560,2025-05-13,Reddit,1,1,2025-05-13,True,False,0.00044,original,6.5,NETWORK,True,False,2025,0,v2025.03.14,False,False,False
CVE-2024-11237,2025-05-13,ExploitDB,2,1,2025-05-13,True,False,0.00421,original,7.5,NETWORK,True,True,2024,0,v2025.03.14,False,False,False
CVE-2025-32706,2025-05-13,BleepingComputer,4,3,2025-05-14,False,True,0.20741,enriched,7.8,LOCAL,False,False,2025,1,v2025.03.14,False,False,False
CVE-2025-32702,2025-05-13,BleepingComputer,3,2,2025-05-13,False,True,0.0007,enriched,7.8,LOCAL,False,False,2025,0,v2025.03.14,False,False,False
CVE-2025-32709,2025-05-13,BleepingComputer,4,3,2025-05-14,False,True,0.13228,enriched,7.8,LOCAL,False,False,2025,1,v2025.03.14,False,False,False
CVE-2025-22462,2025-05-13,BleepingComputer,5,2,2025-05-20,True,True,0.0026,enriched,9.8,NETWORK,False,False,2025,7,v2025.03.14,False,False,False
CVE-2025-47276,2025-05-13,Reddit,1,1,2025-05-13,True,False,0.00023,enriched,7.5,NETWORK,True,True,2025,0,v2025.03.14,False,False,False
CVE-2025-32756,2025-05-13,BleepingComputer,22,3,2025-06-01,True,False,0.00135,enriched,9.8,NETWORK,False,False,2025,19,v2025.03.14,False,False,False
CVE-2019-2725,2025-05-13,HackerNews,1,1,2025-05-13,False,True,0.9447,original,9.8,NETWORK,True,False,2019,0,v2025.03.14,False,False,False
CVE-2024-42057,2025-05-13,HackerNews,1,1,2025-05-13,False,True,0.01965,original,8.1,NETWORK,True,False,2024,0,v2025.03.14,False,False,False
CVE-2025-22460,2025-05-13,BleepingComputer,4,1,2025-05-13,False,True,0.00029,enriched,7.8,LOCAL,False,False,2025,0,v2025.03.14,False,False,False
CVE-2025-3605,2025-05-13,ExploitDB,3,2,2025-05-16,True,False,0.00055,original,9.8,NETWORK,False,False,2025,3,v2025.03.14,False,False,False
CVE-2025-2082,2025-05-13,Reddit,1,1,2025-05-13,True,False,0.00045,original,7.5,ADJACENT_NETWORK,True,False,2025,0,v2025.03.14,False,False,False
CVE-2025-32701,2025-05-13,BleepingComputer,4,3,2025-05-14,False,True,0.13228,enriched,7.8,LOCAL,False,False,2025,1,v2025.03.14,False,False,False
CVE-2022-30115,2025-05-13,HackerNews,1,1,2025-05-13,False,True,0.0011,original,4.3,NETWORK,True,False,2022,0,v2025.03.14,False,False,False
CVE-2022-26500,2025-05-13,HackerNews,1,1,2025-05-13,False,True,0.21993,original,8.8,NETWORK,True,False,2022,0,v2025.03.14,False,False,False
CVE-2025-32370,2025-05-13,ExploitDB,2,1,2025-05-13,True,False,0.00067,original,7.2,NETWORK,False,False,2025,0,v2025.03.14,False,False,False
CVE-2024-27198,2025-05-13,HackerNews,1,1,2025-05-13,False,True,0.94579,original,9.8,NETWORK,True,False,2024,0,v2025.03.14,False,False,False
CVE-2025-4428,2025-05-13,BleepingComputer,15,2,2025-05-27,True,True,0.00513,enriched,7.2,NETWORK,False,False,2025,14,v2025.03.14,False,False,False
CVE-2025-4427,2025-05-13,BleepingComputer,12,2,2025-05-27,False,True,0.00942,enriched,5.3,NETWORK,False,False,2025,14,v2025.03.14,False,False,False
CVE-2025-44830,2025-05-13,Reddit,1,1,2025-05-13,True,False,0.00031,original,9.8,NETWORK,True,False,2025,0,v2025.03.14,False,False,False
CVE-2021-20023,2025-05-13,HackerNews,1,1,2025-05-13,False,True,0.58829,original,4.9,NETWORK,True,False,2021,0,v2025.03.14,False,False,False
CVE-2021-22986,2025-05-13,HackerNews,1,1,2025-05-13,False,True,0.94485,original,9.8,NETWORK,True,False,2021,0,v2025.03.14,False,False,False
CVE-2020-0787,2025-05-13,HackerNews,1,1,2025-05-13,False,True,0.58751,original,7.8,LOCAL,True,False,2020,0,v2025.03.14,False,False,False
CVE-2021-4034,2025-05-13,HackerNews,2,2,2025-05-28,True,True,0.88729,original,7.8,LOCAL,True,False,2021,15,v2025.03.14,False,False,False
CVE-2021-44529,2025-05-13,HackerNews,1,1,2025-05-13,False,True,0.94461,original,9.8,NETWORK,True,False,2021,0,v2025.03.14,False,False,False
CVE-2022-0811,2025-05-13,HackerNews,1,1,2025-05-13,True,False,0.21961,original,8.8,NETWORK,True,False,2022,0,v2025.03.14,False,False,False
CVE-2022-27779,2025-05-13,HackerNews,1,1,2025-05-13,False,True,0.00166,original,5.3,NETWORK,True,False,2022,0,v2025.03.14,False,False,False
CVE-2022-1388,2025-05-13,HackerNews,1,1,2025-05-13,False,True,0.94456,original,9.8,NETWORK,True,False,2022,0,v2025.03.14,False,False,False
CVE-2025-30397,2025-05-13,BleepingComputer,5,3,2025-05-16,True,True,0.11343,enriched,7.5,NETWORK,False,False,2025,3,v2025.03.14,False,False,False
CVE-2025-47729,2025-05-13,Reddit,1,1,2025-05-13,True,False,0.01892,original,1.9,LOCAL,True,False,2025,0,v2025.03.14,False,False,False
CVE-2024-36129,2025-05-13,HackerNews,1,1,2025-05-13,True,False,0.00706,original,8.2,NETWORK,True,True,2024,0,v2025.03.14,False,False,False
CVE-2020-0609,2025-05-13,HackerNews,1,1,2025-05-13,False,True,0.86889,original,9.8,NETWORK,True,False,2020,0,v2025.03.14,False,False,False
CVE-2025-42999,2025-05-13,BleepingComputer,5,2,2025-05-17,False,True,0.0005,original,9.1,NETWORK,False,False,2025,4,v2025.03.14,False,False,False
CVE-2025-26685,2025-05-13,BleepingComputer,3,2,2025-05-13,False,True,0.00096,enriched,6.5,ADJACENT_NETWORK,False,False,2025,0,v2025.03.14,False,False,False
CVE-2022-24521,2025-05-13,HackerNews,1,1,2025-05-13,False,True,0.0445,original,7.8,LOCAL,True,False,2022,0,v2025.03.14,False,False,False
CVE-2024-1708,2025-05-13,HackerNews,1,1,2025-05-13,False,True,0.45449,original,8.4,NETWORK,True,False,2024,0,v2025.03.14,False,False,False
CVE-2025-41645,2025-05-13,Mastodon,1,1,2025-05-13,True,False,0.00031,original,8.6,NETWORK,True,False,2025,0,v2025.03.14,False,False,False
CVE-2025-3496,2025-05-13,Mastodon,1,1,2025-05-13,True,False,0.00074,original,7.5,NETWORK,True,False,2025,0,v2025.03.14,False,False,False
CVE-2025-30400,2025-05-13,BleepingComputer,4,3,2025-05-14,False,True,0.13228,enriched,7.8,LOCAL,False,False,2025,1,v2025.03.14,False,False,False
CVE-2025-31212,2025-05-13,HackerNews,1,1,2025-05-13,False,True,0.00018,original,5.5,LOCAL,True,False,2025,0,v2025.03.14,False,False,False
CVE-2025-4632,2025-05-14,Reddit,2,1,2025-05-15,True,False,0.00047,original,9.8,NETWORK,True,False,2025,1,v2025.03.14,False,False,False
CVE-2025-26677,2025-05-14,Reddit,1,1,2025-05-14,False,True,0.01273,original,7.5,NETWORK,True,False,2025,0,v2025.03.14,False,False,False
CVE-2024-30051,2025-05-14,HackerNews,1,1,2025-05-14,False,True,0.49451,original,7.8,LOCAL,True,False,2024,0,v2025.03.14,False,False,False
CVE-2025-29831,2025-05-14,Reddit,1,1,2025-05-14,False,True,0.00085,original,7.5,NETWORK,True,False,2025,0,v2025.03.14,False,False,False
CVE-2025-4339,2025-05-14,Reddit,1,1,2025-05-14,False,True,0.00025,original,4.3,NETWORK,True,False,2025,0,v2025.03.14,False,False,False
CVE-2025-4317,2025-05-14,Reddit,2,1,2025-05-19,True,True,0.00202,original,8.8,NETWORK,True,False,2025,5,v2025.03.14,False,False,False
CVE-2025-32415,2025-05-14,Mastodon,1,1,2025-05-14,True,False,0.00045,original,2.9,LOCAL,True,False,2025,0,v2025.03.14,False,False,False
CVE-2025-32414,2025-05-14,Mastodon,1,1,2025-05-14,True,False,0.00036,original,5.6,LOCAL,True,False,2025,0,v2025.03.14,False,False,False
CVE-2025-4552,2025-05-14,Reddit,1,1,2025-05-14,True,False,0.00034,original,5.4,NETWORK,True,True,2025,0,v2025.03.14,False,False,False
CVE-2022-2601,2025-05-14,BleepingComputer,2,1,2025-05-14,True,False,0.00069,original,8.6,LOCAL,False,False,2022,0,v2025.03.14,False,False,False
CVE-2025-47916,2025-05-14,Reddit,4,2,2025-05-23,True,False,0.00218,enriched,10.0,NETWORK,True,False,2025,9,v2025.03.14,False,False,False
CVE-2023-41992,2025-05-14,Reddit,3,1,2025-05-24,True,False,0.00447,original,7.8,LOCAL,True,False,2023,10,v2025.03.14,False,False,False
CVE-2022-46908,2025-05-14,Mastodon,1,1,2025-05-14,True,False,0.00088,original,7.3,LOCAL,True,False,2022,0,v2025.03.14,False,False,False
CVE-2024-12378,2025-05-15,Reddit,1,1,2025-05-15,True,False,0.00017,original,9.1,NETWORK,True,False,2024,0,v2025.03.14,False,False,False
CVE-2023-43770,2025-05-15,HackerNews,1,1,2025-05-15,True,False,0.75532,original,6.1,NETWORK,True,True,2023,0,v2025.03.14,False,False,False
CVE-2025-45843,2025-05-15,Reddit,1,1,2025-05-15,True,False,0.00045,original,8.8,NETWORK,True,False,2025,0,v2025.03.14,False,False,False
CVE-2025-45846,2025-05-15,Reddit,1,1,2025-05-15,True,False,0.00047,original,8.8,NETWORK,True,False,2025,0,v2025.03.14,False,False,False
CVE-2025-29972,2025-05-15,Reddit,1,1,2025-05-15,True,False,0.00083,original,9.9,NETWORK,True,False,2025,0,v2025.03.14,False,False,False
CVE-2025-3710,2025-05-15,Reddit,1,1,2025-05-15,True,False,0.0021,original,9.8,NETWORK,True,False,2025,0,v2025.03.14,False,False,False
CVE-2021-41773,2025-05-15,Reddit,1,1,2025-05-15,True,False,0.94398,original,7.5,NETWORK,True,False,2021,0,v2025.03.14,False,False,False
CVE-2024-21833,2025-05-15,Reddit,1,1,2025-05-15,True,False,0.0013,original,8.8,ADJACENT_NETWORK,True,False,2024,0,v2025.03.14,False,False,False
CVE-2025-4448,2025-05-15,Reddit,1,1,2025-05-15,True,False,0.00042,original,8.8,NETWORK,True,True,2025,0,v2025.03.14,False,False,False
CVE-2025-45842,2025-05-15,Reddit,1,1,2025-05-15,True,False,0.00045,original,8.8,NETWORK,True,False,2025,0,v2025.03.14,False,False,False
CVE-2025-3714,2025-05-15,Reddit,1,1,2025-05-15,True,False,0.0021,original,9.8,NETWORK,True,False,2025,0,v2025.03.14,False,False,False
CVE-2025-4664,2025-05-15,Reddit,14,3,2025-05-30,True,False,0.00059,original,4.3,NETWORK,True,False,2025,15,v2025.03.14,False,False,False
CVE-2025-47733,2025-05-15,Reddit,1,1,2025-05-15,True,False,0.00088,original,9.1,NETWORK,True,False,2025,0,v2025.03.14,False,False,False
CVE-2025-45887,2025-05-16,Reddit,1,1,2025-05-16,True,False,0.00039,original,9.1,NETWORK,True,False,2025,0,v2025.03.14,False,False,False
CVE-2023-28271,2025-05-16,HackerNews,2,1,2025-05-25,False,True,0.00226,original,5.5,LOCAL,True,False,2023,9,v2025.03.14,False,False,False
CVE-2023-28272,2025-05-16,HackerNews,2,1,2025-05-25,False,True,0.00345,original,7.8,LOCAL,True,False,2023,9,v2025.03.14,False,False,False
CVE-2023-32019,2025-05-16,HackerNews,2,1,2025-05-25,False,True,0.02317,original,4.7,LOCAL,True,False,2023,9,v2025.03.14,False,False,False
CVE-2023-35356,2025-05-16,HackerNews,2,1,2025-05-25,False,True,0.00396,original,7.8,LOCAL,True,False,2023,9,v2025.03.14,False,False,False
CVE-2023-35357,2025-05-16,HackerNews,2,1,2025-05-25,False,True,0.00188,original,7.8,LOCAL,True,False,2023,9,v2025.03.14,False,False,False
CVE-2023-35358,2025-05-16,HackerNews,2,1,2025-05-25,False,True,0.00188,original,7.8,LOCAL,True,False,2023,9,v2025.03.14,False,False,False
CVE-2023-35382,2025-05-16,HackerNews,2,1,2025-05-25,False,True,0.03282,original,7.8,LOCAL,True,False,2023,9,v2025.03.14,False,False,False
CVE-2023-28248,2025-05-16,HackerNews,2,1,2025-05-25,False,True,0.00283,original,7.8,LOCAL,True,False,2023,9,v2025.03.14,False,False,False
CVE-2023-35386,2025-05-16,HackerNews,2,1,2025-05-25,False,True,0.02888,original,7.8,LOCAL,True,False,2023,9,v2025.03.14,False,False,False
CVE-2023-36404,2025-05-16,HackerNews,2,1,2025-05-25,False,True,0.00217,original,5.5,LOCAL,True,False,2023,9,v2025.03.14,False,False,False
CVE-2023-36576,2025-05-16,HackerNews,2,1,2025-05-25,False,True,0.00289,original,5.5,LOCAL,True,False,2023,9,v2025.03.14,False,False,False
CVE-2023-36803,2025-05-16,HackerNews,2,1,2025-05-25,False,True,0.0029,original,5.5,LOCAL,True,False,2023,9,v2025.03.14,False,False,False
CVE-2023-38139,2025-05-16,HackerNews,2,1,2025-05-25,False,True,0.00584,original,7.8,LOCAL,True,False,2023,9,v2025.03.14,False,False,False
CVE-2023-38140,2025-05-16,HackerNews,2,1,2025-05-25,False,True,0.00282,original,5.5,LOCAL,True,False,2023,9,v2025.03.14,False,False,False
CVE-2023-38141,2025-05-16,HackerNews,2,1,2025-05-25,False,True,0.00312,original,7.8,LOCAL,True,False,2023,9,v2025.03.14,False,False,False
CVE-2023-38154,2025-05-16,HackerNews,2,1,2025-05-25,False,True,0.0023,original,7.8,LOCAL,True,False,2023,9,v2025.03.14,False,False,False
CVE-2025-45885,2025-05-16,Reddit,1,1,2025-05-16,True,False,0.0004,original,9.8,NETWORK,True,True,2025,0,v2025.03.14,False,False,False
CVE-2024-43641,2025-05-16,HackerNews,2,1,2025-05-25,False,True,0.00146,original,7.8,LOCAL,True,False,2024,9,v2025.03.14,False,False,False
CVE-2023-35633,2025-05-16,HackerNews,2,1,2025-05-25,False,True,0.02359,original,7.8,LOCAL,True,False,2023,9,v2025.03.14,False,False,False
CVE-2023-23421,2025-05-16,HackerNews,2,1,2025-05-25,False,True,0.00346,original,7.8,LOCAL,True,False,2023,9,v2025.03.14,False,False,False
CVE-2023-23420,2025-05-16,HackerNews,2,1,2025-05-25,False,True,0.00279,original,7.8,LOCAL,True,False,2023,9,v2025.03.14,False,False,False
CVE-2023-21774,2025-05-16,HackerNews,2,1,2025-05-25,False,True,0.00512,original,7.8,LOCAL,True,False,2023,9,v2025.03.14,False,False,False
CVE-2024-49114,2025-05-16,HackerNews,2,1,2025-05-25,False,True,0.00249,original,7.8,LOCAL,True,False,2024,9,v2025.03.14,False,False,False
CVE-2022-34707,2025-05-16,HackerNews,2,1,2025-05-25,False,True,0.00194,original,7.8,LOCAL,True,False,2022,9,v2025.03.14,False,False,False
CVE-2022-34708,2025-05-16,HackerNews,2,1,2025-05-25,False,True,0.00546,original,5.5,LOCAL,True,False,2022,9,v2025.03.14,False,False,False
CVE-2022-35768,2025-05-16,HackerNews,2,1,2025-05-25,False,True,0.00188,original,7.8,LOCAL,True,False,2022,9,v2025.03.14,False,False,False
CVE-2022-37956,2025-05-16,HackerNews,2,1,2025-05-25,False,True,0.00307,original,7.8,LOCAL,True,False,2022,9,v2025.03.14,False,False,False
CVE-2022-37988,2025-05-16,HackerNews,2,1,2025-05-25,False,True,0.00738,original,7.8,LOCAL,True,False,2022,9,v2025.03.14,False,False,False
CVE-2022-37990,2025-05-16,HackerNews,2,1,2025-05-25,False,True,0.00315,original,7.8,LOCAL,True,False,2022,9,v2025.03.14,False,False,False
CVE-2022-37991,2025-05-16,HackerNews,2,1,2025-05-25,False,True,0.00738,original,7.8,LOCAL,True,False,2022,9,v2025.03.14,False,False,False
CVE-2020-0601,2025-05-16,Reddit,2,1,2025-05-16,True,False,0.93923,original,8.1,NETWORK,True,False,2020,0,v2025.03.14,False,False,False
CVE-2022-38037,2025-05-16,HackerNews,2,1,2025-05-25,False,True,0.02162,original,7.8,LOCAL,True,False,2022,9,v2025.03.14,False,False,False
CVE-2022-38038,2025-05-16,HackerNews,2,1,2025-05-25,False,True,0.02162,original,7.8,LOCAL,True,False,2022,9,v2025.03.14,False,False,False
CVE-2022-38039,2025-05-16,HackerNews,2,1,2025-05-25,False,True,0.01054,original,7.8,LOCAL,True,False,2022,9,v2025.03.14,False,False,False
CVE-2025-4556,2025-05-16,Reddit,1,1,2025-05-16,True,False,0.00191,original,9.8,NETWORK,True,False,2025,0,v2025.03.14,False,False,False
CVE-2025-4557,2025-05-16,Reddit,1,1,2025-05-16,True,False,0.00118,original,9.1,NETWORK,True,False,2025,0,v2025.03.14,False,False,False
CVE-2022-44683,2025-05-16,HackerNews,2,1,2025-05-25,False,True,0.04022,original,7.8,LOCAL,True,False,2022,9,v2025.03.14,False,False,False
CVE-2023-20963,2025-05-16,HackerNews,1,1,2025-05-16,False,True,0.04229,original,7.8,LOCAL,True,False,2023,0,v2025.03.14,False,False,False
CVE-2023-21675,2025-05-16,HackerNews,2,1,2025-05-25,False,True,0.00301,original,7.8,LOCAL,True,False,2023,9,v2025.03.14,False,False,False
CVE-2023-21747,2025-05-16,HackerNews,2,1,2025-05-25,False,True,0.00226,original,7.8,LOCAL,True,False,2023,9,v2025.03.14,False,False,False
CVE-2023-21748,2025-05-16,HackerNews,2,1,2025-05-25,False,True,0.0033,original,7.8,LOCAL,True,False,2023,9,v2025.03.14,False,False,False
CVE-2023-21750,2025-05-16,HackerNews,2,1,2025-05-25,False,True,0.00534,original,7.1,LOCAL,True,False,2023,9,v2025.03.14,False,False,False
CVE-2023-21772,2025-05-16,HackerNews,2,1,2025-05-25,False,True,0.00512,original,7.8,LOCAL,True,False,2023,9,v2025.03.14,False,False,False
CVE-2024-43452,2025-05-16,HackerNews,2,1,2025-05-25,False,True,0.01209,original,7.5,NETWORK,True,False,2024,9,v2025.03.14,False,False,False
CVE-2018-0898,2025-05-16,HackerNews,2,1,2025-05-25,False,True,0.01901,original,4.7,LOCAL,True,False,2018,9,v2025.03.14,False,False,False
CVE-2024-5274,2025-05-16,HackerNews,1,1,2025-05-16,False,True,0.01117,original,9.6,NETWORK,True,False,2024,0,v2025.03.14,False,False,False
CVE-2024-26178,2025-05-16,HackerNews,2,1,2025-05-25,False,True,0.00188,original,7.8,LOCAL,True,False,2024,9,v2025.03.14,False,False,False
CVE-2020-1377,2025-05-16,HackerNews,2,1,2025-05-25,False,True,0.00484,original,7.8,LOCAL,True,False,2020,9,v2025.03.14,False,False,False
CVE-2019-0881,2025-05-16,HackerNews,2,1,2025-05-25,False,True,0.02011,original,7.8,LOCAL,True,False,2019,9,v2025.03.14,False,False,False
CVE-2019-0959,2025-05-16,HackerNews,2,1,2025-05-25,False,True,0.04197,original,7.0,LOCAL,True,False,2019,9,v2025.03.14,False,False,False
CVE-2024-37051,2025-05-16,HackerNews,1,1,2025-05-16,False,True,0.01938,original,9.3,NETWORK,True,False,2024,0,v2025.03.14,False,False,False
CVE-2018-0900,2025-05-16,HackerNews,2,1,2025-05-25,False,True,0.01901,original,4.7,LOCAL,True,False,2018,9,v2025.03.14,False,False,False
CVE-2024-26173,2025-05-16,HackerNews,2,1,2025-05-25,False,True,0.00368,original,7.8,LOCAL,True,False,2024,9,v2025.03.14,False,False,False
CVE-2024-26177,2025-05-16,HackerNews,2,1,2025-05-25,False,True,0.00612,original,5.5,LOCAL,True,False,2024,9,v2025.03.14,False,False,False
CVE-2018-0899,2025-05-16,HackerNews,2,1,2025-05-25,False,True,0.01901,original,4.7,LOCAL,True,False,2018,9,v2025.03.14,False,False,False
CVE-2024-26181,2025-05-16,HackerNews,2,1,2025-05-25,False,True,0.00338,original,5.5,LOCAL,True,False,2024,9,v2025.03.14,False,False,False
CVE-2024-26182,2025-05-16,HackerNews,2,1,2025-05-25,False,True,0.05247,original,7.8,LOCAL,True,False,2024,9,v2025.03.14,False,False,False
CVE-2020-1378,2025-05-16,HackerNews,2,1,2025-05-25,False,True,0.01809,original,7.5,NETWORK,True,False,2020,9,v2025.03.14,False,False,False
CVE-2025-4452,2025-05-16,Reddit,1,1,2025-05-16,True,False,0.00042,original,8.8,NETWORK,True,True,2025,0,v2025.03.14,False,False,False
CVE-2025-25254,2025-05-16,Reddit,1,1,2025-05-16,True,False,0.00081,original,7.2,NETWORK,True,False,2025,0,v2025.03.14,False,False,False
CVE-2025-32728,2025-05-17,HackerNews,1,1,2025-05-17,False,True,0.0003,original,4.3,LOCAL,True,True,2025,0,v2025.03.14,False,False,False
CVE-2025-20164,2025-05-17,Reddit,1,1,2025-05-17,True,False,0.00136,original,8.3,NETWORK,True,False,2025,0,v2025.03.14,False,False,False
CVE-2024-6383,2025-05-17,HackerNews,1,1,2025-05-17,False,True,0.00225,original,5.3,NETWORK,True,False,2024,0,v2025.03.14,False,False,False
CVE-2025-32365,2025-05-17,HackerNews,1,1,2025-05-17,False,True,0.00028,original,4.0,LOCAL,True,False,2025,0,v2025.03.14,False,False,False
CVE-2024-53869,2025-05-17,HackerNews,1,1,2025-05-17,False,True,0.00018,original,5.5,LOCAL,True,False,2024,0,v2025.03.14,False,False,False
CVE-2025-44022,2025-05-17,Reddit,1,1,2025-05-17,True,False,0.00246,original,9.8,NETWORK,True,True,2025,0,v2025.03.14,False,False,False
CVE-2024-8100,2025-05-17,Reddit,1,1,2025-05-17,True,False,0.00034,original,8.7,NETWORK,True,False,2024,0,v2025.03.14,False,False,False
CVE-2024-11831,2025-05-17,HackerNews,1,1,2025-05-17,False,True,0.00033,original,5.4,NETWORK,True,True,2024,0,v2025.03.14,False,False,False
CVE-2024-6381,2025-05-17,HackerNews,1,1,2025-05-17,False,True,0.00072,original,4.0,LOCAL,True,False,2024,0,v2025.03.14,False,False,False
CVE-2023-29383,2025-05-17,HackerNews,1,1,2025-05-17,False,True,0.00026,original,3.3,LOCAL,True,True,2023,0,v2025.03.14,False,False,False
CVE-2025-4561,2025-05-17,Reddit,1,1,2025-05-17,True,False,0.00209,original,8.8,NETWORK,True,False,2025,0,v2025.03.14,False,False,False
CVE-2025-24529,2025-05-17,HackerNews,1,1,2025-05-17,False,True,0.00051,original,6.4,NETWORK,True,False,2025,0,v2025.03.14,False,False,False
CVE-2025-31163,2025-05-17,HackerNews,1,1,2025-05-17,False,True,0.00024,original,6.6,LOCAL,True,False,2025,0,v2025.03.14,False,False,False
CVE-2024-56524,2025-05-17,Reddit,1,1,2025-05-17,True,False,0.00045,original,9.1,NETWORK,True,False,2024,0,v2025.03.14,False,False,False
CVE-2025-2581,2025-05-17,HackerNews,1,1,2025-05-17,False,True,0.0011,original,4.3,NETWORK,True,False,2025,0,v2025.03.14,False,False,False
CVE-2025-1390,2025-05-17,HackerNews,1,1,2025-05-17,False,True,0.00021,original,6.1,LOCAL,True,False,2025,0,v2025.03.14,False,False,False
CVE-2024-24795,2025-05-17,HackerNews,1,1,2025-05-17,False,True,0.0021,original,6.3,NETWORK,True,False,2024,0,v2025.03.14,False,False,False
CVE-2025-24530,2025-05-17,HackerNews,1,1,2025-05-17,False,True,0.00051,original,6.4,NETWORK,True,False,2025,0,v2025.03.14,False,False,False
CVE-2024-28882,2025-05-17,HackerNews,1,1,2025-05-17,False,True,0.00282,original,4.3,NETWORK,True,False,2024,0,v2025.03.14,False,False,False
CVE-2025-2704,2025-05-17,HackerNews,1,1,2025-05-17,False,True,0.00105,original,7.5,NETWORK,True,False,2025,0,v2025.03.14,False,False,False
CVE-2017-13238,2025-05-17,Reddit,1,1,2025-05-17,True,False,0.00025,original,4.2,PHYSICAL,True,False,2017,0,v2025.03.14,False,False,False
CVE-2025-32364,2025-05-17,HackerNews,1,1,2025-05-17,False,True,0.00028,original,4.0,LOCAL,True,False,2025,0,v2025.03.14,False,False,False
CVE-2023-0437,2025-05-17,HackerNews,1,1,2025-05-17,False,True,0.00191,original,5.3,NETWORK,True,False,2023,0,v2025.03.14,False,False,False
CVE-2017-14227,2025-05-17,HackerNews,1,1,2025-05-17,False,True,0.01715,original,7.5,NETWORK,True,False,2017,0,v2025.03.14,False,False,False
CVE-2025-4207,2025-05-17,HackerNews,1,1,2025-05-17,False,True,0.00049,original,5.9,NETWORK,True,False,2025,0,v2025.03.14,False,False,False
CVE-2025-31162,2025-05-17,HackerNews,1,1,2025-05-17,False,True,0.00024,original,6.6,LOCAL,True,False,2025,0,v2025.03.14,False,False,False
CVE-2025-30346,2025-05-17,HackerNews,1,1,2025-05-17,False,True,0.00049,original,5.4,NETWORK,True,False,2025,0,v2025.03.14,False,False,False
CVE-2024-56378,2025-05-17,HackerNews,1,1,2025-05-17,False,True,0.0016,original,4.3,NETWORK,True,False,2024,0,v2025.03.14,False,False,False
CVE-2024-26462,2025-05-17,HackerNews,1,1,2025-05-17,False,True,0.00027,original,5.5,LOCAL,True,True,2024,0,v2025.03.14,False,False,False
CVE-2025-3360,2025-05-17,HackerNews,1,1,2025-05-17,False,True,0.0009,original,3.7,NETWORK,True,False,2025,0,v2025.03.14,False,False,False
CVE-2025-32464,2025-05-17,HackerNews,1,1,2025-05-17,False,True,0.00453,original,6.8,NETWORK,True,True,2025,0,v2025.03.14,False,False,False
CVE-2023-34872,2025-05-17,HackerNews,1,1,2025-05-17,False,True,0.00164,original,5.5,LOCAL,True,False,2023,0,v2025.03.14,False,False,False
CVE-2024-12987,2025-05-17,HackerNews,2,2,2025-05-19,True,True,0.56046,original,7.3,NETWORK,True,False,2024,2,v2025.03.14,False,False,False
CVE-2025-32776,2025-05-17,HackerNews,1,1,2025-05-17,False,True,0.00019,original,5.5,LOCAL,True,True,2025,0,v2025.03.14,False,False,False
CVE-2018-16790,2025-05-17,HackerNews,1,1,2025-05-17,False,True,0.00672,original,8.1,NETWORK,True,True,2018,0,v2025.03.14,False,False,False
CVE-2023-4641,2025-05-17,HackerNews,1,1,2025-05-17,False,True,0.00016,original,4.7,LOCAL,True,False,2023,0,v2025.03.14,False,False,False
CVE-2025-28203,2025-05-17,Reddit,1,1,2025-05-17,True,False,0.01156,original,8.8,ADJACENT_NETWORK,True,False,2025,0,v2025.03.14,False,False,False
CVE-2024-6531,2025-05-17,HackerNews,1,1,2025-05-17,False,True,0.00067,original,6.4,NETWORK,False,False,2024,0,v2025.03.14,False,False,False
CVE-2025-20154,2025-05-17,Reddit,1,1,2025-05-17,True,False,0.00121,original,8.6,NETWORK,True,False,2025,0,v2025.03.14,False,False,False
CVE-2024-7347,2025-05-17,HackerNews,1,1,2025-05-17,False,True,0.00103,original,4.7,LOCAL,True,False,2024,0,v2025.03.14,False,False,False
CVE-2024-6501,2025-05-17,HackerNews,1,1,2025-05-17,False,True,0.00148,original,3.1,NETWORK,True,False,2024,0,v2025.03.14,False,False,False
CVE-2023-4039,2025-05-17,HackerNews,1,1,2025-05-17,False,True,0.00121,original,4.8,NETWORK,True,False,2023,0,v2025.03.14,False,False,False
CVE-2024-43799,2025-05-17,HackerNews,1,1,2025-05-17,False,True,0.00029,original,5.0,NETWORK,True,True,2024,0,v2025.03.14,False,False,False
CVE-2025-2158,2025-05-17,Reddit,1,1,2025-05-17,True,False,0.00089,original,8.8,NETWORK,True,False,2025,0,v2025.03.14,False,False,False
CVE-2025-30673,2025-05-17,HackerNews,1,1,2025-05-17,False,True,0.00059,original,6.5,NETWORK,True,False,2025,0,v2025.03.14,False,False,False
CVE-2025-31164,2025-05-17,HackerNews,1,1,2025-05-17,False,True,0.00024,original,6.6,LOCAL,True,False,2025,0,v2025.03.14,False,False,False
CVE-2025-1860,2025-05-17,HackerNews,1,1,2025-05-17,False,True,0.00019,original,7.7,LOCAL,True,False,2025,0,v2025.03.14,False,False,False
CVE-2025-43965,2025-05-17,HackerNews,1,1,2025-05-17,False,True,0.00023,original,2.9,LOCAL,True,True,2025,0,v2025.03.14,False,False,False
CVE-2024-6484,2025-05-17,HackerNews,1,1,2025-05-17,False,True,0.00044,original,6.4,NETWORK,False,False,2024,0,v2025.03.14,False,False,False
CVE-2024-0150,2025-05-17,HackerNews,1,1,2025-05-17,False,True,0.00023,original,7.1,LOCAL,True,False,2024,0,v2025.03.14,False,False,False
CVE-2024-39936,2025-05-17,HackerNews,1,1,2025-05-17,False,True,0.00103,original,8.6,NETWORK,True,False,2024,0,v2025.03.14,False,False,False
CVE-2024-0149,2025-05-17,HackerNews,1,1,2025-05-17,False,True,0.0002,original,3.3,LOCAL,True,False,2024,0,v2025.03.14,False,False,False
CVE-2024-13176,2025-05-17,HackerNews,1,1,2025-05-17,False,True,0.00024,original,4.1,PHYSICAL,True,True,2024,0,v2025.03.14,False,False,False
CVE-2024-0147,2025-05-17,HackerNews,1,1,2025-05-17,False,True,0.00023,original,5.5,LOCAL,True,False,2024,0,v2025.03.14,False,False,False
CVE-2024-0131,2025-05-17,HackerNews,1,1,2025-05-17,False,True,0.00022,original,4.4,LOCAL,True,False,2024,0,v2025.03.14,False,False,False
CVE-2024-6485,2025-05-17,HackerNews,1,1,2025-05-17,False,True,0.0005,original,6.4,NETWORK,True,False,2024,0,v2025.03.14,False,False,False
CVE-2025-4440,2025-05-18,Reddit,1,1,2025-05-18,True,False,0.0004,original,8.0,ADJACENT_NETWORK,True,True,2025,0,v2025.03.14,False,False,False
CVE-2024-29073,2025-05-18,HackerNews,1,1,2025-05-18,False,True,0.00169,original,5.3,NETWORK,True,False,2024,0,v2025.03.14,False,False,False
CVE-2025-46739,2025-05-18,Reddit,1,1,2025-05-18,True,False,0.00072,original,8.1,NETWORK,True,False,2025,0,v2025.03.14,False,False,False
CVE-2024-32152,2025-05-18,HackerNews,1,1,2025-05-18,False,True,0.00098,original,3.1,NETWORK,True,False,2024,0,v2025.03.14,False,False,False
CVE-2024-32484,2025-05-18,HackerNews,1,1,2025-05-18,False,True,0.00707,original,7.4,NETWORK,True,False,2024,0,v2025.03.14,False,False,False
CVE-2023-51745,2025-05-18,Reddit,1,1,2025-05-18,True,False,0.00035,original,7.8,LOCAL,True,False,2023,0,v2025.03.14,False,False,False
CVE-2025-47269,2025-05-18,Reddit,1,1,2025-05-18,True,False,0.00038,original,8.3,NETWORK,True,True,2025,0,v2025.03.14,False,False,False
CVE-2024-26020,2025-05-18,HackerNews,1,1,2025-05-18,False,True,0.00628,original,9.6,NETWORK,True,False,2024,0,v2025.03.14,False,False,False
CVE-2025-26169,2025-05-18,Reddit,1,1,2025-05-18,True,False,0.00017,original,8.1,LOCAL,True,False,2025,0,v2025.03.14,False,False,False
CVE-2016-10243,2025-05-18,HackerNews,1,1,2025-05-18,False,True,0.02875,original,9.8,NETWORK,True,False,2016,0,v2025.03.14,False,False,False
CVE-2024-20698,2025-05-18,Reddit,1,1,2025-05-18,True,False,0.17205,original,7.8,LOCAL,True,False,2024,0,v2025.03.14,False,False,False
CVE-2024-20656,2025-05-18,Reddit,1,1,2025-05-18,True,False,0.62165,original,7.8,LOCAL,True,False,2024,0,v2025.03.14,False,False,False
CVE-2025-3600,2025-05-19,Mastodon,1,1,2025-05-19,True,False,0.0004,original,7.5,NETWORK,True,False,2025,0,v2025.03.14,False,False,False
CVE-2024-21325,2025-05-19,Reddit,1,1,2025-05-19,True,False,0.00814,original,7.8,LOCAL,True,False,2024,0,v2025.03.14,False,False,False
CVE-2025-4918,2025-05-19,BleepingComputer,7,2,2025-05-20,True,True,0.00018,original,7.5,NETWORK,False,False,2025,1,v2025.03.14,False,False,False
CVE-2025-30733,2025-05-19,HackerNews,2,1,2025-05-21,True,False,0.00044,original,6.5,NETWORK,True,False,2025,2,v2025.03.14,False,False,False
CVE-2025-47946,2025-05-19,Reddit,1,1,2025-05-19,True,False,0.00029,enriched,6.1,NETWORK,True,True,2025,0,v2025.03.14,False,False,False
CVE-2024-29943,2025-05-19,BleepingComputer,3,1,2025-05-19,False,True,0.6321,original,9.8,NETWORK,False,False,2024,0,v2025.03.14,False,False,False
CVE-2024-29944,2025-05-19,BleepingComputer,3,1,2025-05-19,False,True,0.00729,original,8.4,LOCAL,False,False,2024,0,v2025.03.14,False,False,False
CVE-2025-22866,2025-05-19,HackerNews,1,1,2025-05-19,True,False,9e-05,original,4.0,LOCAL,True,False,2025,0,v2025.03.14,False,False,False
CVE-2024-37014,2025-05-19,HackerNews,1,1,2025-05-19,False,True,0.02498,original,9.8,NETWORK,True,False,2024,0,v2025.03.14,False,False,False
CVE-2025-4919,2025-05-19,BleepingComputer,8,2,2025-05-30,False,True,0.00018,original,8.8,NETWORK,False,False,2025,11,v2025.03.14,False,False,False
CVE-2023-34332,2025-05-19,Reddit,1,1,2025-05-19,True,False,0.00021,original,7.8,LOCAL,True,False,2023,0,v2025.03.14,False,False,False
CVE-2023-32366,2025-05-19,Reddit,1,1,2025-05-19,True,False,0.00075,original,7.8,LOCAL,True,False,2023,0,v2025.03.14,False,False,False
CVE-2025-3953,2025-05-19,Reddit,1,1,2025-05-19,True,False,0.00035,original,6.5,NETWORK,True,False,2025,0,v2025.03.14,False,False,False
CVE-2025-4887,2025-05-19,Reddit,1,1,2025-05-19,True,False,0.00016,original,4.3,NETWORK,True,True,2025,0,v2025.03.14,False,False,False
CVE-2025-4875,2025-05-19,Reddit,1,1,2025-05-19,True,False,0.0003,original,7.3,NETWORK,True,False,2025,0,v2025.03.14,False,False,False
CVE-2023-29445,2025-05-19,Reddit,1,1,2025-05-19,True,False,0.00033,original,7.8,LOCAL,True,False,2023,0,v2025.03.14,False,False,False
CVE-2021-30871,2025-05-19,HackerNews,1,1,2025-05-19,True,False,0.00143,original,5.5,LOCAL,True,False,2021,0,v2025.03.14,False,False,False
CVE-2024-48061,2025-05-19,HackerNews,1,1,2025-05-19,False,True,0.00134,original,9.8,NETWORK,True,False,2024,0,v2025.03.14,False,False,False
CVE-2025-43010,2025-05-19,Reddit,1,1,2025-05-19,True,False,0.00047,original,8.3,NETWORK,True,False,2025,0,v2025.03.14,False,False,False
CVE-2022-46721,2025-05-19,Reddit,1,1,2025-05-19,True,False,0.00078,original,7.8,LOCAL,True,False,2022,0,v2025.03.14,False,False,False
CVE-2023-49641,2025-05-19,Reddit,1,1,2025-05-19,True,False,0.0004,original,9.8,NETWORK,True,False,2023,0,v2025.03.14,False,False,False
CVE-2024-7297,2025-05-19,HackerNews,1,1,2025-05-19,False,True,0.00073,original,8.8,NETWORK,True,False,2024,0,v2025.03.14,False,False,False
CVE-2024-42835,2025-05-19,HackerNews,1,1,2025-05-19,False,True,0.00475,original,9.8,NETWORK,True,False,2024,0,v2025.03.14,False,False,False
CVE-2021-30769,2025-05-20,HackerNews,1,1,2025-05-20,True,False,0.00099,original,5.5,LOCAL,True,False,2021,0,v2025.03.14,False,False,False
CVE-2025-4474,2025-05-20,Reddit,1,1,2025-05-20,True,False,0.00047,original,8.8,NETWORK,True,False,2025,0,v2025.03.14,False,False,False
CVE-2025-4391,2025-05-20,HackerNews,1,1,2025-05-20,False,True,0.0015,original,9.8,NETWORK,True,False,2025,0,v2025.03.14,False,False,False
CVE-2025-4389,2025-05-20,HackerNews,1,1,2025-05-20,False,True,0.0015,original,9.8,NETWORK,True,False,2025,0,v2025.03.14,False,False,False
CVE-2025-32469,2025-05-20,Reddit,1,1,2025-05-20,True,False,0.00274,original,9.9,NETWORK,True,False,2025,0,v2025.03.14,False,False,False
CVE-2025-4322,2025-05-20,BleepingComputer,2,2,2025-05-27,True,False,0.00055,original,9.8,NETWORK,True,False,2025,7,v2025.03.14,False,False,False
CVE-2023-52590,2025-05-20,HackerNews,1,1,2025-05-20,False,True,8e-05,original,5.5,LOCAL,True,False,2023,0,v2025.03.14,False,False,False
CVE-2025-41228,2025-05-20,Reddit,1,1,2025-05-20,False,True,0.00029,enriched,4.3,NETWORK,True,False,2025,0,v2025.03.14,False,False,False
CVE-2025-32928,2025-05-20,Reddit,2,1,2025-05-27,True,False,0.00041,original,9.8,NETWORK,True,False,2025,7,v2025.03.14,False,False,False
CVE-2024-26627,2025-05-20,HackerNews,1,1,2025-05-20,False,True,0.00013,original,5.5,LOCAL,True,False,2024,0,v2025.03.14,False,False,False
CVE-2024-26626,2025-05-20,HackerNews,1,1,2025-05-20,False,True,0.00018,original,5.5,LOCAL,True,False,2024,0,v2025.03.14,False,False,False
CVE-2024-24780,2025-05-20,Reddit,1,1,2025-05-20,True,False,0.00378,original,9.8,NETWORK,True,False,2024,0,v2025.03.14,False,False,False
CVE-2025-26390,2025-05-20,Reddit,1,1,2025-05-20,True,False,0.00087,original,9.8,NETWORK,True,False,2025,0,v2025.03.14,False,False,False
CVE-2023-52591,2025-05-20,HackerNews,1,1,2025-05-20,False,True,0.00013,original,7.8,LOCAL,True,False,2023,0,v2025.03.14,False,False,False
CVE-2023-52589,2025-05-20,HackerNews,1,1,2025-05-20,False,True,0.00012,original,4.7,LOCAL,True,False,2023,0,v2025.03.14,False,False,False
CVE-2025-45861,2025-05-20,Reddit,1,1,2025-05-20,True,False,0.00094,original,9.8,NETWORK,True,True,2025,0,v2025.03.14,False,False,False
CVE-2025-45858,2025-05-20,Reddit,1,1,2025-05-20,True,False,0.00404,original,9.8,NETWORK,True,True,2025,0,v2025.03.14,False,False,False
CVE-2025-29840,2025-05-20,Reddit,1,1,2025-05-20,True,False,0.00065,original,8.8,NETWORK,True,False,2025,0,v2025.03.14,False,False,False
CVE-2025-41227,2025-05-20,Reddit,1,1,2025-05-20,False,True,0.00013,enriched,5.5,LOCAL,True,False,2025,0,v2025.03.14,False,False,False
CVE-2025-41226,2025-05-20,Reddit,1,1,2025-05-20,False,True,0.0002,enriched,6.8,ADJACENT_NETWORK,True,False,2025,0,v2025.03.14,False,False,False
CVE-2025-41225,2025-05-20,Reddit,1,1,2025-05-20,False,True,0.00021,enriched,8.8,LOCAL,True,False,2025,0,v2025.03.14,False,False,False
CVE-2025-47241,2025-05-20,Reddit,17,2,2025-05-26,True,False,0.00035,original,4.0,NETWORK,True,True,2025,6,v2025.03.14,False,False,False
CVE-2022-41966,2025-05-20,Mastodon,1,1,2025-05-20,True,False,0.04884,original,8.2,NETWORK,True,False,2022,0,v2025.03.14,False,False,False
CVE-2024-45641,2025-05-21,Reddit,1,1,2025-05-21,True,False,0.00014,original,6.5,NETWORK,True,False,2024,0,v2025.03.14,False,False,False
CVE-2024-54780,2025-05-21,Reddit,1,1,2025-05-21,True,False,0.00328,original,8.8,NETWORK,True,False,2024,0,v2025.03.14,False,False,False
CVE-2025-47936,2025-05-21,Reddit,1,1,2025-05-21,True,False,0.00033,original,3.3,NETWORK,True,False,2025,0,v2025.03.14,False,False,False
CVE-2025-27891,2025-05-21,Reddit,1,1,2025-05-21,True,False,0.00056,original,9.1,NETWORK,True,False,2025,0,v2025.03.14,False,False,False
CVE-2025-47277,2025-05-21,Reddit,2,1,2025-05-27,True,False,0.00047,original,9.8,NETWORK,True,True,2025,6,v2025.03.14,False,False,False
CVE-2025-40775,2025-05-21,Reddit,5,1,2025-06-01,True,False,0.00023,enriched,7.5,NETWORK,True,False,2025,11,v2025.03.14,False,False,False
CVE-2025-47777,2025-05-21,Reddit,1,1,2025-05-21,True,False,0.00289,original,9.6,NETWORK,True,True,2025,0,v2025.03.14,False,False,False
CVE-2025-43560,2025-05-21,Reddit,1,1,2025-05-21,True,False,0.01926,original,9.1,NETWORK,True,False,2025,0,v2025.03.14,False,False,False
CVE-2025-43562,2025-05-21,Reddit,1,1,2025-05-21,True,False,0.01039,original,9.1,NETWORK,True,False,2025,0,v2025.03.14,False,False,False
CVE-2025-4564,2025-05-21,Reddit,1,1,2025-05-21,True,False,0.00598,original,9.8,NETWORK,True,False,2025,0,v2025.03.14,False,False,False
CVE-2025-29962,2025-05-21,Reddit,1,1,2025-05-21,True,False,0.00065,original,8.8,NETWORK,True,False,2025,0,v2025.03.14,False,False,False
CVE-2025-29964,2025-05-21,Reddit,1,1,2025-05-21,True,False,0.00065,original,8.8,NETWORK,True,False,2025,0,v2025.03.14,False,False,False
CVE-2025-3623,2025-05-22,Reddit,1,1,2025-05-22,True,False,0.00061,original,8.1,NETWORK,True,False,2025,0,v2025.03.14,False,False,False
CVE-2025-30377,2025-05-22,Reddit,1,1,2025-05-22,True,False,0.00049,original,8.4,LOCAL,True,False,2025,0,v2025.03.14,False,False,False
CVE-2025-4366,2025-05-22,HackerNews,1,1,2025-05-22,True,False,0.00038,enriched,8.0,NETWORK,True,False,2025,0,v2025.03.14,False,False,False
CVE-2025-26651,2025-05-22,Reddit,1,1,2025-05-22,True,False,0.13193,original,6.5,NETWORK,True,False,2025,0,v2025.03.14,False,False,False
CVE-2025-26817,2025-05-22,Reddit,2,1,2025-05-24,True,False,0.00415,original,9.8,NETWORK,True,False,2025,2,v2025.03.14,False,False,False
CVE-2025-27523,2025-05-22,Reddit,1,1,2025-05-22,True,False,0.00058,original,8.7,NETWORK,True,False,2025,0,v2025.03.14,False,False,False
CVE-2025-48010,2025-05-22,Reddit,1,1,2025-05-22,True,False,0.00037,original,4.8,NETWORK,True,False,2025,0,v2025.03.14,False,False,False
CVE-2024-11267,2025-05-22,Reddit,1,1,2025-05-22,True,False,0.00036,original,8.8,NETWORK,True,False,2024,0,v2025.03.14,False,False,False
CVE-2025-20246,2025-05-22,Reddit,1,1,2025-05-22,True,False,0.0004,original,6.1,NETWORK,True,False,2025,0,v2025.03.14,False,False,False
CVE-2025-30663,2025-05-22,Reddit,1,1,2025-05-22,True,False,0.00013,original,8.8,LOCAL,True,False,2025,0,v2025.03.14,False,False,False
CVE-2025-0993,2025-05-22,Reddit,1,1,2025-05-22,True,False,0.00033,enriched,7.5,NETWORK,True,False,2025,0,v2025.03.14,False,False,False
CVE-2025-20018,2025-05-22,Reddit,1,1,2025-05-22,True,False,0.00014,original,8.4,LOCAL,True,False,2025,0,v2025.03.14,False,False,False
CVE-2025-24022,2025-05-22,Reddit,1,1,2025-05-22,True,False,0.0008,original,8.5,NETWORK,True,True,2025,0,v2025.03.14,False,False,False
CVE-2025-4731,2025-05-23,Reddit,1,1,2025-05-23,True,False,0.00086,original,8.8,NETWORK,True,True,2025,0,v2025.03.14,False,False,False
CVE-2025-4575,2025-05-23,HackerNews,1,1,2025-05-23,True,False,0.0002,original,6.5,NETWORK,True,True,2025,0,v2025.03.14,False,False,False
CVE-2025-48187,2025-05-23,Reddit,1,1,2025-05-23,True,False,0.00039,original,9.1,NETWORK,True,False,2025,0,v2025.03.14,False,False,False
CVE-2025-4824,2025-05-23,Reddit,1,1,2025-05-23,True,False,0.00086,original,8.8,NETWORK,True,True,2025,0,v2025.03.14,False,False,False
CVE-2025-4810,2025-05-23,Reddit,1,1,2025-05-23,True,False,0.00048,original,8.8,NETWORK,True,False,2025,0,v2025.03.14,False,False,False
CVE-2023-6241,2025-05-23,HackerNews,2,1,2025-05-25,False,True,0.09367,original,7.0,LOCAL,True,False,2023,2,v2025.03.14,False,False,False
CVE-2025-20113,2025-05-23,Reddit,1,1,2025-05-23,False,True,0.00054,original,7.1,NETWORK,True,False,2025,0,v2025.03.14,False,False,False
CVE-2025-4123,2025-05-23,Reddit,1,1,2025-05-23,False,True,0.03175,original,7.6,NETWORK,True,False,2025,0,v2025.03.14,False,False,False
CVE-2024-13930,2025-05-23,Reddit,1,1,2025-05-23,True,False,0.00054,original,4.9,NETWORK,True,False,2024,0,v2025.03.14,False,False,False
CVE-2025-31640,2025-05-23,Reddit,1,1,2025-05-23,True,False,0.00033,original,8.5,NETWORK,True,False,2025,0,v2025.03.14,False,False,False
CVE-2024-13955,2025-05-23,Reddit,2,1,2025-05-31,True,False,0.0003,original,8.8,NETWORK,True,False,2024,8,v2025.03.14,False,False,False
CVE-2025-2410,2025-05-23,Reddit,1,1,2025-05-23,True,False,0.00044,original,9.1,NETWORK,True,False,2025,0,v2025.03.14,False,False,False
CVE-2022-38181,2025-05-23,HackerNews,2,1,2025-05-25,False,True,0.25617,original,8.8,NETWORK,True,False,2022,2,v2025.03.14,False,False,False
CVE-2025-39481,2025-05-23,Reddit,1,1,2025-05-23,True,False,0.0004,original,9.3,NETWORK,True,False,2025,0,v2025.03.14,False,False,False
CVE-2024-42509,2025-05-23,Reddit,1,1,2025-05-23,False,True,0.00246,original,9.8,NETWORK,True,False,2024,0,v2025.03.14,False,False,False
CVE-2024-47461,2025-05-23,Reddit,1,1,2025-05-23,False,True,0.00251,original,7.2,NETWORK,True,False,2024,0,v2025.03.14,False,False,False
CVE-2025-32310,2025-05-23,Reddit,1,1,2025-05-23,True,False,0.00019,original,8.8,NETWORK,True,False,2025,0,v2025.03.14,False,False,False
CVE-2025-20152,2025-05-23,Reddit,1,1,2025-05-23,True,False,0.00088,original,8.6,NETWORK,True,False,2025,0,v2025.03.14,False,False,False
CVE-2025-20114,2025-05-23,Reddit,1,1,2025-05-23,False,True,0.00034,original,4.3,NETWORK,True,False,2025,0,v2025.03.14,False,False,False
CVE-2025-0072,2025-05-23,HackerNews,3,2,2025-05-25,True,True,0.00015,original,7.8,LOCAL,True,False,2025,2,v2025.03.14,False,False,False
CVE-2024-47460,2025-05-23,Reddit,1,1,2025-05-23,False,True,0.00102,original,9.0,NETWORK,True,False,2024,0,v2025.03.14,False,False,False
CVE-2025-31928,2025-05-23,Reddit,1,1,2025-05-23,True,False,0.00033,original,8.5,NETWORK,True,False,2025,0,v2025.03.14,False,False,False
CVE-2025-48708,2025-05-24,HackerNews,2,2,2025-05-27,True,False,0.00011,original,4.0,LOCAL,True,False,2025,3,v2025.03.14,False,False,False
CVE-2025-4759,2025-05-24,Reddit,1,1,2025-05-24,True,False,0.00055,original,8.3,NETWORK,True,True,2025,0,v2025.03.14,False,False,False
CVE-2025-48286,2025-05-24,Reddit,1,1,2025-05-24,True,False,0.00033,original,7.1,NETWORK,True,False,2025,0,v2025.03.14,False,False,False
CVE-2018-4413,2025-05-24,HackerNews,1,1,2025-05-24,False,True,0.00556,original,5.5,LOCAL,True,False,2018,0,v2025.03.14,False,False,False
CVE-2025-4841,2025-05-24,Reddit,1,1,2025-05-24,True,False,0.0005,original,8.8,NETWORK,True,False,2025,0,v2025.03.14,False,False,False
CVE-2018-4344,2025-05-24,HackerNews,1,1,2025-05-24,False,True,0.00515,original,7.8,LOCAL,True,False,2018,0,v2025.03.14,False,False,False
CVE-2025-32290,2025-05-24,Reddit,1,1,2025-05-24,True,False,0.00033,original,8.5,NETWORK,True,False,2025,0,v2025.03.14,False,False,False
CVE-2025-32307,2025-05-24,Reddit,1,1,2025-05-24,True,False,0.00033,original,8.5,NETWORK,True,False,2025,0,v2025.03.14,False,False,False
CVE-2025-3580,2025-05-24,Reddit,1,1,2025-05-24,True,False,0.00028,original,5.5,NETWORK,True,False,2025,0,v2025.03.14,False,False,False
CVE-2025-47641,2025-05-24,Reddit,1,1,2025-05-24,True,False,0.00043,original,10.0,NETWORK,True,False,2025,0,v2025.03.14,False,False,False
CVE-2025-4831,2025-05-24,Reddit,1,1,2025-05-24,True,False,0.00144,original,8.8,NETWORK,True,True,2025,0,v2025.03.14,False,False,False
CVE-2025-47658,2025-05-24,Reddit,1,1,2025-05-24,True,False,0.00042,original,9.9,NETWORK,True,False,2025,0,v2025.03.14,False,False,False
CVE-2020-9859,2025-05-24,HackerNews,1,1,2025-05-24,False,True,0.00369,original,7.8,LOCAL,True,False,2020,0,v2025.03.14,False,False,False
CVE-2025-4827,2025-05-24,Reddit,1,1,2025-05-24,True,False,0.00144,original,8.8,NETWORK,True,True,2025,0,v2025.03.14,False,False,False
CVE-2025-4896,2025-05-24,Reddit,1,1,2025-05-24,True,False,0.00048,original,8.8,NETWORK,True,True,2025,0,v2025.03.14,False,False,False
CVE-2025-4834,2025-05-24,Reddit,1,1,2025-05-24,True,False,0.00144,original,8.8,NETWORK,True,True,2025,0,v2025.03.14,False,False,False
CVE-2025-3812,2025-05-25,Reddit,1,1,2025-05-25,True,False,0.00341,original,8.1,NETWORK,True,False,2025,0,v2025.03.14,False,False,False
CVE-2024-13946,2025-05-25,ExploitDB,1,1,2025-05-25,True,False,0.00025,original,6.8,LOCAL,True,False,2024,0,v2025.03.14,False,False,False
CVE-2025-20618,2025-05-25,Reddit,1,1,2025-05-25,True,False,0.00016,original,7.9,LOCAL,True,False,2025,0,v2025.03.14,False,False,False
CVE-2025-48236,2025-05-25,Reddit,1,1,2025-05-25,True,False,0.00052,original,8.5,NETWORK,True,False,2025,0,v2025.03.14,False,False,False
CVE-2023-29336,2025-05-25,ExploitDB,1,1,2025-05-25,True,False,0.74852,original,7.8,LOCAL,True,False,2023,0,v2025.03.14,False,False,False
CVE-2025-43000,2025-05-25,Reddit,1,1,2025-05-25,True,False,0.00014,original,7.9,LOCAL,True,False,2025,0,v2025.03.14,False,False,False
CVE-2022-2070,2025-05-25,ExploitDB,1,1,2025-05-25,True,False,0.00083,original,9.8,NETWORK,True,False,2022,0,v2025.03.14,False,False,False
CVE-2024-58101,2025-05-25,Reddit,1,1,2025-05-25,True,False,0.00016,original,8.1,ADJACENT_NETWORK,True,False,2024,0,v2025.03.14,False,False,False
CVE-2023-42871,2025-05-25,Reddit,1,1,2025-05-25,True,False,0.00062,original,7.8,LOCAL,True,False,2023,0,v2025.03.14,False,False,False
CVE-2023-42826,2025-05-25,Reddit,1,1,2025-05-25,True,False,0.0003,original,7.8,LOCAL,True,False,2023,0,v2025.03.14,False,False,False
CVE-2023-50671,2025-05-25,Reddit,1,1,2025-05-25,True,False,0.00034,original,7.8,LOCAL,True,False,2023,0,v2025.03.14,False,False,False
CVE-2024-46687,2025-05-26,Reddit,1,1,2025-05-26,True,False,0.00044,original,7.8,LOCAL,True,False,2024,0,v2025.03.14,False,False,False
CVE-2025-30310,2025-05-26,Reddit,1,1,2025-05-26,True,False,0.00027,original,7.8,LOCAL,True,False,2025,0,v2025.03.14,False,False,False
CVE-2025-47582,2025-05-26,Reddit,1,1,2025-05-26,True,False,0.00054,original,9.8,NETWORK,True,False,2025,0,v2025.03.14,False,False,False
CVE-2022-3604,2025-05-26,Reddit,1,1,2025-05-26,True,False,0.00216,original,7.8,LOCAL,True,False,2022,0,v2025.03.14,False,False,False
CVE-2023-42137,2025-05-26,Reddit,1,1,2025-05-26,True,False,0.00108,original,7.8,LOCAL,True,False,2023,0,v2025.03.14,False,False,False
CVE-2025-47577,2025-05-26,Reddit,3,1,2025-05-30,True,False,0.00056,original,10.0,NETWORK,True,False,2025,4,v2025.03.14,False,False,False
CVE-2025-26872,2025-05-26,Reddit,1,1,2025-05-26,True,False,0.00047,original,9.9,NETWORK,True,False,2025,0,v2025.03.14,False,False,False
CVE-2023-7206,2025-05-26,Reddit,1,1,2025-05-26,True,False,0.00026,original,7.8,LOCAL,True,False,2023,0,v2025.03.14,False,False,False
CVE-2021-38314,2025-05-27,Reddit,1,1,2025-05-27,True,False,0.86722,original,5.3,NETWORK,True,False,2021,0,v2025.03.14,False,False,False
CVE-2025-39386,2025-05-27,Reddit,1,1,2025-05-27,True,False,0.00039,original,9.3,NETWORK,True,False,2025,0,v2025.03.14,False,False,False
CVE-2024-7264,2025-05-27,Reddit,1,1,2025-05-27,False,True,0.02574,original,6.5,NETWORK,True,True,2024,0,v2025.03.14,False,False,False
CVE-2025-46724,2025-05-27,Reddit,1,1,2025-05-27,False,True,0.00063,original,9.8,NETWORK,True,True,2025,0,v2025.03.14,False,False,False
CVE-2025-0167,2025-05-27,Reddit,1,1,2025-05-27,False,True,0.00062,original,3.4,NETWORK,True,False,2025,0,v2025.03.14,False,False,False
CVE-2025-5138,2025-05-27,Reddit,3,1,2025-05-30,False,True,0.00029,original,3.5,NETWORK,True,True,2025,3,v2025.03.14,False,False,False
CVE-2025-44885,2025-05-27,Reddit,1,1,2025-05-27,True,False,0.00056,original,9.8,NETWORK,True,False,2025,0,v2025.03.14,False,False,False
CVE-2025-47581,2025-05-27,Reddit,1,1,2025-05-27,True,False,0.00054,original,9.8,NETWORK,True,False,2025,0,v2025.03.14,False,False,False
CVE-2025-5177,2025-05-27,Reddit,1,1,2025-05-27,True,False,0.00029,original,4.3,NETWORK,True,False,2025,0,v2025.03.14,False,False,False
CVE-2025-44084,2025-05-27,Reddit,1,1,2025-05-27,True,False,0.00287,original,9.8,NETWORK,True,True,2025,0,v2025.03.14,False,False,False
CVE-2025-2760,2025-05-27,Reddit,3,1,2025-05-30,False,True,0.00038,original,7.8,LOCAL,True,False,2025,3,v2025.03.14,False,False,False
CVE-2025-5174,2025-05-27,Reddit,1,1,2025-05-27,True,False,0.00017,original,5.3,LOCAL,True,True,2025,0,v2025.03.14,False,False,False
CVE-2024-39338,2025-05-27,Reddit,1,1,2025-05-27,True,False,0.00032,original,7.5,NETWORK,True,False,2024,0,v2025.03.14,False,False,False
CVE-2025-39354,2025-05-27,Reddit,1,1,2025-05-27,True,False,0.00054,original,9.8,NETWORK,True,False,2025,0,v2025.03.14,False,False,False
CVE-2025-48200,2025-05-27,Reddit,1,1,2025-05-27,True,False,0.0026,original,10.0,NETWORK,True,False,2025,0,v2025.03.14,False,False,False
CVE-2025-27701,2025-05-28,Reddit,1,1,2025-05-28,True,False,5e-05,original,5.5,LOCAL,True,False,2025,0,v2025.03.14,False,False,False
CVE-2025-5165,2025-05-28,Reddit,1,1,2025-05-28,True,False,0.00013,original,3.3,LOCAL,True,True,2025,0,v2025.03.14,False,False,False
CVE-2025-2409,2025-05-28,Reddit,1,1,2025-05-28,True,False,0.00051,original,9.1,NETWORK,True,False,2025,0,v2025.03.14,False,False,False
CVE-2025-44083,2025-05-28,Reddit,1,1,2025-05-28,True,False,0.00242,original,9.8,NETWORK,True,True,2025,0,v2025.03.14,False,False,False
CVE-2025-32814,2025-05-28,Reddit,1,1,2025-05-28,True,False,0.0004,original,9.8,NETWORK,True,False,2025,0,v2025.03.14,False,False,False
CVE-2023-39780,2025-05-28,BleepingComputer,1,1,2025-05-28,False,True,0.01786,original,8.8,NETWORK,True,True,2023,0,v2025.03.14,False,False,False
CVE-2023-4369,2025-05-28,HackerNews,1,1,2025-05-28,True,False,0.00058,original,8.8,NETWORK,True,False,2023,0,v2025.03.14,False,False,False
CVE-2021-27101,2025-05-28,Reddit,1,1,2025-05-28,False,True,0.01452,original,9.8,NETWORK,True,True,2021,0,v2025.03.14,False,False,False
CVE-2025-44898,2025-05-28,Reddit,1,1,2025-05-28,True,False,0.00056,original,9.8,NETWORK,True,False,2025,0,v2025.03.14,False,False,False
CVE-2021-32030,2025-05-28,BleepingComputer,1,1,2025-05-28,False,True,0.93443,original,9.8,NETWORK,True,True,2021,0,v2025.03.14,False,False,False
CVE-2025-44894,2025-05-28,Reddit,1,1,2025-05-28,True,False,0.00056,original,9.8,NETWORK,True,False,2025,0,v2025.03.14,False,False,False
CVE-2025-44893,2025-05-28,Reddit,1,1,2025-05-28,True,False,0.00056,original,9.8,NETWORK,True,False,2025,0,v2025.03.14,False,False,False
CVE-2025-44887,2025-05-28,Reddit,1,1,2025-05-28,True,False,0.00056,original,9.8,NETWORK,True,False,2025,0,v2025.03.14,False,False,False
CVE-2025-44883,2025-05-28,Reddit,1,1,2025-05-28,True,False,0.00056,original,9.8,NETWORK,True,False,2025,0,v2025.03.14,False,False,False
CVE-2025-5117,2025-05-28,Reddit,1,1,2025-05-28,True,False,0.00042,original,8.8,NETWORK,True,False,2025,0,v2025.03.14,False,False,False
CVE-2023-0669,2025-05-28,Reddit,1,1,2025-05-28,False,True,0.94364,original,7.2,NETWORK,True,True,2023,0,v2025.03.14,False,False,False
CVE-2025-29957,2025-05-29,Reddit,1,1,2025-05-29,True,False,0.00372,original,6.2,LOCAL,True,False,2025,0,v2025.03.14,False,False,False
CVE-2025-4094,2025-05-29,ExploitDB,1,1,2025-05-29,True,False,0.0002,original,9.8,NETWORK,True,False,2025,0,v2025.03.14,False,False,False
CVE-2025-31430,2025-05-29,Reddit,1,1,2025-05-29,True,False,0.00054,original,9.8,NETWORK,True,False,2025,0,v2025.03.14,False,False,False
CVE-2025-45471,2025-05-29,Reddit,1,1,2025-05-29,True,False,0.00036,original,8.8,NETWORK,True,False,2025,0,v2025.03.14,False,False,False
CVE-2025-5298,2025-05-29,ExploitDB,1,1,2025-05-29,True,False,0.00023,original,7.3,NETWORK,True,False,2025,0,v2025.03.14,False,False,False
CVE-2025-5232,2025-05-29,Reddit,1,1,2025-05-29,True,False,0.00027,original,4.7,NETWORK,True,False,2025,0,v2025.03.14,False,False,False
CVE-2025-45472,2025-05-29,Reddit,1,1,2025-05-29,True,False,0.00036,original,8.8,NETWORK,True,False,2025,0,v2025.03.14,False,False,False
CVE-2025-5124,2025-05-29,Reddit,1,1,2025-05-29,False,True,0.00042,original,8.1,NETWORK,True,False,2025,0,v2025.03.14,False,False,False
CVE-2023-36845,2025-05-29,Reddit,1,1,2025-05-29,False,True,0.94355,original,9.8,NETWORK,True,False,2023,0,v2025.03.14,False,False,False
CVE-2025-31069,2025-05-29,Reddit,1,1,2025-05-29,True,False,0.00054,original,9.8,NETWORK,True,False,2025,0,v2025.03.14,False,False,False
CVE-2025-36572,2025-05-29,Reddit,1,1,2025-05-29,True,False,0.00034,original,6.5,NETWORK,True,False,2025,0,v2025.03.14,False,False,False
CVE-2019-1367,2025-05-29,Reddit,1,1,2025-05-29,True,False,0.87865,original,7.5,NETWORK,True,False,2019,0,v2025.03.14,False,False,False
CVE-2024-1709,2025-05-29,BleepingComputer,1,1,2025-05-29,False,True,0.94364,original,10.0,NETWORK,True,True,2024,0,v2025.03.14,False,False,False
CVE-2025-5082,2025-05-29,Reddit,1,1,2025-05-29,True,False,0.00093,original,6.1,NETWORK,True,False,2025,0,v2025.03.14,False,False,False
CVE-2024-41196,2025-05-29,Reddit,1,1,2025-05-29,True,False,0.00018,original,9.8,NETWORK,True,False,2024,0,v2025.03.14,False,False,False
CVE-2025-48827,2025-05-29,Reddit,2,2,2025-05-30,False,True,0.00072,original,10.0,NETWORK,True,False,2025,1,v2025.03.14,False,False,False
CVE-2017-5705,2025-05-29,Reddit,3,1,2025-05-29,True,False,0.00141,original,7.8,LOCAL,True,False,2017,0,v2025.03.14,False,False,False
CVE-2024-48853,2025-05-29,Reddit,1,1,2025-05-29,True,False,0.00054,original,9.0,NETWORK,True,False,2024,0,v2025.03.14,False,False,False
CVE-2024-6914,2025-05-29,Reddit,1,1,2025-05-29,True,False,0.00039,original,9.8,NETWORK,True,False,2024,0,v2025.03.14,False,False,False
CVE-2025-39366,2025-05-29,Reddit,1,1,2025-05-29,True,False,0.00044,original,8.8,NETWORK,True,False,2025,0,v2025.03.14,False,False,False
CVE-2025-4947,2025-05-30,Reddit,1,1,2025-05-30,True,False,0.00017,original,6.5,NETWORK,True,False,2025,0,v2025.03.14,False,False,False
CVE-2025-48757,2025-05-30,Reddit,1,1,2025-05-30,True,False,0.00029,original,9.3,NETWORK,True,False,2025,0,v2025.03.14,False,False,False
CVE-2025-5334,2025-05-30,Reddit,1,1,2025-05-30,True,False,0.00047,original,7.5,NETWORK,True,False,2025,0,v2025.03.14,False,False,False
CVE-2025-48828,2025-05-30,BleepingComputer,1,1,2025-05-30,False,True,0.0004,original,9.0,NETWORK,True,False,2025,0,v2025.03.14,False,False,False
CVE-2025-31056,2025-05-30,Reddit,1,1,2025-05-30,True,False,0.00039,original,9.3,NETWORK,True,False,2025,0,v2025.03.14,False,False,False
CVE-2025-47637,2025-05-30,Reddit,1,1,2025-05-30,True,False,0.00056,original,10.0,NETWORK,True,False,2025,0,v2025.03.14,False,False,False
CVE-2025-31927,2025-05-30,Reddit,1,1,2025-05-30,True,False,0.00054,original,9.8,NETWORK,True,False,2025,0,v2025.03.14,False,False,False
CVE-2025-2146,2025-05-30,Reddit,1,1,2025-05-30,True,False,0.00126,original,9.8,NETWORK,True,False,2025,0,v2025.03.14,False,False,False
CVE-2024-51101,2025-05-30,Reddit,1,1,2025-05-30,True,False,0.00038,original,9.8,NETWORK,True,True,2024,0,v2025.03.14,False,False,False
CVE-2023-41591,2025-05-30,Reddit,1,1,2025-05-30,True,False,0.00035,original,9.8,NETWORK,True,False,2023,0,v2025.03.14,False,False,False
CVE-2025-39485,2025-05-30,Reddit,1,1,2025-05-30,True,False,0.00054,original,9.8,NETWORK,True,False,2025,0,v2025.03.14,False,False,False
CVE-2025-39499,2025-05-30,Reddit,1,1,2025-05-30,True,False,0.00054,original,9.8,NETWORK,True,False,2025,0,v2025.03.14,False,False,False
CVE-2024-22257,2025-05-30,Reddit,1,1,2025-05-30,True,False,0.00148,original,8.2,NETWORK,True,False,2024,0,v2025.03.14,False,False,False
CVE-2025-46468,2025-05-30,Reddit,1,1,2025-05-30,True,False,0.00151,original,9.8,NETWORK,True,False,2025,0,v2025.03.14,False,False,False
CVE-2025-46460,2025-05-31,Reddit,1,1,2025-05-31,True,False,0.00039,original,9.3,NETWORK,True,False,2025,0,v2025.03.14,False,False,False
CVE-2025-4989,2025-05-31,Reddit,1,1,2025-05-31,True,False,0.00032,original,8.7,NETWORK,True,False,2025,0,v2025.03.14,False,False,False
CVE-2025-5054,2025-05-31,Reddit,2,1,2025-05-31,False,True,0.0001,original,4.7,LOCAL,True,False,2025,0,v2025.03.14,False,False,False
CVE-2025-48201,2025-05-31,Reddit,1,1,2025-05-31,True,False,0.00042,original,8.6,NETWORK,True,False,2025,0,v2025.03.14,False,False,False
CVE-2025-5098,2025-05-31,Reddit,1,1,2025-05-31,True,False,0.00019,original,9.1,NETWORK,True,False,2025,0,v2025.03.14,False,False,False
CVE-2024-42190,2025-05-31,Reddit,1,1,2025-05-31,True,False,0.00012,original,6.5,LOCAL,True,False,2024,0,v2025.03.14,False,False,False
CVE-2025-2571,2025-05-31,Reddit,1,1,2025-05-31,True,False,0.0003,original,4.2,NETWORK,True,False,2025,0,v2025.03.14,False,False,False
CVE-2025-4598,2025-05-31,Reddit,2,1,2025-05-31,False,True,0.0001,original,4.7,LOCAL,True,False,2025,0,v2025.03.14,False,False,False
CVE-2025-32284,2025-05-31,Reddit,1,1,2025-05-31,True,False,0.00054,original,8.8,NETWORK,True,False,2025,0,v2025.03.14,False,False,False
CVE-2025-2501,2025-05-31,Reddit,1,1,2025-05-31,True,False,0.00012,original,7.8,LOCAL,True,False,2025,0,v2025.03.14,False,False,False
CVE-2025-47631,2025-05-31,Reddit,1,1,2025-05-31,True,False,0.00044,original,8.8,NETWORK,True,False,2025,0,v2025.03.14,False,False,False
CVE-2025-5215,2025-05-31,Reddit,1,1,2025-05-31,True,False,0.00084,original,8.8,NETWORK,True,False,2025,0,v2025.03.14,False,False,False
CVE-2025-27998,2025-06-01,Reddit,1,1,2025-06-01,True,False,0.00027,original,8.4,LOCAL,True,False,2025,0,v2025.03.14,False,False,False
CVE-2025-5375,2025-06-01,Reddit,1,1,2025-06-01,True,False,0.00017,original,6.3,NETWORK,True,False,2025,0,v2025.03.14,False,False,False
CVE-2025-47478,2025-06-01,Reddit,1,1,2025-06-01,True,False,0.00033,original,8.5,NETWORK,True,False,2025,0,v2025.03.14,False,False,False
CVE-2025-39355,2025-06-01,Reddit,1,1,2025-06-01,True,False,0.00033,original,8.5,NETWORK,True,False,2025,0,v2025.03.14,False,False,False
CVE-2025-47535,2025-06-01,Reddit,1,1,2025-06-01,True,False,0.00063,original,8.6,NETWORK,True,False,2025,0,v2025.03.14,False,False,False
CVE-2025-5383,2025-06-01,Reddit,1,1,2025-06-01,True,False,0.00026,original,2.4,NETWORK,True,False,2025,0,v2025.03.14,False,False,False
