{
  "train_loss": [
    0.9262814599681984,
    0.6882729584520514,
    0.5841025794771585,
    0.5168663359839808,
    0.4888403683223508,
    0.38215130631049926,
    0.35792768983678386,
    0.3227720620025965,
    0.28490973462943325,
    0.25896700827235525,
    0.2628800848456608,
    0.23027132181662388,
    0.2070673937612975,
    0.1663298819277605,
    0.14535744380819696,
    0.11473508124419657,
    0.09263847424683097,
    0.07264822872159792,
    0.08340963050498183,
    0.06792176929676233,
    0.04956650431499425,
    0.053687962785922784
  ],
  "val_loss": [
    0.7111888951376865,
    0.701567701603237,
    0.6295125233499628,
    1.141526493586992,
    0.8690529449989921,
    0.806751737469121,
    2.023704625175972,
    1.0003643361361403,
    1.047368356075726,
    1.6460279900776713,
    0.9236861498732316,
    1.4039684734062146,
    1.7483463392249847,
    1.310715250278774,
    2.500441413372755,
    1.9051417259401398,
    2.890168142848109,
    3.5123615293322423,
    3.698860227865608,
    3.0840915542488037,
    2.707963955147486,
    3.2462331609506356
  ],
  "val_prauc": [
    0.6351572312285961,
    0.7098144371763275,
    0.7355576726032456,
    0.6534417698612657,
    0.7458618057328721,
    0.7329185131419438,
    0.7563768706607544,
    0.7463239631523197,
    0.7357570611315853,
    0.6995709024686717,
    0.7024427408928765,
    0.7074398906398545,
    0.7311609550733147,
    0.720784707150787,
    0.7254296961878415,
    0.7074406899894736,
    0.6928522181065166,
    0.725683236565222,
    0.6958083272718304,
    0.6893346436539735,
    0.7182270408061364,
    0.7287472147752168
  ],
  "val_f1": [
    0.6075085324232082,
    0.6692015209125475,
    0.6175637393767706,
    0.5106382978723404,
    0.6768060836501901,
    0.6712328767123288,
    0.5806451612903226,
    0.6640316205533597,
    0.6502057613168725,
    0.6139534883720931,
    0.6285714285714286,
    0.6558704453441295,
    0.6283185840707964,
    0.6814814814814815,
    0.6,
    0.6180257510729614,
    0.5794392523364486,
    0.58,
    0.5686274509803921,
    0.6036036036036037,
    0.6194690265486725,
    0.6018518518518519
  ]
}