{
  "train_loss": [
    1.0627529309554533,
    0.8693244768814608,
    0.7457108169116757,
    0.6058969761837613,
    0.5142071421512149,
    0.4516021449288184,
    0.3555022176693786,
    0.3406927394045686,
    0.2490682445297187,
    0.21625751623121853,
    0.2258125457261816,
    0.15414610268304718,
    0.15246389260176907,
    0.19344572253546424,
    0.10063501586674564,
    0.04874185487080302,
    0.03672362532556277,
    0.03370763419417761,
    0.039790521882671535,
    0.028650576068891744,
    0.024255106669288165,
    0.022944517447533806,
    0.02651051288541401
  ],
  "val_loss": [
    0.9383313749965868,
    0.742205969597164,
    0.7084757434694391,
    0.7163003220369941,
    0.8837756138098868,
    0.8698627603681464,
    1.2015584268068011,
    1.1092379642160315,
    0.9357801926763434,
    1.3246898157031912,
    1.3318540377444343,
    1.5201172734561719,
    1.7633628421708156,
    1.5251261607596749,
    2.1257489441256774,
    2.4669947577150246,
    2.5135939238887084,
    2.1531397684624323,
    2.5610448874925313,
    3.3217278040553393,
    2.911256398025312,
    3.016321328125502,
    2.9889723093886125
  ],
  "val_prauc": [
    0.5594353211626238,
    0.6332689735916467,
    0.6589430136643829,
    0.6622271368781755,
    0.6766718084040734,
    0.6861075055872313,
    0.6344928894570167,
    0.7066917808513937,
    0.6689878614582143,
    0.6760582096703099,
    0.705681240468835,
    0.6611296939101445,
    0.6819594485884968,
    0.6790430300084024,
    0.685020340766126,
    0.6927697269311659,
    0.6860207151484254,
    0.6582617475735622,
    0.6842300866402081,
    0.6898967059541192,
    0.6685805817700187,
    0.6729573519957128,
    0.6713080704310996
  ],
  "val_f1": [
    0.44227005870841485,
    0.593939393939394,
    0.5830903790087464,
    0.6118421052631579,
    0.6196078431372549,
    0.5871559633027523,
    0.5409252669039146,
    0.6585365853658537,
    0.6112956810631229,
    0.6415094339622641,
    0.642570281124498,
    0.6169491525423729,
    0.63003663003663,
    0.6266666666666667,
    0.65,
    0.6382978723404256,
    0.616,
    0.597864768683274,
    0.6513409961685823,
    0.6379310344827587,
    0.625,
    0.6050420168067226,
    0.6108786610878661
  ]
}