{
  "train_loss": [
    0.9535082379976908,
    0.9625243345896403,
    0.8554309407869974,
    0.9627865552902222,
    0.812904417514801
  ],
  "val_loss": [
    0.8712204694747925,
    0.8705281615257263,
    0.8613572120666504,
    0.8538647890090942,
    0.8429591655731201
  ],
  "val_prauc": [
    0.125,
    0.125,
    1.0,
    1.0,
    1.0
  ],
  "val_f1": [
    0.0,
    0.0,
    1.0,
    1.0,
    1.0
  ]
}