{
  "train_loss": [
    0.8339639894701355,
    0.7678198523782379,
    0.7414463834086461,
    0.7350555513035598,
    0.7182277584846933,
    0.711155528452859,
    0.7063787886455878,
    0.7129741726230033,
    0.6931035042698703,
    0.7049551529077748,
    0.6839344817311016,
    0.6922857439636592,
    0.6759123118659157,
    0.6792858520253974,
    0.6695084423568118,
    0.6597598917152158,
    0.6537447141770699,
    0.6698557019826785,
    0.6587838626916136,
    0.6630602120166987,
    0.6545643650773746,
    0.6380464990637196,
    0.6559774459001437,
    0.6455898419838046,
    0.6304884726431832,
    0.6307593174834749,
    0.6332778555540303,
    0.6243736179017308,
    0.6323825966066389,
    0.6165218621640656,
    0.6311041176022582,
    0.6207904725228969,
    0.6241521274865564,
    0.6240786374801427,
    0.6155067759366771,
    0.6124241669379656,
    0.6069691056635842,
    0.6114436346500074,
    0.6131905458163266,
    0.6071889760778911,
    0.6031747822144732,
    0.5959387605463095,
    0.6006343852524734
  ],
  "val_loss": [
    0.7256933166222139,
    0.7316793000156229,
    0.7887760622596199,
    0.68871395052834,
    0.693966040557081,
    0.6678566113114357,
    0.670062311670997,
    0.752934130416675,
    0.7048144232143055,
    0.694661280309612,
    0.6831890977919102,
    0.6810295111076399,
    0.6744911321862177,
    0.6862249205058272,
    0.6476082557981665,
    0.7001184794035825,
    0.6991432519121603,
    0.6893596591597254,
    0.6834885667670857,
    0.6816767586225813,
    0.7566389096054164,
    0.6900161111896689,
    0.6972557692365213,
    0.7333217032931068,
    0.7257542346011508,
    0.7168282622640784,
    0.6928245384584774,
    0.7239571403373372,
    0.8103025928139687,
    0.8040069517764178,
    0.7351761307906021,
    0.7538987032391808,
    0.740409213710915,
    0.7336426878517325,
    0.7528652379458601,
    0.760956193913113,
    0.7579641348936341,
    0.7441166131333872,
    0.738855201412331,
    0.712631553072821,
    0.7320544204928658,
    0.7121426253156229,
    0.717477673156695
  ],
  "val_prauc": [
    0.5243485077613388,
    0.5372346327145353,
    0.5751065634570708,
    0.5814454347150247,
    0.5826812360698211,
    0.5696449484592085,
    0.58122937223737,
    0.5795528952253755,
    0.6146008416322035,
    0.5936804823634064,
    0.5958719462734589,
    0.5947739570185818,
    0.607840916189312,
    0.6027372131067823,
    0.6203431880101873,
    0.6121732658364992,
    0.6189522290168116,
    0.6227094225510668,
    0.6098291237683088,
    0.6198950316022939,
    0.612602122211673,
    0.6120133148973808,
    0.594307598335224,
    0.6225238223653367,
    0.6135094960304576,
    0.6328442744049019,
    0.6269095895437743,
    0.6413627071038933,
    0.6167286921000278,
    0.6129830748435705,
    0.610893959201629,
    0.6329089906207377,
    0.6224043288839342,
    0.6246296578315986,
    0.627684759301725,
    0.6175084828199762,
    0.6204137074246627,
    0.6188809979520159,
    0.6311394852706536,
    0.626097119037275,
    0.624238026645272,
    0.6280664869514343,
    0.6240924913335565
  ],
  "val_f1": [
    0.5570175438596491,
    0.5682326621923938,
    0.5187165775401069,
    0.5676855895196506,
    0.5667351129363449,
    0.6014760147601476,
    0.5945945945945946,
    0.5824847250509165,
    0.572972972972973,
    0.5761124121779859,
    0.6095238095238096,
    0.5935483870967742,
    0.5621970920840065,
    0.5654952076677316,
    0.6294820717131474,
    0.5571658615136876,
    0.5665529010238908,
    0.607645875251509,
    0.578397212543554,
    0.5742574257425742,
    0.5189504373177842,
    0.5860113421550095,
    0.5529801324503312,
    0.5665101721439749,
    0.5525525525525525,
    0.5598755832037325,
    0.5619047619047619,
    0.5531914893617021,
    0.5188284518828452,
    0.5143638850889193,
    0.5558912386706949,
    0.543859649122807,
    0.5661538461538461,
    0.5538922155688623,
    0.5354558610709117,
    0.5446559297218155,
    0.5465288035450517,
    0.5398230088495575,
    0.5465288035450517,
    0.5683563748079877,
    0.5547226386806596,
    0.5592705167173252,
    0.5575757575757576
  ]
}