{
  "train_loss": [
    0.8358305883941366,
    0.7858710797568459,
    0.7507121297553997,
    0.7323167039387262,
    0.7260258973237887,
    0.7151265816012425,
    0.7024834744669312,
    0.7164653524830567,
    0.704932249897155,
    0.693532096657587,
    0.6903077965945154,
    0.6936311322954757,
    0.6900531455355498,
    0.6772491808850967,
    0.6736698165461792,
    0.6717947414561883,
    0.6591846013247077,
    0.6723476452613945,
    0.6643385784839516,
    0.6652630392591752,
    0.6727020097016102,
    0.6571254798428929,
    0.6774820870724484,
    0.6575189501195404,
    0.6594233914690825,
    0.6444255853470285,
    0.6674458408237096,
    0.6482003396423301,
    0.65091310167194,
    0.6471876660686228,
    0.6299498241339156,
    0.6373792152796218,
    0.6428116616324999,
    0.6430084383606318,
    0.6311674318206844,
    0.6343101611481378,
    0.6526454936212568,
    0.6340759937739491,
    0.6299856271020216,
    0.6228872536130212,
    0.6167267254039422,
    0.6272372603416443,
    0.6318221789094346,
    0.6229062903283248,
    0.6207413761621684,
    0.6256832019310092,
    0.6338982494612831
  ],
  "val_loss": [
    0.7940477352928031,
    1.4869949644092808,
    1.6020225982435725,
    1.3271660243838348,
    1.9947323096831413,
    0.9897661498663101,
    2.0894921318289232,
    2.4275970815426926,
    1.9838801715946333,
    2.5724883215840566,
    1.783388484184715,
    2.143344510346651,
    1.4598794836466285,
    1.0821011867374182,
    2.148427639960904,
    2.2802504502575505,
    1.6737880716100335,
    1.5861329600553622,
    2.582780143669383,
    2.2898444692519577,
    1.497303272301162,
    1.859220969490707,
    2.1334988850761545,
    1.4196279787204482,
    1.6475074315782299,
    2.3729666968892245,
    1.899035169065676,
    2.191765748049048,
    2.1252869082699446,
    2.2745443927124143,
    2.406549839726226,
    3.5378763480535285,
    2.436311584431678,
    1.8590627022256905,
    2.379187129522589,
    1.9380917890759355,
    1.981408019211482,
    1.7721294720911167,
    1.334372503936968,
    2.0147759519432755,
    2.3570284998383033,
    2.2253350017338316,
    2.085621982135556,
    2.2965880025770855,
    2.486533293669874,
    2.487645329145545,
    2.5364664961922574
  ],
  "val_prauc": [
    0.5148526646487147,
    0.54917770331145,
    0.5580211770691028,
    0.5702175772559493,
    0.569074500770749,
    0.5846022883639392,
    0.5882551221059268,
    0.5740241929156693,
    0.5790577220550367,
    0.5800553142175421,
    0.5959237181595561,
    0.5943746405123922,
    0.5976028081824116,
    0.5986404504723416,
    0.5963342563210314,
    0.6015202426370793,
    0.5981050567314223,
    0.5975948246932016,
    0.605991807618885,
    0.6089763943234962,
    0.606722163848733,
    0.61470642364934,
    0.6006542135161559,
    0.6032739920455645,
    0.6119764195894576,
    0.5926998675579537,
    0.5987720968433651,
    0.5820780249608998,
    0.6082518239905693,
    0.6088120610027581,
    0.6168534534176098,
    0.6172642897964349,
    0.6117683534584025,
    0.6132729551412178,
    0.6046993993436361,
    0.6071148748001929,
    0.5984263028432997,
    0.6020142416004867,
    0.6153492039641525,
    0.5975825707016243,
    0.5873877603623412,
    0.5872462069920222,
    0.5915462105803753,
    0.5933700039045371,
    0.5934563602272946,
    0.5975343706062719,
    0.5964765016187977
  ],
  "val_f1": [
    0.5449871465295629,
    0.0,
    0.0,
    0.10480349344978165,
    0.0,
    0.17573221757322174,
    0.0,
    0.0,
    0.0,
    0.0,
    0.0,
    0.0,
    0.0,
    0.0,
    0.0,
    0.0,
    0.0,
    0.0365296803652968,
    0.0,
    0.0,
    0.0,
    0.0,
    0.0,
    0.0,
    0.0,
    0.0,
    0.0,
    0.0,
    0.0,
    0.0,
    0.0,
    0.0,
    0.0,
    0.0,
    0.0,
    0.0,
    0.0,
    0.0,
    0.0,
    0.0,
    0.0,
    0.0,
    0.0,
    0.0,
    0.0,
    0.0,
    0.0
  ]
}