{
  "train_loss": [
    1.2881538271903992,
    1.2168382752871683,
    1.2028529703194368,
    1.1846334452324725,
    1.1678281608202778,
    1.1478824666205873,
    1.1462996487921857,
    1.1172742573082024,
    1.1167587587173948,
    1.1059723948756008,
    1.1152009033987709,
    1.0913810243843296,
    1.1120133678963844,
    1.0627940918536896,
    1.0986142936327778,
    1.077727866088245,
    1.0644795852350004,
    1.0795943682075393,
    1.0722655002952468,
    1.0818497204611488,
    1.086912694129538,
    1.0605089516504436,
    1.0794285176493597,
    1.0664934190452522,
    1.0601088070700355,
    1.0533407871604812,
    1.0666319723670363,
    1.0454521225699296,
    1.0396396412071607,
    1.0586167920565774
  ],
  "val_loss": [
    1.6610819370515886,
    1.6566730314685452,
    1.7300578548062233,
    1.9181539147130904,
    2.1691906125314775,
    1.7398686178268925,
    1.597603113420548,
    1.4244512338792124,
    1.3443818707619943,
    1.4223567555027623,
    1.280000884686747,
    1.5586439428790924,
    1.6091231165393707,
    1.5060382716117366,
    1.3560026653351323,
    1.407188134808694,
    1.5335558960514684,
    1.4692300942636305,
    1.4823066938307978,
    1.3899078407595236,
    1.4593636355092447,
    1.3708010969623443,
    1.3499876145393617,
    1.3851221626804722,
    1.3766432077653947,
    1.393693422117541,
    1.3534125570328004,
    1.336465589461788,
    1.3603248480827577,
    1.3636659922138337
  ],
  "val_prauc": [
    0.04733540946576897,
    0.050537927118182745,
    0.11244016250396528,
    0.07537304567255733,
    0.07755301198078893,
    0.14376813524699186,
    0.16743833638297573,
    0.07475795385993095,
    0.10691133785794353,
    0.1543108634815596,
    0.10970510586818216,
    0.1250253867783978,
    0.12435976947547529,
    0.1829470896556551,
    0.18780613950239522,
    0.1383689705905476,
    0.12452215421768675,
    0.14527002289255628,
    0.11132885404089043,
    0.11912574289680486,
    0.13195303121375468,
    0.10796650411687468,
    0.11395279640300696,
    0.1232816510942684,
    0.11183362676115012,
    0.12423417725240476,
    0.1218128559833048,
    0.1294565795660307,
    0.13290094491402857,
    0.14618296669466047
  ],
  "val_f1": [
    0.0,
    0.0,
    0.0,
    0.0,
    0.0,
    0.0,
    0.0,
    0.0,
    0.0,
    0.0,
    0.0,
    0.0,
    0.0,
    0.0,
    0.0,
    0.0,
    0.0,
    0.0,
    0.0,
    0.0,
    0.0,
    0.0,
    0.0,
    0.0,
    0.0,
    0.0,
    0.0,
    0.0,
    0.0,
    0.0
  ]
}