{
  "train_loss": [
    0.7207935589669955,
    0.5707681364942305,
    0.4945622657490249,
    0.4639151521986074,
    0.42435608096051924,
    0.39918791318293845,
    0.3844185110070918,
    0.36599671995580785,
    0.36394149138785825,
    0.3612649701904542,
    0.35381564180744757,
    0.3522400570535424,
    0.3456671048361476,
    0.33667910320333916,
    0.33231310730818475,
    0.33532011235999587,
    0.3274862744873113,
    0.3249760633057887,
    0.3237028265796085,
    0.3375929591089192,
    0.31660098899709116,
    0.310344526378235,
    0.30601430263849766,
    0.3088638583327284,
    0.3101335498734866,
    0.3057974022213775,
    0.3070989671615091,
    0.30481401580100015,
    0.30524551916388004,
    0.30466450920494476,
    0.30595671566258564,
    0.3054387068173083,
    0.3042080278812659,
    0.302713157516895,
    0.2995208055518641,
    0.2979390906667945,
    0.29677641653630993,
    0.29731181610633833,
    0.2988455693541777,
    0.29894382639391587,
    0.2974194468616849,
    0.2920575584515487,
    0.2963237489877951,
    0.2970716541651452,
    0.2966590908051717,
    0.2949694151630496,
    0.2925663809522544,
    0.2935823826211514
  ],
  "val_loss": [
    0.5967648906463926,
    0.5759897408160296,
    0.5488634691997007,
    0.5320968384092505,
    0.5109932358292016,
    0.5215306790037588,
    0.48195341432636435,
    0.5139006897807121,
    0.4749485928226601,
    0.47525381872599776,
    0.46116034720431676,
    0.47680758515542204,
    0.49031092531301756,
    0.48811863278123463,
    0.4647867757488381,
    0.48336087505925784,
    0.455855620008978,
    0.46458460492166603,
    0.4969204017384486,
    0.4794472115622325,
    0.46690879118713463,
    0.4672749083150517,
    0.46620981175113807,
    0.46638830260119657,
    0.46052110042761674,
    0.44905978661369195,
    0.450264412401752,
    0.4854815388945016,
    0.4716377722268755,
    0.4548947033895688,
    0.45110585472800513,
    0.4635376517068256,
    0.47086101448671386,
    0.45981178229505365,
    0.4508193008263003,
    0.4580594719472257,
    0.45944499444555154,
    0.4593611342663115,
    0.45705024288459256,
    0.4587078599089926,
    0.452764304862781,
    0.4578005793419751,
    0.4615468970415267,
    0.45162615789608523,
    0.4568689971823584,
    0.4522271112284877,
    0.45190486193380575,
    0.45282113044099376
  ],
  "val_prauc": [
    0.695489516657261,
    0.720327494187457,
    0.7421934377864592,
    0.7748546694571761,
    0.7803325521709257,
    0.7673196089117109,
    0.7794098626007627,
    0.7755566208146749,
    0.7874348441802926,
    0.7797855757563846,
    0.8079603062729553,
    0.8014652052475116,
    0.8081210267452646,
    0.8125069260310941,
    0.8090197791636033,
    0.7807453362810158,
    0.7986945605050684,
    0.7896121408787586,
    0.7791922587659341,
    0.8011006953595088,
    0.8144339046225408,
    0.8050179543835462,
    0.8140991330580113,
    0.8025520132925509,
    0.8111058069056001,
    0.8170339774271472,
    0.8004418596229662,
    0.821660438498412,
    0.8032292319924429,
    0.8168979072589837,
    0.8170043628109791,
    0.8134666395716914,
    0.8217157298320169,
    0.7988730443962824,
    0.8091439507844442,
    0.8188991359117466,
    0.81791921321797,
    0.8120897581803073,
    0.8088131625522854,
    0.8090702051266191,
    0.818348794799751,
    0.8179755341716735,
    0.816498419290191,
    0.8192518079489411,
    0.8158257067407442,
    0.8076497995963263,
    0.8128647638038229,
    0.8163295267927566
  ],
  "val_f1": [
    0.6443914081145584,
    0.6598984771573604,
    0.6596858638743456,
    0.728448275862069,
    0.6958424507658644,
    0.6755218216318786,
    0.6982758620689655,
    0.6679035250463822,
    0.7081545064377682,
    0.6889352818371608,
    0.7396061269146609,
    0.7238979118329466,
    0.7333333333333333,
    0.7386091127098321,
    0.7081545064377682,
    0.7087576374745418,
    0.7505518763796909,
    0.7039337474120083,
    0.7073170731707317,
    0.7204968944099379,
    0.7412280701754386,
    0.7435897435897436,
    0.7380410022779044,
    0.7418655097613883,
    0.7454545454545455,
    0.7606263982102909,
    0.7391304347826086,
    0.7529411764705882,
    0.7377777777777778,
    0.7471526195899773,
    0.7539503386004515,
    0.750561797752809,
    0.7568807339449541,
    0.73568281938326,
    0.7425968109339408,
    0.7494356659142212,
    0.7402298850574712,
    0.7527839643652561,
    0.7606263982102909,
    0.755056179775281,
    0.755656108597285,
    0.755656108597285,
    0.7522935779816514,
    0.7601809954751131,
    0.7584650112866818,
    0.7543859649122807,
    0.7589285714285714,
    0.7595505617977528
  ]
}