{
  "train_loss": [
    0.9047198338168008,
    0.727556620325361,
    0.7054988322209339,
    0.6937445517705412,
    0.6371945185320718,
    0.6450898373613552,
    0.6594351469254007,
    0.6224153406765996,
    0.6222386755505387,
    0.6256603051205071,
    0.6280833853750812,
    0.5979794780818783,
    0.5961723047859815,
    0.5996175390117022,
    0.6119585742755812,
    0.5919018393876602,
    0.5646591521039301,
    0.5934339190015987,
    0.5940596211929711,
    0.580704498655942,
    0.6032374440407267,
    0.5930483700061331,
    0.5697030856901285,
    0.5621638291952561,
    0.5588220078117994,
    0.5744202514084018,
    0.5729477192674365,
    0.5571655141455787,
    0.5481173067676778,
    0.5444187491523976,
    0.5555765540624151,
    0.5470618909719039,
    0.5358575226701036
  ],
  "val_loss": [
    1.0308120162649588,
    1.5034712519158016,
    0.6297956163232977,
    1.3406481079079888,
    0.9019070707938888,
    0.6740061437541788,
    0.6076342924074694,
    0.6669839498671618,
    0.6238570931282911,
    0.6389387981458143,
    0.6266695274548097,
    0.6571582122282549,
    0.6075383871793747,
    0.6196281259710138,
    0.5860952829772775,
    0.6496342149647799,
    0.6453415399247949,
    0.5714068819176067,
    0.6723509688269008,
    0.5864514830437574,
    0.7246118262410164,
    0.6224803328514099,
    0.6444503543051806,
    0.8605163910172202,
    0.6705354844981973,
    0.5911534780805762,
    0.7426212687383998,
    0.5975015583363447,
    0.5895147906108336,
    0.5800435719164935,
    0.5901045839894902,
    0.6083831489086151,
    0.5954460068182512
  ],
  "val_prauc": [
    0.5556245908739476,
    0.593080081407443,
    0.5968417268375233,
    0.603523274647934,
    0.5994305866976486,
    0.5869069277365503,
    0.5779713489288465,
    0.6001243675078416,
    0.6119011389652035,
    0.5958904885032298,
    0.6045096843069006,
    0.5935352413857894,
    0.6126863378368997,
    0.5858705248923958,
    0.6101022768978075,
    0.6029974937662607,
    0.6181366783856367,
    0.6355267685403322,
    0.5917569670192654,
    0.6209691764432168,
    0.602239326261219,
    0.6082782518082267,
    0.6217351700229654,
    0.606744953254248,
    0.6060643824776577,
    0.6033138704809288,
    0.6113436848146634,
    0.6033517255485429,
    0.6152776843065043,
    0.625977461777106,
    0.6297969313699263,
    0.6125613035300402,
    0.6253381425846536
  ],
  "val_f1": [
    0.0,
    0.12307692307692308,
    0.6722689075630253,
    0.358974358974359,
    0.4470588235294118,
    0.5531914893617021,
    0.6530612244897959,
    0.5625,
    0.6666666666666666,
    0.6481481481481481,
    0.6611570247933884,
    0.6174496644295302,
    0.6507936507936508,
    0.6666666666666666,
    0.672,
    0.632258064516129,
    0.6382978723404256,
    0.6515151515151515,
    0.6071428571428571,
    0.6833333333333333,
    0.5263157894736842,
    0.6724137931034483,
    0.6078431372549019,
    0.5531914893617021,
    0.5904761904761905,
    0.65625,
    0.5161290322580645,
    0.672,
    0.6829268292682927,
    0.6771653543307087,
    0.6949152542372882,
    0.6825396825396826,
    0.6885245901639344
  ]
}