{
  "train_loss": [
    0.8996405035934665,
    0.6484959284690294,
    0.47574319233271206,
    0.35022022981535306,
    0.29042549719187344,
    0.20174285631880842,
    0.18823018320836127,
    0.18330770633077587,
    0.13906376347189175,
    0.09048712867396799,
    0.055567752112851435,
    0.05718045100465216,
    0.05413990895745387,
    0.03920027950888735,
    0.04462234219913212,
    0.03271671136843162,
    0.018830317066617266,
    0.023168037687272856
  ],
  "val_loss": [
    0.7499914702616239,
    0.7256108538100594,
    0.8133059849864558,
    1.075670148981245,
    1.03403461136316,
    1.4227623931671445,
    2.1863293271315727,
    2.1810466286383177,
    2.0210763263074973,
    2.194905646145344,
    2.4104701586459814,
    2.6180552626518825,
    2.091150840646342,
    2.4125595453538393,
    2.489123137373673,
    2.780601417547778,
    2.8534087413235714,
    3.050123733125235
  ],
  "val_prauc": [
    0.6273572101724818,
    0.6863172731752107,
    0.7086395032325382,
    0.675619141197986,
    0.7026025079767064,
    0.6836060361517858,
    0.6546682321104009,
    0.6736697240991301,
    0.665731672409234,
    0.6937962336850886,
    0.683066155178684,
    0.6858252912058685,
    0.6995447323656728,
    0.6913811626817279,
    0.7035185902586154,
    0.6968822171330937,
    0.7013326851835701,
    0.6883880252358479
  ],
  "val_f1": [
    0.6068965517241379,
    0.5853658536585366,
    0.6283783783783784,
    0.6311787072243346,
    0.6334519572953736,
    0.6539923954372624,
    0.6122448979591837,
    0.6224066390041494,
    0.5867768595041323,
    0.6637931034482759,
    0.6337448559670782,
    0.6271186440677966,
    0.6419753086419753,
    0.6530612244897959,
    0.6746987951807228,
    0.6382978723404256,
    0.646551724137931,
    0.6382978723404256
  ]
}