{
  "train_loss": [
    0.8372324126869884,
    0.7705873771389918,
    0.7467681873793626,
    0.7389012960652214,
    0.7354644443561782,
    0.7139323158050651,
    0.718741820077991,
    0.7205558239820584,
    0.7124062579366105,
    0.7047852291100061,
    0.7076960308338279,
    0.6943385328226421,
    0.6897552338109088,
    0.6886566815091603,
    0.6859873924682389,
    0.6761424416926369,
    0.6704420773544122,
    0.6660065788831284,
    0.6641969175184544,
    0.6688304951238395,
    0.6732415866792498,
    0.6551468359000647
  ],
  "val_loss": [
    0.8702386372130025,
    1.0089043504135176,
    0.7454448674212802,
    0.922575387426398,
    1.024554106830196,
    0.6918369243768129,
    0.7042224928736687,
    0.9027643552557989,
    1.2093223015015775,
    0.8197649222883311,
    0.7427827831019055,
    0.7710494124753908,
    0.7540767192840576,
    0.8615977672690694,
    1.2013062243773178,
    1.1146198931065472,
    0.983499018306082,
    1.348003995350816,
    1.240584576333111,
    1.310933753001419,
    1.3759428631852975,
    1.200661626559767
  ],
  "val_prauc": [
    0.524659067324564,
    0.5348372673845182,
    0.5590189405159797,
    0.5493623197302916,
    0.5292192138311863,
    0.5781584077456705,
    0.5914450561327061,
    0.560673597618027,
    0.5533138054682573,
    0.5852601817824004,
    0.5746256107356925,
    0.5646852015691408,
    0.5701845173119096,
    0.5641708884977846,
    0.5472645274443103,
    0.5675257319646124,
    0.5698602577530324,
    0.5643345893157892,
    0.5742950619565809,
    0.5661892148995978,
    0.5671621838297833,
    0.5640100814184653
  ],
  "val_f1": [
    0.4375,
    0.19047619047619047,
    0.5572139303482587,
    0.5390835579514824,
    0.24031007751937986,
    0.575809199318569,
    0.5714285714285714,
    0.5739910313901345,
    0.2490272373540856,
    0.5291005291005291,
    0.5764705882352941,
    0.5831533477321814,
    0.5826771653543307,
    0.5309278350515464,
    0.2825278810408922,
    0.47384615384615386,
    0.5501285347043702,
    0.2792452830188679,
    0.3111111111111111,
    0.26717557251908397,
    0.2692307692307692,
    0.3698630136986301
  ]
}