{
  "train_loss": [
    0.8351728524734725,
    0.7672935783566527,
    0.7515247431560536,
    0.7413396123629897,
    0.7212790668900333,
    0.704539414810304,
    0.6973930076876683,
    0.7150533325340024,
    0.6941400830128893,
    0.7013634707204145,
    0.6831665304466267,
    0.6941403300311435,
    0.6771490140933896,
    0.6845409603261235,
    0.6662429588944164,
    0.6665408246552766,
    0.6529711870411735,
    0.6672402756724192,
    0.6523687196015125,
    0.6523732545957044,
    0.6427717818253076,
    0.6308693756808096,
    0.6482044513249279,
    0.6445806414926823,
    0.6289025604428343,
    0.6334066256065274,
    0.6361689490465382,
    0.6299426181251137,
    0.6296185839235486,
    0.6166524467480123,
    0.6335818881715708,
    0.6307769547499235,
    0.6206591685316456,
    0.6317548175059741,
    0.6156146352860465,
    0.617638668610682,
    0.6213430083213161,
    0.61845641008657,
    0.6148044899921512,
    0.6058902521038529,
    0.6066277405219291,
    0.5929398348378898,
    0.6042259451168687,
    0.5996839918603944,
    0.5949619823130802,
    0.6116743391722589,
    0.6187400851231902,
    0.6105388954504213,
    0.6081002625956464,
    0.5977177780807315,
    0.5989956732709609,
    0.6022322364707491,
    0.5945303827079375,
    0.5942334295505315,
    0.5909284987852941,
    0.6092166535889925,
    0.584605174574686,
    0.5868144001237195,
    0.5845565008583353,
    0.5941187336077145,
    0.5914351504240463,
    0.5887495718192105,
    0.5895846251824602
  ],
  "val_loss": [
    0.7416854229840365,
    0.727301477369937,
    0.7044063745574518,
    0.6754658913070505,
    0.6948547596958551,
    0.7067824991589243,
    0.6781240911646322,
    0.6971673504872755,
    0.6898010755804452,
    0.6548117971555754,
    0.678292016075416,
    0.6601522693579848,
    0.6865451115776192,
    0.7022786824540659,
    0.6461325406350873,
    0.7216227508404038,
    0.7190082801336591,
    0.7101395732977174,
    0.6638311926614154,
    0.6736953058703379,
    0.7338266816328872,
    0.7370036217299375,
    0.6904092898423021,
    0.7506459551778707,
    0.7245538803664121,
    0.7002149200574919,
    0.731813018294898,
    0.7396945655345917,
    0.8597265055233781,
    0.7924706387248907,
    0.7105961567298933,
    0.7035145492038943,
    0.6902555328878489,
    0.7207671132954684,
    0.7288789329203692,
    0.7828857898712158,
    0.755130448801951,
    0.7677797871557149,
    0.7569046467542648,
    0.7339167500084097,
    0.7503679008646444,
    0.7368351295590401,
    0.7085295990109444,
    0.7272593141956762,
    0.780369718643752,
    0.7554181820966981,
    0.7411872873252089,
    0.7549767846410925,
    0.7548492638902231,
    0.8133771019903097,
    0.7869336252862756,
    0.7696714225140485,
    0.8263167556036602,
    0.788764974610372,
    0.731865254315463,
    0.7752147743647749,
    0.7556212774731896,
    0.7710686867887323,
    0.7859275754202496,
    0.7731885815208609,
    0.7854720001870935,
    0.8226503187959845,
    0.7587071338837797
  ],
  "val_prauc": [
    0.5157497457076363,
    0.5352611208665415,
    0.5642771511344898,
    0.5710379290920315,
    0.5877827801362583,
    0.5685236260619269,
    0.594760524157567,
    0.596653877913671,
    0.5897568287951911,
    0.6071891269113111,
    0.5980884893728302,
    0.6126311581821721,
    0.584563765254053,
    0.5747667720769943,
    0.6096501596792921,
    0.5961911045083604,
    0.5908199810439335,
    0.6099629642591451,
    0.6086474214222538,
    0.6162606162501586,
    0.6052985185363681,
    0.6086485428685104,
    0.6068029866343496,
    0.6186521403755836,
    0.6314382872418652,
    0.6264669766073553,
    0.6278824367627673,
    0.6416224769287794,
    0.6299717262033917,
    0.6348262364129033,
    0.630102101771173,
    0.6256960370985405,
    0.6179479883788506,
    0.6093009285436638,
    0.6110374652155951,
    0.6398423803761637,
    0.6463053825217709,
    0.6511515910361378,
    0.6506019126271556,
    0.6494614988230176,
    0.6470952142406137,
    0.6528839471590471,
    0.6440147643744982,
    0.6406018096694889,
    0.641160834358853,
    0.650072458408029,
    0.6397675879532881,
    0.6555844488432135,
    0.6520769366977183,
    0.6463722334857612,
    0.6503986505710457,
    0.6308119710304622,
    0.6444985874928343,
    0.6516631056949995,
    0.650211518634197,
    0.6461823573413603,
    0.6511676083988533,
    0.6376486806604631,
    0.6398746868536869,
    0.6351319482848119,
    0.6384293176935983,
    0.6389379506967119,
    0.6447970170546464
  ],
  "val_f1": [
    0.5588235294117647,
    0.5623678646934461,
    0.5496688741721855,
    0.5915492957746479,
    0.5650406504065041,
    0.5362095531587057,
    0.5799648506151143,
    0.614406779661017,
    0.6015625,
    0.6037735849056604,
    0.5871212121212122,
    0.5911949685534591,
    0.5609348914858097,
    0.565008025682183,
    0.6184738955823293,
    0.5421686746987951,
    0.553125,
    0.573943661971831,
    0.5948905109489051,
    0.6015037593984962,
    0.5429864253393665,
    0.5557299843014128,
    0.5576592082616179,
    0.5540334855403348,
    0.557427258805513,
    0.5659777424483307,
    0.5476550680786687,
    0.5451851851851852,
    0.4986737400530504,
    0.523943661971831,
    0.5660377358490566,
    0.5849673202614379,
    0.5938697318007663,
    0.5526717557251909,
    0.5523520485584219,
    0.5344827586206896,
    0.5470588235294118,
    0.5291607396870555,
    0.5339105339105339,
    0.5533834586466165,
    0.5409356725146199,
    0.5505952380952381,
    0.5515151515151515,
    0.5468053491827637,
    0.5377906976744186,
    0.5446428571428571,
    0.5451851851851852,
    0.5414847161572053,
    0.5373563218390804,
    0.5187239944521498,
    0.5342857142857143,
    0.5422740524781341,
    0.5130315500685871,
    0.5282485875706214,
    0.547085201793722,
    0.5291607396870555,
    0.5385735080058224,
    0.5352517985611511,
    0.5217391304347826,
    0.5240793201133145,
    0.5304964539007092,
    0.5123287671232877,
    0.5310245310245311
  ]
}