{
  "train_loss": [
    0.8441628749987379,
    0.7742574016253153,
    0.7472091380933031,
    0.7393390184907771,
    0.7270221556004007,
    0.7117432831828274,
    0.7313009843007842,
    0.7222449531899163,
    0.7163479344465247,
    0.692463936497323,
    0.7092432496856101,
    0.7089451033974168,
    0.690477185581454,
    0.7015791099462936,
    0.6923112096774637,
    0.6801724158116241,
    0.6737021780132655,
    0.6786794580926943,
    0.6847769106501964,
    0.6738078781028292,
    0.682284431819299,
    0.6626740661426563,
    0.6855406031679752,
    0.6700339636102838,
    0.6705550361628556,
    0.6672809582148025,
    0.6674374441305796,
    0.6659810001873852,
    0.6677506603115234,
    0.6611573622001344,
    0.6585426988886364,
    0.6688371408934617,
    0.6599805363968237,
    0.6689787809528521,
    0.6710871845038969,
    0.6576867951682551,
    0.6597863016140402,
    0.6516086330164724
  ],
  "val_loss": [
    1.384541176725179,
    0.900904047218236,
    1.3139308653771877,
    1.1354927213185213,
    0.9860915687273849,
    0.7811791395599191,
    0.7692828357897021,
    0.8164399669251658,
    0.7924981537190351,
    0.7886710702018305,
    0.8062636434015903,
    1.049523202702403,
    0.7916385331614451,
    0.889640118249438,
    1.0459495061500506,
    1.2557623510841618,
    1.0058010267940434,
    1.438153419558975,
    1.0601930592886426,
    1.1687432986430146,
    1.0078974334015087,
    1.0129191902550785,
    1.1021559070795774,
    0.9563732470639728,
    1.014971945096146,
    0.836249267174439,
    0.9530630753460255,
    1.0454630320045082,
    1.1337448744611307,
    1.2753511719744315,
    1.4510312282734297,
    1.1783219899304889,
    1.141168650239706,
    1.2114974870769815,
    1.242745395580476,
    1.2312402496622368,
    1.3363118948922916,
    1.2776738119057633
  ],
  "val_prauc": [
    0.524070334494503,
    0.5490335467954888,
    0.5576687760798145,
    0.584257616779355,
    0.5648936606472366,
    0.5883057598992975,
    0.5852651755638922,
    0.5878536693932686,
    0.5952573948358382,
    0.584367830447884,
    0.5922974982029175,
    0.5740389162316204,
    0.5908771133480054,
    0.5929793893422725,
    0.5925521572025683,
    0.5916025893631247,
    0.5945792780354944,
    0.5801674934491019,
    0.5957083124756906,
    0.5955236967898921,
    0.5927804755818069,
    0.5987927188997082,
    0.6067474632725017,
    0.6008116065408257,
    0.6019784453264884,
    0.6034449728743709,
    0.5974779390764164,
    0.6010479966989831,
    0.600614083393849,
    0.5828675032545062,
    0.572788404601611,
    0.5807558013818082,
    0.5923843603745298,
    0.5732873362093908,
    0.5835100168319043,
    0.5756995548493018,
    0.5683096932644714,
    0.5879480921765226
  ],
  "val_f1": [
    0.11715481171548117,
    0.5257731958762887,
    0.05429864253393665,
    0.40955631399317405,
    0.21686746987951808,
    0.5139664804469274,
    0.5240641711229946,
    0.5508684863523573,
    0.5268542199488491,
    0.5295774647887324,
    0.5,
    0.18181818181818182,
    0.5142857142857142,
    0.5015290519877675,
    0.1825726141078838,
    0.09691629955947137,
    0.50920245398773,
    0.09691629955947137,
    0.24603174603174602,
    0.19753086419753085,
    0.27692307692307694,
    0.3333333333333333,
    0.33948339483394835,
    0.43537414965986393,
    0.4206896551724138,
    0.5139664804469274,
    0.4,
    0.23387096774193547,
    0.11353711790393013,
    0.07174887892376682,
    0.07174887892376682,
    0.09691629955947137,
    0.21138211382113822,
    0.07174887892376682,
    0.08849557522123894,
    0.08849557522123894,
    0.08,
    0.08849557522123894
  ]
}