{
  "train_loss": [
    1.0301208062605425,
    0.8250271474773233,
    0.700972240079533,
    0.5769183598458767,
    0.5012512108819052,
    0.4438012557273561,
    0.3312474033710631,
    0.3007793977052312,
    0.2906872379297221,
    0.21489989671813833,
    0.13260606600140984,
    0.12138001686980715,
    0.12234740141072754,
    0.13205442094476894,
    0.10136865179744993,
    0.07980441488193306,
    0.07318770772991973,
    0.04657547635609014,
    0.07422521897288706,
    0.05547207396772468,
    0.048118796382451284,
    0.057821581781685054,
    0.043635619256623286,
    0.03440036444565273,
    0.035839430072139127,
    0.021803804893848297,
    0.034846855490649566,
    0.023854272762967164,
    0.026076710064454677,
    0.028758882249864438,
    0.029826262918228187,
    0.018419687503360004,
    0.02383972461747548,
    0.033472405127332135,
    0.030432980136734757,
    0.02453103017955207,
    0.02383520366509567,
    0.017566294771078426,
    0.015293505773571005,
    0.027998282206193634,
    0.024668108792587354,
    0.034464505471419216,
    0.028666023999742215,
    0.028019011754542526,
    0.02901192070973092
  ],
  "val_loss": [
    0.8056976920679996,
    0.7576494687481931,
    0.7388981988555506,
    0.7930493268527483,
    0.8226941486722544,
    0.8003579252644589,
    1.081366866827011,
    1.154835238268501,
    1.3784538013370413,
    1.4875200241804123,
    1.5430140091400397,
    1.657013355901367,
    1.8336750763027292,
    1.8605980900557417,
    1.9865082949399948,
    2.242793128874741,
    2.0568311528155676,
    2.770007393469936,
    2.8919374383985996,
    2.844810737198905,
    2.3236061491464315,
    2.8458206951618195,
    2.6996977870401584,
    2.6226405446466647,
    3.1095302712760473,
    3.0979573020809577,
    3.0196715977631117,
    3.160882473384079,
    3.0415872711884346,
    3.3447740338742733,
    3.386561612745649,
    3.4983498975634575,
    3.60296774890862,
    3.3089971522751607,
    3.7321718067028806,
    3.7092436846149597,
    3.789730123391277,
    3.603700856237035,
    3.647406270433413,
    3.8124084901064634,
    3.693199072229235,
    3.7013299457336726,
    3.857643764956217,
    3.835404901324134,
    3.694075614606079
  ],
  "val_prauc": [
    0.5526505676126241,
    0.6256697768727838,
    0.6574351141777872,
    0.6563534283672752,
    0.6490076077182162,
    0.6086992665402174,
    0.6549174048965541,
    0.6520959955806673,
    0.6297843270229223,
    0.6552210078538134,
    0.6516280734743196,
    0.6371756913150111,
    0.6458946495165947,
    0.6535494024125704,
    0.6594319138260175,
    0.6471674843543228,
    0.6491245385962144,
    0.6329566798715828,
    0.647714843818214,
    0.6590259632505141,
    0.657815814040754,
    0.659017211649973,
    0.6552425385097458,
    0.6602866205581406,
    0.653323085463796,
    0.6576545520651884,
    0.6618274340769145,
    0.6664155453234512,
    0.6625980382814648,
    0.6712578250790713,
    0.6609465432346363,
    0.663762139632213,
    0.6544573798942602,
    0.6578539018786345,
    0.6645138572408417,
    0.6556573682058605,
    0.6630351258103063,
    0.659836262475275,
    0.65714042097087,
    0.6623518068759287,
    0.6617906298973206,
    0.6647158944890428,
    0.667751147790981,
    0.6705771739659743,
    0.6664302320729909
  ],
  "val_f1": [
    0.5630498533724341,
    0.6472727272727272,
    0.5980066445182725,
    0.6641509433962264,
    0.6394052044609665,
    0.5705882352941176,
    0.6439393939393939,
    0.6125461254612546,
    0.6106870229007634,
    0.6264150943396226,
    0.6024096385542169,
    0.5680933852140078,
    0.624,
    0.6265060240963856,
    0.624,
    0.5955555555555555,
    0.6171875,
    0.5701754385964912,
    0.6079295154185022,
    0.593607305936073,
    0.6240601503759399,
    0.6382978723404256,
    0.6255144032921811,
    0.6374501992031872,
    0.611353711790393,
    0.6120689655172413,
    0.6108786610878661,
    0.6224066390041494,
    0.6104417670682731,
    0.6324786324786325,
    0.6416666666666667,
    0.625,
    0.6068376068376068,
    0.6218487394957983,
    0.6495726495726496,
    0.6134453781512605,
    0.6382978723404256,
    0.6290322580645161,
    0.6218487394957983,
    0.6324786324786325,
    0.6307053941908713,
    0.6302521008403361,
    0.6233766233766234,
    0.6212765957446809,
    0.6229508196721312
  ]
}