{
  "train_loss": [
    0.8386900166967022,
    0.7777748453379864,
    0.7533411646067206,
    0.7393481691381825,
    0.7260004431750644,
    0.7071900754722197,
    0.7166878966549736,
    0.7089145626891312,
    0.7055622029363813,
    0.6860053914399883,
    0.6862330584976803,
    0.6922380111703825,
    0.6757818767383917,
    0.6813299518022964,
    0.6723540967969752,
    0.6693165500958761,
    0.6628522635692388,
    0.6695627301783111,
    0.6640997589820653,
    0.6487375929284451,
    0.665825071174707,
    0.648119154112849,
    0.6553058573855689,
    0.6474130075072768,
    0.6527153096388821
  ],
  "val_loss": [
    1.2420898545533419,
    0.9163523040373217,
    1.026827385649085,
    1.094744796949354,
    2.4356692205606536,
    1.0183174649084157,
    1.8664624573747544,
    2.0980870030312375,
    1.5854684830727903,
    0.9471498294310137,
    1.5351342557167464,
    1.467036776075309,
    1.643479040019553,
    1.3118143186650493,
    1.9891908346167342,
    2.891061187721789,
    2.0641598659144207,
    2.3222849152304907,
    1.4136578628624028,
    1.6027335008944978,
    1.4544176800515165,
    1.5214214622974396,
    1.539907354014841,
    1.3396393172442913,
    1.4382405321706424
  ],
  "val_prauc": [
    0.541686498425182,
    0.5655355240532978,
    0.5683337571768602,
    0.5893142092088112,
    0.5848753916531423,
    0.6071396140320573,
    0.6010506896270865,
    0.5887397238113948,
    0.5997883614209989,
    0.6103299993122044,
    0.5972297901037713,
    0.6034842620641403,
    0.5917997511411431,
    0.6039763094101762,
    0.5984780227194277,
    0.5662541837638576,
    0.5678787581765373,
    0.5847569034843582,
    0.5943411818164579,
    0.5765915559756888,
    0.5932527493858618,
    0.5934852390819102,
    0.5960290002402946,
    0.5976038057131278,
    0.5901916387966809
  ],
  "val_f1": [
    0.0,
    0.49572649572649574,
    0.3959731543624161,
    0.3719298245614035,
    0.0,
    0.36101083032490977,
    0.009302325581395349,
    0.05429864253393665,
    0.05429864253393665,
    0.4097222222222222,
    0.07174887892376682,
    0.09691629955947137,
    0.06334841628959276,
    0.21052631578947367,
    0.0,
    0.0,
    0.027649769585253458,
    0.009302325581395349,
    0.2440944881889764,
    0.19591836734693877,
    0.24,
    0.1440677966101695,
    0.1206896551724138,
    0.17427385892116182,
    0.1589958158995816
  ]
}