{
  "train_loss": [
    0.9433319378982891,
    0.705353203822266,
    0.578188955783844,
    0.484163650226864,
    0.3750012561848218,
    0.37833235624500294,
    0.2925999515943907,
    0.24908799229359085,
    0.23385332192463631,
    0.22173359475775875,
    0.18702465569367632,
    0.15951587734955616,
    0.1826378605116836,
    0.09443571257791271,
    0.1299957728902386,
    0.07548320781940922,
    0.08041192188151895,
    0.047716345129877234,
    0.060286543838546175,
    0.05696489826153662,
    0.054312842009246444,
    0.04664822037197651,
    0.05198694594793613,
    0.042406100912103284,
    0.044432443324281354,
    0.061647876325237536,
    0.030258063152028957,
    0.024115879889367618,
    0.022590364354362628,
    0.022618867630936536,
    0.029852229385906783,
    0.029007374762060903,
    0.027640650482391557,
    0.0225905135476358,
    0.021474049096489332
  ],
  "val_loss": [
    0.7313264624068612,
    0.7950275477610136,
    0.8029439817917975,
    1.003129195618002,
    1.6313471333368827,
    1.256935067474842,
    1.0859045354943526,
    1.5661246374641593,
    2.305746113293265,
    3.6040360599658205,
    2.3122738107646765,
    2.9368228696678815,
    3.5395562316438087,
    4.548206065830431,
    2.7609088001282593,
    3.5865149501907196,
    3.3767416688956713,
    4.076702384180145,
    4.372396514800034,
    3.21087970114068,
    4.625645199398461,
    3.410623942158724,
    3.602028556854317,
    4.423361661696904,
    3.676971146934911,
    3.900868408185871,
    4.077248206852298,
    4.517783894056552,
    4.0469181312150075,
    5.291468321688865,
    4.219770844143472,
    4.1308205504166455,
    4.0971207377549845,
    4.235729572510249,
    4.161474424757455
  ],
  "val_prauc": [
    0.6293551507058777,
    0.665169754760868,
    0.7025603781597094,
    0.6716288893942602,
    0.6708914762782436,
    0.707063250568331,
    0.7096035551161259,
    0.736532738698926,
    0.6815683515555357,
    0.6658174282352013,
    0.7229033651782003,
    0.7215798981082862,
    0.6952949561895377,
    0.6890594999198119,
    0.699807836681105,
    0.7185438769396431,
    0.725664148173431,
    0.7089856959577123,
    0.7066090434430572,
    0.74881611604225,
    0.7163983864529582,
    0.7248304673819669,
    0.7280410076522862,
    0.7357834433937673,
    0.7112109535092098,
    0.720504859989656,
    0.7074028600729904,
    0.7124509936810142,
    0.7034694746151517,
    0.7177346170517053,
    0.7152551819281423,
    0.7191293071059008,
    0.7283932042916421,
    0.7288406986122999,
    0.7231118708832286
  ],
  "val_f1": [
    0.5814696485623003,
    0.616,
    0.6390041493775933,
    0.6271186440677966,
    0.5612244897959183,
    0.5972850678733032,
    0.6474820143884892,
    0.641860465116279,
    0.5538461538461539,
    0.46511627906976744,
    0.6350710900473934,
    0.6051282051282051,
    0.6161616161616161,
    0.47126436781609193,
    0.6606334841628959,
    0.6217616580310881,
    0.6305418719211823,
    0.6020408163265306,
    0.5925925925925926,
    0.6981132075471698,
    0.6073298429319371,
    0.663594470046083,
    0.6572769953051644,
    0.5833333333333334,
    0.6267281105990783,
    0.6407766990291263,
    0.5980392156862745,
    0.6206896551724138,
    0.6291079812206573,
    0.6082474226804123,
    0.6237623762376238,
    0.6346153846153846,
    0.6473429951690821,
    0.6341463414634146,
    0.6602870813397129
  ]
}