{
  "train_loss": [
    1.312862386094763,
    1.217959130486698,
    1.1868992084307028,
    1.1505627534913678,
    1.1583952442974064,
    1.1243040912540248,
    1.1256289955572034,
    1.1507857158674415,
    1.1067335466121107,
    1.122743822581379,
    1.105902690413996,
    1.1064820171247982,
    1.0776906284034675,
    1.1238728220581162,
    1.1029034861436127,
    1.1089673642571092,
    1.0969203080691345,
    1.0981067799507302,
    1.0971995355389643,
    1.0753149762221261
  ],
  "val_loss": [
    1.3493625790842119,
    1.2992612315762428,
    1.0627683535698922,
    1.092444110301233,
    1.0484657729825666,
    1.0647039048133358,
    1.0585954862256204,
    1.032846491183004,
    1.0749823008814166,
    1.0479405580028411,
    1.0632077916975944,
    1.0764883910456011,
    1.0623215648435778,
    1.0665022615463502,
    1.09047116579548,
    1.0555302308451744,
    1.1458939025478978,
    1.0594866679560753,
    1.0589840066048406,
    1.0742568450589334
  ],
  "val_prauc": [
    0.10114873151728765,
    0.10649035369801002,
    0.1090095700331673,
    0.09780282885863216,
    0.1343865823158893,
    0.10608026062245715,
    0.13260813548765377,
    0.09075085784434893,
    0.12747812568218847,
    0.1296986154604169,
    0.07751038599310817,
    0.12383134087501747,
    0.1231324581547615,
    0.08967010781910778,
    0.12220198930485941,
    0.08501212700010682,
    0.07931431482692346,
    0.08117058146073554,
    0.08265473201911953,
    0.0842399483500161
  ],
  "val_f1": [
    0.0,
    0.0,
    0.10837438423645321,
    0.1388888888888889,
    0.11255411255411256,
    0.1262135922330097,
    0.09774436090225563,
    0.1111111111111111,
    0.12698412698412698,
    0.11764705882352941,
    0.11940298507462686,
    0.125,
    0.12121212121212122,
    0.12371134020618557,
    0.1301775147928994,
    0.11059907834101383,
    0.128,
    0.11594202898550725,
    0.11320754716981132,
    0.12244897959183673
  ]
}