{
  "train_loss": [
    0.9262815212661569,
    0.6882729256017641,
    0.5854950421913103,
    0.48244113593616267,
    0.45804592848501424,
    0.3806275190277533,
    0.3522453486750072,
    0.29643081297928636,
    0.27336520551365207,
    0.28049327462742274,
    0.2529656313021075,
    0.22329634396274659,
    0.20990404480306263,
    0.15290342917433009,
    0.20165498471628365,
    0.16253767875605263,
    0.1536307560044489,
    0.13480202637252992,
    0.15176125563448295,
    0.11001677847988586,
    0.08964480964773842,
    0.061450967917401365,
    0.06087909401685465,
    0.07907804161765274,
    0.05773006566877567,
    0.029785452138805176,
    0.04217474962148448,
    0.032207755951648404,
    0.03268569630323658,
    0.034833512837580696,
    0.023818401599493718,
    0.022257161068699297,
    0.04089824622289226,
    0.029846234440893484,
    0.023066396512976182,
    0.024928080797942377,
    0.01745542901316681,
    0.023664589731187003,
    0.024993873615192733,
    0.01637345575443822,
    0.030568829204970494,
    0.016846621154162345,
    0.029563342979542995
  ],
  "val_loss": [
    0.7111471028704393,
    0.7015556434267446,
    0.6670806925547751,
    0.7351342620033967,
    1.2521715306333805,
    0.8134419055361497,
    1.2390783762461262,
    1.2779501158940165,
    1.422841449905383,
    1.8422632423278533,
    1.2528271651581715,
    1.2976035899237583,
    1.493351491952413,
    1.4549162842725452,
    1.3919943092684997,
    1.3768786082142277,
    2.3838315126731207,
    1.4214987527383,
    2.48621326714362,
    1.5115768078126406,
    2.0249923910749588,
    2.016760717097082,
    1.9431479408552772,
    2.426918040666925,
    2.2284377566293667,
    1.943315648718884,
    1.973048015644676,
    2.2659566618110003,
    1.7886524639631574,
    2.073400344503553,
    2.1162119476418746,
    2.4282163279621223,
    2.270789257789913,
    2.1702256696788886,
    2.2928277803094765,
    2.1317918622180034,
    2.3782663008100107,
    2.206804608828143,
    2.366902560779923,
    2.5393955789898572,
    2.4046872924817237,
    2.2438727287869704,
    2.4649476918735003
  ],
  "val_prauc": [
    0.6347966715356628,
    0.7098652156619896,
    0.7175700582757446,
    0.6785208313164499,
    0.7331220093471653,
    0.7097699427731524,
    0.7389979278210772,
    0.7141546813148134,
    0.7308182096455617,
    0.7543446231936257,
    0.7275770781511015,
    0.7096243686033282,
    0.7665438098266554,
    0.6931376650892518,
    0.7531249632652977,
    0.7259180721842697,
    0.7421472061495069,
    0.7319680554905162,
    0.7062092352942028,
    0.7113173472276482,
    0.7411702044119295,
    0.7512124220905296,
    0.7451532200487988,
    0.7475216773286756,
    0.7496117562496014,
    0.7499732733661859,
    0.7629435275944484,
    0.7770002555334861,
    0.7523915788490327,
    0.7567216402598069,
    0.7466094756396228,
    0.7395629214183153,
    0.7547991894418694,
    0.7580032702573913,
    0.7543986826439091,
    0.7632583198097577,
    0.7633337900348169,
    0.7566470446774011,
    0.7679705706113902,
    0.7629623598584545,
    0.754583600406895,
    0.7543314731783108,
    0.7600778472582413
  ],
  "val_f1": [
    0.6075085324232082,
    0.6692015209125475,
    0.5824742268041238,
    0.6285714285714286,
    0.6139534883720931,
    0.5823529411764706,
    0.6190476190476191,
    0.6238532110091743,
    0.6446280991735537,
    0.6602870813397129,
    0.6273062730627307,
    0.6456692913385826,
    0.6488888888888888,
    0.6323529411764706,
    0.6751054852320675,
    0.6518518518518519,
    0.6432160804020101,
    0.6617100371747212,
    0.6009852216748769,
    0.6513409961685823,
    0.6493506493506493,
    0.6720647773279352,
    0.6772908366533864,
    0.6636363636363637,
    0.6812227074235808,
    0.6748971193415638,
    0.6611570247933884,
    0.6695278969957081,
    0.6716981132075471,
    0.6746987951807228,
    0.6693548387096774,
    0.658008658008658,
    0.6723404255319149,
    0.680327868852459,
    0.6833333333333333,
    0.688,
    0.6808510638297872,
    0.6693548387096774,
    0.6748971193415638,
    0.6638297872340425,
    0.6694214876033058,
    0.6613545816733067,
    0.6666666666666666
  ]
}