{
  "train_loss": [
    0.873374728993936,
    0.6218691415746104,
    0.4683620072901249,
    0.3766257790848613,
    0.29532399496317585,
    0.24842873971316626,
    0.2141934137219902,
    0.20394680885576896,
    0.15140075526009736,
    0.06873371061572636,
    0.03696734296847188,
    0.02956382431974899,
    0.052240944236307936,
    0.05697269668483138,
    0.05289727143169578,
    0.03627987950990659,
    0.020299279813281664,
    0.019324915579752334
  ],
  "val_loss": [
    0.6512878160727652,
    0.6785977027918163,
    0.7653460596737108,
    1.0189102825365568,
    1.0895881252853494,
    1.3114346250107414,
    1.1159082368800515,
    1.5320620309365423,
    1.594168909286198,
    2.1242699548602104,
    2.1344170433125997,
    2.0585596353599898,
    2.1469117759873995,
    2.5834141424611996,
    2.322760936460997,
    2.611259897778693,
    2.85938909453781,
    2.7573669360656488
  ],
  "val_prauc": [
    0.6929519209403022,
    0.713688069514291,
    0.7213937888615825,
    0.6612330959518241,
    0.7091395587525844,
    0.6804059302321911,
    0.67093746218519,
    0.695096365661636,
    0.697396167530235,
    0.710870035500166,
    0.6858010794943582,
    0.687600873400194,
    0.7195748426674435,
    0.7125313117409543,
    0.7135036352853608,
    0.6908705566666914,
    0.6923766530274758,
    0.6835478497951781
  ],
  "val_f1": [
    0.657439446366782,
    0.6158536585365854,
    0.664179104477612,
    0.624113475177305,
    0.6356589147286822,
    0.6693227091633466,
    0.6153846153846154,
    0.65625,
    0.6240601503759399,
    0.6086956521739131,
    0.611353711790393,
    0.6332046332046332,
    0.6639344262295082,
    0.62882096069869,
    0.6229508196721312,
    0.6173913043478261,
    0.6063348416289592,
    0.5903083700440529
  ]
}