{
  "train_loss": [
    0.8400063376469784,
    0.7612438395798925,
    0.740241997751845,
    0.7406542127031878,
    0.7229461115167801,
    0.7120152559266033,
    0.7004161780498114,
    0.7027383380266558,
    0.7005353422768145,
    0.6873324804277305,
    0.6895087679107506,
    0.6921046491128853,
    0.6869570743965815,
    0.6828415104782725,
    0.6923440229820917,
    0.6688845960131611,
    0.6667346277509827,
    0.6746739039579069,
    0.6729360050465687,
    0.6692235791180507,
    0.6761048371533314,
    0.6579410424792623,
    0.6622545999216746,
    0.6597069074590522,
    0.6595360999365887,
    0.6432076548955526,
    0.6395649708897234,
    0.6532959401248449,
    0.6359785432557026,
    0.6398774396224194,
    0.6433514778513506
  ],
  "val_loss": [
    1.5574319352292352,
    0.7925454436077012,
    0.8228037613961432,
    1.1894285109721952,
    1.0248441654774878,
    0.9946641410804458,
    1.0750346516983376,
    0.8461193758994341,
    0.9193114979813496,
    0.8883252011405097,
    1.0312451743003395,
    1.1396486177626584,
    0.9053488874600993,
    1.1179735207309325,
    0.8713940189530452,
    0.8254458076424069,
    1.0628085318538878,
    0.8510606802172132,
    1.2023697820388608,
    1.041962470445368,
    0.9742060320244895,
    0.9336473827974664,
    1.231532307755616,
    0.9382811515695519,
    1.053522072525488,
    1.1463125743385818,
    0.961659048580461,
    1.1030411550568209,
    1.2103314973000023,
    1.0897460668865178,
    1.1837663832638
  ],
  "val_prauc": [
    0.43350515101045384,
    0.49167266818332955,
    0.4844118516988532,
    0.48544556201960926,
    0.4979161986646667,
    0.5080141637040871,
    0.49942677532088714,
    0.5184682224032477,
    0.49496335354545323,
    0.5383861358487774,
    0.5309727349737612,
    0.5124204863022983,
    0.5189117873820432,
    0.52467948523399,
    0.5445855216116309,
    0.5470698360396186,
    0.5233555385618499,
    0.5406065352722065,
    0.5145540191358989,
    0.5239915712412274,
    0.5376543790546402,
    0.5290055197916124,
    0.5195061381417013,
    0.543903460711758,
    0.5379311127559829,
    0.5373196911506942,
    0.5457544519088549,
    0.5405751606002467,
    0.5314117090045976,
    0.5409130397898753,
    0.538981388198509
  ],
  "val_f1": [
    0.0,
    0.5323741007194245,
    0.5133689839572193,
    0.42214532871972316,
    0.5552407932011332,
    0.514792899408284,
    0.503030303030303,
    0.5409836065573771,
    0.5435356200527705,
    0.5422222222222223,
    0.5434782608695652,
    0.5433526011560693,
    0.5422740524781341,
    0.5153374233128835,
    0.544973544973545,
    0.5239005736137667,
    0.45484949832775917,
    0.5333333333333333,
    0.4225352112676056,
    0.5356125356125356,
    0.5295774647887324,
    0.5591397849462365,
    0.45901639344262296,
    0.5278592375366569,
    0.5119047619047619,
    0.5263157894736842,
    0.547486033519553,
    0.5464788732394367,
    0.5134328358208955,
    0.5238095238095238,
    0.5
  ]
}