{"CVE-2026-33634": 0.26606, "CVE-2026-33017": 0.05654, "CVE-2026-20131": 0.0065, "CVE-2025-66376": 0.10014, "CVE-2025-54068": 0.51618, "CVE-2025-53521": 0.00085, "CVE-2025-43520": 0.00475, "CVE-2025-43510": 0.00462, "CVE-2025-32432": 0.87671, "CVE-2025-31277": 0.00267, "CVE-2023-33461": 0.00054, "CVE-2023-30758": 0.00295, "CVE-2023-3026": 0.00222, "CVE-2023-2985": 8e-05, "CVE-2023-2977": 0.00021, "CVE-2023-29748": 0.00216, "CVE-2023-29159": 0.01515, "CVE-2023-29154": 0.12914, "CVE-2023-28937": 0.00166, "CVE-2023-28824": 0.00156, "CVE-2023-28713": 0.00115, "CVE-2023-28657": 0.00211, "CVE-2023-28651": 0.16126, "CVE-2023-28399": 0.00057, "CVE-2023-2598": 0.00658, "CVE-2023-23955": 0.00131, "CVE-2023-23954": 0.00414, "CVE-2023-23953": 0.00059, "CVE-2023-23952": 0.00657, "CVE-2022-35742": 0.06553}