{
  "train_loss": [
    1.020560655404221,
    0.7917964065616782,
    0.6794942387125709,
    0.6045051572675054,
    0.5437777118588035,
    0.49566421818665485,
    0.46337784703990276,
    0.35872865383597935,
    0.2731461688579822,
    0.24128985586999493,
    0.2314526189531369,
    0.18614800057416273,
    0.15217490782643753,
    0.09831950198382731,
    0.07164444773198655,
    0.05384463169535924,
    0.053296823350757964,
    0.05514485253832969,
    0.051567173010911654,
    0.03476967993974127,
    0.047793028712404026,
    0.035449545614870785
  ],
  "val_loss": [
    0.756650342753059,
    0.7249618768692017,
    0.6997657771173277,
    0.7054709274517862,
    0.7874525063916257,
    0.9018295862172779,
    1.1711858459993412,
    0.912172973940247,
    1.2724894222460295,
    1.4408228018958318,
    1.517001730831046,
    1.6880998685956001,
    1.5081612361889136,
    1.6593382617360668,
    1.9575564665229697,
    2.2157117974405227,
    2.1414565122441243,
    2.209211436541457,
    2.250263306655382,
    2.3174098047770952,
    2.8929801203408525,
    2.5202887215112386
  ],
  "val_prauc": [
    0.6533878912922138,
    0.6695893594732353,
    0.6827801645698641,
    0.6519321365551499,
    0.6943948552246392,
    0.6905251066479329,
    0.6997190755774892,
    0.6959631582897162,
    0.6647255595588584,
    0.6977393506893824,
    0.6569842840105959,
    0.6630217708499391,
    0.6721727656915214,
    0.6960769624038756,
    0.6914646507875255,
    0.6978838021699604,
    0.6850978637913496,
    0.6815499959742853,
    0.6843811053269779,
    0.6800813908591185,
    0.6811685171518559,
    0.6747867676791252
  ],
  "val_f1": [
    0.5661375661375662,
    0.5875706214689266,
    0.6319218241042345,
    0.615916955017301,
    0.6484641638225256,
    0.6498194945848376,
    0.64,
    0.6356589147286822,
    0.6212765957446809,
    0.6422018348623854,
    0.6106194690265486,
    0.6297872340425532,
    0.6374501992031872,
    0.6640625,
    0.639344262295082,
    0.675,
    0.669260700389105,
    0.6561264822134387,
    0.6612903225806451,
    0.6509803921568628,
    0.6260869565217392,
    0.6585365853658537
  ]
}