{
  "train_loss": [
    0.9181016060439023,
    0.6556124423037876,
    0.4998211455954747,
    0.38046897846189415,
    0.2909724671308967,
    0.2534454944966869,
    0.23493012907618488,
    0.19522341057150203,
    0.20704026036599482,
    0.18550497138428249,
    0.15761672079150396,
    0.19935539725702256,
    0.16413598685176112,
    0.1553228724951623,
    0.13563673210526098,
    0.11207736198875037,
    0.09471686981322075,
    0.08141114837880278,
    0.13101110635811478,
    0.11693199448067886,
    0.11664159807035256,
    0.0938116702974102,
    0.11421415206314123,
    0.08348488896527587,
    0.09049005910641096,
    0.04069244628309124,
    0.06403310075446908,
    0.032377018540862744,
    0.02251461101557404,
    0.026371167688880218,
    0.042247417981250444,
    0.020913953678762646
  ],
  "val_loss": [
    0.6994025409221649,
    0.7455591316285887,
    0.6801567705054032,
    0.7664274941933783,
    1.3605621003202701,
    1.2537588061470735,
    0.8615476332212749,
    1.3136300585771863,
    1.5406881296320964,
    1.6819540564166873,
    1.4688181841844006,
    1.542791551665256,
    1.452657392738681,
    1.2713091749893992,
    1.9097816993139292,
    1.5885076138534044,
    1.8850102789307897,
    2.1254735396880853,
    2.1997385017181696,
    2.912100067950393,
    1.676290284254049,
    2.20547406767544,
    1.7681853026151657,
    1.819743573665619,
    2.4488434689609626,
    2.625396214033428,
    3.0581703782081604,
    2.9492181332683876,
    2.805235862339798,
    3.126979213992232,
    3.02979051125677,
    2.8577789962291718
  ],
  "val_prauc": [
    0.6726348302467783,
    0.667894823696728,
    0.702379852058379,
    0.7133750420487914,
    0.6910407300972444,
    0.7300972235531659,
    0.7127379772236166,
    0.6986750238012207,
    0.728409537955966,
    0.6797006495512191,
    0.6962500778334364,
    0.7414585068427264,
    0.7306637585139639,
    0.7028510964497288,
    0.7331248976786399,
    0.7210864384855946,
    0.749677126453414,
    0.7165960051490163,
    0.6790522245525856,
    0.7402896448802619,
    0.7148518741923346,
    0.689600277967603,
    0.6939581014089741,
    0.7144151451748506,
    0.7340320253678791,
    0.7113603457433758,
    0.7272858565949188,
    0.7151448771007243,
    0.7315580472322291,
    0.7253145365878497,
    0.7203819570772972,
    0.7248930927914606
  ],
  "val_f1": [
    0.6343283582089553,
    0.6177606177606177,
    0.6050955414012739,
    0.6587301587301587,
    0.5951219512195122,
    0.6445497630331753,
    0.6092307692307692,
    0.6333333333333333,
    0.6575342465753424,
    0.580952380952381,
    0.6090534979423868,
    0.6443514644351465,
    0.6614785992217899,
    0.6159695817490495,
    0.6310679611650486,
    0.6287878787878788,
    0.6788990825688074,
    0.6548672566371682,
    0.6386554621848739,
    0.6073298429319371,
    0.6536964980544747,
    0.6428571428571429,
    0.6370370370370371,
    0.6454183266932271,
    0.6431718061674009,
    0.6495726495726496,
    0.6697247706422018,
    0.6260869565217392,
    0.6753246753246753,
    0.6547085201793722,
    0.6666666666666666,
    0.6666666666666666
  ]
}