{
  "train_loss": [
    1.2903803939366862,
    1.2114478345334965,
    1.1594809154524421,
    1.1438192511997083,
    1.1572877025082164,
    1.1224468259045677,
    1.121295911552262,
    1.1044531816983745,
    1.1104743789582356,
    1.0958523519717864,
    1.116739096867777,
    1.1047539362942216,
    1.1017622725806968,
    1.0949949722220427,
    1.0884277729222374,
    1.0924830393199503,
    1.0637304426109704,
    1.0665840162848035,
    1.084601338327366,
    1.057261623170254,
    1.080197476992642,
    1.0786374228714157,
    1.0700916678366,
    1.0591522598788685,
    1.0729977288385377
  ],
  "val_loss": [
    1.2662908931573231,
    1.3782159030437469,
    1.3657536347707113,
    1.4181054294109345,
    1.3028836687405905,
    1.3542985181013742,
    1.2420518716176352,
    1.194755450884501,
    1.1844776650269826,
    1.2354591508706412,
    1.182340919971466,
    1.1529245336850484,
    1.1743025680383046,
    1.1750255743662517,
    1.1694340745608012,
    1.1939022461573283,
    1.1905120452245077,
    1.1961317857106526,
    1.1757167478402455,
    1.1749506930510203,
    1.1276920119921365,
    1.1794423143068948,
    1.167524633804957,
    1.1705259760220845,
    1.1454710086186728
  ],
  "val_prauc": [
    0.055672391916763195,
    0.06933213552043826,
    0.08971096802112323,
    0.11018863058921828,
    0.0865296193598313,
    0.10235224259124923,
    0.10381694219697991,
    0.08086752874907002,
    0.11355646602195495,
    0.15265249054435107,
    0.15026182805320845,
    0.09166239003590722,
    0.08010574333867027,
    0.09429333630843151,
    0.10082116275903198,
    0.09361594753826463,
    0.09832359086157993,
    0.0885659786035243,
    0.09252576563018676,
    0.09004971743369598,
    0.10166501690155463,
    0.08252835106592842,
    0.08455809754865076,
    0.08522805595750049,
    0.08789375581130905
  ],
  "val_f1": [
    0.0,
    0.0,
    0.0,
    0.0,
    0.0,
    0.0,
    0.0,
    0.16393442622950818,
    0.18947368421052632,
    0.09090909090909091,
    0.13793103448275862,
    0.15853658536585366,
    0.14444444444444443,
    0.15483870967741936,
    0.16042780748663102,
    0.17777777777777778,
    0.2,
    0.18556701030927836,
    0.1935483870967742,
    0.20168067226890757,
    0.1511627906976744,
    0.16822429906542055,
    0.171875,
    0.1694915254237288,
    0.16184971098265896
  ]
}