{
  "train_loss": [
    0.8353478534897761,
    0.7717437861274131,
    0.7419134139718108,
    0.7350846241362652,
    0.7129315818423656,
    0.7056121808379444,
    0.7008278710925164,
    0.7150840719244373,
    0.6977965053337724,
    0.6961305051004115,
    0.6800272054043576,
    0.6920144353339921,
    0.6743686559484966,
    0.6781072833051729,
    0.6659222793816334,
    0.6515231025752737,
    0.6558273298230337,
    0.664204660339735,
    0.653608722769799,
    0.6640626825206909,
    0.6511677017259361,
    0.637273342751745,
    0.6355378030247949,
    0.6345388463777096,
    0.6207631673682389,
    0.6269780409276782,
    0.6334675728385128,
    0.6160713196986943,
    0.6169936109834643,
    0.6080376981799283
  ],
  "val_loss": [
    0.760554354976524,
    0.7133723605762828,
    0.701904564418576,
    0.6856675344434652,
    0.7046621912582354,
    0.6641056226058439,
    0.677291677756743,
    0.7323135164651003,
    0.6750949997116219,
    0.656453727659854,
    0.6823169368911873,
    0.6896024000915614,
    0.651029646396637,
    0.6594148417088118,
    0.6560627875680273,
    0.6746856702322309,
    0.6943819231607697,
    0.7091307521543719,
    0.6597254882481965,
    0.6780031441964887,
    0.6877332749691877,
    0.6662410450252619,
    0.6544977843084119,
    0.6659389967945489,
    0.6522736149755392,
    0.6419624679467895,
    0.6379903504116968,
    0.640076857060194,
    0.6783170601861044,
    0.6595026197081263
  ],
  "val_prauc": [
    0.4784157926132542,
    0.5383925642652889,
    0.565019643971357,
    0.5818364289916702,
    0.5822255888032525,
    0.5552388109005929,
    0.600416701007308,
    0.609433531509103,
    0.5953579005611658,
    0.6119582477178245,
    0.6014271359439062,
    0.6078037983012105,
    0.6241672425643687,
    0.6133873685191403,
    0.6307551274080168,
    0.6227676593986157,
    0.630485991286408,
    0.6182992221092999,
    0.6060252305279136,
    0.5972730566736487,
    0.614937814533379,
    0.600917555314774,
    0.6083877985846708,
    0.6267756287194947,
    0.6165298727349239,
    0.6180406006156691,
    0.6199739725125571,
    0.6231843989782562,
    0.6112458039367755,
    0.6096657191051471
  ],
  "val_f1": [
    0.5439672801635992,
    0.5465346534653466,
    0.5759368836291914,
    0.5873320537428023,
    0.5746102449888641,
    0.5949119373776908,
    0.5818965517241379,
    0.5835189309576837,
    0.5965583173996176,
    0.6123260437375746,
    0.5929203539823009,
    0.5573770491803278,
    0.6090225563909775,
    0.588,
    0.6144578313253012,
    0.5822306238185255,
    0.5774193548387097,
    0.5956607495069034,
    0.6052104208416834,
    0.6060606060606061,
    0.5769230769230769,
    0.59,
    0.5878136200716846,
    0.597972972972973,
    0.5897920604914934,
    0.6007326007326007,
    0.5924528301886792,
    0.6091954022988506,
    0.5911330049261084,
    0.610051993067591
  ]
}