{
  "train_loss": [
    0.9031241840936921,
    0.6426208838820457,
    0.4642108069224791,
    0.3496180863373659,
    0.28525886265560985,
    0.24458854294128038,
    0.18575758073711768,
    0.20572086218321187,
    0.15583049306058622,
    0.08300929197205485,
    0.05330333245960488,
    0.05519778480704025,
    0.035472588448928116,
    0.03578315929057267,
    0.024451236867207626,
    0.036294680544911403,
    0.015069634171926406,
    0.02701559873348329
  ],
  "val_loss": [
    0.7931866120350989,
    0.7510753917066675,
    0.7868819072058326,
    0.9567273855209351,
    1.3693253758706545,
    1.4495401390289004,
    1.6142946544446444,
    1.9269237063432996,
    2.235518626280521,
    2.0023211585847953,
    2.162595504208615,
    2.3426313745348075,
    2.3801756658052144,
    2.6030645770461938,
    2.704256790248971,
    2.9702113062927595,
    3.1713190945355514,
    3.0845998776586434
  ],
  "val_prauc": [
    0.6024788096600711,
    0.6744478896970081,
    0.711105893454098,
    0.6924183299315338,
    0.7077682429300186,
    0.6984996365778218,
    0.666428064858708,
    0.7099067552168751,
    0.6992073594401637,
    0.6942230510042902,
    0.6794421689713898,
    0.6727659251892445,
    0.6948677440932787,
    0.6783068981018867,
    0.6865485789276791,
    0.6806000956652033,
    0.6861854610183521,
    0.6825650585508958
  ],
  "val_f1": [
    0.6015037593984962,
    0.5706521739130435,
    0.6619718309859155,
    0.6168831168831169,
    0.6694560669456067,
    0.6535433070866141,
    0.6323529411764706,
    0.6050420168067226,
    0.6695652173913044,
    0.6196078431372549,
    0.6201550387596899,
    0.626984126984127,
    0.6224066390041494,
    0.6396761133603239,
    0.65,
    0.6359832635983264,
    0.6375545851528385,
    0.6239316239316239
  ]
}