{
  "train_loss": [
    0.8502022467553616,
    0.77466922365129,
    0.7609025718644261,
    0.7387636577710509,
    0.7126542149111629,
    0.7143440088257194,
    0.688348913565278,
    0.6941771348938346,
    0.6681404523551464,
    0.6913441387936473,
    0.6729637308046221,
    0.6672189647331834,
    0.6696116143837572,
    0.6684017231687903,
    0.6468857450410723,
    0.6565115824341774,
    0.663150011561811
  ],
  "val_loss": [
    3.0677128970623015,
    3.2849242533956255,
    3.318167048692703,
    3.7809017292090825,
    3.714533738579069,
    4.0483454235962455,
    3.4784911624022894,
    4.6050579386098045,
    3.893468140278544,
    3.604830380422728,
    4.053822287065643,
    4.2144545785018375,
    3.717085857476507,
    3.2230812979596,
    3.3033451129283224,
    3.617645509966782,
    3.4375859249915397
  ],
  "val_prauc": [
    0.5231957703739172,
    0.5602604916950557,
    0.5446773571909825,
    0.5216456180363904,
    0.5389106734395157,
    0.518739040481005,
    0.5329235342617864,
    0.5129098657641125,
    0.47719056655681236,
    0.45261973327730715,
    0.47279219553885166,
    0.4722052226126998,
    0.4769291198302666,
    0.47195200387234204,
    0.4880290757167942,
    0.4579842295752191,
    0.4709822166104664
  ],
  "val_f1": [
    0.0,
    0.0,
    0.0,
    0.0,
    0.0,
    0.0,
    0.0,
    0.0,
    0.0,
    0.0,
    0.0,
    0.0,
    0.0,
    0.0,
    0.0,
    0.0,
    0.0
  ]
}