{
  "train_loss": [
    0.9121326885440133,
    0.7386562905528329,
    0.6272512596439231,
    0.5786031691188162,
    0.4777796431021257,
    0.4251879923553629,
    0.3938068506223234,
    0.322006234687499,
    0.27625062297606334,
    0.21090690647675234,
    0.19417135894764215,
    0.17698912901422856,
    0.12749297395269174,
    0.11315286410866644,
    0.09546480904894204,
    0.13031311357851585,
    0.07097850318810246,
    0.0947942218752525,
    0.07417756899733584,
    0.12339064927304703,
    0.09879465547816256,
    0.1039297811347007,
    0.08130243495807835,
    0.05270219950530604,
    0.07402307977628714,
    0.05395356616794412,
    0.03963954644330608,
    0.03216359196854186,
    0.05354138691969142,
    0.04524237623974676,
    0.02850718680660562,
    0.041342862050938,
    0.03760131390046437,
    0.02698795396331248
  ],
  "val_loss": [
    0.8462158582712475,
    1.0449488231618154,
    1.3201887566400201,
    1.0092537369775145,
    0.7471717882313227,
    1.5319123330869173,
    1.116617706653319,
    2.0519240843622306,
    1.9964131894276331,
    2.4666528733153092,
    2.0489579776400015,
    2.372248563719423,
    2.7808763267178285,
    3.3359536871706186,
    3.5854527687555864,
    2.9212492186772194,
    2.8019958985479256,
    3.2346999817772915,
    3.478104075024787,
    2.751653306578335,
    3.550556349126916,
    4.338193843239232,
    3.1791127935836188,
    3.00235641473218,
    4.084810561941643,
    3.87653661989852,
    4.649199426958435,
    4.568907726752131,
    4.168359316885471,
    4.711263702496102,
    5.260370577244382,
    5.116814457272229,
    4.585351652024608,
    4.730676894517321
  ],
  "val_prauc": [
    0.6140182818087161,
    0.6426850218647016,
    0.7084074413189841,
    0.7028726959568826,
    0.6710418696937528,
    0.6905603410458612,
    0.6961029517758481,
    0.7024214206835807,
    0.7014591263618523,
    0.7022124737384478,
    0.670202857892134,
    0.7066112163247915,
    0.7287035540659694,
    0.7317497930102772,
    0.6925270286613884,
    0.7124643832233718,
    0.6952766584292734,
    0.7058582701185245,
    0.7390319811321528,
    0.7116214177358028,
    0.6876135398909704,
    0.6739910167453627,
    0.6641905510260779,
    0.6605212108128277,
    0.70072953642885,
    0.697343883279986,
    0.685615593791723,
    0.6876979799887165,
    0.6679312346407499,
    0.6629373302769661,
    0.7017609386259985,
    0.6810020986582203,
    0.6831446788980118,
    0.689344252513941
  ],
  "val_f1": [
    0.6058091286307054,
    0.5396825396825397,
    0.5816326530612245,
    0.6437768240343348,
    0.6551724137931034,
    0.6324786324786325,
    0.6446886446886447,
    0.6388888888888888,
    0.6343612334801763,
    0.6160714285714286,
    0.6171875,
    0.6222222222222222,
    0.6296296296296297,
    0.6359447004608295,
    0.5662100456621004,
    0.6329113924050633,
    0.6086956521739131,
    0.6127659574468085,
    0.6422018348623854,
    0.648,
    0.6060606060606061,
    0.5779816513761468,
    0.5882352941176471,
    0.608,
    0.6160714285714286,
    0.6167400881057269,
    0.6037735849056604,
    0.5963302752293578,
    0.6075949367088608,
    0.5892857142857143,
    0.586046511627907,
    0.5739910313901345,
    0.5872340425531914,
    0.603448275862069
  ]
}