{
  "train_loss": [
    1.0853481523015283,
    0.8994545970450748,
    0.7884870151227171,
    0.7332695573568344,
    0.700994436205788,
    0.6322486161847006,
    0.5784713024781509,
    0.4712173944677819,
    0.4626643211496147,
    0.3990001244555143,
    0.3412868962411515,
    0.3287288085980849,
    0.3021495235575871,
    0.22996097936464305,
    0.156763153374248,
    0.12142022672924213,
    0.1340049634560604,
    0.13662463120470586,
    0.1272487643079578,
    0.1000329704031835,
    0.06513527000160221,
    0.06680489475150932,
    0.05971803519274876,
    0.077736860877022,
    0.048449154611510246,
    0.0460393688935338,
    0.05754785187251731,
    0.04921449002821729,
    0.031742186562909905
  ],
  "val_loss": [
    0.9746058018584001,
    0.8314997867534035,
    0.7953499869296425,
    0.8227313803999048,
    0.7437126134571276,
    0.8387243465373391,
    0.7859185385076624,
    1.0526340141108161,
    0.7635146097133034,
    0.9529621122699035,
    1.1260279942499964,
    1.159478330298474,
    1.5902101185761,
    1.6169984713196754,
    1.693947158361736,
    1.6999601164930744,
    1.8163076082342549,
    1.9289246797561646,
    2.177568751730417,
    2.3712632452186786,
    2.404172842439852,
    2.514538791618849,
    2.4270991024218107,
    2.611812495871594,
    2.9353199789398596,
    2.846872190111562,
    2.6675235644767157,
    2.9077907306583306,
    2.8067129160228528
  ],
  "val_prauc": [
    0.5501390824844232,
    0.55346829914614,
    0.6052423576983691,
    0.6058178237861439,
    0.6413338559297671,
    0.6292782444563393,
    0.6515181420628373,
    0.61595377653775,
    0.6270878764110562,
    0.6209447640590846,
    0.6193516557154964,
    0.631800048864889,
    0.6331185630582536,
    0.6883020443816228,
    0.6695996764070088,
    0.6388994728098677,
    0.6493638986147634,
    0.6281093422788152,
    0.6157047687219933,
    0.6472125337695025,
    0.6453420170397942,
    0.6563889220873176,
    0.6511594216080429,
    0.6343737294488069,
    0.6443172327079458,
    0.639181411198123,
    0.6390892206908052,
    0.6459704951239169,
    0.6392098092993144
  ],
  "val_f1": [
    0.48128342245989303,
    0.5072463768115942,
    0.5162790697674419,
    0.5714285714285714,
    0.6097560975609756,
    0.5011286681715575,
    0.5739644970414202,
    0.5963636363636363,
    0.6144927536231884,
    0.5962732919254659,
    0.6301369863013698,
    0.6382978723404256,
    0.6227106227106227,
    0.6694915254237288,
    0.6589147286821705,
    0.656934306569343,
    0.6692307692307692,
    0.6415094339622641,
    0.640926640926641,
    0.6147186147186147,
    0.6333333333333333,
    0.6390041493775933,
    0.6482213438735178,
    0.6160337552742616,
    0.6233766233766234,
    0.6083333333333333,
    0.608,
    0.6101694915254238,
    0.6153846153846154
  ]
}