{
  "train_loss": [
    4.471628768166358,
    8.275712721117518,
    7.020311651548202,
    3.00997084985085,
    3.3872510542733254,
    2.4125769396079706,
    2.2544447164516894,
    1.8119412114176985,
    1.2115087281081782,
    1.322063390138051,
    0.9313682703322477,
    1.178043496004962,
    0.886596047455466,
    0.909165365423277,
    0.7921082893256839,
    0.7260422445050525,
    0.7824824088885428,
    0.7055741073320281,
    0.8252873263120736,
    0.6382021250438729,
    0.6696753437043464,
    0.63909400788874,
    0.644811758526802,
    0.633661317720279
  ],
  "val_loss": [
    11.994312159639472,
    11.872776833828539,
    13.345350219644994,
    13.755067528041158,
    16.741032445424935,
    19.279547781232395,
    23.338657401152886,
    20.205497186689172,
    21.930277270905208,
    20.566912154298432,
    21.63950989053895,
    21.574161574428825,
    22.79132569906748,
    21.80891175258633,
    22.01716918508464,
    22.166827765807586,
    21.64004641531695,
    23.50173556195902,
    22.51169655409952,
    22.089817888782516,
    21.870829285811244,
    22.561614502565742,
    22.746916625765152,
    22.34015231275407
  ],
  "val_prauc": [
    0.0009784735812133072,
    0.0010245901639344263,
    0.00099601593625498,
    0.0012254901960784314,
    0.000697350069735007,
    0.00043821209465381246,
    0.00036603221083455345,
    0.0004048582995951417,
    0.00037993920972644377,
    0.00037230081906180194,
    0.0003894080996884735,
    0.00040816326530612246,
    0.00039154267815191856,
    0.0003846153846153846,
    0.0004045307443365696,
    0.00038580246913580245,
    0.00038109756097560977,
    0.00037537537537537537,
    0.000390015600624025,
    0.0003937007874015748,
    0.0004042037186742118,
    0.00038819875776397513,
    0.0003808073115003808,
    0.00039154267815191856
  ],
  "val_f1": [
    0.0,
    0.0,
    0.0,
    0.0,
    0.0,
    0.0,
    0.0,
    0.0,
    0.0,
    0.0,
    0.0,
    0.0,
    0.0,
    0.0,
    0.0,
    0.0,
    0.0,
    0.0,
    0.0,
    0.0,
    0.0,
    0.0,
    0.0,
    0.0
  ]
}