{
  "train_loss": [
    1.062753291292624,
    0.8714523667638953,
    0.7487524402412501,
    0.6063006305220452,
    0.5473516363311898,
    0.4106710385531187,
    0.30440367389978334,
    0.2882695642130619,
    0.2659139171539044,
    0.19162382543171672,
    0.14503645921782168,
    0.1559830272533211,
    0.12782382331021258,
    0.16109457513878375,
    0.12406213034079304,
    0.14655951076896268,
    0.13034380021880762,
    0.05677114009135535,
    0.038282920399896364,
    0.03902613410871874,
    0.03399891546297857,
    0.041023090930965816,
    0.05252989547713324,
    0.043305132582283724,
    0.0236913131688487,
    0.022675656324426283
  ],
  "val_loss": [
    0.9384335122610393,
    0.7347665507542459,
    0.6818971743709162,
    0.6920232176780701,
    1.20383359315364,
    0.9315932596984663,
    1.0577895029595024,
    0.9475577085425979,
    1.579530912402429,
    1.2211591868024123,
    1.5339237628014464,
    1.6729671617871837,
    2.0481777661725094,
    2.1118763583271125,
    2.702431315629694,
    2.396093404606769,
    1.8427743864686865,
    2.4714849416754747,
    2.7574113779946376,
    3.0915145881866155,
    2.6778341280786613,
    2.977314188047067,
    2.4974467558296105,
    2.9191381568579295,
    3.013870088873725,
    3.112082890872108
  ],
  "val_prauc": [
    0.5594585032366624,
    0.6402914975290456,
    0.6678922765141394,
    0.6789985758004544,
    0.6955307333307089,
    0.7052385363521881,
    0.6752355965470883,
    0.7146359033638282,
    0.6711042105598202,
    0.6596802397189299,
    0.7238314273439813,
    0.6970869258166975,
    0.6845590337915964,
    0.6797562091022015,
    0.690649534446055,
    0.6652371091150218,
    0.689654281882783,
    0.6888359409690131,
    0.6923572307405987,
    0.6943988717899919,
    0.6896139109185249,
    0.6846341113891751,
    0.6736043524213934,
    0.6854036532158154,
    0.6855869791862167,
    0.6831824476163911
  ],
  "val_f1": [
    0.44227005870841485,
    0.5739130434782609,
    0.5941176470588235,
    0.5823529411764706,
    0.5771144278606966,
    0.6190476190476191,
    0.6120996441281139,
    0.6498194945848376,
    0.6329113924050633,
    0.5951557093425606,
    0.6431718061674009,
    0.6536964980544747,
    0.5966386554621849,
    0.6229508196721312,
    0.5784313725490197,
    0.6007905138339921,
    0.6180555555555556,
    0.6440677966101694,
    0.6502057613168725,
    0.6343612334801763,
    0.6352941176470588,
    0.6086956521739131,
    0.611764705882353,
    0.6448979591836734,
    0.6584362139917695,
    0.6297872340425532
  ]
}