event_id,treated_cve,treated_event_date,control_cve,control_future_event_date,candidate_rank_static,static_distance,treated_baseline_epss,treated_baseline_percentile,treated_anchor_offset,control_baseline_epss,control_baseline_percentile,control_anchor_offset,baseline_percentile_distance,match_rank,treated_epss_plus7,treated_percentile_plus7,control_epss_plus7,control_percentile_plus7,treated_percentile_delta_plus7,control_percentile_delta_plus7,att_percentile_delta_plus7,treated_epss_plus30,treated_percentile_plus30,control_epss_plus30,control_percentile_plus30,treated_percentile_delta_plus30,control_percentile_delta_plus30,att_percentile_delta_plus30
7,CVE-2013-3900,2024-12-12,CVE-2013-4786,2025-01-21,1,2.3,0.64868,0.98006,0.0,0.36512,0.97305,0.0,0.00701,1,0.34716,0.97124,0.36512,0.97184,-0.00882,-0.0012099999999999,-0.0076100000000001,0.08167,0.94355,0.36512,0.97207,-0.03651,-0.0009799999999999,-0.03553
17,CVE-2016-10099,2025-04-09,CVE-2016-9138,2025-05-12,2,4.800000000000001,0.0133,0.78259,0.0,0.00788,0.71733,0.0,0.0652599999999999,1,0.0133,0.78816,0.00788,0.72537,0.0055699999999999,0.0080399999999999,-0.0024699999999999,0.0133,0.78868,0.00788,0.72618,0.00609,0.00885,-0.0027599999999999
17,CVE-2016-10099,2025-04-09,CVE-2016-10243,2025-05-18,1,4.750000000000001,0.0133,0.78259,0.0,0.02875,0.85127,0.0,0.0686799999999999,2,0.0133,0.78816,0.02875,0.85495,0.0055699999999999,0.00368,0.0018899999999999,0.0133,0.78868,0.02875,0.85544,0.00609,0.00417,0.00192
23,CVE-2016-9497,2025-04-11,CVE-2016-10243,2025-05-18,1,1.25,0.06861,0.90533,0.0,0.02875,0.8514,0.0,0.0539299999999999,1,0.06861,0.90829,0.02875,0.85521,0.00296,0.0038099999999999,-0.0008499999999999,0.06861,0.90841,0.02875,0.85536,0.00308,0.0039599999999999,-0.0008799999999998
29,CVE-2017-3221,2025-04-11,CVE-2017-7117,2025-05-12,1,1.3,0.02048,0.82379,0.0,0.054,0.89221,0.0,0.0684199999999999,1,0.02048,0.82836,0.054,0.89565,0.0045699999999999,0.0034399999999999,0.0011299999999999,0.02048,0.82861,0.05142,0.89293,0.0048199999999999,0.00072,0.0040999999999998
29,CVE-2017-3221,2025-04-11,CVE-2017-14227,2025-05-17,3,2.5500000000000007,0.02048,0.82379,0.0,0.00999,0.75093,0.0,0.07286,2,0.02048,0.82836,0.00999,0.75758,0.0045699999999999,0.00665,-0.00208,0.02048,0.82861,0.01715,0.81336,0.0048199999999999,0.0624299999999999,-0.05761
31,CVE-2017-5715,2025-03-13,CVE-2017-11882,2025-04-18,5,2.5,0.97469,0.99983,0.0,0.97419,0.99972,0.0,0.0001099999999999,1,0.90097,0.99592,0.94384,0.99965,-0.0039099999999999,-7.00000000000145e-05,-0.0038399999999999,0.90481,0.99596,0.94384,0.99964,-0.00387,-8.000000000008001e-05,-0.0037899999999999
31,CVE-2017-5715,2025-03-13,CVE-2017-5754,2025-04-16,1,0.0,0.97469,0.99983,0.0,0.97132,0.99894,0.0,0.0008899999999999,2,0.90097,0.99592,0.92707,0.99757,-0.0039099999999999,-0.00137,-0.0025399999999998,0.90481,0.99596,0.92671,0.99746,-0.00387,-0.00148,-0.00239
31,CVE-2017-5715,2025-03-13,CVE-2017-0144,2025-04-23,7,3.450000000000001,0.97469,0.99983,0.0,0.96953,0.99848,0.0,0.0013499999999999,3,0.90097,0.99592,0.94423,0.9998,-0.0039099999999999,0.0013199999999999,-0.0052299999999999,0.90481,0.99596,0.94412,0.99976,-0.00387,0.0012799999999999,-0.0051499999999999
32,CVE-2017-5753,2025-03-13,CVE-2017-11882,2025-04-18,5,2.5,0.97542,0.99999,0.0,0.97419,0.99972,0.0,0.0002699999999999,1,0.94167,0.99908,0.94384,0.99965,-0.00091,-7.00000000000145e-05,-0.00084,0.9417,0.9991,0.94384,0.99964,-0.00089,-8.000000000008001e-05,-0.0008099999999999
32,CVE-2017-5753,2025-03-13,CVE-2017-5754,2025-04-16,1,0.0,0.97542,0.99999,0.0,0.97132,0.99894,0.0,0.0010499999999999,2,0.94167,0.99908,0.92707,0.99757,-0.00091,-0.00137,0.00046,0.9417,0.9991,0.92671,0.99746,-0.00089,-0.00148,0.0005899999999999
32,CVE-2017-5753,2025-03-13,CVE-2017-0144,2025-04-23,7,3.450000000000001,0.97542,0.99999,0.0,0.96953,0.99848,0.0,0.00151,3,0.94167,0.99908,0.94423,0.9998,-0.00091,0.0013199999999999,-0.00223,0.9417,0.9991,0.94412,0.99976,-0.00089,0.0012799999999999,-0.00217
35,CVE-2017-8083,2025-04-10,CVE-2017-13238,2025-05-17,4,2.55,0.00038,0.08386,0.0,0.00025,0.04108,0.0,0.04278,1,0.00038,0.10679,0.00025,0.05284,0.0229299999999999,0.01176,0.0111699999999999,0.00038,0.10651,0.00025,0.05294,0.0226499999999999,0.01186,0.0107899999999999
36,CVE-2017-9884,2025-04-26,CVE-2017-5705,2025-05-29,1,0.05,0.00108,0.30358,0.0,0.0011,0.30723,0.0,0.0036499999999999,1,0.00108,0.30515,0.0011,0.3087,0.0015699999999999,0.0014699999999999,9.9999999999989e-05,0.00108,0.30216,0.00141,0.3539,-0.00142,0.0466699999999999,-0.04809
38,CVE-2018-0171,2025-02-20,CVE-2018-1207,2025-04-16,1,0.05,0.74487,0.98386,0.0,0.03398,0.91461,0.0,0.0692499999999999,1,0.74487,0.98396,0.03131,0.91127,9.9999999999989e-05,-0.00334,0.0034399999999999,0.85271,0.99351,0.93129,0.99795,0.00965,0.0833399999999999,-0.0736899999999999
42,CVE-2018-1000045,2025-04-11,CVE-2018-4413,2025-05-24,3,2.55,0.00578,0.66432,0.0,0.00556,0.6564,0.0,0.00792,1,0.00578,0.67591,0.00556,0.6686,0.0115899999999999,0.0121999999999999,-0.0006099999999999,0.00578,0.67631,0.00556,0.66903,0.0119899999999999,0.01263,-0.00064
42,CVE-2018-1000045,2025-04-11,CVE-2018-4344,2025-05-24,1,0.0,0.00578,0.66432,0.0,0.00515,0.64046,0.0,0.0238599999999999,2,0.00578,0.67591,0.00515,0.6535,0.0115899999999999,0.0130399999999999,-0.0014499999999999,0.00578,0.67631,0.00515,0.65426,0.0119899999999999,0.0137999999999999,-0.0018099999999999
42,CVE-2018-1000045,2025-04-11,CVE-2018-16790,2025-05-17,2,0.2999999999999998,0.00578,0.66432,0.0,0.00508,0.63715,0.0,0.02717,3,0.00578,0.67591,0.00508,0.65055,0.0115899999999999,0.0133999999999999,-0.0018099999999999,0.00578,0.67631,0.00672,0.70163,0.0119899999999999,0.0644799999999999,-0.05249
43,CVE-2018-1000046,2025-04-11,CVE-2018-4413,2025-05-24,3,2.55,0.00578,0.66432,0.0,0.00556,0.6564,0.0,0.00792,1,0.00578,0.67591,0.00556,0.6686,0.0115899999999999,0.0121999999999999,-0.0006099999999999,0.00578,0.67631,0.00556,0.66903,0.0119899999999999,0.01263,-0.00064
43,CVE-2018-1000046,2025-04-11,CVE-2018-4344,2025-05-24,1,0.0,0.00578,0.66432,0.0,0.00515,0.64046,0.0,0.0238599999999999,2,0.00578,0.67591,0.00515,0.6535,0.0115899999999999,0.0130399999999999,-0.0014499999999999,0.00578,0.67631,0.00515,0.65426,0.0119899999999999,0.0137999999999999,-0.0018099999999999
43,CVE-2018-1000046,2025-04-11,CVE-2018-16790,2025-05-17,2,0.2999999999999998,0.00578,0.66432,0.0,0.00508,0.63715,0.0,0.02717,3,0.00578,0.67591,0.00508,0.65055,0.0115899999999999,0.0133999999999999,-0.0018099999999999,0.00578,0.67631,0.00672,0.70163,0.0119899999999999,0.0644799999999999,-0.05249
44,CVE-2018-1000047,2025-04-11,CVE-2018-0898,2025-05-16,4,4.3500000000000005,0.00968,0.74684,0.0,0.01901,0.81739,0.0,0.07055,1,0.00968,0.75365,0.01901,0.82216,0.00681,0.00477,0.00204,0.00968,0.75383,0.01901,0.82246,0.00699,0.00507,0.00192
44,CVE-2018-1000047,2025-04-11,CVE-2018-0899,2025-05-16,5,4.3500000000000005,0.00968,0.74684,0.0,0.01901,0.81739,0.0,0.07055,2,0.00968,0.75365,0.01901,0.82216,0.00681,0.00477,0.00204,0.00968,0.75383,0.01901,0.82246,0.00699,0.00507,0.00192
44,CVE-2018-1000047,2025-04-11,CVE-2018-0900,2025-05-16,6,4.3500000000000005,0.00968,0.74684,0.0,0.01901,0.81739,0.0,0.07055,3,0.00968,0.75365,0.01901,0.82216,0.00681,0.00477,0.00204,0.00968,0.75383,0.01901,0.82246,0.00699,0.00507,0.00192
45,CVE-2018-1000048,2025-04-11,CVE-2018-0898,2025-05-16,4,4.3500000000000005,0.00968,0.74684,0.0,0.01901,0.81739,0.0,0.07055,1,0.00968,0.75365,0.01901,0.82216,0.00681,0.00477,0.00204,0.00968,0.75383,0.01901,0.82246,0.00699,0.00507,0.00192
45,CVE-2018-1000048,2025-04-11,CVE-2018-0899,2025-05-16,5,4.3500000000000005,0.00968,0.74684,0.0,0.01901,0.81739,0.0,0.07055,2,0.00968,0.75365,0.01901,0.82216,0.00681,0.00477,0.00204,0.00968,0.75383,0.01901,0.82246,0.00699,0.00507,0.00192
45,CVE-2018-1000048,2025-04-11,CVE-2018-0900,2025-05-16,6,4.3500000000000005,0.00968,0.74684,0.0,0.01901,0.81739,0.0,0.07055,3,0.00968,0.75365,0.01901,0.82216,0.00681,0.00477,0.00204,0.00968,0.75383,0.01901,0.82246,0.00699,0.00507,0.00192
47,CVE-2018-10561,2025-01-29,CVE-2018-1207,2025-04-16,1,0.05,0.96379,0.99705,0.0,0.03398,0.91374,0.0,0.08331,1,0.96379,0.99707,0.03398,0.91404,2.000000000002e-05,0.0002999999999999,-0.0002799999999999,0.96379,0.9971,0.03131,0.91132,4.999999999999449e-05,-0.0024199999999999,0.0024699999999999
48,CVE-2018-10562,2025-01-29,CVE-2018-1207,2025-04-16,1,0.05,0.971,0.99884,0.0,0.03398,0.91374,0.0,0.0850999999999999,1,0.971,0.99885,0.03398,0.91404,1.0000000000065512e-05,0.0002999999999999,-0.0002899999999999,0.971,0.99887,0.03131,0.91132,3.0000000000085517e-05,-0.0024199999999999,0.00245
51,CVE-2018-13379,2025-01-15,CVE-2018-0171,2025-02-20,7,0.7000000000000011,0.96926,0.99832,0.0,0.74487,0.9836,0.0,0.0147199999999999,1,0.96924,0.99832,0.74487,0.98363,0.0,2.999999999997449e-05,-2.999999999997449e-05,0.96924,0.99835,0.74487,0.98382,2.999999999997449e-05,0.0002199999999999,-0.00019
51,CVE-2018-13379,2025-01-15,CVE-2018-1207,2025-04-16,8,0.7500000000000011,0.96926,0.99832,0.0,0.03398,0.91337,0.0,0.0849499999999999,2,0.96924,0.99832,0.03398,0.91351,0.0,0.00014,-0.00014,0.96924,0.99835,0.03398,0.91433,2.999999999997449e-05,0.0009599999999999,-0.0009299999999999
53,CVE-2018-16606,2025-04-16,CVE-2018-16790,2025-05-17,3,1.9,0.00452,0.62468,0.0,0.00508,0.64995,0.0,0.02527,1,0.05789,0.89963,0.00508,0.65028,0.27495,0.0003299999999999,0.2746200000000001,0.05789,0.89995,0.00672,0.7021,0.27527,0.0521499999999999,0.2231200000000001
53,CVE-2018-16606,2025-04-16,CVE-2018-4344,2025-05-24,2,1.6,0.00452,0.62468,0.0,0.00515,0.65292,0.0,0.0282399999999999,2,0.05789,0.89963,0.00515,0.65321,0.27495,0.00029,0.27466,0.05789,0.89995,0.00515,0.65474,0.27527,0.00182,0.2734499999999999
53,CVE-2018-16606,2025-04-16,CVE-2018-4413,2025-05-24,1,1.05,0.00452,0.62468,0.0,0.00556,0.66811,0.0,0.0434299999999999,3,0.05789,0.89963,0.00556,0.66826,0.27495,0.0001499999999999,0.2748,0.05789,0.89995,0.00556,0.66957,0.27527,0.00146,0.27381
55,CVE-2018-17532,2025-01-29,CVE-2018-3846,2025-04-11,5,1.3,0.01462,0.86614,0.0,0.01015,0.83747,0.0,0.0286699999999999,1,0.01462,0.86648,0.01015,0.8377,0.00034,0.0002299999999999,0.00011,0.01462,0.86785,0.01015,0.83921,0.0017099999999999,0.0017399999999999,-2.999999999997449e-05
55,CVE-2018-17532,2025-01-29,CVE-2018-3847,2025-04-11,6,1.3,0.01462,0.86614,0.0,0.00833,0.81992,0.0,0.04622,2,0.01462,0.86648,0.00833,0.82026,0.00034,0.00034,0.0,0.01462,0.86785,0.00833,0.82144,0.0017099999999999,0.0015199999999999,0.00019
55,CVE-2018-17532,2025-01-29,CVE-2018-1207,2025-04-16,1,0.05,0.01462,0.86614,0.0,0.03398,0.91374,0.0,0.0475999999999999,3,0.01462,0.86648,0.03398,0.91404,0.00034,0.0002999999999999,4.000000000004e-05,0.01462,0.86785,0.03131,0.91132,0.0017099999999999,-0.0024199999999999,0.0041299999999999
56,CVE-2018-19410,2025-02-05,CVE-2018-1207,2025-04-16,1,0.05,0.04906,0.92777,0.0,0.03398,0.91404,0.0,0.01373,1,0.04906,0.92773,0.03398,0.91408,-3.999999999992898e-05,4.000000000004e-05,-7.999999999996898e-05,0.04906,0.92858,0.03131,0.91164,0.0008099999999999,-0.0023999999999999,0.0032099999999999
56,CVE-2018-19410,2025-02-05,CVE-2018-3846,2025-04-11,5,1.3,0.04906,0.92777,0.0,0.01015,0.8377,0.0,0.0900699999999999,2,0.04906,0.92773,0.01015,0.83799,-3.999999999992898e-05,0.00029,-0.0003299999999999,0.04906,0.92858,0.01015,0.83955,0.0008099999999999,0.00185,-0.00104
57,CVE-2018-20817,2024-03-18,CVE-2018-1285,2025-04-22,12,0.05,0.0099,0.83166,0.0,0.00819,0.81439,0.0,0.01727,1,0.0099,0.83185,0.00819,0.8146,0.00019,0.00021,-2.000000000002e-05,0.0099,0.83328,0.00897,0.82455,0.00162,0.01016,-0.0085399999999999
57,CVE-2018-20817,2024-03-18,CVE-2018-1207,2025-04-16,11,0.05,0.0099,0.83166,0.0,0.01875,0.88115,0.0,0.04949,2,0.0099,0.83185,0.01875,0.88138,0.00019,0.00023,-4.000000000004e-05,0.0099,0.83328,0.01875,0.88251,0.00162,0.00136,0.00026
57,CVE-2018-20817,2024-03-18,CVE-2018-17532,2025-01-29,8,0.05,0.0099,0.83166,0.0,0.00572,0.77416,0.0,0.0574999999999999,3,0.0099,0.83185,0.00572,0.77446,0.00019,0.0003,-0.00011,0.0099,0.83328,0.00572,0.77642,0.00162,0.00226,-0.0006399999999999
58,CVE-2018-3646,2025-04-11,CVE-2018-0898,2025-05-16,2,0.9499999999999996,0.05906,0.8972,0.0,0.01901,0.81739,0.0,0.07981,1,0.05906,0.90065,0.01901,0.82216,0.0034499999999999,0.00477,-0.00132,0.05906,0.90077,0.01901,0.82246,0.0035699999999999,0.00507,-0.0015
58,CVE-2018-3646,2025-04-11,CVE-2018-0899,2025-05-16,3,0.9499999999999996,0.05906,0.8972,0.0,0.01901,0.81739,0.0,0.07981,2,0.05906,0.90065,0.01901,0.82216,0.0034499999999999,0.00477,-0.00132,0.05906,0.90077,0.01901,0.82246,0.0035699999999999,0.00507,-0.0015
58,CVE-2018-3646,2025-04-11,CVE-2018-0900,2025-05-16,4,0.9499999999999996,0.05906,0.8972,0.0,0.01901,0.81739,0.0,0.07981,3,0.05906,0.90065,0.01901,0.82216,0.0034499999999999,0.00477,-0.00132,0.05906,0.90077,0.01901,0.82246,0.0035699999999999,0.00507,-0.0015
59,CVE-2018-3846,2025-04-11,CVE-2018-0898,2025-05-16,4,4.3500000000000005,0.02446,0.83867,0.0,0.01901,0.81739,0.0,0.02128,1,0.02446,0.84272,0.01901,0.82216,0.0040499999999999,0.00477,-0.00072,0.01518,0.80227,0.01901,0.82246,-0.0363999999999999,0.00507,-0.04147
59,CVE-2018-3846,2025-04-11,CVE-2018-0899,2025-05-16,5,4.3500000000000005,0.02446,0.83867,0.0,0.01901,0.81739,0.0,0.02128,2,0.02446,0.84272,0.01901,0.82216,0.0040499999999999,0.00477,-0.00072,0.01518,0.80227,0.01901,0.82246,-0.0363999999999999,0.00507,-0.04147
59,CVE-2018-3846,2025-04-11,CVE-2018-0900,2025-05-16,6,4.3500000000000005,0.02446,0.83867,0.0,0.01901,0.81739,0.0,0.02128,3,0.02446,0.84272,0.01901,0.82216,0.0040499999999999,0.00477,-0.00072,0.01518,0.80227,0.01901,0.82246,-0.0363999999999999,0.00507,-0.04147
60,CVE-2018-3847,2025-04-11,CVE-2018-0898,2025-05-16,4,4.3500000000000005,0.01759,0.8104,0.0,0.01901,0.81739,0.0,0.0069899999999999,1,0.0071,0.70974,0.01901,0.82216,-0.1006599999999999,0.00477,-0.10543,0.00504,0.64905,0.01901,0.82246,-0.16135,0.00507,-0.16642
60,CVE-2018-3847,2025-04-11,CVE-2018-0899,2025-05-16,5,4.3500000000000005,0.01759,0.8104,0.0,0.01901,0.81739,0.0,0.0069899999999999,2,0.0071,0.70974,0.01901,0.82216,-0.1006599999999999,0.00477,-0.10543,0.00504,0.64905,0.01901,0.82246,-0.16135,0.00507,-0.16642
60,CVE-2018-3847,2025-04-11,CVE-2018-0900,2025-05-16,6,4.3500000000000005,0.01759,0.8104,0.0,0.01901,0.81739,0.0,0.0069899999999999,3,0.0071,0.70974,0.01901,0.82216,-0.1006599999999999,0.00477,-0.10543,0.00504,0.64905,0.01901,0.82246,-0.16135,0.00507,-0.16642
61,CVE-2018-3848,2025-04-11,CVE-2018-0898,2025-05-16,4,4.3500000000000005,0.02242,0.83182,0.0,0.01901,0.81739,0.0,0.01443,1,0.02242,0.83617,0.01901,0.82216,0.0043499999999999,0.00477,-0.00042,0.01381,0.79244,0.01901,0.82246,-0.0393799999999999,0.00507,-0.0444499999999999
61,CVE-2018-3848,2025-04-11,CVE-2018-0899,2025-05-16,5,4.3500000000000005,0.02242,0.83182,0.0,0.01901,0.81739,0.0,0.01443,2,0.02242,0.83617,0.01901,0.82216,0.0043499999999999,0.00477,-0.00042,0.01381,0.79244,0.01901,0.82246,-0.0393799999999999,0.00507,-0.0444499999999999
61,CVE-2018-3848,2025-04-11,CVE-2018-0900,2025-05-16,6,4.3500000000000005,0.02242,0.83182,0.0,0.01901,0.81739,0.0,0.01443,3,0.02242,0.83617,0.01901,0.82216,0.0043499999999999,0.00477,-0.00042,0.01381,0.79244,0.01901,0.82246,-0.0393799999999999,0.00507,-0.0444499999999999
62,CVE-2018-3849,2025-04-11,CVE-2018-0898,2025-05-16,4,4.3500000000000005,0.02242,0.83182,0.0,0.01901,0.81739,0.0,0.01443,1,0.02242,0.83617,0.01901,0.82216,0.0043499999999999,0.00477,-0.00042,0.01381,0.79244,0.01901,0.82246,-0.0393799999999999,0.00507,-0.0444499999999999
62,CVE-2018-3849,2025-04-11,CVE-2018-0899,2025-05-16,5,4.3500000000000005,0.02242,0.83182,0.0,0.01901,0.81739,0.0,0.01443,2,0.02242,0.83617,0.01901,0.82216,0.0043499999999999,0.00477,-0.00042,0.01381,0.79244,0.01901,0.82246,-0.0393799999999999,0.00507,-0.0444499999999999
62,CVE-2018-3849,2025-04-11,CVE-2018-0900,2025-05-16,6,4.3500000000000005,0.02242,0.83182,0.0,0.01901,0.81739,0.0,0.01443,3,0.02242,0.83617,0.01901,0.82216,0.0043499999999999,0.00477,-0.00042,0.01381,0.79244,0.01901,0.82246,-0.0393799999999999,0.00507,-0.0444499999999999
66,CVE-2018-8065,2023-05-31,CVE-2018-9276,2025-02-05,8,0.3499999999999998,0.9655,0.99365,0.0,0.4346,0.96808,0.0,0.0255699999999999,1,0.83308,0.97934,0.4346,0.96814,-0.01431,5.999999999994898e-05,-0.0143699999999999,0.85256,0.98037,0.5086,0.97046,-0.01328,0.0023799999999999,-0.01566
67,CVE-2018-8639,2025-03-03,CVE-2018-16606,2025-04-16,12,1.6,0.00071,0.33943,0.0,0.00084,0.3835,0.0,0.04407,1,0.00573,0.78224,0.00084,0.38446,0.44281,0.00096,0.44185,0.23668,0.95535,0.00452,0.6095,0.61592,0.226,0.38992
68,CVE-2018-9276,2025-02-05,CVE-2018-0114,2025-05-05,1,0.3499999999999998,0.811,0.98615,0.0,0.03943,0.92,0.0,0.0661499999999999,1,0.811,0.98619,0.03943,0.91998,4.000000000004e-05,-2.000000000002e-05,6.0000000000060005e-05,0.811,0.98641,0.03943,0.92091,0.00026,0.0009099999999999,-0.0006499999999999
88,CVE-2019-1010060,2025-04-11,CVE-2019-1367,2025-05-29,4,2.6000000000000005,0.31291,0.96403,0.0,0.87865,0.99448,0.0,0.0304499999999999,1,0.31291,0.96456,0.87865,0.99414,0.0005299999999999,-0.00034,0.0008699999999999,0.31291,0.96485,0.87865,0.99424,0.0008199999999999,-0.00024,0.0010599999999999
88,CVE-2019-1010060,2025-04-11,CVE-2019-2725,2025-05-13,1,0.0,0.31291,0.96403,0.0,0.94448,0.99992,0.0,0.0358899999999999,2,0.31291,0.96456,0.94448,0.9999,0.0005299999999999,-2.000000000002e-05,0.0005499999999999,0.31291,0.96485,0.9447,0.99995,0.0008199999999999,2.999999999997449e-05,0.0007899999999999
88,CVE-2019-1010060,2025-04-11,CVE-2019-1069,2025-05-13,2,2.250000000000001,0.31291,0.96403,0.0,0.10373,0.92497,0.0,0.03906,3,0.31291,0.96456,0.10373,0.92733,0.0005299999999999,0.00236,-0.0018300000000001,0.31291,0.96485,0.10373,0.92776,0.0008199999999999,0.00279,-0.0019700000000001
89,CVE-2019-10652,2025-04-10,CVE-2019-0881,2025-05-16,4,0.6499999999999997,0.00829,0.72462,0.0,0.02011,0.82218,0.0,0.0975599999999999,1,0.04331,0.88258,0.02011,0.82677,0.15796,0.0045899999999999,0.15337,0.04331,0.88278,0.02011,0.82721,0.1581599999999999,0.0050299999999999,0.15313
92,CVE-2019-13024,2025-04-10,CVE-2019-1367,2025-05-29,4,1.3500000000000008,0.61921,0.98208,0.0,0.87865,0.99448,0.0,0.0124,1,0.69365,0.9852,0.87865,0.99415,0.00312,-0.00033,0.00345,0.69365,0.98532,0.87865,0.99425,0.00324,-0.00023,0.00347
92,CVE-2019-13024,2025-04-10,CVE-2019-2725,2025-05-13,3,1.3,0.61921,0.98208,0.0,0.94448,0.99992,0.0,0.01784,2,0.69365,0.9852,0.94448,0.9999,0.00312,-2.000000000002e-05,0.00314,0.69365,0.98532,0.9447,0.99995,0.00324,2.999999999997449e-05,0.00321
92,CVE-2019-13024,2025-04-10,CVE-2019-1069,2025-05-13,1,1.050000000000001,0.61921,0.98208,0.0,0.10373,0.92495,0.0,0.0571299999999999,3,0.69365,0.9852,0.10373,0.92728,0.00312,0.0023299999999999,0.00079,0.69365,0.98532,0.10373,0.92782,0.00324,0.0028699999999999,0.00037
97,CVE-2019-15949,2025-04-08,CVE-2019-1367,2025-05-29,4,1.3500000000000008,0.91112,0.99632,0.0,0.87865,0.99447,0.0,0.00185,1,0.90601,0.99569,0.87865,0.99412,-0.00063,-0.0003499999999999,-0.00028,0.90601,0.99574,0.87865,0.99424,-0.00058,-0.0002299999999999,-0.00035
97,CVE-2019-15949,2025-04-08,CVE-2019-2725,2025-05-13,3,1.3,0.91112,0.99632,0.0,0.94448,0.99992,0.0,0.0036,2,0.90601,0.99569,0.94448,0.99988,-0.00063,-4.000000000004e-05,-0.0005899999999999,0.90601,0.99574,0.9447,0.99994,-0.00058,2.000000000002e-05,-0.0006
97,CVE-2019-15949,2025-04-08,CVE-2019-1069,2025-05-13,1,1.050000000000001,0.91112,0.99632,0.0,0.10373,0.92491,0.0,0.0714099999999999,3,0.90601,0.99569,0.10373,0.92708,-0.00063,0.00217,-0.0028,0.90601,0.99574,0.10373,0.92771,-0.00058,0.0028,-0.00338
99,CVE-2019-19245,2025-04-14,CVE-2019-0881,2025-05-16,1,2.3000000000000007,0.02567,0.84282,0.0,0.02011,0.82207,0.0,0.02075,1,0.10836,0.9294,0.02011,0.82687,0.0865799999999999,0.0048,0.0817799999999999,0.10836,0.92971,0.02011,0.82752,0.08689,0.00545,0.0814399999999999
99,CVE-2019-19245,2025-04-14,CVE-2019-0959,2025-05-16,3,3.1000000000000005,0.02567,0.84282,0.0,0.04197,0.8772,0.0,0.0343799999999999,2,0.10836,0.9294,0.04197,0.8809,0.0865799999999999,0.0037,0.0828799999999999,0.10836,0.92971,0.04197,0.88116,0.08689,0.00396,0.0829299999999999
100,CVE-2019-1937,2023-07-15,CVE-2019-1010060,2025-04-11,2,0.05,0.01127,0.82726,0.0,0.01061,0.82177,0.0,0.0054899999999999,1,0.38185,0.96704,0.01061,0.82196,0.13978,0.00019,0.13959,0.37043,0.96679,0.01061,0.82293,0.13953,0.00116,0.13837
100,CVE-2019-1937,2023-07-15,CVE-2019-19245,2025-04-14,1,0.0,0.01127,0.82726,0.0,0.00931,0.80889,0.0,0.0183699999999999,2,0.38185,0.96704,0.00931,0.80905,0.13978,0.00016,0.1396199999999999,0.37043,0.96679,0.00931,0.80988,0.13953,0.00099,0.13854
100,CVE-2019-1937,2023-07-15,CVE-2019-3568,2025-05-07,5,0.05,0.01127,0.82726,0.0,0.03528,0.90303,0.0,0.07577,3,0.38185,0.96704,0.03528,0.90316,0.13978,0.0001299999999999,0.13965,0.37043,0.96679,0.03528,0.90351,0.13953,0.00048,0.13905
101,CVE-2019-20893,2023-05-10,CVE-2019-9531,2025-04-11,3,0.05,0.00363,0.68188,0.0,0.00422,0.70437,0.0,0.02249,1,0.00363,0.6823,0.00422,0.70485,0.0004199999999999,0.0004799999999999,-5.999999999994898e-05,0.00384,0.69199,0.00422,0.70602,0.0101099999999999,0.0016499999999999,0.00846
106,CVE-2019-5736,2025-04-24,CVE-2019-1367,2025-05-29,1,1.1499999999999997,0.55518,0.97892,0.0,0.87865,0.99416,0.0,0.01524,1,0.49289,0.97629,0.87865,0.99435,-0.00263,0.0001899999999999,-0.0028199999999999,0.52476,0.97768,0.87865,0.99425,-0.00124,8.999999999992347e-05,-0.0013299999999999
108,CVE-2019-6111,2025-04-09,CVE-2019-1367,2025-05-29,2,1.9,0.56692,0.97938,0.0,0.87865,0.99447,0.0,0.0150899999999999,1,0.56692,0.97937,0.87865,0.99413,-1.0000000000065512e-05,-0.00034,0.0003299999999999,0.56692,0.97964,0.87865,0.99425,0.0002599999999999,-0.0002199999999999,0.0004799999999999
108,CVE-2019-6111,2025-04-09,CVE-2019-2725,2025-05-13,5,4.15,0.56692,0.97938,0.0,0.94448,0.99992,0.0,0.02054,2,0.56692,0.97937,0.94448,0.99989,-1.0000000000065512e-05,-3.0000000000085517e-05,2.000000000002e-05,0.56692,0.97964,0.9447,0.99994,0.0002599999999999,2.000000000002e-05,0.0002399999999999
108,CVE-2019-6111,2025-04-09,CVE-2019-1069,2025-05-13,3,2.1499999999999995,0.56692,0.97938,0.0,0.10373,0.92494,0.0,0.05444,3,0.56692,0.97937,0.10373,0.92717,-1.0000000000065512e-05,0.00223,-0.0022400000000001,0.56692,0.97964,0.10373,0.92778,0.0002599999999999,0.00284,-0.0025800000000001
110,CVE-2019-9531,2025-04-11,CVE-2019-0881,2025-05-16,3,2.250000000000001,0.01174,0.76901,0.0,0.02011,0.82228,0.0,0.05327,1,0.01588,0.80613,0.02011,0.8269,0.03712,0.0046199999999999,0.0325,0.01588,0.80633,0.02011,0.82722,0.03732,0.0049399999999999,0.03238
114,CVE-2020-0238,2024-12-04,CVE-2020-14979,2025-03-11,7,0.8499999999999999,0.00042,0.05089,0.0,0.00042,0.05089,0.0,0.0,1,0.00042,0.05073,0.00042,0.05073,-0.00016,-0.00016,0.0,0.00042,0.04988,0.00042,0.04988,-0.0010099999999999,-0.0010099999999999,0.0
119,CVE-2020-11027,2023-06-19,CVE-2020-3259,2025-04-17,9,1.7000000000000004,0.00279,0.63837,0.0,0.00246,0.61282,0.0,0.0255499999999999,1,0.00646,0.76417,0.00246,0.61307,0.1258,0.0002499999999999,0.12555,0.00499,0.7314,0.00246,0.61597,0.09303,0.0031499999999999,0.08988
119,CVE-2020-11027,2023-06-19,CVE-2020-11060,2023-10-09,7,1.5500000000000007,0.00279,0.63837,0.0,0.00219,0.5866,0.0,0.0517699999999999,2,0.00646,0.76417,0.00219,0.58676,0.1258,0.0001599999999999,0.12564,0.00499,0.7314,0.00219,0.58915,0.09303,0.0025499999999999,0.0904800000000001
120,CVE-2020-11060,2023-10-09,CVE-2020-3259,2025-04-17,2,0.1499999999999996,0.00219,0.5946,0.0,0.00246,0.62181,0.0,0.0272099999999999,1,0.00219,0.59551,0.00246,0.62262,0.0009099999999999,0.0008099999999999,9.9999999999989e-05,0.00219,0.59684,0.00246,0.62374,0.00224,0.0019299999999999,0.00031
121,CVE-2020-11560,2023-06-23,CVE-2020-14979,2025-03-11,2,0.05,0.00042,0.05675,0.0,0.00042,0.05675,0.0,0.0,1,0.00058,0.21975,0.00042,0.05699,0.163,0.0002399999999999,0.16276,0.00058,0.22046,0.00042,0.05726,0.16371,0.0005099999999999,0.1632
121,CVE-2020-11560,2023-06-23,CVE-2020-27786,2024-09-09,1,0.05,0.00042,0.05675,0.0,0.00043,0.07958,0.0,0.0228299999999999,2,0.00058,0.21975,0.00043,0.0795,0.163,-7.999999999999674e-05,0.16308,0.00058,0.22046,0.00043,0.07955,0.16371,-3.0000000000002247e-05,0.16374
121,CVE-2020-11560,2023-06-23,CVE-2020-1377,2025-05-16,4,0.05,0.00042,0.05675,0.0,0.00046,0.12895,0.0,0.0722,3,0.00058,0.21975,0.00046,0.1288,0.163,-0.00015,0.16315,0.00058,0.22046,0.00046,0.1293,0.16371,0.0003499999999999,0.16336
122,CVE-2020-11971,2025-04-11,CVE-2020-1378,2025-05-16,1,0.05,0.02084,0.82549,0.0,0.01809,0.81321,0.0,0.0122799999999999,1,0.02084,0.83009,0.01809,0.81808,0.0046,0.00487,-0.0002699999999999,0.02084,0.83033,0.01809,0.81827,0.00484,0.00506,-0.0002199999999999
126,CVE-2020-1472,2025-03-25,CVE-2020-0601,2025-05-16,5,2.8999999999999995,0.94448,0.99991,0.0,0.93923,0.99872,0.0,0.0011899999999999,1,0.94448,0.99991,0.93911,0.99869,0.0,-3.0000000000085517e-05,3.0000000000085517e-05,0.94448,0.99989,0.93923,0.99863,-2.000000000002e-05,-9.00000000000345e-05,7.00000000000145e-05
126,CVE-2020-1472,2025-03-25,CVE-2020-0609,2025-05-13,6,4.6000000000000005,0.94448,0.99991,0.0,0.86889,0.99406,0.0,0.0058499999999999,2,0.94448,0.99991,0.86889,0.99393,0.0,-0.00013,0.00013,0.94448,0.99989,0.86889,0.99366,-2.000000000002e-05,-0.0004,0.00038
126,CVE-2020-1472,2025-03-25,CVE-2020-0787,2025-05-13,2,2.6,0.94448,0.99991,0.0,0.58,0.98006,0.0,0.0198499999999999,3,0.94448,0.99991,0.58,0.97997,0.0,-9.00000000000345e-05,9.00000000000345e-05,0.94448,0.99989,0.58,0.9801,-2.000000000002e-05,3.999999999992898e-05,-5.999999999994898e-05
127,CVE-2020-14871,2025-04-09,CVE-2020-0609,2025-05-13,1,0.1999999999999993,0.88872,0.99498,0.0,0.86889,0.99398,0.0,0.001,1,0.88872,0.99469,0.86889,0.99363,-0.00029,-0.0003499999999999,5.999999999994898e-05,0.88872,0.99476,0.86889,0.99375,-0.0002199999999999,-0.0002299999999999,9.99999999995449e-06
127,CVE-2020-14871,2025-04-09,CVE-2020-0601,2025-05-16,2,2.2,0.88872,0.99498,0.0,0.93911,0.9987,0.0,0.00372,2,0.88872,0.99469,0.93911,0.9986,-0.00029,-9.9999999999989e-05,-0.00019,0.88872,0.99476,0.93911,0.99862,-0.0002199999999999,-8.000000000008001e-05,-0.0001399999999999
127,CVE-2020-14871,2025-04-09,CVE-2020-0787,2025-05-13,3,2.45,0.88872,0.99498,0.0,0.58,0.98005,0.0,0.0149299999999999,3,0.88872,0.99469,0.58,0.98004,-0.00029,-9.99999999995449e-06,-0.00028,0.88872,0.99476,0.58751,0.98067,-0.0002199999999999,0.00062,-0.00084
129,CVE-2020-15934,2024-12-19,CVE-2020-14979,2025-03-11,5,1.050000000000001,0.00043,0.10892,1.0,0.00042,0.04956,0.0,0.05936,1,0.00043,0.10929,0.00042,0.04978,0.0003699999999999,0.0002199999999999,0.0001499999999999,0.00043,0.11361,0.00042,0.05085,0.00469,0.0012899999999999,0.0034
130,CVE-2020-18662,2025-04-11,CVE-2020-9859,2025-05-24,5,2.3000000000000007,0.00392,0.57478,0.0,0.00369,0.55972,0.0,0.0150599999999999,1,0.00381,0.58493,0.00369,0.57751,0.0101499999999999,0.0177899999999999,-0.0076399999999999,0.00381,0.5854,0.00369,0.57802,0.01062,0.0182999999999999,-0.0076799999999999
130,CVE-2020-18662,2025-04-11,CVE-2020-1377,2025-05-16,4,2.3000000000000007,0.00392,0.57478,0.0,0.00484,0.62608,0.0,0.0513,2,0.00381,0.58493,0.00484,0.64009,0.0101499999999999,0.01401,-0.00386,0.00381,0.5854,0.00484,0.64072,0.01062,0.0146399999999999,-0.0040199999999999
134,CVE-2020-26071,2024-11-18,CVE-2020-14979,2025-03-11,6,0.6500000000000006,0.00044,0.1177,1.0,0.00042,0.05124,0.0,0.0664599999999999,1,0.00044,0.11927,0.00042,0.05107,0.00157,-0.00017,0.00174,0.00044,0.12075,0.00042,0.04958,0.0030499999999999,-0.00166,0.0047099999999999
135,CVE-2020-27124,2024-11-18,CVE-2020-1377,2025-05-16,8,0.8499999999999999,0.00049,0.20186,1.0,0.00057,0.25154,0.0,0.0496799999999999,1,0.00049,0.20362,0.00057,0.25305,0.0017599999999999,0.00151,0.0002499999999999,0.00049,0.20618,0.00266,0.67188,0.0043199999999999,0.42034,-0.41602
136,CVE-2020-2778,2024-09-09,CVE-2020-11971,2025-04-11,7,4.1,0.00111,0.45156,0.0,0.0014,0.50414,0.0,0.05258,1,0.00111,0.45207,0.0014,0.50464,0.00051,0.0004999999999999,1.0000000000065512e-05,0.00111,0.45207,0.0014,0.50323,0.00051,-0.00091,0.00142
136,CVE-2020-2778,2024-09-09,CVE-2020-7656,2025-04-08,2,2.6999999999999997,0.00111,0.45156,0.0,0.00154,0.52421,0.0,0.0726499999999999,2,0.00111,0.45207,0.00154,0.52478,0.00051,0.00057,-6.0000000000060005e-05,0.00111,0.45207,0.00154,0.52225,0.00051,-0.0019599999999999,0.0024699999999999
136,CVE-2020-2778,2024-09-09,CVE-2020-25860,2025-04-24,4,3.1999999999999997,0.00111,0.45156,0.0,0.00165,0.53834,0.0,0.08678,3,0.00111,0.45207,0.00165,0.53885,0.00051,0.00051,0.0,0.00111,0.45207,0.00165,0.53622,0.00051,-0.00212,0.00263
137,CVE-2020-27786,2024-09-09,CVE-2020-14979,2025-03-11,1,0.05,0.00043,0.10368,0.0,0.00042,0.05065,0.0,0.0530299999999999,1,0.00043,0.10427,0.00042,0.05088,0.00059,0.00023,0.00036,0.00043,0.10522,0.00042,0.0508,0.0015399999999999,0.0001499999999999,0.00139
138,CVE-2020-28398,2024-12-10,CVE-2020-14979,2025-03-11,5,1.050000000000001,0.00043,0.10788,1.0,0.00042,0.05074,0.0,0.05714,1,0.00058,0.26138,0.00042,0.04956,0.1535,-0.00118,0.1546799999999999,0.00058,0.26267,0.00042,0.05043,0.15479,-0.0003099999999999,0.1551
139,CVE-2020-2883,2025-01-07,CVE-2020-0601,2025-05-16,10,2.000000000000001,0.96449,0.99719,0.0,0.9708,0.99874,0.0,0.0015499999999999,1,0.96512,0.9973,0.9708,0.99876,0.0001099999999999,2.000000000002e-05,8.999999999992347e-05,0.96512,0.99734,0.97085,0.99881,0.0001499999999999,7.00000000000145e-05,7.999999999996898e-05
139,CVE-2020-2883,2025-01-07,CVE-2020-1938,2025-04-24,2,0.05,0.96449,0.99719,0.0,0.97406,0.99966,0.0,0.0024699999999999,2,0.96512,0.9973,0.97406,0.99966,0.0001099999999999,0.0,0.0001099999999999,0.96512,0.99734,0.97403,0.99966,0.0001499999999999,0.0,0.0001499999999999
139,CVE-2020-2883,2025-01-07,CVE-2020-25223,2025-04-24,3,0.05,0.96449,0.99719,0.0,0.97552,0.99999,0.0,0.0028,3,0.96512,0.9973,0.97552,0.99999,0.0001099999999999,0.0,0.0001099999999999,0.96512,0.99734,0.97521,0.99996,0.0001499999999999,-3.0000000000085517e-05,0.00018
143,CVE-2020-36084,2025-02-06,CVE-2020-9859,2025-05-24,12,2.3000000000000007,0.00101,0.43111,0.0,0.0007,0.33245,0.0,0.0986599999999999,1,0.00085,0.38362,0.0007,0.33236,-0.0474899999999999,-9.00000000000345e-05,-0.0473999999999999,0.00085,0.38804,0.0007,0.3369,-0.04307,0.0044499999999999,-0.0475199999999999
145,CVE-2020-5741,2023-03-03,CVE-2020-5509,2025-04-16,1,0.05,0.20713,0.96512,0.0,0.15362,0.95991,0.0,0.0052099999999999,1,0.19637,0.95477,0.00848,0.79624,-0.0103499999999999,-0.1636700000000001,0.1533200000000001,0.63053,0.97246,0.00684,0.77012,0.00734,-0.18979,0.19713
145,CVE-2020-5741,2023-03-03,CVE-2020-11060,2023-10-09,2,0.2500000000000001,0.20713,0.96512,0.0,0.26473,0.97112,0.0,0.006,2,0.19637,0.95477,0.00219,0.58061,-0.0103499999999999,-0.39051,0.38016,0.63053,0.97246,0.00219,0.58226,0.00734,-0.38886,0.3962
145,CVE-2020-5741,2023-03-03,CVE-2020-0787,2025-05-13,10,0.6499999999999997,0.20713,0.96512,0.0,0.10723,0.94659,0.0,0.0185299999999999,3,0.19637,0.95477,0.00208,0.57016,-0.0103499999999999,-0.37643,0.36608,0.63053,0.97246,0.00172,0.52717,0.00734,-0.41942,0.42676
147,CVE-2020-7656,2025-04-08,CVE-2020-9859,2025-05-24,4,2.0,0.00281,0.48639,0.0,0.00369,0.55927,0.0,0.07288,1,0.01105,0.76831,0.00369,0.57636,0.28192,0.0170899999999999,0.2648300000000001,0.01105,0.76905,0.00369,0.57799,0.28266,0.0187199999999999,0.26394
148,CVE-2020-9236,2024-12-27,CVE-2020-14979,2025-03-11,5,1.050000000000001,0.00043,0.1094,1.0,0.00042,0.04987,0.0,0.05953,1,0.00043,0.11013,0.00042,0.04988,0.00073,1.0000000000003062e-05,0.00072,0.0005,0.21524,0.00042,0.05072,0.1058399999999999,0.00085,0.1049899999999999
152,CVE-2021-20035,2025-04-17,CVE-2021-38314,2025-05-27,3,1.2500000000000002,0.26232,0.95939,0.0,0.86722,0.99356,0.0,0.03417,1,0.26232,0.95951,0.86722,0.99356,0.00012,0.0,0.00012,0.13926,0.93931,0.86722,0.99369,-0.0200799999999999,0.0001299999999999,-0.0202099999999999
152,CVE-2021-20035,2025-04-17,CVE-2021-32030,2025-05-28,4,3.5500000000000007,0.26232,0.95939,0.0,0.93481,0.99808,0.0,0.03869,2,0.26232,0.95951,0.93481,0.99808,0.00012,0.0,0.00012,0.13926,0.93931,0.93481,0.99813,-0.0200799999999999,4.999999999999449e-05,-0.0201299999999999
153,CVE-2021-20288,2025-04-09,CVE-2021-30871,2025-05-19,3,1.95,0.00198,0.39109,0.0,0.00143,0.3135,0.0,0.0775899999999999,1,0.00198,0.42445,0.00143,0.35768,0.03336,0.04418,-0.0108199999999999,0.00183,0.40691,0.00143,0.35847,0.01582,0.04497,-0.02915
155,CVE-2021-24499,2023-06-09,CVE-2021-32030,2025-05-28,12,0.05,0.16056,0.95152,0.0,0.68002,0.97482,0.0,0.0232999999999999,1,0.19069,0.9554,0.68002,0.97487,0.0038799999999999,4.999999999999449e-05,0.00383,0.19069,0.95572,0.68002,0.97482,0.0041999999999999,0.0,0.0041999999999999
155,CVE-2021-24499,2023-06-09,CVE-2021-44529,2025-05-13,10,0.05,0.16056,0.95152,0.0,0.9503,0.98942,0.0,0.0378999999999999,2,0.19069,0.9554,0.9503,0.98948,0.0038799999999999,6.0000000000060005e-05,0.0038199999999999,0.19069,0.95572,0.96445,0.99347,0.0041999999999999,0.0040499999999999,0.0001499999999999
155,CVE-2021-24499,2023-06-09,CVE-2021-35587,2025-03-25,7,0.05,0.16056,0.95152,0.0,0.96798,0.99484,0.0,0.0433199999999999,3,0.19069,0.9554,0.96798,0.99488,0.0038799999999999,4.000000000004e-05,0.0038399999999999,0.19069,0.95572,0.96916,0.99561,0.0041999999999999,0.00077,0.0034299999999999
156,CVE-2021-25094,2025-04-18,CVE-2021-38314,2025-05-27,5,3.1,0.8815,0.99427,0.0,0.86722,0.99355,0.0,0.0007199999999999,1,0.88517,0.99448,0.86722,0.99357,0.00021,1.999999999990898e-05,0.0001900000000001,0.88477,0.99454,0.86722,0.99369,0.0002699999999999,0.0001399999999999,0.00013
156,CVE-2021-25094,2025-04-18,CVE-2021-32030,2025-05-28,2,2.000000000000001,0.8815,0.99427,0.0,0.93481,0.99808,0.0,0.0038099999999999,2,0.88517,0.99448,0.93481,0.99808,0.00021,0.0,0.00021,0.88477,0.99454,0.93481,0.99814,0.0002699999999999,6.0000000000060005e-05,0.0002099999999999
157,CVE-2021-25646,2025-04-24,CVE-2021-32030,2025-05-28,2,1.3,0.94334,0.9994,0.0,0.93481,0.99808,0.0,0.0013199999999999,1,0.94334,0.99942,0.93481,0.99818,2.000000000002e-05,9.9999999999989e-05,-7.999999999996898e-05,0.94321,0.99937,0.93443,0.99806,-2.999999999997449e-05,-2.000000000002e-05,-9.99999999995449e-06
157,CVE-2021-25646,2025-04-24,CVE-2021-38314,2025-05-27,3,3.750000000000001,0.94334,0.9994,0.0,0.86722,0.99356,0.0,0.0058399999999999,2,0.94334,0.99942,0.87202,0.99403,2.000000000002e-05,0.0004699999999999,-0.0004499999999999,0.94321,0.99937,0.86722,0.9937,-2.999999999997449e-05,0.00014,-0.00017
160,CVE-2021-26414,2023-01-16,CVE-2021-31207,2025-02-19,9,1.85,0.03083,0.83219,0.0,0.02355,0.80842,0.0,0.0237699999999999,1,0.03083,0.83246,0.02355,0.80872,0.0002699999999999,0.0002999999999999,-2.999999999997449e-05,0.03083,0.83353,0.02355,0.80966,0.00134,0.00124,9.9999999999989e-05
160,CVE-2021-26414,2023-01-16,CVE-2021-33813,2025-04-17,12,2.95,0.03083,0.83219,0.0,0.05242,0.89325,0.0,0.06106,2,0.03083,0.83246,0.05242,0.89344,0.0002699999999999,0.00019,7.999999999996898e-05,0.03083,0.83353,0.05242,0.89405,0.00134,0.0008,0.0005399999999999
161,CVE-2021-26855,2025-01-06,CVE-2021-22986,2025-05-13,9,0.7500000000000011,0.97508,0.99992,0.0,0.97515,0.99994,0.0,2.000000000002e-05,1,0.97508,0.99992,0.97515,0.99995,0.0,9.99999999995449e-06,-9.99999999995449e-06,0.97508,0.99992,0.97531,0.99997,0.0,2.999999999997449e-05,-2.999999999997449e-05
161,CVE-2021-26855,2025-01-06,CVE-2021-44529,2025-05-13,10,0.7500000000000011,0.97508,0.99992,0.0,0.97395,0.99964,0.0,0.00028,2,0.97508,0.99992,0.97374,0.99959,0.0,-4.999999999999449e-05,4.999999999999449e-05,0.97508,0.99992,0.97374,0.99961,0.0,-2.999999999997449e-05,2.999999999997449e-05
161,CVE-2021-26855,2025-01-06,CVE-2021-34473,2025-02-19,1,0.0,0.97508,0.99992,0.0,0.96461,0.99723,0.0,0.00269,3,0.97508,0.99992,0.96461,0.99721,0.0,-1.999999999990898e-05,1.999999999990898e-05,0.97508,0.99992,0.96461,0.99724,0.0,1.0000000000065512e-05,-1.0000000000065512e-05
166,CVE-2021-28976,2025-04-11,CVE-2021-27101,2025-05-28,9,2.9000000000000004,0.0249,0.84029,0.0,0.02023,0.82281,0.0,0.0174799999999999,1,0.07665,0.91398,0.01639,0.80899,0.07369,-0.01382,0.08751,0.07665,0.91406,0.01452,0.79717,0.07377,-0.0256399999999999,0.09941
168,CVE-2021-30858,2025-04-19,CVE-2021-27101,2025-05-28,1,1.25,0.01171,0.77523,0.0,0.01639,0.80906,0.0,0.03383,1,0.01171,0.77506,0.01452,0.79691,-0.00017,-0.0121499999999999,0.0119799999999999,0.01026,0.76136,0.01452,0.79774,-0.0138699999999999,-0.0113199999999999,-0.0025499999999999
169,CVE-2021-30860,2025-04-27,CVE-2021-32030,2025-05-28,2,2.3000000000000007,0.69382,0.98527,0.0,0.93481,0.99809,0.0,0.01282,1,0.69382,0.98531,0.93481,0.99811,4.000000000004e-05,2.000000000002e-05,2.000000000002e-05,0.69382,0.98537,0.93443,0.99807,9.9999999999989e-05,-2.000000000002e-05,0.00012
171,CVE-2021-30892,2025-01-13,CVE-2021-30769,2025-05-20,2,0.05,0.0007,0.33015,0.0,0.00071,0.33154,0.0,0.00139,1,0.0007,0.33199,0.00071,0.33338,0.00184,0.00184,0.0,0.0007,0.3338,0.00071,0.33514,0.0036499999999999,0.0035999999999999,4.999999999999449e-05
171,CVE-2021-30892,2025-01-13,CVE-2021-25742,2025-03-31,11,2.3999999999999995,0.0007,0.33015,0.0,0.00087,0.39072,0.0,0.06057,2,0.0007,0.33199,0.00087,0.39228,0.00184,0.00156,0.00028,0.0007,0.3338,0.00087,0.39429,0.0036499999999999,0.0035699999999999,8.00000000000245e-05
172,CVE-2021-30970,2025-01-13,CVE-2021-30769,2025-05-20,2,0.05,0.00071,0.33076,0.0,0.00071,0.33154,0.0,0.00078,1,0.00071,0.3326,0.00071,0.33338,0.00184,0.00184,0.0,0.00071,0.3344,0.00071,0.33514,0.0036399999999999,0.0035999999999999,3.999999999998449e-05
172,CVE-2021-30970,2025-01-13,CVE-2021-25742,2025-03-31,11,2.3999999999999995,0.00071,0.33076,0.0,0.00087,0.39072,0.0,0.05996,2,0.00071,0.3326,0.00087,0.39228,0.00184,0.00156,0.00028,0.00071,0.3344,0.00087,0.39429,0.0036399999999999,0.0035699999999999,7.00000000000145e-05
173,CVE-2021-31207,2025-02-19,CVE-2021-41773,2025-05-15,7,1.2000000000000004,0.91111,0.99155,0.0,0.97289,0.99936,0.0,0.0078099999999999,1,0.91111,0.99156,0.97328,0.99952,9.99999999995449e-06,0.0001599999999999,-0.0001499999999999,0.93673,0.99851,0.94398,0.99972,0.0069599999999999,0.00036,0.0065999999999999
173,CVE-2021-31207,2025-02-19,CVE-2021-26857,2025-05-02,11,1.4500000000000002,0.91111,0.99155,0.0,0.61868,0.9802,0.0,0.01135,2,0.91111,0.99156,0.54947,0.97836,9.99999999995449e-06,-0.0018399999999999,0.0018499999999999,0.93673,0.99851,0.072,0.90842,0.0069599999999999,-0.0717799999999999,0.0787399999999999
173,CVE-2021-31207,2025-02-19,CVE-2021-26858,2025-05-02,12,1.4500000000000002,0.91111,0.99155,0.0,0.15565,0.95955,0.0,0.032,3,0.91111,0.99156,0.15565,0.95956,9.99999999995449e-06,9.99999999995449e-06,0.0,0.93673,0.99851,0.75018,0.98838,0.0069599999999999,0.02883,-0.02187
176,CVE-2021-33216,2025-04-16,CVE-2021-27101,2025-05-28,1,0.05,0.00841,0.73448,0.0,0.02023,0.82705,0.0,0.0925699999999999,1,0.23,0.9552,0.01639,0.80889,0.22072,-0.0181599999999999,0.2388799999999999,0.23,0.95578,0.01452,0.79757,0.2212999999999999,-0.0294799999999999,0.2507799999999999
177,CVE-2021-33813,2025-04-17,CVE-2021-30769,2025-05-20,2,2.3,0.00072,0.22786,0.0,0.00076,0.23581,0.0,0.0079499999999999,1,0.00072,0.22711,0.00076,0.2359,-0.00075,9.000000000000674e-05,-0.00084,0.00062,0.19875,0.00099,0.2876,-0.0291099999999999,0.05179,-0.0809
178,CVE-2021-34473,2025-02-19,CVE-2021-25646,2025-04-24,2,0.599999999999999,0.96568,0.99753,0.0,0.97277,0.99934,0.0,0.0018099999999999,1,0.96703,0.99782,0.97327,0.99951,0.00029,0.00017,0.00012,0.94183,0.9991,0.94334,0.99946,0.0015699999999999,0.00012,0.0014499999999999
178,CVE-2021-34473,2025-02-19,CVE-2021-44529,2025-05-13,9,0.7500000000000011,0.96568,0.99753,0.0,0.97374,0.99962,0.0,0.0020899999999999,2,0.96703,0.99782,0.97374,0.99961,0.00029,-9.99999999995449e-06,0.0002999999999999,0.94183,0.9991,0.94461,0.99995,0.0015699999999999,0.00033,0.0012399999999999
178,CVE-2021-34473,2025-02-19,CVE-2021-22986,2025-05-13,8,0.7500000000000011,0.96568,0.99753,0.0,0.97525,0.99997,0.0,0.0024399999999999,3,0.96703,0.99782,0.97525,0.99996,0.00029,-1.0000000000065512e-05,0.0003,0.94183,0.9991,0.94485,0.99999,0.0015699999999999,2.000000000002e-05,0.0015499999999999
179,CVE-2021-34523,2025-02-19,CVE-2021-25646,2025-04-24,2,0.4999999999999993,0.95882,0.99619,0.0,0.97277,0.99934,0.0,0.0031499999999999,1,0.96111,0.99656,0.97327,0.99951,0.0003699999999999,0.00017,0.0001999999999999,0.93925,0.99876,0.94334,0.99946,0.0025699999999999,0.00012,0.0024499999999999
179,CVE-2021-34523,2025-02-19,CVE-2021-44529,2025-05-13,9,0.8500000000000008,0.95882,0.99619,0.0,0.97374,0.99962,0.0,0.0034299999999999,2,0.96111,0.99656,0.97374,0.99961,0.0003699999999999,-9.99999999995449e-06,0.0003799999999999,0.93925,0.99876,0.94461,0.99995,0.0025699999999999,0.00033,0.0022399999999999
179,CVE-2021-34523,2025-02-19,CVE-2021-22986,2025-05-13,8,0.8500000000000008,0.95882,0.99619,0.0,0.97525,0.99997,0.0,0.00378,3,0.96111,0.99656,0.97525,0.99996,0.0003699999999999,-1.0000000000065512e-05,0.00038,0.93925,0.99876,0.94485,0.99999,0.0025699999999999,2.000000000002e-05,0.0025499999999999
180,CVE-2021-35587,2025-03-25,CVE-2021-27065,2025-05-02,8,2.3000000000000007,0.94197,0.99912,0.0,0.9434,0.99948,0.0,0.00036,1,0.94148,0.99904,0.94326,0.99944,-7.999999999996898e-05,-4.000000000004e-05,-3.999999999992898e-05,0.94102,0.99891,0.94186,0.99905,-0.00021,-0.00043,0.0002199999999999
180,CVE-2021-35587,2025-03-25,CVE-2021-41773,2025-05-15,10,2.5500000000000007,0.94197,0.99912,0.0,0.94398,0.99972,0.0,0.0006,2,0.94148,0.99904,0.94398,0.99972,-7.999999999996898e-05,0.0,-7.999999999996898e-05,0.94102,0.99891,0.94398,0.99967,-0.00021,-5.000000000010552e-05,-0.0001599999999999
180,CVE-2021-35587,2025-03-25,CVE-2021-44529,2025-05-13,3,0.05,0.94197,0.99912,0.0,0.94461,0.99994,0.0,0.00082,3,0.94148,0.99904,0.94461,0.99994,-7.999999999996898e-05,0.0,-7.999999999996898e-05,0.94102,0.99891,0.94461,0.99991,-0.00021,-3.0000000000085517e-05,-0.0001799999999999
187,CVE-2021-40449,2025-04-18,CVE-2021-38314,2025-05-27,5,2.8,0.8233,0.99155,0.0,0.86722,0.99355,0.0,0.002,1,0.8233,0.99153,0.86722,0.99357,-2.000000000002e-05,1.999999999990898e-05,-3.999999999992898e-05,0.85095,0.99286,0.86722,0.99369,0.0013099999999999,0.0001399999999999,0.00117
187,CVE-2021-40449,2025-04-18,CVE-2021-32030,2025-05-28,1,2.250000000000001,0.8233,0.99155,0.0,0.93481,0.99808,0.0,0.0065299999999999,2,0.8233,0.99153,0.93481,0.99808,-2.000000000002e-05,0.0,-2.000000000002e-05,0.85095,0.99286,0.93481,0.99814,0.0013099999999999,6.0000000000060005e-05,0.0012499999999998
188,CVE-2021-41379,2021-11-23,CVE-2021-26414,2023-01-16,8,0.7000000000000002,0.06701,0.91310427,0.0,0.06701,0.91310427,0.0,0.0,1,0.06701,0.913038426,0.06701,0.913038426,-6.58440000000926e-05,-6.58440000000926e-05,0.0,0.24372,0.980719778,0.06701,0.913720373,0.0676155079999999,0.0006161029999999,0.066999405
188,CVE-2021-41379,2021-11-23,CVE-2021-31207,2025-02-19,10,1.1499999999999997,0.06701,0.91310427,0.0,0.76085,0.998808938,0.0,0.0857046679999999,2,0.06701,0.913038426,0.76085,0.998812106,-6.58440000000926e-05,3.167999999997839e-06,-6.901200000009045e-05,0.24372,0.980719778,0.76085,0.998783902,0.0676155079999999,-2.503600000003381e-05,0.0676405439999999
190,CVE-2021-42291,2023-01-16,CVE-2021-28976,2025-04-11,5,0.3499999999999998,0.0115,0.5976,0.0,0.01156,0.60717,0.0,0.0095699999999999,1,0.0115,0.59791,0.01156,0.60738,0.00031,0.00021,9.9999999999989e-05,0.0115,0.59977,0.01156,0.60932,0.00217,0.0021499999999999,2.000000000002e-05
191,CVE-2021-44228,2021-12-20,CVE-2021-22986,2025-05-13,12,0.2499999999999992,0.92515,0.999771153,0.0,0.3817,0.992181044,0.0,0.007590109,1,0.936,0.999823562,0.3817,0.992249332,5.240900000003101e-05,6.828800000002744e-05,-1.5878999999996424e-05,0.936,0.999526568,0.3817,0.981324363,-0.000244585,-0.0108566809999999,0.0106120959999999
194,CVE-2021-44567,2025-04-11,CVE-2021-27101,2025-05-28,3,0.05,0.02631,0.8447,0.0,0.02023,0.82281,0.0,0.0218899999999999,1,0.01678,0.81135,0.01639,0.80899,-0.0333499999999999,-0.01382,-0.0195299999999999,0.01678,0.8116,0.01452,0.79717,-0.0331,-0.0256399999999999,-0.00746
195,CVE-2021-45046,2021-12-14,CVE-2021-24499,2023-06-09,6,0.8500000000000008,0.05553,0.889186877,1.0,0.02742,0.807796129,0.0,0.081390748,1,0.78869,0.998945643,0.02742,0.808691455,0.109758766,0.0008953259999999,0.10886344,0.81768,0.998611511,0.02742,0.627872359,0.109424634,-0.1799237699999999,0.2893484039999999
196,CVE-2021-45105,2021-12-18,CVE-2021-31207,2025-02-19,7,0.7499999999999993,0.20412,0.978519074,3.0,0.76085,0.998790672,0.0,0.020271598,1,0.23892,0.980197769,0.76085,0.99878607,0.0016786949999999,-4.602000000075712e-06,0.001683297,0.2813,0.964164589,0.76085,0.997593516,-0.014354485,-0.001197156,-0.0131573289999999
196,CVE-2021-45105,2021-12-18,CVE-2021-26414,2023-01-16,9,1.1000000000000003,0.20412,0.978519074,3.0,0.06701,0.913768522,0.0,0.064750552,2,0.23892,0.980197769,0.06701,0.913747755,0.0016786949999999,-2.076699999997711e-05,0.0016994619999999,0.2813,0.964164589,0.24372,0.954264339,-0.014354485,0.0404958169999999,-0.0548503019999999
206,CVE-2022-20649,2024-11-15,CVE-2022-38028,2025-04-17,6,0.3499999999999998,0.00063,0.28809,1.0,0.00051,0.21213,0.0,0.07596,1,0.00063,0.28921,0.00051,0.21399,0.00112,0.00186,-0.0007399999999999,0.00063,0.29373,0.00051,0.21937,0.0056399999999999,0.0072399999999999,-0.0016
210,CVE-2022-21907,2023-07-07,CVE-2022-42889,2025-04-18,6,0.0,0.94965,0.98945,0.0,0.87635,0.98155,0.0,0.0079,1,0.91234,0.98428,0.84011,0.97999,-0.00517,-0.00156,-0.00361,0.8988,0.98329,0.83442,0.97987,-0.00616,-0.00168,-0.00448
210,CVE-2022-21907,2023-07-07,CVE-2022-35914,2024-05-19,4,0.0,0.94965,0.98945,0.0,0.97328,0.99802,0.0,0.0085699999999999,2,0.91234,0.98428,0.97399,0.99865,-0.00517,0.00063,-0.0058,0.8988,0.98329,0.97389,0.99863,-0.00616,0.0006099999999999,-0.00677
210,CVE-2022-21907,2023-07-07,CVE-2022-37061,2025-04-16,5,0.0,0.94965,0.98945,0.0,0.97496,0.99956,0.0,0.0101099999999999,3,0.91234,0.98428,0.97383,0.99851,-0.00517,-0.0010499999999999,-0.00412,0.8988,0.98329,0.97377,0.99854,-0.00616,-0.00102,-0.00514
211,CVE-2022-22126,2025-04-11,CVE-2022-34707,2025-05-16,7,1.95,0.00228,0.42836,0.0,0.0017,0.35085,0.0,0.07751,1,0.00228,0.45693,0.0017,0.3928,0.0285699999999999,0.0419499999999999,-0.01338,0.00228,0.45632,0.00194,0.41891,0.0279599999999999,0.06806,-0.0401
211,CVE-2022-22126,2025-04-11,CVE-2022-27779,2025-05-13,2,0.7999999999999998,0.00228,0.42836,0.0,0.00166,0.34537,0.0,0.08299,2,0.00228,0.45693,0.00166,0.38764,0.0285699999999999,0.0422699999999999,-0.0136999999999999,0.00228,0.45632,0.00166,0.38659,0.0279599999999999,0.0412199999999999,-0.0132599999999999
211,CVE-2022-22126,2025-04-11,CVE-2022-35768,2025-05-16,8,1.95,0.00228,0.42836,0.0,0.00165,0.34398,0.0,0.08438,3,0.00228,0.45693,0.00165,0.3864,0.0285699999999999,0.04242,-0.01385,0.00228,0.45632,0.00188,0.41262,0.0279599999999999,0.0686399999999999,-0.0406799999999999
212,CVE-2022-22536,2025-04-02,CVE-2022-30190,2025-05-13,12,2.5,0.93844,0.99863,0.0,0.92856,0.99763,0.0,0.001,1,0.93916,0.99871,0.92964,0.99774,7.999999999996898e-05,0.0001099999999999,-2.999999999997449e-05,0.9401,0.99881,0.93244,0.99795,0.0001799999999999,0.0003199999999999,-0.00014
212,CVE-2022-22536,2025-04-02,CVE-2022-1388,2025-05-13,3,0.2499999999999992,0.93844,0.99863,0.0,0.94456,0.99993,0.0,0.0012999999999999,2,0.93916,0.99871,0.94456,0.99993,7.999999999996898e-05,0.0,7.999999999996898e-05,0.9401,0.99881,0.94456,0.99991,0.0001799999999999,-2.000000000002e-05,0.0001999999999999
212,CVE-2022-22536,2025-04-02,CVE-2022-41352,2025-05-13,4,0.2499999999999992,0.93844,0.99863,0.0,0.78354,0.98972,0.0,0.0089099999999999,3,0.93916,0.99871,0.80482,0.99083,7.999999999996898e-05,0.0011099999999999,-0.0010299999999999,0.9401,0.99881,0.79129,0.98993,0.0001799999999999,0.0002099999999999,-2.999999999997449e-05
214,CVE-2022-2274,2025-04-09,CVE-2022-41352,2025-05-13,2,0.0,0.5801,0.98006,0.0,0.80482,0.99083,0.0,0.0107699999999999,1,0.5801,0.98005,0.78354,0.9894,-1.0000000000065512e-05,-0.00143,0.0014199999999999,0.5801,0.98027,0.79129,0.98989,0.0002099999999999,-0.0009399999999999,0.0011499999999998
214,CVE-2022-2274,2025-04-09,CVE-2022-30190,2025-05-13,11,2.250000000000001,0.5801,0.98006,0.0,0.92964,0.99774,0.0,0.0176799999999999,2,0.5801,0.98005,0.92796,0.99737,-1.0000000000065512e-05,-0.0003699999999999,0.0003599999999999,0.5801,0.98027,0.93219,0.99787,0.0002099999999999,0.00013,7.999999999985796e-05
214,CVE-2022-2274,2025-04-09,CVE-2022-1388,2025-05-13,1,0.0,0.5801,0.98006,0.0,0.94456,0.99993,0.0,0.0198699999999999,3,0.5801,0.98005,0.94456,0.9999,-1.0000000000065512e-05,-2.999999999997449e-05,1.999999999990898e-05,0.5801,0.98027,0.94456,0.99991,0.0002099999999999,-2.000000000002e-05,0.0002299999999999
215,CVE-2022-22963,2023-07-11,CVE-2022-35914,2024-05-19,4,0.0,0.97507,0.99967,0.0,0.97399,0.99866,0.0,0.0010099999999999,1,0.97472,0.99937,0.97419,0.99882,-0.0002999999999999,0.00016,-0.00046,0.97458,0.99924,0.97389,0.99862,-0.0004299999999999,-4.000000000004e-05,-0.0003899999999998
215,CVE-2022-22963,2023-07-11,CVE-2022-37061,2025-04-16,5,0.0,0.97507,0.99967,0.0,0.97383,0.9985,0.0,0.0011699999999998,2,0.97472,0.99937,0.97383,0.9985,-0.0002999999999999,0.0,-0.0002999999999999,0.97458,0.99924,0.97377,0.99853,-0.0004299999999999,2.999999999997449e-05,-0.0004599999999999
215,CVE-2022-22963,2023-07-11,CVE-2022-42889,2025-04-18,6,0.0,0.97507,0.99967,0.0,0.84011,0.97994,0.0,0.0197299999999999,3,0.97472,0.99937,0.83442,0.97972,-0.0002999999999999,-0.0002199999999999,-7.999999999996898e-05,0.97458,0.99924,0.83442,0.97995,-0.0004299999999999,9.99999999995449e-06,-0.0004399999999998
216,CVE-2022-23053,2025-04-11,CVE-2022-34707,2025-05-16,7,1.95,0.00228,0.42836,0.0,0.0017,0.35085,0.0,0.07751,1,0.00228,0.45693,0.0017,0.3928,0.0285699999999999,0.0419499999999999,-0.01338,0.00228,0.45632,0.00194,0.41891,0.0279599999999999,0.06806,-0.0401
216,CVE-2022-23053,2025-04-11,CVE-2022-27779,2025-05-13,2,0.7999999999999998,0.00228,0.42836,0.0,0.00166,0.34537,0.0,0.08299,2,0.00228,0.45693,0.00166,0.38764,0.0285699999999999,0.0422699999999999,-0.0136999999999999,0.00228,0.45632,0.00166,0.38659,0.0279599999999999,0.0412199999999999,-0.0132599999999999
216,CVE-2022-23053,2025-04-11,CVE-2022-35768,2025-05-16,8,1.95,0.00228,0.42836,0.0,0.00165,0.34398,0.0,0.08438,3,0.00228,0.45693,0.00165,0.3864,0.0285699999999999,0.04242,-0.01385,0.00228,0.45632,0.00188,0.41262,0.0279599999999999,0.0686399999999999,-0.0406799999999999
217,CVE-2022-23054,2025-04-11,CVE-2022-34707,2025-05-16,7,1.95,0.00228,0.42836,0.0,0.0017,0.35085,0.0,0.07751,1,0.00228,0.45693,0.0017,0.3928,0.0285699999999999,0.0419499999999999,-0.01338,0.00228,0.45632,0.00194,0.41891,0.0279599999999999,0.06806,-0.0401
217,CVE-2022-23054,2025-04-11,CVE-2022-27779,2025-05-13,2,0.7999999999999998,0.00228,0.42836,0.0,0.00166,0.34537,0.0,0.08299,2,0.00228,0.45693,0.00166,0.38764,0.0285699999999999,0.0422699999999999,-0.0136999999999999,0.00228,0.45632,0.00166,0.38659,0.0279599999999999,0.0412199999999999,-0.0132599999999999
217,CVE-2022-23054,2025-04-11,CVE-2022-35768,2025-05-16,8,1.95,0.00228,0.42836,0.0,0.00165,0.34398,0.0,0.08438,3,0.00228,0.45693,0.00165,0.3864,0.0285699999999999,0.04242,-0.01385,0.00228,0.45632,0.00188,0.41262,0.0279599999999999,0.0686399999999999,-0.0406799999999999
219,CVE-2022-23513,2023-09-04,CVE-2022-40258,2025-03-18,1,0.05,0.00046,0.13996,0.0,0.00046,0.13996,0.0,0.0,1,0.00684,0.77577,0.00046,0.14016,0.63581,0.0002,0.63561,0.0103,0.82141,0.00046,0.14223,0.68145,0.0022699999999999,0.67918
219,CVE-2022-23513,2023-09-04,CVE-2022-4407,2025-04-16,10,0.7999999999999998,0.00046,0.13996,0.0,0.00046,0.13996,0.0,0.0,2,0.00684,0.77577,0.00046,0.14016,0.63581,0.0002,0.63561,0.0103,0.82141,0.00046,0.14223,0.68145,0.0022699999999999,0.67918
219,CVE-2022-23513,2023-09-04,CVE-2022-34708,2025-05-16,7,0.2500000000000001,0.00046,0.13996,0.0,0.00047,0.14406,0.0,0.0040999999999999,3,0.00684,0.77577,0.00049,0.15493,0.63581,0.01087,0.6249399999999999,0.0103,0.82141,0.00043,0.07698,0.68145,-0.0670799999999999,0.74853
220,CVE-2022-23824,2025-02-07,CVE-2022-29614,2025-04-09,6,0.55,0.00059,0.27368,0.0,0.00058,0.26821,0.0,0.0054699999999999,1,0.00059,0.27521,0.00058,0.26977,0.00153,0.00156,-2.999999999997449e-05,0.00059,0.27878,0.00058,0.27338,0.0050999999999999,0.00517,-7.00000000000145e-05
220,CVE-2022-23824,2025-02-07,CVE-2022-4407,2025-04-16,11,0.6499999999999997,0.00059,0.27368,0.0,0.00061,0.28617,0.0,0.01249,2,0.00059,0.27521,0.00061,0.2877,0.00153,0.00153,0.0,0.00059,0.27878,0.00061,0.29125,0.0050999999999999,0.00508,1.999999999996449e-05
220,CVE-2022-23824,2025-02-07,CVE-2022-22126,2025-04-11,7,0.6499999999999997,0.00059,0.27368,0.0,0.00062,0.28843,0.0,0.01475,3,0.00059,0.27521,0.00062,0.28999,0.00153,0.00156,-2.999999999997449e-05,0.00059,0.27878,0.00062,0.29349,0.0050999999999999,0.0050599999999999,4.000000000004e-05
223,CVE-2022-24715,2023-07-15,CVE-2022-40259,2025-03-18,7,0.2499999999999992,0.00137,0.48213,0.0,0.00134,0.47776,0.0,0.0043699999999999,1,0.00221,0.59405,0.00134,0.47815,0.1119199999999999,0.00039,0.1115299999999999,0.00221,0.59609,0.00134,0.47892,0.11396,0.0011599999999999,0.1128
223,CVE-2022-24715,2023-07-15,CVE-2022-0811,2025-05-13,12,0.3500000000000007,0.00137,0.48213,0.0,0.00116,0.44588,0.0,0.03625,2,0.00221,0.59405,0.00116,0.44579,0.1119199999999999,-8.999999999997899e-05,0.1120099999999999,0.00221,0.59609,0.00116,0.44681,0.11396,0.0009299999999999,0.11303
223,CVE-2022-24715,2023-07-15,CVE-2022-22620,2025-05-10,11,0.3500000000000007,0.00137,0.48213,0.0,0.00183,0.54626,0.0,0.0641299999999999,3,0.00221,0.59405,0.00183,0.54675,0.1119199999999999,0.0004899999999999,0.1114299999999999,0.00221,0.59609,0.00183,0.54846,0.11396,0.0021999999999999,0.11176
225,CVE-2022-2591,2023-05-13,CVE-2022-46908,2025-05-14,8,0.2500000000000001,0.00046,0.14074,0.0,0.00046,0.14091,0.0,0.00017,1,0.01492,0.84894,0.00046,0.14084,0.7082,-7.00000000000145e-05,0.7082700000000001,0.00872,0.80103,0.00046,0.14005,0.66029,-0.0008599999999999,0.66115
225,CVE-2022-2591,2023-05-13,CVE-2022-38028,2025-04-17,10,0.3499999999999998,0.00046,0.14074,0.0,0.00048,0.14675,0.0,0.0060099999999999,2,0.01492,0.84894,0.00048,0.14676,0.7082,1.000000000001e-05,0.7081900000000001,0.00872,0.80103,0.00048,0.14585,0.66029,-0.0008999999999999,0.66119
225,CVE-2022-2591,2023-05-13,CVE-2022-29154,2025-01-16,7,0.1499999999999996,0.00046,0.14074,0.0,0.00053,0.18965,0.0,0.04891,3,0.01492,0.84894,0.00053,0.18924,0.7082,-0.00041,0.7086100000000001,0.00872,0.80103,0.00053,0.18833,0.66029,-0.00132,0.66161
227,CVE-2022-26118,2025-02-11,CVE-2022-2390,2025-04-26,5,0.6500000000000006,0.00044,0.14879,0.0,0.00044,0.14879,0.0,0.0,1,0.00044,0.15104,0.00044,0.15104,0.00225,0.00225,0.0,0.00044,0.15386,0.00044,0.15386,0.0050699999999999,0.0050699999999999,0.0
229,CVE-2022-26872,2025-03-18,CVE-2022-2601,2025-05-14,2,0.2999999999999989,0.00086,0.22718,0.0,0.00069,0.18563,0.0,0.04155,1,0.00086,0.2215,0.00069,0.18119,-0.0056799999999999,-0.0044399999999999,-0.0012399999999999,0.00117,0.31914,0.00071,0.22381,0.0919599999999999,0.03818,0.0537799999999999
231,CVE-2022-27254,2025-04-15,CVE-2022-44683,2025-05-16,11,2.75,0.03562,0.87017,0.0,0.04022,0.87802,0.0,0.00785,1,0.03562,0.87047,0.04022,0.87828,0.0002999999999999,0.0002599999999999,4.000000000004e-05,0.03562,0.871,0.04022,0.87865,0.0008299999999999,0.00063,0.0001999999999999
231,CVE-2022-27254,2025-04-15,CVE-2022-38037,2025-05-16,8,2.75,0.03562,0.87017,0.0,0.0202,0.82675,0.0,0.04342,2,0.03562,0.87047,0.0202,0.82728,0.0002999999999999,0.00053,-0.00023,0.03562,0.871,0.02162,0.83388,0.0008299999999999,0.0071299999999999,-0.0062999999999999
231,CVE-2022-27254,2025-04-15,CVE-2022-38038,2025-05-16,9,2.75,0.03562,0.87017,0.0,0.0202,0.82675,0.0,0.04342,3,0.03562,0.87047,0.0202,0.82728,0.0002999999999999,0.00053,-0.00023,0.03562,0.871,0.02162,0.83388,0.0008299999999999,0.0071299999999999,-0.0062999999999999
234,CVE-2022-2827,2025-03-18,CVE-2022-21449,2025-05-05,1,0.05,0.14725,0.94023,0.0,0.54996,0.97839,0.0,0.0381599999999999,1,0.18046,0.94608,0.59851,0.98101,0.00585,0.00262,0.0032299999999999,0.18046,0.94765,0.36722,0.96869,0.0074199999999999,-0.0096999999999999,0.0171199999999999
234,CVE-2022-2827,2025-03-18,CVE-2022-0847,2025-04-30,3,0.3499999999999998,0.14725,0.94023,0.0,0.87402,0.99431,0.0,0.05408,2,0.18046,0.94608,0.86146,0.99376,0.00585,-0.00055,0.0064,0.18046,0.94765,0.80368,0.99042,0.0074199999999999,-0.00389,0.01131
234,CVE-2022-2827,2025-03-18,CVE-2022-30190,2025-05-13,5,0.3499999999999998,0.14725,0.94023,0.0,0.92777,0.99761,0.0,0.0573799999999999,3,0.18046,0.94608,0.92737,0.99758,0.00585,-2.999999999997449e-05,0.0058799999999999,0.18046,0.94765,0.92796,0.99737,0.0074199999999999,-0.00024,0.00766
235,CVE-2022-29154,2025-01-16,CVE-2022-35768,2025-05-16,12,0.4499999999999994,0.00069,0.32524,0.0,0.00067,0.31876,0.0,0.0064799999999999,1,0.00069,0.32658,0.00067,0.32013,0.00134,0.00137,-3.0000000000030003e-05,0.00069,0.32982,0.00067,0.32319,0.00458,0.0044299999999999,0.00015
235,CVE-2022-29154,2025-01-16,CVE-2022-21449,2025-05-05,1,0.0999999999999996,0.00069,0.32524,0.0,0.00071,0.33209,0.0,0.00685,2,0.00069,0.32658,0.00071,0.33344,0.00134,0.00135,-1.000000000001e-05,0.00069,0.32982,0.00071,0.33643,0.00458,0.00434,0.00024
235,CVE-2022-29154,2025-01-16,CVE-2022-3604,2025-05-26,7,0.3999999999999994,0.00069,0.32524,0.0,0.00063,0.29923,0.0,0.0260099999999999,3,0.00069,0.32658,0.00063,0.30052,0.00134,0.00129,4.999999999999449e-05,0.00069,0.32982,0.00063,0.30344,0.00458,0.0042099999999999,0.00037
236,CVE-2022-29614,2025-04-09,CVE-2022-46908,2025-05-14,4,2.6,0.00059,0.15546,0.0,0.00088,0.22695,0.0,0.07149,1,0.00063,0.19894,0.00088,0.26645,0.04348,0.0395,0.00398,0.00063,0.20089,0.00088,0.26684,0.04543,0.03989,0.00554
236,CVE-2022-29614,2025-04-09,CVE-2022-30115,2025-05-13,3,0.7000000000000002,0.00059,0.15546,0.0,0.00099,0.24784,0.0,0.09238,2,0.00063,0.19894,0.00099,0.28755,0.04348,0.0397099999999999,0.00377,0.00063,0.20089,0.00099,0.28756,0.04543,0.0397199999999999,0.00571
239,CVE-2022-31137,2025-01-29,CVE-2022-22536,2025-04-02,1,0.05,0.94976,0.99489,0.0,0.95749,0.99594,0.0,0.0010499999999999,1,0.94976,0.99489,0.95749,0.99594,0.0,0.0,0.0,0.95114,0.99509,0.95735,0.99595,0.0001999999999999,9.99999999995449e-06,0.00019
239,CVE-2022-31137,2025-01-29,CVE-2022-41352,2025-05-13,10,0.2499999999999992,0.94976,0.99489,0.0,0.91028,0.99131,0.0,0.00358,2,0.94976,0.99489,0.91028,0.99137,0.0,5.999999999994898e-05,-5.999999999994898e-05,0.95114,0.99509,0.87055,0.98922,0.0001999999999999,-0.00209,0.00229
239,CVE-2022-31137,2025-01-29,CVE-2022-37061,2025-04-16,6,0.2499999999999992,0.94976,0.99489,0.0,0.97004,0.99854,0.0,0.0036499999999999,3,0.94976,0.99489,0.96849,0.99814,0.0,-0.0003999999999999,0.0003999999999999,0.95114,0.99509,0.96918,0.99835,0.0001999999999999,-0.00019,0.00039
240,CVE-2022-31470,2023-09-08,CVE-2022-22126,2025-04-11,2,0.05,0.00068,0.28093,0.0,0.0007,0.28871,0.0,0.00778,1,,,0.00072,0.30083,,0.0121199999999999,,,,,,,,
240,CVE-2022-31470,2023-09-08,CVE-2022-23053,2025-04-11,3,0.05,0.00068,0.28093,0.0,0.0007,0.28871,0.0,0.00778,2,,,0.00072,0.30083,,0.0121199999999999,,,,,,,,
240,CVE-2022-31470,2023-09-08,CVE-2022-23054,2025-04-11,4,0.05,0.00068,0.28093,0.0,0.0007,0.28871,0.0,0.00778,3,,,0.00072,0.30083,,0.0121199999999999,,,,,,,,
242,CVE-2022-31764,2025-02-06,CVE-2022-4046,2025-04-22,5,0.3500000000000007,0.00043,0.11478,1.0,0.00047,0.19541,0.0,0.08063,1,0.00043,0.11499,0.00047,0.19537,0.00021,-4.000000000001225e-05,0.00025,0.00043,0.1187,0.00051,0.23113,0.00392,0.03572,-0.0317999999999999
243,CVE-2022-32144,2024-12-20,CVE-2022-4046,2025-04-22,4,0.250000000000001,0.00043,0.10892,0.0,0.00047,0.19068,0.0,0.0817599999999999,1,0.00043,0.10932,0.00047,0.19063,0.0003999999999999,-4.999999999999449e-05,0.0004499999999999,0.00043,0.11349,0.00047,0.19391,0.0045699999999999,0.00323,0.0013399999999999
245,CVE-2022-3236,2025-04-17,CVE-2022-38181,2025-05-23,2,1.25,0.92859,0.99744,0.0,0.22995,0.95511,0.0,0.0423299999999999,1,0.92859,0.99744,0.22995,0.9552,0.0,9.00000000000345e-05,-9.00000000000345e-05,0.92551,0.99722,0.22995,0.95579,-0.0002199999999999,0.00068,-0.0009
250,CVE-2022-35914,2024-05-19,CVE-2022-37061,2025-04-16,1,0.0,0.97385,0.99912,0.0,0.97474,0.99965,0.0,0.00053,1,0.97459,0.99956,0.97475,0.99967,0.0004399999999999,1.999999999990898e-05,0.00042,0.9745,0.99952,0.97475,0.99967,0.0003999999999999,1.999999999990898e-05,0.00038
250,CVE-2022-35914,2024-05-19,CVE-2022-42889,2025-04-18,2,0.0,0.97385,0.99912,0.0,0.97166,0.99809,0.0,0.0010299999999999,2,0.97459,0.99956,0.97115,0.99789,0.0004399999999999,-0.0001999999999999,0.0006399999999999,0.9745,0.99952,0.97162,0.99811,0.0003999999999999,2.000000000002e-05,0.0003799999999999
250,CVE-2022-35914,2024-05-19,CVE-2022-40684,2025-03-18,10,0.05,0.97385,0.99912,0.0,0.97128,0.99795,0.0,0.00117,3,0.97459,0.99956,0.97183,0.99818,0.0004399999999999,0.0002299999999999,0.00021,0.9745,0.99952,0.97243,0.99846,0.0003999999999999,0.00051,-0.00011
251,CVE-2022-35919,2023-10-09,CVE-2022-29154,2025-01-16,1,0.05,0.00141,0.49396,0.0,0.00116,0.4496,0.0,0.04436,1,0.0017,0.53826,0.00116,0.45058,0.0442999999999999,0.0009799999999999,0.0433199999999999,0.0017,0.5395,0.0009,0.37814,0.0455399999999999,-0.07146,0.1169999999999999
251,CVE-2022-35919,2023-10-09,CVE-2022-21449,2025-05-05,4,0.1499999999999996,0.00141,0.49396,0.0,0.00189,0.5602,0.0,0.06624,2,0.0017,0.53826,0.00128,0.47149,0.0442999999999999,-0.08871,0.1330099999999999,0.0017,0.5395,0.00128,0.47288,0.0455399999999999,-0.08732,0.1328599999999999
252,CVE-2022-3602,2022-11-01,CVE-2022-21449,2025-05-05,2,0.0,0.05315,0.89586,1.0,0.27302,0.97072,0.0,0.07486,1,0.53308,0.98719,0.27302,0.97078,0.09133,5.999999999994898e-05,0.09127,0.53308,0.98728,0.27302,0.97082,0.09142,9.9999999999989e-05,0.09132
254,CVE-2022-37061,2025-04-16,CVE-2022-38181,2025-05-23,2,1.3,0.92506,0.99714,0.0,0.22995,0.95509,0.0,0.04205,1,0.92762,0.99735,0.22995,0.95519,0.0002099999999999,9.9999999999989e-05,0.0001099999999999,0.92762,0.99741,0.22995,0.95577,0.0002699999999999,0.00068,-0.00041
257,CVE-2022-37966,2023-01-16,CVE-2022-0847,2025-04-30,9,0.2999999999999998,0.05569,0.89636,0.0,0.06503,0.90664,0.0,0.0102799999999999,1,0.05569,0.89654,0.06503,0.9068,0.0001799999999999,0.00016,1.999999999990898e-05,0.05569,0.89718,0.06503,0.90742,0.0008199999999999,0.00078,3.999999999992898e-05
258,CVE-2022-37967,2023-01-16,CVE-2022-46908,2025-05-14,1,0.1499999999999996,0.01743,0.75593,0.0,0.01365,0.70962,0.0,0.0463099999999999,1,0.01743,0.75627,0.01365,0.70959,0.00034,-2.999999999997449e-05,0.0003699999999999,0.01743,0.75745,0.01365,0.71072,0.0015199999999999,0.0010999999999999,0.0004199999999999
262,CVE-2022-38023,2023-01-16,CVE-2022-0847,2025-04-30,9,0.2999999999999998,0.05569,0.89636,0.0,0.06503,0.90664,0.0,0.0102799999999999,1,0.05569,0.89654,0.06503,0.9068,0.0001799999999999,0.00016,1.999999999990898e-05,0.05569,0.89718,0.06503,0.90742,0.0008199999999999,0.00078,3.999999999992898e-05
263,CVE-2022-38028,2025-04-17,CVE-2022-41966,2025-05-20,3,0.4499999999999994,0.02682,0.85004,0.0,0.04884,0.88961,0.0,0.0395699999999999,1,0.02298,0.83804,0.04884,0.88961,-0.012,0.0,-0.012,0.01998,0.82706,0.04884,0.88999,-0.02298,0.0003799999999999,-0.0233599999999999
268,CVE-2022-40242,2025-03-18,CVE-2022-34707,2025-05-16,6,0.3499999999999998,0.00144,0.3211,0.0,0.00202,0.40344,0.0,0.08234,1,0.00144,0.31242,0.0017,0.34794,-0.00868,-0.0554999999999999,0.0468199999999999,0.00144,0.35946,0.0017,0.3924,0.03836,-0.0110399999999999,0.0494
268,CVE-2022-40242,2025-03-18,CVE-2022-46908,2025-05-14,2,0.2500000000000001,0.00144,0.3211,0.0,0.00088,0.23131,0.0,0.08979,2,0.00144,0.31242,0.00088,0.22563,-0.00868,-0.0056799999999999,-0.003,0.00144,0.35946,0.00088,0.26689,0.03836,0.03558,0.0027799999999999
269,CVE-2022-40258,2025-03-18,CVE-2022-30115,2025-05-13,4,1.05,0.00069,0.1864,0.0,0.00073,0.19562,0.0,0.0092199999999999,1,0.00069,0.18195,0.00073,0.19111,-0.00445,-0.0045099999999999,5.999999999997674e-05,0.00094,0.27881,0.00099,0.28815,0.0924099999999999,0.09253,-0.00012
269,CVE-2022-40258,2025-03-18,CVE-2022-46908,2025-05-14,5,2.3,0.00069,0.1864,0.0,0.00088,0.23131,0.0,0.0449099999999999,2,0.00069,0.18195,0.00088,0.22563,-0.00445,-0.0056799999999999,0.0012299999999999,0.00094,0.27881,0.00088,0.26689,0.0924099999999999,0.03558,0.0568299999999999
270,CVE-2022-40259,2025-03-18,CVE-2022-35768,2025-05-16,12,0.5500000000000009,0.00236,0.44584,0.0,0.00222,0.42792,0.0,0.0179199999999999,1,0.00318,0.51677,0.00165,0.34136,0.0709299999999999,-0.08656,0.1574899999999999,0.00318,0.54068,0.00165,0.38596,0.09484,-0.04196,0.1368
270,CVE-2022-40259,2025-03-18,CVE-2022-34707,2025-05-16,11,0.5500000000000009,0.00236,0.44584,0.0,0.00202,0.40344,0.0,0.0423999999999999,2,0.00318,0.51677,0.0017,0.34794,0.0709299999999999,-0.0554999999999999,0.1264299999999999,0.00318,0.54068,0.0017,0.3924,0.09484,-0.0110399999999999,0.10588
272,CVE-2022-40684,2025-03-18,CVE-2022-1388,2025-05-13,2,0.05,0.94427,0.99982,0.0,0.94456,0.99993,0.0,0.0001099999999999,1,0.94427,0.99982,0.94456,0.99993,0.0,0.0,0.0,0.94427,0.99979,0.94456,0.99992,-3.0000000000085517e-05,-9.99999999995449e-06,-2.0000000000131024e-05
272,CVE-2022-40684,2025-03-18,CVE-2022-42889,2025-04-18,1,0.05,0.94427,0.99982,0.0,0.94115,0.99899,0.0,0.0008299999999999,2,0.94427,0.99982,0.94115,0.99899,0.0,0.0,0.0,0.94427,0.99979,0.94115,0.99894,-3.0000000000085517e-05,-4.999999999999449e-05,1.999999999990898e-05
272,CVE-2022-40684,2025-03-18,CVE-2022-41352,2025-05-13,3,0.05,0.94427,0.99982,0.0,0.75449,0.9885,0.0,0.0113199999999999,3,0.94427,0.99982,0.77127,0.98933,0.0,0.0008299999999999,-0.0008299999999999,0.94427,0.99979,0.78354,0.98942,-3.0000000000085517e-05,0.0009199999999999,-0.00095
274,CVE-2022-41328,2025-03-12,CVE-2022-30190,2025-05-13,10,1.3999999999999997,0.0521,0.93061,0.0,0.07799,0.94358,0.0,0.0129699999999999,1,0.00108,0.26088,0.92777,0.99756,-0.66973,0.05398,-0.7237100000000001,0.0008,0.20912,0.92964,0.99775,-0.7214900000000001,0.05417,-0.7756600000000001
274,CVE-2022-41328,2025-03-12,CVE-2022-0847,2025-04-30,8,1.3999999999999997,0.0521,0.93061,0.0,0.03123,0.91174,0.0,0.01887,2,0.00108,0.26088,0.86306,0.99368,-0.66973,0.08194,-0.7516700000000001,0.0008,0.20912,0.87326,0.99419,-0.7214900000000001,0.08245,-0.8039400000000001
276,CVE-2022-41358,2025-04-16,CVE-2022-3604,2025-05-26,2,2.6999999999999997,0.00244,0.4777,0.0,0.00216,0.4441,0.0,0.0336,1,0.00224,0.45205,0.00216,0.44412,-0.02565,2.000000000002e-05,-0.02567,0.0023,0.45928,0.00216,0.44471,-0.0184199999999999,0.0006099999999999,-0.0190299999999999
277,CVE-2022-41544,2023-05-23,CVE-2022-4681,2024-03-10,5,0.0,0.00699,0.77417,0.0,0.00601,0.75343,0.0,0.0207399999999999,1,0.01023,0.81639,0.00601,0.75358,0.0422199999999999,0.0001499999999999,0.0420699999999999,,,,,,,
277,CVE-2022-41544,2023-05-23,CVE-2022-25148,2023-09-04,4,0.0,0.00699,0.77417,0.0,0.00898,0.80402,0.0,0.0298499999999999,2,0.01023,0.81639,0.00898,0.80414,0.0422199999999999,0.00012,0.0420999999999999,,,0.00898,0.80438,,0.00036,
277,CVE-2022-41544,2023-05-23,CVE-2022-4297,2023-07-03,1,0.0,0.00699,0.77417,0.0,0.0053,0.73712,0.0,0.03705,3,0.01023,0.81639,0.0053,0.73717,0.0422199999999999,4.999999999999449e-05,0.0421699999999999,,,,,,,
278,CVE-2022-41545,2025-02-19,CVE-2022-2390,2025-04-26,5,0.3500000000000007,0.00045,0.17984,0.0,0.00044,0.15118,0.0,0.0286599999999999,1,0.00045,0.17937,0.00044,0.15135,-0.0004699999999999,0.00017,-0.00064,0.00027,0.04482,0.0003,0.05365,-0.13502,-0.09753,-0.0374899999999999
278,CVE-2022-41545,2025-02-19,CVE-2022-29614,2025-04-09,10,1.4500000000000004,0.00045,0.17984,0.0,0.00058,0.26995,0.0,0.09011,2,0.00045,0.17937,0.00058,0.2695,-0.0004699999999999,-0.00045,-1.999999999999225e-05,0.00027,0.04482,0.00061,0.16204,-0.13502,-0.10791,-0.0271099999999999
282,CVE-2022-42475,2025-04-13,CVE-2022-38181,2025-05-23,2,1.3,0.92863,0.99765,0.0,0.22995,0.95445,0.0,0.0432,1,0.93238,0.99785,0.22995,0.95517,0.0001999999999999,0.0007199999999999,-0.0005199999999999,0.9293,0.99756,0.22995,0.95572,-9.00000000000345e-05,0.0012699999999999,-0.00136
283,CVE-2022-42821,2025-01-13,CVE-2022-40258,2025-03-18,3,0.2000000000000001,0.00084,0.37691,0.0,0.00078,0.35825,0.0,0.01866,1,0.00084,0.37843,0.00078,0.35986,0.0015199999999999,0.00161,-9.00000000000345e-05,0.00084,0.38006,0.00078,0.36156,0.0031499999999999,0.0033099999999999,-0.0001599999999999
283,CVE-2022-42821,2025-01-13,CVE-2022-34708,2025-05-16,1,0.05,0.00084,0.37691,0.0,0.00069,0.32369,0.0,0.05322,2,0.00084,0.37843,0.00069,0.32562,0.0015199999999999,0.00193,-0.00041,0.00084,0.38006,0.00069,0.32764,0.0031499999999999,0.00395,-0.0008
283,CVE-2022-42821,2025-01-13,CVE-2022-22126,2025-04-11,7,0.6499999999999997,0.00084,0.37691,0.0,0.00062,0.28415,0.0,0.09276,3,0.00084,0.37843,0.00062,0.28623,0.0015199999999999,0.0020799999999999,-0.00056,0.00084,0.38006,0.00062,0.28816,0.0031499999999999,0.00401,-0.00086
284,CVE-2022-42889,2025-04-18,CVE-2022-38181,2025-05-23,2,1.3,0.94115,0.99894,0.0,0.22995,0.95518,0.0,0.04376,1,0.94161,0.999,0.22995,0.95526,5.999999999994898e-05,7.999999999996898e-05,-2.000000000002e-05,0.94161,0.99901,0.25617,0.95924,6.999999999990347e-05,0.0040599999999999,-0.00399
285,CVE-2022-4297,2023-07-03,CVE-2022-4395,2024-04-02,3,0.0,0.00423,0.70736,0.0,0.00412,0.70342,0.0,0.0039399999999999,1,0.00149,0.50011,0.00412,0.70394,-0.2072499999999999,0.0005199999999999,-0.2077699999999999,0.00105,0.41981,0.00412,0.70518,-0.28755,0.0017599999999999,-0.2893099999999999
285,CVE-2022-4297,2023-07-03,CVE-2022-4681,2024-03-10,2,0.0,0.00423,0.70736,0.0,0.00601,0.75508,0.0,0.0477199999999999,2,0.00149,0.50011,0.0053,0.73884,-0.2072499999999999,-0.0162399999999999,-0.19101,0.00105,0.41981,0.00423,0.70912,-0.28755,-0.04596,-0.2415899999999999
285,CVE-2022-4297,2023-07-03,CVE-2022-25148,2023-09-04,1,0.0,0.00423,0.70736,0.0,0.00898,0.80487,0.0,0.0975099999999999,3,0.00149,0.50011,0.00898,0.80514,-0.2072499999999999,0.0002699999999999,-0.2075199999999999,0.00105,0.41981,0.00898,0.80582,-0.28755,0.00095,-0.2885
286,CVE-2022-43939,2025-03-04,CVE-2022-38028,2025-04-17,11,0.8499999999999999,0.0169,0.87738,0.0,0.01614,0.87449,0.0,0.00289,1,0.0169,0.87776,0.00051,0.23182,0.0003799999999999,-0.64267,0.6430499999999999,0.82583,0.99191,0.02766,0.84795,0.1145299999999999,-0.02654,0.1410699999999999
286,CVE-2022-43939,2025-03-04,CVE-2022-0847,2025-04-30,8,0.7999999999999998,0.0169,0.87738,0.0,0.03123,0.91147,0.0,0.0340899999999999,2,0.0169,0.87776,0.03123,0.91166,0.0003799999999999,0.00019,0.0001899999999999,0.82583,0.99191,0.86146,0.99357,0.1145299999999999,0.0820999999999999,0.0324299999999999
286,CVE-2022-43939,2025-03-04,CVE-2022-26500,2025-05-13,5,0.250000000000001,0.0169,0.87738,0.0,0.05577,0.93304,0.0,0.0556599999999999,3,0.0169,0.87776,0.05577,0.933,0.0003799999999999,-3.999999999992898e-05,0.0004199999999998,0.82583,0.99191,0.21993,0.95306,0.1145299999999999,0.02002,0.0945099999999998
291,CVE-2022-45185,2025-01-08,CVE-2022-4046,2025-04-22,1,0.05,0.00045,0.17541,0.0,0.00047,0.19226,0.0,0.0168499999999999,1,0.00045,0.17612,0.00047,0.19325,0.0007099999999999,0.00099,-0.00028,0.00045,0.17818,0.00047,0.1954,0.0027699999999999,0.00314,-0.00037
294,CVE-2022-4681,2024-03-10,CVE-2022-2070,2025-05-25,4,0.0,0.00227,0.6013,0.0,0.00177,0.54063,0.0,0.0606699999999998,1,0.00685,0.79574,0.00177,0.53851,0.19444,-0.00212,0.19656,0.00685,0.79708,0.00177,0.54146,0.19578,0.0008299999999999,0.19495
297,CVE-2022-46945,2025-04-16,CVE-2022-46721,2025-05-19,4,1.6,0.00071,0.22439,0.0,0.00078,0.24197,0.0,0.0175799999999999,1,0.01375,0.79179,0.00078,0.24243,0.5674,0.00046,0.56694,0.01034,0.76217,0.00078,0.24373,0.53778,0.00176,0.53602
297,CVE-2022-46945,2025-04-16,CVE-2022-2070,2025-05-25,2,0.7000000000000011,0.00071,0.22439,0.0,0.00083,0.25363,0.0,0.02924,2,0.01375,0.79179,0.00083,0.25401,0.5674,0.0003799999999999,0.5670200000000001,0.01034,0.76217,0.00083,0.25469,0.53778,0.00106,0.5367200000000001
298,CVE-2022-47076,2023-06-22,CVE-2022-24521,2025-05-13,10,0.3499999999999998,0.00064,0.26405,1.0,0.00058,0.22723,0.0,0.03682,1,0.0006,0.23712,0.00058,0.22764,-0.02693,0.00041,-0.02734,0.0006,0.23806,0.00058,0.22108,-0.02599,-0.0061499999999999,-0.01984
298,CVE-2022-47076,2023-06-22,CVE-2022-34707,2025-05-16,12,0.3499999999999998,0.00064,0.26405,1.0,0.00053,0.19162,1.0,0.07243,2,0.0006,0.23712,0.00053,0.19195,-0.02693,0.0003299999999999,-0.02726,0.0006,0.23806,0.00053,0.19283,-0.02599,0.0012099999999999,-0.0272
298,CVE-2022-47076,2023-06-22,CVE-2022-29154,2025-01-16,5,0.1499999999999996,0.00064,0.26405,1.0,0.00053,0.18827,1.0,0.07578,3,0.0006,0.23712,0.00053,0.18874,-0.02693,0.0004699999999999,-0.0274,0.0006,0.23806,0.00061,0.24134,-0.02599,0.05307,-0.07906
299,CVE-2022-47636,2023-08-10,CVE-2022-24521,2025-05-13,3,0.05,0.00065,0.26794,1.0,0.00061,0.23886,0.0,0.02908,1,0.00092,0.38429,0.00061,0.2388,0.11635,-5.999999999997674e-05,0.1164099999999999,0.00066,0.27225,0.00052,0.18374,0.0043099999999999,-0.05512,0.0594299999999999
299,CVE-2022-47636,2023-08-10,CVE-2022-34707,2025-05-16,5,0.05,0.00065,0.26794,1.0,0.00053,0.19162,0.0,0.07632,2,0.00092,0.38429,0.00053,0.1913,0.11635,-0.00032,0.11667,0.00066,0.27225,0.00053,0.19163,0.0043099999999999,9.999999999982244e-06,0.0042999999999999
299,CVE-2022-47636,2023-08-10,CVE-2022-37988,2025-05-16,8,0.05,0.00065,0.26794,1.0,0.00052,0.18069,0.0,0.08725,3,0.00092,0.38429,0.00052,0.18037,0.11635,-0.0003199999999999,0.11667,0.00066,0.27225,0.00052,0.18065,0.0043099999999999,-3.999999999998449e-05,0.0043499999999999
300,CVE-2022-47874,2023-05-05,CVE-2022-31470,2023-09-08,4,0.4000000000000003,0.00047,0.14139,0.0,0.00046,0.13975,0.0,0.0016399999999999,1,0.01813,0.86367,0.0005,0.17051,0.72228,0.0307599999999999,0.69152,0.01813,0.86393,0.0005,0.16953,0.72254,0.0297799999999999,0.69276
300,CVE-2022-47874,2023-05-05,CVE-2022-4407,2025-04-16,6,0.4000000000000003,0.00047,0.14139,0.0,0.00051,0.17498,0.0,0.03359,2,0.01813,0.86367,0.00046,0.14081,0.72228,-0.03417,0.7564500000000001,0.01813,0.86393,0.00046,0.13985,0.72254,-0.0351299999999999,0.75767
300,CVE-2022-47874,2023-05-05,CVE-2022-23824,2025-02-07,12,1.05,0.00047,0.14139,0.0,0.00054,0.19484,0.0,0.05345,3,0.01813,0.86367,0.00054,0.19596,0.72228,0.0011199999999999,0.72116,0.01813,0.86393,0.00054,0.19521,0.72254,0.0003699999999999,0.72217
301,CVE-2022-47875,2023-05-05,CVE-2022-2601,2025-05-14,11,0.250000000000001,0.00055,0.20631,0.0,0.00053,0.19303,0.0,0.0132799999999999,1,0.00612,0.75594,0.00053,0.19413,0.54963,0.0010999999999999,0.54853,0.00612,0.75668,0.00053,0.19339,0.55037,0.0003599999999999,0.55001
302,CVE-2022-47876,2023-05-05,CVE-2022-2601,2025-05-14,11,0.250000000000001,0.00045,0.12439,0.0,0.00053,0.19303,0.0,0.06864,1,0.0102,0.81597,0.00053,0.19413,0.69158,0.0010999999999999,0.69048,0.0102,0.81628,0.00053,0.19339,0.69189,0.0003599999999999,0.69153
303,CVE-2022-47877,2023-05-05,CVE-2022-23513,2023-09-04,2,0.1000000000000005,0.00047,0.14139,0.0,0.00046,0.13975,0.0,0.0016399999999999,1,0.00084,0.34322,0.00046,0.14081,0.20183,0.0010599999999999,0.20077,0.00084,0.34339,0.00046,0.13985,0.2019999999999999,9.9999999999989e-05,0.2019
303,CVE-2022-47877,2023-05-05,CVE-2022-40258,2025-03-18,6,0.1500000000000005,0.00047,0.14139,0.0,0.00046,0.13975,0.0,0.0016399999999999,2,0.00084,0.34322,0.00046,0.14081,0.20183,0.0010599999999999,0.20077,0.00084,0.34339,0.00046,0.13985,0.2019999999999999,9.9999999999989e-05,0.2019
303,CVE-2022-47877,2023-05-05,CVE-2022-31470,2023-09-08,11,0.6999999999999993,0.00047,0.14139,0.0,0.00046,0.13975,0.0,0.0016399999999999,3,0.00084,0.34322,0.0005,0.17051,0.20183,0.0307599999999999,0.17107,0.00084,0.34339,0.0005,0.16953,0.2019999999999999,0.0297799999999999,0.17222
307,CVE-2022-47945,2025-02-12,CVE-2022-3236,2025-04-17,5,0.05,0.0709,0.93993,0.0,0.10021,0.9496,0.0,0.0096699999999999,1,0.0709,0.94011,0.10021,0.94996,0.0001799999999999,0.00036,-0.00018,0.0709,0.94076,0.08595,0.9464,0.0008299999999999,-0.0031999999999999,0.0040299999999999
307,CVE-2022-47945,2025-02-12,CVE-2022-42475,2025-04-13,3,0.05,0.0709,0.93993,0.0,0.25733,0.96765,0.0,0.0277199999999999,2,0.0709,0.94011,0.25733,0.96774,0.0001799999999999,9.00000000000345e-05,8.999999999992347e-05,0.0709,0.94076,0.25733,0.96808,0.0008299999999999,0.00043,0.0003999999999999
307,CVE-2022-47945,2025-02-12,CVE-2022-1388,2025-05-13,7,0.05,0.0709,0.93993,0.0,0.46582,0.97577,0.0,0.0358399999999999,3,0.0709,0.94011,0.46582,0.97586,0.0001799999999999,8.999999999992347e-05,9.00000000000345e-05,0.0709,0.94076,0.30306,0.9705,0.0008299999999999,-0.0052699999999999,0.0060999999999999
308,CVE-2022-48434,2023-05-10,CVE-2022-26872,2025-03-18,6,0.250000000000001,0.00096,0.39015,0.0,0.00091,0.37731,0.0,0.01284,1,0.00096,0.39079,0.00091,0.37804,0.00064,0.00073,-8.999999999997899e-05,0.00096,0.39158,0.00091,0.37852,0.0014299999999999,0.00121,0.0002199999999999
308,CVE-2022-48434,2023-05-10,CVE-2022-41966,2025-05-20,4,0.1499999999999996,0.00096,0.39015,0.0,0.00084,0.34343,0.0,0.0467199999999999,2,0.00096,0.39079,0.00084,0.34403,0.00064,0.0005999999999999,4.000000000004e-05,0.00096,0.39158,0.00084,0.34476,0.0014299999999999,0.0013299999999999,9.9999999999989e-05
308,CVE-2022-48434,2023-05-10,CVE-2022-40259,2025-03-18,7,0.250000000000001,0.00096,0.39015,0.0,0.00134,0.47288,0.0,0.08273,3,0.00096,0.39079,0.00134,0.47323,0.00064,0.0003499999999999,0.00029,0.00096,0.39158,0.00134,0.47452,0.0014299999999999,0.0016399999999999,-0.0002099999999999
310,CVE-2022-4953,2023-09-08,CVE-2022-4407,2025-04-16,1,0.0,0.00046,0.14049,0.0,0.00046,0.14049,0.0,0.0,1,,,,,,,,,,,,,,
310,CVE-2022-4953,2023-09-08,CVE-2022-34708,2025-05-16,9,0.6499999999999997,0.00046,0.14049,0.0,0.00047,0.14464,0.0,0.0041499999999999,2,,,,,,,,,,,,,,
310,CVE-2022-4953,2023-09-08,CVE-2022-42821,2025-01-13,7,0.6499999999999997,0.00046,0.14049,0.0,0.00048,0.14596,0.0,0.00547,3,,,,,,,,,,,,,,
311,CVE-2022-4975,2025-01-27,CVE-2022-4046,2025-04-22,1,0.1499999999999996,0.0005,0.2155,1.0,0.00047,0.19501,0.0,0.02049,1,0.0005,0.2156,0.00047,0.19534,0.0001,0.00033,-0.00023,0.0005,0.21734,0.00051,0.22704,0.00184,0.03203,-0.0301899999999999
312,CVE-2023-0109,2024-11-15,CVE-2023-36803,2025-05-16,12,0.1499999999999996,0.00043,0.10187,1.0,0.00043,0.10755,0.0,0.00568,1,0.00045,0.15441,0.00043,0.1091,0.0525399999999999,0.0015499999999999,0.0509899999999999,0.00045,0.1601,0.00043,0.11526,0.0582299999999999,0.0077099999999999,0.0505199999999999
312,CVE-2023-0109,2024-11-15,CVE-2023-40238,2025-05-07,8,0.1499999999999996,0.00043,0.10187,1.0,0.00045,0.1702,0.0,0.0683299999999999,2,0.00045,0.15441,0.00045,0.17215,0.0525399999999999,0.00195,0.0505899999999999,0.00045,0.1601,0.00045,0.17948,0.0582299999999999,0.00928,0.0489499999999999
312,CVE-2023-0109,2024-11-15,CVE-2023-36576,2025-05-16,11,0.1499999999999996,0.00043,0.10187,1.0,0.00048,0.18957,0.0,0.0876999999999999,3,0.00045,0.15441,0.00048,0.19164,0.0525399999999999,0.00207,0.0504699999999999,0.00045,0.1601,0.00043,0.1141,0.0582299999999999,-0.07547,0.1336999999999999
313,CVE-2023-0159,2025-03-19,CVE-2023-29336,2025-05-25,2,0.2999999999999998,0.91604,0.99668,0.0,0.64975,0.98296,0.0,0.01372,1,0.92029,0.99699,0.62322,0.98212,0.00031,-0.0008399999999999,0.0011499999999999,0.91457,0.99629,0.76942,0.98873,-0.00039,0.00577,-0.00616
316,CVE-2023-0455,2023-05-31,CVE-2023-27253,2023-07-20,4,0.0,0.0005,0.16862,0.0,0.00055,0.20783,0.0,0.0392099999999999,1,0.00273,0.63378,0.00055,0.20798,0.46516,0.00015,0.46501,0.00273,0.63513,0.00055,0.20793,0.46651,0.0001,0.46641
316,CVE-2023-0455,2023-05-31,CVE-2023-32707,2023-10-09,8,0.0,0.0005,0.16862,0.0,0.00043,0.06992,3.0,0.0987,2,0.00273,0.63378,0.00043,0.07015,0.46516,0.00023,0.46493,0.00273,0.63513,0.0005,0.16838,0.46651,0.09846,0.36805
321,CVE-2023-1545,2025-03-22,CVE-2023-29336,2025-05-25,2,0.2999999999999998,0.34541,0.96681,0.0,0.62322,0.98243,0.0,0.01562,1,0.26763,0.94143,0.64975,0.9787,-0.0253799999999999,-0.00373,-0.0216499999999999,0.11418,0.93154,0.76942,0.98873,-0.0352699999999999,0.0062999999999999,-0.0415699999999998
329,CVE-2023-20118,2025-03-03,CVE-2023-45281,2025-04-11,7,0.4500000000000003,0.00069,0.33222,0.0,0.00066,0.31842,0.0,0.0138,1,0.00139,0.50846,0.00066,0.31942,0.17624,0.001,0.17524,0.05249,0.89045,0.00212,0.40891,0.55823,0.09049,0.46774
329,CVE-2023-20118,2025-03-03,CVE-2023-47311,2025-04-11,8,0.4500000000000003,0.00069,0.33222,0.0,0.00066,0.31842,0.0,0.0138,2,0.00139,0.50846,0.00066,0.31942,0.17624,0.001,0.17524,0.05249,0.89045,0.00173,0.35591,0.55823,0.03749,0.52074
329,CVE-2023-20118,2025-03-03,CVE-2023-44088,2025-04-10,11,0.6499999999999997,0.00069,0.33222,0.0,0.00074,0.35405,0.0,0.0218299999999999,3,0.00139,0.50846,0.00074,0.35504,0.17624,0.00099,0.1752499999999999,0.05249,0.89045,0.00201,0.39372,0.55823,0.03967,0.5185599999999999
332,CVE-2023-20198,2025-02-14,CVE-2023-40044,2025-04-17,1,0.05,0.87699,0.98945,0.0,0.87501,0.98928,0.0,0.00017,1,0.85732,0.98828,0.87501,0.9893,-0.00117,1.999999999990898e-05,-0.0011899999999999,0.88311,0.99002,0.86954,0.98924,0.0005699999999999,-4.000000000004e-05,0.0006099999999999
332,CVE-2023-20198,2025-02-14,CVE-2023-41892,2025-04-27,3,0.05,0.87699,0.98945,0.0,0.83669,0.98723,0.0,0.0022199999999999,2,0.85732,0.98828,0.83669,0.98726,-0.00117,2.999999999997449e-05,-0.0011999999999999,0.88311,0.99002,0.81876,0.98674,0.0005699999999999,-0.0004900000000001,0.00106
332,CVE-2023-20198,2025-02-14,CVE-2023-5360,2025-04-05,8,0.2499999999999992,0.87699,0.98945,0.0,0.79632,0.98566,0.0,0.00379,3,0.85732,0.98828,0.79632,0.9857,-0.00117,4.000000000004e-05,-0.00121,0.88311,0.99002,0.7611,0.98472,0.0005699999999999,-0.0009399999999999,0.0015099999999999
333,CVE-2023-20273,2025-02-14,CVE-2023-0159,2025-03-19,10,0.3499999999999998,0.05724,0.93355,0.0,0.02383,0.89759,0.0,0.0359599999999999,1,0.05724,0.93366,0.02383,0.89782,0.00011,0.0002299999999999,-0.0001199999999998,0.05724,0.9341,0.02383,0.89871,0.00055,0.00112,-0.0005699999999999
333,CVE-2023-20273,2025-02-14,CVE-2023-46818,2025-04-14,1,0.05,0.05724,0.93355,0.0,0.86638,0.98869,0.0,0.0551399999999999,2,0.05724,0.93366,0.86638,0.98875,0.00011,6.0000000000060005e-05,4.999999999999449e-05,0.05724,0.9341,0.86638,0.98898,0.00055,0.00029,0.00026
333,CVE-2023-20273,2025-02-14,CVE-2023-0669,2025-05-28,3,0.05,0.05724,0.93355,0.0,0.97003,0.99856,0.0,0.06501,3,0.05724,0.93366,0.97004,0.99856,0.00011,0.0,0.00011,0.05724,0.9341,0.9702,0.99864,0.00055,7.999999999996898e-05,0.00047
345,CVE-2023-22515,2025-04-17,CVE-2023-36845,2025-05-29,2,0.05,0.94365,0.99951,0.0,0.94355,0.99947,0.0,4.000000000004e-05,1,0.94365,0.99952,0.94355,0.99948,9.99999999995449e-06,1.0000000000065512e-05,-1.1102230246251563e-16,0.94365,0.99951,0.94355,0.99948,0.0,1.0000000000065512e-05,-1.0000000000065512e-05
345,CVE-2023-22515,2025-04-17,CVE-2023-29336,2025-05-25,11,2.3000000000000007,0.94365,0.99951,0.0,0.76942,0.98873,0.0,0.01078,2,0.94365,0.99952,0.76942,0.98876,9.99999999995449e-06,2.999999999997449e-05,-2.000000000002e-05,0.94365,0.99951,0.74852,0.98788,0.0,-0.00085,0.00085
346,CVE-2023-23333,2024-03-14,CVE-2023-3519,2025-01-09,10,0.05,0.89832,0.98698,0.0,0.91186,0.98797,0.0,0.00099,1,0.96326,0.99513,0.91186,0.98803,0.0081499999999999,5.999999999994898e-05,0.00809,0.96326,0.99525,0.91186,0.98823,0.00827,0.00026,0.0080099999999999
346,CVE-2023-23333,2024-03-14,CVE-2023-5360,2025-04-05,1,0.0,0.89832,0.98698,0.0,0.96723,0.99633,0.0,0.00935,2,0.96326,0.99513,0.96723,0.99636,0.0081499999999999,2.999999999997449e-05,0.00812,0.96326,0.99525,0.96723,0.99643,0.00827,9.9999999999989e-05,0.00817
346,CVE-2023-23333,2024-03-14,CVE-2023-30258,2025-04-11,2,0.0,0.89832,0.98698,0.0,0.30708,0.96832,0.0,0.01866,3,0.96326,0.99513,0.30708,0.96844,0.0081499999999999,0.00012,0.0080299999999999,0.96326,0.99525,0.28045,0.96752,0.00827,-0.0007999999999999,0.0090699999999999
348,CVE-2023-23408,2023-06-26,CVE-2023-32019,2025-05-16,11,0.2500000000000001,0.00049,0.16265,0.0,0.00045,0.12235,0.0,0.0402999999999999,1,0.00612,0.75779,0.00045,0.12173,0.59514,-0.0006199999999999,0.59576,0.00336,0.67416,0.04877,0.91694,0.51151,0.79459,-0.28308
351,CVE-2023-23956,2023-06-19,CVE-2023-29918,2023-07-28,1,0.0,0.00045,0.11984,0.0,0.00045,0.11984,0.0,0.0,1,0.00078,0.32356,0.00045,0.12025,0.20372,0.0004099999999999,0.20331,0.00091,0.37817,0.00045,0.12069,0.25833,0.00085,0.25748
355,CVE-2023-24059,2023-05-10,CVE-2023-1966,2025-01-07,8,0.1500000000000005,0.00159,0.50987,0.0,0.00128,0.46179,0.0,0.04808,1,0.00159,0.51026,0.00128,0.46226,0.00039,0.00047,-8.00000000000245e-05,0.00159,0.51179,0.00128,0.46359,0.0019199999999999,0.0018,0.0001199999999998
358,CVE-2023-24657,2025-04-11,CVE-2023-38140,2025-05-16,7,0.6499999999999997,0.00883,0.73419,0.0,0.00883,0.73416,0.0,2.999999999997449e-05,1,0.01752,0.81513,0.00282,0.51161,0.08094,-0.22255,0.30349,0.05727,0.89928,0.00282,0.51171,0.1650899999999999,-0.22245,0.38754
358,CVE-2023-24657,2025-04-11,CVE-2023-36803,2025-05-16,6,0.6499999999999997,0.00883,0.73419,0.0,0.00914,0.73898,0.0,0.0047899999999999,2,0.01752,0.81513,0.0029,0.52004,0.08094,-0.21894,0.29988,0.05727,0.89928,0.0029,0.52024,0.1650899999999999,-0.2187399999999999,0.3838299999999999
358,CVE-2023-24657,2025-04-11,CVE-2023-36404,2025-05-16,4,0.6499999999999997,0.00883,0.73419,0.0,0.0069,0.69589,0.0,0.0383,3,0.01752,0.81513,0.00217,0.44536,0.08094,-0.25053,0.33147,0.05727,0.89928,0.00217,0.44474,0.1650899999999999,-0.25115,0.4162399999999999
361,CVE-2023-24947,2023-05-10,CVE-2023-24078,2023-07-03,1,0.05,0.00095,0.38902,0.0,0.00096,0.39005,0.0,0.00103,1,0.00113,0.43629,0.00096,0.39068,0.04727,0.00063,0.04664,0.00113,0.43755,0.00112,0.43356,0.04853,0.0435099999999999,0.00502
365,CVE-2023-25440,2023-05-23,CVE-2023-29918,2023-07-28,1,0.0,0.00042,0.05691,0.0,0.00045,0.12021,0.0,0.0633,1,0.0013,0.4667,0.00045,0.12007,0.40979,-0.00014,0.40993,,,,,,,
367,CVE-2023-25610,2025-03-24,CVE-2023-39780,2025-05-28,7,1.3,0.04545,0.88079,1.0,0.06658,0.90305,0.0,0.02226,1,0.05855,0.89612,0.06658,0.9031,0.01533,4.999999999999449e-05,0.01528,0.06819,0.9079,0.01699,0.81228,0.02711,-0.09077,0.1178800000000001
367,CVE-2023-25610,2025-03-24,CVE-2023-47444,2025-04-29,6,1.3,0.04545,0.88079,1.0,0.02582,0.84191,0.0,0.0388799999999999,2,0.05855,0.89612,0.02582,0.84238,0.01533,0.0004699999999999,0.01486,0.06819,0.9079,0.03424,0.86774,0.02711,0.0258299999999999,0.0012800000000001
367,CVE-2023-25610,2025-03-24,CVE-2023-20963,2025-05-16,10,2.3000000000000007,0.04545,0.88079,1.0,0.01886,0.81535,0.0,0.0654399999999999,3,0.05855,0.89612,0.01886,0.81551,0.01533,0.0001599999999999,0.0151700000000001,0.06819,0.9079,0.0284,0.85427,0.02711,0.0389199999999999,-0.0118099999999998
368,CVE-2023-2636,2023-07-28,CVE-2023-32707,2023-10-09,1,0.0,0.0005,0.16817,0.0,0.0005,0.16817,0.0,0.0,1,0.00054,0.19789,,,0.02972,,,0.00054,0.19725,0.0005,0.16636,0.02908,-0.0018099999999999,0.03089
370,CVE-2023-26602,2025-04-16,CVE-2023-29336,2025-05-25,6,2.250000000000001,0.65502,0.98345,0.0,0.76304,0.98841,0.0,0.0049599999999999,1,0.74581,0.98761,0.76942,0.98876,0.0041599999999999,0.0003499999999999,0.0038099999999999,0.74581,0.98771,0.74852,0.98788,0.0042599999999999,-0.00053,0.0047899999999999
370,CVE-2023-26602,2025-04-16,CVE-2023-36845,2025-05-29,2,0.05,0.65502,0.98345,0.0,0.94355,0.99946,0.0,0.0160099999999999,2,0.74581,0.98761,0.94355,0.99948,0.0041599999999999,2.000000000002e-05,0.0041399999999999,0.74581,0.98771,0.94355,0.99947,0.0042599999999999,9.99999999995449e-06,0.0042499999999999
371,CVE-2023-26801,2025-01-29,CVE-2023-38408,2025-04-09,7,0.05,0.01112,0.84462,0.0,0.04731,0.92635,0.0,0.0817299999999999,1,0.01112,0.84496,0.04731,0.9265,0.00034,0.0001499999999999,0.00019,0.01112,0.84673,0.04395,0.92445,0.0021099999999999,-0.0019,0.0040099999999999
374,CVE-2023-27272,2025-04-15,CVE-2023-52589,2025-05-20,4,1.9,0.0001,0.00783,0.0,0.00012,0.01048,0.0,0.0026499999999999,1,0.0001,0.00767,0.00012,0.01032,-0.00016,-0.00016,0.0,0.0001,0.00792,0.00012,0.01051,8.99999999999998e-05,3.0000000000000512e-05,5.999999999999929e-05
374,CVE-2023-27272,2025-04-15,CVE-2023-4641,2025-05-17,3,1.9,0.0001,0.00783,0.0,0.00012,0.0108,0.0,0.00297,2,0.0001,0.00767,0.00011,0.00988,-0.00016,-0.00092,0.00076,0.0001,0.00792,0.00012,0.0107,8.99999999999998e-05,-0.0001,0.00019
376,CVE-2023-27372,2023-06-20,CVE-2023-23333,2024-03-14,9,0.0,0.97141,0.99664,3.0,0.75984,0.97713,3.0,0.0195099999999999,1,,,,,,,,0.97073,0.99645,0.59869,0.97282,-0.00019,-0.00431,0.00412
377,CVE-2023-2745,2025-04-22,CVE-2023-29336,2025-05-25,3,2.6499999999999995,0.83921,0.99219,0.0,0.76942,0.98874,0.0,0.00345,1,0.69885,0.98548,0.76942,0.98877,-0.0067099999999999,3.0000000000085517e-05,-0.00674,0.66239,0.984,0.74852,0.98789,-0.00819,-0.0008499999999999,-0.0073400000000001
377,CVE-2023-2745,2025-04-22,CVE-2023-36845,2025-05-29,11,4.7,0.83921,0.99219,0.0,0.94355,0.99948,0.0,0.00729,2,0.69885,0.98548,0.94355,0.99948,-0.0067099999999999,0.0,-0.0067099999999999,0.66239,0.984,0.94355,0.99948,-0.00819,0.0,-0.00819
377,CVE-2023-2745,2025-04-22,CVE-2023-0669,2025-05-28,2,2.1,0.83921,0.99219,0.0,0.94364,0.99952,0.0,0.0073299999999999,3,0.69885,0.98548,0.94364,0.99952,-0.0067099999999999,0.0,-0.0067099999999999,0.66239,0.984,0.94364,0.99952,-0.00819,0.0,-0.00819
379,CVE-2023-27532,2024-09-10,CVE-2023-20273,2025-02-14,11,0.3499999999999998,0.0308,0.91217,0.0,0.03829,0.9207,0.0,0.0085299999999999,1,0.0308,0.91197,0.03829,0.92056,-0.0002,-0.0001399999999999,-6.000000000017103e-05,0.02289,0.89879,0.03764,0.92002,-0.01338,-0.00068,-0.0127
379,CVE-2023-27532,2024-09-10,CVE-2023-28252,2025-03-12,12,0.3499999999999998,0.0308,0.91217,0.0,0.01629,0.8781,0.0,0.03407,2,0.0308,0.91197,0.01629,0.87781,-0.0002,-0.00029,8.999999999992347e-05,0.02289,0.89879,0.01629,0.87816,-0.01338,6.0000000000060005e-05,-0.0134400000000001
379,CVE-2023-27532,2024-09-10,CVE-2023-0159,2025-03-19,1,0.05,0.0308,0.91217,0.0,0.0152,0.8733,0.0,0.03887,3,0.0308,0.91197,0.0152,0.87299,-0.0002,-0.0003099999999999,0.0001099999999998,0.02289,0.89879,0.0155,0.87466,-0.01338,0.00136,-0.01474
384,CVE-2023-27997,2025-01-09,CVE-2023-34048,2025-03-04,1,0.0,0.10651,0.95047,0.0,0.4267,0.97409,0.0,0.0236199999999999,1,0.10651,0.9505,0.43862,0.97462,2.999999999997449e-05,0.00053,-0.0005,0.08388,0.94469,0.43862,0.97491,-0.00578,0.00082,-0.0066
384,CVE-2023-27997,2025-01-09,CVE-2023-26602,2025-04-16,11,0.05,0.10651,0.95047,0.0,0.48519,0.97588,0.0,0.0254099999999999,2,0.10651,0.9505,0.48519,0.97599,2.999999999997449e-05,0.00011,-8.000000000008001e-05,0.08388,0.94469,0.48519,0.97626,-0.00578,0.00038,-0.00616
384,CVE-2023-27997,2025-01-09,CVE-2023-38408,2025-04-09,9,0.05,0.10651,0.95047,0.0,0.04294,0.92241,0.0,0.02806,3,0.10651,0.9505,0.04294,0.92272,2.999999999997449e-05,0.00031,-0.00028,0.08388,0.94469,0.04731,0.92641,-0.00578,0.004,-0.00978
391,CVE-2023-28293,2023-06-26,CVE-2023-29336,2025-05-25,5,0.0,0.00064,0.26208,0.0,0.00051,0.1766,0.0,0.0854799999999999,1,0.0011,0.43088,0.00051,0.17633,0.1688,-0.00027,0.16907,0.00081,0.33616,0.0027,0.63457,0.07408,0.45797,-0.3838899999999999
393,CVE-2023-28461,2025-01-09,CVE-2023-34048,2025-03-04,1,0.0,0.35592,0.97173,0.0,0.4267,0.97409,0.0,0.00236,1,0.35592,0.97186,0.43862,0.97462,0.0001299999999999,0.00053,-0.0004,0.35592,0.97206,0.43862,0.97491,0.00033,0.00082,-0.0004899999999999
393,CVE-2023-28461,2025-01-09,CVE-2023-26602,2025-04-16,11,0.05,0.35592,0.97173,0.0,0.48519,0.97588,0.0,0.0041499999999999,2,0.35592,0.97186,0.48519,0.97599,0.0001299999999999,0.00011,1.999999999990898e-05,0.35592,0.97206,0.48519,0.97626,0.00033,0.00038,-4.999999999999449e-05
393,CVE-2023-28461,2025-01-09,CVE-2023-30258,2025-04-11,10,0.05,0.35592,0.97173,0.0,0.66435,0.98104,0.0,0.00931,3,0.35592,0.97186,0.80258,0.98566,0.0001299999999999,0.0046199999999999,-0.0044899999999999,0.35592,0.97206,0.79419,0.98545,0.00033,0.00441,-0.0040799999999999
394,CVE-2023-2868,2025-01-23,CVE-2023-38408,2025-04-09,12,0.4500000000000003,0.07893,0.94271,0.0,0.04294,0.92272,0.0,0.01999,1,0.07893,0.94283,0.04731,0.9264,0.0001199999999998,0.00368,-0.0035600000000001,0.07893,0.94338,0.03986,0.92081,0.0006699999999999,-0.0019099999999999,0.0025799999999999
394,CVE-2023-2868,2025-01-23,CVE-2023-34048,2025-03-04,6,0.4000000000000003,0.07893,0.94271,0.0,0.43862,0.9747,0.0,0.0319899999999999,2,0.07893,0.94283,0.43862,0.97476,0.0001199999999998,5.999999999994898e-05,5.999999999994898e-05,0.07893,0.94338,0.38341,0.9732,0.0006699999999999,-0.0015,0.00217
394,CVE-2023-2868,2025-01-23,CVE-2023-5360,2025-04-05,11,0.4500000000000003,0.07893,0.94271,0.0,0.79632,0.98539,0.0,0.0426799999999999,3,0.07893,0.94283,0.79632,0.98549,0.0001199999999998,9.9999999999989e-05,1.999999999990898e-05,0.07893,0.94338,0.79632,0.9857,0.0006699999999999,0.00031,0.0003599999999999
398,CVE-2023-29689,2023-08-08,CVE-2023-30258,2025-04-11,6,0.0,0.00216,0.58784,1.0,0.00169,0.53096,1.0,0.05688,1,,,,,,,,0.00591,0.75618,0.00169,0.53232,0.1683399999999999,0.00136,0.1669799999999999
403,CVE-2023-30198,2023-06-26,CVE-2023-1545,2025-03-22,8,0.0,0.0009,0.37149,0.0,0.00073,0.29866,0.0,0.07283,1,0.02112,0.87611,0.00085,0.34833,0.5046200000000001,0.0496699999999999,0.4549500000000001,0.03552,0.90342,0.00073,0.30343,0.53193,0.0047699999999999,0.5271600000000001
405,CVE-2023-30258,2025-04-11,CVE-2023-36845,2025-05-29,3,0.05,0.92564,0.99737,0.0,0.9432,0.99944,0.0,0.00207,1,0.93458,0.99805,0.94355,0.99947,0.00068,2.999999999997449e-05,0.00065,0.93458,0.99808,0.94355,0.99947,0.0007099999999999,2.999999999997449e-05,0.00068
405,CVE-2023-30258,2025-04-11,CVE-2023-34362,2025-05-13,1,0.05,0.92564,0.99737,0.0,0.94388,0.99967,0.0,0.0022999999999999,2,0.93458,0.99805,0.94485,0.99998,0.00068,0.00031,0.0003699999999999,0.93458,0.99808,0.94485,0.99998,0.0007099999999999,0.00031,0.0003999999999999
405,CVE-2023-30258,2025-04-11,CVE-2023-29336,2025-05-25,7,2.250000000000001,0.92564,0.99737,0.0,0.62322,0.98224,0.0,0.0151299999999999,3,0.93458,0.99805,0.76942,0.98873,0.00068,0.0064899999999999,-0.0058099999999999,0.93458,0.99808,0.74852,0.98791,0.0007099999999999,0.0056699999999999,-0.0049599999999999
415,CVE-2023-31698,2023-05-23,CVE-2023-29918,2023-07-28,1,0.0,0.00043,0.07081,0.0,0.00045,0.12021,0.0,0.0494,1,0.00048,0.15163,0.00045,0.12007,0.0808199999999999,-0.00014,0.0809599999999999,,,,,,,
416,CVE-2023-31699,2023-05-23,CVE-2023-1258,2023-07-19,9,0.5,0.00043,0.07081,0.0,0.00046,0.14051,0.0,0.0697,1,0.00072,0.29385,0.00046,0.14002,0.22304,-0.0004899999999999,0.22353,,,,,,,
416,CVE-2023-31699,2023-05-23,CVE-2023-23408,2023-06-26,7,0.2999999999999998,0.00043,0.07081,0.0,0.00049,0.16315,0.0,0.0923399999999999,2,0.00072,0.29385,0.00049,0.16266,0.22304,-0.0004899999999999,0.22353,,,,,,,
418,CVE-2023-31703,2023-05-23,CVE-2023-2868,2025-01-23,5,0.4500000000000003,0.00047,0.1422,0.0,0.00047,0.14208,3.0,0.0001199999999999,1,0.00138,0.47982,0.00645,0.76307,0.33762,0.62099,-0.28337,,,,,,,
419,CVE-2023-31747,2023-05-25,CVE-2023-29336,2025-05-25,9,0.0,0.00045,0.12343,0.0,0.00051,0.17721,0.0,0.05378,1,,,,,,,,0.00051,0.17967,0.00051,0.17682,0.05624,-0.00039,0.05663
420,CVE-2023-31748,2023-05-23,CVE-2023-28285,2023-07-03,2,0.0,0.00144,0.48975,3.0,0.00116,0.44131,0.0,0.04844,1,0.00144,0.48972,0.00116,0.44145,-3.0000000000030003e-05,0.00014,-0.00017,,,,,,,
420,CVE-2023-31748,2023-05-23,CVE-2023-28293,2023-06-26,1,0.0,0.00144,0.48975,3.0,0.00102,0.40627,0.0,0.08348,2,0.00144,0.48972,0.00102,0.40644,-3.0000000000030003e-05,0.00017,-0.0002,,,,,,,
421,CVE-2023-3184,2023-06-13,CVE-2023-29383,2025-05-17,4,0.95,0.00045,0.12282,0.0,0.00045,0.12282,0.0,0.0,1,,,,,,,,0.00098,0.40081,0.00045,0.12337,0.27799,0.0005499999999999,0.27744
422,CVE-2023-3187,2023-06-13,CVE-2023-20118,2025-03-03,9,0.2500000000000001,0.00045,0.12282,0.0,0.00053,0.18789,0.0,0.06507,1,,,,,,,,0.00116,0.44582,0.00053,0.18872,0.323,0.0008299999999999,0.32217
429,CVE-2023-32369,2025-01-13,CVE-2023-40238,2025-05-07,11,0.55,0.00045,0.17537,0.0,0.00045,0.17763,0.0,0.00226,1,0.00045,0.1768,0.00045,0.17906,0.00143,0.0014299999999999,2.775557561562892e-17,0.00045,0.17783,0.00045,0.1802,0.0024599999999999,0.0025699999999999,-0.0001099999999999
430,CVE-2023-32560,2023-09-04,CVE-2023-30258,2025-04-11,6,0.0,0.00134,0.47971,0.0,0.00169,0.53199,0.0,0.0522799999999999,1,0.0499,0.91852,0.00169,0.53238,0.43881,0.00039,0.43842,0.25999,0.96136,0.00169,0.53441,0.4816499999999999,0.00242,0.4792299999999999
436,CVE-2023-33131,2023-07-07,CVE-2023-1389,2023-08-10,2,0.0,0.02137,0.877,0.0,0.01664,0.85894,0.0,0.0180599999999999,1,0.04963,0.9175,0.01664,0.85925,0.0404999999999999,0.0003099999999999,0.04019,0.03527,0.90316,0.01664,0.85989,0.0261599999999999,0.00095,0.0252099999999999
437,CVE-2023-33137,2023-07-03,CVE-2023-21675,2025-05-16,10,0.05,0.00113,0.43846,0.0,0.00123,0.45568,0.0,0.0172199999999999,1,0.00298,0.65181,0.00047,0.14429,0.2133499999999999,-0.3113899999999999,0.52474,,,0.00047,0.14407,,-0.3116099999999999,
437,CVE-2023-33137,2023-07-03,CVE-2023-21747,2025-05-16,11,0.05,0.00113,0.43846,0.0,0.00123,0.45568,0.0,0.0172199999999999,2,0.00298,0.65181,0.00047,0.14429,0.2133499999999999,-0.3113899999999999,0.52474,,,0.00047,0.14407,,-0.3116099999999999,
437,CVE-2023-33137,2023-07-03,CVE-2023-21748,2025-05-16,12,0.05,0.00113,0.43846,0.0,0.00123,0.45568,0.0,0.0172199999999999,3,0.00298,0.65181,0.00047,0.14429,0.2133499999999999,-0.3113899999999999,0.52474,,,0.00047,0.14407,,-0.3116099999999999,
439,CVE-2023-33148,2023-07-20,CVE-2023-21675,2025-05-16,10,0.05,0.00052,0.18486,0.0,0.00047,0.14476,0.0,0.0401,1,0.0006,0.23556,0.00047,0.14458,0.0506999999999999,-0.00018,0.05088,0.0006,0.23563,0.00047,0.14422,0.05077,-0.00054,0.05131
439,CVE-2023-33148,2023-07-20,CVE-2023-21747,2025-05-16,11,0.05,0.00052,0.18486,0.0,0.00047,0.14476,0.0,0.0401,2,0.0006,0.23556,0.00047,0.14458,0.0506999999999999,-0.00018,0.05088,0.0006,0.23563,0.00047,0.14422,0.05077,-0.00054,0.05131
439,CVE-2023-33148,2023-07-20,CVE-2023-21748,2025-05-16,12,0.05,0.00052,0.18486,0.0,0.00047,0.14476,0.0,0.0401,3,0.0006,0.23556,0.00047,0.14458,0.0506999999999999,-0.00018,0.05088,0.0006,0.23563,0.00047,0.14422,0.05077,-0.00054,0.05131
442,CVE-2023-33383,2023-08-04,CVE-2023-2745,2025-04-22,4,0.1000000000000005,0.00144,0.49432,1.0,0.00193,0.56221,0.0,0.06789,1,0.26091,0.96113,0.00193,0.56324,0.46681,0.0010299999999999,0.4657800000000001,0.28541,0.96255,0.00193,0.56383,0.46823,0.00162,0.4666099999999999
447,CVE-2023-33829,2023-05-25,CVE-2023-29918,2023-07-28,1,0.0,0.00043,0.07086,0.0,0.00045,0.12034,0.0,0.0494799999999999,1,,,,,,,,0.00101,0.40411,0.00045,0.12025,0.33325,-9.000000000000674e-05,0.3333400000000001
448,CVE-2023-33996,2024-12-13,CVE-2023-52235,2025-04-11,12,0.05,0.00043,0.10937,1.0,0.00043,0.10843,0.0,0.0009399999999999,1,0.00043,0.10892,0.00043,0.10892,-0.0004499999999999,0.00049,-0.0009399999999999,0.00043,0.11159,0.00043,0.11159,0.0022199999999999,0.0031599999999999,-0.0009399999999999
449,CVE-2023-34039,2025-04-17,CVE-2023-36845,2025-05-29,2,0.05,0.93246,0.99787,0.0,0.94355,0.99947,0.0,0.0015999999999999,1,0.93246,0.99788,0.94355,0.99948,9.99999999995449e-06,1.0000000000065512e-05,-1.1102230246251563e-16,0.93246,0.99791,0.94355,0.99948,3.999999999992898e-05,1.0000000000065512e-05,2.999999999986347e-05
449,CVE-2023-34039,2025-04-17,CVE-2023-29336,2025-05-25,11,2.3000000000000007,0.93246,0.99787,0.0,0.76942,0.98873,0.0,0.00914,2,0.93246,0.99788,0.76942,0.98876,9.99999999995449e-06,2.999999999997449e-05,-2.000000000002e-05,0.93246,0.99791,0.74852,0.98788,3.999999999992898e-05,-0.00085,0.0008899999999999
450,CVE-2023-34048,2025-03-04,CVE-2023-26602,2025-04-16,4,0.05,0.38341,0.97343,0.0,0.52868,0.97802,0.0,0.0045899999999999,1,0.38341,0.97352,0.52868,0.97809,9.00000000000345e-05,7.00000000000145e-05,2.000000000002e-05,0.51683,0.97682,0.24445,0.95657,0.00339,-0.0214499999999999,0.0248399999999999
450,CVE-2023-34048,2025-03-04,CVE-2023-50164,2025-04-17,11,0.05,0.38341,0.97343,0.0,0.53972,0.97831,0.0,0.0048799999999999,2,0.38341,0.97352,0.53972,0.97836,9.00000000000345e-05,4.999999999999449e-05,4.000000000004e-05,0.51683,0.97682,0.92338,0.99719,0.00339,0.01888,-0.01549
450,CVE-2023-34048,2025-03-04,CVE-2023-51467,2025-04-17,12,0.05,0.38341,0.97343,0.0,0.66653,0.98171,0.0,0.0082799999999999,3,0.38341,0.97352,0.55272,0.97864,9.00000000000345e-05,-0.00307,0.00316,0.51683,0.97682,0.93511,0.99824,0.00339,0.01653,-0.01314
451,CVE-2023-34096,2023-06-09,CVE-2023-20118,2025-03-03,2,0.05,0.00046,0.12951,0.0,0.00053,0.18856,0.0,0.05905,1,0.0007,0.28866,0.00053,0.1882,0.15915,-0.0003599999999999,0.15951,0.02668,0.88935,0.00053,0.18806,0.75984,-0.0005,0.76034
453,CVE-2023-34330,2025-03-18,CVE-2023-23420,2025-05-16,9,0.4499999999999994,0.00162,0.34632,0.0,0.00163,0.34737,0.0,0.0010499999999999,1,0.00162,0.33691,0.00279,0.48208,-0.00941,0.13471,-0.14412,0.00041,0.11715,0.00279,0.50868,-0.22917,0.16131,-0.39048
453,CVE-2023-34330,2025-03-18,CVE-2023-23421,2025-05-16,10,0.4499999999999994,0.00162,0.34632,0.0,0.00188,0.38418,0.0,0.03786,2,0.00162,0.33691,0.00346,0.54047,-0.00941,0.1562899999999999,-0.1657,0.00041,0.11715,0.00346,0.56255,-0.22917,0.1783699999999999,-0.40754
453,CVE-2023-34330,2025-03-18,CVE-2023-21747,2025-05-16,5,0.4499999999999994,0.00162,0.34632,0.0,0.00226,0.43296,0.0,0.08664,3,0.00162,0.33691,0.00226,0.42288,-0.00941,-0.01008,0.00067,0.00041,0.11715,0.00226,0.4548,-0.22917,0.0218399999999999,-0.2510099999999999
460,CVE-2023-34723,2023-09-08,CVE-2023-1545,2025-03-22,6,0.0,0.00084,0.34768,0.0,0.00073,0.30362,0.0,0.0440599999999999,1,,,,,,,,,,,,,,
463,CVE-2023-34927,2024-04-02,CVE-2023-45884,2025-04-11,2,0.05,0.00054,0.20031,0.0,0.00055,0.21055,0.0,0.0102399999999999,1,0.01954,0.8848,0.00055,0.21231,0.68449,0.00176,0.6827300000000001,0.02086,0.8896,0.00055,0.21836,0.68929,0.00781,0.68148
463,CVE-2023-34927,2024-04-02,CVE-2023-45857,2025-05-04,3,0.05,0.00054,0.20031,0.0,0.00055,0.21055,0.0,0.0102399999999999,2,0.01954,0.8848,0.00055,0.21231,0.68449,0.00176,0.6827300000000001,0.02086,0.8896,0.00055,0.21836,0.68929,0.00781,0.68148
463,CVE-2023-34927,2024-04-02,CVE-2023-24626,2025-05-12,4,0.05,0.00054,0.20031,0.0,0.00062,0.24707,0.0,0.04676,3,0.01954,0.8848,0.00062,0.24884,0.68449,0.0017699999999999,0.68272,0.02086,0.8896,0.00062,0.25436,0.68929,0.0072899999999999,0.6819999999999999
465,CVE-2023-35082,2025-04-17,CVE-2023-36845,2025-05-29,2,0.05,0.94468,0.99994,0.0,0.94355,0.99947,0.0,0.00047,1,0.94468,0.99993,0.94355,0.99948,-1.0000000000065512e-05,1.0000000000065512e-05,-2.0000000000131024e-05,0.94468,0.99993,0.94355,0.99948,-1.0000000000065512e-05,1.0000000000065512e-05,-2.0000000000131024e-05
465,CVE-2023-35082,2025-04-17,CVE-2023-29336,2025-05-25,11,2.3000000000000007,0.94468,0.99994,0.0,0.76942,0.98873,0.0,0.01121,2,0.94468,0.99993,0.76942,0.98876,-1.0000000000065512e-05,2.999999999997449e-05,-4.000000000004e-05,0.94468,0.99993,0.74852,0.98788,-1.0000000000065512e-05,-0.00085,0.0008399999999999
466,CVE-2023-3519,2025-01-09,CVE-2023-43177,2025-03-25,2,0.0,0.96277,0.99684,0.0,0.96622,0.99755,0.0,0.00071,1,0.964,0.99707,0.96622,0.99755,0.00023,0.0,0.00023,0.96359,0.99704,0.96314,0.99697,0.0002,-0.00058,0.0007800000000001
466,CVE-2023-3519,2025-01-09,CVE-2023-22515,2025-04-17,12,0.05,0.96277,0.99684,0.0,0.96973,0.99844,0.0,0.0016,2,0.964,0.99707,0.96973,0.99845,0.00023,9.99999999995449e-06,0.0002200000000001,0.96359,0.99704,0.96973,0.9985,0.0002,6.0000000000060005e-05,0.00014
466,CVE-2023-3519,2025-01-09,CVE-2023-5360,2025-04-05,8,0.05,0.96277,0.99684,0.0,0.7817,0.98474,0.0,0.0121,3,0.964,0.99707,0.7817,0.9848,0.00023,6.0000000000060005e-05,0.00017,0.96359,0.99704,0.79632,0.98557,0.0002,0.0008299999999999,-0.0006299999999999
474,CVE-2023-36266,2023-07-28,CVE-2023-28271,2025-05-16,3,0.05,0.00042,0.0572,0.0,0.00048,0.14612,0.0,0.08892,1,,,,,,,,0.00045,0.12682,0.00048,0.14518,0.0696199999999999,-0.0009399999999999,0.0705599999999999
476,CVE-2023-36346,2023-07-03,CVE-2023-32369,2025-01-13,7,0.1499999999999996,0.00046,0.1397,0.0,0.00045,0.12254,0.0,0.0171599999999999,1,0.00075,0.30629,0.00045,0.12279,0.16659,0.00025,0.16634,,,0.00045,0.1226,,6.0000000000004494e-05,
482,CVE-2023-36811,2025-04-09,CVE-2023-52590,2025-05-20,12,0.7999999999999998,0.00022,0.03412,0.0,0.0005,0.12715,0.0,0.09303,1,0.00072,0.2255,8e-05,0.00453,0.19138,-0.12262,0.314,0.00052,0.16255,8e-05,0.00468,0.12843,-0.12247,0.2509
482,CVE-2023-36811,2025-04-09,CVE-2023-0437,2025-05-17,5,0.5999999999999996,0.00022,0.03412,0.0,0.00052,0.13348,0.0,0.0993599999999999,2,0.00072,0.2255,0.00052,0.16109,0.19138,0.02761,0.1637699999999999,0.00052,0.16255,0.00149,0.3669,0.12843,0.23342,-0.10499
485,CVE-2023-3710,2024-03-14,CVE-2023-30258,2025-04-11,4,0.0999999999999996,0.68018,0.97868,0.0,0.30708,0.96832,0.0,0.01036,1,0.64434,0.97805,0.30708,0.96844,-0.00063,0.00012,-0.00075,0.6516,0.97847,0.28045,0.96752,-0.00021,-0.0007999999999999,0.0005899999999998
485,CVE-2023-3710,2024-03-14,CVE-2023-5360,2025-04-05,3,0.0999999999999996,0.68018,0.97868,0.0,0.96723,0.99633,0.0,0.01765,2,0.64434,0.97805,0.96723,0.99636,-0.00063,2.999999999997449e-05,-0.0006599999999999,0.6516,0.97847,0.96723,0.99643,-0.00021,9.9999999999989e-05,-0.00031
485,CVE-2023-3710,2024-03-14,CVE-2023-27997,2025-01-09,12,0.1499999999999996,0.68018,0.97868,0.0,0.15407,0.95747,0.0,0.0212099999999999,3,0.64434,0.97805,0.15407,0.95757,-0.00063,9.9999999999989e-05,-0.00073,0.6516,0.97847,0.15407,0.95789,-0.00021,0.0004199999999999,-0.00063
486,CVE-2023-37269,2023-07-15,CVE-2023-29383,2025-05-17,3,1.35,0.00052,0.18525,0.0,0.00045,0.12341,0.0,0.0618399999999999,1,0.00123,0.4579,0.00045,0.12338,0.2726499999999999,-3.0000000000002247e-05,0.2726799999999999,0.00123,0.45898,0.00045,0.12264,0.27373,-0.00077,0.2745
487,CVE-2023-37534,2025-04-25,CVE-2023-7206,2025-05-26,3,0.7000000000000002,0.00029,0.06444,0.0,0.00036,0.09034,0.0,0.0259,1,0.00031,0.07373,0.00036,0.0905,0.00929,0.0001599999999999,0.00913,0.00031,0.07312,0.00026,0.05673,0.00868,-0.03361,0.04229
492,CVE-2023-37931,2025-01-14,CVE-2023-52235,2025-04-11,10,0.05,0.00043,0.11266,1.0,0.00043,0.112,0.0,0.0006599999999999,1,0.00043,0.11351,0.00043,0.11351,0.00085,0.0015099999999999,-0.0006599999999999,0.00043,0.11499,0.00043,0.11499,0.0023299999999999,0.0029899999999999,-0.0006599999999999
493,CVE-2023-37933,2025-03-11,CVE-2023-52235,2025-04-11,2,0.05,0.00043,0.11938,1.0,0.00043,0.11882,0.0,0.00056,1,0.00103,0.25763,0.00187,0.38354,0.13825,0.26472,-0.1264699999999999,0.00078,0.20516,0.0025,0.45608,0.08578,0.33726,-0.25148
495,CVE-2023-37979,2023-08-04,CVE-2023-21750,2025-05-16,3,0.05,0.00053,0.18875,1.0,0.00047,0.144,0.0,0.04475,1,0.00053,0.18943,0.00047,0.1445,0.0006799999999999,0.0005,0.0001799999999999,0.00053,0.18838,0.00047,0.14365,-0.00037,-0.0003499999999999,-2.000000000002e-05
496,CVE-2023-38035,2025-04-17,CVE-2023-36845,2025-05-29,2,0.05,0.94435,0.99983,0.0,0.94355,0.99947,0.0,0.00036,1,0.94435,0.99983,0.94355,0.99948,0.0,1.0000000000065512e-05,-1.0000000000065512e-05,0.94435,0.99982,0.94355,0.99948,-9.99999999995449e-06,1.0000000000065512e-05,-2.000000000002e-05
496,CVE-2023-38035,2025-04-17,CVE-2023-29336,2025-05-25,11,2.3000000000000007,0.94435,0.99983,0.0,0.76942,0.98873,0.0,0.0110999999999999,2,0.94435,0.99983,0.76942,0.98876,0.0,2.999999999997449e-05,-2.999999999997449e-05,0.94435,0.99982,0.74852,0.98788,-9.99999999995449e-06,-0.00085,0.00084
503,CVE-2023-38408,2025-04-09,CVE-2023-36845,2025-05-29,3,0.05,0.45307,0.97352,0.0,0.9432,0.99944,0.0,0.0259199999999999,1,0.58235,0.98017,0.94355,0.99946,0.0066499999999999,2.000000000002e-05,0.0066299999999999,0.58235,0.98038,0.94355,0.99947,0.0068599999999999,2.999999999997449e-05,0.00683
503,CVE-2023-38408,2025-04-09,CVE-2023-34362,2025-05-13,1,0.0,0.45307,0.97352,0.0,0.94388,0.99966,0.0,0.0261399999999999,2,0.58235,0.98017,0.94485,0.99998,0.0066499999999999,0.0003199999999999,0.0063299999999999,0.58235,0.98038,0.94485,0.99998,0.0068599999999999,0.0003199999999999,0.0065399999999999
503,CVE-2023-38408,2025-04-09,CVE-2023-39780,2025-05-28,6,1.3,0.45307,0.97352,0.0,0.06658,0.90359,0.0,0.06993,3,0.58235,0.98017,0.01699,0.81201,0.0066499999999999,-0.09158,0.0982299999999999,0.58235,0.98038,0.01699,0.81265,0.0068599999999999,-0.09094,0.0978
504,CVE-2023-3849,2023-07-28,CVE-2023-29383,2025-05-17,4,0.2500000000000001,0.00045,0.1232,0.0,0.00045,0.1232,0.0,0.0,1,,,,,,,,0.0006,0.23572,0.00045,0.1223,0.11252,-0.0008999999999999,0.11342
504,CVE-2023-3849,2023-07-28,CVE-2023-3897,2024-02-19,12,1.5499999999999998,0.00045,0.1232,0.0,0.00042,0.0572,0.0,0.066,2,,,,,,,,0.0006,0.23572,0.00046,0.12721,0.11252,0.0700099999999999,0.04251
507,CVE-2023-38831,2025-04-17,CVE-2023-0669,2025-05-28,12,0.6499999999999997,0.9373,0.99834,0.0,0.94364,0.99951,0.0,0.00117,1,0.9373,0.99834,0.94364,0.99952,0.0,9.99999999995449e-06,-9.99999999995449e-06,0.9373,0.99839,0.94364,0.99951,4.999999999999449e-05,0.0,4.999999999999449e-05
507,CVE-2023-38831,2025-04-17,CVE-2023-29336,2025-05-25,6,0.05,0.9373,0.99834,0.0,0.76942,0.98873,0.0,0.00961,2,0.9373,0.99834,0.76942,0.98876,0.0,2.999999999997449e-05,-2.999999999997449e-05,0.9373,0.99839,0.74852,0.98788,4.999999999999449e-05,-0.00085,0.0009
509,CVE-2023-3897,2024-02-19,CVE-2023-36811,2025-04-09,2,0.1499999999999996,0.00046,0.12494,0.0,0.00045,0.12278,0.0,0.0021599999999999,1,0.16518,0.95835,0.00045,0.12448,0.83341,0.0016999999999999,0.83171,0.16518,0.95874,0.00045,0.13153,0.8338000000000001,0.00875,0.8250500000000001
509,CVE-2023-3897,2024-02-19,CVE-2023-4641,2025-05-17,4,0.1499999999999996,0.00046,0.12494,0.0,0.00045,0.12013,0.0,0.0048099999999999,2,0.16518,0.95835,0.00045,0.12186,0.83341,0.0017299999999999,0.83168,0.16518,0.95874,0.00045,0.12897,0.8338000000000001,0.00884,0.8249600000000001
509,CVE-2023-3897,2024-02-19,CVE-2023-6710,2024-05-13,7,0.6000000000000005,0.00046,0.12494,0.0,0.00045,0.11727,0.0,0.0076699999999999,3,0.16518,0.95835,0.00045,0.11818,0.83341,0.0009099999999999,0.8325,0.16518,0.95874,0.00068,0.28116,0.8338000000000001,0.16389,0.66991
510,CVE-2023-39026,2023-09-04,CVE-2023-27532,2024-09-10,7,0.05,0.01308,0.84247,0.0,0.00666,0.77141,0.0,0.07106,1,0.06593,0.92897,0.00666,0.77186,0.0864999999999999,0.0004499999999999,0.0860499999999999,,,0.00666,0.77301,,0.0015999999999999,
513,CVE-2023-39362,2023-10-09,CVE-2023-1966,2025-01-07,10,0.2500000000000001,0.00103,0.41473,0.0,0.00128,0.47013,0.0,0.0554,1,0.00305,0.66322,0.00128,0.47099,0.24849,0.00086,0.24763,0.00929,0.81165,0.00128,0.47242,0.39692,0.00229,0.39463
515,CVE-2023-40044,2025-04-17,CVE-2023-36845,2025-05-29,2,0.2499999999999992,0.94427,0.99979,0.0,0.94355,0.99947,0.0,0.0003199999999999,1,0.94427,0.99979,0.94355,0.99948,0.0,1.0000000000065512e-05,-1.0000000000065512e-05,0.94427,0.99978,0.94355,0.99948,-9.99999999995449e-06,1.0000000000065512e-05,-2.000000000002e-05
515,CVE-2023-40044,2025-04-17,CVE-2023-29336,2025-05-25,11,2.5,0.94427,0.99979,0.0,0.76942,0.98873,0.0,0.0110599999999999,2,0.94427,0.99979,0.76942,0.98876,0.0,2.999999999997449e-05,-2.999999999997449e-05,0.94427,0.99978,0.74852,0.98788,-9.99999999995449e-06,-0.00085,0.00084
517,CVE-2023-40278,2024-04-15,CVE-2023-47113,2025-05-03,9,0.2500000000000001,0.00043,0.08022,0.0,0.00042,0.05281,0.0,0.0274099999999999,1,0.00144,0.49756,0.00042,0.05285,0.41734,3.999999999999837e-05,0.4173,0.00144,0.49962,0.00042,0.05204,0.4194,-0.0007699999999999,0.42017
518,CVE-2023-40279,2024-04-15,CVE-2023-47113,2025-05-03,9,0.2500000000000001,0.00043,0.08022,0.0,0.00042,0.05281,0.0,0.0274099999999999,1,0.00144,0.49756,0.00042,0.05285,0.41734,3.999999999999837e-05,0.4173,0.00144,0.49962,0.00042,0.05204,0.4194,-0.0007699999999999,0.42017
520,CVE-2023-40547,2025-04-22,CVE-2023-39780,2025-05-28,2,0.55,0.03357,0.86627,0.0,0.01699,0.81229,0.0,0.05398,1,0.03357,0.86608,0.01699,0.81225,-0.00019,-3.999999999992898e-05,-0.00015,0.03039,0.85993,0.02054,0.82947,-0.00634,0.01718,-0.02352
520,CVE-2023-40547,2025-04-22,CVE-2023-6241,2025-05-23,10,1.3000000000000007,0.03357,0.86627,0.0,0.09367,0.92292,0.0,0.0566499999999999,2,0.03357,0.86608,0.09367,0.92296,-0.00019,4.000000000004e-05,-0.00023,0.03039,0.85993,0.09367,0.92334,-0.00634,0.00042,-0.00676
521,CVE-2023-40580,2025-04-14,CVE-2023-21675,2025-05-16,2,0.2999999999999998,0.00299,0.50338,0.0,0.00301,0.50489,0.0,0.0015099999999999,1,0.00086,0.2611,0.00301,0.52727,-0.24228,0.02238,-0.2646600000000001,0.00083,0.25529,0.00301,0.52843,-0.24809,0.02354,-0.27163
521,CVE-2023-40580,2025-04-14,CVE-2023-23420,2025-05-16,7,0.2999999999999998,0.00299,0.50338,0.0,0.00279,0.48437,0.0,0.01901,2,0.00086,0.2611,0.00279,0.50823,-0.24228,0.0238599999999999,-0.26614,0.00083,0.25529,0.00279,0.5089,-0.24809,0.0245299999999999,-0.27262
521,CVE-2023-40580,2025-04-14,CVE-2023-21748,2025-05-16,4,0.2999999999999998,0.00299,0.50338,0.0,0.0033,0.53097,0.0,0.02759,3,0.00086,0.2611,0.0033,0.55134,-0.24228,0.02037,-0.26265,0.00083,0.25529,0.0033,0.55251,-0.24809,0.0215399999999998,-0.2696299999999999
527,CVE-2023-41076,2025-04-12,CVE-2023-42871,2025-05-25,10,0.5,0.00028,0.04817,0.0,0.00043,0.09946,0.0,0.05129,1,0.00029,0.06542,0.00062,0.19752,0.01725,0.09806,-0.0808099999999999,0.0003,0.07067,0.00062,0.19782,0.0225,0.0983599999999999,-0.0758599999999999
527,CVE-2023-41076,2025-04-12,CVE-2023-34332,2025-05-19,8,0.5,0.00028,0.04817,0.0,0.00045,0.1094,0.0,0.06123,2,0.00029,0.06542,0.00021,0.04051,0.01725,-0.06889,0.08614,0.0003,0.07067,0.00021,0.0403,0.0225,-0.0691,0.0915999999999999
527,CVE-2023-41076,2025-04-12,CVE-2023-51745,2025-05-18,5,0.5,0.00028,0.04817,0.0,0.00053,0.13633,0.0,0.08816,3,0.00029,0.06542,0.00035,0.09146,0.01725,-0.04487,0.06212,0.0003,0.07067,0.00035,0.08999,0.0225,-0.04634,0.06884
529,CVE-2023-4113,2023-08-04,CVE-2023-2745,2025-04-22,11,1.1000000000000003,0.00146,0.49797,1.0,0.00193,0.56221,0.0,0.0642399999999999,1,0.00146,0.49921,0.00193,0.56324,0.0012399999999999,0.0010299999999999,0.0002099999999999,0.00146,0.49915,0.00193,0.56383,0.0011799999999999,0.00162,-0.0004400000000001
531,CVE-2023-4114,2023-08-04,CVE-2023-2745,2025-04-22,11,1.1000000000000003,0.00146,0.49797,1.0,0.00193,0.56221,0.0,0.0642399999999999,1,0.00146,0.49921,0.00193,0.56324,0.0012399999999999,0.0010299999999999,0.0002099999999999,0.00146,0.49915,0.00193,0.56383,0.0011799999999999,0.00162,-0.0004400000000001
532,CVE-2023-4115,2023-08-04,CVE-2023-2745,2025-04-22,11,1.1000000000000003,0.00146,0.49797,1.0,0.00193,0.56221,0.0,0.0642399999999999,1,0.00146,0.49921,0.00193,0.56324,0.0012399999999999,0.0010299999999999,0.0002099999999999,0.00146,0.49915,0.00193,0.56383,0.0011799999999999,0.00162,-0.0004400000000001
533,CVE-2023-4116,2023-08-04,CVE-2023-2745,2025-04-22,11,1.1000000000000003,0.00146,0.49797,1.0,0.00193,0.56221,0.0,0.0642399999999999,1,0.00146,0.49921,0.00193,0.56324,0.0012399999999999,0.0010299999999999,0.0002099999999999,0.00146,0.49915,0.00193,0.56383,0.0011799999999999,0.00162,-0.0004400000000001
534,CVE-2023-4117,2023-08-04,CVE-2023-2745,2025-04-22,11,1.1000000000000003,0.00146,0.49797,1.0,0.00193,0.56221,0.0,0.0642399999999999,1,0.00146,0.49921,0.00193,0.56324,0.0012399999999999,0.0010299999999999,0.0002099999999999,0.00146,0.49915,0.00193,0.56383,0.0011799999999999,0.00162,-0.0004400000000001
535,CVE-2023-4119,2023-08-04,CVE-2023-3897,2024-02-19,6,0.5,0.00055,0.20557,1.0,0.00046,0.12718,1.0,0.07839,1,0.00146,0.49921,0.00046,0.12785,0.29364,0.00067,0.29297,0.00146,0.49915,0.00046,0.12708,0.2935799999999999,-9.9999999999989e-05,0.2936799999999999
536,CVE-2023-41425,2025-04-22,CVE-2023-29336,2025-05-25,3,1.95,0.60716,0.98143,0.0,0.76942,0.98874,0.0,0.0073099999999999,1,0.64041,0.98289,0.76942,0.98877,0.00146,3.0000000000085517e-05,0.0014299999999999,0.84516,0.9926,0.74852,0.98789,0.01117,-0.0008499999999999,0.0120199999999999
536,CVE-2023-41425,2025-04-22,CVE-2023-36845,2025-05-29,11,4.000000000000001,0.60716,0.98143,0.0,0.94355,0.99948,0.0,0.01805,2,0.64041,0.98289,0.94355,0.99948,0.00146,0.0,0.00146,0.84516,0.9926,0.94355,0.99948,0.01117,0.0,0.01117
536,CVE-2023-41425,2025-04-22,CVE-2023-0669,2025-05-28,2,1.4000000000000006,0.60716,0.98143,0.0,0.94364,0.99952,0.0,0.0180899999999999,3,0.64041,0.98289,0.94364,0.99952,0.00146,0.0,0.00146,0.84516,0.9926,0.94364,0.99952,0.01117,0.0,0.01117
539,CVE-2023-4173,2023-08-08,CVE-2023-3897,2024-02-19,10,1.5499999999999998,0.00055,0.20592,1.0,0.00046,0.12759,1.0,0.0783299999999999,1,,,,,,,,0.00176,0.54116,0.00046,0.12814,0.33524,0.0005499999999999,0.33469
539,CVE-2023-4173,2023-08-08,CVE-2023-29383,2025-05-17,2,0.2500000000000001,0.00055,0.20592,1.0,0.00045,0.12275,1.0,0.08317,2,,,,,,,,0.00176,0.54116,0.00045,0.1232,0.33524,0.00045,0.33479
540,CVE-2023-4174,2023-08-08,CVE-2023-3897,2024-02-19,10,1.5499999999999998,0.00055,0.20592,1.0,0.00046,0.12759,1.0,0.0783299999999999,1,,,,,,,,0.00209,0.58266,0.00046,0.12814,0.3767399999999999,0.0005499999999999,0.3761899999999999
540,CVE-2023-4174,2023-08-08,CVE-2023-29383,2025-05-17,2,0.2500000000000001,0.00055,0.20592,1.0,0.00045,0.12275,1.0,0.08317,2,,,,,,,,0.00209,0.58266,0.00045,0.1232,0.3767399999999999,0.00045,0.3762899999999999
541,CVE-2023-41892,2025-04-27,CVE-2023-36845,2025-05-29,1,0.1999999999999993,0.93766,0.99843,0.0,0.94355,0.99948,0.0,0.0010499999999999,1,0.93766,0.99843,0.94355,0.99948,0.0,0.0,0.0,0.93542,0.99821,0.94355,0.99948,-0.0002199999999999,0.0,-0.0002199999999999
541,CVE-2023-41892,2025-04-27,CVE-2023-0669,2025-05-28,5,3.05,0.93766,0.99843,0.0,0.94364,0.99952,0.0,0.0010899999999999,2,0.93766,0.99843,0.94364,0.99951,0.0,-9.99999999995449e-06,9.99999999995449e-06,0.93542,0.99821,0.94364,0.99952,-0.0002199999999999,0.0,-0.0002199999999999
544,CVE-2023-42007,2025-04-11,CVE-2023-52590,2025-05-20,7,0.1499999999999996,0.00026,0.04283,0.0,0.0005,0.12726,0.0,0.08443,1,0.00026,0.05676,8e-05,0.00454,0.0139299999999999,-0.12272,0.13665,0.00026,0.0569,8e-05,0.00445,0.01407,-0.12281,0.13688
544,CVE-2023-42007,2025-04-11,CVE-2023-0437,2025-05-17,8,0.1500000000000005,0.00026,0.04283,0.0,0.00052,0.13359,0.0,0.0907599999999999,2,0.00026,0.05676,0.00052,0.16282,0.0139299999999999,0.02923,-0.0153,0.00026,0.0569,0.00186,0.41031,0.01407,0.27672,-0.26265
546,CVE-2023-4220,2025-03-18,CVE-2023-29336,2025-05-25,2,0.2999999999999998,0.92866,0.99769,0.0,0.6143,0.98176,0.0,0.01593,1,0.92799,0.99763,0.62322,0.98229,-5.999999999994898e-05,0.00053,-0.0005899999999999,0.92521,0.99715,0.76942,0.98873,-0.0005399999999999,0.00697,-0.00751
547,CVE-2023-4278,2023-10-09,CVE-2023-45282,2025-04-11,8,0.05,0.00048,0.15034,0.0,0.00043,0.07182,0.0,0.07852,1,0.1331,0.94919,0.00099,0.40531,0.79885,0.33349,0.4653599999999999,0.10066,0.94326,0.00099,0.4069,0.79292,0.33508,0.4578399999999999
548,CVE-2023-42793,2024-03-14,CVE-2023-5360,2025-04-05,1,0.0,0.97345,0.99885,0.0,0.96723,0.99633,0.0,0.0025199999999999,1,0.97093,0.99759,0.96723,0.99636,-0.00126,2.999999999997449e-05,-0.00129,0.97071,0.99757,0.96723,0.99643,-0.00128,9.9999999999989e-05,-0.00138
548,CVE-2023-42793,2024-03-14,CVE-2023-3519,2025-01-09,10,0.05,0.97345,0.99885,0.0,0.91186,0.98797,0.0,0.01088,2,0.97093,0.99759,0.91186,0.98803,-0.00126,5.999999999994898e-05,-0.0013199999999999,0.97071,0.99757,0.91186,0.98823,-0.00128,0.00026,-0.00154
548,CVE-2023-42793,2024-03-14,CVE-2023-30258,2025-04-11,2,0.0,0.97345,0.99885,0.0,0.30708,0.96832,0.0,0.03053,3,0.97093,0.99759,0.30708,0.96844,-0.00126,0.00012,-0.00138,0.97071,0.99757,0.28045,0.96752,-0.00128,-0.0007999999999999,-0.0004800000000001
553,CVE-2023-43177,2025-03-25,CVE-2023-36845,2025-05-29,3,0.05,0.89356,0.9954,0.0,0.9432,0.99942,0.0,0.00402,1,0.89356,0.99523,0.9432,0.99943,-0.00017,1.0000000000065512e-05,-0.00018,0.70469,0.9857,0.94355,0.99948,-0.0096999999999999,6.0000000000060005e-05,-0.0097599999999999
553,CVE-2023-43177,2025-03-25,CVE-2023-34362,2025-05-13,1,0.05,0.89356,0.9954,0.0,0.94388,0.99966,0.0,0.00426,2,0.89356,0.99523,0.94388,0.99966,-0.00017,0.0,-0.00017,0.70469,0.9857,0.94485,0.99998,-0.0096999999999999,0.0003199999999999,-0.0100199999999999
553,CVE-2023-43177,2025-03-25,CVE-2023-41892,2025-04-27,5,0.2499999999999992,0.89356,0.9954,0.0,0.70287,0.98609,0.0,0.0093099999999999,3,0.89356,0.99523,0.70287,0.98574,-0.00017,-0.00035,0.00018,0.70469,0.9857,0.93766,0.99842,-0.0096999999999999,0.0123299999999999,-0.0220299999999998
557,CVE-2023-4382,2023-09-04,CVE-2023-3897,2024-02-19,10,1.5499999999999998,0.0005,0.17088,0.0,0.00046,0.12752,0.0,0.04336,1,0.00056,0.21441,0.00046,0.12764,0.0435299999999999,0.00012,0.0434099999999999,,,,,,,
557,CVE-2023-4382,2023-09-04,CVE-2023-29383,2025-05-17,2,0.2500000000000001,0.0005,0.17088,0.0,0.00045,0.12261,0.0,0.04827,2,0.00056,0.21441,0.00045,0.12271,0.0435299999999999,0.0001,0.0434299999999999,,,0.00045,0.12516,,0.0025499999999999,
557,CVE-2023-4382,2023-09-04,CVE-2023-36811,2025-04-09,6,1.5000000000000002,0.0005,0.17088,0.0,0.00045,0.12261,0.0,0.04827,3,0.00056,0.21441,0.00045,0.12271,0.0435299999999999,0.0001,0.0434299999999999,,,,,,,
558,CVE-2023-43958,2025-04-23,CVE-2023-42826,2025-05-25,6,2.3000000000000007,0.00025,0.05022,0.0,0.0003,0.07065,0.0,0.02043,1,0.0021,0.43659,0.0003,0.06959,0.38637,-0.00106,0.38743,0.00254,0.48732,0.0003,0.07023,0.4371,-0.00042,0.43752
558,CVE-2023-43958,2025-04-23,CVE-2023-7206,2025-05-26,10,2.3000000000000007,0.00025,0.05022,0.0,0.00036,0.09046,0.0,0.04024,2,0.0021,0.43659,0.00036,0.08909,0.38637,-0.0013699999999999,0.38774,0.00254,0.48732,0.00026,0.05659,0.4371,-0.03387,0.47097
559,CVE-2023-4407,2023-09-04,CVE-2023-24657,2025-04-11,3,0.2000000000000001,0.00077,0.31835,0.0,0.00076,0.31308,0.0,0.0052699999999999,1,0.0009,0.37674,0.00076,0.31352,0.05839,0.0004399999999999,0.05795,,,0.00076,0.31571,,0.0026299999999999,
559,CVE-2023-4407,2023-09-04,CVE-2023-24626,2025-05-12,10,0.2500000000000001,0.00077,0.31835,0.0,0.00062,0.24384,0.0,0.07451,2,0.0009,0.37674,0.00062,0.24417,0.05839,0.0003299999999999,0.05806,,,0.00062,0.24621,,0.00237,
560,CVE-2023-44088,2025-04-10,CVE-2023-34872,2025-05-17,7,0.4500000000000003,0.00201,0.39414,0.0,0.002,0.39311,0.0,0.0010299999999999,1,0.00127,0.33437,0.00164,0.38496,-0.0597699999999999,-0.0081499999999999,-0.05162,0.00127,0.33408,0.00164,0.38441,-0.06006,-0.0087,-0.0513599999999999
560,CVE-2023-44088,2025-04-10,CVE-2023-4039,2025-05-17,11,1.1500000000000006,0.00201,0.39414,0.0,0.00206,0.40147,0.0,0.00733,2,0.00127,0.33437,0.00124,0.33082,-0.0597699999999999,-0.0706499999999999,0.01088,0.00127,0.33408,0.00121,0.32552,-0.06006,-0.07595,0.01589
561,CVE-2023-44221,2025-04-25,CVE-2023-39780,2025-05-28,5,1.6500000000000006,0.0079,0.72615,0.0,0.01699,0.8124,0.0,0.08625,1,0.42049,0.97252,0.01699,0.81334,0.2463700000000001,0.0009399999999999,0.2454300000000001,0.4625,0.97482,0.01786,0.81804,0.24867,0.0056399999999999,0.24303
563,CVE-2023-44752,2025-04-23,CVE-2023-42826,2025-05-25,6,2.3000000000000007,0.0003,0.06873,0.0,0.0003,0.07065,0.0,0.00192,1,0.0008,0.2457,0.0003,0.06959,0.17697,-0.00106,0.17803,0.00105,0.29797,0.0003,0.07023,0.22924,-0.00042,0.22966
563,CVE-2023-44752,2025-04-23,CVE-2023-7206,2025-05-26,10,2.3000000000000007,0.0003,0.06873,0.0,0.00036,0.09046,0.0,0.02173,2,0.0008,0.2457,0.00036,0.08909,0.17697,-0.0013699999999999,0.17834,0.00105,0.29797,0.00026,0.05659,0.22924,-0.03387,0.26311
563,CVE-2023-44752,2025-04-23,CVE-2023-4369,2025-05-28,4,1.3,0.0003,0.06873,0.0,0.00053,0.16699,0.0,0.09826,3,0.0008,0.2457,0.00053,0.16738,0.17697,0.00039,0.17658,0.00105,0.29797,0.00058,0.18567,0.22924,0.01868,0.21056
564,CVE-2023-44755,2025-04-23,CVE-2023-42826,2025-05-25,6,2.3000000000000007,0.00014,0.01497,0.0,0.0003,0.07065,0.0,0.05568,1,0.0004,0.11585,0.0003,0.06959,0.10088,-0.00106,0.10194,0.0004,0.11762,0.0003,0.07023,0.10265,-0.00042,0.10307
564,CVE-2023-44755,2025-04-23,CVE-2023-7206,2025-05-26,10,2.3000000000000007,0.00014,0.01497,0.0,0.00036,0.09046,0.0,0.07549,2,0.0004,0.11585,0.00036,0.08909,0.10088,-0.0013699999999999,0.10225,0.0004,0.11762,0.00026,0.05659,0.10265,-0.03387,0.13652
566,CVE-2023-45277,2025-04-11,CVE-2023-28248,2025-05-16,9,0.2999999999999998,0.00897,0.73636,0.0,0.01074,0.75917,0.0,0.0228099999999999,1,0.00731,0.71441,0.00283,0.51321,-0.02195,-0.2459599999999999,0.2240099999999999,0.00731,0.71468,0.00283,0.51329,-0.02168,-0.24588,0.2241999999999999
566,CVE-2023-45277,2025-04-11,CVE-2023-35357,2025-05-16,12,0.2999999999999998,0.00897,0.73636,0.0,0.00746,0.70857,0.0,0.0277899999999999,2,0.00731,0.71441,0.00188,0.41382,-0.02195,-0.29475,0.2728,0.00731,0.71468,0.00188,0.41266,-0.02168,-0.29591,0.27423
566,CVE-2023-45277,2025-04-11,CVE-2023-28272,2025-05-16,10,0.2999999999999998,0.00897,0.73636,0.0,0.01453,0.79139,0.0,0.05503,3,0.00731,0.71441,0.00345,0.56186,-0.02195,-0.22953,0.20758,0.00731,0.71468,0.00345,0.56245,-0.02168,-0.22894,0.20726
567,CVE-2023-45278,2025-04-11,CVE-2023-39780,2025-05-28,2,0.599999999999999,0.10068,0.92374,0.0,0.06658,0.9037,0.0,0.02004,1,0.01513,0.80183,0.01699,0.81238,-0.1219099999999999,-0.0913199999999999,-0.03059,0.01513,0.80202,0.01699,0.8126,-0.12172,-0.0910999999999999,-0.03062
567,CVE-2023-45278,2025-04-11,CVE-2023-36845,2025-05-29,5,0.7500000000000011,0.10068,0.92374,0.0,0.9432,0.99944,0.0,0.0756999999999999,2,0.01513,0.80183,0.94355,0.99947,-0.1219099999999999,2.999999999997449e-05,-0.1219399999999999,0.01513,0.80202,0.94355,0.99947,-0.12172,2.999999999997449e-05,-0.12175
567,CVE-2023-45278,2025-04-11,CVE-2023-34362,2025-05-13,3,0.7000000000000011,0.10068,0.92374,0.0,0.94388,0.99967,0.0,0.0759299999999999,3,0.01513,0.80183,0.94485,0.99998,-0.1219099999999999,0.00031,-0.12222,0.01513,0.80202,0.94485,0.99998,-0.12172,0.00031,-0.12203
568,CVE-2023-45279,2025-04-11,CVE-2023-34872,2025-05-17,6,0.0999999999999996,0.00192,0.38308,0.0,0.002,0.3931,0.0,0.01002,1,0.00155,0.37517,0.00164,0.38539,-0.0079099999999999,-0.0077099999999999,-0.0001999999999999,0.00155,0.37392,0.00164,0.38431,-0.00916,-0.00879,-0.0003699999999999
568,CVE-2023-45279,2025-04-11,CVE-2023-4039,2025-05-17,9,0.6000000000000005,0.00192,0.38308,0.0,0.00206,0.40145,0.0,0.0183699999999999,2,0.00155,0.37517,0.00124,0.33128,-0.0079099999999999,-0.0701699999999999,0.0622599999999999,0.00155,0.37392,0.00121,0.32521,-0.00916,-0.0762399999999999,0.0670799999999999
569,CVE-2023-45280,2025-04-11,CVE-2023-36404,2025-05-16,2,0.0999999999999996,0.00547,0.65347,0.0,0.0069,0.69589,0.0,0.04242,1,0.01215,0.77906,0.00217,0.44536,0.1255899999999999,-0.25053,0.37612,0.01215,0.77922,0.00217,0.44474,0.12575,-0.25115,0.3769
569,CVE-2023-45280,2025-04-11,CVE-2023-38140,2025-05-16,5,0.0999999999999996,0.00547,0.65347,0.0,0.00883,0.73416,0.0,0.08069,2,0.01215,0.77906,0.00282,0.51161,0.1255899999999999,-0.22255,0.34814,0.01215,0.77922,0.00282,0.51171,0.12575,-0.22245,0.3482
569,CVE-2023-45280,2025-04-11,CVE-2023-36803,2025-05-16,4,0.0999999999999996,0.00547,0.65347,0.0,0.00914,0.73898,0.0,0.0855099999999999,3,0.01215,0.77906,0.0029,0.52004,0.1255899999999999,-0.21894,0.34453,0.01215,0.77922,0.0029,0.52024,0.12575,-0.2187399999999999,0.3444899999999999
570,CVE-2023-45281,2025-04-11,CVE-2023-4039,2025-05-17,11,1.2999999999999998,0.00212,0.40937,0.0,0.00206,0.40145,0.0,0.00792,1,0.00205,0.43217,0.00124,0.33128,0.0227999999999999,-0.0701699999999999,0.0929699999999999,0.00205,0.43147,0.00121,0.32521,0.0221,-0.0762399999999999,0.0983399999999999
570,CVE-2023-45281,2025-04-11,CVE-2023-34872,2025-05-17,8,0.5999999999999996,0.00212,0.40937,0.0,0.002,0.3931,0.0,0.01627,2,0.00205,0.43217,0.00164,0.38539,0.0227999999999999,-0.0077099999999999,0.0305099999999999,0.00205,0.43147,0.00164,0.38431,0.0221,-0.00879,0.03089
571,CVE-2023-45282,2025-04-11,CVE-2023-23421,2025-05-16,8,0.2999999999999998,0.00371,0.56091,0.0,0.00346,0.54344,0.0,0.0174699999999999,1,0.00072,0.22649,0.00346,0.56281,-0.33442,0.01937,-0.35379,0.00076,0.23734,0.00346,0.56337,-0.32357,0.01993,-0.3435
571,CVE-2023-45282,2025-04-11,CVE-2023-21748,2025-05-16,4,0.2999999999999998,0.00371,0.56091,0.0,0.0033,0.53142,0.0,0.02949,2,0.00072,0.22649,0.0033,0.55171,-0.33442,0.02029,-0.3547100000000001,0.00076,0.23734,0.0033,0.55238,-0.32357,0.0209599999999999,-0.34453
571,CVE-2023-45282,2025-04-11,CVE-2023-21675,2025-05-16,2,0.2999999999999998,0.00371,0.56091,0.0,0.00301,0.50535,0.0,0.05556,3,0.00072,0.22649,0.00301,0.52787,-0.33442,0.0225199999999999,-0.35694,0.00076,0.23734,0.00301,0.52837,-0.32357,0.02302,-0.34659
573,CVE-2023-4548,2023-09-08,CVE-2023-24657,2025-04-11,3,0.2000000000000001,0.00089,0.36886,0.0,0.00076,0.3136,0.0,0.05526,1,,,,,,,,,,,,,,
577,CVE-2023-45884,2025-04-11,CVE-2023-24626,2025-05-12,1,0.0,0.00127,0.28997,0.0,0.00074,0.19612,0.0,0.09385,1,0.00093,0.27769,0.00046,0.14041,-0.01228,-0.0557099999999999,0.0434299999999999,0.00093,0.27644,0.00046,0.13966,-0.0135299999999999,-0.0564599999999999,0.0429299999999999
578,CVE-2023-45885,2025-04-11,CVE-2023-34872,2025-05-17,6,0.0999999999999996,0.00192,0.38308,0.0,0.002,0.3931,0.0,0.01002,1,0.0012,0.32329,0.00164,0.38539,-0.0597899999999999,-0.0077099999999999,-0.0520799999999999,0.0012,0.32223,0.00164,0.38431,-0.0608499999999999,-0.00879,-0.0520599999999999
578,CVE-2023-45885,2025-04-11,CVE-2023-4039,2025-05-17,9,0.6000000000000005,0.00192,0.38308,0.0,0.00206,0.40145,0.0,0.0183699999999999,2,0.0012,0.32329,0.00124,0.33128,-0.0597899999999999,-0.0701699999999999,0.01038,0.0012,0.32223,0.00121,0.32521,-0.0608499999999999,-0.0762399999999999,0.01539
579,CVE-2023-46022,2024-03-20,CVE-2023-21675,2025-05-16,8,0.05,0.00043,0.07283,0.0,0.00043,0.07795,0.0,0.0051199999999999,1,0.00052,0.18597,0.00043,0.07941,0.1131399999999999,0.0014599999999999,0.11168,0.00052,0.19406,0.00043,0.08773,0.12123,0.0097799999999999,0.11145
579,CVE-2023-46022,2024-03-20,CVE-2023-21747,2025-05-16,9,0.05,0.00043,0.07283,0.0,0.00043,0.07795,0.0,0.0051199999999999,2,0.00052,0.18597,0.00043,0.07941,0.1131399999999999,0.0014599999999999,0.11168,0.00052,0.19406,0.00043,0.08773,0.12123,0.0097799999999999,0.11145
579,CVE-2023-46022,2024-03-20,CVE-2023-21748,2025-05-16,10,0.05,0.00043,0.07283,0.0,0.00043,0.07795,0.0,0.0051199999999999,3,0.00052,0.18597,0.00043,0.07941,0.1131399999999999,0.0014599999999999,0.11168,0.00052,0.19406,0.00043,0.08773,0.12123,0.0097799999999999,0.11145
580,CVE-2023-46024,2024-03-20,CVE-2023-41061,2025-02-10,11,0.3499999999999998,0.00073,0.30071,0.0,0.0007,0.28601,0.0,0.0146999999999999,1,0.00237,0.61135,0.0007,0.2873,0.3106399999999999,0.00129,0.3093499999999999,0.00237,0.6149,0.0007,0.29383,0.31419,0.0078199999999999,0.30637
580,CVE-2023-46024,2024-03-20,CVE-2023-1545,2025-03-22,2,0.0,0.00073,0.30071,0.0,0.00084,0.34443,0.0,0.04372,2,0.00237,0.61135,0.00118,0.44992,0.3106399999999999,0.1054899999999999,0.20515,0.00237,0.6149,0.00118,0.45458,0.31419,0.1101499999999999,0.20404
580,CVE-2023-46024,2024-03-20,CVE-2023-45277,2025-04-11,4,0.05,0.00073,0.30071,0.0,0.00087,0.35328,0.0,0.05257,3,0.00237,0.61135,0.00087,0.35445,0.3106399999999999,0.00117,0.3094699999999999,0.00237,0.6149,0.00087,0.36012,0.31419,0.00684,0.30735
583,CVE-2023-46272,2025-02-20,CVE-2023-52235,2025-04-11,3,0.05,0.00046,0.18783,0.0,0.00043,0.11709,0.0,0.07074,1,0.00046,0.19057,0.00043,0.11767,0.0027399999999999,0.0005799999999999,0.0021599999999999,0.0002,0.02985,0.0025,0.45631,-0.15798,0.3392199999999999,-0.4972
584,CVE-2023-4634,2023-10-09,CVE-2023-27997,2025-01-09,11,0.05,0.05685,0.92421,0.0,0.15407,0.95239,0.0,0.0281799999999999,1,0.01945,0.87341,0.15407,0.95258,-0.0507999999999999,0.00019,-0.0509899999999999,0.01945,0.87338,0.15407,0.95321,-0.0508299999999999,0.00082,-0.0516499999999999
584,CVE-2023-4634,2023-10-09,CVE-2023-23333,2024-03-14,1,0.0,0.05685,0.92421,0.0,0.5361,0.97206,0.0,0.04785,2,0.01945,0.87341,0.5361,0.97215,-0.0507999999999999,8.999999999992347e-05,-0.0508899999999998,0.01945,0.87338,0.45387,0.97037,-0.0508299999999999,-0.00169,-0.0491399999999998
584,CVE-2023-4634,2023-10-09,CVE-2023-42793,2024-03-14,2,0.0,0.05685,0.92421,0.0,0.97209,0.99756,0.0,0.07335,3,0.01945,0.87341,0.97209,0.99758,-0.0507999999999999,2.000000000002e-05,-0.0508199999999999,0.01945,0.87338,0.97264,0.99809,-0.0508299999999999,0.00053,-0.0513599999999999
588,CVE-2023-46604,2025-04-17,CVE-2023-36845,2025-05-29,2,0.2499999999999992,0.94436,0.99984,0.0,0.94355,0.99947,0.0,0.0003699999999999,1,0.94436,0.99984,0.94355,0.99948,0.0,1.0000000000065512e-05,-1.0000000000065512e-05,0.94436,0.99983,0.94355,0.99948,-9.99999999995449e-06,1.0000000000065512e-05,-2.000000000002e-05
588,CVE-2023-46604,2025-04-17,CVE-2023-29336,2025-05-25,11,2.5,0.94436,0.99984,0.0,0.76942,0.98873,0.0,0.0111099999999999,2,0.94436,0.99984,0.76942,0.98876,0.0,2.999999999997449e-05,-2.999999999997449e-05,0.94436,0.99983,0.74852,0.98788,-9.99999999995449e-06,-0.00085,0.00084
589,CVE-2023-46747,2025-04-17,CVE-2023-36845,2025-05-29,2,0.05,0.94441,0.99987,0.0,0.94355,0.99947,0.0,0.0004,1,0.94441,0.99987,0.94355,0.99948,0.0,1.0000000000065512e-05,-1.0000000000065512e-05,0.94441,0.99985,0.94355,0.99948,-2.000000000002e-05,1.0000000000065512e-05,-3.0000000000085517e-05
589,CVE-2023-46747,2025-04-17,CVE-2023-29336,2025-05-25,11,2.3000000000000007,0.94441,0.99987,0.0,0.76942,0.98873,0.0,0.01114,2,0.94441,0.99987,0.76942,0.98876,0.0,2.999999999997449e-05,-2.999999999997449e-05,0.94441,0.99985,0.74852,0.98788,-2.000000000002e-05,-0.00085,0.0008299999999999
590,CVE-2023-46748,2025-04-17,CVE-2023-39780,2025-05-28,2,0.05,0.03698,0.87286,0.0,0.01699,0.81224,0.0,0.06062,1,0.03698,0.8728,0.01699,0.8123,-5.999999999994898e-05,6.0000000000060005e-05,-0.00012,0.03602,0.8717,0.01786,0.81779,-0.0011599999999999,0.00555,-0.0067099999999999
592,CVE-2023-46818,2025-04-14,CVE-2023-0669,2025-05-28,1,0.0,0.80861,0.99108,0.0,0.94364,0.99957,0.0,0.0084899999999999,1,0.81584,0.99107,0.94364,0.99951,-9.99999999995449e-06,-5.999999999994898e-05,4.999999999999449e-05,0.80861,0.99084,0.94364,0.99951,-0.0002399999999999,-5.999999999994898e-05,-0.0001799999999999
592,CVE-2023-46818,2025-04-14,CVE-2023-6241,2025-05-23,3,0.2500000000000001,0.80861,0.99108,0.0,0.10305,0.92459,0.0,0.0664899999999999,2,0.81584,0.99107,0.09367,0.92293,-9.99999999995449e-06,-0.0016599999999999,0.00165,0.80861,0.99084,0.09367,0.92332,-0.0002399999999999,-0.0012699999999999,0.00103
593,CVE-2023-4708,2023-10-09,CVE-2023-24626,2025-05-12,9,0.2500000000000001,0.00063,0.25727,0.0,0.00062,0.24613,0.0,0.01114,1,0.00086,0.35693,0.00062,0.24706,0.09966,0.00093,0.09873,0.00086,0.35825,0.00062,0.24859,0.10098,0.00246,0.09852
593,CVE-2023-4708,2023-10-09,CVE-2023-20109,2025-04-17,12,0.3499999999999998,0.00063,0.25727,0.0,0.0006,0.23872,0.0,0.01855,2,0.00086,0.35693,0.00611,0.76219,0.09966,0.5234700000000001,-0.4238100000000001,0.00086,0.35825,0.00611,0.76219,0.10098,0.5234700000000001,-0.4224900000000001
593,CVE-2023-4708,2023-10-09,CVE-2023-34927,2024-04-02,1,0.2000000000000001,0.00063,0.25727,0.0,0.00054,0.19983,0.0,0.0574399999999999,3,0.00086,0.35693,0.00054,0.20012,0.09966,0.0002899999999999,0.09937,0.00086,0.35825,0.00054,0.20205,0.10098,0.0022199999999999,0.09876
595,CVE-2023-47160,2025-02-19,CVE-2023-40580,2025-04-14,3,0.1499999999999996,0.00087,0.39355,1.0,0.00112,0.46094,0.0,0.06739,1,0.00087,0.39321,0.00112,0.46032,-0.00034,-0.00062,0.00028,0.00182,0.37081,0.00299,0.50402,-0.02274,0.04308,-0.06582
595,CVE-2023-47160,2025-02-19,CVE-2023-21675,2025-05-16,8,0.4499999999999994,0.00087,0.39355,1.0,0.00067,0.32321,0.0,0.07034,2,0.00087,0.39321,0.00067,0.32247,-0.00034,-0.00074,0.0004,0.00182,0.37081,0.00301,0.50539,-0.02274,0.18218,-0.20492
595,CVE-2023-47160,2025-02-19,CVE-2023-21748,2025-05-16,10,0.4499999999999994,0.00087,0.39355,1.0,0.00067,0.32321,0.0,0.07034,3,0.00087,0.39321,0.00067,0.32247,-0.00034,-0.00074,0.0004,0.00182,0.37081,0.0033,0.53217,-0.02274,0.20896,-0.2317
596,CVE-2023-47179,2025-01-02,CVE-2023-52235,2025-04-11,10,0.05,0.00043,0.11013,1.0,0.00043,0.10982,0.0,0.00031,1,0.00043,0.11086,0.00043,0.11086,0.0007299999999999,0.0010399999999999,-0.00031,0.00043,0.11446,0.00043,0.11446,0.00433,0.00464,-0.00031
597,CVE-2023-47311,2025-04-11,CVE-2023-34872,2025-05-17,8,0.5999999999999996,0.00173,0.35638,0.0,0.002,0.3931,0.0,0.03672,1,0.00086,0.26235,0.00164,0.38539,-0.0940299999999999,-0.0077099999999999,-0.0863199999999999,0.00086,0.26168,0.00164,0.38431,-0.0946999999999999,-0.00879,-0.0859099999999999
597,CVE-2023-47311,2025-04-11,CVE-2023-4039,2025-05-17,11,1.2999999999999998,0.00173,0.35638,0.0,0.00206,0.40145,0.0,0.04507,2,0.00086,0.26235,0.00124,0.33128,-0.0940299999999999,-0.0701699999999999,-0.0238599999999999,0.00086,0.26168,0.00121,0.32521,-0.0946999999999999,-0.0762399999999999,-0.0184599999999999
602,CVE-2023-48292,2025-03-29,CVE-2023-41992,2025-05-14,9,2.1,0.00829,0.59755,0.0,0.01102,0.64784,0.0,0.0502899999999999,1,0.00227,0.42692,0.00281,0.48741,-0.17063,-0.1604299999999999,-0.0102,0.00179,0.40093,0.00447,0.62299,-0.19662,-0.0248499999999999,-0.1717700000000001
603,CVE-2023-4863,2025-04-07,CVE-2023-39780,2025-05-28,2,0.05,0.79395,0.99024,0.0,0.06658,0.9035,0.0,0.08674,1,0.79395,0.9903,0.06658,0.90369,5.999999999994898e-05,0.00019,-0.00013,0.93346,0.998,0.01699,0.81233,0.0077599999999999,-0.0911699999999999,0.0989299999999999
604,CVE-2023-48795,2025-04-14,CVE-2023-43770,2025-05-15,1,0.2499999999999992,0.58568,0.98036,0.0,0.7639,0.9888,0.0,0.00844,1,0.70792,0.98577,0.73743,0.98711,0.00541,-0.0016899999999999,0.0070999999999999,0.46788,0.97506,0.73743,0.98728,-0.0052999999999999,-0.0015199999999999,-0.00378
604,CVE-2023-48795,2025-04-14,CVE-2023-32019,2025-05-16,11,1.2500000000000002,0.58568,0.98036,0.0,0.09405,0.92059,0.0,0.0597699999999999,2,0.70792,0.98577,0.02317,0.83864,0.00541,-0.0819499999999999,0.08736,0.46788,0.97506,0.02317,0.8393,-0.0052999999999999,-0.0812899999999999,0.07599
606,CVE-2023-49103,2025-02-12,CVE-2023-40044,2025-04-17,1,0.05,0.90886,0.99133,0.0,0.87501,0.98926,0.0,0.00207,1,0.90886,0.99138,0.87501,0.98931,4.999999999999449e-05,4.999999999999449e-05,0.0,0.92099,0.99238,0.86954,0.98926,0.0010499999999999,0.0,0.0010499999999999
606,CVE-2023-49103,2025-02-12,CVE-2023-41892,2025-04-27,3,0.05,0.90886,0.99133,0.0,0.83669,0.98718,0.0,0.00415,2,0.90886,0.99138,0.83669,0.98726,4.999999999999449e-05,8.000000000008001e-05,-3.0000000000085517e-05,0.92099,0.99238,0.81876,0.98673,0.0010499999999999,-0.0004499999999999,0.0014999999999999
606,CVE-2023-49103,2025-02-12,CVE-2023-43177,2025-03-25,5,0.1999999999999993,0.90886,0.99133,0.0,0.96314,0.99695,0.0,0.0056199999999999,3,0.90886,0.99138,0.96314,0.99698,4.999999999999449e-05,2.999999999997449e-05,2.000000000002e-05,0.92099,0.99238,0.96192,0.99672,0.0010499999999999,-0.0002299999999999,0.0012799999999999
607,CVE-2023-49606,2025-04-17,CVE-2023-29336,2025-05-25,11,2.3000000000000007,0.34661,0.96732,0.0,0.76942,0.98873,0.0,0.02141,1,0.34928,0.96756,0.76942,0.98876,0.00024,2.999999999997449e-05,0.00021,0.34928,0.96793,0.74852,0.98788,0.0006099999999999,-0.00085,0.00146
607,CVE-2023-49606,2025-04-17,CVE-2023-36845,2025-05-29,2,0.05,0.34661,0.96732,0.0,0.94355,0.99947,0.0,0.03215,2,0.34928,0.96756,0.94355,0.99948,0.00024,1.0000000000065512e-05,0.0002299999999999,0.34928,0.96793,0.94355,0.99948,0.0006099999999999,1.0000000000065512e-05,0.0005999999999999
609,CVE-2023-4966,2025-04-14,CVE-2023-36845,2025-05-29,2,0.4000000000000003,0.94378,0.99962,0.0,0.9432,0.99944,0.0,0.0001799999999999,1,0.94378,0.99957,0.94355,0.99948,-4.999999999999449e-05,4.000000000004e-05,-9.00000000000345e-05,0.94378,0.99956,0.94355,0.99947,-5.999999999994898e-05,2.999999999997449e-05,-8.999999999992347e-05
609,CVE-2023-4966,2025-04-14,CVE-2023-39780,2025-05-28,4,0.8999999999999997,0.94378,0.99962,0.0,0.06658,0.90369,0.0,0.0959299999999999,2,0.94378,0.99957,0.01699,0.81225,-4.999999999999449e-05,-0.0914399999999999,0.0913899999999999,0.94378,0.99956,0.01699,0.81295,-5.999999999994898e-05,-0.09074,0.0906800000000001
612,CVE-2023-49965,2025-04-11,CVE-2023-24626,2025-05-12,1,0.2999999999999998,0.00098,0.24733,0.0,0.00074,0.19612,0.0,0.05121,1,0.00016,0.02426,0.00046,0.14041,-0.22307,-0.0557099999999999,-0.16736,0.00016,0.02384,0.00046,0.13966,-0.22349,-0.0564599999999999,-0.16703
613,CVE-2023-5009,2025-04-17,CVE-2023-34332,2025-05-19,5,0.4499999999999994,0.00022,0.04366,0.0,0.00021,0.04058,0.0,0.0030799999999999,1,0.00019,0.03449,0.00021,0.03993,-0.0091699999999999,-0.0006499999999999,-0.00852,0.00019,0.03438,0.00021,0.04109,-0.0092799999999999,0.00051,-0.00979
613,CVE-2023-5009,2025-04-17,CVE-2023-42826,2025-05-25,7,0.4499999999999994,0.00022,0.04366,0.0,0.0003,0.07158,0.0,0.02792,2,0.00019,0.03449,0.0003,0.0707,-0.0091699999999999,-0.00088,-0.0082899999999999,0.00019,0.03438,0.0003,0.07156,-0.0092799999999999,-2.0000000000006124e-05,-0.0092599999999999
613,CVE-2023-5009,2025-04-17,CVE-2023-52591,2025-05-20,1,0.3999999999999994,0.00022,0.04366,0.0,0.00013,0.01292,0.0,0.0307399999999999,3,0.00019,0.03449,0.00013,0.01291,-0.0091699999999999,-9.999999999999593e-06,-0.0091599999999999,0.00019,0.03438,0.00013,0.01295,-0.0092799999999999,3.0000000000000512e-05,-0.0093099999999999
614,CVE-2023-50164,2025-04-17,CVE-2023-36845,2025-05-29,2,0.05,0.93736,0.99836,0.0,0.94355,0.99947,0.0,0.0011099999999999,1,0.93752,0.9984,0.94355,0.99948,3.999999999992898e-05,1.0000000000065512e-05,2.999999999986347e-05,0.92677,0.99734,0.94355,0.99948,-0.00102,1.0000000000065512e-05,-0.00103
614,CVE-2023-50164,2025-04-17,CVE-2023-29336,2025-05-25,11,2.3000000000000007,0.93736,0.99836,0.0,0.76942,0.98873,0.0,0.00963,2,0.93752,0.9984,0.76942,0.98876,3.999999999992898e-05,2.999999999997449e-05,9.99999999995449e-06,0.92677,0.99734,0.74852,0.98788,-0.00102,-0.00085,-0.00017
616,CVE-2023-50733,2025-01-21,CVE-2023-52235,2025-04-11,7,0.250000000000001,0.00043,0.11371,1.0,0.00043,0.11351,0.0,0.0002,1,0.00043,0.11449,0.00043,0.11449,0.0007799999999999,0.0009799999999999,-0.0002,0.00043,0.11709,0.00043,0.11709,0.0033799999999999,0.00358,-0.0002
618,CVE-2023-51302,2025-02-20,CVE-2023-52235,2025-04-11,3,0.05,0.00043,0.11709,0.0,0.00043,0.11709,0.0,0.0,1,0.00043,0.11767,0.00043,0.11767,0.0005799999999999,0.0005799999999999,0.0,0.00045,0.10633,0.0025,0.45631,-0.01076,0.3392199999999999,-0.3499799999999999
619,CVE-2023-51313,2025-02-21,CVE-2023-52235,2025-04-11,3,0.05,0.00043,0.11722,0.0,0.00043,0.11722,0.0,0.0,1,0.00043,0.11771,0.00043,0.11771,0.0004899999999999,0.0004899999999999,0.0,0.00045,0.1035,0.0025,0.42377,-0.01372,0.30655,-0.32027
620,CVE-2023-51319,2025-02-20,CVE-2023-52235,2025-04-11,3,0.05,0.00043,0.11722,1.0,0.00043,0.11709,0.0,0.00013,1,0.00043,0.11767,0.00043,0.11767,0.0004499999999999,0.0005799999999999,-0.00013,0.00045,0.10633,0.0025,0.45631,-0.01089,0.3392199999999999,-0.35011
621,CVE-2023-51333,2025-02-21,CVE-2023-52235,2025-04-11,3,0.05,0.00043,0.11722,0.0,0.00043,0.11722,0.0,0.0,1,0.00043,0.11771,0.00043,0.11771,0.0004899999999999,0.0004899999999999,0.0,0.00048,0.11531,0.0025,0.42377,-0.00191,0.30655,-0.30846
622,CVE-2023-51336,2025-02-21,CVE-2023-52235,2025-04-11,3,0.05,0.00043,0.11722,0.0,0.00043,0.11722,0.0,0.0,1,0.00043,0.11771,0.00043,0.11771,0.0004899999999999,0.0004899999999999,0.0,0.00048,0.11531,0.0025,0.42377,-0.00191,0.30655,-0.30846
624,CVE-2023-51467,2025-04-17,CVE-2023-36845,2025-05-29,2,0.05,0.93884,0.99857,0.0,0.94355,0.99947,0.0,0.0009,1,0.93935,0.99865,0.94355,0.99948,8.000000000008001e-05,1.0000000000065512e-05,7.00000000000145e-05,0.93996,0.99875,0.94355,0.99948,0.00018,1.0000000000065512e-05,0.00017
624,CVE-2023-51467,2025-04-17,CVE-2023-29336,2025-05-25,11,2.3000000000000007,0.93884,0.99857,0.0,0.76942,0.98873,0.0,0.0098399999999999,2,0.93935,0.99865,0.76942,0.98876,8.000000000008001e-05,2.999999999997449e-05,5.000000000010552e-05,0.93996,0.99875,0.74852,0.98788,0.00018,-0.00085,0.00103
626,CVE-2023-52235,2025-04-11,CVE-2023-23420,2025-05-16,9,1.0000000000000009,0.0025,0.45618,0.0,0.00279,0.48491,0.0,0.02873,1,0.00049,0.15331,0.00279,0.50888,-0.30287,0.0239699999999999,-0.3268399999999999,0.00049,0.15356,0.00279,0.50895,-0.30262,0.02404,-0.32666
626,CVE-2023-52235,2025-04-11,CVE-2023-21747,2025-05-16,5,1.0000000000000009,0.0025,0.45618,0.0,0.00226,0.42575,0.0,0.0304299999999999,2,0.00049,0.15331,0.00226,0.45508,-0.30287,0.0293299999999999,-0.3321999999999999,0.00049,0.15356,0.00226,0.45435,-0.30262,0.0285999999999999,-0.3312199999999999
626,CVE-2023-52235,2025-04-11,CVE-2023-21675,2025-05-16,4,1.0000000000000009,0.0025,0.45618,0.0,0.00301,0.50535,0.0,0.0491699999999999,3,0.00049,0.15331,0.00301,0.52787,-0.30287,0.0225199999999999,-0.3253899999999999,0.00049,0.15356,0.00301,0.52837,-0.30262,0.02302,-0.32564
630,CVE-2023-5360,2025-04-05,CVE-2023-36845,2025-05-29,3,0.05,0.92223,0.99709,0.0,0.9432,0.99944,0.0,0.0023499999999999,1,0.92327,0.99719,0.9432,0.99944,9.9999999999989e-05,0.0,9.9999999999989e-05,0.93116,0.99776,0.94355,0.99948,0.0006699999999999,4.000000000004e-05,0.0006299999999999
630,CVE-2023-5360,2025-04-05,CVE-2023-34362,2025-05-13,1,0.05,0.92223,0.99709,0.0,0.94388,0.99966,0.0,0.0025699999999999,2,0.92327,0.99719,0.94388,0.99967,9.9999999999989e-05,9.99999999995449e-06,9.00000000000345e-05,0.93116,0.99776,0.94485,0.99998,0.0006699999999999,0.0003199999999999,0.0003499999999999
630,CVE-2023-5360,2025-04-05,CVE-2023-29336,2025-05-25,7,2.250000000000001,0.92223,0.99709,0.0,0.62322,0.98222,0.0,0.01487,3,0.92327,0.99719,0.62322,0.98222,9.9999999999989e-05,0.0,9.9999999999989e-05,0.93116,0.99776,0.76942,0.98883,0.0006699999999999,0.00661,-0.00594
631,CVE-2023-5702,2024-03-14,CVE-2023-4039,2025-05-17,5,0.55,0.00052,0.18236,0.0,0.00046,0.14279,0.0,0.0395699999999999,1,0.00052,0.18381,0.00046,0.14445,0.00145,0.0016599999999999,-0.0002099999999999,0.00052,0.19089,0.00046,0.15366,0.00853,0.0108699999999999,-0.0023399999999999
631,CVE-2023-5702,2024-03-14,CVE-2023-0437,2025-05-17,6,1.05,0.00052,0.18236,0.0,0.00046,0.14279,0.0,0.0395699999999999,2,0.00052,0.18381,0.00046,0.14445,0.00145,0.0016599999999999,-0.0002099999999999,0.00052,0.19089,0.00046,0.15366,0.00853,0.0108699999999999,-0.0023399999999999
631,CVE-2023-5702,2024-03-14,CVE-2023-36811,2025-04-09,1,0.4500000000000003,0.00052,0.18236,0.0,0.00045,0.12999,0.0,0.05237,3,0.00052,0.18381,0.00045,0.1318,0.00145,0.00181,-0.0003599999999999,0.00052,0.19089,0.00045,0.14098,0.00853,0.01099,-0.0024599999999999
635,CVE-2023-6542,2025-04-16,CVE-2023-34332,2025-05-19,6,0.7000000000000002,0.0002,0.03596,0.0,0.00021,0.04029,0.0,0.00433,1,0.0002,0.03674,0.00021,0.03978,0.00078,-0.0005099999999999,0.0012899999999999,0.00024,0.05073,0.00021,0.04136,0.0147699999999999,0.00107,0.0136999999999999
635,CVE-2023-6542,2025-04-16,CVE-2023-52591,2025-05-20,12,0.7500000000000002,0.0002,0.03596,0.0,0.00013,0.013,0.0,0.02296,2,0.0002,0.03674,0.00013,0.01276,0.00078,-0.0002399999999999,0.00102,0.00024,0.05073,0.00013,0.01299,0.0147699999999999,-9.999999999999593e-06,0.0147799999999999
635,CVE-2023-6542,2025-04-16,CVE-2023-42826,2025-05-25,7,0.7000000000000002,0.0002,0.03596,0.0,0.0003,0.07063,0.0,0.03467,3,0.0002,0.03674,0.0003,0.07065,0.00078,2.0000000000006124e-05,0.0007599999999999,0.00024,0.05073,0.0003,0.07151,0.0147699999999999,0.00088,0.0138899999999999
636,CVE-2023-6710,2024-05-13,CVE-2023-46470,2025-04-11,7,0.05,0.00068,0.29292,0.0,0.00052,0.19527,0.0,0.09765,1,0.00068,0.29547,0.00052,0.19816,0.0025499999999999,0.00289,-0.00034,0.00068,0.29882,0.00052,0.20275,0.0058999999999999,0.00748,-0.00158
636,CVE-2023-6710,2024-05-13,CVE-2023-46471,2025-04-11,8,0.05,0.00068,0.29292,0.0,0.00052,0.19527,0.0,0.09765,2,0.00068,0.29547,0.00052,0.19816,0.0025499999999999,0.00289,-0.00034,0.00068,0.29882,0.00052,0.20275,0.0058999999999999,0.00748,-0.00158
637,CVE-2023-7028,2024-03-14,CVE-2023-30258,2025-04-11,12,0.1999999999999993,0.20153,0.9622,0.0,0.30708,0.96832,0.0,0.0061199999999999,1,0.80716,0.98235,0.30708,0.96844,0.0201499999999998,0.00012,0.0200299999999998,0.80716,0.98264,0.28045,0.96752,0.0204399999999999,-0.0007999999999999,0.0212399999999998
637,CVE-2023-7028,2024-03-14,CVE-2023-40044,2025-04-17,6,0.05,0.20153,0.9622,0.0,0.84134,0.98388,0.0,0.0216799999999999,2,0.80716,0.98235,0.84134,0.98396,0.0201499999999998,7.999999999996898e-05,0.0200699999999999,0.80716,0.98264,0.84074,0.98432,0.0204399999999999,0.0004399999999999,0.0199999999999999
637,CVE-2023-7028,2024-03-14,CVE-2023-41892,2025-04-27,8,0.05,0.20153,0.9622,0.0,0.88564,0.98613,0.0,0.0239299999999998,3,0.80716,0.98235,0.8841,0.98613,0.0201499999999998,0.0,0.0201499999999998,0.80716,0.98264,0.85479,0.98498,0.0204399999999999,-0.0011499999999999,0.0215899999999998
641,CVE-2024-0010,2025-04-14,CVE-2024-26177,2025-05-16,12,1.2500000000000002,0.01321,0.78182,0.0,0.01593,0.80086,0.0,0.01904,1,0.01561,0.80441,0.00576,0.67486,0.02259,-0.126,0.14859,0.01561,0.80501,0.00612,0.68664,0.02319,-0.1142199999999999,0.13741
643,CVE-2024-0114,2025-03-05,CVE-2024-0399,2025-04-16,3,0.05,0.00043,0.11829,0.0,0.00043,0.11829,0.0,0.0,1,0.00043,0.11938,0.00043,0.11938,0.0010899999999999,0.0010899999999999,0.0,0.00013,0.01015,0.04798,0.88512,-0.10814,0.76683,-0.87497
643,CVE-2024-0114,2025-03-05,CVE-2024-22257,2025-05-30,11,0.1499999999999996,0.00043,0.11829,0.0,0.00043,0.11829,0.0,0.0,2,0.00043,0.11938,0.00043,0.11938,0.0010899999999999,0.0010899999999999,0.0,0.00013,0.01015,0.00237,0.44075,-0.10814,0.3224599999999999,-0.4306
643,CVE-2024-0114,2025-03-05,CVE-2024-36623,2025-05-09,6,0.05,0.00043,0.11829,0.0,0.00045,0.18325,0.0,0.0649599999999999,3,0.00043,0.11938,0.00045,0.18372,0.0010899999999999,0.0004699999999999,0.0006199999999999,0.00013,0.01015,0.00097,0.24432,-0.10814,0.06107,-0.16921
646,CVE-2024-0132,2025-03-26,CVE-2024-37051,2025-05-16,8,0.3500000000000007,0.02526,0.83914,0.0,0.0519,0.88851,0.0,0.04937,1,0.04175,0.87661,0.0519,0.88972,0.03747,0.0012099999999999,0.03626,0.03882,0.87616,0.01769,0.81606,0.03702,-0.07245,0.10947
646,CVE-2024-0132,2025-03-26,CVE-2024-21591,2025-05-07,12,0.8500000000000008,0.02526,0.83914,0.0,0.0694,0.90467,0.0,0.0655299999999999,2,0.04175,0.87661,0.0694,0.9057,0.03747,0.0010299999999999,0.03644,0.03882,0.87616,0.23476,0.95602,0.03702,0.05135,-0.0143299999999999
646,CVE-2024-0132,2025-03-26,CVE-2024-31989,2025-05-09,1,0.05,0.02526,0.83914,0.0,0.13648,0.93558,0.0,0.0964399999999999,3,0.04175,0.87661,0.08724,0.9169,0.03747,-0.0186799999999999,0.0561499999999999,0.03882,0.87616,0.02528,0.84549,0.03702,-0.09009,0.12711
647,CVE-2024-0146,2025-01-28,CVE-2024-43085,2025-04-28,12,0.05,0.00043,0.11449,0.0,0.00043,0.11449,0.0,0.0,1,0.00043,0.11479,0.00043,0.11479,0.0003,0.0003,0.0,0.00043,0.11767,0.00043,0.11767,0.00318,0.00318,0.0
647,CVE-2024-0146,2025-01-28,CVE-2024-38193,2025-04-17,7,0.05,0.00043,0.11449,0.0,0.00043,0.11557,0.0,0.00108,2,0.00043,0.11479,0.00043,0.11584,0.0003,0.0002699999999999,3.0000000000016125e-05,0.00043,0.11767,0.00043,0.11875,0.00318,0.0031799999999999,1.3877787807814457e-17
647,CVE-2024-0146,2025-01-28,CVE-2024-53197,2025-02-28,2,0.05,0.00043,0.11449,0.0,0.00044,0.15242,0.0,0.03793,3,0.00043,0.11479,0.00044,0.15263,0.0003,0.0002099999999999,9.000000000002062e-05,0.00043,0.11767,0.00044,0.15633,0.00318,0.0039099999999999,-0.0007299999999999
651,CVE-2024-0179,2025-02-11,CVE-2024-22257,2025-05-30,5,0.05,0.00043,0.11476,1.0,0.00043,0.1146,0.0,0.00016,1,0.00043,0.11678,0.00043,0.11678,0.0020199999999999,0.00218,-0.00016,0.00043,0.11935,0.00043,0.11935,0.0045899999999999,0.00475,-0.00016
652,CVE-2024-0204,2025-04-17,CVE-2024-1709,2025-05-29,11,0.2499999999999992,0.93318,0.99794,0.0,0.94364,0.9995,0.0,0.00156,1,0.93318,0.99794,0.94364,0.99952,0.0,1.999999999990898e-05,-1.999999999990898e-05,0.93318,0.99798,0.94364,0.9995,3.999999999992898e-05,0.0,3.999999999992898e-05
652,CVE-2024-0204,2025-04-17,CVE-2024-29943,2025-05-19,4,0.05,0.93318,0.99794,0.0,0.17035,0.94559,0.0,0.05235,2,0.93318,0.99794,0.17035,0.94564,0.0,4.999999999999449e-05,-4.999999999999449e-05,0.93318,0.99798,0.6321,0.98261,3.999999999992898e-05,0.0370199999999999,-0.03698
654,CVE-2024-0399,2025-04-16,CVE-2024-20698,2025-05-18,4,0.3499999999999998,0.04809,0.88858,0.0,0.17205,0.94593,0.0,0.05735,1,0.01084,0.76638,0.17205,0.94604,-0.1222,0.0001099999999999,-0.12231,0.02076,0.83042,0.17205,0.94631,-0.0581599999999999,0.0003799999999999,-0.0585399999999999
654,CVE-2024-0399,2025-04-16,CVE-2024-20656,2025-05-18,3,0.3499999999999998,0.04809,0.88858,0.0,0.62083,0.98203,0.0,0.0934499999999999,2,0.01084,0.76638,0.62083,0.9821,-0.1222,7.00000000000145e-05,-0.1222700000000001,0.02076,0.83042,0.62165,0.98225,-0.0581599999999999,0.0002199999999999,-0.0583799999999999
655,CVE-2024-0566,2025-04-16,CVE-2024-20698,2025-05-18,7,0.6499999999999997,0.04833,0.88892,0.0,0.17205,0.94593,0.0,0.05701,1,0.0179,0.81706,0.17205,0.94604,-0.07186,0.0001099999999999,-0.0719699999999999,0.01362,0.79157,0.17205,0.94631,-0.09735,0.0003799999999999,-0.0977299999999999
655,CVE-2024-0566,2025-04-16,CVE-2024-12987,2025-05-17,2,0.1499999999999996,0.04833,0.88892,0.0,0.45389,0.97391,0.0,0.08499,2,0.0179,0.81706,0.39116,0.97046,-0.07186,-0.00345,-0.0684099999999999,0.01362,0.79157,0.50366,0.9767,-0.09735,0.0027899999999999,-0.10014
655,CVE-2024-0566,2025-04-16,CVE-2024-20656,2025-05-18,6,0.6499999999999997,0.04833,0.88892,0.0,0.62083,0.98203,0.0,0.0931099999999999,3,0.0179,0.81706,0.62083,0.9821,-0.07186,7.00000000000145e-05,-0.07193,0.01362,0.79157,0.62165,0.98225,-0.09735,0.0002199999999999,-0.09757
658,CVE-2024-0875,2024-11-15,CVE-2024-5920,2025-05-01,4,0.05,0.00043,0.10187,1.0,0.00043,0.10163,0.0,0.00024,1,0.01923,0.89054,0.00043,0.1032,0.78867,0.00157,0.7871,0.01923,0.89099,0.00043,0.10939,0.7891199999999999,0.00776,0.7813599999999999
658,CVE-2024-0875,2024-11-15,CVE-2024-32473,2025-05-09,6,0.1499999999999996,0.00043,0.10187,1.0,0.00043,0.10163,0.0,0.00024,2,0.01923,0.89054,0.00043,0.1032,0.78867,0.00157,0.7871,0.01923,0.89099,0.00043,0.10939,0.7891199999999999,0.00776,0.7813599999999999
658,CVE-2024-0875,2024-11-15,CVE-2024-43803,2025-05-09,9,0.1500000000000005,0.00043,0.10187,1.0,0.00044,0.11497,0.0,0.0131,3,0.01923,0.89054,0.00044,0.11651,0.78867,0.0015399999999999,0.78713,0.01923,0.89099,0.00044,0.12271,0.7891199999999999,0.0077399999999999,0.78138
659,CVE-2024-10044,2024-12-30,CVE-2024-23346,2025-04-15,4,0.05,0.00043,0.10957,1.0,0.00045,0.17483,0.0,0.06526,1,0.00043,0.11007,0.00045,0.17518,0.0005,0.0003499999999999,0.00015,0.00043,0.11437,0.00045,0.1784,0.0047999999999999,0.0035699999999999,0.00123
665,CVE-2024-10205,2024-12-17,CVE-2024-23346,2025-04-15,9,0.1499999999999996,0.00043,0.10859,0.0,0.00045,0.17398,0.0,0.0653899999999999,1,0.00043,0.10912,0.00045,0.17362,0.0005299999999999,-0.0003599999999999,0.0008899999999999,0.00043,0.11287,0.00045,0.17671,0.0042799999999999,0.00273,0.0015499999999999
669,CVE-2024-10338,2024-10-30,CVE-2024-32879,2025-05-11,11,0.2500000000000001,0.00045,0.1668,0.0,0.00045,0.1668,0.0,0.0,1,0.00061,0.27252,0.00045,0.16747,0.1057199999999999,0.00067,0.1050499999999999,0.00061,0.27644,0.00045,0.17248,0.10964,0.0056799999999999,0.10396
669,CVE-2024-10338,2024-10-30,CVE-2024-7347,2025-05-17,3,0.05,0.00045,0.1668,0.0,0.00044,0.1375,0.0,0.0292999999999999,2,0.00061,0.27252,0.00044,0.13864,0.1057199999999999,0.00114,0.1045799999999999,0.00061,0.27644,0.00044,0.14303,0.10964,0.0055299999999999,0.10411
669,CVE-2024-10338,2024-10-30,CVE-2024-43803,2025-05-09,10,0.2500000000000001,0.00045,0.1668,0.0,0.00044,0.11229,0.0,0.05451,3,0.00061,0.27252,0.00044,0.11343,0.1057199999999999,0.00114,0.1045799999999999,0.00061,0.27644,0.00044,0.11778,0.10964,0.0054899999999999,0.10415
670,CVE-2024-10349,2024-10-30,CVE-2024-50050,2025-04-29,10,0.05,0.00045,0.1668,0.0,0.00043,0.09909,0.0,0.06771,1,0.00063,0.28161,0.00043,0.10007,0.11481,0.00098,0.11383,0.00063,0.28546,0.00043,0.10441,0.1186599999999999,0.00532,0.1133399999999999
670,CVE-2024-10349,2024-10-30,CVE-2024-24795,2025-05-17,11,0.05,0.00045,0.1668,0.0,0.00043,0.09909,0.0,0.06771,2,0.00063,0.28161,0.00043,0.10007,0.11481,0.00098,0.11383,0.00063,0.28546,0.00043,0.10441,0.1186599999999999,0.00532,0.1133399999999999
681,CVE-2024-10525,2025-04-17,CVE-2024-42509,2025-05-23,6,0.05,0.00168,0.39022,0.0,0.00246,0.47957,0.0,0.0893499999999999,1,0.00129,0.33791,0.00246,0.47911,-0.05231,-0.00046,-0.05185,0.00168,0.38994,0.00246,0.47988,-0.00028,0.0003099999999999,-0.0005899999999999
681,CVE-2024-10525,2025-04-17,CVE-2024-47460,2025-05-23,12,0.8500000000000008,0.00168,0.39022,0.0,0.00102,0.29439,0.0,0.09583,2,0.00129,0.33791,0.00102,0.29373,-0.05231,-0.0006599999999999,-0.05165,0.00168,0.38994,0.00102,0.29376,-0.00028,-0.0006299999999999,0.0003499999999999
689,CVE-2024-10644,2025-02-11,CVE-2024-30896,2025-04-08,11,0.05,0.00043,0.11476,1.0,0.00043,0.1146,0.0,0.00016,1,0.00043,0.11678,0.00043,0.11678,0.0020199999999999,0.00218,-0.00016,0.00043,0.11935,0.00043,0.11935,0.0045899999999999,0.00475,-0.00016
689,CVE-2024-10644,2025-02-11,CVE-2024-53537,2025-04-14,12,0.05,0.00043,0.11476,1.0,0.00044,0.1262,0.0,0.01144,2,0.00043,0.11678,0.00044,0.12846,0.0020199999999999,0.0022599999999999,-0.0002399999999999,0.00043,0.11935,0.00043,0.11935,0.0045899999999999,-0.00685,0.01144
695,CVE-2024-10773,2024-12-06,CVE-2024-35540,2025-04-10,10,0.05,0.00044,0.11931,1.0,0.0005,0.2092,0.0,0.08989,1,0.00044,0.12177,0.0005,0.21239,0.00246,0.0031899999999999,-0.0007299999999999,0.00044,0.11979,0.0005,0.21091,0.0004799999999999,0.0017099999999999,-0.0012299999999999
707,CVE-2024-10929,2025-01-22,CVE-2024-55889,2025-04-16,4,0.2499999999999992,0.00043,0.11403,1.0,0.00043,0.11371,0.0,0.00032,1,0.00043,0.11437,0.00043,0.11437,0.0003399999999999,0.0006599999999999,-0.00032,0.00043,0.11722,0.00043,0.11722,0.0031899999999999,0.0035099999999999,-0.00032
707,CVE-2024-10929,2025-01-22,CVE-2024-44762,2025-04-03,9,0.2500000000000001,0.00043,0.11403,1.0,0.00043,0.11371,0.0,0.00032,2,0.00043,0.11437,0.00043,0.11437,0.0003399999999999,0.0006599999999999,-0.00032,0.00043,0.11722,0.00043,0.11722,0.0031899999999999,0.0035099999999999,-0.00032
707,CVE-2024-10929,2025-01-22,CVE-2024-43803,2025-05-09,5,0.2499999999999992,0.00043,0.11403,1.0,0.00044,0.12307,0.0,0.0090399999999999,3,0.00043,0.11437,0.00044,0.12373,0.0003399999999999,0.00066,-0.00032,0.00043,0.11722,0.00044,0.12632,0.0031899999999999,0.0032499999999999,-5.9999999999990616e-05
714,CVE-2024-10960,2025-02-12,CVE-2024-41110,2025-05-09,2,0.05,0.0005,0.21575,1.0,0.00045,0.16382,0.0,0.05193,1,0.0005,0.21771,0.00045,0.16608,0.0019599999999999,0.00226,-0.0003,0.0005,0.22174,0.00045,0.16971,0.0059899999999999,0.00589,9.9999999999989e-05
717,CVE-2024-11004,2024-11-12,CVE-2024-42831,2025-04-02,4,0.05,0.00043,0.101,1.0,0.00045,0.16845,0.0,0.0674499999999999,1,0.00043,0.10196,0.00045,0.16969,0.0009599999999999,0.00124,-0.00028,0.00043,0.10812,0.00045,0.17698,0.0071199999999999,0.00853,-0.00141
717,CVE-2024-11004,2024-11-12,CVE-2024-43687,2025-04-04,5,0.05,0.00043,0.101,1.0,0.00046,0.18251,0.0,0.08151,2,0.00043,0.10196,0.00046,0.18372,0.0009599999999999,0.0012099999999999,-0.00025,0.00043,0.10812,0.00046,0.19034,0.0071199999999999,0.00783,-0.00071
717,CVE-2024-11004,2024-11-12,CVE-2024-37732,2025-04-09,6,0.05,0.00043,0.101,1.0,0.00046,0.18251,0.0,0.08151,3,0.00043,0.10196,0.00046,0.18372,0.0009599999999999,0.0012099999999999,-0.00025,0.00043,0.10812,0.00046,0.19034,0.0071199999999999,0.00783,-0.00071
729,CVE-2024-11053,2024-12-11,CVE-2024-12483,2025-04-18,9,0.3500000000000002,0.00045,0.17698,1.0,0.00045,0.17698,1.0,0.0,1,0.00045,0.17327,0.00292,0.68701,-0.0037099999999999,0.51003,-0.51374,0.00045,0.17533,0.00292,0.68877,-0.0016499999999999,0.51179,-0.5134399999999999
729,CVE-2024-11053,2024-12-11,CVE-2024-45310,2025-04-23,4,0.2500000000000001,0.00045,0.17698,1.0,0.00045,0.17645,0.0,0.00053,2,0.00045,0.17327,0.00045,0.17327,-0.0037099999999999,-0.0031799999999999,-0.00053,0.00045,0.17533,0.00045,0.17533,-0.0016499999999999,-0.0011199999999999,-0.00053
729,CVE-2024-11053,2024-12-11,CVE-2024-6501,2025-05-17,7,0.3499999999999998,0.00045,0.17698,1.0,0.00045,0.17645,0.0,0.00053,3,0.00045,0.17327,0.00045,0.17327,-0.0037099999999999,-0.0031799999999999,-0.00053,0.00045,0.17533,0.00045,0.17533,-0.0016499999999999,-0.0011199999999999,-0.00053
735,CVE-2024-11087,2025-03-08,CVE-2024-42057,2025-05-13,6,0.05,0.00091,0.4122,1.0,0.0009,0.40699,0.0,0.0052099999999999,1,0.00091,0.41291,0.0009,0.40748,0.0007099999999999,0.0004899999999999,0.0002199999999999,0.00095,0.24169,0.02596,0.84336,-0.17051,0.43637,-0.60688
735,CVE-2024-11087,2025-03-08,CVE-2024-53961,2025-04-17,3,0.05,0.00091,0.4122,1.0,0.00095,0.42394,0.0,0.0117399999999999,2,0.00091,0.41291,0.00095,0.42456,0.0007099999999999,0.00062,8.999999999997899e-05,0.00095,0.24169,0.00098,0.24601,-0.17051,-0.1779299999999999,0.0074199999999999
754,CVE-2024-11284,2025-03-14,CVE-2024-21894,2025-04-17,11,0.05,0.00091,0.41292,0.0,0.00105,0.45069,0.0,0.0377699999999999,1,0.00062,0.16563,0.25881,0.95829,-0.24729,0.5076,-0.7548900000000001,0.00066,0.17497,0.25881,0.95842,-0.23795,0.50773,-0.74568
754,CVE-2024-11284,2025-03-14,CVE-2024-10525,2025-04-17,1,0.0,0.00091,0.41292,0.0,0.00068,0.33026,0.0,0.08266,2,0.00062,0.16563,0.00174,0.35888,-0.24729,0.0286199999999999,-0.27591,0.00066,0.17497,0.00168,0.34814,-0.23795,0.01788,-0.25583
755,CVE-2024-11285,2025-03-14,CVE-2024-21894,2025-04-17,11,0.05,0.00091,0.41292,0.0,0.00105,0.45069,0.0,0.0377699999999999,1,0.00066,0.17471,0.25881,0.95829,-0.23821,0.5076,-0.7458100000000001,0.00066,0.17497,0.25881,0.95842,-0.23795,0.50773,-0.74568
755,CVE-2024-11285,2025-03-14,CVE-2024-10525,2025-04-17,1,0.0,0.00091,0.41292,0.0,0.00068,0.33026,0.0,0.08266,2,0.00066,0.17471,0.00174,0.35888,-0.23821,0.0286199999999999,-0.26683,0.00066,0.17497,0.00168,0.34814,-0.23795,0.01788,-0.25583
756,CVE-2024-11286,2025-03-14,CVE-2024-21894,2025-04-17,11,0.05,0.00091,0.41292,0.0,0.00105,0.45069,0.0,0.0377699999999999,1,0.0011,0.2649,0.25881,0.95829,-0.1480199999999999,0.5076,-0.6556200000000001,0.00152,0.32691,0.25881,0.95842,-0.08601,0.50773,-0.59374
756,CVE-2024-11286,2025-03-14,CVE-2024-10525,2025-04-17,1,0.0,0.00091,0.41292,0.0,0.00068,0.33026,0.0,0.08266,2,0.0011,0.2649,0.00174,0.35888,-0.1480199999999999,0.0286199999999999,-0.1766399999999999,0.00152,0.32691,0.00168,0.34814,-0.08601,0.01788,-0.10389
759,CVE-2024-11299,2025-04-23,CVE-2024-46687,2025-05-26,5,2.75,0.00038,0.1072,0.0,0.00043,0.12832,0.0,0.0211199999999999,1,0.0005,0.15568,0.00043,0.12869,0.04848,0.00037,0.04811,0.00073,0.23062,0.00044,0.1331,0.1234199999999999,0.00478,0.1186399999999999
759,CVE-2024-11299,2025-04-23,CVE-2024-39338,2025-05-27,4,2.45,0.00038,0.1072,0.0,0.00026,0.05352,0.0,0.05368,2,0.0005,0.15568,0.00029,0.06537,0.04848,0.01185,0.03663,0.00073,0.23062,0.0003,0.06846,0.1234199999999999,0.0149399999999999,0.10848
766,CVE-2024-11319,2024-11-18,CVE-2024-45310,2025-04-23,2,0.2499999999999997,0.00045,0.16969,1.0,0.00045,0.16947,0.0,0.0002199999999999,1,0.00058,0.2563,0.00045,0.17142,0.0866099999999999,0.0019499999999999,0.0846599999999999,0.00058,0.26275,0.00045,0.17327,0.0930599999999999,0.0037999999999999,0.0892599999999999
766,CVE-2024-11319,2024-11-18,CVE-2024-6501,2025-05-17,9,0.7499999999999998,0.00045,0.16969,1.0,0.00045,0.16947,0.0,0.0002199999999999,2,0.00058,0.2563,0.00045,0.17142,0.0866099999999999,0.0019499999999999,0.0846599999999999,0.00058,0.26275,0.00045,0.17327,0.0930599999999999,0.0037999999999999,0.0892599999999999
766,CVE-2024-11319,2024-11-18,CVE-2024-8925,2025-04-10,7,0.7499999999999998,0.00045,0.16969,1.0,0.00046,0.18346,0.0,0.01377,3,0.00058,0.2563,0.00046,0.18557,0.0866099999999999,0.00211,0.0844999999999999,0.00058,0.26275,0.00046,0.18831,0.0930599999999999,0.0048499999999999,0.0882099999999999
771,CVE-2024-11392,2025-04-16,CVE-2024-20656,2025-05-18,10,1.050000000000001,0.32492,0.96542,0.0,0.62083,0.98203,0.0,0.01661,1,0.33774,0.96662,0.62083,0.9821,0.0012,7.00000000000145e-05,0.00113,0.33774,0.96701,0.62165,0.98225,0.00159,0.0002199999999999,0.00137
771,CVE-2024-11392,2025-04-16,CVE-2024-20698,2025-05-18,11,1.050000000000001,0.32492,0.96542,0.0,0.17205,0.94593,0.0,0.0194899999999998,2,0.33774,0.96662,0.17205,0.94604,0.0012,0.0001099999999999,0.0010900000000001,0.33774,0.96701,0.17205,0.94631,0.00159,0.0003799999999999,0.0012100000000001
787,CVE-2024-11638,2025-03-10,CVE-2024-7297,2025-05-19,11,0.05,0.00043,0.11882,1.0,0.00043,0.1187,0.0,0.0001199999999999,1,0.00039,0.08713,0.00171,0.35948,-0.0316899999999999,0.24078,-0.27247,0.00039,0.08626,0.00198,0.39097,-0.0325599999999999,0.27227,-0.30483
789,CVE-2024-11640,2025-03-08,CVE-2024-4058,2025-04-17,8,0.05,0.00058,0.27279,1.0,0.00058,0.27382,0.0,0.00103,1,0.00058,0.27364,0.00058,0.27469,0.00085,0.0008699999999999,-1.999999999996449e-05,0.00061,0.16197,0.00562,0.65811,-0.1108199999999999,0.3842899999999999,-0.4951099999999999
789,CVE-2024-11640,2025-03-08,CVE-2024-39304,2025-04-09,4,0.05,0.00058,0.27279,1.0,0.0005,0.22138,0.0,0.0514099999999999,2,0.00058,0.27364,0.0005,0.22185,0.00085,0.0004699999999999,0.00038,0.00061,0.16197,0.20878,0.95144,-0.1108199999999999,0.7300599999999999,-0.8408799999999998
789,CVE-2024-11640,2025-03-08,CVE-2024-38814,2025-04-17,7,0.05,0.00058,0.27279,1.0,0.00069,0.3328,0.0,0.06001,3,0.00058,0.27364,0.00069,0.33363,0.00085,0.0008299999999999,2.000000000002e-05,0.00061,0.16197,0.00618,0.67622,-0.1108199999999999,0.34342,-0.45424
793,CVE-2024-11680,2025-04-14,CVE-2024-1709,2025-05-29,12,0.2499999999999992,0.93334,0.9981,0.0,0.94123,0.99903,0.0,0.0009299999999999,1,0.92747,0.99732,0.94364,0.99951,-0.00078,0.00048,-0.00126,0.93609,0.99825,0.94364,0.9995,0.0001499999999999,0.00047,-0.00032
793,CVE-2024-11680,2025-04-14,CVE-2024-29943,2025-05-19,4,0.05,0.93334,0.9981,0.0,0.23938,0.95586,0.0,0.0422399999999999,2,0.92747,0.99732,0.17035,0.94562,-0.00078,-0.01024,0.00946,0.93609,0.99825,0.59083,0.98082,0.0001499999999999,0.0249599999999999,-0.02481
793,CVE-2024-11680,2025-04-14,CVE-2024-5274,2025-05-16,10,0.200000000000001,0.93334,0.9981,0.0,0.17325,0.94527,0.0,0.0528299999999999,3,0.92747,0.99732,0.01117,0.76984,-0.00078,-0.17543,0.17465,0.93609,0.99825,0.01747,0.81542,0.0001499999999999,-0.12985,0.13
810,CVE-2024-11951,2025-03-05,CVE-2024-10525,2025-04-17,4,0.0,0.00091,0.41197,1.0,0.00068,0.32912,0.0,0.0828499999999999,1,0.00091,0.41281,0.00068,0.33005,0.00084,0.0009299999999999,-8.999999999997899e-05,0.00064,0.17182,0.00194,0.38532,-0.24015,0.0561999999999999,-0.29635
811,CVE-2024-11954,2025-04-14,CVE-2024-7347,2025-05-17,9,2.6,0.00045,0.10535,0.0,0.00053,0.13529,0.0,0.0299399999999999,1,0.00983,0.75554,0.00054,0.16951,0.65019,0.03422,0.61597,0.00983,0.75613,0.001,0.28935,0.6507799999999999,0.15406,0.4967199999999999
811,CVE-2024-11954,2025-04-14,CVE-2024-6381,2025-05-17,4,1.9,0.00045,0.10535,0.0,0.00063,0.16595,0.0,0.0605999999999999,2,0.00983,0.75554,0.00045,0.13627,0.65019,-0.0296799999999999,0.67987,0.00983,0.75613,0.00072,0.22698,0.6507799999999999,0.06103,0.5897499999999999
811,CVE-2024-11954,2025-04-14,CVE-2024-0131,2025-05-17,8,2.3000000000000003,0.00045,0.10535,0.0,0.00022,0.0348,0.0,0.07055,3,0.00983,0.75554,0.00022,0.04384,0.65019,0.00904,0.64115,0.00983,0.75613,0.00022,0.04444,0.6507799999999999,0.00964,0.6411399999999999
812,CVE-2024-11956,2025-04-14,CVE-2024-43799,2025-05-17,4,0.3499999999999998,4e-05,0.00122,0.0,0.00017,0.02,0.0,0.01878,1,5e-05,0.00213,0.00025,0.05173,0.00091,0.0317299999999999,-0.0308199999999999,5e-05,0.0021,0.00025,0.05324,0.0008799999999999,0.03324,-0.03236
812,CVE-2024-11956,2025-04-14,CVE-2024-0131,2025-05-17,3,0.3499999999999998,4e-05,0.00122,0.0,0.00022,0.0348,0.0,0.03358,2,5e-05,0.00213,0.00022,0.04384,0.00091,0.00904,-0.00813,5e-05,0.0021,0.00022,0.04444,0.0008799999999999,0.00964,-0.00876
824,CVE-2024-12035,2025-03-07,CVE-2024-39304,2025-04-09,5,0.05,0.00049,0.21847,1.0,0.0005,0.22131,0.0,0.00284,1,0.00049,0.21882,0.0005,0.22174,0.0003499999999999,0.0004299999999999,-7.999999999999674e-05,0.00305,0.5088,0.20878,0.95143,0.29033,0.73012,-0.4397899999999999
824,CVE-2024-12035,2025-03-07,CVE-2024-4058,2025-04-17,9,0.05,0.00049,0.21847,1.0,0.00058,0.27376,0.0,0.05529,2,0.00049,0.21882,0.00058,0.27458,0.0003499999999999,0.0008199999999999,-0.0004699999999999,0.00305,0.5088,0.00562,0.65809,0.29033,0.3843299999999999,-0.0939999999999999
827,CVE-2024-12058,2025-02-11,CVE-2024-54147,2025-04-23,5,0.05,0.00043,0.11476,1.0,0.00043,0.1146,0.0,0.00016,1,0.00043,0.11678,0.00043,0.11678,0.0020199999999999,0.00218,-0.00016,0.00043,0.11935,0.00043,0.11935,0.0045899999999999,0.00475,-0.00016
827,CVE-2024-12058,2025-02-11,CVE-2024-20109,2025-05-07,8,0.1499999999999996,0.00043,0.11476,1.0,0.00043,0.1146,0.0,0.00016,2,0.00043,0.11678,0.00043,0.11678,0.0020199999999999,0.00218,-0.00016,0.00043,0.11935,0.00043,0.11935,0.0045899999999999,0.00475,-0.00016
827,CVE-2024-12058,2025-02-11,CVE-2024-20054,2025-05-07,10,0.2500000000000001,0.00043,0.11476,1.0,0.00043,0.1146,0.0,0.00016,3,0.00043,0.11678,0.00043,0.11678,0.0020199999999999,0.00218,-0.00016,0.00043,0.11935,0.00043,0.11935,0.0045899999999999,0.00475,-0.00016
830,CVE-2024-12085,2025-01-23,CVE-2024-44911,2025-04-11,12,0.05,0.00045,0.17742,0.0,0.00045,0.18218,0.0,0.00476,1,0.00044,0.15225,0.00045,0.18271,-0.0251699999999999,0.00053,-0.0257,0.00046,0.19559,0.00045,0.18454,0.01817,0.00236,0.01581
830,CVE-2024-12085,2025-01-23,CVE-2024-44910,2025-04-11,11,0.05,0.00045,0.17742,0.0,0.00046,0.18334,0.0,0.00592,2,0.00044,0.15225,0.00046,0.18387,-0.0251699999999999,0.00053,-0.0257,0.00046,0.19559,0.00046,0.18565,0.01817,0.00231,0.01586
830,CVE-2024-12085,2025-01-23,CVE-2024-35057,2025-04-11,7,0.05,0.00045,0.17742,0.0,0.00043,0.11403,0.0,0.0633899999999999,3,0.00044,0.15225,0.00043,0.11435,-0.0251699999999999,0.0003199999999999,-0.0254899999999999,0.00046,0.19559,0.00043,0.11726,0.01817,0.0032299999999999,0.01494
831,CVE-2024-12086,2025-01-23,CVE-2024-42831,2025-04-02,1,0.05,0.00045,0.17742,0.0,0.00045,0.17742,0.0,0.0,1,0.00045,0.178,0.00045,0.178,0.0005799999999999,0.0005799999999999,0.0,0.00045,0.17964,0.00045,0.17964,0.0022199999999999,0.0022199999999999,0.0
831,CVE-2024-12086,2025-01-23,CVE-2024-50861,2025-04-14,4,0.05,0.00045,0.17742,0.0,0.00045,0.17742,0.0,0.0,2,0.00045,0.178,0.00045,0.178,0.0005799999999999,0.0005799999999999,0.0,0.00045,0.17964,0.00045,0.17964,0.0022199999999999,0.0022199999999999,0.0
831,CVE-2024-12086,2025-01-23,CVE-2024-43687,2025-04-04,2,0.05,0.00045,0.17742,0.0,0.00046,0.1923,0.0,0.01488,3,0.00045,0.178,0.00046,0.19285,0.0005799999999999,0.0005499999999999,3.0000000000002247e-05,0.00045,0.17964,0.00046,0.19478,0.0022199999999999,0.00248,-0.00026
832,CVE-2024-12087,2025-01-23,CVE-2024-12342,2025-04-17,6,0.05,0.00045,0.17742,0.0,0.00045,0.17742,0.0,0.0,1,0.00045,0.178,0.00045,0.178,0.0005799999999999,0.0005799999999999,0.0,0.00045,0.17964,0.00045,0.17964,0.0022199999999999,0.0022199999999999,0.0
832,CVE-2024-12087,2025-01-23,CVE-2024-3935,2025-04-17,7,0.05,0.00045,0.17742,0.0,0.00045,0.17742,0.0,0.0,2,0.00045,0.178,0.00051,0.22748,0.0005799999999999,0.0500599999999999,-0.0494799999999999,0.00045,0.17964,0.00051,0.22958,0.0022199999999999,0.05216,-0.04994
832,CVE-2024-12087,2025-01-23,CVE-2024-36620,2025-05-09,10,0.05,0.00045,0.17742,0.0,0.00045,0.17742,0.0,0.0,3,0.00045,0.178,0.00045,0.178,0.0005799999999999,0.0005799999999999,0.0,0.00045,0.17964,0.00045,0.17964,0.0022199999999999,0.0022199999999999,0.0
833,CVE-2024-12088,2025-01-23,CVE-2024-12342,2025-04-17,6,0.05,0.00045,0.17742,0.0,0.00045,0.17742,0.0,0.0,1,0.00045,0.178,0.00045,0.178,0.0005799999999999,0.0005799999999999,0.0,0.00045,0.17964,0.00045,0.17964,0.0022199999999999,0.0022199999999999,0.0
833,CVE-2024-12088,2025-01-23,CVE-2024-3935,2025-04-17,7,0.05,0.00045,0.17742,0.0,0.00045,0.17742,0.0,0.0,2,0.00045,0.178,0.00051,0.22748,0.0005799999999999,0.0500599999999999,-0.0494799999999999,0.00045,0.17964,0.00051,0.22958,0.0022199999999999,0.05216,-0.04994
833,CVE-2024-12088,2025-01-23,CVE-2024-36620,2025-05-09,10,0.05,0.00045,0.17742,0.0,0.00045,0.17742,0.0,0.0,3,0.00045,0.178,0.00045,0.178,0.0005799999999999,0.0005799999999999,0.0,0.00045,0.17964,0.00045,0.17964,0.0022199999999999,0.0022199999999999,0.0
838,CVE-2024-12097,2025-03-05,CVE-2024-10525,2025-04-17,4,0.0,0.00091,0.41197,1.0,0.00068,0.32912,0.0,0.0828499999999999,1,0.00091,0.41281,0.00068,0.33005,0.00084,0.0009299999999999,-8.999999999997899e-05,0.0004,0.09098,0.00194,0.38532,-0.32099,0.0561999999999999,-0.3771899999999999
839,CVE-2024-12106,2024-12-31,CVE-2024-23346,2025-04-15,4,0.1499999999999996,0.00043,0.10983,1.0,0.00045,0.17483,0.0,0.065,1,0.00048,0.197,0.00045,0.17528,0.08717,0.0004499999999999,0.08672,0.00048,0.20063,0.00045,0.17846,0.0908,0.0036299999999999,0.08717
844,CVE-2024-12144,2025-03-06,CVE-2024-10525,2025-04-17,4,0.0,0.00091,0.41223,1.0,0.00068,0.32924,0.0,0.08299,1,0.00091,0.41287,0.00068,0.33014,0.00064,0.0009,-0.0002599999999999,0.0004,0.09129,0.00194,0.38558,-0.32094,0.05634,-0.37728
855,CVE-2024-12281,2025-03-05,CVE-2024-10525,2025-04-17,4,0.0,0.00091,0.41197,1.0,0.00068,0.32912,0.0,0.0828499999999999,1,0.00091,0.41281,0.00068,0.33005,0.00084,0.0009299999999999,-8.999999999997899e-05,0.00064,0.17182,0.00194,0.38532,-0.24015,0.0561999999999999,-0.29635
859,CVE-2024-12295,2025-03-19,CVE-2024-43201,2025-05-04,4,0.05,0.00039,0.08419,0.0,0.00056,0.14491,0.0,0.06072,1,0.0004,0.08811,0.00056,0.1439,0.0039199999999999,-0.00101,0.00493,0.0004,0.11665,0.00039,0.11011,0.03246,-0.0348,0.06726
864,CVE-2024-1234,2025-04-05,CVE-2024-6485,2025-05-17,3,0.05,0.00226,0.42613,0.0,0.00235,0.43761,0.0,0.0114799999999999,1,0.01776,0.81152,0.00312,0.51484,0.38539,0.0772299999999999,0.30816,0.02007,0.82682,0.00042,0.12367,0.40069,-0.31394,0.71463
864,CVE-2024-1234,2025-04-05,CVE-2024-6531,2025-05-17,4,0.05,0.00226,0.42613,0.0,0.00235,0.43761,0.0,0.0114799999999999,2,0.01776,0.81152,0.00312,0.51484,0.38539,0.0772299999999999,0.30816,0.02007,0.82682,0.00037,0.10204,0.40069,-0.33557,0.7362599999999999
865,CVE-2024-12342,2025-04-17,CVE-2024-29073,2025-05-18,9,1.2500000000000002,0.00098,0.2867,0.0,0.00133,0.34348,0.0,0.05678,1,0.01196,0.77726,0.00133,0.34296,0.4905599999999999,-0.00052,0.4910799999999999,0.00912,0.74672,0.00144,0.35879,0.46002,0.0153099999999999,0.44471
866,CVE-2024-12344,2025-04-17,CVE-2024-39338,2025-05-27,11,1.5000000000000002,0.00028,0.06224,0.0,0.00026,0.05456,0.0,0.0076799999999999,1,0.00927,0.74799,0.00026,0.05367,0.6857500000000001,-0.0008899999999999,0.68664,0.00548,0.66716,0.00032,0.07833,0.60492,0.02377,0.58115
866,CVE-2024-12344,2025-04-17,CVE-2024-26626,2025-05-20,5,0.8499999999999999,0.00028,0.06224,0.0,0.00016,0.02357,0.0,0.0386699999999999,2,0.00927,0.74799,0.00016,0.0234,0.6857500000000001,-0.00017,0.6859200000000001,0.00548,0.66716,0.00018,0.02905,0.60492,0.0054799999999999,0.59944
866,CVE-2024-12344,2025-04-17,CVE-2024-26627,2025-05-20,6,0.8499999999999999,0.00028,0.06224,0.0,0.00013,0.01302,0.0,0.04922,3,0.00927,0.74799,0.00013,0.013,0.6857500000000001,-2.000000000000092e-05,0.6857700000000001,0.00548,0.66716,0.00013,0.01306,0.60492,4.0000000000000105e-05,0.60488
869,CVE-2024-12368,2025-02-25,CVE-2024-0399,2025-04-16,5,0.05,0.00043,0.11771,3.0,0.00043,0.11716,0.0,0.0005499999999999,1,0.0005,0.22092,0.00043,0.11827,0.10321,0.0011099999999999,0.1021,0.00029,0.04991,0.11651,0.92627,-0.0678,0.80911,-0.87691
869,CVE-2024-12368,2025-02-25,CVE-2024-36623,2025-05-09,8,0.05,0.00043,0.11771,3.0,0.00045,0.17956,0.0,0.06185,2,0.0005,0.22092,0.00045,0.18319,0.10321,0.0036299999999999,0.09958,0.00029,0.04991,0.0007,0.18295,-0.0678,0.00339,-0.07119
872,CVE-2024-12386,2025-02-12,CVE-2024-36623,2025-05-09,12,0.05,0.00051,0.22801,1.0,0.00045,0.17783,0.0,0.05018,1,0.00051,0.22979,0.00045,0.17984,0.00178,0.00201,-0.00023,0.00052,0.23964,0.00045,0.18392,0.01163,0.00609,0.0055399999999999
875,CVE-2024-12431,2025-01-08,CVE-2024-46528,2025-03-27,1,0.05,0.00045,0.17502,1.0,0.00045,0.17541,0.0,0.00039,1,0.00045,0.17612,0.00045,0.17612,0.0010999999999999,0.0007099999999999,0.00039,0.00045,0.17818,0.00045,0.17818,0.0031599999999999,0.0027699999999999,0.00039
875,CVE-2024-12431,2025-01-08,CVE-2024-12955,2025-04-17,4,0.05,0.00045,0.17502,1.0,0.00045,0.17541,0.0,0.00039,2,0.00045,0.17612,0.00045,0.17612,0.0010999999999999,0.0007099999999999,0.00039,0.00045,0.17818,0.00045,0.17818,0.0031599999999999,0.0027699999999999,0.00039
875,CVE-2024-12431,2025-01-08,CVE-2024-56378,2025-05-17,8,0.05,0.00045,0.17502,1.0,0.00045,0.17541,0.0,0.00039,3,0.00045,0.17612,0.00045,0.17612,0.0010999999999999,0.0007099999999999,0.00039,0.00045,0.17818,0.00045,0.17818,0.0031599999999999,0.0027699999999999,0.00039
879,CVE-2024-12483,2025-04-18,CVE-2024-39338,2025-05-27,9,4.1,0.00027,0.0595,0.0,0.00026,0.05445,0.0,0.0050499999999999,1,0.0097,0.75392,0.00029,0.06645,0.69442,0.0119999999999999,0.68242,0.00432,0.61622,0.0003,0.06937,0.55672,0.01492,0.5418
879,CVE-2024-12483,2025-04-18,CVE-2024-26626,2025-05-20,2,2.1,0.00027,0.0595,0.0,0.00016,0.02347,0.0,0.0360299999999999,2,0.0097,0.75392,0.00016,0.0233,0.69442,-0.00017,0.69459,0.00432,0.61622,0.00018,0.02893,0.55672,0.00546,0.55126
879,CVE-2024-12483,2025-04-18,CVE-2024-26627,2025-05-20,3,2.1,0.00027,0.0595,0.0,0.00013,0.01301,0.0,0.04649,3,0.0097,0.75392,0.00013,0.01295,0.69442,-6.000000000000103e-05,0.69448,0.00432,0.61622,0.00013,0.01298,0.55672,-3.0000000000000512e-05,0.55675
882,CVE-2024-12544,2025-03-01,CVE-2024-9054,2025-04-04,7,0.05,0.00056,0.26544,1.0,0.00064,0.30805,0.0,0.0426099999999999,1,0.00056,0.2667,0.00064,0.3092,0.0012599999999999,0.0011499999999999,0.0001099999999999,0.0023,0.42862,0.00952,0.74326,0.16318,0.43521,-0.27203
882,CVE-2024-12544,2025-03-01,CVE-2024-39304,2025-04-09,10,0.05,0.00056,0.26544,1.0,0.0005,0.22021,0.0,0.04523,2,0.00056,0.2667,0.0005,0.22138,0.0012599999999999,0.00117,8.999999999997899e-05,0.0023,0.42862,0.20878,0.95137,0.16318,0.73116,-0.56798
882,CVE-2024-12544,2025-03-01,CVE-2024-48827,2025-04-06,8,0.05,0.00056,0.26544,1.0,0.00045,0.18245,0.0,0.08299,3,0.00056,0.2667,0.00045,0.1835,0.0012599999999999,0.0010499999999999,0.0002099999999999,0.0023,0.42862,0.00531,0.64626,0.16318,0.4638099999999999,-0.3006299999999999
883,CVE-2024-12556,2025-04-08,CVE-2024-29944,2025-05-19,11,0.3499999999999989,0.00038,0.08426,1.0,0.00066,0.17674,0.0,0.09248,1,0.00039,0.10848,0.00102,0.29303,0.0242199999999999,0.11629,-0.09207,0.00039,0.11057,0.00729,0.7141,0.02631,0.53736,-0.51105
885,CVE-2024-12563,2025-03-18,CVE-2024-43201,2025-05-04,4,0.05,0.00075,0.19791,1.0,0.00056,0.14893,0.0,0.0489799999999999,1,0.00073,0.19288,0.00056,0.14397,-0.00503,-0.00496,-6.999999999998674e-05,0.00097,0.28417,0.00039,0.1094,0.0862599999999999,-0.03953,0.1257899999999999
885,CVE-2024-12563,2025-03-18,CVE-2024-21113,2025-05-01,3,0.05,0.00075,0.19791,1.0,0.0012,0.28538,0.0,0.08747,2,0.00073,0.19288,0.00072,0.1895,-0.00503,-0.09588,0.09085,0.00097,0.28417,0.00057,0.17729,0.0862599999999999,-0.10809,0.19435
887,CVE-2024-12583,2025-01-04,CVE-2024-6327,2025-04-17,4,0.05,0.00056,0.2555,1.0,0.00071,0.33038,0.0,0.07488,1,0.00056,0.25704,0.00071,0.33166,0.0015399999999999,0.00128,0.0002599999999999,0.00056,0.26144,0.00071,0.33562,0.00594,0.0052399999999999,0.0007
887,CVE-2024-12583,2025-01-04,CVE-2024-41110,2025-05-09,5,0.05,0.00056,0.2555,1.0,0.00045,0.15874,0.0,0.09676,2,0.00056,0.25704,0.00045,0.15978,0.0015399999999999,0.00104,0.0004999999999999,0.00056,0.26144,0.00045,0.16328,0.00594,0.00454,0.0013999999999999
889,CVE-2024-12626,2024-12-19,CVE-2024-24691,2025-04-17,5,0.05,0.00091,0.40175,1.0,0.00091,0.40176,0.0,1.000000000001e-05,1,0.00091,0.40166,0.00091,0.40166,-8.999999999997899e-05,-9.9999999999989e-05,1.000000000001e-05,0.00091,0.4055,0.00105,0.44325,0.00375,0.0414899999999999,-0.0377399999999999
889,CVE-2024-12626,2024-12-19,CVE-2024-26020,2025-05-18,8,0.05,0.00091,0.40175,1.0,0.00115,0.459,0.0,0.05725,2,0.00091,0.40166,0.00115,0.45882,-8.999999999997899e-05,-0.00018,9.00000000000345e-05,0.00091,0.4055,0.00115,0.46231,0.00375,0.0033099999999999,0.00044
889,CVE-2024-12626,2024-12-19,CVE-2024-7971,2025-04-13,4,0.05,0.00091,0.40175,1.0,0.0012,0.46797,0.0,0.06622,3,0.00091,0.40166,0.0012,0.46792,-8.999999999997899e-05,-4.999999999999449e-05,-3.999999999998449e-05,0.00091,0.4055,0.06612,0.93745,0.00375,0.46948,-0.46573
890,CVE-2024-12641,2024-12-16,CVE-2024-24691,2025-04-17,5,0.05,0.00091,0.40158,1.0,0.00091,0.40772,0.0,0.00614,1,0.00091,0.40172,0.00091,0.40172,0.00014,-0.006,0.00614,0.00091,0.40489,0.00105,0.44262,0.00331,0.0348999999999999,-0.0315899999999999
890,CVE-2024-12641,2024-12-16,CVE-2024-26020,2025-05-18,8,0.05,0.00091,0.40158,1.0,0.00087,0.39046,0.0,0.01112,2,0.00091,0.40172,0.00115,0.45885,0.00014,0.06839,-0.0682499999999999,0.00091,0.40489,0.00115,0.46169,0.00331,0.07123,-0.0679199999999999
890,CVE-2024-12641,2024-12-16,CVE-2024-4671,2025-04-25,6,0.05,0.00091,0.40158,1.0,0.001,0.43019,0.0,0.02861,3,0.00091,0.40172,0.00163,0.53344,0.00014,0.10325,-0.1031099999999999,0.00091,0.40489,0.00163,0.53622,0.00331,0.10603,-0.1027199999999999
897,CVE-2024-12650,2025-03-06,CVE-2024-39143,2025-04-09,1,0.05,0.00044,0.1608,0.0,0.00045,0.1671,0.0,0.0063,1,0.00044,0.16136,0.00045,0.16759,0.00056,0.0004899999999999,7.00000000000145e-05,0.00044,0.10524,0.00127,0.2913,-0.05556,0.1242,-0.17976
897,CVE-2024-12650,2025-03-06,CVE-2024-51463,2025-04-15,3,0.05,0.00044,0.1608,0.0,0.00045,0.1671,0.0,0.0063,2,0.00044,0.16136,0.00045,0.16759,0.00056,0.0004899999999999,7.00000000000145e-05,0.00044,0.10524,0.00029,0.05116,-0.05556,-0.11594,0.06038
897,CVE-2024-12650,2025-03-06,CVE-2024-47605,2025-04-14,2,0.05,0.00044,0.1608,0.0,0.00045,0.18333,0.0,0.0225299999999999,3,0.00044,0.16136,0.00045,0.18376,0.00056,0.00043,0.0001299999999999,0.00044,0.10524,0.00048,0.11937,-0.05556,-0.0639599999999999,0.0083999999999999
900,CVE-2024-12686,2025-01-13,CVE-2024-20054,2025-05-07,1,0.05,0.00043,0.11433,0.0,0.00043,0.11157,0.0,0.0027599999999999,1,0.0618,0.93524,0.00043,0.11349,0.8209099999999999,0.0019199999999999,0.8189899999999999,0.0618,0.93557,0.00043,0.11476,0.82124,0.0031899999999999,0.8180499999999999
900,CVE-2024-12686,2025-01-13,CVE-2024-35539,2025-04-10,6,0.1499999999999996,0.00043,0.11433,0.0,0.00043,0.11157,0.0,0.0027599999999999,2,0.0618,0.93524,0.00043,0.11349,0.8209099999999999,0.0019199999999999,0.8189899999999999,0.0618,0.93557,0.00043,0.11476,0.82124,0.0031899999999999,0.8180499999999999
900,CVE-2024-12686,2025-01-13,CVE-2024-12342,2025-04-17,7,0.1499999999999996,0.00043,0.11433,0.0,0.00045,0.17537,0.0,0.06104,3,0.0618,0.93524,0.00045,0.1768,0.8209099999999999,0.00143,0.8194799999999999,0.0618,0.93557,0.00045,0.17783,0.82124,0.0024599999999999,0.81878
908,CVE-2024-12747,2025-01-23,CVE-2024-26634,2025-05-09,10,0.1499999999999996,0.00045,0.17742,0.0,0.00045,0.17742,0.0,0.0,1,0.00045,0.178,0.00045,0.178,0.0005799999999999,0.0005799999999999,0.0,0.00045,0.17964,0.00045,0.17964,0.0022199999999999,0.0022199999999999,0.0
908,CVE-2024-12747,2025-01-23,CVE-2024-27876,2025-04-24,8,0.1499999999999996,0.00045,0.17742,0.0,0.0005,0.21285,0.0,0.03543,2,0.00045,0.178,0.0005,0.21346,0.0005799999999999,0.0006099999999999,-3.0000000000002247e-05,0.00045,0.17964,0.0005,0.21561,0.0022199999999999,0.0027599999999999,-0.0005399999999999
908,CVE-2024-12747,2025-01-23,CVE-2024-36424,2025-04-10,7,0.1499999999999996,0.00045,0.17742,0.0,0.00043,0.11403,0.0,0.0633899999999999,3,0.00045,0.178,0.00043,0.11435,0.0005799999999999,0.0003199999999999,0.00026,0.00045,0.17964,0.00043,0.11726,0.0022199999999999,0.0032299999999999,-0.0010099999999999
909,CVE-2024-12749,2025-01-29,CVE-2024-40892,2025-03-17,2,0.05,0.00043,0.11435,1.0,0.00043,0.11437,0.0,2.0000000000006124e-05,1,0.00043,0.11488,0.00043,0.11488,0.00053,0.0005099999999999,2.0000000000006124e-05,0.00043,0.11771,0.00043,0.11771,0.00336,0.0033399999999999,2.0000000000006124e-05
909,CVE-2024-12749,2025-01-29,CVE-2024-48846,2025-04-16,4,0.05,0.00043,0.11435,1.0,0.00043,0.11437,0.0,2.0000000000006124e-05,2,0.00043,0.11488,0.00043,0.11488,0.00053,0.0005099999999999,2.0000000000006124e-05,0.00043,0.11771,0.0005,0.21805,0.00336,0.10368,-0.1003199999999999
909,CVE-2024-12749,2025-01-29,CVE-2024-0150,2025-05-17,5,0.05,0.00043,0.11435,1.0,0.00043,0.11437,0.0,2.0000000000006124e-05,3,0.00043,0.11488,0.00043,0.11488,0.00053,0.0005099999999999,2.0000000000006124e-05,0.00043,0.11771,0.00043,0.11771,0.00336,0.0033399999999999,2.0000000000006124e-05
912,CVE-2024-12797,2025-02-11,CVE-2024-6484,2025-05-17,8,0.1500000000000005,0.00045,0.17783,1.0,0.00046,0.19261,0.0,0.01478,1,0.00045,0.17981,0.00046,0.19483,0.00198,0.0022199999999999,-0.0002399999999999,0.00045,0.18376,0.00046,0.19886,0.00593,0.00625,-0.0003199999999999
912,CVE-2024-12797,2025-02-11,CVE-2024-1234,2025-04-05,6,0.1500000000000005,0.00045,0.17783,1.0,0.00048,0.20336,0.0,0.02553,2,0.00045,0.17981,0.00048,0.20568,0.00198,0.0023199999999999,-0.0003399999999999,0.00045,0.18376,0.00048,0.20972,0.00593,0.0063599999999999,-0.0004299999999999
912,CVE-2024-12797,2025-02-11,CVE-2024-3935,2025-04-17,11,0.2000000000000001,0.00045,0.17783,1.0,0.00051,0.22731,0.0,0.04948,3,0.00045,0.17981,0.00051,0.22949,0.00198,0.0021799999999999,-0.0001999999999999,0.00045,0.18376,0.00051,0.23343,0.00593,0.0061199999999999,-0.0001899999999999
914,CVE-2024-12803,2025-01-09,CVE-2024-47461,2025-05-23,5,0.05,0.00043,0.11133,1.0,0.00043,0.11086,0.0,0.0004699999999999,1,0.00043,0.11287,0.00043,0.11287,0.0015399999999999,0.0020099999999999,-0.0004699999999999,0.00043,0.11466,0.00043,0.11466,0.0033299999999999,0.0037999999999999,-0.0004699999999999
914,CVE-2024-12803,2025-01-09,CVE-2024-35061,2025-04-11,9,0.1499999999999996,0.00043,0.11133,1.0,0.00045,0.17502,0.0,0.06369,2,0.00043,0.11287,0.00045,0.17624,0.0015399999999999,0.0012199999999999,0.00032,0.00043,0.11466,0.00045,0.17815,0.0033299999999999,0.0031299999999999,0.0002
915,CVE-2024-12805,2025-01-09,CVE-2024-47461,2025-05-23,5,0.05,0.00043,0.11133,1.0,0.00043,0.11086,0.0,0.0004699999999999,1,0.00043,0.11287,0.00043,0.11287,0.0015399999999999,0.0020099999999999,-0.0004699999999999,0.00043,0.11466,0.00043,0.11466,0.0033299999999999,0.0037999999999999,-0.0004699999999999
915,CVE-2024-12805,2025-01-09,CVE-2024-35061,2025-04-11,9,0.1499999999999996,0.00043,0.11133,1.0,0.00045,0.17502,0.0,0.06369,2,0.00043,0.11287,0.00045,0.17624,0.0015399999999999,0.0012199999999999,0.00032,0.00043,0.11466,0.00045,0.17815,0.0033299999999999,0.0031299999999999,0.0002
916,CVE-2024-12810,2025-03-14,CVE-2024-4058,2025-04-17,4,0.05,0.0005,0.22185,1.0,0.00058,0.27458,0.0,0.05273,1,0.00054,0.13769,0.00562,0.65828,-0.0841599999999999,0.3837,-0.4678599999999999,0.00054,0.13915,0.00562,0.65812,-0.0827,0.38354,-0.46624
917,CVE-2024-12811,2025-02-28,CVE-2024-39304,2025-04-09,10,0.05,0.0005,0.22027,0.0,0.0005,0.22027,0.0,0.0,1,0.0005,0.22131,0.0005,0.22131,0.00104,0.00104,0.0,0.00097,0.24277,0.20878,0.95139,0.0225,0.73112,-0.70862
917,CVE-2024-12811,2025-02-28,CVE-2024-48827,2025-04-06,8,0.05,0.0005,0.22027,0.0,0.00045,0.18251,0.0,0.0377599999999999,2,0.0005,0.22131,0.00045,0.1835,0.00104,0.0009899999999999,5.000000000002225e-05,0.00097,0.24277,0.00531,0.64624,0.0225,0.46373,-0.44123
917,CVE-2024-12811,2025-02-28,CVE-2024-9054,2025-04-04,7,0.05,0.0005,0.22027,0.0,0.00064,0.3081,0.0,0.0878299999999999,3,0.0005,0.22131,0.00064,0.30914,0.00104,0.00104,-2.775557561562892e-17,0.00097,0.24277,0.00952,0.74321,0.0225,0.43511,-0.41261
920,CVE-2024-12824,2025-03-01,CVE-2024-10525,2025-04-17,7,0.0,0.00091,0.41122,1.0,0.00068,0.3284,0.0,0.0828199999999999,1,0.00873,0.826,0.00068,0.32954,0.41478,0.0011399999999999,0.41364,0.42852,0.97208,0.00194,0.38398,0.5608600000000001,0.0555799999999999,0.5052800000000002
921,CVE-2024-12828,2024-12-30,CVE-2024-41110,2025-05-09,6,0.05,0.00043,0.1123,1.0,0.00045,0.15829,0.0,0.0459899999999999,1,0.00043,0.11281,0.00045,0.15856,0.0005099999999999,0.00027,0.0002399999999999,0.00043,0.11723,0.00045,0.16296,0.00493,0.00467,0.0002599999999999
922,CVE-2024-12830,2024-12-20,CVE-2024-35061,2025-04-11,2,0.05,0.00044,0.12103,0.0,0.00045,0.17319,0.0,0.05216,1,0.00044,0.12135,0.00045,0.17338,0.00032,0.0001899999999999,0.00013,0.00047,0.19732,0.00045,0.1767,0.07629,0.0035099999999999,0.07278
922,CVE-2024-12830,2024-12-20,CVE-2024-41710,2025-01-29,10,0.1499999999999996,0.00044,0.12103,0.0,0.00045,0.17319,0.0,0.05216,2,0.00044,0.12135,0.00045,0.17338,0.00032,0.0001899999999999,0.00013,0.00047,0.19732,0.00045,0.1767,0.07629,0.0035099999999999,0.07278
922,CVE-2024-12830,2024-12-20,CVE-2024-44871,2025-03-27,12,0.1499999999999996,0.00044,0.12103,0.0,0.0005,0.21014,0.0,0.08911,3,0.00044,0.12135,0.0005,0.20998,0.00032,-0.0001599999999999,0.0004799999999999,0.00047,0.19732,0.0005,0.21388,0.07629,0.0037399999999999,0.07255
923,CVE-2024-12832,2024-12-20,CVE-2024-47595,2025-04-09,2,0.05,0.00043,0.10892,0.0,0.00043,0.10892,0.0,0.0,1,0.00043,0.10932,0.00043,0.10932,0.0003999999999999,0.0003999999999999,0.0,0.00044,0.1549,0.00043,0.11349,0.04598,0.0045699999999999,0.04141
923,CVE-2024-12832,2024-12-20,CVE-2024-50050,2025-04-29,5,0.05,0.00043,0.10892,0.0,0.00043,0.10892,0.0,0.0,2,0.00043,0.10932,0.00043,0.10932,0.0003999999999999,0.0003999999999999,0.0,0.00044,0.1549,0.00043,0.11349,0.04598,0.0045699999999999,0.04141
923,CVE-2024-12832,2024-12-20,CVE-2024-24795,2025-05-17,6,0.05,0.00043,0.10892,0.0,0.00043,0.10892,0.0,0.0,3,0.00043,0.10932,0.00043,0.10932,0.0003999999999999,0.0003999999999999,0.0,0.00044,0.1549,0.00043,0.11349,0.04598,0.0045699999999999,0.04141
924,CVE-2024-12833,2025-02-11,CVE-2024-38796,2025-04-23,6,0.2499999999999992,0.00043,0.11476,1.0,0.00043,0.1146,0.0,0.00016,1,0.00043,0.11678,0.00043,0.11678,0.0020199999999999,0.00218,-0.00016,0.00046,0.19886,0.00043,0.11935,0.0841,0.00475,0.07935
924,CVE-2024-12833,2025-02-11,CVE-2024-29018,2025-05-09,7,0.2499999999999992,0.00043,0.11476,1.0,0.00043,0.1146,0.0,0.00016,2,0.00043,0.11678,0.00043,0.11678,0.0020199999999999,0.00218,-0.00016,0.00046,0.19886,0.00043,0.11935,0.0841,0.00475,0.07935
924,CVE-2024-12833,2025-02-11,CVE-2024-47595,2025-04-09,8,0.2500000000000001,0.00043,0.11476,1.0,0.00043,0.1146,0.0,0.00016,3,0.00043,0.11678,0.00043,0.11678,0.0020199999999999,0.00218,-0.00016,0.00046,0.19886,0.00043,0.11935,0.0841,0.00475,0.07935
931,CVE-2024-12856,2025-01-07,CVE-2024-12987,2025-05-17,12,0.1499999999999996,0.00046,0.18392,0.0,0.00046,0.18392,0.0,0.0,1,0.00046,0.1906,0.00046,0.18495,0.0066799999999999,0.00103,0.0056499999999999,0.00046,0.19329,0.00046,0.18715,0.0093699999999999,0.00323,0.0061399999999999
931,CVE-2024-12856,2025-01-07,CVE-2024-35061,2025-04-11,8,0.1499999999999996,0.00046,0.18392,0.0,0.00045,0.17482,0.0,0.0090999999999999,2,0.00046,0.1906,0.00045,0.17569,0.0066799999999999,0.00087,0.0058099999999999,0.00046,0.19329,0.00045,0.17834,0.0093699999999999,0.0035199999999999,0.0058499999999999
931,CVE-2024-12856,2025-01-07,CVE-2024-44871,2025-03-27,1,0.05,0.00046,0.18392,0.0,0.0005,0.2111,0.0,0.02718,3,0.00046,0.1906,0.0005,0.21243,0.0066799999999999,0.0013299999999999,0.0053499999999999,0.00046,0.19329,0.0005,0.2157,0.0093699999999999,0.0045999999999999,0.0047699999999999
934,CVE-2024-12860,2025-02-18,CVE-2024-6671,2025-03-25,4,0.0,0.00091,0.40935,1.0,0.00124,0.48088,0.0,0.0715299999999999,1,0.00091,0.40911,0.00124,0.48066,-0.00024,-0.0002199999999999,-2.000000000002e-05,0.00064,0.17093,0.11202,0.92944,-0.23842,0.44856,-0.68698
935,CVE-2024-12876,2025-03-07,CVE-2024-10525,2025-04-17,4,0.0,0.00091,0.41226,1.0,0.00068,0.32946,0.0,0.0828,1,0.00091,0.41292,0.00068,0.33026,0.0006599999999999,0.0008,-0.00014,0.00064,0.17172,0.00194,0.38529,-0.24054,0.05583,-0.29637
939,CVE-2024-12905,2025-04-22,CVE-2024-46687,2025-05-26,3,0.3499999999999998,0.00063,0.19949,0.0,0.00043,0.12851,0.0,0.0709799999999999,1,0.01371,0.79169,0.00043,0.12852,0.5922000000000001,9.999999999982244e-06,0.5921900000000001,0.00398,0.59675,0.00044,0.13299,0.39726,0.0044799999999999,0.39278
939,CVE-2024-12905,2025-04-22,CVE-2024-47460,2025-05-23,10,1.8,0.00063,0.19949,0.0,0.00102,0.29365,0.0,0.09416,2,0.01371,0.79169,0.00102,0.29335,0.5922000000000001,-0.0003,0.5925,0.00398,0.59675,0.00102,0.29366,0.39726,9.99999999995449e-06,0.39725
940,CVE-2024-12916,2025-02-24,CVE-2024-39304,2025-04-09,11,0.05,0.0005,0.22034,3.0,0.0005,0.21769,0.0,0.00265,1,0.0005,0.2201,0.0005,0.2201,-0.00024,0.0024099999999999,-0.00265,0.00037,0.07684,0.30791,0.96282,-0.1435,0.7451300000000001,-0.88863
940,CVE-2024-12916,2025-02-24,CVE-2024-48827,2025-04-06,9,0.05,0.0005,0.22034,3.0,0.00045,0.17964,0.0,0.0407,2,0.0005,0.2201,0.00045,0.18242,-0.00024,0.00278,-0.00302,0.00037,0.07684,0.00531,0.64506,-0.1435,0.4654199999999999,-0.6089199999999999
940,CVE-2024-12916,2025-02-24,CVE-2024-9054,2025-04-04,8,0.05,0.0005,0.22034,3.0,0.00064,0.30564,0.0,0.0853,3,0.0005,0.2201,0.00064,0.30801,-0.00024,0.0023699999999999,-0.00261,0.00037,0.07684,0.00952,0.74193,-0.1435,0.4362899999999999,-0.57979
941,CVE-2024-12917,2025-02-24,CVE-2024-39690,2025-05-09,9,0.1499999999999996,0.0005,0.22034,3.0,0.0005,0.21769,0.0,0.00265,1,0.0005,0.2201,0.0005,0.2201,-0.00024,0.0024099999999999,-0.00265,0.00057,0.14582,0.00126,0.28563,-0.07452,0.06794,-0.14246
941,CVE-2024-12917,2025-02-24,CVE-2024-29944,2025-05-19,11,0.1499999999999996,0.0005,0.22034,3.0,0.00045,0.1855,0.0,0.03484,2,0.0005,0.2201,0.00045,0.18825,-0.00024,0.00275,-0.00299,0.00057,0.14582,0.00106,0.25674,-0.07452,0.07124,-0.14576
941,CVE-2024-12917,2025-02-24,CVE-2024-1708,2025-05-13,10,0.1499999999999996,0.0005,0.22034,3.0,0.00057,0.26819,0.0,0.0478499999999999,3,0.0005,0.2201,0.00086,0.39085,-0.00024,0.1226599999999999,-0.1229,0.00057,0.14582,0.76932,0.98909,-0.07452,0.7209000000000001,-0.7954200000000001
942,CVE-2024-12918,2025-02-24,CVE-2024-39304,2025-04-09,11,0.05,0.0005,0.22034,3.0,0.0005,0.21769,0.0,0.00265,1,0.0005,0.2201,0.0005,0.2201,-0.00024,0.0024099999999999,-0.00265,0.00037,0.07684,0.30791,0.96282,-0.1435,0.7451300000000001,-0.88863
942,CVE-2024-12918,2025-02-24,CVE-2024-48827,2025-04-06,9,0.05,0.0005,0.22034,3.0,0.00045,0.17964,0.0,0.0407,2,0.0005,0.2201,0.00045,0.18242,-0.00024,0.00278,-0.00302,0.00037,0.07684,0.00531,0.64506,-0.1435,0.4654199999999999,-0.6089199999999999
942,CVE-2024-12918,2025-02-24,CVE-2024-9054,2025-04-04,8,0.05,0.0005,0.22034,3.0,0.00064,0.30564,0.0,0.0853,3,0.0005,0.2201,0.00064,0.30801,-0.00024,0.0023699999999999,-0.00261,0.00037,0.07684,0.00952,0.74193,-0.1435,0.4362899999999999,-0.57979
944,CVE-2024-12920,2025-03-19,CVE-2024-43201,2025-05-04,4,0.05,0.00057,0.14532,0.0,0.00056,0.14491,0.0,0.0004099999999999,1,0.00054,0.13598,0.00056,0.1439,-0.00934,-0.00101,-0.00833,0.00054,0.16938,0.00039,0.11011,0.0240599999999999,-0.0348,0.05886
944,CVE-2024-12920,2025-03-19,CVE-2024-21113,2025-05-01,3,0.05,0.00057,0.14532,0.0,0.00072,0.18982,0.0,0.0444999999999999,2,0.00054,0.13598,0.00072,0.18931,-0.00934,-0.0005099999999999,-0.00883,0.00054,0.16938,0.00057,0.17807,0.0240599999999999,-0.0117499999999999,0.0358099999999999
946,CVE-2024-12955,2025-04-17,CVE-2024-39338,2025-05-27,12,3.5,0.00037,0.10341,0.0,0.00026,0.05456,0.0,0.04885,1,0.00143,0.35736,0.00026,0.05367,0.25395,-0.0008899999999999,0.25484,0.00167,0.38887,0.00032,0.07833,0.28546,0.02377,0.26169
946,CVE-2024-12955,2025-04-17,CVE-2024-26626,2025-05-20,3,1.2500000000000002,0.00037,0.10341,0.0,0.00016,0.02357,0.0,0.07984,2,0.00143,0.35736,0.00016,0.0234,0.25395,-0.00017,0.25412,0.00167,0.38887,0.00018,0.02905,0.28546,0.0054799999999999,0.27998
946,CVE-2024-12955,2025-04-17,CVE-2024-26627,2025-05-20,4,1.2500000000000002,0.00037,0.10341,0.0,0.00013,0.01302,0.0,0.09039,3,0.00143,0.35736,0.00013,0.013,0.25395,-2.000000000000092e-05,0.25397,0.00167,0.38887,0.00013,0.01306,0.28546,4.0000000000000105e-05,0.28542
952,CVE-2024-13078,2025-01-06,CVE-2024-47595,2025-04-09,2,0.05,0.00045,0.17473,0.0,0.00043,0.11007,0.0,0.06466,1,0.00055,0.25585,0.00043,0.11157,0.08112,0.0015,0.07962,0.00055,0.26009,0.00043,0.11488,0.0853599999999999,0.0048099999999999,0.08055
952,CVE-2024-13078,2025-01-06,CVE-2024-50050,2025-04-29,5,0.05,0.00045,0.17473,0.0,0.00043,0.11007,0.0,0.06466,2,0.00055,0.25585,0.00043,0.11157,0.08112,0.0015,0.07962,0.00055,0.26009,0.00043,0.11488,0.0853599999999999,0.0048099999999999,0.08055
952,CVE-2024-13078,2025-01-06,CVE-2024-24795,2025-05-17,6,0.05,0.00045,0.17473,0.0,0.00043,0.11007,0.0,0.06466,3,0.00055,0.25585,0.00043,0.11157,0.08112,0.0015,0.07962,0.00055,0.26009,0.00043,0.11488,0.0853599999999999,0.0048099999999999,0.08055
953,CVE-2024-13079,2025-01-06,CVE-2024-47595,2025-04-09,2,0.05,0.00045,0.17473,0.0,0.00043,0.11007,0.0,0.06466,1,0.00055,0.25585,0.00043,0.11157,0.08112,0.0015,0.07962,0.00055,0.26009,0.00043,0.11488,0.0853599999999999,0.0048099999999999,0.08055
953,CVE-2024-13079,2025-01-06,CVE-2024-50050,2025-04-29,5,0.05,0.00045,0.17473,0.0,0.00043,0.11007,0.0,0.06466,2,0.00055,0.25585,0.00043,0.11157,0.08112,0.0015,0.07962,0.00055,0.26009,0.00043,0.11488,0.0853599999999999,0.0048099999999999,0.08055
953,CVE-2024-13079,2025-01-06,CVE-2024-24795,2025-05-17,6,0.05,0.00045,0.17473,0.0,0.00043,0.11007,0.0,0.06466,3,0.00055,0.25585,0.00043,0.11157,0.08112,0.0015,0.07962,0.00055,0.26009,0.00043,0.11488,0.0853599999999999,0.0048099999999999,0.08055
954,CVE-2024-13084,2025-01-06,CVE-2024-47595,2025-04-09,2,0.05,0.00045,0.17473,0.0,0.00043,0.11007,0.0,0.06466,1,0.00063,0.29239,0.00043,0.11157,0.1176599999999999,0.0015,0.1161599999999999,0.00063,0.29639,0.00043,0.11488,0.1216599999999999,0.0048099999999999,0.11685
954,CVE-2024-13084,2025-01-06,CVE-2024-50050,2025-04-29,5,0.05,0.00045,0.17473,0.0,0.00043,0.11007,0.0,0.06466,2,0.00063,0.29239,0.00043,0.11157,0.1176599999999999,0.0015,0.1161599999999999,0.00063,0.29639,0.00043,0.11488,0.1216599999999999,0.0048099999999999,0.11685
954,CVE-2024-13084,2025-01-06,CVE-2024-24795,2025-05-17,6,0.05,0.00045,0.17473,0.0,0.00043,0.11007,0.0,0.06466,3,0.00063,0.29239,0.00043,0.11157,0.1176599999999999,0.0015,0.1161599999999999,0.00063,0.29639,0.00043,0.11488,0.1216599999999999,0.0048099999999999,0.11685
955,CVE-2024-13085,2025-01-06,CVE-2024-35061,2025-04-11,2,0.05,0.00045,0.17473,0.0,0.00045,0.17473,0.0,0.0,1,0.00063,0.29239,0.00045,0.17537,0.1176599999999999,0.00064,0.1170199999999999,0.00063,0.29639,0.00045,0.17834,0.1216599999999999,0.00361,0.1180499999999999
955,CVE-2024-13085,2025-01-06,CVE-2024-12987,2025-05-17,6,0.05,0.00045,0.17473,0.0,0.00046,0.18383,0.0,0.0090999999999999,2,0.00063,0.29239,0.00046,0.18464,0.1176599999999999,0.00081,0.1168499999999999,0.00063,0.29639,0.00046,0.18716,0.1216599999999999,0.0033299999999999,0.1183299999999999
955,CVE-2024-13085,2025-01-06,CVE-2024-44871,2025-03-27,7,0.1499999999999996,0.00045,0.17473,0.0,0.0005,0.21091,0.0,0.0361799999999999,3,0.00063,0.29239,0.0005,0.21211,0.1176599999999999,0.0012,0.1164599999999999,0.00063,0.29639,0.0005,0.21561,0.1216599999999999,0.0047,0.1169599999999999
959,CVE-2024-13147,2025-03-05,CVE-2024-10525,2025-04-17,4,0.0,0.00091,0.41197,1.0,0.00068,0.32912,0.0,0.0828499999999999,1,0.00091,0.41281,0.00068,0.33005,0.00084,0.0009299999999999,-8.999999999997899e-05,0.0004,0.09098,0.00194,0.38532,-0.32099,0.0561999999999999,-0.3771899999999999
960,CVE-2024-13148,2025-02-27,CVE-2024-10525,2025-04-17,8,0.0,0.00091,0.41126,1.0,0.00068,0.32839,0.0,0.08287,1,0.00091,0.41197,0.00068,0.32924,0.0007099999999999,0.0008499999999999,-0.0001399999999999,0.00034,0.04986,0.00619,0.53586,-0.3614,0.20747,-0.56887
961,CVE-2024-13152,2025-02-14,CVE-2024-6298,2025-04-02,5,0.05,0.00091,0.40917,1.0,0.00091,0.40904,0.0,0.0001299999999999,1,0.00091,0.40932,0.00091,0.40932,0.00015,0.00028,-0.0001299999999999,0.00091,0.41293,0.00091,0.41293,0.00376,0.00389,-0.0001299999999999
961,CVE-2024-13152,2025-02-14,CVE-2024-43102,2025-04-12,8,0.05,0.00091,0.40917,1.0,0.00091,0.40904,0.0,0.0001299999999999,2,0.00091,0.40932,0.00091,0.40932,0.00015,0.00028,-0.0001299999999999,0.00091,0.41293,0.00091,0.41293,0.00376,0.00389,-0.0001299999999999
961,CVE-2024-13152,2025-02-14,CVE-2024-6209,2025-04-02,4,0.05,0.00091,0.40917,1.0,0.00087,0.39337,0.0,0.0157999999999999,3,0.00091,0.40932,0.00087,0.39359,0.00015,0.0002199999999999,-6.999999999995898e-05,0.00091,0.41293,0.00087,0.39719,0.00376,0.0038199999999999,-5.999999999994898e-05
962,CVE-2024-13159,2025-03-11,CVE-2024-21762,2025-04-13,3,0.05,0.01852,0.88356,0.0,0.03347,0.91467,0.0,0.0311099999999999,1,0.92496,0.9974,0.90724,0.99618,0.1138399999999999,0.0815099999999999,0.0323299999999999,0.92486,0.99731,0.90724,0.99608,0.11375,0.0814099999999999,0.03234
962,CVE-2024-13159,2025-03-11,CVE-2024-21410,2025-04-17,9,0.05,0.01852,0.88356,0.0,0.04739,0.92738,0.0,0.0438199999999999,2,0.92496,0.9974,0.64167,0.98309,0.1138399999999999,0.05571,0.0581299999999999,0.92486,0.99731,0.56092,0.97911,0.11375,0.05173,0.0620199999999999
962,CVE-2024-13159,2025-03-11,CVE-2024-11680,2025-04-14,4,0.05,0.01852,0.88356,0.0,0.46821,0.97618,0.0,0.09262,3,0.92496,0.9974,0.9317,0.99797,0.1138399999999999,0.0217899999999999,0.0920499999999999,0.92486,0.99731,0.93334,0.99808,0.11375,0.0218999999999999,0.0918500000000001
963,CVE-2024-13160,2025-03-11,CVE-2024-21410,2025-04-17,9,0.05,0.04186,0.92312,0.0,0.04739,0.92738,0.0,0.0042599999999999,1,0.87811,0.99457,0.64167,0.98309,0.0714499999999999,0.05571,0.0157399999999998,0.91864,0.99681,0.56092,0.97911,0.0736899999999999,0.05173,0.0219599999999998
963,CVE-2024-13160,2025-03-11,CVE-2024-21762,2025-04-13,3,0.05,0.04186,0.92312,0.0,0.03347,0.91467,0.0,0.00845,2,0.87811,0.99457,0.90724,0.99618,0.0714499999999999,0.0815099999999999,-0.01006,0.91864,0.99681,0.90724,0.99608,0.0736899999999999,0.0814099999999999,-0.00772
963,CVE-2024-13160,2025-03-11,CVE-2024-11680,2025-04-14,4,0.05,0.04186,0.92312,0.0,0.46821,0.97618,0.0,0.0530599999999999,3,0.87811,0.99457,0.9317,0.99797,0.0714499999999999,0.0217899999999999,0.0496599999999999,0.91864,0.99681,0.93334,0.99808,0.0736899999999999,0.0218999999999999,0.05179
964,CVE-2024-13161,2025-03-11,CVE-2024-21410,2025-04-17,9,0.05,0.04186,0.92312,0.0,0.04739,0.92738,0.0,0.0042599999999999,1,0.87811,0.99457,0.64167,0.98309,0.0714499999999999,0.05571,0.0157399999999998,0.9045,0.99591,0.56092,0.97911,0.0727899999999999,0.05173,0.0210599999999998
964,CVE-2024-13161,2025-03-11,CVE-2024-21762,2025-04-13,3,0.05,0.04186,0.92312,0.0,0.03347,0.91467,0.0,0.00845,2,0.87811,0.99457,0.90724,0.99618,0.0714499999999999,0.0815099999999999,-0.01006,0.9045,0.99591,0.90724,0.99608,0.0727899999999999,0.0814099999999999,-0.00862
964,CVE-2024-13161,2025-03-11,CVE-2024-11680,2025-04-14,4,0.05,0.04186,0.92312,0.0,0.46821,0.97618,0.0,0.0530599999999999,3,0.87811,0.99457,0.9317,0.99797,0.0714499999999999,0.0217899999999999,0.0496599999999999,0.9045,0.99591,0.93334,0.99808,0.0727899999999999,0.0218999999999999,0.0508899999999999
967,CVE-2024-13189,2025-01-08,CVE-2024-35061,2025-04-11,2,0.05,0.00045,0.17502,1.0,0.00045,0.17541,0.0,0.00039,1,0.00045,0.17612,0.00045,0.17612,0.0010999999999999,0.0007099999999999,0.00039,0.00045,0.17818,0.00045,0.17818,0.0031599999999999,0.0027699999999999,0.00039
967,CVE-2024-13189,2025-01-08,CVE-2024-12987,2025-05-17,6,0.05,0.00045,0.17502,1.0,0.00046,0.1845,0.0,0.0094799999999999,2,0.00045,0.17612,0.00046,0.18538,0.0010999999999999,0.0008799999999999,0.0002199999999999,0.00045,0.17818,0.00046,0.1871,0.0031599999999999,0.0025999999999999,0.00056
967,CVE-2024-13189,2025-01-08,CVE-2024-44871,2025-03-27,7,0.1499999999999996,0.00045,0.17502,1.0,0.0005,0.2117,0.0,0.0366799999999999,3,0.00045,0.17612,0.0005,0.21313,0.0010999999999999,0.0014299999999999,-0.0003299999999999,0.00045,0.17818,0.0005,0.21568,0.0031599999999999,0.00398,-0.00082
968,CVE-2024-13190,2025-01-08,CVE-2024-47595,2025-04-09,2,0.05,0.00045,0.17502,1.0,0.00043,0.11128,0.0,0.06374,1,0.00045,0.17612,0.00043,0.11266,0.0010999999999999,0.0013799999999999,-0.00028,0.00045,0.17818,0.00043,0.11478,0.0031599999999999,0.0034999999999999,-0.0003399999999999
968,CVE-2024-13190,2025-01-08,CVE-2024-50050,2025-04-29,5,0.05,0.00045,0.17502,1.0,0.00043,0.11128,0.0,0.06374,2,0.00045,0.17612,0.00043,0.11266,0.0010999999999999,0.0013799999999999,-0.00028,0.00045,0.17818,0.00043,0.11478,0.0031599999999999,0.0034999999999999,-0.0003399999999999
968,CVE-2024-13190,2025-01-08,CVE-2024-24795,2025-05-17,6,0.05,0.00045,0.17502,1.0,0.00043,0.11128,0.0,0.06374,3,0.00045,0.17612,0.00043,0.11266,0.0010999999999999,0.0013799999999999,-0.00028,0.00045,0.17818,0.00043,0.11478,0.0031599999999999,0.0034999999999999,-0.0003399999999999
969,CVE-2024-13232,2025-03-05,CVE-2024-39304,2025-04-09,6,0.05,0.0005,0.22113,1.0,0.0005,0.221,0.0,0.0001299999999999,1,0.0005,0.22165,0.0005,0.22165,0.00052,0.00065,-0.0001299999999999,0.0006,0.15806,0.20878,0.95145,-0.0630699999999999,0.73045,-0.79352
969,CVE-2024-13232,2025-03-05,CVE-2024-48827,2025-04-06,4,0.05,0.0005,0.22113,1.0,0.00045,0.18325,0.0,0.03788,2,0.0005,0.22165,0.00045,0.18372,0.00052,0.0004699999999999,5.000000000002225e-05,0.0006,0.15806,0.00531,0.64738,-0.0630699999999999,0.4641299999999999,-0.5271999999999999
969,CVE-2024-13232,2025-03-05,CVE-2024-4058,2025-04-17,10,0.05,0.0005,0.22113,1.0,0.00058,0.27342,0.0,0.05229,3,0.0005,0.22165,0.00058,0.27437,0.00052,0.00095,-0.0004299999999999,0.0006,0.15806,0.00562,0.65802,-0.0630699999999999,0.3846,-0.44767
983,CVE-2024-13315,2025-02-18,CVE-2024-39304,2025-04-09,12,0.05,0.00055,0.25964,1.0,0.0005,0.21763,0.0,0.0420099999999999,1,0.00055,0.25971,0.0005,0.21758,7.00000000000145e-05,-4.999999999999449e-05,0.00012,0.00019,0.02744,0.20878,0.95169,-0.2322,0.73406,-0.96626
983,CVE-2024-13315,2025-02-18,CVE-2024-9054,2025-04-04,9,0.05,0.00055,0.25964,1.0,0.00064,0.30587,0.0,0.0462299999999999,2,0.00055,0.25971,0.00064,0.30554,7.00000000000145e-05,-0.0003299999999999,0.0004,0.00019,0.02744,0.00952,0.74395,-0.2322,0.43808,-0.67028
983,CVE-2024-13315,2025-02-18,CVE-2024-48827,2025-04-06,10,0.05,0.00055,0.25964,1.0,0.00045,0.17981,0.0,0.0798299999999999,3,0.00055,0.25971,0.00045,0.17956,7.00000000000145e-05,-0.00025,0.00032,0.00019,0.02744,0.0042,0.59314,-0.2322,0.41333,-0.6455299999999999
985,CVE-2024-13353,2025-02-21,CVE-2024-9054,2025-04-04,9,0.05,0.00066,0.31574,1.0,0.00064,0.30584,0.0,0.0099,1,0.00059,0.27673,0.00064,0.3081,-0.03901,0.0022599999999999,-0.04127,0.00095,0.22883,0.00952,0.71658,-0.08691,0.41074,-0.49765
985,CVE-2024-13353,2025-02-21,CVE-2024-24409,2025-04-09,11,0.05,0.00066,0.31574,1.0,0.00075,0.35338,0.0,0.03764,2,0.00059,0.27673,0.00075,0.35535,-0.03901,0.0019699999999999,-0.04098,0.00095,0.22883,0.01438,0.76808,-0.08691,0.4146999999999999,-0.50161
985,CVE-2024-13353,2025-02-21,CVE-2024-39304,2025-04-09,12,0.05,0.00066,0.31574,1.0,0.0005,0.2177,0.0,0.09804,3,0.00059,0.27673,0.0005,0.22027,-0.03901,0.0025699999999999,-0.04158,0.00095,0.22883,0.30791,0.96189,-0.08691,0.74419,-0.8311000000000001
986,CVE-2024-13359,2025-03-08,CVE-2024-36129,2025-05-13,8,0.1499999999999996,0.00063,0.30131,1.0,0.00062,0.29363,0.0,0.00768,1,0.00063,0.30227,0.00062,0.29452,0.0009599999999999,0.00089,6.999999999995898e-05,0.0027,0.47625,0.02527,0.84111,0.1749399999999999,0.54748,-0.37254
986,CVE-2024-13359,2025-03-08,CVE-2024-43590,2025-04-14,12,0.3499999999999998,0.00063,0.30131,1.0,0.00048,0.20501,0.0,0.0963,2,0.00063,0.30227,0.00048,0.20545,0.0009599999999999,0.0004399999999999,0.0005199999999999,0.0027,0.47625,0.00388,0.57113,0.1749399999999999,0.36612,-0.19118
988,CVE-2024-13373,2025-03-01,CVE-2024-42057,2025-05-13,8,0.05,0.00091,0.41122,1.0,0.0009,0.40602,0.0,0.0051999999999999,1,0.00091,0.41226,0.0009,0.40699,0.00104,0.00097,7.00000000000145e-05,0.00054,0.13806,0.02596,0.84275,-0.2731599999999999,0.43673,-0.7098899999999999
988,CVE-2024-13373,2025-03-01,CVE-2024-53961,2025-04-17,5,0.05,0.00091,0.41122,1.0,0.00095,0.42283,0.0,0.01161,2,0.00091,0.41226,0.00095,0.42394,0.00104,0.0011099999999999,-6.999999999995898e-05,0.00054,0.13806,0.00098,0.24478,-0.2731599999999999,-0.1780499999999999,-0.0951099999999999
990,CVE-2024-13376,2025-03-14,CVE-2024-4058,2025-04-17,4,0.05,0.0005,0.22185,1.0,0.00058,0.27458,0.0,0.05273,1,0.0004,0.08679,0.00562,0.65828,-0.1350599999999999,0.3837,-0.51876,0.0004,0.09102,0.00562,0.65812,-0.13083,0.38354,-0.51437
991,CVE-2024-13394,2025-01-15,CVE-2024-7801,2025-04-05,10,0.1499999999999996,0.00053,0.23744,1.0,0.00052,0.23272,0.0,0.00472,1,0.00053,0.23875,0.00052,0.23431,0.0013099999999999,0.0015899999999999,-0.00028,0.00053,0.24179,0.00052,0.23691,0.0043499999999999,0.0041899999999999,0.0001599999999999
991,CVE-2024-13394,2025-01-15,CVE-2024-3935,2025-04-17,6,0.0999999999999996,0.00053,0.23744,1.0,0.00045,0.17612,0.0,0.06132,2,0.00053,0.23875,0.00045,0.1772,0.0013099999999999,0.0010799999999999,0.0002299999999999,0.00053,0.24179,0.00051,0.22931,0.0043499999999999,0.05319,-0.04884
991,CVE-2024-13394,2025-01-15,CVE-2024-12342,2025-04-17,12,0.1499999999999996,0.00053,0.23744,1.0,0.00045,0.17612,0.0,0.06132,3,0.00053,0.23875,0.00045,0.1772,0.0013099999999999,0.0010799999999999,0.0002299999999999,0.00053,0.24179,0.00045,0.17954,0.0043499999999999,0.00342,0.0009299999999999
992,CVE-2024-13410,2025-03-19,CVE-2024-9142,2025-04-21,3,0.05,0.00098,0.24569,0.0,0.00116,0.27353,0.0,0.02784,1,0.0022,0.4154,0.00116,0.27206,0.16971,-0.0014699999999999,0.1711799999999999,0.0018,0.4042,0.00096,0.28342,0.15851,0.00989,0.14862
992,CVE-2024-13410,2025-03-19,CVE-2024-6407,2025-04-22,4,0.05,0.00098,0.24569,0.0,0.00139,0.30569,0.0,0.06,2,0.0022,0.4154,0.00139,0.30402,0.16971,-0.00167,0.17138,0.0018,0.4042,0.00144,0.35896,0.15851,0.0532699999999999,0.10524
996,CVE-2024-13446,2025-03-12,CVE-2024-21894,2025-04-17,12,0.05,0.00091,0.41287,1.0,0.00105,0.45065,0.0,0.0377799999999999,1,0.00064,0.16941,0.27077,0.95758,-0.24346,0.50693,-0.75039,0.00086,0.22273,0.25881,0.95833,-0.19014,0.50768,-0.69782
996,CVE-2024-13446,2025-03-12,CVE-2024-10525,2025-04-17,1,0.0,0.00091,0.41287,1.0,0.00068,0.33005,0.0,0.08282,2,0.00064,0.16941,0.00174,0.35649,-0.24346,0.0264399999999999,-0.2699,0.00086,0.22273,0.00168,0.34868,-0.19014,0.0186299999999999,-0.2087699999999999
998,CVE-2024-13484,2025-01-28,CVE-2024-22257,2025-05-30,7,0.05,0.00043,0.11437,1.0,0.00043,0.11449,0.0,0.0001199999999999,1,0.00043,0.11479,0.00043,0.11479,0.00042,0.0003,0.0001199999999999,0.00043,0.11767,0.00043,0.11767,0.0032999999999999,0.00318,0.0001199999999999
1002,CVE-2024-13556,2025-02-18,CVE-2024-42057,2025-05-13,10,0.05,0.00091,0.40935,1.0,0.0009,0.40413,0.0,0.00522,1,0.00071,0.33699,0.0009,0.40394,-0.0723599999999999,-0.0001899999999999,-0.07217,0.00597,0.66989,0.01685,0.80617,0.26054,0.40204,-0.1415
1002,CVE-2024-13556,2025-02-18,CVE-2024-53961,2025-04-17,7,0.05,0.00091,0.40935,1.0,0.00095,0.42094,0.0,0.0115899999999999,2,0.00071,0.33699,0.00095,0.42074,-0.0723599999999999,-0.0001999999999999,-0.07216,0.00597,0.66989,0.00109,0.26399,0.26054,-0.1569499999999999,0.4174899999999999
1008,CVE-2024-13654,2025-02-12,CVE-2024-36623,2025-05-09,12,0.05,0.00046,0.18407,0.0,0.00045,0.17783,0.0,0.00624,1,0.00046,0.18616,0.00045,0.17984,0.0020899999999999,0.00201,7.999999999996898e-05,0.00046,0.19019,0.00045,0.18392,0.0061199999999999,0.00609,2.999999999997449e-05
1008,CVE-2024-13654,2025-02-12,CVE-2024-0399,2025-04-16,9,0.05,0.00046,0.18407,0.0,0.00043,0.11476,0.0,0.06931,2,0.00046,0.18616,0.00043,0.11699,0.0020899999999999,0.0022299999999999,-0.00014,0.00046,0.19019,0.00043,0.1198,0.0061199999999999,0.00504,0.0010799999999999
1009,CVE-2024-13655,2025-03-07,CVE-2024-36623,2025-05-09,5,0.05,0.00046,0.18975,1.0,0.00045,0.1835,0.0,0.00625,1,0.00046,0.19019,0.00045,0.18392,0.0004399999999999,0.00042,1.999999999999225e-05,0.00035,0.06843,0.00097,0.24395,-0.12132,0.06045,-0.18177
1009,CVE-2024-13655,2025-03-07,CVE-2024-0399,2025-04-16,2,0.05,0.00046,0.18975,1.0,0.00043,0.11868,0.0,0.07107,2,0.00046,0.19019,0.00043,0.1198,0.0004399999999999,0.00112,-0.00068,0.00035,0.06843,0.04798,0.88515,-0.12132,0.76647,-0.88779
1009,CVE-2024-13655,2025-03-07,CVE-2024-22257,2025-05-30,10,0.1499999999999996,0.00046,0.18975,1.0,0.00043,0.11868,0.0,0.07107,3,0.00046,0.19019,0.00043,0.1198,0.0004399999999999,0.00112,-0.00068,0.00035,0.06843,0.00237,0.44071,-0.12132,0.32203,-0.4433499999999999
1010,CVE-2024-13656,2025-02-12,CVE-2024-36623,2025-05-09,12,0.05,0.00046,0.18407,0.0,0.00045,0.17783,0.0,0.00624,1,0.00046,0.18616,0.00045,0.17984,0.0020899999999999,0.00201,7.999999999996898e-05,0.00046,0.19019,0.00045,0.18392,0.0061199999999999,0.00609,2.999999999997449e-05
1010,CVE-2024-13656,2025-02-12,CVE-2024-0399,2025-04-16,9,0.05,0.00046,0.18407,0.0,0.00043,0.11476,0.0,0.06931,2,0.00046,0.18616,0.00043,0.11699,0.0020899999999999,0.0022299999999999,-0.00014,0.00046,0.19019,0.00043,0.1198,0.0061199999999999,0.00504,0.0010799999999999
1011,CVE-2024-13677,2025-02-18,CVE-2024-4007,2025-04-03,8,0.05,0.00043,0.11678,0.0,0.00043,0.11678,0.0,0.0,1,0.0005,0.21758,0.00043,0.11716,0.1008,0.00038,0.10042,0.0004,0.08986,0.00085,0.22039,-0.02692,0.10361,-0.13053
1011,CVE-2024-13677,2025-02-18,CVE-2024-48827,2025-04-06,10,0.05,0.00043,0.11678,0.0,0.00045,0.17981,0.0,0.06303,2,0.0005,0.21758,0.00045,0.17956,0.1008,-0.00025,0.10105,0.0004,0.08986,0.0042,0.59314,-0.02692,0.41333,-0.44025
1012,CVE-2024-13684,2025-02-18,CVE-2024-0399,2025-04-16,6,0.05,0.00043,0.11678,0.0,0.00043,0.11678,0.0,0.0,1,0.00048,0.20253,0.00043,0.11716,0.0857499999999999,0.00038,0.0853699999999999,0.00014,0.012,0.02992,0.8543,-0.10478,0.73752,-0.8422999999999999
1012,CVE-2024-13684,2025-02-18,CVE-2024-36623,2025-05-09,9,0.05,0.00043,0.11678,0.0,0.00045,0.17981,0.0,0.06303,2,0.00048,0.20253,0.00045,0.17956,0.0857499999999999,-0.00025,0.086,0.00014,0.012,0.0007,0.18614,-0.10478,0.00633,-0.11111
1014,CVE-2024-13709,2025-01-25,CVE-2024-46528,2025-03-27,1,0.05,0.00046,0.19261,0.0,0.00045,0.17773,0.0,0.01488,1,0.00046,0.193,0.00045,0.17806,0.00039,0.0003299999999999,6.0000000000004494e-05,0.00046,0.19477,0.00045,0.17964,0.0021599999999999,0.0019099999999999,0.00025
1014,CVE-2024-13709,2025-01-25,CVE-2024-12955,2025-04-17,4,0.05,0.00046,0.19261,0.0,0.00045,0.17773,0.0,0.01488,2,0.00046,0.193,0.00045,0.17806,0.00039,0.0003299999999999,6.0000000000004494e-05,0.00046,0.19477,0.00045,0.17964,0.0021599999999999,0.0019099999999999,0.00025
1014,CVE-2024-13709,2025-01-25,CVE-2024-56378,2025-05-17,8,0.05,0.00046,0.19261,0.0,0.00045,0.17773,0.0,0.01488,3,0.00046,0.193,0.00045,0.17806,0.00039,0.0003299999999999,6.0000000000004494e-05,0.00046,0.19477,0.00045,0.17964,0.0021599999999999,0.0019099999999999,0.00025
1019,CVE-2024-13744,2025-04-04,CVE-2024-36623,2025-05-09,1,0.05,0.0013,0.29411,0.0,0.00097,0.24432,0.0,0.0497899999999999,1,0.00197,0.38932,0.00097,0.24436,0.09521,3.999999999998449e-05,0.09517,0.00197,0.4227,0.00066,0.20951,0.12859,-0.03481,0.1634
1019,CVE-2024-13744,2025-04-04,CVE-2024-54529,2025-05-10,9,0.3499999999999998,0.0013,0.29411,0.0,0.00076,0.20068,0.0,0.0934299999999999,2,0.00197,0.38932,0.00076,0.20061,0.09521,-6.999999999998674e-05,0.09528,0.00197,0.4227,0.00115,0.31536,0.12859,0.1146799999999999,0.01391
1020,CVE-2024-13753,2025-02-20,CVE-2024-36623,2025-05-09,9,0.05,0.00058,0.26921,1.0,0.00045,0.1797,0.0,0.08951,1,0.00058,0.27168,0.00045,0.1825,0.0024699999999999,0.0027999999999999,-0.00033,0.00015,0.01605,0.0007,0.18591,-0.25316,0.0062099999999999,-0.25937
1022,CVE-2024-13770,2025-02-13,CVE-2024-53961,2025-04-17,10,0.05,0.00071,0.3359,0.0,0.00095,0.41936,0.0,0.08346,1,0.00071,0.33736,0.00095,0.42099,0.00146,0.0016299999999999,-0.0001699999999999,0.00071,0.3412,0.00095,0.42456,0.0053,0.0051999999999999,0.0001
1023,CVE-2024-13771,2025-03-14,CVE-2024-21894,2025-04-17,11,0.05,0.00091,0.41291,1.0,0.00105,0.45069,0.0,0.0377799999999999,1,0.00141,0.31105,0.25881,0.95829,-0.10186,0.5076,-0.6094600000000001,0.00058,0.15123,0.25881,0.95842,-0.26168,0.50773,-0.76941
1023,CVE-2024-13771,2025-03-14,CVE-2024-10525,2025-04-17,1,0.0,0.00091,0.41291,1.0,0.00068,0.33026,0.0,0.08265,2,0.00141,0.31105,0.00174,0.35888,-0.10186,0.0286199999999999,-0.1304799999999999,0.00058,0.15123,0.00168,0.34814,-0.26168,0.01788,-0.27956
1024,CVE-2024-13776,2025-04-05,CVE-2024-46954,2025-05-06,6,0.3499999999999998,0.00036,0.07244,0.0,0.00059,0.15516,0.0,0.0827199999999999,1,0.00041,0.09253,0.00059,0.15518,0.0200899999999999,2.000000000002e-05,0.0200699999999999,0.00041,0.1175,0.0005,0.15549,0.0450599999999999,0.0003299999999999,0.0447299999999999
1025,CVE-2024-13777,2025-03-05,CVE-2024-36129,2025-05-13,10,0.1499999999999996,0.00071,0.34012,1.0,0.00062,0.29325,0.0,0.0468699999999999,1,0.00071,0.34096,0.00062,0.29419,0.00084,0.0009399999999999,-9.9999999999989e-05,0.00181,0.3679,0.02527,0.84112,0.02778,0.54787,-0.5200899999999999
1025,CVE-2024-13777,2025-03-05,CVE-2024-42057,2025-05-13,7,0.05,0.00071,0.34012,1.0,0.0009,0.40664,0.0,0.06652,2,0.00071,0.34096,0.0009,0.40742,0.00084,0.00078,6.0000000000004494e-05,0.00181,0.3679,0.02596,0.84338,0.02778,0.43674,-0.40896
1025,CVE-2024-13777,2025-03-05,CVE-2024-53961,2025-04-17,4,0.05,0.00071,0.34012,1.0,0.00095,0.42347,0.0,0.08335,3,0.00071,0.34096,0.00095,0.42446,0.00084,0.0009899999999999,-0.0001499999999999,0.00181,0.3679,0.00098,0.24671,0.02778,-0.17676,0.20454
1026,CVE-2024-13787,2025-03-05,CVE-2024-10525,2025-04-17,4,0.0,0.00071,0.34012,1.0,0.00068,0.32912,0.0,0.0109999999999999,1,0.00071,0.34096,0.00068,0.33005,0.00084,0.0009299999999999,-8.999999999997899e-05,0.00122,0.28352,0.00194,0.38532,-0.0565999999999999,0.0561999999999999,-0.1127999999999999
1028,CVE-2024-13790,2025-03-19,CVE-2024-6407,2025-04-22,4,0.05,0.00179,0.36311,0.0,0.00139,0.30569,0.0,0.0574199999999999,1,0.00177,0.35881,0.00139,0.30402,-0.0042999999999999,-0.00167,-0.0026299999999999,0.00175,0.39834,0.00144,0.35896,0.03523,0.0532699999999999,-0.0180399999999999
1028,CVE-2024-13790,2025-03-19,CVE-2024-9142,2025-04-21,3,0.05,0.00179,0.36311,0.0,0.00116,0.27353,0.0,0.0895799999999999,2,0.00177,0.35881,0.00116,0.27206,-0.0042999999999999,-0.0014699999999999,-0.0028299999999999,0.00175,0.39834,0.00096,0.28342,0.03523,0.00989,0.02534
1030,CVE-2024-13800,2025-02-12,CVE-2024-36623,2025-05-09,12,0.05,0.00046,0.18407,0.0,0.00045,0.17783,0.0,0.00624,1,0.00046,0.18616,0.00045,0.17984,0.0020899999999999,0.00201,7.999999999996898e-05,0.00046,0.19019,0.00045,0.18392,0.0061199999999999,0.00609,2.999999999997449e-05
1030,CVE-2024-13800,2025-02-12,CVE-2024-0399,2025-04-16,9,0.05,0.00046,0.18407,0.0,0.00043,0.11476,0.0,0.06931,2,0.00046,0.18616,0.00043,0.11699,0.0020899999999999,0.0022299999999999,-0.00014,0.00046,0.19019,0.00043,0.1198,0.0061199999999999,0.00504,0.0010799999999999
1031,CVE-2024-13801,2025-03-26,CVE-2024-43085,2025-04-28,7,0.3499999999999998,0.00036,0.06858,0.0,9e-05,0.00397,0.0,0.06461,1,0.00035,0.06808,9e-05,0.00396,-0.0005,-9.999999999999593e-06,-0.00049,0.00035,0.08864,8e-05,0.00455,0.0200599999999999,0.00058,0.0194799999999999
1031,CVE-2024-13801,2025-03-26,CVE-2024-46954,2025-05-06,8,0.3499999999999998,0.00036,0.06858,0.0,0.00059,0.1519,0.0,0.08332,2,0.00035,0.06808,0.00059,0.15449,-0.0005,0.0025899999999999,-0.0030899999999999,0.00035,0.08864,0.0005,0.15512,0.0200599999999999,0.00322,0.0168399999999999
1034,CVE-2024-13813,2025-02-11,CVE-2024-40892,2025-03-17,2,0.05,0.00043,0.11476,1.0,0.00043,0.1146,0.0,0.00016,1,0.00043,0.11678,0.00043,0.11678,0.0020199999999999,0.00218,-0.00016,0.00043,0.11935,0.00043,0.11935,0.0045899999999999,0.00475,-0.00016
1034,CVE-2024-13813,2025-02-11,CVE-2024-48846,2025-04-16,4,0.05,0.00043,0.11476,1.0,0.00043,0.1146,0.0,0.00016,2,0.00043,0.11678,0.00043,0.11678,0.0020199999999999,0.00218,-0.00016,0.00043,0.11935,0.0005,0.21936,0.0045899999999999,0.10476,-0.10017
1034,CVE-2024-13813,2025-02-11,CVE-2024-0150,2025-05-17,5,0.05,0.00043,0.11476,1.0,0.00043,0.1146,0.0,0.00016,3,0.00043,0.11678,0.00043,0.11678,0.0020199999999999,0.00218,-0.00016,0.00043,0.11935,0.00043,0.11935,0.0045899999999999,0.00475,-0.00016
1035,CVE-2024-13824,2025-03-14,CVE-2024-10525,2025-04-17,1,0.0,0.00071,0.3412,1.0,0.00068,0.33026,0.0,0.01094,1,0.00167,0.34704,0.00174,0.35888,0.00584,0.0286199999999999,-0.0227799999999999,0.00325,0.52532,0.00168,0.34814,0.18412,0.01788,0.16624
1036,CVE-2024-13830,2025-02-11,CVE-2024-38796,2025-04-23,6,0.2499999999999992,0.00043,0.11476,1.0,0.00043,0.1146,0.0,0.00016,1,0.00046,0.19483,0.00043,0.11678,0.08007,0.00218,0.07789,0.00046,0.19886,0.00043,0.11935,0.0841,0.00475,0.07935
1036,CVE-2024-13830,2025-02-11,CVE-2024-29018,2025-05-09,7,0.2499999999999992,0.00043,0.11476,1.0,0.00043,0.1146,0.0,0.00016,2,0.00046,0.19483,0.00043,0.11678,0.08007,0.00218,0.07789,0.00046,0.19886,0.00043,0.11935,0.0841,0.00475,0.07935
1036,CVE-2024-13830,2025-02-11,CVE-2024-47595,2025-04-09,8,0.2500000000000001,0.00043,0.11476,1.0,0.00043,0.1146,0.0,0.00016,3,0.00046,0.19483,0.00043,0.11678,0.08007,0.00218,0.07789,0.00046,0.19886,0.00043,0.11935,0.0841,0.00475,0.07935
1037,CVE-2024-13842,2025-02-11,CVE-2024-38796,2025-04-23,5,0.1499999999999996,0.00043,0.11476,1.0,0.00043,0.1146,0.0,0.00016,1,0.00043,0.11678,0.00043,0.11678,0.0020199999999999,0.00218,-0.00016,0.00043,0.11935,0.00043,0.11935,0.0045899999999999,0.00475,-0.00016
1037,CVE-2024-13842,2025-02-11,CVE-2024-29018,2025-05-09,7,0.1499999999999996,0.00043,0.11476,1.0,0.00043,0.1146,0.0,0.00016,2,0.00043,0.11678,0.00043,0.11678,0.0020199999999999,0.00218,-0.00016,0.00043,0.11935,0.00043,0.11935,0.0045899999999999,0.00475,-0.00016
1037,CVE-2024-13842,2025-02-11,CVE-2024-8929,2025-04-10,9,0.2500000000000001,0.00043,0.11476,1.0,0.00043,0.1146,0.0,0.00016,3,0.00043,0.11678,0.00043,0.11678,0.0020199999999999,0.00218,-0.00016,0.00043,0.11935,0.00043,0.11935,0.0045899999999999,0.00475,-0.00016
1038,CVE-2024-13843,2025-02-11,CVE-2024-38796,2025-04-23,5,0.1499999999999996,0.00043,0.11476,1.0,0.00043,0.1146,0.0,0.00016,1,0.00043,0.11678,0.00043,0.11678,0.0020199999999999,0.00218,-0.00016,0.00043,0.11935,0.00043,0.11935,0.0045899999999999,0.00475,-0.00016
1038,CVE-2024-13843,2025-02-11,CVE-2024-29018,2025-05-09,7,0.1499999999999996,0.00043,0.11476,1.0,0.00043,0.1146,0.0,0.00016,2,0.00043,0.11678,0.00043,0.11678,0.0020199999999999,0.00218,-0.00016,0.00043,0.11935,0.00043,0.11935,0.0045899999999999,0.00475,-0.00016
1038,CVE-2024-13843,2025-02-11,CVE-2024-8929,2025-04-10,9,0.2500000000000001,0.00043,0.11476,1.0,0.00043,0.1146,0.0,0.00016,3,0.00043,0.11678,0.00043,0.11678,0.0020199999999999,0.00218,-0.00016,0.00043,0.11935,0.00043,0.11935,0.0045899999999999,0.00475,-0.00016
1040,CVE-2024-13852,2025-02-18,CVE-2024-48827,2025-04-06,10,0.05,0.00045,0.17981,0.0,0.00045,0.17981,0.0,0.0,1,0.00055,0.25971,0.00045,0.17956,0.0799,-0.00025,0.08015,0.00019,0.02743,0.0042,0.59314,-0.15238,0.41333,-0.5657099999999999
1040,CVE-2024-13852,2025-02-18,CVE-2024-39304,2025-04-09,12,0.05,0.00045,0.17981,0.0,0.0005,0.21763,0.0,0.0378199999999999,2,0.00055,0.25971,0.0005,0.21758,0.0799,-4.999999999999449e-05,0.07995,0.00019,0.02743,0.20878,0.95169,-0.15238,0.73406,-0.88644
1040,CVE-2024-13852,2025-02-18,CVE-2024-4007,2025-04-03,8,0.05,0.00045,0.17981,0.0,0.00043,0.11678,0.0,0.06303,3,0.00055,0.25971,0.00043,0.11716,0.0799,0.00038,0.07952,0.00019,0.02743,0.00085,0.22039,-0.15238,0.10361,-0.25599
1041,CVE-2024-13882,2025-03-08,CVE-2024-39304,2025-04-09,4,0.05,0.0005,0.22137,1.0,0.0005,0.22138,0.0,9.999999999982244e-06,1,0.0005,0.22185,0.0005,0.22185,0.0004799999999999,0.0004699999999999,9.999999999982244e-06,0.00276,0.48252,0.20878,0.95144,0.26115,0.7300599999999999,-0.4689099999999999
1041,CVE-2024-13882,2025-03-08,CVE-2024-4058,2025-04-17,8,0.05,0.0005,0.22137,1.0,0.00058,0.27382,0.0,0.05245,2,0.0005,0.22185,0.00058,0.27469,0.0004799999999999,0.0008699999999999,-0.00039,0.00276,0.48252,0.00562,0.65811,0.26115,0.3842899999999999,-0.1231399999999999
1042,CVE-2024-13913,2025-03-14,CVE-2024-4058,2025-04-17,4,0.05,0.00054,0.25856,1.0,0.00058,0.27458,0.0,0.0160199999999999,1,0.00033,0.06098,0.00562,0.65828,-0.19758,0.3837,-0.58128,0.00044,0.10299,0.00562,0.65812,-0.15557,0.38354,-0.5391100000000001
1042,CVE-2024-13913,2025-03-14,CVE-2024-38814,2025-04-17,3,0.05,0.00054,0.25856,1.0,0.00069,0.33352,0.0,0.0749599999999999,2,0.00033,0.06098,0.00486,0.62765,-0.19758,0.29413,-0.4917100000000001,0.00044,0.10299,0.00618,0.67635,-0.15557,0.34283,-0.4984
1042,CVE-2024-13913,2025-03-14,CVE-2024-11392,2025-04-16,2,0.05,0.00054,0.25856,1.0,0.00075,0.3564,0.0,0.0978399999999999,3,0.00033,0.06098,0.24737,0.957,-0.19758,0.6006,-0.79818,0.00044,0.10299,0.32492,0.96504,-0.15557,0.6086400000000001,-0.7642100000000001
1043,CVE-2024-13918,2025-03-10,CVE-2024-36623,2025-05-09,6,0.1499999999999996,0.00045,0.18339,1.0,0.00045,0.18337,0.0,1.999999999999225e-05,1,0.00046,0.11162,0.0007,0.18834,-0.07177,0.00497,-0.07674,0.00014,0.01217,0.00097,0.24408,-0.1712199999999999,0.0607099999999999,-0.2319299999999999
1043,CVE-2024-13918,2025-03-10,CVE-2024-43590,2025-04-14,11,0.2500000000000001,0.00045,0.18339,1.0,0.00048,0.20477,0.0,0.02138,2,0.00046,0.11162,0.00174,0.36454,-0.07177,0.1597699999999999,-0.2315399999999999,0.00014,0.01217,0.00388,0.57152,-0.1712199999999999,0.36675,-0.5379700000000001
1043,CVE-2024-13918,2025-03-10,CVE-2024-26170,2025-04-16,12,0.2500000000000001,0.00045,0.18339,1.0,0.00052,0.24014,0.0,0.0567499999999999,3,0.00046,0.11162,0.00749,0.71397,-0.07177,0.47383,-0.5456,0.00014,0.01217,0.00883,0.73408,-0.1712199999999999,0.4939399999999999,-0.66516
1044,CVE-2024-13919,2025-03-10,CVE-2024-36623,2025-05-09,6,0.1499999999999996,0.00045,0.18339,1.0,0.00045,0.18337,0.0,1.999999999999225e-05,1,0.00046,0.11162,0.0007,0.18834,-0.07177,0.00497,-0.07674,0.00014,0.01352,0.00097,0.24408,-0.16987,0.0607099999999999,-0.2305799999999999
1044,CVE-2024-13919,2025-03-10,CVE-2024-43590,2025-04-14,11,0.2500000000000001,0.00045,0.18339,1.0,0.00048,0.20477,0.0,0.02138,2,0.00046,0.11162,0.00174,0.36454,-0.07177,0.1597699999999999,-0.2315399999999999,0.00014,0.01352,0.00388,0.57152,-0.16987,0.36675,-0.53662
1044,CVE-2024-13919,2025-03-10,CVE-2024-26170,2025-04-16,12,0.2500000000000001,0.00045,0.18339,1.0,0.00052,0.24014,0.0,0.0567499999999999,3,0.00046,0.11162,0.00749,0.71397,-0.07177,0.47383,-0.5456,0.00014,0.01352,0.00883,0.73408,-0.16987,0.4939399999999999,-0.6638099999999999
1046,CVE-2024-13933,2025-03-19,CVE-2024-43201,2025-05-04,4,0.05,0.00057,0.14609,0.0,0.00056,0.14491,0.0,0.0011799999999999,1,0.00025,0.04013,0.00056,0.1439,-0.10596,-0.00101,-0.1049499999999999,0.00025,0.05334,0.00039,0.11011,-0.09275,-0.0348,-0.0579499999999999
1046,CVE-2024-13933,2025-03-19,CVE-2024-21113,2025-05-01,3,0.05,0.00057,0.14609,0.0,0.00072,0.18982,0.0,0.0437299999999999,2,0.00025,0.04013,0.00072,0.18931,-0.10596,-0.0005099999999999,-0.10545,0.00025,0.05334,0.00057,0.17807,-0.09275,-0.0117499999999999,-0.081
1058,CVE-2024-20272,2025-04-17,CVE-2024-47461,2025-05-23,2,0.1499999999999996,0.00262,0.49396,0.0,0.00251,0.4846,0.0,0.00936,1,0.00262,0.49368,0.00251,0.48423,-0.00028,-0.0003699999999999,8.999999999997899e-05,0.00262,0.4947,0.00251,0.48516,0.0007399999999999,0.00056,0.0001799999999999
1058,CVE-2024-20272,2025-04-17,CVE-2024-22257,2025-05-30,9,0.9499999999999996,0.00262,0.49396,0.0,0.00192,0.41792,0.0,0.07604,2,0.00262,0.49368,0.00192,0.41706,-0.00028,-0.00086,0.00058,0.00262,0.4947,0.00161,0.38087,0.0007399999999999,-0.03705,0.0377899999999999
1059,CVE-2024-20397,2025-02-06,CVE-2024-44762,2025-04-03,3,0.1499999999999996,0.00043,0.11479,0.0,0.00043,0.11479,0.0,0.0,1,0.00043,0.11499,0.00043,0.11499,0.0001999999999999,0.0001999999999999,0.0,0.00043,0.1187,0.00043,0.1187,0.0039099999999999,0.0039099999999999,0.0
1059,CVE-2024-20397,2025-02-06,CVE-2024-54096,2025-04-28,9,0.1499999999999996,0.00043,0.11479,0.0,0.00043,0.11479,0.0,0.0,2,0.00043,0.11499,0.00043,0.11499,0.0001999999999999,0.0001999999999999,0.0,0.00043,0.1187,0.00043,0.1187,0.0039099999999999,0.0039099999999999,0.0
1059,CVE-2024-20397,2025-02-06,CVE-2024-6383,2025-05-17,11,0.1499999999999996,0.00043,0.11479,0.0,0.00043,0.11479,0.0,0.0,3,0.00043,0.11499,0.00043,0.11499,0.0001999999999999,0.0001999999999999,0.0,0.00043,0.1187,0.00043,0.1187,0.0039099999999999,0.0039099999999999,0.0
1060,CVE-2024-20418,2024-11-07,CVE-2024-51378,2024-12-16,8,0.0,0.00043,0.09989,0.0,0.00044,0.11348,0.0,0.0135899999999999,1,0.00043,0.10146,0.00044,0.11504,0.0015699999999999,0.00156,9.999999999982244e-06,0.00043,0.10595,0.00044,0.11953,0.0060599999999999,0.00605,9.999999999996125e-06
1061,CVE-2024-20419,2025-04-10,CVE-2024-1709,2025-05-29,1,0.05,0.83027,0.99211,0.0,0.94123,0.99901,0.0,0.0068999999999999,1,0.89935,0.9953,0.94364,0.9995,0.0031899999999999,0.0004900000000001,0.0026999999999998,0.90016,0.99543,0.94364,0.9995,0.0033199999999999,0.0004900000000001,0.0028299999999998
1061,CVE-2024-20419,2025-04-10,CVE-2024-27198,2025-05-13,2,0.2499999999999992,0.83027,0.99211,0.0,0.94582,1.0,0.0,0.0078899999999999,2,0.89935,0.9953,0.94579,1.0,0.0031899999999999,0.0,0.0031899999999999,0.90016,0.99543,0.94579,1.0,0.0033199999999999,0.0,0.0033199999999999
1061,CVE-2024-20419,2025-04-10,CVE-2024-29943,2025-05-19,3,0.2499999999999992,0.83027,0.99211,0.0,0.23938,0.95584,0.0,0.03627,3,0.89935,0.9953,0.17035,0.94559,0.0031899999999999,-0.0102499999999999,0.0134399999999998,0.90016,0.99543,0.59083,0.98081,0.0033199999999999,0.0249699999999999,-0.0216499999999999
1062,CVE-2024-20439,2025-03-20,CVE-2024-27198,2025-05-13,8,0.05,0.8321,0.99256,0.0,0.94582,1.0,0.0,0.00744,1,0.79105,0.98978,0.94585,1.0,-0.00278,0.0,-0.00278,0.8945,0.99501,0.94579,1.0,0.0024499999999999,0.0,0.0024499999999999
1062,CVE-2024-20439,2025-03-20,CVE-2024-21591,2025-05-07,7,0.05,0.8321,0.99256,0.0,0.0694,0.9064,0.0,0.08616,2,0.79105,0.98978,0.0694,0.90128,-0.00278,-0.00512,0.00234,0.8945,0.99501,0.23476,0.95598,0.0024499999999999,0.04958,-0.0471300000000001
1063,CVE-2024-20440,2025-03-20,CVE-2024-39894,2025-05-07,7,0.05,0.72559,0.98719,0.0,0.0944,0.92144,0.0,0.0657499999999999,1,0.72559,0.98637,0.0944,0.91658,-0.00082,-0.00486,0.00404,0.82283,0.99154,0.01351,0.79036,0.0043499999999999,-0.13108,0.13543
1064,CVE-2024-20481,2025-01-22,CVE-2024-8945,2025-03-28,10,0.3499999999999998,0.00181,0.55897,0.0,0.00164,0.53817,0.0,0.0207999999999999,1,0.00181,0.55964,0.00164,0.53889,0.00067,0.0007199999999999,-4.999999999988347e-05,0.00181,0.56177,0.00164,0.54088,0.0028,0.0027099999999999,9.00000000000345e-05
1065,CVE-2024-2054,2025-04-09,CVE-2024-1709,2025-05-29,11,0.2499999999999992,0.81671,0.99146,0.0,0.94123,0.99902,0.0,0.00756,1,0.81578,0.99108,0.94364,0.9995,-0.00038,0.00048,-0.00086,0.81919,0.99138,0.94364,0.9995,-7.999999999996898e-05,0.00048,-0.00056
1065,CVE-2024-2054,2025-04-09,CVE-2024-27198,2025-05-13,1,0.05,0.81671,0.99146,0.0,0.94582,1.0,0.0,0.0085399999999999,2,0.81578,0.99108,0.94579,1.0,-0.00038,0.0,-0.00038,0.81919,0.99138,0.94579,1.0,-7.999999999996898e-05,0.0,-7.999999999996898e-05
1065,CVE-2024-2054,2025-04-09,CVE-2024-29943,2025-05-19,2,0.05,0.81671,0.99146,0.0,0.23938,0.95582,0.0,0.03564,3,0.81578,0.99108,0.17035,0.94552,-0.00038,-0.0102999999999999,0.0099199999999999,0.81919,0.99138,0.59083,0.9808,-7.999999999996898e-05,0.02498,-0.0250599999999999
1074,CVE-2024-21410,2025-04-17,CVE-2024-37014,2025-05-19,1,0.0,0.01258,0.78258,0.0,0.02498,0.84441,0.0,0.0618299999999999,1,0.01463,0.7977,0.02498,0.84445,0.0151199999999999,4.000000000004e-05,0.0150799999999998,0.01463,0.79856,0.02498,0.84517,0.0159799999999999,0.0007599999999999,0.01522
1076,CVE-2024-21413,2025-02-06,CVE-2024-29943,2025-05-19,8,0.0,0.00053,0.23848,0.0,0.00046,0.18417,0.0,0.05431,1,0.02245,0.89408,0.00046,0.18401,0.6556,-0.0001599999999999,0.6557599999999999,0.05394,0.93189,0.00046,0.18945,0.69341,0.00528,0.6881299999999999
1091,CVE-2024-21762,2025-04-13,CVE-2024-1709,2025-05-29,10,0.2499999999999992,0.90724,0.99609,0.0,0.94123,0.99903,0.0,0.0029399999999999,1,0.9166,0.99641,0.94364,0.99951,0.0003199999999999,0.00048,-0.00016,0.92231,0.99693,0.94364,0.9995,0.0008399999999999,0.00047,0.0003699999999998
1091,CVE-2024-21762,2025-04-13,CVE-2024-29943,2025-05-19,6,0.05,0.90724,0.99609,0.0,0.23938,0.95588,0.0,0.04021,2,0.9166,0.99641,0.17035,0.94563,0.0003199999999999,-0.0102499999999999,0.0105699999999999,0.92231,0.99693,0.59083,0.9808,0.0008399999999999,0.02492,-0.0240800000000001
1091,CVE-2024-21762,2025-04-13,CVE-2024-5274,2025-05-16,11,0.250000000000001,0.90724,0.99609,0.0,0.17325,0.94529,0.0,0.0508,3,0.9166,0.99641,0.01117,0.76994,0.0003199999999999,-0.17535,0.17567,0.92231,0.99693,0.01747,0.81514,0.0008399999999999,-0.13015,0.1309899999999999
1093,CVE-2024-21887,2025-04-03,CVE-2024-29943,2025-05-19,11,0.7000000000000011,0.94416,0.99978,0.0,0.23938,0.95573,0.0,0.04405,1,0.94416,0.99979,0.23938,0.95584,9.99999999995449e-06,0.00011,-0.0001000000000001,0.94416,0.99977,0.42067,0.97251,-9.99999999995449e-06,0.01678,-0.0167899999999999
1093,CVE-2024-21887,2025-04-03,CVE-2024-5274,2025-05-16,9,0.55,0.94416,0.99978,0.0,0.17325,0.94517,0.0,0.05461,2,0.94416,0.99979,0.17325,0.94526,9.99999999995449e-06,9.00000000000345e-05,-8.000000000008001e-05,0.94416,0.99977,0.03278,0.86525,-9.99999999995449e-06,-0.0799199999999999,0.07991
1093,CVE-2024-21887,2025-04-03,CVE-2024-31989,2025-05-09,5,0.1499999999999996,0.94416,0.99978,0.0,0.08724,0.91684,0.0,0.08294,3,0.94416,0.99979,0.08724,0.91693,9.99999999995449e-06,9.00000000000345e-05,-8.000000000008001e-05,0.94416,0.99977,0.01423,0.7962,-9.99999999995449e-06,-0.1206399999999999,0.12063
1094,CVE-2024-21894,2025-04-17,CVE-2024-29943,2025-05-19,4,0.05,0.12221,0.93429,0.0,0.17035,0.94559,0.0,0.0113,1,0.12221,0.93427,0.17035,0.94564,-1.999999999990898e-05,4.999999999999449e-05,-6.999999999990347e-05,0.08128,0.91691,0.6321,0.98261,-0.0173799999999999,0.0370199999999999,-0.0543999999999998
1094,CVE-2024-21894,2025-04-17,CVE-2024-1709,2025-05-29,11,0.2499999999999992,0.12221,0.93429,0.0,0.94364,0.9995,0.0,0.0652100000000001,2,0.12221,0.93427,0.94364,0.99952,-1.999999999990898e-05,1.999999999990898e-05,-3.999999999981796e-05,0.08128,0.91691,0.94364,0.9995,-0.0173799999999999,0.0,-0.0173799999999999
1094,CVE-2024-21894,2025-04-17,CVE-2024-37014,2025-05-19,1,0.0,0.12221,0.93429,0.0,0.02498,0.84441,0.0,0.0898799999999999,3,0.12221,0.93427,0.02498,0.84445,-1.999999999990898e-05,4.000000000004e-05,-5.999999999994898e-05,0.08128,0.91691,0.02498,0.84517,-0.0173799999999999,0.0007599999999999,-0.0181399999999999
1095,CVE-2024-21924,2025-02-11,CVE-2024-22257,2025-05-30,5,0.05,0.00043,0.11476,1.0,0.00043,0.1146,0.0,0.00016,1,0.00043,0.11678,0.00043,0.11678,0.0020199999999999,0.00218,-0.00016,0.00043,0.11935,0.00043,0.11935,0.0045899999999999,0.00475,-0.00016
1096,CVE-2024-21925,2025-02-11,CVE-2024-22257,2025-05-30,5,0.05,0.00043,0.11476,1.0,0.00043,0.1146,0.0,0.00016,1,0.00043,0.11678,0.00043,0.11678,0.0020199999999999,0.00218,-0.00016,0.00043,0.11935,0.00043,0.11935,0.0045899999999999,0.00475,-0.00016
1105,CVE-2024-23108,2025-04-21,CVE-2024-1709,2025-05-29,1,0.05,0.89786,0.99519,0.0,0.94364,0.99951,0.0,0.0043199999999999,1,0.89828,0.99523,0.94364,0.99951,3.999999999992898e-05,0.0,3.999999999992898e-05,0.89786,0.99533,0.94364,0.9995,0.00014,-9.99999999995449e-06,0.0001499999999999
1107,CVE-2024-23222,2025-01-27,CVE-2024-7399,2025-05-06,2,0.0,0.0013,0.48907,0.0,0.00097,0.42159,0.0,0.0674799999999999,1,0.0027,0.67751,0.00097,0.42253,0.1884399999999999,0.0009399999999999,0.1874999999999999,0.00315,0.70256,0.00097,0.42415,0.2134899999999999,0.00256,0.2109299999999999
1108,CVE-2024-23346,2025-04-15,CVE-2024-29943,2025-05-19,7,0.55,0.28283,0.96159,0.0,0.17035,0.94542,0.0,0.0161699999999999,1,0.30046,0.96336,0.17035,0.94564,0.00177,0.0002199999999999,0.00155,0.30046,0.96374,0.6321,0.98259,0.00215,0.0371699999999999,-0.0350199999999998
1109,CVE-2024-23692,2025-03-28,CVE-2024-27198,2025-05-13,3,0.05,0.94336,0.99948,0.0,0.94582,1.0,0.0,0.0005199999999999,1,0.94282,0.9993,0.94582,1.0,-0.00018,0.0,-0.00018,0.94282,0.99925,0.94579,1.0,-0.00023,0.0,-0.00023
1109,CVE-2024-23692,2025-03-28,CVE-2024-29943,2025-05-19,4,0.05,0.94336,0.99948,0.0,0.24595,0.95667,0.0,0.04281,2,0.94282,0.9993,0.23938,0.95576,-0.00018,-0.0009099999999999,0.0007299999999998,0.94282,0.99925,0.17035,0.94571,-0.00023,-0.0109599999999999,0.0107299999999999
1109,CVE-2024-23692,2025-03-28,CVE-2024-21591,2025-05-07,2,0.05,0.94336,0.99948,0.0,0.0694,0.90548,0.0,0.094,3,0.94282,0.9993,0.0694,0.90576,-0.00018,0.00028,-0.0004600000000001,0.94282,0.99925,0.23476,0.95607,-0.00023,0.05059,-0.05082
1110,CVE-2024-23733,2025-04-16,CVE-2024-29944,2025-05-19,12,0.9500000000000004,0.00121,0.32349,0.0,0.00102,0.29365,0.0,0.0298399999999999,1,0.02119,0.83155,0.00119,0.32178,0.50806,0.0281299999999999,0.4799299999999999,0.02851,0.85513,0.00729,0.71467,0.5316399999999999,0.42102,0.1106199999999998
1110,CVE-2024-23733,2025-04-16,CVE-2024-22257,2025-05-30,11,0.7499999999999993,0.00121,0.32349,0.0,0.00192,0.41724,0.0,0.09375,2,0.02119,0.83155,0.00192,0.41706,0.50806,-0.00018,0.50824,0.02851,0.85513,0.00161,0.38074,0.5316399999999999,-0.0364999999999999,0.5681399999999999
1116,CVE-2024-23922,2025-04-08,CVE-2024-6484,2025-05-17,10,0.4499999999999994,0.00149,0.32188,0.0,0.00149,0.32244,0.0,0.00056,1,0.00126,0.33191,0.00038,0.10405,0.0100299999999999,-0.21839,0.2284199999999999,0.00125,0.33148,0.00044,0.13228,0.0095999999999999,-0.19016,0.19976
1116,CVE-2024-23922,2025-04-08,CVE-2024-36621,2025-05-09,4,0.3499999999999998,0.00149,0.32188,0.0,0.00097,0.2438,0.0,0.07808,2,0.00126,0.33191,0.00097,0.28266,0.0100299999999999,0.03886,-0.02883,0.00125,0.33148,0.00078,0.24267,0.0095999999999999,-0.0011299999999999,0.0107299999999999
1116,CVE-2024-23922,2025-04-08,CVE-2024-33663,2025-05-11,6,0.3499999999999998,0.00149,0.32188,0.0,0.00093,0.23656,0.0,0.08532,3,0.00126,0.33191,0.00041,0.11649,0.0100299999999999,-0.12007,0.1301,0.00125,0.33148,0.00041,0.11923,0.0095999999999999,-0.1173299999999999,0.12693
1119,CVE-2024-23942,2025-03-18,CVE-2024-0150,2025-05-17,1,0.05,0.00013,0.0106,0.0,0.0002,0.02977,0.0,0.01917,1,6e-05,0.00255,0.0002,0.02834,-0.00805,-0.00143,-0.0066199999999999,6e-05,0.00305,0.00023,0.04591,-0.0075499999999999,0.0161399999999999,-0.0236899999999999
1119,CVE-2024-23942,2025-03-18,CVE-2024-24582,2025-04-23,10,0.4500000000000003,0.00013,0.0106,0.0,0.00024,0.03951,0.0,0.02891,2,6e-05,0.00255,0.00024,0.03794,-0.00805,-0.00157,-0.0064799999999999,6e-05,0.00305,0.00024,0.0496,-0.0075499999999999,0.0100899999999999,-0.0176399999999999
1128,CVE-2024-24409,2025-04-09,CVE-2024-22257,2025-05-30,11,0.6500000000000015,0.00317,0.51835,0.0,0.00237,0.4408,0.0,0.0775499999999999,1,0.00215,0.4427,0.00192,0.41724,-0.07565,-0.02356,-0.0520899999999999,0.0226,0.83706,0.00148,0.36515,0.31871,-0.07565,0.3943600000000001
1134,CVE-2024-24582,2025-04-23,CVE-2024-39338,2025-05-27,1,0.0,0.00028,0.06168,0.0,0.00026,0.05352,0.0,0.00816,1,0.00028,0.06143,0.00029,0.06537,-0.00025,0.01185,-0.0121,0.00028,0.06232,0.0003,0.06846,0.00064,0.0149399999999999,-0.0142999999999999
1134,CVE-2024-24582,2025-04-23,CVE-2024-46687,2025-05-26,2,0.2999999999999998,0.00028,0.06168,0.0,0.00043,0.12832,0.0,0.0666399999999999,2,0.00028,0.06143,0.00043,0.12869,-0.00025,0.00037,-0.00062,0.00028,0.06232,0.00044,0.1331,0.00064,0.00478,-0.00414
1135,CVE-2024-24691,2025-04-17,CVE-2024-48061,2025-05-19,4,0.200000000000001,0.00344,0.56107,0.0,0.00432,0.61489,0.0,0.05382,1,0.00344,0.56112,0.00432,0.61484,4.999999999999449e-05,-4.999999999999449e-05,9.9999999999989e-05,0.00344,0.56283,0.00134,0.34498,0.00176,-0.26991,0.2716700000000001
1135,CVE-2024-24691,2025-04-17,CVE-2024-42835,2025-05-19,3,0.200000000000001,0.00344,0.56107,0.0,0.00475,0.63495,0.0,0.07388,2,0.00344,0.56112,0.00475,0.63504,4.999999999999449e-05,9.00000000000345e-05,-4.000000000004e-05,0.00344,0.56283,0.00475,0.63653,0.00176,0.00158,0.00018
1135,CVE-2024-24691,2025-04-17,CVE-2024-42509,2025-05-23,7,0.250000000000001,0.00344,0.56107,0.0,0.00246,0.47957,0.0,0.0814999999999999,3,0.00344,0.56112,0.00246,0.47911,4.999999999999449e-05,-0.00046,0.00051,0.00344,0.56283,0.00246,0.47988,0.00176,0.0003099999999999,0.0014500000000001
1140,CVE-2024-24919,2025-02-20,CVE-2024-28995,2025-04-17,5,0.05,0.96392,0.99713,0.0,0.96995,0.99854,0.0,0.00141,1,0.96392,0.99711,0.96995,0.99855,-1.999999999990898e-05,1.0000000000065512e-05,-2.999999999997449e-05,0.94289,0.99932,0.94287,0.99932,0.00219,0.00078,0.00141
1146,CVE-2024-2550,2024-12-27,CVE-2024-39894,2025-05-07,6,0.0,0.00043,0.10932,0.0,0.00044,0.14767,0.0,0.0383499999999999,1,0.00043,0.11013,0.00044,0.14874,0.00081,0.00107,-0.00026,0.00046,0.19265,0.00044,0.1522,0.0833299999999999,0.00453,0.0787999999999999
1147,CVE-2024-25641,2025-04-15,CVE-2024-29943,2025-05-19,7,0.7500000000000011,0.77883,0.98919,0.0,0.17035,0.94542,0.0,0.0437699999999999,1,0.80004,0.99026,0.17035,0.94564,0.00107,0.0002199999999999,0.00085,0.82023,0.9914,0.6321,0.98259,0.0022099999999999,0.0371699999999999,-0.0349599999999999
1153,CVE-2024-26170,2025-04-16,CVE-2024-21325,2025-05-19,3,0.0,0.01318,0.78724,0.0,0.00814,0.72981,0.0,0.05743,1,0.06014,0.90148,0.00814,0.73,0.1142399999999999,0.00019,0.1140499999999998,0.04645,0.88712,0.00814,0.73093,0.0998799999999999,0.00112,0.0987599999999999
1164,CVE-2024-27348,2025-04-09,CVE-2024-1709,2025-05-29,11,0.2499999999999992,0.93863,0.99865,0.0,0.94123,0.99902,0.0,0.0003699999999999,1,0.94079,0.99886,0.94364,0.9995,0.0002099999999999,0.00048,-0.0002700000000001,0.94251,0.99916,0.94364,0.9995,0.00051,0.00048,2.999999999997449e-05
1164,CVE-2024-27348,2025-04-09,CVE-2024-27198,2025-05-13,1,0.05,0.93863,0.99865,0.0,0.94582,1.0,0.0,0.0013499999999999,2,0.94079,0.99886,0.94579,1.0,0.0002099999999999,0.0,0.0002099999999999,0.94251,0.99916,0.94579,1.0,0.00051,0.0,0.00051
1164,CVE-2024-27348,2025-04-09,CVE-2024-29943,2025-05-19,2,0.05,0.93863,0.99865,0.0,0.23938,0.95582,0.0,0.04283,3,0.94079,0.99886,0.17035,0.94552,0.0002099999999999,-0.0102999999999999,0.0105099999999999,0.94251,0.99916,0.59083,0.9808,0.00051,0.02498,-0.0244699999999999
1171,CVE-2024-27746,2024-03-03,CVE-2024-2054,2025-04-09,8,0.0,0.00045,0.12438,0.0,0.00043,0.07027,3.0,0.05411,1,0.00084,0.34485,0.00043,0.07048,0.22047,0.00021,0.22026,0.00101,0.40576,0.00508,0.76135,0.28138,0.6910799999999999,-0.4096999999999999
1172,CVE-2024-27747,2024-03-03,CVE-2024-2054,2025-04-09,8,0.0,0.00045,0.12438,0.0,0.00043,0.07027,3.0,0.05411,1,0.00084,0.34485,0.00043,0.07048,0.22047,0.00021,0.22026,0.00101,0.40576,0.00508,0.76135,0.28138,0.6910799999999999,-0.4096999999999999
1174,CVE-2024-27876,2025-04-24,CVE-2024-46687,2025-05-26,5,2.55,0.00055,0.17409,0.0,0.00043,0.1284,0.0,0.04569,1,0.00055,0.17499,0.00043,0.12939,0.0009,0.00099,-9.000000000000674e-05,0.00022,0.04346,0.00044,0.13313,-0.13063,0.00473,-0.13536
1176,CVE-2024-28020,2024-10-30,CVE-2024-42845,2024-12-15,6,0.0,0.0005,0.20339,0.0,0.00045,0.16722,0.0,0.0361699999999999,1,0.0005,0.20385,0.00045,0.1679,0.00046,0.0006799999999999,-0.0002199999999999,0.0005,0.20868,0.00045,0.17294,0.00529,0.00572,-0.0004299999999999
1177,CVE-2024-28595,2024-03-20,CVE-2024-2054,2025-04-09,7,0.0,0.00043,0.07283,0.0,0.00043,0.07283,0.0,0.0,1,0.00101,0.40472,0.00508,0.76089,0.33189,0.6880599999999999,-0.3561699999999999,0.00101,0.40964,0.00508,0.76306,0.33681,0.6902299999999999,-0.3534199999999999
1178,CVE-2024-28726,2024-11-13,CVE-2024-42845,2024-12-15,1,0.0,0.00043,0.101,0.0,0.00045,0.16905,0.0,0.06805,1,0.00043,0.10278,0.00045,0.17084,0.0017799999999999,0.0017899999999999,-9.999999999996125e-06,0.00043,0.10843,0.00045,0.17777,0.0074299999999999,0.00872,-0.00129
1179,CVE-2024-28777,2025-02-19,CVE-2024-39304,2025-04-09,12,0.05,0.0005,0.21763,1.0,0.0005,0.21771,0.0,7.999999999999674e-05,1,0.0005,0.21734,0.0005,0.21734,-0.0002899999999999,-0.0003699999999999,7.999999999999674e-05,0.00075,0.19828,0.20878,0.95165,-0.0193499999999999,0.73394,-0.75329
1179,CVE-2024-28777,2025-02-19,CVE-2024-48827,2025-04-06,10,0.05,0.0005,0.21763,1.0,0.00045,0.17984,0.0,0.0377899999999999,2,0.0005,0.21734,0.00045,0.17937,-0.0002899999999999,-0.0004699999999999,0.00018,0.00075,0.19828,0.00531,0.64777,-0.0193499999999999,0.4679299999999999,-0.4872799999999999
1179,CVE-2024-28777,2025-02-19,CVE-2024-9054,2025-04-04,9,0.05,0.0005,0.21763,1.0,0.00064,0.30594,0.0,0.08831,3,0.0005,0.21734,0.00064,0.30535,-0.0002899999999999,-0.0005899999999999,0.0002999999999999,0.00075,0.19828,0.00952,0.74394,-0.0193499999999999,0.438,-0.45735
1183,CVE-2024-28991,2025-04-17,CVE-2024-29943,2025-05-19,7,0.8500000000000008,0.21307,0.95282,0.0,0.17035,0.94559,0.0,0.0072299999999999,1,0.27793,0.96122,0.17035,0.94564,0.0083999999999999,4.999999999999449e-05,0.0083499999999999,0.24609,0.95811,0.6321,0.98261,0.00529,0.0370199999999999,-0.0317299999999999
1184,CVE-2024-28995,2025-04-17,CVE-2024-20656,2025-05-18,8,0.8499999999999999,0.94441,0.99987,0.0,0.62083,0.98207,0.0,0.0178,1,0.94441,0.99986,0.62083,0.9821,-1.0000000000065512e-05,2.999999999997449e-05,-4.000000000004e-05,0.94441,0.99984,0.62165,0.98225,-3.0000000000085517e-05,0.0001799999999999,-0.00021
1184,CVE-2024-28995,2025-04-17,CVE-2024-20698,2025-05-18,9,0.8499999999999999,0.94441,0.99987,0.0,0.17205,0.94599,0.0,0.05388,2,0.94441,0.99986,0.17205,0.94604,-1.0000000000065512e-05,4.999999999999449e-05,-6.0000000000060005e-05,0.94441,0.99984,0.17205,0.94633,-3.0000000000085517e-05,0.00034,-0.00037
1188,CVE-2024-29059,2025-02-05,CVE-2024-20440,2025-03-20,1,0.0,0.69858,0.98245,0.0,0.05659,0.93296,0.0,0.04949,1,0.69152,0.98228,0.0468,0.92599,-0.00017,-0.00697,0.0068,0.84119,0.98767,0.0468,0.92685,0.00522,-0.00611,0.01133
1192,CVE-2024-2973,2025-02-18,CVE-2024-41110,2025-05-09,11,0.1499999999999996,0.00043,0.11678,0.0,0.00045,0.1659,0.0,0.04912,1,0.00043,0.11716,0.00045,0.1664,0.00038,0.0005,-0.0001199999999999,0.0027,0.4774,0.03401,0.86384,0.36062,0.69794,-0.33732
1195,CVE-2024-29849,2025-03-19,CVE-2024-27198,2025-05-13,12,0.05,0.6332,0.98206,0.0,0.94582,1.0,0.0,0.0179399999999999,1,0.6332,0.98254,0.94582,1.0,0.0004799999999999,0.0,0.0004799999999999,0.52716,0.97749,0.94579,1.0,-0.00457,0.0,-0.00457
1195,CVE-2024-29849,2025-03-19,CVE-2024-21591,2025-05-07,11,0.05,0.6332,0.98206,0.0,0.0694,0.90275,0.0,0.0793099999999999,2,0.6332,0.98254,0.0694,0.90467,0.0004799999999999,0.0019199999999999,-0.0014399999999999,0.52716,0.97749,0.23476,0.95597,-0.00457,0.0532199999999999,-0.05779
1199,CVE-2024-30078,2024-06-25,CVE-2024-5836,2024-10-17,11,0.05,0.00052,0.20388,0.0,0.00054,0.21967,0.0,0.01579,1,0.00052,0.20506,0.00054,0.22081,0.0011799999999999,0.00114,3.999999999998449e-05,0.00052,0.20799,0.00054,0.22402,0.00411,0.0043499999999999,-0.0002399999999999
1199,CVE-2024-30078,2024-06-25,CVE-2024-21113,2025-05-01,1,0.0,0.00052,0.20388,0.0,0.00046,0.163,0.0,0.04088,2,0.00052,0.20506,0.00046,0.1641,0.0011799999999999,0.0010999999999999,7.999999999999674e-05,0.00052,0.20799,0.00046,0.1677,0.00411,0.0046999999999999,-0.0005899999999999
1203,CVE-2024-30896,2025-04-08,CVE-2024-37014,2025-05-19,11,0.7500000000000011,0.0305,0.85539,0.0,0.01989,0.82082,0.0,0.0345699999999999,1,0.02873,0.85476,0.02498,0.84408,-0.00063,0.02326,-0.02389,0.02778,0.85272,0.02498,0.84467,-0.0026699999999999,0.02385,-0.0265199999999999
1203,CVE-2024-30896,2025-04-08,CVE-2024-37051,2025-05-16,6,0.250000000000001,0.0305,0.85539,0.0,0.05467,0.89269,0.0,0.0373,2,0.02873,0.85476,0.01769,0.81547,-0.00063,-0.0772199999999999,0.0765899999999999,0.02778,0.85272,0.01938,0.82393,-0.0026699999999999,-0.0687599999999999,0.0660899999999999
1203,CVE-2024-30896,2025-04-08,CVE-2024-31989,2025-05-09,3,0.1499999999999996,0.0305,0.85539,0.0,0.08724,0.91687,0.0,0.0614799999999999,3,0.02873,0.85476,0.02528,0.84509,-0.00063,-0.0717799999999999,0.0711499999999999,0.02778,0.85272,0.02528,0.84564,-0.0026699999999999,-0.07123,0.06856
1210,CVE-2024-32113,2024-05-19,CVE-2024-27348,2025-04-09,7,0.0,0.00045,0.14805,0.0,0.00045,0.14805,0.0,0.0,1,0.00115,0.45112,0.00045,0.15051,0.30307,0.00246,0.30061,0.07801,0.94238,0.00087,0.36935,0.79433,0.2213,0.5730299999999999
1217,CVE-2024-32896,2024-06-24,CVE-2024-21325,2025-05-19,12,0.0,0.00083,0.35603,0.0,0.00113,0.45121,0.0,0.0951799999999999,1,0.00083,0.35664,0.00113,0.45172,0.0006099999999999,0.00051,9.9999999999989e-05,0.00083,0.35879,0.00113,0.45331,0.0027599999999999,0.0020999999999999,0.0006599999999999
1220,CVE-2024-33559,2024-05-19,CVE-2024-23346,2025-04-15,1,0.0,0.00043,0.08596,0.0,0.00045,0.14805,0.0,0.0620899999999999,1,0.00085,0.36083,0.00045,0.15051,0.27487,0.00246,0.27241,0.00085,0.36341,0.00045,0.15484,0.27745,0.00679,0.27066
1225,CVE-2024-33896,2025-04-10,CVE-2024-26173,2025-05-16,9,0.6499999999999997,0.00848,0.72869,0.0,0.00862,0.73096,0.0,0.0022700000000001,1,0.06419,0.90494,0.00789,0.72579,0.17625,-0.00517,0.18142,0.06708,0.90737,0.00368,0.57776,0.17868,-0.1532,0.33188
1225,CVE-2024-33896,2025-04-10,CVE-2024-43452,2025-05-16,6,0.3499999999999998,0.00848,0.72869,0.0,0.00653,0.68653,0.0,0.0421599999999999,2,0.06419,0.90494,0.01069,0.76512,0.17625,0.07859,0.0976599999999999,0.06708,0.90737,0.01209,0.77889,0.17868,0.09236,0.08632
1225,CVE-2024-33896,2025-04-10,CVE-2024-26178,2025-05-16,10,0.6499999999999997,0.00848,0.72869,0.0,0.0059,0.66812,0.0,0.0605699999999999,3,0.06419,0.90494,0.0054,0.6632,0.17625,-0.00492,0.18117,0.06708,0.90737,0.00188,0.41307,0.17868,-0.25505,0.4337300000000001
1226,CVE-2024-3393,2024-12-27,CVE-2024-39894,2025-05-07,6,0.0,0.00043,0.1094,1.0,0.00044,0.14767,0.0,0.03827,1,0.01179,0.84812,0.00044,0.14874,0.73872,0.00107,0.73765,0.00783,0.81398,0.00044,0.1522,0.70458,0.00453,0.70005
1229,CVE-2024-34331,2025-02-24,CVE-2024-29943,2025-05-19,1,0.0,0.00043,0.11721,0.0,0.00046,0.18564,0.0,0.06843,1,0.00043,0.11745,0.00046,0.18838,0.00024,0.0027399999999999,-0.0024999999999999,0.00262,0.46519,0.24595,0.95615,0.34798,0.77051,-0.42253
1231,CVE-2024-34669,2024-10-30,CVE-2024-8376,2025-04-17,6,0.0,0.00043,0.09909,0.0,0.00044,0.11229,0.0,0.0132,1,0.00071,0.32107,0.00044,0.14182,0.22198,0.02953,0.19245,0.00071,0.32604,0.00145,0.51693,0.2269499999999999,0.40464,-0.17769
1238,CVE-2024-35057,2025-04-11,CVE-2024-39338,2025-05-27,3,0.05,0.00025,0.04061,0.0,0.00024,0.03776,0.0,0.0028499999999999,1,9e-05,0.0059,0.00026,0.05445,-0.03471,0.0166899999999999,-0.0513999999999999,9e-05,0.0059,0.0003,0.06885,-0.03471,0.0310899999999999,-0.0658
1239,CVE-2024-35058,2025-04-11,CVE-2024-39338,2025-05-27,3,0.05,0.00046,0.11125,0.0,0.00024,0.03776,0.0,0.07349,1,0.00033,0.08361,0.00026,0.05445,-0.0276399999999999,0.0166899999999999,-0.0443299999999999,0.00033,0.08224,0.0003,0.06885,-0.02901,0.0310899999999999,-0.0601
1240,CVE-2024-35059,2025-04-11,CVE-2024-39338,2025-05-27,3,0.05,0.0004,0.08846,0.0,0.00024,0.03776,0.0,0.0506999999999999,1,0.00013,0.01415,0.00026,0.05445,-0.07431,0.0166899999999999,-0.091,0.00013,0.01379,0.0003,0.06885,-0.07467,0.0310899999999999,-0.1057599999999999
1241,CVE-2024-35060,2025-04-11,CVE-2024-39338,2025-05-27,3,0.05,0.0004,0.08846,0.0,0.00024,0.03776,0.0,0.0506999999999999,1,0.00026,0.05483,0.00026,0.05445,-0.03363,0.0166899999999999,-0.05032,0.00026,0.05465,0.0003,0.06885,-0.03381,0.0310899999999999,-0.0648999999999999
1242,CVE-2024-35061,2025-04-11,CVE-2024-26178,2025-05-16,10,0.5,0.00614,0.67549,0.0,0.00639,0.68245,0.0,0.0069599999999999,1,0.00264,0.49736,0.0054,0.66337,-0.17813,-0.0190799999999999,-0.15905,0.00264,0.49718,0.00188,0.41283,-0.17831,-0.26962,0.09131
1242,CVE-2024-35061,2025-04-11,CVE-2024-26182,2025-05-16,11,0.5,0.00614,0.67549,0.0,0.00639,0.68245,0.0,0.0069599999999999,2,0.00264,0.49736,0.00883,0.74161,-0.17813,0.0591599999999999,-0.23729,0.00264,0.49718,0.05247,0.89427,-0.17831,0.21182,-0.39013
1242,CVE-2024-35061,2025-04-11,CVE-2024-43452,2025-05-16,4,0.2000000000000001,0.00614,0.67549,0.0,0.00727,0.70414,0.0,0.0286499999999999,3,0.00264,0.49736,0.01069,0.76522,-0.17813,0.06108,-0.23921,0.00264,0.49718,0.01209,0.77876,-0.17831,0.07462,-0.25293
1243,CVE-2024-35133,2025-04-05,CVE-2024-7264,2025-05-27,11,0.3499999999999998,0.0165,0.80408,0.0,0.01325,0.78201,0.0,0.02207,1,0.01687,0.80649,0.01325,0.78221,0.00241,0.0001999999999999,0.00221,0.00526,0.65823,0.02034,0.82794,-0.14585,0.04593,-0.19178
1243,CVE-2024-35133,2025-04-05,CVE-2024-9676,2025-05-09,8,0.3499999999999998,0.0165,0.80408,0.0,0.02605,0.84364,0.0,0.0395599999999999,2,0.01687,0.80649,0.02605,0.84386,0.00241,0.0002200000000001,0.0021899999999999,0.00526,0.65823,0.01291,0.78556,-0.14585,-0.0580799999999999,-0.0877700000000001
1250,CVE-2024-35539,2025-04-10,CVE-2024-33663,2025-05-11,1,0.05,0.00115,0.2724,0.0,0.00093,0.23714,0.0,0.0352599999999999,1,0.01989,0.82569,0.00041,0.11805,0.5532900000000001,-0.1190899999999999,0.6723800000000001,0.02625,0.8485,0.00041,0.119,0.5761000000000001,-0.11814,0.6942400000000001
1250,CVE-2024-35539,2025-04-10,CVE-2024-6484,2025-05-17,5,0.1499999999999996,0.00115,0.2724,0.0,0.00149,0.32314,0.0,0.05074,2,0.01989,0.82569,0.00035,0.0885,0.5532900000000001,-0.23464,0.78793,0.02625,0.8485,0.00044,0.13166,0.5761000000000001,-0.1914799999999999,0.76758
1257,CVE-2024-36401,2025-04-17,CVE-2024-1709,2025-05-29,11,0.2499999999999992,0.94418,0.99975,0.0,0.94364,0.9995,0.0,0.0002499999999999,1,0.94418,0.99974,0.94364,0.99952,-1.0000000000065512e-05,1.999999999990898e-05,-2.999999999997449e-05,0.94418,0.99974,0.94364,0.9995,-1.0000000000065512e-05,0.0,-1.0000000000065512e-05
1257,CVE-2024-36401,2025-04-17,CVE-2024-29943,2025-05-19,4,0.05,0.94418,0.99975,0.0,0.17035,0.94559,0.0,0.0541599999999999,2,0.94418,0.99974,0.17035,0.94564,-1.0000000000065512e-05,4.999999999999449e-05,-6.0000000000060005e-05,0.94418,0.99974,0.6321,0.98261,-1.0000000000065512e-05,0.0370199999999999,-0.03703
1258,CVE-2024-36424,2025-04-10,CVE-2024-26177,2025-05-16,1,0.05,0.03701,0.86913,0.0,0.01474,0.7929,0.0,0.0762299999999999,1,0.00911,0.74559,0.0135,0.79008,-0.1235399999999999,-0.00282,-0.1207199999999999,0.01341,0.78938,0.00612,0.68646,-0.0797499999999999,-0.10644,0.0266900000000001
1267,CVE-2024-37085,2025-04-17,CVE-2024-20656,2025-05-18,10,1.3,0.55217,0.97871,0.0,0.62083,0.98207,0.0,0.00336,1,0.53731,0.97803,0.62083,0.9821,-0.00068,2.999999999997449e-05,-0.0007099999999999,0.57211,0.97987,0.62165,0.98225,0.00116,0.0001799999999999,0.00098
1267,CVE-2024-37085,2025-04-17,CVE-2024-20698,2025-05-18,11,1.3,0.55217,0.97871,0.0,0.17205,0.94599,0.0,0.0327199999999999,2,0.53731,0.97803,0.17205,0.94604,-0.00068,4.999999999999449e-05,-0.00073,0.57211,0.97987,0.17205,0.94633,0.00116,0.00034,0.00082
1274,CVE-2024-37361,2025-02-20,CVE-2024-41110,2025-05-09,2,0.05,0.00043,0.11709,0.0,0.00045,0.16622,0.0,0.04913,1,0.00043,0.11767,0.00045,0.16772,0.0005799999999999,0.0015,-0.00092,0.00056,0.14345,0.00994,0.74987,0.0263599999999999,0.58365,-0.5572900000000001
1275,CVE-2024-37383,2024-10-15,CVE-2024-42831,2025-04-02,4,0.05,0.00045,0.1644,0.0,0.00045,0.1644,0.0,0.0,1,0.00045,0.16558,0.00045,0.16558,0.00118,0.00118,0.0,0.03646,0.91976,0.00045,0.16882,0.75536,0.00442,0.75094
1275,CVE-2024-37383,2024-10-15,CVE-2024-37732,2025-04-09,6,0.05,0.00045,0.1644,0.0,0.00046,0.17845,0.0,0.01405,2,0.00045,0.16558,0.00046,0.17973,0.00118,0.00128,-9.9999999999989e-05,0.03646,0.91976,0.00046,0.1828,0.75536,0.0043499999999999,0.7510100000000001
1275,CVE-2024-37383,2024-10-15,CVE-2024-43687,2025-04-04,5,0.05,0.00045,0.1644,0.0,0.00043,0.09705,0.0,0.06735,3,0.00045,0.16558,0.00046,0.17973,0.00118,0.08268,-0.0814999999999999,0.03646,0.91976,0.00046,0.1828,0.75536,0.0857499999999999,0.66961
1278,CVE-2024-37567,2025-02-28,CVE-2024-30896,2025-04-08,8,0.05,0.00043,0.11771,0.0,0.00043,0.11771,0.0,0.0,1,0.00043,0.11868,0.00043,0.11868,0.0009699999999999,0.0009699999999999,0.0,0.00039,0.08573,0.0305,0.85475,-0.0319799999999999,0.73704,-0.76902
1278,CVE-2024-37567,2025-02-28,CVE-2024-53537,2025-04-14,9,0.05,0.00043,0.11771,0.0,0.00043,0.11771,0.0,0.0,2,0.00043,0.11868,0.00043,0.11868,0.0009699999999999,0.0009699999999999,0.0,0.00039,0.08573,0.00457,0.6107,-0.0319799999999999,0.49299,-0.52497
1278,CVE-2024-37567,2025-02-28,CVE-2024-38475,2025-04-25,11,0.05,0.00043,0.11771,0.0,0.00043,0.11771,0.0,0.0,3,0.00043,0.11868,0.00043,0.11868,0.0009699999999999,0.0009699999999999,0.0,0.00039,0.08573,0.7682,0.98894,-0.0319799999999999,0.8712300000000001,-0.90321
1279,CVE-2024-37732,2025-04-09,CVE-2024-6485,2025-05-17,3,0.3500000000000007,0.00391,0.57377,0.0,0.00312,0.51457,0.0,0.0592,1,0.01583,0.80531,0.00042,0.12337,0.2315399999999999,-0.3912,0.62274,0.01673,0.81109,0.0005,0.15456,0.2373199999999999,-0.3600099999999999,0.5973299999999999
1279,CVE-2024-37732,2025-04-09,CVE-2024-6531,2025-05-17,4,0.3500000000000007,0.00391,0.57377,0.0,0.00312,0.51457,0.0,0.0592,2,0.01583,0.80531,0.00037,0.10286,0.2315399999999999,-0.4117099999999999,0.6432499999999999,0.01673,0.81109,0.00044,0.13071,0.2373199999999999,-0.38386,0.62118
1282,CVE-2024-38030,2025-01-14,CVE-2024-38200,2025-04-03,2,0.05,0.00351,0.71722,0.0,0.00276,0.67937,0.0,0.0378499999999999,1,0.00351,0.71775,0.00276,0.68001,0.00053,0.0006399999999999,-0.0001099999999999,0.00351,0.71889,0.00276,0.68154,0.00167,0.00217,-0.0004999999999999
1283,CVE-2024-38058,2025-01-15,CVE-2024-24557,2025-05-09,9,0.1500000000000005,0.00048,0.19691,0.0,0.00053,0.23928,0.0,0.0423699999999999,1,0.00048,0.19808,0.00053,0.24069,0.00117,0.0014099999999999,-0.0002399999999999,0.00048,0.20056,0.00053,0.2437,0.0036499999999999,0.00442,-0.00077
1283,CVE-2024-38058,2025-01-15,CVE-2024-23922,2025-04-08,3,0.05,0.00048,0.19691,0.0,0.00058,0.26794,0.0,0.07103,2,0.00048,0.19808,0.00058,0.26937,0.00117,0.0014299999999999,-0.0002599999999999,0.00048,0.20056,0.00058,0.27247,0.0036499999999999,0.0045299999999999,-0.0008799999999999
1283,CVE-2024-38058,2025-01-15,CVE-2024-40893,2025-03-17,1,0.05,0.00048,0.19691,0.0,0.00043,0.11546,0.0,0.08145,3,0.00048,0.19808,0.00043,0.11657,0.00117,0.0011099999999999,6.0000000000004494e-05,0.00048,0.20056,0.00043,0.11926,0.0036499999999999,0.0038,-0.00015
1284,CVE-2024-38063,2024-08-14,CVE-2024-6407,2025-04-22,7,0.0,0.00091,0.39582,0.0,0.00087,0.37673,0.0,0.0190899999999999,1,0.00125,0.47792,0.00087,0.37703,0.0821,0.0002999999999999,0.0818,0.00125,0.47908,0.00087,0.37777,0.08326,0.0010399999999999,0.08222
1284,CVE-2024-38063,2024-08-14,CVE-2024-4885,2025-03-04,3,0.0,0.00091,0.39582,0.0,0.00072,0.31814,0.0,0.07768,2,0.00125,0.47792,0.00072,0.3186,0.0821,0.00046,0.0816399999999999,0.00125,0.47908,0.03601,0.91845,0.08326,0.60031,-0.51705
1285,CVE-2024-38106,2024-09-10,CVE-2024-40892,2025-03-17,6,0.1499999999999996,0.00043,0.10066,0.0,0.00043,0.09537,0.0,0.00529,1,0.00043,0.10133,0.00043,0.09608,0.00067,0.00071,-3.999999999999837e-05,0.00043,0.10213,0.00043,0.09688,0.0014699999999999,0.0015099999999999,-3.999999999999837e-05
1285,CVE-2024-38106,2024-09-10,CVE-2024-38227,2024-10-17,10,0.2000000000000001,0.00043,0.10066,0.0,0.00049,0.19586,1.0,0.0952,2,0.00043,0.10133,0.00049,0.19555,0.00067,-0.00031,0.00098,0.00043,0.10213,0.00046,0.16826,0.0014699999999999,-0.0276,0.02907
1286,CVE-2024-38112,2025-04-17,CVE-2024-20656,2025-05-18,3,0.3499999999999998,0.91779,0.99653,0.0,0.62083,0.98207,0.0,0.01446,1,0.91779,0.99653,0.62083,0.9821,0.0,2.999999999997449e-05,-2.999999999997449e-05,0.91779,0.99656,0.62165,0.98225,2.999999999997449e-05,0.0001799999999999,-0.0001499999999999
1286,CVE-2024-38112,2025-04-17,CVE-2024-20698,2025-05-18,4,0.3499999999999998,0.91779,0.99653,0.0,0.17205,0.94599,0.0,0.05054,2,0.91779,0.99653,0.17205,0.94604,0.0,4.999999999999449e-05,-4.999999999999449e-05,0.91779,0.99656,0.17205,0.94633,2.999999999997449e-05,0.00034,-0.00031
1288,CVE-2024-38193,2025-04-17,CVE-2024-20656,2025-05-18,1,0.05,0.82355,0.99155,0.0,0.62083,0.98207,0.0,0.00948,1,0.77241,0.98889,0.62083,0.9821,-0.0026599999999999,2.999999999997449e-05,-0.0026899999999999,0.78409,0.98959,0.62165,0.98225,-0.00196,0.0001799999999999,-0.00214
1288,CVE-2024-38193,2025-04-17,CVE-2024-20698,2025-05-18,2,0.05,0.82355,0.99155,0.0,0.17205,0.94599,0.0,0.04556,2,0.77241,0.98889,0.17205,0.94604,-0.0026599999999999,4.999999999999449e-05,-0.0027099999999999,0.78409,0.98959,0.17205,0.94633,-0.00196,0.00034,-0.0023
1290,CVE-2024-38213,2025-01-21,CVE-2024-38200,2025-04-03,2,0.05,0.00311,0.69878,0.0,0.00276,0.68001,0.0,0.0187699999999999,1,0.003,0.69433,0.00276,0.68079,-0.0044499999999999,0.00078,-0.0052299999999999,0.003,0.69543,0.00276,0.68215,-0.0033499999999999,0.00214,-0.0054899999999999
1291,CVE-2024-38227,2024-10-17,CVE-2024-41710,2025-01-29,9,0.05,0.00046,0.1686,0.0,0.00045,0.16432,0.0,0.00428,1,0.00046,0.1698,0.00045,0.16552,0.0012,0.0012,0.0,0.00046,0.17379,0.00045,0.1695,0.00519,0.00518,9.999999999982244e-06
1291,CVE-2024-38227,2024-10-17,CVE-2024-44871,2025-03-27,11,0.05,0.00046,0.1686,0.0,0.0005,0.2016,0.0,0.033,2,0.00046,0.1698,0.0005,0.20264,0.0012,0.0010399999999999,0.00016,0.00046,0.17379,0.0005,0.20623,0.00519,0.0046299999999999,0.00056
1292,CVE-2024-38291,2025-02-28,CVE-2024-4007,2025-04-03,6,0.05,0.00043,0.11771,0.0,0.00043,0.11771,0.0,0.0,1,0.00043,0.11868,0.00043,0.11868,0.0009699999999999,0.0009699999999999,0.0,0.0004,0.08741,0.00087,0.22251,-0.0302999999999999,0.1048,-0.1351
1292,CVE-2024-38291,2025-02-28,CVE-2024-48827,2025-04-06,8,0.05,0.00043,0.11771,0.0,0.00045,0.18251,0.0,0.0648,2,0.00043,0.11868,0.00045,0.1835,0.0009699999999999,0.0009899999999999,-1.999999999999225e-05,0.0004,0.08741,0.00531,0.64624,-0.0302999999999999,0.46373,-0.49403
1294,CVE-2024-38310,2025-02-12,CVE-2024-22257,2025-05-30,5,0.05,0.00043,0.11499,1.0,0.00043,0.11476,0.0,0.0002299999999999,1,0.00043,0.11699,0.00043,0.11699,0.002,0.0022299999999999,-0.0002299999999999,0.00043,0.1198,0.00043,0.1198,0.00481,0.00504,-0.0002299999999999
1296,CVE-2024-38392,2025-04-03,CVE-2024-4990,2025-05-05,2,0.05,0.00053,0.13747,0.0,0.0008,0.20856,0.0,0.0710899999999999,1,0.00135,0.30128,0.0008,0.20876,0.1638099999999999,0.0002,0.1636099999999999,0.00135,0.34771,0.00033,0.08169,0.21024,-0.1268699999999999,0.33711
1298,CVE-2024-38475,2025-04-25,CVE-2024-1709,2025-05-29,5,0.9500000000000004,0.6298,0.98244,0.0,0.94364,0.99952,0.0,0.0170799999999999,1,0.79189,0.98995,0.94364,0.99952,0.00751,0.0,0.00751,0.92401,0.99709,0.94364,0.99952,0.01465,0.0,0.01465
1300,CVE-2024-38526,2024-10-09,CVE-2024-44871,2025-03-27,11,0.05,0.00065,0.29462,0.0,0.0005,0.20081,0.0,0.09381,1,0.00065,0.29569,0.0005,0.20146,0.00107,0.00065,0.00042,0.00065,0.29849,0.0005,0.20411,0.0038699999999999,0.0033,0.0005699999999999
1305,CVE-2024-38796,2025-04-23,CVE-2024-46687,2025-05-26,5,2.1499999999999995,0.00043,0.1272,0.0,0.00043,0.12832,0.0,0.0011199999999999,1,0.00043,0.12754,0.00043,0.12869,0.0003399999999999,0.00037,-3.0000000000030003e-05,0.00048,0.15035,0.00044,0.1331,0.02315,0.00478,0.0183699999999999
1305,CVE-2024-38796,2025-04-23,CVE-2024-39338,2025-05-27,4,1.85,0.00043,0.1272,0.0,0.00026,0.05352,0.0,0.07368,2,0.00043,0.12754,0.00029,0.06537,0.0003399999999999,0.01185,-0.01151,0.00048,0.15035,0.0003,0.06846,0.02315,0.0149399999999999,0.00821
1306,CVE-2024-38812,2025-03-04,CVE-2024-2054,2025-04-09,8,0.05,0.00416,0.74261,0.0,0.00453,0.75379,0.0,0.0111799999999999,1,0.00416,0.74289,0.00453,0.75411,0.00028,0.0003199999999999,-3.999999999992898e-05,0.85654,0.99334,0.81671,0.99142,0.25073,0.23763,0.0131
1307,CVE-2024-38813,2025-03-04,CVE-2024-38112,2025-04-17,12,0.05,0.00416,0.74261,0.0,0.00498,0.76485,0.0,0.02224,1,0.00416,0.74289,0.01119,0.84749,0.00028,0.0826399999999999,-0.0823599999999998,0.38825,0.96973,0.87462,0.99423,0.22712,0.2293799999999999,-0.0022599999999999
1308,CVE-2024-38814,2025-04-17,CVE-2024-21325,2025-05-19,10,1.050000000000001,0.01178,0.77559,0.0,0.00814,0.73008,0.0,0.04551,1,0.01178,0.77559,0.00814,0.73006,0.0,-1.999999999990898e-05,1.999999999990898e-05,0.01316,0.78794,0.00814,0.73103,0.0123499999999999,0.00095,0.0113999999999999
1309,CVE-2024-38944,2025-04-09,CVE-2024-37014,2025-05-19,3,0.05,0.01672,0.80532,0.0,0.01989,0.82095,0.0,0.0156299999999999,1,0.02372,0.84015,0.02498,0.84421,0.0348299999999999,0.02326,0.0115699999999998,0.02372,0.84083,0.02498,0.84474,0.0355099999999999,0.02379,0.0117199999999998
1310,CVE-2024-39143,2025-04-09,CVE-2024-6383,2025-05-17,10,0.1500000000000005,0.00126,0.28794,0.0,0.00163,0.33985,0.0,0.05191,1,0.00076,0.23592,0.00118,0.3193,-0.0520199999999999,-0.02055,-0.0314699999999999,0.0008,0.24856,0.0015,0.36802,-0.0393799999999999,0.02817,-0.06755
1310,CVE-2024-39143,2025-04-09,CVE-2024-26626,2025-05-20,7,0.1499999999999996,0.00126,0.28794,0.0,0.00091,0.23259,0.0,0.0553499999999999,2,0.00076,0.23592,0.00016,0.0235,-0.0520199999999999,-0.20909,0.15707,0.0008,0.24856,0.00018,0.02853,-0.0393799999999999,-0.20406,0.16468
1310,CVE-2024-39143,2025-04-09,CVE-2024-26627,2025-05-20,8,0.1499999999999996,0.00126,0.28794,0.0,0.0009,0.23147,0.0,0.0564699999999999,3,0.00076,0.23592,0.00013,0.01311,-0.0520199999999999,-0.21836,0.16634,0.0008,0.24856,0.00013,0.01269,-0.0393799999999999,-0.21878,0.1794
1311,CVE-2024-39272,2025-02-06,CVE-2024-47460,2025-05-23,7,0.05,0.00043,0.11478,1.0,0.00043,0.11479,0.0,1.000000000001e-05,1,0.00043,0.11499,0.00043,0.11499,0.00021,0.0001999999999999,1.000000000001e-05,0.00043,0.1187,0.00043,0.1187,0.00392,0.0039099999999999,1.000000000001e-05
1311,CVE-2024-39272,2025-02-06,CVE-2024-31989,2025-05-09,6,0.05,0.00043,0.11478,1.0,0.00042,0.05099,0.0,0.0637899999999999,2,0.00043,0.11499,0.00042,0.05064,0.00021,-0.00035,0.00056,0.00043,0.1187,0.00042,0.05048,0.00392,-0.00051,0.00443
1312,CVE-2024-39304,2025-04-09,CVE-2024-1708,2025-05-13,8,0.4500000000000003,0.20878,0.95148,0.0,0.76932,0.98905,0.0,0.0375699999999999,1,0.0054,0.66292,0.47068,0.97474,-0.28856,-0.0143099999999999,-0.2742500000000001,0.0054,0.66397,0.42165,0.9725,-0.28751,-0.0165499999999999,-0.2709600000000001
1313,CVE-2024-39327,2025-02-18,CVE-2024-41110,2025-05-09,2,0.05,0.00043,0.11699,1.0,0.00045,0.1659,0.0,0.0489099999999999,1,0.00043,0.11716,0.00045,0.1664,0.00017,0.0005,-0.0003299999999999,0.00043,0.09847,0.03401,0.86384,-0.0185199999999999,0.69794,-0.71646
1315,CVE-2024-3935,2025-04-17,CVE-2024-47461,2025-05-23,5,1.0000000000000002,0.00203,0.42963,0.0,0.00251,0.4846,0.0,0.0549699999999999,1,0.00156,0.37439,0.00251,0.48423,-0.05524,-0.0003699999999999,-0.05487,0.00203,0.42979,0.00251,0.48516,0.0001599999999999,0.00056,-0.0004
1315,CVE-2024-3935,2025-04-17,CVE-2024-29073,2025-05-18,9,1.2500000000000002,0.00203,0.42963,0.0,0.00133,0.34348,0.0,0.08615,2,0.00156,0.37439,0.00133,0.34296,-0.05524,-0.00052,-0.0547199999999999,0.00203,0.42979,0.00144,0.35879,0.0001599999999999,0.0153099999999999,-0.0151499999999999
1316,CVE-2024-39368,2024-11-13,CVE-2024-42845,2024-12-15,1,0.0,0.00043,0.10146,1.0,0.00045,0.16905,0.0,0.06759,1,0.00043,0.10278,0.00045,0.17084,0.00132,0.0017899999999999,-0.0004699999999999,0.00043,0.10843,0.00045,0.17777,0.00697,0.00872,-0.00175
1331,CVE-2024-39780,2025-04-02,CVE-2024-29944,2025-05-19,3,0.05,0.00063,0.16806,0.0,0.00066,0.1766,0.0,0.00854,1,0.00074,0.19723,0.00066,0.17688,0.02917,0.00028,0.02889,0.00074,0.23412,0.00729,0.71517,0.06606,0.53857,-0.47251
1331,CVE-2024-39780,2025-04-02,CVE-2024-43201,2025-05-04,12,0.4500000000000003,0.00063,0.16806,0.0,0.00056,0.14649,0.0,0.0215699999999999,2,0.00074,0.19723,0.00056,0.14705,0.02917,0.0005599999999999,0.02861,0.00074,0.23412,0.00049,0.15331,0.06606,0.0068199999999999,0.05924
1331,CVE-2024-39780,2025-04-02,CVE-2024-39936,2025-05-17,5,0.2499999999999992,0.00063,0.16806,0.0,0.00081,0.21022,0.0,0.04216,3,0.00074,0.19723,0.00081,0.21024,0.02917,2.000000000002e-05,0.0291499999999999,0.00074,0.23412,0.00103,0.29607,0.06606,0.08585,-0.01979
1354,CVE-2024-4007,2025-04-03,CVE-2024-39936,2025-05-17,10,0.250000000000001,0.00087,0.22407,0.0,0.00081,0.21041,0.0,0.0136599999999999,1,0.0116,0.76776,0.00081,0.21066,0.54369,0.0002499999999999,0.54344,0.00984,0.75702,0.00103,0.29616,0.53295,0.0857499999999999,0.4472
1354,CVE-2024-4007,2025-04-03,CVE-2024-39690,2025-05-09,11,0.4500000000000003,0.00087,0.22407,0.0,0.00126,0.28808,0.0,0.06401,2,0.0116,0.76776,0.00126,0.28831,0.54369,0.00023,0.54346,0.00984,0.75702,0.00098,0.28701,0.53295,-0.00107,0.53402
1354,CVE-2024-4007,2025-04-03,CVE-2024-43201,2025-05-04,1,0.05,0.00087,0.22407,0.0,0.00056,0.14656,0.0,0.07751,3,0.0116,0.76776,0.00056,0.14743,0.54369,0.00087,0.54282,0.00984,0.75702,0.00049,0.15358,0.53295,0.0070199999999999,0.52593
1355,CVE-2024-4040,2025-03-25,CVE-2024-27198,2025-05-13,4,0.05,0.94274,0.99928,0.0,0.94582,1.0,0.0,0.00072,1,0.94274,0.99929,0.94582,1.0,1.0000000000065512e-05,0.0,1.0000000000065512e-05,0.94412,0.99972,0.94579,1.0,0.0004400000000001,0.0,0.0004400000000001
1355,CVE-2024-4040,2025-03-25,CVE-2024-29943,2025-05-19,1,0.0,0.94274,0.99928,0.0,0.24595,0.9563,0.0,0.0429799999999999,2,0.94274,0.99929,0.24595,0.95677,1.0000000000065512e-05,0.0004699999999999,-0.0004599999999999,0.94412,0.99972,0.17035,0.94564,0.0004400000000001,-0.01066,0.0111000000000001
1355,CVE-2024-4040,2025-03-25,CVE-2024-21591,2025-05-07,3,0.05,0.94274,0.99928,0.0,0.0694,0.90489,0.0,0.0943899999999999,3,0.94274,0.99929,0.0694,0.90556,1.0000000000065512e-05,0.00067,-0.0006599999999999,0.94412,0.99972,0.23476,0.95598,0.0004400000000001,0.05109,-0.0506499999999999
1357,CVE-2024-40446,2025-04-23,CVE-2024-39338,2025-05-27,9,2.6000000000000005,0.00019,0.03464,0.0,0.00026,0.05352,0.0,0.01888,1,0.00102,0.29313,0.00029,0.06537,0.25849,0.01185,0.24664,0.00102,0.29335,0.0003,0.06846,0.25871,0.0149399999999999,0.24377
1357,CVE-2024-40446,2025-04-23,CVE-2024-46687,2025-05-26,8,2.3000000000000007,0.00019,0.03464,0.0,0.00043,0.12832,0.0,0.0936799999999999,2,0.00102,0.29313,0.00043,0.12869,0.25849,0.00037,0.25812,0.00102,0.29335,0.00044,0.1331,0.25871,0.00478,0.25393
1358,CVE-2024-4058,2025-04-17,CVE-2024-21325,2025-05-19,10,1.050000000000001,0.01512,0.80158,0.0,0.00814,0.73008,0.0,0.0715,1,0.01512,0.80162,0.00814,0.73006,4.000000000004e-05,-1.999999999990898e-05,5.999999999994898e-05,0.01512,0.80241,0.00814,0.73103,0.0008299999999999,0.00095,-0.00012
1370,CVE-2024-40711,2025-04-17,CVE-2024-29943,2025-05-19,4,0.05,0.41018,0.97159,0.0,0.17035,0.94559,0.0,0.0259999999999999,1,0.49658,0.97615,0.17035,0.94564,0.00456,4.999999999999449e-05,0.00451,0.41018,0.97193,0.6321,0.98261,0.00034,0.0370199999999999,-0.0366799999999999
1370,CVE-2024-40711,2025-04-17,CVE-2024-1709,2025-05-29,11,0.2499999999999992,0.41018,0.97159,0.0,0.94364,0.9995,0.0,0.0279100000000001,2,0.49658,0.97615,0.94364,0.99952,0.00456,1.999999999990898e-05,0.00454,0.41018,0.97193,0.94364,0.9995,0.00034,0.0,0.00034
1374,CVE-2024-40766,2025-04-17,CVE-2024-29943,2025-05-19,4,0.05,0.18328,0.94812,0.0,0.17035,0.94559,0.0,0.0025299999999999,1,0.18328,0.94818,0.17035,0.94564,6.0000000000060005e-05,4.999999999999449e-05,1.0000000000065512e-05,0.15779,0.94345,0.6321,0.98261,-0.0046699999999999,0.0370199999999999,-0.0416899999999998
1374,CVE-2024-40766,2025-04-17,CVE-2024-1709,2025-05-29,11,0.2499999999999992,0.18328,0.94812,0.0,0.94364,0.9995,0.0,0.05138,2,0.18328,0.94818,0.94364,0.99952,6.0000000000060005e-05,1.999999999990898e-05,4.000000000015103e-05,0.15779,0.94345,0.94364,0.9995,-0.0046699999999999,0.0,-0.0046699999999999
1375,CVE-2024-40771,2025-01-16,CVE-2024-53197,2025-02-28,2,0.05,0.00044,0.1508,0.0,0.00044,0.1508,0.0,0.0,1,0.00044,0.15189,0.00044,0.15189,0.00109,0.00109,0.0,0.00044,0.15434,0.00044,0.15434,0.00354,0.00354,0.0
1375,CVE-2024-40771,2025-01-16,CVE-2024-38193,2025-04-17,7,0.05,0.00044,0.1508,0.0,0.00043,0.11391,0.0,0.0368899999999999,2,0.00044,0.15189,0.00043,0.11507,0.00109,0.00116,-7.000000000000062e-05,0.00044,0.15434,0.00043,0.11763,0.00354,0.00372,-0.0001799999999999
1375,CVE-2024-40771,2025-01-16,CVE-2024-43085,2025-04-28,12,0.05,0.00044,0.1508,0.0,0.00043,0.11287,0.0,0.0379299999999999,3,0.00044,0.15189,0.00043,0.11403,0.00109,0.00116,-7.000000000000062e-05,0.00044,0.15434,0.00043,0.1166,0.00354,0.0037299999999999,-0.0001899999999999
1376,CVE-2024-40864,2025-04-01,CVE-2024-7598,2025-05-09,2,0.4499999999999999,0.00043,0.09825,0.0,0.00022,0.03445,0.0,0.0638,1,0.00037,0.08082,0.00022,0.0344,-0.01743,-5.000000000000143e-05,-0.01738,0.00037,0.10269,0.00026,0.05461,0.0044399999999999,0.0201599999999999,-0.0157199999999999
1376,CVE-2024-40864,2025-04-01,CVE-2024-10445,2025-05-02,8,1.9,0.00043,0.09825,0.0,0.00021,0.03267,0.0,0.06558,2,0.00037,0.08082,0.00021,0.03232,-0.01743,-0.0003499999999999,-0.01708,0.00037,0.10269,0.00042,0.12525,0.0044399999999999,0.09258,-0.08814
1376,CVE-2024-40864,2025-04-01,CVE-2024-6381,2025-05-17,6,1.6,0.00043,0.09825,0.0,0.00063,0.16565,0.0,0.0673999999999999,3,0.00037,0.08082,0.00063,0.16636,-0.01743,0.00071,-0.01814,0.00037,0.10269,0.00048,0.14802,0.0044399999999999,-0.0176299999999999,0.0220699999999999
1380,CVE-2024-40893,2025-03-17,CVE-2024-37085,2025-04-17,1,0.05,0.26252,0.95863,0.0,0.76063,0.98861,0.0,0.02998,1,0.19311,0.94869,0.76063,0.98883,-0.0099399999999999,0.0002199999999999,-0.0101599999999999,0.04272,0.88168,0.57211,0.97964,-0.0769499999999999,-0.00897,-0.0679799999999999
1387,CVE-2024-41334,2025-02-28,CVE-2024-4007,2025-04-03,6,0.05,0.00043,0.11771,0.0,0.00043,0.11771,0.0,0.0,1,0.00043,0.11868,0.00043,0.11868,0.0009699999999999,0.0009699999999999,0.0,0.00053,0.13444,0.00087,0.22251,0.01673,0.1048,-0.08807
1387,CVE-2024-41334,2025-02-28,CVE-2024-48827,2025-04-06,8,0.05,0.00043,0.11771,0.0,0.00045,0.18251,0.0,0.0648,2,0.00043,0.11868,0.00045,0.1835,0.0009699999999999,0.0009899999999999,-1.999999999999225e-05,0.00053,0.13444,0.00531,0.64624,0.01673,0.46373,-0.447
1388,CVE-2024-41339,2025-02-28,CVE-2024-4007,2025-04-03,6,0.05,0.00043,0.11771,0.0,0.00043,0.11771,0.0,0.0,1,0.00043,0.11868,0.00043,0.11868,0.0009699999999999,0.0009699999999999,0.0,0.00093,0.23686,0.00087,0.22251,0.1191499999999999,0.1048,0.0143499999999999
1388,CVE-2024-41339,2025-02-28,CVE-2024-48827,2025-04-06,8,0.05,0.00043,0.11771,0.0,0.00045,0.18251,0.0,0.0648,2,0.00043,0.11868,0.00045,0.1835,0.0009699999999999,0.0009899999999999,-1.999999999999225e-05,0.00093,0.23686,0.00531,0.64624,0.1191499999999999,0.46373,-0.34458
1389,CVE-2024-41340,2025-02-28,CVE-2024-46278,2025-04-16,7,0.05,0.00043,0.11771,0.0,0.00043,0.11771,0.0,0.0,1,0.00043,0.11868,0.00043,0.11868,0.0009699999999999,0.0009699999999999,0.0,0.00018,0.02472,0.03602,0.86671,-0.0929899999999999,0.749,-0.84199
1389,CVE-2024-41340,2025-02-28,CVE-2024-29944,2025-05-19,10,0.05,0.00043,0.11771,0.0,0.00045,0.18834,0.0,0.07063,2,0.00043,0.11868,0.00045,0.18932,0.0009699999999999,0.0009799999999999,-9.999999999982244e-06,0.00018,0.02472,0.00106,0.25752,-0.0929899999999999,0.06918,-0.16217
1390,CVE-2024-41710,2025-01-29,CVE-2024-35061,2025-04-11,8,0.1499999999999996,0.00045,0.17795,0.0,0.00045,0.17795,0.0,0.0,1,0.00045,0.17834,0.00045,0.17834,0.00039,0.00039,0.0,0.01183,0.85179,0.00045,0.18251,0.67384,0.00456,0.66928
1390,CVE-2024-41710,2025-01-29,CVE-2024-12987,2025-05-17,12,0.1499999999999996,0.00045,0.17795,0.0,0.00046,0.1871,0.0,0.0091499999999999,2,0.00045,0.17834,0.00046,0.18716,0.00039,6.0000000000004494e-05,0.0003299999999999,0.01183,0.85179,0.00046,0.19145,0.67384,0.00435,0.6694899999999999
1390,CVE-2024-41710,2025-01-29,CVE-2024-44871,2025-03-27,1,0.05,0.00045,0.17795,0.0,0.0005,0.21539,0.0,0.03744,3,0.00045,0.17834,0.0005,0.21561,0.00039,0.0002199999999999,0.00017,0.01183,0.85179,0.0005,0.22027,0.67384,0.0048799999999999,0.66896
1396,CVE-2024-41788,2025-04-08,CVE-2024-47460,2025-05-23,4,0.1499999999999996,0.00205,0.39852,0.0,0.00205,0.39816,0.0,0.0003599999999999,1,0.0027,0.50064,0.00102,0.29309,0.1021199999999999,-0.10507,0.2071899999999999,0.0027,0.50192,0.00102,0.29404,0.1034,-0.1041199999999999,0.20752
1397,CVE-2024-41789,2025-04-08,CVE-2024-47460,2025-05-23,4,0.1499999999999996,0.00205,0.39852,0.0,0.00205,0.39816,0.0,0.0003599999999999,1,0.0027,0.50064,0.00102,0.29309,0.1021199999999999,-0.10507,0.2071899999999999,0.0027,0.50192,0.00102,0.29404,0.1034,-0.1041199999999999,0.20752
1398,CVE-2024-41790,2025-04-08,CVE-2024-47460,2025-05-23,4,0.1499999999999996,0.00205,0.39852,0.0,0.00205,0.39816,0.0,0.0003599999999999,1,0.0027,0.50064,0.00102,0.29309,0.1021199999999999,-0.10507,0.2071899999999999,0.0027,0.50192,0.00102,0.29404,0.1034,-0.1041199999999999,0.20752
1399,CVE-2024-41792,2025-04-08,CVE-2024-39936,2025-05-17,2,0.05,0.00078,0.20534,0.0,0.00081,0.21005,0.0,0.0047099999999999,1,0.00138,0.34893,0.00081,0.24691,0.14359,0.03686,0.10673,0.00138,0.35002,0.00103,0.29491,0.14468,0.08486,0.0598199999999999
1399,CVE-2024-41792,2025-04-08,CVE-2024-29944,2025-05-19,6,0.2499999999999992,0.00078,0.20534,0.0,0.00066,0.17674,0.0,0.0285999999999999,2,0.00138,0.34893,0.00102,0.29303,0.14359,0.11629,0.0273,0.00138,0.35002,0.00729,0.7141,0.14468,0.53736,-0.3926799999999999
1399,CVE-2024-41792,2025-04-08,CVE-2024-39690,2025-05-09,4,0.2499999999999992,0.00078,0.20534,0.0,0.00126,0.28771,0.0,0.08237,3,0.00138,0.34893,0.00084,0.25675,0.14359,-0.03096,0.17455,0.00138,0.35002,0.0012,0.32286,0.14468,0.0351499999999999,0.10953
1400,CVE-2024-41793,2025-04-08,CVE-2024-29944,2025-05-19,6,0.2499999999999992,0.00037,0.08,0.0,0.00066,0.17674,0.0,0.09674,1,0.00044,0.12927,0.00102,0.29303,0.0492699999999999,0.11629,-0.06702,0.00046,0.14159,0.00729,0.7141,0.0615899999999999,0.53736,-0.4757699999999999
1402,CVE-2024-41947,2025-04-15,CVE-2024-5274,2025-05-16,5,0.6499999999999997,0.00789,0.72523,0.0,0.01117,0.76953,0.0,0.0443,1,0.01742,0.81435,0.01117,0.76988,0.0891199999999999,0.0003499999999999,0.08877,0.01742,0.8151,0.01117,0.77048,0.08987,0.00095,0.08892
1402,CVE-2024-41947,2025-04-15,CVE-2024-37051,2025-05-16,4,0.3500000000000007,0.00789,0.72523,0.0,0.01769,0.81547,0.0,0.0902399999999999,2,0.01742,0.81435,0.01769,0.81594,0.0891199999999999,0.0004699999999999,0.08865,0.01742,0.8151,0.01938,0.82439,0.08987,0.0089199999999999,0.08095
1402,CVE-2024-41947,2025-04-15,CVE-2024-42835,2025-05-19,9,0.8500000000000008,0.00789,0.72523,0.0,0.00475,0.63419,0.0,0.09104,3,0.01742,0.81435,0.00475,0.63496,0.0891199999999999,0.0007699999999999,0.08835,0.01742,0.8151,0.00475,0.6361,0.08987,0.0019099999999999,0.08796
1407,CVE-2024-41975,2025-03-18,CVE-2024-54096,2025-04-28,3,0.05,0.00029,0.05162,0.0,7e-05,0.00321,0.0,0.04841,1,0.00039,0.0833,7e-05,0.00295,0.03168,-0.00026,0.03194,0.00039,0.11025,0.0001,0.00729,0.05863,0.0040799999999999,0.05455
1407,CVE-2024-41975,2025-03-18,CVE-2024-44236,2025-05-09,12,0.2500000000000001,0.00029,0.05162,0.0,0.00043,0.10415,0.0,0.05253,2,0.00039,0.0833,0.00043,0.10003,0.03168,-0.00412,0.0358,0.00039,0.11025,0.0003,0.07212,0.05863,-0.03203,0.09066
1408,CVE-2024-42012,2025-01-22,CVE-2024-8929,2025-04-10,2,0.1499999999999996,0.00043,0.11403,1.0,0.00043,0.11371,0.0,0.00032,1,0.00043,0.11437,0.00043,0.11437,0.0003399999999999,0.0006599999999999,-0.00032,0.00043,0.11722,0.00043,0.11722,0.0031899999999999,0.0035099999999999,-0.00032
1408,CVE-2024-42012,2025-01-22,CVE-2024-36424,2025-04-10,9,0.2500000000000001,0.00043,0.11403,1.0,0.00043,0.11371,0.0,0.00032,2,0.00043,0.11437,0.00043,0.11437,0.0003399999999999,0.0006599999999999,-0.00032,0.00043,0.11722,0.00043,0.11722,0.0031899999999999,0.0035099999999999,-0.00032
1408,CVE-2024-42012,2025-01-22,CVE-2024-38796,2025-04-23,10,0.2500000000000001,0.00043,0.11403,1.0,0.00043,0.11371,0.0,0.00032,3,0.00043,0.11437,0.00043,0.11437,0.0003399999999999,0.0006599999999999,-0.00032,0.00043,0.11722,0.00043,0.11722,0.0031899999999999,0.0035099999999999,-0.00032
1409,CVE-2024-42013,2025-01-22,CVE-2024-1234,2025-04-05,1,0.05,0.00043,0.11403,1.0,0.00043,0.11371,0.0,0.00032,1,0.00043,0.11437,0.00045,0.16142,0.0003399999999999,0.04771,-0.04737,0.00043,0.11722,0.00048,0.2057,0.0031899999999999,0.0919899999999999,-0.0887999999999999
1409,CVE-2024-42013,2025-01-22,CVE-2024-6484,2025-05-17,3,0.05,0.00043,0.11403,1.0,0.00043,0.11371,0.0,0.00032,2,0.00043,0.11437,0.00043,0.11437,0.0003399999999999,0.0006599999999999,-0.00032,0.00043,0.11722,0.00046,0.19485,0.0031899999999999,0.0811399999999999,-0.0779499999999999
1409,CVE-2024-42013,2025-01-22,CVE-2024-6485,2025-05-17,4,0.05,0.00043,0.11403,1.0,0.00043,0.11371,0.0,0.00032,3,0.00043,0.11437,0.00043,0.11437,0.0003399999999999,0.0006599999999999,-0.00032,0.00043,0.11722,0.00043,0.11722,0.0031899999999999,0.0035099999999999,-0.00032
1414,CVE-2024-42327,2024-12-11,CVE-2024-41110,2025-05-09,9,0.05,0.00043,0.10788,0.0,0.00045,0.16022,0.0,0.05234,1,0.00043,0.10865,0.00045,0.1576,0.0007699999999999,-0.00262,0.00339,0.00043,0.11133,0.00045,0.15965,0.0034499999999999,-0.00057,0.00402
1424,CVE-2024-42533,2025-03-25,CVE-2024-42509,2025-05-23,9,0.05,0.00277,0.48047,1.0,0.00344,0.53858,0.0,0.0581099999999999,1,0.0033,0.52989,0.00344,0.54034,0.0494199999999999,0.00176,0.0476599999999998,0.00261,0.49285,0.00246,0.47911,0.01238,-0.0594699999999999,0.0718499999999999
1425,CVE-2024-42640,2025-04-04,CVE-2024-27198,2025-05-13,3,0.05,0.84878,0.99296,0.0,0.94582,1.0,0.0,0.00704,1,0.84838,0.99295,0.94582,1.0,-9.99999999995449e-06,0.0,-9.99999999995449e-06,0.90477,0.99567,0.94579,1.0,0.0027100000000001,0.0,0.0027100000000001
1425,CVE-2024-42640,2025-04-04,CVE-2024-29943,2025-05-19,4,0.05,0.84878,0.99296,0.0,0.23938,0.95576,0.0,0.0371999999999999,2,0.84838,0.99295,0.23938,0.95585,-9.99999999995449e-06,8.999999999992347e-05,-9.999999999987796e-05,0.90477,0.99567,0.42067,0.97234,0.0027100000000001,0.0165799999999999,-0.0138699999999998
1425,CVE-2024-42640,2025-04-04,CVE-2024-21591,2025-05-07,2,0.05,0.84878,0.99296,0.0,0.0694,0.90576,0.0,0.0871999999999999,3,0.84838,0.99295,0.0694,0.90598,-9.99999999995449e-06,0.0002199999999999,-0.0002299999999999,0.90477,0.99567,0.23476,0.95621,0.0027100000000001,0.0504499999999999,-0.0477399999999998
1426,CVE-2024-42733,2025-03-10,CVE-2024-48573,2025-04-10,7,0.05,0.00043,0.1187,0.0,0.00043,0.1187,0.0,0.0,1,0.00304,0.51486,0.00112,0.27319,0.3961599999999999,0.15449,0.2416699999999999,0.00331,0.53151,0.00141,0.309,0.41281,0.1903,0.22251
1426,CVE-2024-42733,2025-03-10,CVE-2024-35056,2025-04-11,8,0.05,0.00043,0.1187,0.0,0.00043,0.1187,0.0,0.0,2,0.00304,0.51486,0.00209,0.41378,0.3961599999999999,0.29508,0.1010799999999999,0.00331,0.53151,0.00209,0.40622,0.41281,0.28752,0.12529
1426,CVE-2024-42733,2025-03-10,CVE-2024-50672,2025-04-15,12,0.05,0.00043,0.1187,0.0,0.00043,0.1187,0.0,0.0,3,0.00304,0.51486,0.00153,0.3351,0.3961599999999999,0.2164,0.1797599999999999,0.00331,0.53151,0.00259,0.46519,0.41281,0.3464899999999999,0.06632
1427,CVE-2024-42831,2025-04-02,CVE-2024-36621,2025-05-09,9,0.4500000000000003,0.00102,0.25212,0.0,0.00097,0.24401,0.0,0.00811,1,0.00916,0.73928,0.00097,0.24408,0.48716,6.999999999998674e-05,0.48709,0.00289,0.52032,0.0006,0.1914,0.2682,-0.05261,0.32081
1427,CVE-2024-42831,2025-04-02,CVE-2024-33663,2025-05-11,11,0.4500000000000003,0.00102,0.25212,0.0,0.00093,0.23696,0.0,0.01516,2,0.00916,0.73928,0.00093,0.23682,0.48716,-0.00014,0.4873,0.00289,0.52032,0.00041,0.11917,0.2682,-0.11779,0.38599
1427,CVE-2024-42831,2025-04-02,CVE-2024-36620,2025-05-09,8,0.4500000000000003,0.00102,0.25212,0.0,0.00092,0.23618,0.0,0.01594,3,0.00916,0.73928,0.00092,0.23608,0.48716,-9.9999999999989e-05,0.48726,0.00289,0.52032,0.00074,0.23413,0.2682,-0.0020499999999999,0.27025
1429,CVE-2024-42844,2025-03-06,CVE-2024-0399,2025-04-16,2,0.05,0.00043,0.11868,1.0,0.00043,0.11847,0.0,0.0002099999999999,1,0.00043,0.11935,0.00043,0.11935,0.00067,0.0008799999999999,-0.0002099999999999,0.00032,0.05822,0.04798,0.88524,-0.0604599999999999,0.7667700000000001,-0.82723
1429,CVE-2024-42844,2025-03-06,CVE-2024-22257,2025-05-30,10,0.1499999999999996,0.00043,0.11868,1.0,0.00043,0.11847,0.0,0.0002099999999999,2,0.00043,0.11935,0.00043,0.11935,0.00067,0.0008799999999999,-0.0002099999999999,0.00032,0.05822,0.00237,0.44091,-0.0604599999999999,0.32244,-0.3829
1429,CVE-2024-42844,2025-03-06,CVE-2024-36623,2025-05-09,5,0.05,0.00043,0.11868,1.0,0.00045,0.18333,0.0,0.06465,3,0.00043,0.11935,0.00045,0.18376,0.00067,0.00043,0.0002399999999999,0.00032,0.05822,0.00097,0.24444,-0.0604599999999999,0.06111,-0.1215699999999999
1432,CVE-2024-43047,2024-10-10,CVE-2024-29748,2025-02-28,12,0.05,0.00113,0.45592,0.0,0.00083,0.36153,0.0,0.0943899999999999,1,0.00113,0.45653,0.00083,0.36232,0.0006099999999999,0.0007899999999999,-0.0001799999999999,0.00064,0.2933,0.00083,0.36474,-0.16262,0.0032099999999999,-0.1658299999999999
1437,CVE-2024-43102,2025-04-12,CVE-2024-48061,2025-05-19,11,0.2499999999999992,0.0068,0.69342,0.0,0.00576,0.66329,0.0,0.0301299999999999,1,0.00563,0.671,0.00432,0.6152,-0.0224199999999999,-0.04809,0.02567,0.00738,0.71593,0.00432,0.61553,0.0225099999999999,-0.04776,0.0702699999999999
1437,CVE-2024-43102,2025-04-12,CVE-2024-42835,2025-05-19,10,0.2499999999999992,0.0068,0.69342,0.0,0.00573,0.66254,0.0,0.03088,2,0.00563,0.671,0.00475,0.63524,-0.0224199999999999,-0.0272999999999999,0.0048799999999999,0.00738,0.71593,0.00475,0.63581,0.0225099999999999,-0.02673,0.0492399999999999
1438,CVE-2024-43169,2025-03-03,CVE-2024-6244,2025-04-09,11,0.05,0.00091,0.41178,1.0,0.00075,0.35763,0.0,0.0541499999999999,1,0.00046,0.19005,0.00075,0.35854,-0.2217299999999999,0.00091,-0.22264,0.00014,0.01185,0.21343,0.95208,-0.39993,0.59445,-0.99438
1438,CVE-2024-43169,2025-03-03,CVE-2024-24409,2025-04-09,9,0.05,0.00091,0.41178,1.0,0.00075,0.35522,0.0,0.05656,2,0.00046,0.19005,0.00075,0.35616,-0.2217299999999999,0.0009399999999999,-0.2226699999999999,0.00014,0.01185,0.00285,0.49039,-0.39993,0.13517,-0.5351
1438,CVE-2024-43169,2025-03-03,CVE-2024-11392,2025-04-16,12,0.05,0.00091,0.41178,1.0,0.00075,0.35463,0.0,0.0571499999999999,3,0.00046,0.19005,0.00075,0.3556,-0.2217299999999999,0.00097,-0.2227,0.00014,0.01185,0.32492,0.96484,-0.39993,0.61021,-1.01014
1442,CVE-2024-43243,2025-01-07,CVE-2024-2973,2025-02-18,7,0.05,0.00043,0.11128,1.0,0.00043,0.11049,0.0,0.0007899999999999,1,0.00043,0.112,0.00043,0.112,0.0007199999999999,0.0015099999999999,-0.0007899999999999,0.00043,0.11479,0.00043,0.11479,0.0035099999999999,0.0042999999999999,-0.0007899999999999
1443,CVE-2024-43405,2025-01-04,CVE-2024-29059,2025-02-05,2,0.0999999999999996,0.00053,0.23218,0.0,0.00059,0.2671,0.0,0.03492,1,0.00053,0.23348,0.02368,0.89559,0.0012999999999999,0.62849,-0.62719,0.00053,0.2372,0.02368,0.89636,0.0050199999999999,0.62926,-0.62424
1444,CVE-2024-43415,2024-11-12,CVE-2024-35540,2025-04-10,11,0.05,0.00045,0.16863,1.0,0.0005,0.20491,0.0,0.03628,1,0.00045,0.16969,0.0005,0.20648,0.00106,0.0015699999999999,-0.0005099999999999,0.00045,0.17698,0.0005,0.21206,0.0083499999999999,0.0071499999999999,0.0012
1448,CVE-2024-43461,2025-03-18,CVE-2024-4367,2025-04-22,2,0.05,0.75713,0.98866,0.0,0.49012,0.97526,0.0,0.0133999999999999,1,0.75713,0.98865,0.49012,0.97526,-9.99999999995449e-06,0.0,-9.99999999995449e-06,0.0313,0.86125,0.31904,0.96495,-0.12741,-0.01031,-0.1170999999999999
1451,CVE-2024-4358,2025-03-28,CVE-2024-27198,2025-05-13,3,0.05,0.94087,0.99894,0.0,0.94582,1.0,0.0,0.0010599999999999,1,0.94093,0.99896,0.94582,1.0,1.999999999990898e-05,0.0,1.999999999990898e-05,0.94254,0.99918,0.94579,1.0,0.0002399999999999,0.0,0.0002399999999999
1451,CVE-2024-4358,2025-03-28,CVE-2024-29943,2025-05-19,4,0.05,0.94087,0.99894,0.0,0.24595,0.95667,0.0,0.04227,2,0.94093,0.99896,0.23938,0.95576,1.999999999990898e-05,-0.0009099999999999,0.0009299999999998,0.94254,0.99918,0.17035,0.94571,0.0002399999999999,-0.0109599999999999,0.0111999999999998
1451,CVE-2024-4358,2025-03-28,CVE-2024-21591,2025-05-07,2,0.05,0.94087,0.99894,0.0,0.0694,0.90548,0.0,0.0934600000000001,3,0.94093,0.99896,0.0694,0.90576,1.999999999990898e-05,0.00028,-0.0002600000000001,0.94254,0.99918,0.23476,0.95607,0.0002399999999999,0.05059,-0.0503500000000001
1452,CVE-2024-43590,2025-04-14,CVE-2024-43641,2025-05-16,8,0.05,0.00388,0.57138,0.0,0.00294,0.4991,0.0,0.07228,1,0.00376,0.58102,0.00117,0.31913,0.0096399999999999,-0.1799699999999999,0.1896099999999999,0.00266,0.49877,0.00146,0.36206,-0.07261,-0.13704,0.0644299999999999
1463,CVE-2024-4367,2025-04-22,CVE-2024-1709,2025-05-29,12,1.4999999999999991,0.31904,0.96503,0.0,0.94364,0.99951,0.0,0.0344799999999999,1,0.14484,0.9403,0.94364,0.99951,-0.02473,0.0,-0.02473,0.13314,0.93777,0.94364,0.99951,-0.02726,0.0,-0.02726
1464,CVE-2024-43687,2025-04-04,CVE-2024-36620,2025-05-09,8,0.4500000000000003,0.00084,0.21894,0.0,0.00092,0.23644,0.0,0.0175,1,0.00413,0.58776,0.00092,0.23632,0.3688199999999999,-0.00012,0.3689399999999999,0.00137,0.34999,0.00074,0.2334,0.13105,-0.00304,0.13409
1464,CVE-2024-43687,2025-04-04,CVE-2024-33663,2025-05-11,11,0.4500000000000003,0.00084,0.21894,0.0,0.00093,0.23722,0.0,0.0182799999999999,2,0.00413,0.58776,0.00093,0.23706,0.3688199999999999,-0.0001599999999999,0.3689799999999999,0.00137,0.34999,0.00041,0.1186,0.13105,-0.1186199999999999,0.24967
1464,CVE-2024-43687,2025-04-04,CVE-2024-36621,2025-05-09,9,0.4500000000000003,0.00084,0.21894,0.0,0.00097,0.24432,0.0,0.02538,3,0.00413,0.58776,0.00097,0.24436,0.3688199999999999,3.999999999998449e-05,0.3687799999999999,0.00137,0.34999,0.0006,0.19077,0.13105,-0.05355,0.1846
1474,CVE-2024-44000,2025-03-28,CVE-2024-27198,2025-05-13,3,0.05,0.88493,0.99474,0.0,0.94582,1.0,0.0,0.00526,1,0.88904,0.99501,0.94582,1.0,0.0002699999999999,0.0,0.0002699999999999,0.92012,0.99675,0.94579,1.0,0.00201,0.0,0.00201
1474,CVE-2024-44000,2025-03-28,CVE-2024-29943,2025-05-19,4,0.05,0.88493,0.99474,0.0,0.24595,0.95667,0.0,0.0380699999999999,2,0.88904,0.99501,0.23938,0.95576,0.0002699999999999,-0.0009099999999999,0.0011799999999999,0.92012,0.99675,0.17035,0.94571,0.00201,-0.0109599999999999,0.01297
1474,CVE-2024-44000,2025-03-28,CVE-2024-21591,2025-05-07,2,0.05,0.88493,0.99474,0.0,0.0694,0.90548,0.0,0.08926,3,0.88904,0.99501,0.0694,0.90576,0.0002699999999999,0.00028,-1.0000000000065512e-05,0.92012,0.99675,0.23476,0.95607,0.00201,0.05059,-0.0485799999999999
1476,CVE-2024-44133,2024-10-20,CVE-2024-36424,2025-04-10,8,0.05,0.00043,0.09689,0.0,0.00043,0.09689,0.0,0.0,1,0.00043,0.09833,0.00043,0.09833,0.0014399999999999,0.0014399999999999,0.0,0.00043,0.10196,0.00043,0.10196,0.0050699999999999,0.0050699999999999,0.0
1476,CVE-2024-44133,2024-10-20,CVE-2024-27876,2025-04-24,9,0.05,0.00043,0.09689,0.0,0.00044,0.10995,0.0,0.01306,2,0.00043,0.09833,0.00044,0.1115,0.0014399999999999,0.0015499999999999,-0.0001099999999999,0.00043,0.10196,0.00044,0.11532,0.0050699999999999,0.00537,-0.0003
1476,CVE-2024-44133,2024-10-20,CVE-2024-43853,2025-05-09,12,0.05,0.00043,0.09689,0.0,0.00042,0.05059,0.0,0.0463,3,0.00043,0.09833,0.00042,0.05126,0.0014399999999999,0.0006699999999999,0.0007699999999999,0.00043,0.10196,0.00042,0.0512,0.0050699999999999,0.0006099999999999,0.0044599999999999
1477,CVE-2024-44136,2025-01-16,CVE-2024-32473,2025-05-09,2,0.1500000000000005,0.00043,0.11287,0.0,0.00043,0.11287,0.0,0.0,1,0.00043,0.11403,0.00043,0.11403,0.00116,0.00116,0.0,0.00043,0.1166,0.00043,0.1166,0.0037299999999999,0.0037299999999999,0.0
1477,CVE-2024-44136,2025-01-16,CVE-2024-8690,2025-03-21,4,0.2499999999999992,0.00043,0.11287,0.0,0.00043,0.11287,0.0,0.0,2,0.00043,0.11403,0.00043,0.11403,0.00116,0.00116,0.0,0.00043,0.1166,0.00043,0.1166,0.0037299999999999,0.0037299999999999,0.0
1477,CVE-2024-44136,2025-01-16,CVE-2024-5920,2025-05-01,10,0.2500000000000001,0.00043,0.11287,0.0,0.00043,0.11287,0.0,0.0,3,0.00043,0.11403,0.00043,0.11403,0.00116,0.00116,0.0,0.00043,0.1166,0.00045,0.16422,0.0037299999999999,0.05135,-0.04762
1481,CVE-2024-44243,2025-01-13,CVE-2024-26634,2025-05-09,7,0.05,0.00045,0.17562,0.0,0.00045,0.17537,0.0,0.00025,1,0.00045,0.17706,0.00045,0.1768,0.0014399999999999,0.00143,9.999999999982244e-06,0.00045,0.17807,0.00045,0.17783,0.00245,0.0024599999999999,-9.999999999982244e-06
1481,CVE-2024-44243,2025-01-13,CVE-2024-27876,2025-04-24,5,0.05,0.00045,0.17562,0.0,0.0005,0.21036,0.0,0.0347399999999999,2,0.00045,0.17706,0.0005,0.21215,0.0014399999999999,0.00179,-0.00035,0.00045,0.17807,0.0005,0.21337,0.00245,0.00301,-0.00056
1481,CVE-2024-44243,2025-01-13,CVE-2024-26181,2025-05-16,12,0.05,0.00045,0.17562,0.0,0.00053,0.23613,0.0,0.06051,3,0.00045,0.17706,0.00052,0.2333,0.0014399999999999,-0.0028299999999999,0.0042699999999999,0.00045,0.17807,0.00056,0.26005,0.00245,0.0239199999999999,-0.0214699999999999
1485,CVE-2024-44541,2025-04-18,CVE-2024-29943,2025-05-19,1,0.05,0.12859,0.93611,0.0,0.17035,0.94565,0.0,0.0095399999999999,1,0.05429,0.89587,0.17035,0.94568,-0.0402399999999999,2.999999999997449e-05,-0.0402699999999999,0.05429,0.89628,0.6321,0.98263,-0.03983,0.03698,-0.07681
1485,CVE-2024-44541,2025-04-18,CVE-2024-1709,2025-05-29,10,0.2499999999999992,0.12859,0.93611,0.0,0.94364,0.99951,0.0,0.0634,2,0.05429,0.89587,0.94364,0.99952,-0.0402399999999999,9.99999999995449e-06,-0.0402499999999999,0.05429,0.89628,0.94364,0.99951,-0.03983,0.0,-0.03983
1485,CVE-2024-44541,2025-04-18,CVE-2024-37014,2025-05-19,2,0.05,0.12859,0.93611,0.0,0.02498,0.84448,0.0,0.0916299999999999,3,0.05429,0.89587,0.02498,0.84449,-0.0402399999999999,9.99999999995449e-06,-0.0402499999999999,0.05429,0.89628,0.02498,0.84531,-0.03983,0.0008299999999999,-0.04066
1486,CVE-2024-44762,2025-04-03,CVE-2024-11831,2025-05-17,4,0.1500000000000005,0.00079,0.20665,0.0,0.00072,0.19207,0.0,0.01458,1,0.03063,0.85602,0.00072,0.19245,0.64937,0.00038,0.64899,0.02015,0.82803,0.00027,0.05987,0.62138,-0.1321999999999999,0.75358
1486,CVE-2024-44762,2025-04-03,CVE-2024-43853,2025-05-09,6,0.2500000000000001,0.00079,0.20665,0.0,0.0007,0.18511,0.0,0.02154,2,0.03063,0.85602,0.0007,0.1855,0.64937,0.00039,0.64898,0.02015,0.82803,0.00058,0.18577,0.62138,0.0006599999999999,0.62072
1486,CVE-2024-44762,2025-04-03,CVE-2024-26634,2025-05-09,5,0.2500000000000001,0.00079,0.20665,0.0,0.00091,0.2332,0.0,0.0265499999999999,3,0.03063,0.85602,0.00091,0.23293,0.64937,-0.0002699999999999,0.64964,0.02015,0.82803,9e-05,0.00613,0.62138,-0.22707,0.84845
1487,CVE-2024-44871,2025-03-27,CVE-2024-21538,2025-05-07,8,0.3499999999999998,0.00473,0.61382,0.0,0.0037,0.5552,0.0,0.05862,1,0.02548,0.8417,0.0037,0.56006,0.2278799999999999,0.0048599999999999,0.22302,0.01283,0.78484,0.00132,0.34202,0.1710199999999999,-0.21318,0.3842
1487,CVE-2024-44871,2025-03-27,CVE-2024-11237,2025-05-13,7,0.2999999999999998,0.00473,0.61382,0.0,0.00788,0.71106,0.0,0.09724,2,0.02548,0.8417,0.00468,0.61702,0.2278799999999999,-0.09404,0.32192,0.01283,0.78484,0.00421,0.60874,0.1710199999999999,-0.10232,0.27334
1488,CVE-2024-44910,2025-04-11,CVE-2024-49114,2025-05-16,11,0.2999999999999998,0.00093,0.23739,0.0,0.00139,0.30647,0.0,0.06908,1,0.00085,0.25926,0.00396,0.59379,0.02187,0.28732,-0.26545,0.00102,0.29305,0.00249,0.48204,0.0556599999999999,0.17557,-0.11991
1489,CVE-2024-44911,2025-04-11,CVE-2024-49114,2025-05-16,11,0.2999999999999998,0.00093,0.23739,0.0,0.00139,0.30647,0.0,0.06908,1,0.00078,0.2433,0.00396,0.59379,0.0059099999999999,0.28732,-0.28141,0.00094,0.27795,0.00249,0.48204,0.0405599999999999,0.17557,-0.13501
1490,CVE-2024-44912,2025-04-11,CVE-2024-49114,2025-05-16,11,0.2999999999999998,0.00093,0.23739,0.0,0.00139,0.30647,0.0,0.06908,1,0.00078,0.2433,0.00396,0.59379,0.0059099999999999,0.28732,-0.28141,0.00094,0.27795,0.00249,0.48204,0.0405599999999999,0.17557,-0.13501
1493,CVE-2024-45064,2025-04-02,CVE-2024-29944,2025-05-19,5,0.1499999999999996,0.0007,0.18571,1.0,0.00066,0.1766,0.0,0.0091099999999999,1,0.00078,0.20576,0.00066,0.17688,0.02005,0.00028,0.01977,0.00078,0.24389,0.00729,0.71517,0.05818,0.53857,-0.48039
1493,CVE-2024-45064,2025-04-02,CVE-2024-39936,2025-05-17,4,0.1499999999999996,0.0007,0.18571,1.0,0.00081,0.21022,0.0,0.02451,2,0.00078,0.20576,0.00081,0.21024,0.02005,2.000000000002e-05,0.0200299999999999,0.00078,0.24389,0.00103,0.29607,0.05818,0.08585,-0.02767
1493,CVE-2024-45064,2025-04-02,CVE-2024-43201,2025-05-04,7,0.3500000000000007,0.0007,0.18571,1.0,0.00056,0.14649,0.0,0.0392199999999999,3,0.00078,0.20576,0.00056,0.14705,0.02005,0.0005599999999999,0.01949,0.00078,0.24389,0.00049,0.15331,0.05818,0.0068199999999999,0.05136
1494,CVE-2024-45084,2025-02-19,CVE-2024-36623,2025-05-09,10,0.1499999999999996,0.0005,0.21763,1.0,0.00045,0.17984,0.0,0.0377899999999999,1,0.0005,0.21734,0.00045,0.17937,-0.0002899999999999,-0.0004699999999999,0.00018,0.00046,0.10879,0.0007,0.1862,-0.1088399999999999,0.00636,-0.1152
1496,CVE-2024-45195,2025-02-05,CVE-2024-20440,2025-03-20,1,0.0,0.71149,0.98284,0.0,0.05659,0.93296,0.0,0.04988,1,0.71149,0.98284,0.0468,0.92599,0.0,-0.00697,0.00697,0.75577,0.98447,0.0468,0.92685,0.0016299999999999,-0.00611,0.0077399999999999
1497,CVE-2024-45199,2025-04-04,CVE-2024-29944,2025-05-19,12,0.4500000000000003,0.00058,0.15048,0.0,0.00066,0.17713,0.0,0.02665,1,0.00166,0.34545,0.00066,0.17713,0.1949699999999999,0.0,0.1949699999999999,0.00166,0.38691,0.00729,0.71431,0.2364299999999999,0.53718,-0.30075
1497,CVE-2024-45199,2025-04-04,CVE-2024-39936,2025-05-17,9,0.250000000000001,0.00058,0.15048,0.0,0.00081,0.21056,0.0,0.0600799999999999,2,0.00166,0.34545,0.00081,0.21064,0.1949699999999999,7.999999999999674e-05,0.1948899999999999,0.00166,0.38691,0.00103,0.29501,0.2364299999999999,0.08445,0.1519799999999999
1498,CVE-2024-45310,2025-04-23,CVE-2024-39338,2025-05-27,4,4.2,6e-05,0.00257,0.0,0.00026,0.05352,0.0,0.0509499999999999,1,6e-05,0.00259,0.00029,0.06537,2.000000000000005e-05,0.01185,-0.01183,7e-05,0.00379,0.0003,0.06846,0.00122,0.0149399999999999,-0.0137199999999999
1504,CVE-2024-45387,2024-12-23,CVE-2024-41110,2025-05-09,7,0.05,0.00043,0.10912,1.0,0.00045,0.15779,0.0,0.04867,1,0.00043,0.10935,0.00045,0.15829,0.00023,0.0004999999999999,-0.0002699999999999,0.00043,0.11371,0.00045,0.16205,0.00459,0.0042599999999999,0.00033
1506,CVE-2024-45421,2025-02-25,CVE-2024-46278,2025-04-16,11,0.1499999999999996,0.00043,0.11771,3.0,0.00043,0.11716,0.0,0.0005499999999999,1,0.00043,0.11827,0.00043,0.11827,0.00056,0.0011099999999999,-0.0005499999999999,0.00107,0.25679,0.0977,0.91813,0.13908,0.80097,-0.6618899999999999
1509,CVE-2024-45489,2024-09-20,CVE-2024-29849,2025-03-19,3,0.0,0.00045,0.16332,1.0,0.00043,0.09632,0.0,0.0669999999999999,1,0.00045,0.16308,0.00043,0.09601,-0.0002399999999999,-0.00031,7.00000000000145e-05,0.00045,0.16439,0.00043,0.09689,0.00107,0.00057,0.0005
1514,CVE-2024-45506,2024-09-07,CVE-2024-38178,2024-10-16,1,0.0,0.00858,0.82617,0.0,0.02297,0.89895,0.0,0.07278,1,0.00858,0.82657,0.02297,0.89923,0.0004,0.0002799999999999,0.0001200000000001,0.00706,0.80648,0.01646,0.87854,-0.0196899999999999,-0.02041,0.00072
1516,CVE-2024-45552,2025-04-07,CVE-2024-29944,2025-05-19,8,0.250000000000001,0.00042,0.09648,0.0,0.00066,0.17688,0.0,0.0804,1,0.00055,0.14143,0.00066,0.17638,0.04495,-0.0005,0.04545,0.00055,0.17275,0.00729,0.71396,0.0762699999999999,0.53708,-0.46081
1520,CVE-2024-4577,2025-03-11,CVE-2024-36401,2025-04-17,11,0.05,0.95177,0.99522,0.0,0.96188,0.99671,0.0,0.0014899999999999,1,0.9442,0.99979,0.94372,0.99959,0.0045699999999999,0.0028799999999999,0.0016899999999999,0.94376,0.99961,0.94372,0.9996,0.00439,0.00289,0.0014999999999999
1520,CVE-2024-4577,2025-03-11,CVE-2024-40711,2025-04-17,12,0.05,0.95177,0.99522,0.0,0.96424,0.99724,0.0,0.00202,2,0.9442,0.99979,0.47258,0.97431,0.0045699999999999,-0.02293,0.0274999999999999,0.94376,0.99961,0.56193,0.97919,0.00439,-0.01805,0.02244
1520,CVE-2024-4577,2025-03-11,CVE-2024-0204,2025-04-17,7,0.05,0.95177,0.99522,0.0,0.64499,0.9812,0.0,0.01402,3,0.9442,0.99979,0.93653,0.99846,0.0045699999999999,0.01726,-0.01269,0.94376,0.99961,0.93726,0.99848,0.00439,0.01728,-0.01289
1522,CVE-2024-45827,2024-11-12,CVE-2024-42845,2024-12-15,1,0.0,0.00043,0.10783,1.0,0.00045,0.16888,0.0,0.06105,1,0.00043,0.10879,0.00045,0.17013,0.00096,0.00125,-0.0002899999999999,0.00043,0.1149,0.00045,0.17744,0.00707,0.0085599999999999,-0.0014899999999999
1525,CVE-2024-46278,2025-04-16,CVE-2024-21325,2025-05-19,12,0.6500000000000006,0.00569,0.6727,0.0,0.00814,0.72981,0.0,0.0571099999999999,1,0.00274,0.50458,0.00814,0.73,-0.1681199999999999,0.00019,-0.1683099999999999,0.00307,0.53343,0.00814,0.73093,-0.13927,0.00112,-0.14039
1529,CVE-2024-46431,2025-02-10,CVE-2024-0399,2025-04-16,11,0.1499999999999996,0.00043,0.1146,1.0,0.00043,0.11462,0.0,2.0000000000006124e-05,1,0.00043,0.11665,0.00043,0.11665,0.00205,0.00203,2.0000000000006124e-05,0.00043,0.11938,0.00043,0.11938,0.00478,0.00476,2.0000000000006124e-05
1533,CVE-2024-46435,2025-02-10,CVE-2024-0399,2025-04-16,11,0.1499999999999996,0.00043,0.1146,1.0,0.00043,0.11462,0.0,2.0000000000006124e-05,1,0.00043,0.11665,0.00043,0.11665,0.00205,0.00203,2.0000000000006124e-05,0.00043,0.11938,0.00043,0.11938,0.00478,0.00476,2.0000000000006124e-05
1536,CVE-2024-46479,2025-01-13,CVE-2024-41110,2025-05-09,4,0.05,0.00045,0.17569,1.0,0.00045,0.15973,0.0,0.01596,1,0.00045,0.1768,0.00045,0.1616,0.0011099999999999,0.0018699999999999,-0.0007599999999999,0.00045,0.17783,0.00045,0.16382,0.0021399999999999,0.0040899999999999,-0.00195
1538,CVE-2024-46528,2025-03-27,CVE-2024-13176,2025-05-17,7,0.2500000000000001,0.00078,0.20102,0.0,0.00064,0.16809,0.0,0.03293,1,0.02021,0.82218,0.00075,0.19833,0.62116,0.03024,0.59092,0.00463,0.62998,0.00033,0.07854,0.42896,-0.0895499999999999,0.51851
1538,CVE-2024-46528,2025-03-27,CVE-2024-56378,2025-05-17,4,0.05,0.00078,0.20102,0.0,0.00098,0.24358,0.0,0.0425599999999999,2,0.02021,0.82218,0.00098,0.24717,0.62116,0.00359,0.6175700000000001,0.00463,0.62998,0.00128,0.33647,0.42896,0.09289,0.33607
1538,CVE-2024-46528,2025-03-27,CVE-2024-32473,2025-05-09,10,0.4500000000000003,0.00078,0.20102,0.0,0.00061,0.15761,0.0,0.04341,3,0.02021,0.82218,0.00061,0.16077,0.62116,0.0031599999999999,0.6180000000000001,0.00463,0.62998,0.00011,0.00822,0.42896,-0.14939,0.57835
1540,CVE-2024-46626,2024-10-01,CVE-2024-4007,2025-04-03,1,0.0,0.00043,0.09629,3.0,0.00043,0.09611,0.0,0.0001799999999999,1,0.00043,0.09664,0.00043,0.09664,0.00035,0.00053,-0.0001799999999999,0.00043,0.09914,0.00043,0.09914,0.00285,0.00303,-0.0001799999999999
1540,CVE-2024-46626,2024-10-01,CVE-2024-4367,2025-04-22,8,0.0,0.00043,0.09629,3.0,0.00044,0.10941,0.0,0.0131199999999999,2,0.00043,0.09664,0.00044,0.10991,0.00035,0.0005,-0.0001499999999999,0.00043,0.09914,0.00044,0.11252,0.00285,0.00311,-0.0002599999999999
1541,CVE-2024-46662,2025-03-14,CVE-2024-7297,2025-05-19,10,0.05,0.00043,0.11988,1.0,0.00043,0.1198,0.0,7.999999999999674e-05,1,0.0009,0.23257,0.00171,0.3535,0.11269,0.2336999999999999,-0.1210099999999999,0.00107,0.2598,0.00198,0.39061,0.13992,0.27081,-0.13089
1559,CVE-2024-47051,2025-02-26,CVE-2024-30896,2025-04-08,8,0.05,0.00045,0.1825,1.0,0.00043,0.11704,0.0,0.0654599999999999,1,0.00045,0.18384,0.00043,0.11829,0.00134,0.00125,9.000000000000674e-05,0.00376,0.56288,0.0305,0.85492,0.38038,0.73788,-0.3574999999999999
1559,CVE-2024-47051,2025-02-26,CVE-2024-53537,2025-04-14,9,0.05,0.00045,0.1825,1.0,0.00043,0.11704,0.0,0.0654599999999999,2,0.00045,0.18384,0.00043,0.11829,0.00134,0.00125,9.000000000000674e-05,0.00376,0.56288,0.00457,0.61119,0.38038,0.49415,-0.1137699999999999
1559,CVE-2024-47051,2025-02-26,CVE-2024-38475,2025-04-25,11,0.05,0.00045,0.1825,1.0,0.00043,0.11704,0.0,0.0654599999999999,3,0.00045,0.18384,0.00043,0.11829,0.00134,0.00125,9.000000000000674e-05,0.00376,0.56288,0.7682,0.9889,0.38038,0.87186,-0.4914799999999999
1565,CVE-2024-47176,2024-09-26,CVE-2024-33664,2025-05-11,10,0.05,0.00045,0.14865,1.0,0.00045,0.16301,0.0,0.0143599999999999,1,0.00063,0.27664,0.00045,0.16326,0.12799,0.00025,0.12774,0.00063,0.28003,0.00045,0.16601,0.13138,0.003,0.12838
1565,CVE-2024-47176,2024-09-26,CVE-2024-45440,2025-04-19,7,0.05,0.00045,0.14865,1.0,0.00046,0.17685,0.0,0.0282,2,0.00063,0.27664,0.00046,0.17707,0.12799,0.0002199999999999,0.12777,0.00063,0.28003,0.00255,0.65784,0.13138,0.48099,-0.34961
1565,CVE-2024-47176,2024-09-26,CVE-2024-30269,2025-04-06,4,0.05,0.00045,0.14865,1.0,0.00043,0.09595,0.0,0.0527,3,0.00063,0.27664,0.00053,0.2222,0.12799,0.12625,0.0017399999999999,0.00063,0.28003,0.00053,0.22509,0.13138,0.12914,0.0022399999999999
1567,CVE-2024-47258,2025-02-06,CVE-2024-0399,2025-04-16,10,0.05,0.00043,0.11478,1.0,0.00043,0.11479,0.0,1.000000000001e-05,1,0.00043,0.11499,0.00043,0.11499,0.00021,0.0001999999999999,1.000000000001e-05,0.00043,0.1187,0.00043,0.1187,0.00392,0.0039099999999999,1.000000000001e-05
1568,CVE-2024-47374,2024-10-11,CVE-2024-40892,2025-03-17,4,0.05,0.00043,0.09689,0.0,0.00043,0.09689,0.0,0.0,1,0.00043,0.09691,0.00043,0.09691,1.999999999999225e-05,1.999999999999225e-05,0.0,0.00043,0.10041,0.00043,0.10041,0.0035199999999999,0.0035199999999999,0.0
1574,CVE-2024-47516,2025-03-26,CVE-2024-42509,2025-05-23,9,0.05,0.00251,0.45486,0.0,0.00344,0.53841,0.0,0.08355,1,0.0033,0.53027,0.00344,0.54072,0.07541,0.0023099999999999,0.0731000000000001,0.0033,0.55144,0.00246,0.47922,0.09658,-0.05919,0.1557700000000001
1577,CVE-2024-47547,2024-12-06,CVE-2024-23346,2025-04-15,12,0.1499999999999996,0.00043,0.10595,1.0,0.00045,0.17384,0.0,0.0678899999999999,1,0.00043,0.10843,0.00045,0.17777,0.0024799999999999,0.00393,-0.00145,0.00091,0.40245,0.00045,0.17514,0.2965,0.0012999999999999,0.2952
1579,CVE-2024-47572,2025-01-14,CVE-2024-47460,2025-05-23,7,0.05,0.00043,0.11266,1.0,0.00043,0.112,0.0,0.0006599999999999,1,0.00043,0.11351,0.00043,0.11351,0.00085,0.0015099999999999,-0.0006599999999999,0.00043,0.11499,0.00043,0.11499,0.0023299999999999,0.0029899999999999,-0.0006599999999999
1579,CVE-2024-47572,2025-01-14,CVE-2024-31989,2025-05-09,6,0.05,0.00043,0.11266,1.0,0.00042,0.05089,0.0,0.06177,2,0.00043,0.11351,0.00042,0.05109,0.00085,0.0002,0.0006499999999999,0.00043,0.11499,0.00042,0.05064,0.0023299999999999,-0.00025,0.0025799999999999
1579,CVE-2024-47572,2025-01-14,CVE-2024-35540,2025-04-10,3,0.05,0.00043,0.11266,1.0,0.0005,0.21243,0.0,0.09977,3,0.00043,0.11351,0.0005,0.21403,0.00085,0.0015999999999999,-0.0007499999999999,0.00043,0.11499,0.0005,0.21575,0.0023299999999999,0.0033199999999999,-0.0009899999999999
1584,CVE-2024-47605,2025-04-14,CVE-2024-26462,2025-05-17,5,0.1499999999999996,0.00048,0.11871,0.0,0.00063,0.16866,0.0,0.04995,1,0.01742,0.81436,0.00031,0.07326,0.69565,-0.0954,0.79105,0.01742,0.81512,0.00026,0.05708,0.69641,-0.11158,0.80799
1584,CVE-2024-47605,2025-04-14,CVE-2024-11831,2025-05-17,1,0.05,0.00048,0.11871,0.0,0.00072,0.19144,0.0,0.07273,2,0.01742,0.81436,0.00027,0.05858,0.69565,-0.13286,0.82851,0.01742,0.81512,0.00033,0.08179,0.69641,-0.10965,0.80606
1584,CVE-2024-47605,2025-04-14,CVE-2024-0147,2025-05-17,4,0.1499999999999996,0.00048,0.11871,0.0,0.00023,0.0359,0.0,0.08281,3,0.01742,0.81436,0.00023,0.04549,0.69565,0.00959,0.68606,0.01742,0.81512,0.00023,0.04599,0.69641,0.01009,0.6863199999999999
1589,CVE-2024-47891,2025-01-31,CVE-2024-43085,2025-04-28,10,0.05,0.00043,0.11433,0.0,0.00043,0.11433,0.0,0.0,1,0.00043,0.11478,0.00043,0.11478,0.0004499999999999,0.0004499999999999,0.0,0.00043,0.11763,0.00043,0.11763,0.0032999999999999,0.0032999999999999,0.0
1589,CVE-2024-47891,2025-01-31,CVE-2024-38193,2025-04-17,5,0.05,0.00043,0.11433,0.0,0.00043,0.11537,0.0,0.0010399999999999,2,0.00043,0.11478,0.00043,0.11582,0.0004499999999999,0.00045,-1.3877787807814457e-17,0.00043,0.11763,0.00043,0.11871,0.0032999999999999,0.0033399999999999,-3.999999999999837e-05
1589,CVE-2024-47891,2025-01-31,CVE-2024-11477,2025-05-08,12,0.05,0.00043,0.11433,0.0,0.00045,0.163,0.0,0.04867,3,0.00043,0.11478,0.00045,0.16368,0.0004499999999999,0.0006799999999999,-0.0002299999999999,0.00043,0.11763,0.00045,0.16761,0.0032999999999999,0.00461,-0.00131
1591,CVE-2024-47908,2025-02-11,CVE-2024-30896,2025-04-08,11,0.05,0.00043,0.11759,1.0,0.00043,0.1146,0.0,0.00299,1,0.00043,0.11963,0.00043,0.11678,0.00204,0.00218,-0.00014,0.00052,0.23788,0.00043,0.11935,0.12029,0.00475,0.11554
1591,CVE-2024-47908,2025-02-11,CVE-2024-53537,2025-04-14,12,0.05,0.00043,0.11759,1.0,0.00044,0.1262,0.0,0.00861,2,0.00043,0.11963,0.00044,0.12846,0.00204,0.0022599999999999,-0.0002199999999999,0.00052,0.23788,0.00043,0.11935,0.12029,-0.00685,0.12714
1595,CVE-2024-48013,2025-03-17,CVE-2024-43201,2025-05-04,6,0.05,0.0006,0.15873,1.0,0.00056,0.14866,0.0,0.01007,1,0.00071,0.18659,0.00056,0.14413,0.0278599999999999,-0.0045299999999999,0.0323899999999999,0.00071,0.22319,0.00039,0.10838,0.0644599999999999,-0.0402799999999999,0.1047399999999999
1597,CVE-2024-48120,2025-03-27,CVE-2024-11831,2025-05-17,1,0.05,0.00076,0.19718,0.0,0.00072,0.18846,0.0,0.00872,1,0.01592,0.80034,0.00072,0.19207,0.60316,0.00361,0.59955,0.00678,0.70277,0.00027,0.05839,0.50559,-0.13007,0.63566
1597,CVE-2024-48120,2025-03-27,CVE-2024-43853,2025-05-09,4,0.1499999999999996,0.00076,0.19718,0.0,0.0007,0.18151,0.0,0.0156699999999999,2,0.01592,0.80034,0.0007,0.18511,0.60316,0.0035999999999999,0.5995600000000001,0.00678,0.70277,0.00055,0.17292,0.50559,-0.00859,0.51418
1597,CVE-2024-48120,2025-03-27,CVE-2024-26462,2025-05-17,10,0.1499999999999996,0.00076,0.19718,0.0,0.00063,0.16598,0.0,0.0312,3,0.01592,0.80034,0.00063,0.16912,0.60316,0.00314,0.60002,0.00678,0.70277,0.00031,0.07295,0.50559,-0.0930299999999999,0.5986199999999999
1603,CVE-2024-48760,2025-04-14,CVE-2024-42509,2025-05-23,6,0.05,0.00322,0.52296,0.0,0.0037,0.55992,0.0,0.0369599999999999,1,0.01455,0.79719,0.00246,0.47882,0.27423,-0.0810999999999999,0.3553299999999999,0.01455,0.79773,0.00246,0.47918,0.27477,-0.0807399999999999,0.35551
1611,CVE-2024-48844,2025-04-15,CVE-2024-43641,2025-05-16,4,0.1499999999999996,0.00162,0.38102,0.0,0.00117,0.31827,0.0,0.06275,1,0.01528,0.80256,0.00146,0.36236,0.42154,0.04409,0.37745,0.00904,0.74506,0.00146,0.36202,0.3640399999999999,0.04375,0.3202899999999999
1612,CVE-2024-48845,2024-12-05,CVE-2024-23346,2025-04-15,12,0.1499999999999996,0.00043,0.10597,3.0,0.00045,0.17386,0.0,0.0678899999999999,1,0.00043,0.10812,0.00045,0.17744,0.0021499999999999,0.00358,-0.00143,0.00043,0.11007,0.00045,0.17524,0.0041,0.00138,0.0027199999999999
1613,CVE-2024-48846,2025-04-16,CVE-2024-39338,2025-05-27,5,0.4500000000000003,0.00033,0.08205,0.0,0.00026,0.05404,0.0,0.02801,1,0.00154,0.37289,0.00026,0.05352,0.29084,-0.0005199999999999,0.29136,0.0009,0.26997,0.00032,0.07844,0.1879199999999999,0.0243999999999999,0.1635199999999999
1613,CVE-2024-48846,2025-04-16,CVE-2024-0150,2025-05-17,1,0.05,0.00033,0.08205,0.0,0.00023,0.04558,0.0,0.0364699999999999,2,0.00154,0.37289,0.00023,0.04506,0.29084,-0.0005199999999999,0.29136,0.0009,0.26997,0.00023,0.04643,0.1879199999999999,0.0008499999999999,0.18707
1613,CVE-2024-48846,2025-04-16,CVE-2024-46687,2025-05-26,9,0.7500000000000002,0.00033,0.08205,0.0,0.00043,0.1276,0.0,0.0455499999999999,3,0.00154,0.37289,0.00043,0.12832,0.29084,0.0007199999999999,0.29012,0.0009,0.26997,0.00043,0.13014,0.1879199999999999,0.00254,0.1853799999999999
1615,CVE-2024-48849,2025-01-29,CVE-2024-23346,2025-04-15,3,0.1499999999999996,0.00043,0.11435,1.0,0.00045,0.1784,0.0,0.06405,1,0.00043,0.11488,0.00045,0.1788,0.00053,0.0003999999999999,0.00013,0.00043,0.11771,0.00043,0.12165,0.00336,-0.05675,0.06011
1616,CVE-2024-4885,2025-03-04,CVE-2024-21762,2025-04-13,1,0.0,0.85382,0.98826,0.0,0.03347,0.91452,0.0,0.07374,1,0.83604,0.98738,0.03347,0.91467,-0.0008799999999999,0.0001499999999999,-0.0010299999999999,0.93675,0.99842,0.90724,0.99608,0.0101599999999999,0.0815599999999999,-0.0714
1617,CVE-2024-48852,2025-01-29,CVE-2024-23346,2025-04-15,3,0.1499999999999996,0.00043,0.11435,1.0,0.00045,0.1784,0.0,0.06405,1,0.00043,0.11488,0.00045,0.1788,0.00053,0.0003999999999999,0.00013,0.00043,0.11771,0.00043,0.12165,0.00336,-0.05675,0.06011
1622,CVE-2024-48886,2025-01-14,CVE-2024-47460,2025-05-23,7,0.05,0.00043,0.11266,1.0,0.00043,0.112,0.0,0.0006599999999999,1,0.00043,0.11351,0.00043,0.11351,0.00085,0.0015099999999999,-0.0006599999999999,0.00091,0.40777,0.00043,0.11499,0.29511,0.0029899999999999,0.29212
1622,CVE-2024-48886,2025-01-14,CVE-2024-31989,2025-05-09,6,0.05,0.00043,0.11266,1.0,0.00042,0.05089,0.0,0.06177,2,0.00043,0.11351,0.00042,0.05109,0.00085,0.0002,0.0006499999999999,0.00091,0.40777,0.00042,0.05064,0.29511,-0.00025,0.29536
1622,CVE-2024-48886,2025-01-14,CVE-2024-35540,2025-04-10,3,0.05,0.00043,0.11266,1.0,0.0005,0.21243,0.0,0.09977,3,0.00043,0.11351,0.0005,0.21403,0.00085,0.0015999999999999,-0.0007499999999999,0.00091,0.40777,0.0005,0.21575,0.29511,0.0033199999999999,0.29179
1626,CVE-2024-48964,2024-10-30,CVE-2024-8376,2025-04-17,6,0.0,0.00043,0.10572,0.0,0.00044,0.11229,0.0,0.00657,1,0.00077,0.34133,0.00044,0.14182,0.23561,0.02953,0.20608,0.00077,0.34605,0.00145,0.51693,0.24033,0.40464,-0.1643099999999999
1627,CVE-2024-48966,2024-11-14,CVE-2024-51378,2024-12-16,1,0.0,0.00043,0.10163,1.0,0.00044,0.11504,0.0,0.01341,1,0.00043,0.10302,0.00044,0.11655,0.00139,0.0015099999999999,-0.0001199999999999,0.00043,0.10937,0.00211,0.59983,0.0077399999999999,0.4847899999999999,-0.47705
1628,CVE-2024-48967,2024-11-14,CVE-2024-51378,2024-12-16,1,0.0,0.00043,0.10163,1.0,0.00044,0.11504,0.0,0.01341,1,0.00043,0.10302,0.00044,0.11655,0.00139,0.0015099999999999,-0.0001199999999999,0.00043,0.10937,0.00211,0.59983,0.0077399999999999,0.4847899999999999,-0.47705
1634,CVE-2024-48990,2024-12-14,CVE-2024-43590,2025-04-14,11,0.05,0.00045,0.17871,0.0,0.00048,0.19734,0.0,0.0186299999999999,1,0.00045,0.17368,0.00048,0.19461,-0.00503,-0.0027299999999999,-0.0023,0.00253,0.64471,0.00048,0.19643,0.4659999999999999,-0.0009099999999999,0.4669099999999999
1634,CVE-2024-48990,2024-12-14,CVE-2024-53104,2025-02-03,7,0.05,0.00045,0.17871,0.0,0.00044,0.15122,0.0,0.02749,2,0.00045,0.17368,0.00044,0.14743,-0.00503,-0.0037899999999999,-0.00124,0.00253,0.64471,0.00044,0.14966,0.4659999999999999,-0.00156,0.46756
1634,CVE-2024-48990,2024-12-14,CVE-2024-9956,2025-03-21,10,0.05,0.00045,0.17871,0.0,0.00043,0.10937,0.0,0.06934,3,0.00045,0.17368,0.00043,0.10899,-0.00503,-0.0003799999999999,-0.00465,0.00253,0.64471,0.00046,0.19027,0.4659999999999999,0.0809,0.3851
1670,CVE-2024-49113,2025-01-11,CVE-2024-44910,2025-04-11,11,0.05,0.00046,0.18991,0.0,0.00046,0.18115,0.0,0.0087599999999999,1,0.00052,0.23323,0.00046,0.18277,0.04332,0.0016199999999999,0.0417,0.00052,0.2343,0.00046,0.18408,0.04439,0.0029299999999999,0.04146
1670,CVE-2024-49113,2025-01-11,CVE-2024-44911,2025-04-11,12,0.05,0.00046,0.18991,0.0,0.00045,0.17995,0.0,0.0099599999999999,2,0.00052,0.23323,0.00045,0.18158,0.04332,0.0016299999999999,0.04169,0.00052,0.2343,0.00045,0.18293,0.04439,0.00298,0.04141
1670,CVE-2024-49113,2025-01-11,CVE-2024-35057,2025-04-11,7,0.05,0.00046,0.18991,0.0,0.00043,0.11148,0.0,0.07843,3,0.00052,0.23323,0.00043,0.11361,0.04332,0.00213,0.0411899999999999,0.00052,0.2343,0.00043,0.11462,0.04439,0.00314,0.04125
1687,CVE-2024-49147,2024-12-12,CVE-2024-23346,2025-04-15,6,0.05,0.00043,0.10843,1.0,0.00045,0.17744,0.0,0.0690099999999999,1,0.00068,0.31826,0.00045,0.17364,0.20983,-0.0037999999999999,0.21363,0.00261,0.65169,0.00045,0.17575,0.54326,-0.0016899999999999,0.5449499999999999
1695,CVE-2024-49375,2025-01-14,CVE-2024-47460,2025-05-23,7,0.05,0.00043,0.11266,1.0,0.00043,0.112,0.0,0.0006599999999999,1,0.00043,0.11351,0.00043,0.11351,0.00085,0.0015099999999999,-0.0006599999999999,0.00043,0.11499,0.00043,0.11499,0.0023299999999999,0.0029899999999999,-0.0006599999999999
1695,CVE-2024-49375,2025-01-14,CVE-2024-31989,2025-05-09,6,0.05,0.00043,0.11266,1.0,0.00042,0.05089,0.0,0.06177,2,0.00043,0.11351,0.00042,0.05109,0.00085,0.0002,0.0006499999999999,0.00043,0.11499,0.00042,0.05064,0.0023299999999999,-0.00025,0.0025799999999999
1695,CVE-2024-49375,2025-01-14,CVE-2024-35540,2025-04-10,3,0.05,0.00043,0.11266,1.0,0.0005,0.21243,0.0,0.09977,3,0.00043,0.11351,0.0005,0.21403,0.00085,0.0015999999999999,-0.0007499999999999,0.00043,0.11499,0.0005,0.21575,0.0023299999999999,0.0033199999999999,-0.0009899999999999
1697,CVE-2024-49559,2025-03-17,CVE-2024-43201,2025-05-04,6,0.05,0.0004,0.09136,1.0,0.00056,0.14866,0.0,0.0572999999999999,1,0.00047,0.11457,0.00056,0.14413,0.02321,-0.0045299999999999,0.0277399999999999,0.00047,0.14359,0.00039,0.10838,0.05223,-0.0402799999999999,0.0925099999999999
1698,CVE-2024-4956,2025-03-28,CVE-2024-12987,2025-05-17,11,0.2500000000000001,0.93821,0.99861,0.0,0.38605,0.96945,0.0,0.0291599999999999,1,0.93821,0.9986,0.38605,0.9696,-9.99999999995449e-06,0.0001499999999999,-0.0001599999999999,0.93976,0.99872,0.45389,0.97411,0.00011,0.0046599999999999,-0.0045499999999999
1698,CVE-2024-4956,2025-03-28,CVE-2024-39894,2025-05-07,3,0.05,0.93821,0.99861,0.0,0.12033,0.93155,0.0,0.06706,2,0.93821,0.9986,0.12033,0.93174,-9.99999999995449e-06,0.00019,-0.0001999999999999,0.93976,0.99872,0.01351,0.79022,0.00011,-0.1413299999999999,0.14144
1703,CVE-2024-49655,2025-01-21,CVE-2024-23346,2025-04-15,3,0.05,0.00043,0.11371,1.0,0.00045,0.17729,0.0,0.06358,1,0.00043,0.11449,0.00045,0.17852,0.0007799999999999,0.00123,-0.00045,0.00043,0.11709,0.00043,0.12118,0.0033799999999999,-0.05611,0.05949
1710,CVE-2024-49767,2024-11-01,CVE-2024-8376,2025-04-17,6,0.0,0.00045,0.16666,0.0,0.00044,0.14083,0.0,0.0258299999999999,1,0.00056,0.24315,0.00044,0.14174,0.07649,0.0009099999999999,0.07558,,,,,,,
1724,CVE-2024-50264,2025-04-16,CVE-2024-46687,2025-05-26,4,0.0,0.00048,0.14553,0.0,0.00043,0.1276,0.0,0.01793,1,0.00026,0.05406,0.00043,0.12832,-0.09147,0.0007199999999999,-0.09219,0.00038,0.1083,0.00043,0.13014,-0.03723,0.00254,-0.03977
1724,CVE-2024-50264,2025-04-16,CVE-2024-39338,2025-05-27,6,0.2999999999999998,0.00048,0.14553,0.0,0.00026,0.05404,0.0,0.0914899999999999,2,0.00026,0.05406,0.00026,0.05352,-0.09147,-0.0005199999999999,-0.09095,0.00038,0.1083,0.00032,0.07844,-0.03723,0.0243999999999999,-0.06163
1724,CVE-2024-50264,2025-04-16,CVE-2024-0150,2025-05-17,12,0.7500000000000002,0.00048,0.14553,0.0,0.00023,0.04558,0.0,0.0999499999999999,3,0.00026,0.05406,0.00023,0.04506,-0.09147,-0.0005199999999999,-0.09095,0.00038,0.1083,0.00023,0.04643,-0.03723,0.0008499999999999,-0.0380799999999999
1725,CVE-2024-50302,2025-02-28,CVE-2024-43853,2025-05-09,5,0.05,0.00042,0.05004,0.0,0.00042,0.05004,0.0,0.0,1,0.00085,0.38794,0.00042,0.05012,0.3379,7.999999999999674e-05,0.33782,0.00232,0.43073,0.0007,0.18339,0.38069,0.13335,0.2473399999999999
1725,CVE-2024-50302,2025-02-28,CVE-2024-36424,2025-04-10,1,0.05,0.00042,0.05004,0.0,0.00043,0.11771,0.0,0.06767,2,0.00085,0.38794,0.00043,0.11868,0.3379,0.0009699999999999,0.3369299999999999,0.00232,0.43073,0.03701,0.86846,0.38069,0.75075,-0.37006
1725,CVE-2024-50302,2025-02-28,CVE-2024-50204,2025-05-09,7,0.05,0.00042,0.05004,0.0,0.00043,0.11771,0.0,0.06767,3,0.00085,0.38794,0.00043,0.11868,0.3379,0.0009699999999999,0.3369299999999999,0.00232,0.43073,0.00026,0.042,0.38069,-0.07571,0.4564
1732,CVE-2024-50603,2025-01-08,CVE-2024-2973,2025-02-18,7,0.05,0.00046,0.1845,0.0,0.00043,0.11128,0.0,0.07322,1,0.00962,0.83218,0.00043,0.11266,0.64768,0.0013799999999999,0.6463000000000001,0.88879,0.99001,0.00043,0.11478,0.80551,0.0034999999999999,0.80201
1736,CVE-2024-50672,2025-04-15,CVE-2024-42509,2025-05-23,6,0.05,0.00259,0.49042,0.0,0.00246,0.47847,0.0,0.01195,1,0.00081,0.24935,0.00246,0.47892,-0.24107,0.00045,-0.24152,0.00056,0.17726,0.00246,0.47923,-0.31316,0.0007599999999999,-0.31392
1739,CVE-2024-50704,2025-03-04,CVE-2024-41110,2025-05-09,9,0.1499999999999996,0.00043,0.11829,1.0,0.00045,0.16844,0.0,0.05015,1,0.00043,0.11882,0.00045,0.16865,0.0005299999999999,0.0002099999999999,0.00032,0.00852,0.7291,0.01389,0.78668,0.61081,0.61824,-0.00743
1741,CVE-2024-50707,2025-03-04,CVE-2024-41110,2025-05-09,9,0.1499999999999996,0.00043,0.11829,1.0,0.00045,0.16844,0.0,0.05015,1,0.00043,0.11882,0.00045,0.16865,0.0005299999999999,0.0002099999999999,0.00032,0.00304,0.50748,0.01389,0.78668,0.38919,0.61824,-0.2290499999999999
1747,CVE-2024-50857,2025-04-14,CVE-2024-0147,2025-05-17,12,0.7500000000000002,0.00034,0.0655,0.0,0.00023,0.0359,0.0,0.0296,1,0.00199,0.4253,0.00023,0.04549,0.3598,0.00959,0.35021,0.00199,0.42526,0.00023,0.04599,0.35976,0.01009,0.34967
1747,CVE-2024-50857,2025-04-14,CVE-2024-0131,2025-05-17,4,0.4499999999999994,0.00034,0.0655,0.0,0.00022,0.0348,0.0,0.0307,2,0.00199,0.4253,0.00022,0.04384,0.3598,0.00904,0.35076,0.00199,0.42526,0.00022,0.04444,0.35976,0.00964,0.35012
1747,CVE-2024-50857,2025-04-14,CVE-2024-43799,2025-05-17,3,0.2500000000000001,0.00034,0.0655,0.0,0.00017,0.02,0.0,0.0455,3,0.00199,0.4253,0.00025,0.05173,0.3598,0.0317299999999999,0.32807,0.00199,0.42526,0.00025,0.05324,0.35976,0.03324,0.32652
1749,CVE-2024-50859,2025-04-14,CVE-2024-7347,2025-05-17,1,0.1499999999999996,0.00045,0.10806,0.0,0.00053,0.13529,0.0,0.0272299999999999,1,0.00264,0.49638,0.00054,0.16951,0.38832,0.03422,0.3540999999999999,0.00264,0.49699,0.001,0.28935,0.38893,0.15406,0.23487
1749,CVE-2024-50859,2025-04-14,CVE-2024-0147,2025-05-17,12,0.7500000000000002,0.00045,0.10806,0.0,0.00023,0.0359,0.0,0.07216,2,0.00264,0.49638,0.00023,0.04549,0.38832,0.00959,0.37873,0.00264,0.49699,0.00023,0.04599,0.38893,0.01009,0.37884
1749,CVE-2024-50859,2025-04-14,CVE-2024-0131,2025-05-17,4,0.4499999999999994,0.00045,0.10806,0.0,0.00022,0.0348,0.0,0.07326,3,0.00264,0.49638,0.00022,0.04384,0.38832,0.00904,0.37928,0.00264,0.49699,0.00022,0.04444,0.38893,0.00964,0.37929
1750,CVE-2024-50861,2025-04-14,CVE-2024-6531,2025-05-17,4,0.3500000000000007,0.00048,0.11871,0.0,0.00037,0.08034,0.0,0.03837,1,0.00279,0.50834,0.00034,0.08693,0.38963,0.0065899999999999,0.38304,0.00279,0.509,0.00044,0.13061,0.39029,0.05027,0.34002
1750,CVE-2024-50861,2025-04-14,CVE-2024-26462,2025-05-17,11,0.6499999999999997,0.00048,0.11871,0.0,0.00063,0.16866,0.0,0.04995,2,0.00279,0.50834,0.00031,0.07326,0.38963,-0.0954,0.48503,0.00279,0.509,0.00026,0.05708,0.39029,-0.11158,0.50187
1750,CVE-2024-50861,2025-04-14,CVE-2024-0147,2025-05-17,10,0.6499999999999997,0.00048,0.11871,0.0,0.00023,0.0359,0.0,0.08281,3,0.00279,0.50834,0.00023,0.04549,0.38963,0.00959,0.38004,0.00279,0.509,0.00023,0.04599,0.39029,0.01009,0.3802
1760,CVE-2024-51144,2025-03-06,CVE-2024-48827,2025-04-06,4,0.05,0.00043,0.11847,0.0,0.00045,0.18333,0.0,0.0648599999999999,1,0.00043,0.11935,0.00045,0.18376,0.0008799999999999,0.00043,0.0004499999999999,0.00188,0.37769,0.00531,0.6475,0.25922,0.4641699999999999,-0.2049499999999999
1762,CVE-2024-51378,2024-12-16,CVE-2024-20419,2025-04-10,11,0.05,0.00211,0.59968,0.0,0.00147,0.52208,0.0,0.0776,1,0.23107,0.96563,0.00174,0.5475,0.36595,0.0254199999999999,0.34053,0.23107,0.96594,0.00174,0.55035,0.36626,0.02827,0.33799
1766,CVE-2024-51463,2025-04-15,CVE-2024-26462,2025-05-17,5,0.1499999999999996,0.00029,0.06603,0.0,0.00031,0.07255,0.0,0.0065199999999999,1,0.00562,0.67027,0.00031,0.07303,0.60424,0.0004799999999999,0.60376,0.00562,0.67122,0.00027,0.05956,0.60519,-0.01299,0.61818
1766,CVE-2024-51463,2025-04-15,CVE-2024-11831,2025-05-17,1,0.05,0.00029,0.06603,0.0,0.00023,0.04662,0.0,0.01941,2,0.00562,0.67027,0.00027,0.05818,0.60424,0.01156,0.59268,0.00562,0.67122,0.00033,0.08163,0.60519,0.0350099999999999,0.57018
1766,CVE-2024-51463,2025-04-15,CVE-2024-0147,2025-05-17,4,0.1499999999999996,0.00029,0.06603,0.0,0.00023,0.04526,0.0,0.02077,3,0.00562,0.67027,0.00023,0.04505,0.60424,-0.00021,0.60445,0.00562,0.67122,0.00023,0.04594,0.60519,0.00068,0.60451
1767,CVE-2024-51464,2025-04-15,CVE-2024-13176,2025-05-17,4,0.2500000000000001,0.00029,0.0648,0.0,0.00033,0.07805,0.0,0.0132499999999999,1,0.00651,0.69595,0.00033,0.07868,0.63115,0.00063,0.63052,0.00651,0.69681,0.00024,0.05034,0.6320100000000001,-0.0277099999999999,0.6597200000000001
1767,CVE-2024-51464,2025-04-15,CVE-2024-11831,2025-05-17,11,1.1500000000000006,0.00029,0.0648,0.0,0.00023,0.04662,0.0,0.0181799999999999,2,0.00651,0.69595,0.00027,0.05818,0.63115,0.01156,0.61959,0.00651,0.69681,0.00033,0.08163,0.6320100000000001,0.0350099999999999,0.5970000000000001
1767,CVE-2024-51464,2025-04-15,CVE-2024-0131,2025-05-17,3,0.1500000000000005,0.00029,0.0648,0.0,0.00022,0.04355,0.0,0.0212499999999999,3,0.00651,0.69595,0.00022,0.04342,0.63115,-0.0001299999999999,0.63128,0.00651,0.69681,0.00022,0.0444,0.6320100000000001,0.00085,0.63116
1769,CVE-2024-51466,2024-12-20,CVE-2024-41947,2025-04-15,7,0.05,0.00129,0.48256,1.0,0.0017,0.54253,0.0,0.0599699999999999,1,0.00129,0.48255,0.0017,0.54268,-1.000000000001e-05,0.00015,-0.0001600000000001,0.00129,0.48575,0.0017,0.54613,0.00319,0.0036,-0.00041
1769,CVE-2024-51466,2024-12-20,CVE-2024-0132,2025-03-26,5,0.05,0.00129,0.48256,1.0,0.00091,0.40175,0.0,0.0808099999999999,2,0.00129,0.48255,0.00091,0.40164,-1.000000000001e-05,-0.0001099999999999,9.9999999999989e-05,0.00129,0.48575,0.00091,0.40535,0.00319,0.0035999999999999,-0.0004099999999999
1771,CVE-2024-51505,2025-02-18,CVE-2024-0399,2025-04-16,6,0.1499999999999996,0.00043,0.11699,1.0,0.00043,0.11678,0.0,0.00021,1,0.00043,0.11716,0.00043,0.11716,0.00017,0.00038,-0.00021,0.00052,0.13181,0.02992,0.8543,0.01482,0.73752,-0.7226999999999999
1771,CVE-2024-51505,2025-02-18,CVE-2024-36623,2025-05-09,10,0.1499999999999996,0.00043,0.11699,1.0,0.00045,0.17981,0.0,0.06282,2,0.00043,0.11716,0.00045,0.17956,0.00017,-0.00025,0.00042,0.00052,0.13181,0.0007,0.18614,0.01482,0.00633,0.00849
1778,CVE-2024-51546,2025-04-15,CVE-2024-43641,2025-05-16,8,0.3499999999999998,0.00144,0.35773,0.0,0.00117,0.31827,0.0,0.0394599999999999,1,0.02175,0.83404,0.00146,0.36236,0.47631,0.04409,0.43222,0.01709,0.81341,0.00146,0.36202,0.45568,0.04375,0.4119299999999999
1780,CVE-2024-51548,2024-12-05,CVE-2024-41110,2025-05-09,9,0.05,0.00043,0.10597,3.0,0.00045,0.15804,0.0,0.05207,1,0.00043,0.10812,0.00045,0.16046,0.0021499999999999,0.0024199999999999,-0.0002699999999999,0.00043,0.11007,0.00045,0.15874,0.0041,0.0006999999999999,0.0034
1788,CVE-2024-51615,2024-12-06,CVE-2024-23346,2025-04-15,9,0.05,0.00043,0.10595,1.0,0.00045,0.17384,0.0,0.0678899999999999,1,0.00043,0.10843,0.00045,0.17777,0.0024799999999999,0.00393,-0.00145,0.00043,0.11005,0.00045,0.17514,0.0040999999999999,0.0012999999999999,0.0027999999999999
1794,CVE-2024-51774,2024-11-04,CVE-2024-10914,2025-04-21,1,0.0,0.00045,0.16708,0.0,0.00046,0.1815,3.0,0.0144199999999999,1,0.00063,0.28662,0.00092,0.40606,0.1195399999999999,0.2245599999999999,-0.10502,0.00063,0.29035,0.16929,0.96243,0.1232699999999999,0.78093,-0.65766
1795,CVE-2024-51788,2024-11-11,CVE-2024-51378,2024-12-16,5,0.0,0.00043,0.10065,1.0,0.00044,0.11393,0.0,0.01328,1,0.00043,0.10184,0.00044,0.11541,0.0011899999999999,0.0014799999999999,-0.0002899999999999,0.00043,0.10788,0.00044,0.12138,0.00723,0.0074499999999999,-0.0002199999999999
1796,CVE-2024-51789,2024-11-11,CVE-2024-51378,2024-12-16,5,0.0,0.00043,0.10065,1.0,0.00044,0.11393,0.0,0.01328,1,0.00043,0.10184,0.00044,0.11541,0.0011899999999999,0.0014799999999999,-0.0002899999999999,0.00043,0.10788,0.00044,0.12138,0.00723,0.0074499999999999,-0.0002199999999999
1797,CVE-2024-51790,2024-11-11,CVE-2024-51378,2024-12-16,5,0.0,0.00043,0.10065,1.0,0.00044,0.11393,0.0,0.01328,1,0.00043,0.10184,0.00044,0.11541,0.0011899999999999,0.0014799999999999,-0.0002899999999999,0.00043,0.10788,0.00044,0.12138,0.00723,0.0074499999999999,-0.0002199999999999
1798,CVE-2024-51791,2024-11-11,CVE-2024-51378,2024-12-16,5,0.0,0.00043,0.10065,1.0,0.00044,0.11393,0.0,0.01328,1,0.00043,0.10184,0.00044,0.11541,0.0011899999999999,0.0014799999999999,-0.0002899999999999,0.00043,0.10788,0.00044,0.12138,0.00723,0.0074499999999999,-0.0002199999999999
1799,CVE-2024-51792,2024-11-11,CVE-2024-51378,2024-12-16,5,0.0,0.00043,0.10065,1.0,0.00044,0.11393,0.0,0.01328,1,0.00043,0.10184,0.00044,0.11541,0.0011899999999999,0.0014799999999999,-0.0002899999999999,0.00043,0.10788,0.00044,0.12138,0.00723,0.0074499999999999,-0.0002199999999999
1800,CVE-2024-51793,2024-11-11,CVE-2024-51378,2024-12-16,5,0.0,0.00043,0.10065,1.0,0.00044,0.11393,0.0,0.01328,1,0.00091,0.4027,0.00044,0.11541,0.30205,0.0014799999999999,0.30057,0.00091,0.40662,0.00044,0.12138,0.3059699999999999,0.0074499999999999,0.2985199999999999
1803,CVE-2024-51818,2025-01-21,CVE-2024-23346,2025-04-15,3,0.05,0.00043,0.11371,1.0,0.00045,0.17729,0.0,0.06358,1,0.00043,0.11449,0.00045,0.17852,0.0007799999999999,0.00123,-0.00045,0.00043,0.11709,0.00043,0.12118,0.0033799999999999,-0.05611,0.05949
1810,CVE-2024-51919,2025-01-21,CVE-2024-47460,2025-05-23,7,0.05,0.00043,0.11371,1.0,0.00043,0.11351,0.0,0.0002,1,0.00043,0.11449,0.00043,0.11449,0.0007799999999999,0.0009799999999999,-0.0002,0.00043,0.11709,0.00043,0.11709,0.0033799999999999,0.00358,-0.0002
1810,CVE-2024-51919,2025-01-21,CVE-2024-31989,2025-05-09,6,0.05,0.00043,0.11371,1.0,0.00042,0.05109,0.0,0.06262,2,0.00043,0.11449,0.00042,0.05095,0.0007799999999999,-0.00014,0.0009199999999999,0.00043,0.11709,0.00042,0.05049,0.0033799999999999,-0.0006,0.0039799999999999
1812,CVE-2024-51954,2025-03-04,CVE-2024-39690,2025-05-09,11,0.1499999999999996,0.00049,0.2114,0.0,0.0005,0.22092,0.0,0.00952,1,0.00049,0.2118,0.0005,0.2213,0.0003999999999999,0.0003799999999999,1.999999999999225e-05,0.00034,0.06649,0.00126,0.28808,-0.14491,0.06716,-0.21207
1812,CVE-2024-51954,2025-03-04,CVE-2024-46278,2025-04-16,8,0.1499999999999996,0.00049,0.2114,0.0,0.00043,0.11827,0.0,0.09313,2,0.00049,0.2118,0.00043,0.11882,0.0003999999999999,0.0005499999999999,-0.00015,0.00034,0.06649,0.03602,0.86703,-0.14491,0.74876,-0.89367
1814,CVE-2024-5198,2025-01-15,CVE-2024-9026,2025-04-10,1,0.05,0.00043,0.11287,1.0,0.00043,0.11266,0.0,0.00021,1,0.00043,0.11371,0.00043,0.11371,0.00084,0.00105,-0.00021,0.00043,0.11641,0.00043,0.11641,0.00354,0.00375,-0.00021
1814,CVE-2024-5198,2025-01-15,CVE-2024-48921,2025-05-09,10,0.6499999999999997,0.00043,0.11287,1.0,0.00045,0.15909,0.0,0.04622,2,0.00043,0.11371,0.00045,0.1605,0.00084,0.0014099999999999,-0.0005699999999999,0.00043,0.11641,0.00045,0.16406,0.00354,0.00497,-0.00143
1814,CVE-2024-5198,2025-01-15,CVE-2024-6501,2025-05-17,5,0.2499999999999997,0.00043,0.11287,1.0,0.00045,0.17612,0.0,0.06325,3,0.00043,0.11371,0.00045,0.1772,0.00084,0.0010799999999999,-0.0002399999999999,0.00043,0.11641,0.00045,0.17954,0.00354,0.00342,0.0001199999999999
1815,CVE-2024-52281,2025-04-16,CVE-2024-7297,2025-05-19,1,0.1499999999999996,0.0004,0.11359,0.0,0.00061,0.19179,0.0,0.0781999999999999,1,0.00041,0.1173,0.00061,0.19279,0.00371,0.001,0.00271,0.00041,0.11915,0.00073,0.2312,0.00556,0.03941,-0.0338499999999999
1819,CVE-2024-52308,2024-11-14,CVE-2024-42845,2024-12-15,1,0.0,0.00043,0.10163,1.0,0.00045,0.16925,0.0,0.06762,1,0.0009,0.39756,0.00045,0.17113,0.29593,0.0018799999999999,0.29405,0.0009,0.40192,0.00045,0.17871,0.30029,0.0094599999999999,0.29083
1830,CVE-2024-52372,2024-11-14,CVE-2024-51378,2024-12-16,1,0.0,0.00043,0.10163,1.0,0.00044,0.11504,0.0,0.01341,1,0.00043,0.10302,0.00044,0.11655,0.00139,0.0015099999999999,-0.0001199999999999,0.00043,0.10937,0.00211,0.59983,0.0077399999999999,0.4847899999999999,-0.47705
1831,CVE-2024-52373,2024-11-14,CVE-2024-51378,2024-12-16,1,0.0,0.00043,0.10163,1.0,0.00044,0.11504,0.0,0.01341,1,0.00043,0.10302,0.00044,0.11655,0.00139,0.0015099999999999,-0.0001199999999999,0.00043,0.10937,0.00211,0.59983,0.0077399999999999,0.4847899999999999,-0.47705
1832,CVE-2024-52374,2024-11-14,CVE-2024-51378,2024-12-16,1,0.0,0.00043,0.10163,1.0,0.00044,0.11504,0.0,0.01341,1,0.00043,0.10302,0.00044,0.11655,0.00139,0.0015099999999999,-0.0001199999999999,0.00043,0.10937,0.00211,0.59983,0.0077399999999999,0.4847899999999999,-0.47705
1833,CVE-2024-52375,2024-11-14,CVE-2024-51378,2024-12-16,1,0.0,0.00043,0.10163,1.0,0.00044,0.11504,0.0,0.01341,1,0.00043,0.10302,0.00044,0.11655,0.00139,0.0015099999999999,-0.0001199999999999,0.00043,0.10937,0.00211,0.59983,0.0077399999999999,0.4847899999999999,-0.47705
1834,CVE-2024-52376,2024-11-14,CVE-2024-51378,2024-12-16,1,0.0,0.00043,0.10163,1.0,0.00044,0.11504,0.0,0.01341,1,0.00043,0.10302,0.00044,0.11655,0.00139,0.0015099999999999,-0.0001199999999999,0.00043,0.10937,0.00211,0.59983,0.0077399999999999,0.4847899999999999,-0.47705
1835,CVE-2024-52377,2024-11-14,CVE-2024-51378,2024-12-16,1,0.0,0.00043,0.10163,1.0,0.00044,0.11504,0.0,0.01341,1,0.00043,0.10302,0.00044,0.11655,0.00139,0.0015099999999999,-0.0001199999999999,0.00043,0.10937,0.00211,0.59983,0.0077399999999999,0.4847899999999999,-0.47705
1836,CVE-2024-52379,2024-11-14,CVE-2024-51378,2024-12-16,1,0.0,0.00043,0.10163,1.0,0.00044,0.11504,0.0,0.01341,1,0.00043,0.10302,0.00044,0.11655,0.00139,0.0015099999999999,-0.0001199999999999,0.00043,0.10937,0.00211,0.59983,0.0077399999999999,0.4847899999999999,-0.47705
1837,CVE-2024-52380,2024-11-14,CVE-2024-51378,2024-12-16,1,0.0,0.00043,0.10163,1.0,0.00044,0.11504,0.0,0.01341,1,0.00043,0.10302,0.00044,0.11655,0.00139,0.0015099999999999,-0.0001199999999999,0.00043,0.10937,0.00211,0.59983,0.0077399999999999,0.4847899999999999,-0.47705
1886,CVE-2024-52541,2025-02-19,CVE-2024-22257,2025-05-30,3,0.05,0.00043,0.11709,1.0,0.00043,0.11699,0.0,0.0001,1,0.00043,0.11704,0.00043,0.11704,-4.999999999999449e-05,5.000000000000837e-05,-0.0001,0.00017,0.02244,0.00237,0.44132,-0.09465,0.32433,-0.41898
1886,CVE-2024-52541,2025-02-19,CVE-2024-0399,2025-04-16,9,0.1499999999999996,0.00043,0.11709,1.0,0.00043,0.11699,0.0,0.0001,2,0.00043,0.11704,0.00043,0.11704,-4.999999999999449e-05,5.000000000000837e-05,-0.0001,0.00017,0.02244,0.02992,0.85428,-0.09465,0.73729,-0.83194
1886,CVE-2024-52541,2025-02-19,CVE-2024-36623,2025-05-09,12,0.1499999999999996,0.00043,0.11709,1.0,0.00045,0.17984,0.0,0.06275,3,0.00043,0.11704,0.00045,0.17937,-4.999999999999449e-05,-0.0004699999999999,0.00042,0.00017,0.02244,0.0007,0.1862,-0.09465,0.00636,-0.10101
1888,CVE-2024-52551,2024-11-14,CVE-2024-42845,2024-12-15,1,0.0,0.00043,0.10146,0.0,0.00045,0.16925,0.0,0.06779,1,0.00043,0.10302,0.00045,0.17113,0.00156,0.0018799999999999,-0.0003199999999999,0.00043,0.10937,0.00045,0.17871,0.00791,0.0094599999999999,-0.0015499999999999
1889,CVE-2024-52552,2024-11-14,CVE-2024-42845,2024-12-15,1,0.0,0.00043,0.10146,0.0,0.00045,0.16925,0.0,0.06779,1,0.00043,0.10302,0.00045,0.17113,0.00156,0.0018799999999999,-0.0003199999999999,0.00043,0.10937,0.00045,0.17871,0.00791,0.0094599999999999,-0.0015499999999999
1907,CVE-2024-52869,2025-01-08,CVE-2024-38796,2025-04-23,9,0.1499999999999996,0.00043,0.11086,1.0,0.00043,0.11128,0.0,0.00042,1,0.00043,0.11266,0.00043,0.11266,0.0017999999999999,0.0013799999999999,0.00042,0.00043,0.11478,0.00043,0.11478,0.0039199999999999,0.0034999999999999,0.00042
1907,CVE-2024-52869,2025-01-08,CVE-2024-29018,2025-05-09,11,0.1499999999999996,0.00043,0.11086,1.0,0.00043,0.11128,0.0,0.00042,2,0.00043,0.11266,0.00043,0.11266,0.0017999999999999,0.0013799999999999,0.00042,0.00043,0.11478,0.00043,0.11478,0.0039199999999999,0.0034999999999999,0.00042
1907,CVE-2024-52869,2025-01-08,CVE-2024-42831,2025-04-02,5,0.1499999999999996,0.00043,0.11086,1.0,0.00045,0.17541,0.0,0.06455,3,0.00043,0.11266,0.00045,0.17612,0.0017999999999999,0.0007099999999999,0.00109,0.00043,0.11478,0.00045,0.17818,0.0039199999999999,0.0027699999999999,0.0011499999999999
1913,CVE-2024-52902,2025-02-19,CVE-2024-39304,2025-04-09,12,0.05,0.0005,0.21763,1.0,0.0005,0.21771,0.0,7.999999999999674e-05,1,0.0005,0.21734,0.0005,0.21734,-0.0002899999999999,-0.0003699999999999,7.999999999999674e-05,0.00051,0.12698,0.20878,0.95165,-0.0906499999999999,0.73394,-0.82459
1913,CVE-2024-52902,2025-02-19,CVE-2024-48827,2025-04-06,10,0.05,0.0005,0.21763,1.0,0.00045,0.17984,0.0,0.0377899999999999,2,0.0005,0.21734,0.00045,0.17937,-0.0002899999999999,-0.0004699999999999,0.00018,0.00051,0.12698,0.00531,0.64777,-0.0906499999999999,0.4679299999999999,-0.55858
1913,CVE-2024-52902,2025-02-19,CVE-2024-9054,2025-04-04,9,0.05,0.0005,0.21763,1.0,0.00064,0.30594,0.0,0.08831,3,0.0005,0.21734,0.00064,0.30535,-0.0002899999999999,-0.0005899999999999,0.0002999999999999,0.00051,0.12698,0.00952,0.74394,-0.0906499999999999,0.438,-0.5286500000000001
1915,CVE-2024-52961,2025-03-11,CVE-2024-7297,2025-05-19,10,0.05,0.00043,0.1222,1.0,0.00043,0.11882,0.0,0.00338,1,0.00062,0.1675,0.00171,0.35974,0.0453,0.24092,-0.19562,0.00062,0.1664,0.00198,0.39121,0.0441999999999999,0.27239,-0.22819
1916,CVE-2024-52975,2025-01-23,CVE-2024-47460,2025-05-23,7,0.05,0.00043,0.11404,1.0,0.00043,0.11403,0.0,9.999999999996125e-06,1,0.00043,0.11435,0.00043,0.11435,0.0003099999999999,0.0003199999999999,-9.999999999996125e-06,0.00043,0.11726,0.00043,0.11726,0.00322,0.0032299999999999,-9.999999999996125e-06
1916,CVE-2024-52975,2025-01-23,CVE-2024-31989,2025-05-09,6,0.05,0.00043,0.11404,1.0,0.00042,0.05104,0.0,0.063,2,0.00043,0.11435,0.00042,0.05092,0.0003099999999999,-0.00012,0.0004299999999999,0.00043,0.11726,0.00042,0.05048,0.00322,-0.00056,0.00378
1918,CVE-2024-53104,2025-02-03,CVE-2024-11477,2025-05-08,12,0.05,0.00044,0.15232,0.0,0.00045,0.16325,0.0,0.0109299999999999,1,0.00135,0.49803,0.00045,0.16365,0.3457099999999999,0.0003999999999999,0.34531,0.00135,0.5019,0.00045,0.16843,0.34958,0.0051799999999999,0.3444
1918,CVE-2024-53104,2025-02-03,CVE-2024-38193,2025-04-17,5,0.05,0.00044,0.15232,0.0,0.00043,0.1154,0.0,0.03692,2,0.00135,0.49803,0.00043,0.11565,0.3457099999999999,0.00025,0.34546,0.00135,0.5019,0.00043,0.11933,0.34958,0.00393,0.34565
1918,CVE-2024-53104,2025-02-03,CVE-2024-43085,2025-04-28,10,0.05,0.00044,0.15232,0.0,0.00043,0.11437,0.0,0.03795,3,0.00135,0.49803,0.00043,0.11462,0.3457099999999999,0.00025,0.34546,0.00135,0.5019,0.00043,0.11829,0.34958,0.00392,0.3456599999999999
1919,CVE-2024-53141,2025-04-19,CVE-2024-46687,2025-05-26,1,0.0,0.00038,0.10791,0.0,0.00043,0.12934,0.0,0.02143,1,0.00038,0.10727,0.00043,0.1287,-0.00064,-0.00064,0.0,0.00021,0.0393,0.00044,0.13254,-0.06861,0.0031999999999999,-0.0718099999999999
1919,CVE-2024-53141,2025-04-19,CVE-2024-39338,2025-05-27,3,0.2999999999999998,0.00038,0.10791,0.0,0.00026,0.05443,0.0,0.05348,2,0.00038,0.10727,0.00029,0.06656,-0.00064,0.0121299999999999,-0.0127699999999999,0.00021,0.0393,0.0003,0.06921,-0.06861,0.0147799999999999,-0.0833899999999999
1920,CVE-2024-53150,2025-04-07,CVE-2024-0150,2025-05-17,1,0.05,0.00014,0.01292,0.0,0.00023,0.03551,0.0,0.02259,1,0.00445,0.60702,0.00023,0.0359,0.5941,0.00039,0.59371,0.00381,0.58492,0.00023,0.045,0.572,0.0094899999999999,0.56251
1920,CVE-2024-53150,2025-04-07,CVE-2024-39338,2025-05-27,9,0.4500000000000003,0.00014,0.01292,0.0,0.00024,0.0372,0.0,0.0242799999999999,2,0.00445,0.60702,0.00026,0.04183,0.5941,0.00463,0.5894699999999999,0.00381,0.58492,0.0003,0.06824,0.572,0.0310399999999999,0.54096
1921,CVE-2024-53197,2025-02-28,CVE-2024-11477,2025-05-08,11,0.05,0.00044,0.15631,0.0,0.00045,0.16767,0.0,0.01136,1,0.00044,0.1573,0.00045,0.16872,0.0009899999999999,0.0010499999999999,-6.0000000000004494e-05,0.00243,0.44711,0.27562,0.96004,0.2908,0.79237,-0.5015700000000001
1921,CVE-2024-53197,2025-02-28,CVE-2024-21111,2025-05-09,12,0.05,0.00044,0.15631,0.0,0.00043,0.12274,0.0,0.03357,2,0.00044,0.1573,0.00043,0.12364,0.0009899999999999,0.0008999999999999,8.999999999999286e-05,0.00243,0.44711,0.0466,0.883,0.2908,0.76026,-0.46946
1921,CVE-2024-53197,2025-02-28,CVE-2024-38193,2025-04-17,4,0.05,0.00044,0.15631,0.0,0.00043,0.11879,0.0,0.03752,3,0.00044,0.1573,0.00043,0.11971,0.0009899999999999,0.0009199999999999,7.000000000000062e-05,0.00243,0.44711,0.56629,0.97926,0.2908,0.8604700000000001,-0.5696700000000001
1931,CVE-2024-53427,2025-03-04,CVE-2024-36623,2025-05-09,7,0.05,0.00045,0.18319,0.0,0.00045,0.18319,0.0,0.0,1,0.00045,0.18339,0.00045,0.18339,0.0002,0.0002,0.0,8e-05,0.00333,0.00097,0.24427,-0.17986,0.0610799999999999,-0.24094
1931,CVE-2024-53427,2025-03-04,CVE-2024-0399,2025-04-16,4,0.05,0.00045,0.18319,0.0,0.00043,0.11827,0.0,0.0649199999999999,2,0.00045,0.18339,0.00043,0.11882,0.0002,0.0005499999999999,-0.0003499999999999,8e-05,0.00333,0.04798,0.88501,-0.17986,0.76674,-0.9466
1931,CVE-2024-53427,2025-03-04,CVE-2024-22257,2025-05-30,12,0.1499999999999996,0.00045,0.18319,0.0,0.00043,0.11827,0.0,0.0649199999999999,3,0.00045,0.18339,0.00043,0.11882,0.0002,0.0005499999999999,-0.0003499999999999,8e-05,0.00333,0.00237,0.44062,-0.17986,0.32235,-0.50221
1937,CVE-2024-53537,2025-04-14,CVE-2024-26020,2025-05-18,7,0.55,0.00477,0.62256,0.0,0.0054,0.65083,0.0,0.02827,1,0.04136,0.87995,0.00493,0.64352,0.25739,-0.00731,0.2647,0.04136,0.88022,0.00534,0.66187,0.25766,0.0110399999999999,0.24662
1937,CVE-2024-53537,2025-04-14,CVE-2024-42835,2025-05-19,10,0.7500000000000011,0.00477,0.62256,0.0,0.00573,0.66228,0.0,0.0397199999999999,2,0.04136,0.87995,0.00475,0.63492,0.25739,-0.0273599999999999,0.2847499999999999,0.04136,0.88022,0.00475,0.63604,0.25766,-0.0262399999999999,0.2838999999999999
1937,CVE-2024-53537,2025-04-14,CVE-2024-48061,2025-05-19,11,0.7500000000000011,0.00477,0.62256,0.0,0.00732,0.705,0.0,0.0824399999999999,3,0.04136,0.87995,0.00432,0.61482,0.25739,-0.0901799999999999,0.3475699999999999,0.04136,0.88022,0.00432,0.6158,0.25766,-0.0891999999999999,0.3468599999999999
1939,CVE-2024-53564,2024-12-03,CVE-2024-9026,2025-04-10,11,1.1499999999999997,0.00043,0.10484,0.0,0.00043,0.10484,0.0,0.0,1,0.00043,0.10702,0.00043,0.10702,0.00218,0.00218,0.0,0.00043,0.10982,0.00043,0.10982,0.0049799999999999,0.0049799999999999,0.0
1939,CVE-2024-53564,2024-12-03,CVE-2024-48921,2025-05-09,5,0.55,0.00043,0.10484,0.0,0.00045,0.15605,0.0,0.0512099999999999,2,0.00043,0.10702,0.00045,0.15791,0.00218,0.00186,0.00032,0.00043,0.10982,0.00045,0.15681,0.0049799999999999,0.00076,0.0042199999999999
1939,CVE-2024-53564,2024-12-03,CVE-2024-6501,2025-05-17,8,0.95,0.00043,0.10484,0.0,0.00045,0.17329,0.0,0.06845,3,0.00043,0.10702,0.00045,0.17556,0.00218,0.0022699999999999,-8.999999999999286e-05,0.00043,0.10982,0.00045,0.17438,0.0049799999999999,0.00109,0.0038899999999999
1940,CVE-2024-53582,2025-04-14,CVE-2024-21325,2025-05-19,12,0.3499999999999998,0.01132,0.76503,0.0,0.01208,0.77222,0.0,0.00719,1,0.11749,0.93269,0.00814,0.73003,0.16766,-0.04219,0.2098500000000001,0.11749,0.93295,0.00814,0.73064,0.1679199999999999,-0.04158,0.2095
1940,CVE-2024-53582,2025-04-14,CVE-2024-26173,2025-05-16,5,0.3499999999999998,0.01132,0.76503,0.0,0.00932,0.7415,0.0,0.0235299999999999,2,0.11749,0.93269,0.00346,0.56191,0.16766,-0.17959,0.34725,0.11749,0.93295,0.00368,0.57785,0.1679199999999999,-0.16365,0.33157
1940,CVE-2024-53582,2025-04-14,CVE-2024-43452,2025-05-16,1,0.05,0.01132,0.76503,0.0,0.00727,0.70382,0.0,0.0612099999999999,3,0.11749,0.93269,0.01069,0.76496,0.16766,0.0611399999999999,0.10652,0.11749,0.93295,0.01209,0.77898,0.1679199999999999,0.07516,0.0927599999999999
1942,CVE-2024-53586,2025-04-11,CVE-2024-29073,2025-05-18,2,0.05,0.00234,0.43486,0.0,0.00176,0.36106,0.0,0.0738,1,0.09626,0.92416,0.00133,0.34388,0.4892999999999999,-0.0171799999999999,0.5064799999999999,0.09626,0.92438,0.00144,0.35846,0.4895199999999999,-0.0025999999999999,0.4921199999999999
1942,CVE-2024-53586,2025-04-11,CVE-2024-6383,2025-05-17,1,0.05,0.00234,0.43486,0.0,0.00163,0.34016,0.0,0.0947,2,0.09626,0.92416,0.00118,0.32037,0.4892999999999999,-0.01979,0.50909,0.09626,0.92438,0.00172,0.39468,0.4895199999999999,0.0545199999999999,0.435
1943,CVE-2024-53591,2025-04-21,CVE-2024-46687,2025-05-26,12,2.3000000000000007,0.00055,0.17382,0.0,0.00043,0.12861,0.0,0.04521,1,0.00066,0.20992,0.00043,0.12854,0.0360999999999999,-7.00000000000145e-05,0.03617,0.00076,0.23741,0.00044,0.13299,0.06359,0.0043799999999999,0.05921
1946,CVE-2024-53705,2025-01-07,CVE-2024-35057,2025-04-11,8,0.05,0.00043,0.11133,3.0,0.00043,0.11049,0.0,0.0008399999999999,1,0.00043,0.112,0.00043,0.112,0.00067,0.0015099999999999,-0.0008399999999999,0.00043,0.11479,0.00043,0.11479,0.00346,0.0042999999999999,-0.0008399999999999
1946,CVE-2024-53705,2025-01-07,CVE-2024-35058,2025-04-11,9,0.05,0.00043,0.11133,3.0,0.00043,0.11049,0.0,0.0008399999999999,2,0.00043,0.112,0.00043,0.112,0.00067,0.0015099999999999,-0.0008399999999999,0.00043,0.11479,0.00043,0.11479,0.00346,0.0042999999999999,-0.0008399999999999
1946,CVE-2024-53705,2025-01-07,CVE-2024-35059,2025-04-11,10,0.05,0.00043,0.11133,3.0,0.00043,0.11049,0.0,0.0008399999999999,3,0.00043,0.112,0.00043,0.112,0.00067,0.0015099999999999,-0.0008399999999999,0.00043,0.11479,0.00043,0.11479,0.00346,0.0042999999999999,-0.0008399999999999
1947,CVE-2024-53706,2025-01-07,CVE-2024-38193,2025-04-17,7,0.05,0.00043,0.11133,3.0,0.00043,0.11151,0.0,0.0001799999999999,1,0.00043,0.112,0.00043,0.11304,0.00067,0.00153,-0.0008599999999999,0.00043,0.11479,0.00043,0.11583,0.00346,0.00432,-0.0008599999999999
1947,CVE-2024-53706,2025-01-07,CVE-2024-49138,2025-04-22,9,0.05,0.00043,0.11133,3.0,0.00043,0.11151,0.0,0.0001799999999999,2,0.00043,0.112,0.00043,0.11304,0.00067,0.00153,-0.0008599999999999,0.00043,0.11479,0.00054,0.25766,0.00346,0.14615,-0.1426899999999999
1947,CVE-2024-53706,2025-01-07,CVE-2024-43085,2025-04-28,12,0.05,0.00043,0.11133,3.0,0.00043,0.11049,0.0,0.0008399999999999,3,0.00043,0.112,0.00043,0.112,0.00067,0.0015099999999999,-0.0008399999999999,0.00043,0.11479,0.00043,0.11479,0.00346,0.0042999999999999,-0.0008399999999999
1957,CVE-2024-53829,2025-01-21,CVE-2024-22257,2025-05-30,8,0.05,0.00043,0.11371,1.0,0.00043,0.11351,0.0,0.0002,1,0.00043,0.11449,0.00043,0.11449,0.0007799999999999,0.0009799999999999,-0.0002,0.00043,0.11709,0.00043,0.11709,0.0033799999999999,0.00358,-0.0002
1965,CVE-2024-53920,2024-11-27,CVE-2024-43590,2025-04-14,12,0.05,0.00045,0.17226,1.0,0.00048,0.19219,0.0,0.01993,1,0.00045,0.17356,0.00048,0.19291,0.0012999999999999,0.0007199999999999,0.0005799999999999,0.00045,0.17338,0.00048,0.19463,0.00112,0.0024399999999999,-0.0013199999999999
1965,CVE-2024-53920,2024-11-27,CVE-2024-9956,2025-03-21,11,0.05,0.00045,0.17226,1.0,0.00043,0.10406,0.0,0.0682,2,0.00045,0.17356,0.00043,0.10511,0.0012999999999999,0.0010499999999999,0.00025,0.00045,0.17338,0.00043,0.10932,0.00112,0.00526,-0.0041399999999999
1972,CVE-2024-53961,2025-04-17,CVE-2024-22257,2025-05-30,2,0.1499999999999996,0.00152,0.37114,0.0,0.00192,0.41792,0.0,0.0467799999999999,1,0.00168,0.38916,0.00192,0.41706,0.0180199999999999,-0.00086,0.01888,0.00185,0.40927,0.00161,0.38087,0.03813,-0.03705,0.07518
1972,CVE-2024-53961,2025-04-17,CVE-2024-29944,2025-05-19,7,0.3500000000000007,0.00152,0.37114,0.0,0.00102,0.29433,0.0,0.07681,2,0.00168,0.38916,0.00119,0.32176,0.0180199999999999,0.02743,-0.00941,0.00185,0.40927,0.00729,0.71474,0.03813,0.42041,-0.38228
1975,CVE-2024-54010,2025-01-08,CVE-2024-9026,2025-04-10,1,0.15,0.00043,0.11086,1.0,0.00043,0.11128,0.0,0.00042,1,0.00043,0.11266,0.00043,0.11266,0.0017999999999999,0.0013799999999999,0.00042,0.00043,0.11478,0.00043,0.11478,0.0039199999999999,0.0034999999999999,0.00042
1975,CVE-2024-54010,2025-01-08,CVE-2024-48921,2025-05-09,10,0.7499999999999998,0.00043,0.11086,1.0,0.00045,0.15806,0.0,0.0472,2,0.00043,0.11266,0.00045,0.15909,0.0017999999999999,0.00103,0.0007699999999999,0.00043,0.11478,0.00045,0.16219,0.0039199999999999,0.0041299999999999,-0.00021
1975,CVE-2024-54010,2025-01-08,CVE-2024-45310,2025-04-23,3,0.2500000000000001,0.00043,0.11086,1.0,0.00045,0.17541,0.0,0.06455,3,0.00043,0.11266,0.00045,0.17612,0.0017999999999999,0.0007099999999999,0.00109,0.00043,0.11478,0.00045,0.17818,0.0039199999999999,0.0027699999999999,0.0011499999999999
1977,CVE-2024-54032,2024-12-10,CVE-2024-23346,2025-04-15,7,0.05,0.00043,0.10788,1.0,0.00045,0.17601,0.0,0.06813,1,0.00091,0.40158,0.00045,0.17398,0.2936999999999999,-0.00203,0.2957299999999999,0.00063,0.29385,0.00045,0.17549,0.18597,-0.0005199999999999,0.18649
1978,CVE-2024-54034,2024-12-10,CVE-2024-23346,2025-04-15,7,0.05,0.00043,0.10788,1.0,0.00045,0.17601,0.0,0.06813,1,0.00091,0.40158,0.00045,0.17398,0.2936999999999999,-0.00203,0.2957299999999999,0.00063,0.29385,0.00045,0.17549,0.18597,-0.0005199999999999,0.18649
1979,CVE-2024-54036,2024-12-10,CVE-2024-23346,2025-04-15,7,0.05,0.00043,0.10788,1.0,0.00045,0.17601,0.0,0.06813,1,0.00087,0.3865,0.00045,0.17398,0.27862,-0.00203,0.2806499999999999,0.00063,0.29385,0.00045,0.17549,0.18597,-0.0005199999999999,0.18649
1987,CVE-2024-54142,2025-01-14,CVE-2024-47460,2025-05-23,7,0.05,0.00043,0.11266,1.0,0.00043,0.112,0.0,0.0006599999999999,1,0.00043,0.11351,0.00043,0.11351,0.00085,0.0015099999999999,-0.0006599999999999,0.00043,0.11499,0.00043,0.11499,0.0023299999999999,0.0029899999999999,-0.0006599999999999
1987,CVE-2024-54142,2025-01-14,CVE-2024-31989,2025-05-09,6,0.05,0.00043,0.11266,1.0,0.00042,0.05089,0.0,0.06177,2,0.00043,0.11351,0.00042,0.05109,0.00085,0.0002,0.0006499999999999,0.00043,0.11499,0.00042,0.05064,0.0023299999999999,-0.00025,0.0025799999999999
1987,CVE-2024-54142,2025-01-14,CVE-2024-35540,2025-04-10,3,0.05,0.00043,0.11266,1.0,0.0005,0.21243,0.0,0.09977,3,0.00043,0.11351,0.0005,0.21403,0.00085,0.0015999999999999,-0.0007499999999999,0.00043,0.11499,0.0005,0.21575,0.0023299999999999,0.0033199999999999,-0.0009899999999999
1988,CVE-2024-54147,2025-04-23,CVE-2024-39338,2025-05-27,4,1.0000000000000002,0.00032,0.07552,0.0,0.00026,0.05352,0.0,0.022,1,0.00032,0.07435,0.00029,0.06537,-0.00117,0.01185,-0.01302,0.00028,0.06244,0.0003,0.06846,-0.01308,0.0149399999999999,-0.0280199999999999
1988,CVE-2024-54147,2025-04-23,CVE-2024-46687,2025-05-26,5,1.3,0.00032,0.07552,0.0,0.00043,0.12832,0.0,0.0527999999999999,2,0.00032,0.07435,0.00043,0.12869,-0.00117,0.00037,-0.00154,0.00028,0.06244,0.00044,0.1331,-0.01308,0.00478,-0.01786
1995,CVE-2024-54215,2024-12-09,CVE-2024-23346,2025-04-15,7,0.05,0.00043,0.10702,1.0,0.00045,0.17463,0.0,0.06761,1,0.00043,0.10939,0.00045,0.17863,0.0023699999999999,0.004,-0.00163,0.00043,0.11128,0.00045,0.17587,0.00426,0.0012399999999999,0.00302
1996,CVE-2024-54221,2024-12-05,CVE-2024-23346,2025-04-15,9,0.05,0.00043,0.10534,0.0,0.00045,0.17386,0.0,0.0685199999999999,1,0.00043,0.10812,0.00045,0.17744,0.0027799999999999,0.00358,-0.0008,0.00043,0.11007,0.00045,0.17524,0.0047299999999999,0.00138,0.0033499999999999
1998,CVE-2024-54234,2024-12-13,CVE-2024-23346,2025-04-15,6,0.05,0.00043,0.10937,1.0,0.00045,0.17777,0.0,0.0684,1,0.00043,0.10892,0.00045,0.17368,-0.0004499999999999,-0.00409,0.00364,0.00043,0.11159,0.00045,0.17584,0.0022199999999999,-0.00193,0.00415
2003,CVE-2024-54262,2024-12-13,CVE-2024-41110,2025-05-09,9,0.05,0.00043,0.10937,1.0,0.00045,0.16072,0.0,0.05135,1,0.00043,0.10892,0.00045,0.15782,-0.0004499999999999,-0.0029,0.00245,0.00043,0.11159,0.00045,0.15979,0.0022199999999999,-0.00093,0.00315
2006,CVE-2024-54280,2024-12-16,CVE-2024-23346,2025-04-15,6,0.05,0.00043,0.10859,1.0,0.00045,0.17863,0.0,0.07004,1,0.00043,0.10893,0.00045,0.17367,0.0003399999999999,-0.00496,0.0053,0.00043,0.11266,0.00045,0.17658,0.0040699999999999,-0.00205,0.00612
2008,CVE-2024-54291,2025-03-28,CVE-2024-43201,2025-05-04,8,0.250000000000001,0.0004,0.0629,1.0,0.00056,0.14529,0.0,0.08239,1,0.00063,0.16805,0.00056,0.14677,0.10515,0.00148,0.10367,0.00063,0.20029,0.00044,0.12975,0.13739,-0.0155399999999999,0.15293
2009,CVE-2024-54292,2024-12-13,CVE-2024-23346,2025-04-15,6,0.05,0.00043,0.10937,1.0,0.00045,0.17777,0.0,0.0684,1,0.00043,0.10892,0.00045,0.17368,-0.0004499999999999,-0.00409,0.00364,0.00043,0.11159,0.00045,0.17584,0.0022199999999999,-0.00193,0.00415
2018,CVE-2024-54362,2025-03-28,CVE-2024-43085,2025-04-28,7,0.3499999999999998,0.0003,0.04212,1.0,9e-05,0.00395,0.0,0.0381699999999999,1,0.00062,0.16429,9e-05,0.00391,0.12217,-4.0000000000000105e-05,0.12221,0.00062,0.19646,8e-05,0.00456,0.15434,0.0006099999999999,0.15373
2021,CVE-2024-54370,2024-12-16,CVE-2024-41110,2025-05-09,8,0.05,0.00043,0.10859,1.0,0.00045,0.16151,0.0,0.0529199999999999,1,0.00043,0.10893,0.00045,0.15779,0.0003399999999999,-0.0037199999999999,0.0040599999999999,0.00043,0.11266,0.00045,0.16065,0.0040699999999999,-0.0008599999999999,0.0049299999999999
2026,CVE-2024-54450,2024-12-28,CVE-2024-23346,2025-04-15,6,0.1499999999999996,0.00043,0.1094,0.0,0.00045,0.17458,0.0,0.06518,1,0.00043,0.11007,0.00045,0.17524,0.00067,0.0006599999999999,1.000000000001e-05,0.00043,0.11427,0.00045,0.17818,0.0048699999999999,0.0035999999999999,0.00127
2027,CVE-2024-54492,2024-12-12,CVE-2024-42831,2025-04-02,12,0.2499999999999992,0.00045,0.17698,0.0,0.00045,0.17698,0.0,0.0,1,0.00045,0.17315,0.00045,0.17315,-0.00383,-0.00383,0.0,0.00054,0.24764,0.00045,0.17529,0.07066,-0.0016899999999999,0.07235
2027,CVE-2024-54492,2024-12-12,CVE-2024-38796,2025-04-23,1,0.05,0.00045,0.17698,0.0,0.00043,0.10812,0.0,0.06886,2,0.00045,0.17315,0.00043,0.10875,-0.00383,0.00063,-0.00446,0.00054,0.24764,0.00043,0.11148,0.07066,0.00336,0.0673
2027,CVE-2024-54492,2024-12-12,CVE-2024-29018,2025-05-09,2,0.05,0.00045,0.17698,0.0,0.00043,0.10812,0.0,0.06886,3,0.00045,0.17315,0.00043,0.10875,-0.00383,0.00063,-0.00446,0.00054,0.24764,0.00043,0.11148,0.07066,0.00336,0.0673
2037,CVE-2024-54772,2025-02-24,CVE-2024-36424,2025-04-10,12,0.1499999999999996,0.00043,0.11721,0.0,0.00043,0.11721,0.0,0.0,1,0.00043,0.11745,0.00043,0.11745,0.00024,0.00024,0.0,0.01133,0.76267,0.07484,0.90877,0.6454599999999999,0.7915599999999999,-0.1461
2037,CVE-2024-54772,2025-02-24,CVE-2024-11831,2025-05-17,5,0.05,0.00043,0.11721,0.0,0.00044,0.12635,0.0,0.0091399999999999,2,0.00043,0.11745,0.00044,0.1268,0.00024,0.00045,-0.00021,0.01133,0.76267,0.00072,0.18941,0.6454599999999999,0.06306,0.5823999999999999
2037,CVE-2024-54772,2025-02-24,CVE-2024-48120,2025-03-27,1,0.05,0.00043,0.11721,0.0,0.00045,0.16496,0.0,0.04775,3,0.00043,0.11745,0.00045,0.16614,0.00024,0.00118,-0.00094,0.01133,0.76267,0.00076,0.19821,0.6454599999999999,0.03325,0.6122099999999999
2057,CVE-2024-55211,2025-04-17,CVE-2024-39338,2025-05-27,12,0.9500000000000004,0.00017,0.02784,1.0,0.00026,0.05456,0.0,0.0267199999999999,1,0.00021,0.03874,0.00026,0.05367,0.0108999999999999,-0.0008899999999999,0.0117899999999999,0.00027,0.05846,0.00032,0.07833,0.0306199999999999,0.02377,0.0068499999999999
2058,CVE-2024-55213,2025-02-10,CVE-2024-35539,2025-04-10,6,0.05,0.00043,0.11462,0.0,0.00043,0.11462,0.0,0.0,1,0.00044,0.12833,0.00043,0.11665,0.01371,0.00203,0.0116799999999999,0.00044,0.13105,0.00043,0.11938,0.01643,0.00476,0.01167
2058,CVE-2024-55213,2025-02-10,CVE-2024-53299,2025-05-08,9,0.05,0.00043,0.11462,0.0,0.00043,0.11462,0.0,0.0,2,0.00044,0.12833,0.00043,0.11665,0.01371,0.00203,0.0116799999999999,0.00044,0.13105,0.00043,0.11938,0.01643,0.00476,0.01167
2058,CVE-2024-55213,2025-02-10,CVE-2024-12342,2025-04-17,7,0.05,0.00043,0.11462,0.0,0.00045,0.1781,0.0,0.06348,3,0.00044,0.12833,0.00045,0.17966,0.01371,0.0015599999999999,0.01215,0.00044,0.13105,0.00045,0.18372,0.01643,0.0056199999999999,0.01081
2059,CVE-2024-55214,2025-02-10,CVE-2024-35539,2025-04-10,6,0.05,0.00043,0.11462,0.0,0.00043,0.11462,0.0,0.0,1,0.00044,0.12833,0.00043,0.11665,0.01371,0.00203,0.0116799999999999,0.00044,0.13105,0.00043,0.11938,0.01643,0.00476,0.01167
2059,CVE-2024-55214,2025-02-10,CVE-2024-53299,2025-05-08,9,0.05,0.00043,0.11462,0.0,0.00043,0.11462,0.0,0.0,2,0.00044,0.12833,0.00043,0.11665,0.01371,0.00203,0.0116799999999999,0.00044,0.13105,0.00043,0.11938,0.01643,0.00476,0.01167
2059,CVE-2024-55214,2025-02-10,CVE-2024-12342,2025-04-17,7,0.05,0.00043,0.11462,0.0,0.00045,0.1781,0.0,0.06348,3,0.00044,0.12833,0.00045,0.17966,0.01371,0.0015599999999999,0.01215,0.00044,0.13105,0.00045,0.18372,0.01643,0.0056199999999999,0.01081
2063,CVE-2024-55226,2025-01-13,CVE-2024-47605,2025-04-14,6,0.05,0.00045,0.17537,0.0,0.00045,0.17624,3.0,0.00087,1,0.00045,0.1768,0.00045,0.1768,0.00143,0.00056,0.00087,0.00045,0.17783,0.00045,0.17783,0.0024599999999999,0.0015899999999999,0.00087
2063,CVE-2024-55226,2025-01-13,CVE-2024-48120,2025-03-27,4,0.05,0.00045,0.17537,0.0,0.00045,0.15817,0.0,0.0171999999999999,2,0.00045,0.1768,0.00045,0.16005,0.00143,0.0018799999999999,-0.0004499999999999,0.00045,0.17783,0.00045,0.1623,0.0024599999999999,0.0041299999999999,-0.00167
2063,CVE-2024-55226,2025-01-13,CVE-2024-39143,2025-04-09,5,0.05,0.00045,0.17537,0.0,0.00045,0.15817,0.0,0.0171999999999999,3,0.00045,0.1768,0.00045,0.16005,0.00143,0.0018799999999999,-0.0004499999999999,0.00045,0.17783,0.00045,0.1623,0.0024599999999999,0.0041299999999999,-0.00167
2069,CVE-2024-55488,2025-01-22,CVE-2024-53299,2025-05-08,9,0.05,0.00043,0.11403,1.0,0.00043,0.11431,3.0,0.0002799999999999,1,0.00043,0.11437,0.00043,0.11437,0.0003399999999999,6.0000000000004494e-05,0.0002799999999999,0.00043,0.11722,0.00043,0.11722,0.0031899999999999,0.00291,0.0002799999999999
2069,CVE-2024-55488,2025-01-22,CVE-2024-35539,2025-04-10,6,0.05,0.00043,0.11403,1.0,0.00043,0.11371,0.0,0.00032,2,0.00043,0.11437,0.00043,0.11437,0.0003399999999999,0.0006599999999999,-0.00032,0.00043,0.11722,0.00043,0.11722,0.0031899999999999,0.0035099999999999,-0.00032
2069,CVE-2024-55488,2025-01-22,CVE-2024-3935,2025-04-17,1,0.0,0.00043,0.11403,1.0,0.00045,0.1772,0.0,0.0631699999999999,3,0.00043,0.11437,0.00045,0.17795,0.0003399999999999,0.00075,-0.00041,0.00043,0.11722,0.00051,0.22954,0.0031899999999999,0.05234,-0.04915
2077,CVE-2024-55550,2025-01-07,CVE-2024-9026,2025-04-10,9,0.6499999999999997,0.00043,0.11049,0.0,0.00043,0.11049,0.0,0.0,1,0.42716,0.97419,0.00043,0.112,0.8637,0.0015099999999999,0.86219,0.42716,0.97448,0.00043,0.11479,0.86399,0.0042999999999999,0.8596900000000001
2077,CVE-2024-55550,2025-01-07,CVE-2024-48921,2025-05-09,2,0.05,0.00043,0.11049,0.0,0.00045,0.15731,0.0,0.04682,2,0.42716,0.97419,0.00045,0.15853,0.8637,0.0012199999999999,0.86248,0.42716,0.97448,0.00045,0.16228,0.86399,0.00497,0.85902
2077,CVE-2024-55550,2025-01-07,CVE-2024-6501,2025-05-17,7,0.4499999999999999,0.00043,0.11049,0.0,0.00045,0.17482,0.0,0.06433,3,0.42716,0.97419,0.00045,0.17569,0.8637,0.00087,0.86283,0.42716,0.97448,0.00045,0.17834,0.86399,0.0035199999999999,0.8604700000000001
2082,CVE-2024-55570,2025-03-07,CVE-2024-36424,2025-04-10,5,0.1499999999999996,0.00043,0.11868,0.0,0.00043,0.11868,0.0,0.0,1,0.00043,0.1198,0.00043,0.1198,0.00112,0.00112,0.0,0.00031,0.05728,0.03701,0.8689,-0.0613999999999999,0.75022,-0.81162
2082,CVE-2024-55570,2025-03-07,CVE-2024-50204,2025-05-09,11,0.1499999999999996,0.00043,0.11868,0.0,0.00043,0.11868,0.0,0.0,2,0.00043,0.1198,0.00043,0.1198,0.00112,0.00112,0.0,0.00031,0.05728,0.00026,0.0417,-0.0613999999999999,-0.0769799999999999,0.0155799999999999
2082,CVE-2024-55570,2025-03-07,CVE-2024-11831,2025-05-17,4,0.05,0.00043,0.11868,0.0,0.00044,0.12797,0.0,0.00929,3,0.00043,0.1198,0.00044,0.12907,0.00112,0.0010999999999999,2.000000000002e-05,0.00031,0.05728,0.00072,0.19189,-0.0613999999999999,0.06392,-0.12532
2084,CVE-2024-55577,2025-01-15,CVE-2024-40892,2025-03-17,2,0.1499999999999996,0.00043,0.11287,1.0,0.00043,0.11266,0.0,0.00021,1,0.00043,0.11371,0.00043,0.11371,0.00084,0.00105,-0.00021,0.00043,0.11641,0.00043,0.11641,0.00354,0.00375,-0.00021
2084,CVE-2024-55577,2025-01-15,CVE-2024-48846,2025-04-16,4,0.1499999999999996,0.00043,0.11287,1.0,0.00043,0.11266,0.0,0.00021,2,0.00043,0.11371,0.00043,0.11371,0.00084,0.00105,-0.00021,0.00043,0.11641,0.00043,0.11641,0.00354,0.00375,-0.00021
2084,CVE-2024-55577,2025-01-15,CVE-2024-47461,2025-05-23,10,0.2500000000000001,0.00043,0.11287,1.0,0.00043,0.11266,0.0,0.00021,3,0.00043,0.11371,0.00043,0.11371,0.00084,0.00105,-0.00021,0.00043,0.11641,0.00043,0.11641,0.00354,0.00375,-0.00021
2088,CVE-2024-55590,2025-03-11,CVE-2024-7297,2025-05-19,10,0.05,0.00043,0.1222,1.0,0.00043,0.11882,0.0,0.00338,1,0.00208,0.41216,0.00171,0.35974,0.28996,0.24092,0.0490399999999999,0.00208,0.40453,0.00198,0.39121,0.2823299999999999,0.27239,0.0099399999999999
2095,CVE-2024-55662,2024-12-12,CVE-2024-41110,2025-05-09,9,0.05,0.00045,0.17732,1.0,0.00045,0.16046,0.0,0.01686,1,0.00045,0.17315,0.00045,0.15766,-0.00417,-0.0027999999999999,-0.00137,0.00045,0.17529,0.00045,0.15978,-0.00203,-0.0006799999999999,-0.00135
2097,CVE-2024-55877,2024-12-12,CVE-2024-41110,2025-05-09,9,0.05,0.00045,0.17732,1.0,0.00045,0.16046,0.0,0.01686,1,0.00045,0.17315,0.00045,0.15766,-0.00417,-0.0027999999999999,-0.00137,0.00045,0.17529,0.00045,0.15978,-0.00203,-0.0006799999999999,-0.00135
2099,CVE-2024-55884,2024-12-12,CVE-2024-35540,2025-04-10,10,0.05,0.00045,0.17698,0.0,0.0005,0.21206,0.0,0.03508,1,0.00045,0.17315,0.0005,0.21012,-0.00383,-0.0019399999999999,-0.00189,0.00045,0.17529,0.0005,0.21186,-0.0016899999999999,-0.0002,-0.0014899999999999
2101,CVE-2024-55889,2025-04-16,CVE-2024-26626,2025-05-20,11,0.6499999999999997,0.00015,0.02025,0.0,0.00016,0.0235,0.0,0.0032499999999999,1,0.00457,0.62712,0.00016,0.02322,0.60687,-0.0002799999999999,0.60715,0.00497,0.64626,0.00018,0.02909,0.62601,0.00559,0.62042
2101,CVE-2024-55889,2025-04-16,CVE-2024-26627,2025-05-20,12,0.6499999999999997,0.00015,0.02025,0.0,0.00013,0.01311,0.0,0.00714,2,0.00457,0.62712,0.00013,0.01286,0.60687,-0.00025,0.60712,0.00497,0.64626,0.00013,0.01309,0.62601,-2.000000000000092e-05,0.62603
2101,CVE-2024-55889,2025-04-16,CVE-2024-53869,2025-05-17,10,0.6499999999999997,0.00015,0.02025,0.0,0.00018,0.02913,0.0,0.0088799999999999,3,0.00457,0.62712,0.00018,0.02846,0.60687,-0.00067,0.60754,0.00497,0.64626,0.00018,0.02923,0.62601,9.99999999999994e-05,0.62591
2105,CVE-2024-55948,2025-02-04,CVE-2024-22257,2025-05-30,7,0.05,0.00043,0.11488,1.0,0.00043,0.11479,0.0,8.999999999999286e-05,1,0.00043,0.1146,0.00043,0.1146,-0.00028,-0.00019,-8.999999999999286e-05,0.00043,0.11847,0.00043,0.11847,0.00359,0.00368,-8.999999999999286e-05
2107,CVE-2024-55956,2025-03-18,CVE-2024-27198,2025-05-13,9,0.05,0.90833,0.99624,0.0,0.94582,1.0,0.0,0.0037599999999999,1,0.90833,0.99623,0.94582,1.0,-1.0000000000065512e-05,0.0,-1.0000000000065512e-05,0.92261,0.9969,0.94579,1.0,0.0006599999999999,0.0,0.0006599999999999
2107,CVE-2024-55956,2025-03-18,CVE-2024-44541,2025-04-18,2,0.05,0.90833,0.99624,0.0,0.27293,0.96025,0.0,0.0359899999999999,2,0.90833,0.99623,0.27293,0.95933,-1.0000000000065512e-05,-0.00092,0.0009099999999999,0.92261,0.9969,0.12859,0.93611,0.0006599999999999,-0.02414,0.0248
2107,CVE-2024-55956,2025-03-18,CVE-2024-29943,2025-05-19,1,0.0,0.90833,0.99624,0.0,0.24595,0.95702,0.0,0.03922,3,0.90833,0.99623,0.24595,0.9563,-1.0000000000065512e-05,-0.0007199999999999,0.0007099999999998,0.92261,0.9969,0.17035,0.94559,0.0006599999999999,-0.0114299999999999,0.0120899999999999
2111,CVE-2024-55972,2024-12-16,CVE-2024-23346,2025-04-15,6,0.05,0.00043,0.10859,1.0,0.00045,0.17863,0.0,0.07004,1,0.00043,0.10893,0.00045,0.17367,0.0003399999999999,-0.00496,0.0053,0.00043,0.11266,0.00045,0.17658,0.0040699999999999,-0.00205,0.00612
2115,CVE-2024-55976,2024-12-16,CVE-2024-23346,2025-04-15,6,0.05,0.00043,0.10859,1.0,0.00045,0.17863,0.0,0.07004,1,0.00043,0.10893,0.00045,0.17367,0.0003399999999999,-0.00496,0.0053,0.00043,0.11266,0.00045,0.17658,0.0040699999999999,-0.00205,0.00612
2116,CVE-2024-55977,2024-12-16,CVE-2024-23346,2025-04-15,6,0.05,0.00043,0.10859,1.0,0.00045,0.17863,0.0,0.07004,1,0.00043,0.10893,0.00045,0.17367,0.0003399999999999,-0.00496,0.0053,0.00043,0.11266,0.00045,0.17658,0.0040699999999999,-0.00205,0.00612
2117,CVE-2024-55978,2024-12-16,CVE-2024-23346,2025-04-15,6,0.05,0.00043,0.10859,1.0,0.00045,0.17863,0.0,0.07004,1,0.00043,0.10893,0.00045,0.17367,0.0003399999999999,-0.00496,0.0053,0.00043,0.11266,0.00045,0.17658,0.0040699999999999,-0.00205,0.00612
2119,CVE-2024-55980,2024-12-16,CVE-2024-23346,2025-04-15,6,0.05,0.00043,0.10859,1.0,0.00045,0.17863,0.0,0.07004,1,0.00043,0.10893,0.00045,0.17367,0.0003399999999999,-0.00496,0.0053,0.00043,0.11266,0.00045,0.17658,0.0040699999999999,-0.00205,0.00612
2120,CVE-2024-55981,2024-12-16,CVE-2024-23346,2025-04-15,6,0.05,0.00043,0.10859,1.0,0.00045,0.17863,0.0,0.07004,1,0.00043,0.10893,0.00045,0.17367,0.0003399999999999,-0.00496,0.0053,0.00043,0.11266,0.00045,0.17658,0.0040699999999999,-0.00205,0.00612
2121,CVE-2024-55982,2024-12-16,CVE-2024-23346,2025-04-15,6,0.05,0.00043,0.10859,1.0,0.00045,0.17863,0.0,0.07004,1,0.00043,0.10893,0.00045,0.17367,0.0003399999999999,-0.00496,0.0053,0.00043,0.11266,0.00045,0.17658,0.0040699999999999,-0.00205,0.00612
2127,CVE-2024-55988,2024-12-16,CVE-2024-23346,2025-04-15,6,0.05,0.00043,0.10859,1.0,0.00045,0.17863,0.0,0.07004,1,0.00043,0.10893,0.00045,0.17367,0.0003399999999999,-0.00496,0.0053,0.00043,0.11266,0.00045,0.17658,0.0040699999999999,-0.00205,0.00612
2131,CVE-2024-56039,2024-12-31,CVE-2024-23346,2025-04-15,4,0.05,0.00043,0.10983,1.0,0.00045,0.17483,0.0,0.065,1,0.00043,0.11049,0.00045,0.17528,0.00066,0.0004499999999999,0.00021,0.00043,0.11435,0.00045,0.17846,0.0045199999999999,0.0036299999999999,0.00089
2134,CVE-2024-56042,2024-12-31,CVE-2024-23346,2025-04-15,4,0.05,0.00043,0.10983,1.0,0.00045,0.17483,0.0,0.065,1,0.00043,0.11049,0.00045,0.17528,0.00066,0.0004499999999999,0.00021,0.00043,0.11435,0.00045,0.17846,0.0045199999999999,0.0036299999999999,0.00089
2137,CVE-2024-56045,2024-12-31,CVE-2024-23346,2025-04-15,4,0.05,0.00043,0.10983,1.0,0.00045,0.17483,0.0,0.065,1,0.00043,0.11049,0.00045,0.17528,0.00066,0.0004499999999999,0.00021,0.00043,0.11435,0.00045,0.17846,0.0045199999999999,0.0036299999999999,0.00089
2138,CVE-2024-56046,2024-12-31,CVE-2024-2973,2025-02-18,7,0.05,0.00043,0.10983,1.0,0.00043,0.10957,0.0,0.0002599999999999,1,0.00043,0.11049,0.00043,0.11049,0.00066,0.00092,-0.0002599999999999,0.00043,0.11435,0.00043,0.11435,0.0045199999999999,0.0047799999999999,-0.0002599999999999
2142,CVE-2024-56050,2024-12-18,CVE-2024-41110,2025-05-09,7,0.05,0.00043,0.10875,1.0,0.00045,0.1576,0.0,0.0488499999999999,1,0.00043,0.10926,0.00045,0.15794,0.0005099999999999,0.00034,0.0001699999999999,0.00043,0.1136,0.00045,0.16167,0.00485,0.00407,0.0007799999999999
2144,CVE-2024-56052,2024-12-18,CVE-2024-41110,2025-05-09,7,0.05,0.00043,0.10875,1.0,0.00045,0.1576,0.0,0.0488499999999999,1,0.00043,0.10926,0.00045,0.15794,0.0005099999999999,0.00034,0.0001699999999999,0.00043,0.1136,0.00045,0.16167,0.00485,0.00407,0.0007799999999999
2147,CVE-2024-56057,2024-12-18,CVE-2024-41110,2025-05-09,7,0.05,0.00043,0.10875,1.0,0.00045,0.1576,0.0,0.0488499999999999,1,0.00043,0.10926,0.00045,0.15794,0.0005099999999999,0.00034,0.0001699999999999,0.00043,0.1136,0.00045,0.16167,0.00485,0.00407,0.0007799999999999
2151,CVE-2024-56064,2024-12-31,CVE-2024-2973,2025-02-18,7,0.05,0.00043,0.10983,1.0,0.00043,0.10957,0.0,0.0002599999999999,1,0.00043,0.11049,0.00043,0.11049,0.00066,0.00092,-0.0002599999999999,0.00043,0.11435,0.00043,0.11435,0.0045199999999999,0.0047799999999999,-0.0002599999999999
2154,CVE-2024-56131,2025-02-05,CVE-2024-46278,2025-04-16,11,0.05,0.00043,0.11479,1.0,0.00043,0.11488,0.0,8.999999999999286e-05,1,0.00043,0.11476,0.00043,0.11476,-3.0000000000002247e-05,-0.0001199999999999,8.999999999999286e-05,0.00043,0.11868,0.00043,0.11868,0.0038899999999999,0.0037999999999999,8.999999999999286e-05
2155,CVE-2024-56132,2025-02-05,CVE-2024-46278,2025-04-16,11,0.05,0.00043,0.11479,1.0,0.00043,0.11488,0.0,8.999999999999286e-05,1,0.00043,0.11476,0.00043,0.11476,-3.0000000000002247e-05,-0.0001199999999999,8.999999999999286e-05,0.00043,0.11868,0.00043,0.11868,0.0038899999999999,0.0037999999999999,8.999999999999286e-05
2156,CVE-2024-56133,2025-02-05,CVE-2024-46278,2025-04-16,11,0.05,0.00043,0.11479,1.0,0.00043,0.11488,0.0,8.999999999999286e-05,1,0.00043,0.11476,0.00043,0.11476,-3.0000000000002247e-05,-0.0001199999999999,8.999999999999286e-05,0.00043,0.11868,0.00043,0.11868,0.0038899999999999,0.0037999999999999,8.999999999999286e-05
2157,CVE-2024-56134,2025-02-05,CVE-2024-46278,2025-04-16,11,0.05,0.00043,0.11479,1.0,0.00043,0.11488,0.0,8.999999999999286e-05,1,0.00043,0.11476,0.00043,0.11476,-3.0000000000002247e-05,-0.0001199999999999,8.999999999999286e-05,0.00043,0.11868,0.00043,0.11868,0.0038899999999999,0.0037999999999999,8.999999999999286e-05
2158,CVE-2024-56135,2025-02-05,CVE-2024-46278,2025-04-16,11,0.05,0.00043,0.11479,1.0,0.00043,0.11488,0.0,8.999999999999286e-05,1,0.00043,0.11476,0.00043,0.11476,-3.0000000000002247e-05,-0.0001199999999999,8.999999999999286e-05,0.00043,0.11868,0.00043,0.11868,0.0038899999999999,0.0037999999999999,8.999999999999286e-05
2159,CVE-2024-56161,2025-02-05,CVE-2024-47461,2025-05-23,5,0.05,0.00043,0.11488,0.0,0.00043,0.11488,0.0,0.0,1,0.00043,0.11476,0.00043,0.11476,-0.0001199999999999,-0.0001199999999999,0.0,0.00043,0.11868,0.00043,0.11868,0.0037999999999999,0.0037999999999999,0.0
2159,CVE-2024-56161,2025-02-05,CVE-2024-35061,2025-04-11,8,0.1499999999999996,0.00043,0.11488,0.0,0.00045,0.17834,0.0,0.06346,2,0.00043,0.11476,0.00045,0.17783,-0.0001199999999999,-0.00051,0.00039,0.00043,0.11868,0.00045,0.1835,0.0037999999999999,0.0051599999999999,-0.00136
2159,CVE-2024-56161,2025-02-05,CVE-2024-53150,2025-04-07,6,0.1000000000000005,0.00043,0.11488,0.0,0.00042,0.05074,0.0,0.06414,3,0.00043,0.11476,0.00042,0.0504,-0.0001199999999999,-0.00034,0.00022,0.00043,0.11868,0.00042,0.05012,0.0037999999999999,-0.00062,0.00442
2161,CVE-2024-56181,2025-03-11,CVE-2024-22257,2025-05-30,2,0.05,0.00043,0.11938,1.0,0.00043,0.11882,0.0,0.00056,1,0.00021,0.03149,0.00237,0.44822,-0.08789,0.3294,-0.41729,0.00021,0.03127,0.00237,0.44103,-0.08811,0.32221,-0.41032
2161,CVE-2024-56181,2025-03-11,CVE-2024-0399,2025-04-16,4,0.1499999999999996,0.00043,0.11938,1.0,0.00043,0.11882,0.0,0.00056,2,0.00021,0.03149,0.02283,0.83555,-0.08789,0.71673,-0.80462,0.00021,0.03127,0.0423,0.87767,-0.08811,0.7588499999999999,-0.8469599999999999
2161,CVE-2024-56181,2025-03-11,CVE-2024-46278,2025-04-16,11,0.250000000000001,0.00043,0.11938,1.0,0.00043,0.11882,0.0,0.00056,3,0.00021,0.03149,0.06081,0.90098,-0.08789,0.78216,-0.87005,0.00021,0.03127,0.03602,0.86738,-0.08811,0.74856,-0.83667
2162,CVE-2024-56182,2025-03-11,CVE-2024-22257,2025-05-30,2,0.05,0.00043,0.11938,1.0,0.00043,0.11882,0.0,0.00056,1,0.00021,0.03149,0.00237,0.44822,-0.08789,0.3294,-0.41729,0.00021,0.03127,0.00237,0.44103,-0.08811,0.32221,-0.41032
2162,CVE-2024-56182,2025-03-11,CVE-2024-0399,2025-04-16,4,0.1499999999999996,0.00043,0.11938,1.0,0.00043,0.11882,0.0,0.00056,2,0.00021,0.03149,0.02283,0.83555,-0.08789,0.71673,-0.80462,0.00021,0.03127,0.0423,0.87767,-0.08811,0.7588499999999999,-0.8469599999999999
2162,CVE-2024-56182,2025-03-11,CVE-2024-46278,2025-04-16,11,0.250000000000001,0.00043,0.11938,1.0,0.00043,0.11882,0.0,0.00056,3,0.00021,0.03149,0.06081,0.90098,-0.08789,0.78216,-0.87005,0.00021,0.03127,0.03602,0.86738,-0.08811,0.74856,-0.83667
2177,CVE-2024-56284,2025-01-07,CVE-2024-23346,2025-04-15,3,0.05,0.00043,0.11128,1.0,0.00045,0.17528,0.0,0.0639999999999999,1,0.00043,0.112,0.00045,0.17615,0.0007199999999999,0.00087,-0.00015,0.00043,0.11479,0.00043,0.11891,0.0035099999999999,-0.0563699999999999,0.0598799999999999
2178,CVE-2024-56290,2025-01-07,CVE-2024-23346,2025-04-15,3,0.05,0.00043,0.11128,1.0,0.00045,0.17528,0.0,0.0639999999999999,1,0.00043,0.112,0.00045,0.17615,0.0007199999999999,0.00087,-0.00015,0.00043,0.11479,0.00043,0.11891,0.0035099999999999,-0.0563699999999999,0.0598799999999999
2182,CVE-2024-56326,2024-12-24,CVE-2024-29748,2025-02-28,4,0.05,0.00129,0.48201,0.0,0.00095,0.41297,0.0,0.0690399999999999,1,0.00129,0.48232,0.00095,0.41319,0.00031,0.0002199999999999,9.00000000000345e-05,0.00129,0.48582,0.00095,0.41725,0.0038099999999999,0.00428,-0.00047
2184,CVE-2024-56336,2025-03-11,CVE-2024-10525,2025-04-17,1,0.0,0.00091,0.41281,1.0,0.00068,0.32951,0.0,0.0832999999999999,1,0.00065,0.17475,0.00174,0.36518,-0.23806,0.0356699999999999,-0.27373,0.00065,0.17357,0.00168,0.34868,-0.23924,0.0191699999999999,-0.25841
2186,CVE-2024-56346,2025-03-18,CVE-2024-9142,2025-04-21,8,0.2499999999999992,0.00077,0.20264,1.0,0.00116,0.27975,0.0,0.07711,1,0.0009,0.22866,0.00116,0.27225,0.02602,-0.0075,0.03352,0.0009,0.2697,0.00096,0.28299,0.06706,0.00324,0.0638199999999999
2187,CVE-2024-56347,2025-03-18,CVE-2024-9142,2025-04-21,7,0.250000000000001,0.00071,0.18665,1.0,0.00116,0.27975,0.0,0.0930999999999999,1,0.00072,0.18847,0.00116,0.27225,0.0018199999999999,-0.0075,0.0093199999999999,0.00072,0.22574,0.00096,0.28299,0.0390899999999999,0.00324,0.0358499999999999
2192,CVE-2024-56404,2025-01-24,CVE-2024-41110,2025-05-09,2,0.05,0.00045,0.17773,1.0,0.00045,0.16249,0.0,0.01524,1,0.00045,0.17796,0.00045,0.16303,0.00023,0.00054,-0.00031,0.00045,0.17965,0.00045,0.1665,0.00192,0.00401,-0.00209
2199,CVE-2024-56799,2024-12-30,CVE-2024-2973,2025-02-18,7,0.05,0.00043,0.10957,1.0,0.00043,0.10935,0.0,0.0002199999999999,1,0.00043,0.11007,0.00043,0.11007,0.0005,0.0007199999999999,-0.0002199999999999,0.00043,0.11437,0.00043,0.11437,0.0047999999999999,0.0050199999999999,-0.0002199999999999
2200,CVE-2024-56829,2025-01-02,CVE-2024-2973,2025-02-18,7,0.05,0.00043,0.10982,0.0,0.00043,0.10982,0.0,0.0,1,0.00043,0.11086,0.00043,0.11086,0.0010399999999999,0.0010399999999999,0.0,0.00043,0.11446,0.00043,0.11446,0.00464,0.00464,0.0
2201,CVE-2024-56883,2025-02-19,CVE-2024-0399,2025-04-16,6,0.05,0.00043,0.11699,0.0,0.00043,0.11699,0.0,0.0,1,0.00043,0.11704,0.00043,0.11704,5.000000000000837e-05,5.000000000000837e-05,0.0,0.00122,0.28381,0.02992,0.85428,0.16682,0.73729,-0.57047
2201,CVE-2024-56883,2025-02-19,CVE-2024-36623,2025-05-09,9,0.05,0.00043,0.11699,0.0,0.00045,0.17984,0.0,0.06285,2,0.00043,0.11704,0.00045,0.17937,5.000000000000837e-05,-0.0004699999999999,0.00052,0.00122,0.28381,0.0007,0.1862,0.16682,0.00636,0.16046
2204,CVE-2024-56902,2025-04-08,CVE-2024-21111,2025-05-09,9,0.2999999999999998,0.03336,0.86203,0.0,0.0466,0.88347,0.0,0.02144,1,0.04489,0.88438,0.01513,0.8012,0.02235,-0.0822699999999999,0.10462,0.07808,0.91472,0.01513,0.80194,0.05269,-0.0815299999999999,0.13422
2221,CVE-2024-5705,2025-02-20,CVE-2024-4007,2025-04-03,8,0.05,0.00043,0.11709,0.0,0.00043,0.11709,0.0,0.0,1,0.00043,0.11767,0.00043,0.11767,0.0005799999999999,0.0005799999999999,0.0,0.00056,0.14327,0.00085,0.2202,0.02618,0.10311,-0.07693
2221,CVE-2024-5705,2025-02-20,CVE-2024-48827,2025-04-06,10,0.05,0.00043,0.11709,0.0,0.00045,0.1797,0.0,0.06261,2,0.00043,0.11767,0.00045,0.1825,0.0005799999999999,0.0027999999999999,-0.0022199999999999,0.00056,0.14327,0.00531,0.64773,0.02618,0.46803,-0.4418500000000001
2224,CVE-2024-5706,2025-02-20,CVE-2024-4007,2025-04-03,8,0.05,0.00043,0.11709,0.0,0.00043,0.11709,0.0,0.0,1,0.00043,0.11767,0.00043,0.11767,0.0005799999999999,0.0005799999999999,0.0,0.00205,0.39898,0.00085,0.2202,0.28189,0.10311,0.1787799999999999
2224,CVE-2024-5706,2025-02-20,CVE-2024-48827,2025-04-06,10,0.05,0.00043,0.11709,0.0,0.00045,0.1797,0.0,0.06261,2,0.00043,0.11767,0.00045,0.1825,0.0005799999999999,0.0027999999999999,-0.0022199999999999,0.00205,0.39898,0.00531,0.64773,0.28189,0.46803,-0.18614
2225,CVE-2024-57077,2025-02-06,CVE-2024-30896,2025-04-08,11,0.05,0.00043,0.11479,0.0,0.00043,0.11479,0.0,0.0,1,0.00043,0.11499,0.00043,0.11499,0.0001999999999999,0.0001999999999999,0.0,0.00043,0.1187,0.00043,0.1187,0.0039099999999999,0.0039099999999999,0.0
2225,CVE-2024-57077,2025-02-06,CVE-2024-53537,2025-04-14,12,0.05,0.00043,0.11479,0.0,0.00044,0.12654,0.0,0.01175,2,0.00043,0.11499,0.00044,0.12663,0.0001999999999999,8.999999999997899e-05,0.00011,0.00043,0.1187,0.00043,0.1187,0.0039099999999999,-0.00784,0.01175
2228,CVE-2024-57174,2025-03-06,CVE-2024-0399,2025-04-16,2,0.05,0.00043,0.11847,0.0,0.00043,0.11847,0.0,0.0,1,0.00043,0.11935,0.00043,0.11935,0.0008799999999999,0.0008799999999999,0.0,0.00031,0.05681,0.04798,0.88524,-0.06166,0.7667700000000001,-0.8284300000000001
2228,CVE-2024-57174,2025-03-06,CVE-2024-22257,2025-05-30,10,0.1499999999999996,0.00043,0.11847,0.0,0.00043,0.11847,0.0,0.0,2,0.00043,0.11935,0.00043,0.11935,0.0008799999999999,0.0008799999999999,0.0,0.00031,0.05681,0.00237,0.44091,-0.06166,0.32244,-0.3841
2228,CVE-2024-57174,2025-03-06,CVE-2024-36623,2025-05-09,5,0.05,0.00043,0.11847,0.0,0.00045,0.18333,0.0,0.0648599999999999,3,0.00043,0.11935,0.00045,0.18376,0.0008799999999999,0.00043,0.0004499999999999,0.00031,0.05681,0.00097,0.24444,-0.06166,0.06111,-0.12277
2232,CVE-2024-57249,2025-02-10,CVE-2024-35539,2025-04-10,6,0.05,0.00043,0.11462,0.0,0.00043,0.11462,0.0,0.0,1,0.00043,0.11665,0.00043,0.11665,0.00203,0.00203,0.0,0.00043,0.11938,0.00043,0.11938,0.00476,0.00476,0.0
2232,CVE-2024-57249,2025-02-10,CVE-2024-53299,2025-05-08,9,0.05,0.00043,0.11462,0.0,0.00043,0.11462,0.0,0.0,2,0.00043,0.11665,0.00043,0.11665,0.00203,0.00203,0.0,0.00043,0.11938,0.00043,0.11938,0.00476,0.00476,0.0
2232,CVE-2024-57249,2025-02-10,CVE-2024-12342,2025-04-17,7,0.05,0.00043,0.11462,0.0,0.00045,0.1781,0.0,0.06348,3,0.00043,0.11665,0.00045,0.17966,0.00203,0.0015599999999999,0.00047,0.00043,0.11938,0.00045,0.18372,0.00476,0.0056199999999999,-0.0008599999999999
2233,CVE-2024-57357,2025-02-08,CVE-2024-0399,2025-04-16,11,0.1499999999999996,0.00043,0.11748,0.0,0.00043,0.11466,0.0,0.00282,1,0.00043,0.11945,0.00043,0.1166,0.0019699999999999,0.0019399999999999,3.0000000000002247e-05,0.00043,0.12151,0.00043,0.1187,0.00403,0.00404,-9.999999999996125e-06
2237,CVE-2024-57428,2025-02-06,CVE-2024-23346,2025-04-15,3,0.05,0.00043,0.11478,1.0,0.00043,0.11891,0.0,0.00413,1,0.00043,0.11499,0.00043,0.1191,0.00021,0.0001899999999999,2.0000000000006124e-05,0.00043,0.1187,0.00043,0.12258,0.00392,0.0036699999999999,0.00025
2240,CVE-2024-57432,2025-02-03,CVE-2024-35057,2025-04-11,7,0.05,0.00043,0.11437,0.0,0.00043,0.11437,0.0,0.0,1,0.00043,0.11462,0.00043,0.11462,0.00025,0.00025,0.0,0.00043,0.11829,0.00043,0.11829,0.00392,0.00392,0.0
2240,CVE-2024-57432,2025-02-03,CVE-2024-35058,2025-04-11,8,0.05,0.00043,0.11437,0.0,0.00043,0.11437,0.0,0.0,2,0.00043,0.11462,0.00043,0.11462,0.00025,0.00025,0.0,0.00043,0.11829,0.00043,0.11829,0.00392,0.00392,0.0
2240,CVE-2024-57432,2025-02-03,CVE-2024-35059,2025-04-11,9,0.05,0.00043,0.11437,0.0,0.00043,0.11437,0.0,0.0,3,0.00043,0.11462,0.00043,0.11462,0.00025,0.00025,0.0,0.00043,0.11829,0.00043,0.11829,0.00392,0.00392,0.0
2244,CVE-2024-57548,2025-01-28,CVE-2024-30896,2025-04-08,12,0.05,0.00043,0.11449,0.0,0.00043,0.11449,0.0,0.0,1,0.00043,0.11479,0.00043,0.11479,0.0003,0.0003,0.0,0.00043,0.11767,0.00043,0.11767,0.00318,0.00318,0.0
2254,CVE-2024-57699,2025-04-17,CVE-2024-39338,2025-05-27,1,0.0,0.00029,0.06741,0.0,0.00026,0.05456,0.0,0.01285,1,0.00029,0.06682,0.00026,0.05367,-0.0005899999999999,-0.0008899999999999,0.0003,0.00029,0.06714,0.00032,0.07833,-0.0002699999999999,0.02377,-0.0240399999999999
2254,CVE-2024-57699,2025-04-17,CVE-2024-46687,2025-05-26,7,0.2999999999999998,0.00029,0.06741,0.0,0.00043,0.12858,0.0,0.06117,2,0.00029,0.06682,0.00043,0.1284,-0.0005899999999999,-0.00018,-0.0004099999999999,0.00029,0.06714,0.00043,0.13011,-0.0002699999999999,0.00153,-0.0017999999999999
2256,CVE-2024-57726,2025-01-16,CVE-2024-41110,2025-05-09,4,0.05,0.00043,0.11287,0.0,0.00045,0.16089,0.0,0.04802,1,0.0005,0.21475,0.00045,0.1624,0.10188,0.0015099999999999,0.10037,0.0005,0.21749,0.00045,0.16573,0.1046199999999999,0.0048399999999999,0.09978
2257,CVE-2024-57727,2025-01-28,CVE-2024-38813,2025-03-04,1,0.0,0.00466,0.75494,0.0,0.00416,0.74062,0.0,0.0143200000000001,1,0.00466,0.75514,0.00416,0.74081,0.0001999999999999,0.00019,9.99999999995449e-06,0.38505,0.97339,0.00416,0.74228,0.2184499999999999,0.0016600000000001,0.2167899999999998
2258,CVE-2024-57728,2025-01-28,CVE-2024-44871,2025-03-27,1,0.05,0.0005,0.2155,0.0,0.0005,0.2155,0.0,0.0,1,0.00049,0.21272,0.0005,0.21546,-0.00278,-3.999999999998449e-05,-0.00274,0.00049,0.21749,0.0005,0.22034,0.0019899999999999,0.00484,-0.00285
2258,CVE-2024-57728,2025-01-28,CVE-2024-42471,2025-04-30,10,0.1499999999999996,0.0005,0.2155,0.0,0.00053,0.24083,0.0,0.0253299999999999,2,0.00049,0.21272,0.00053,0.24078,-0.00278,-4.999999999999449e-05,-0.00273,0.00049,0.21749,0.00053,0.2455,0.0019899999999999,0.00467,-0.00268
2258,CVE-2024-57728,2025-01-28,CVE-2024-12987,2025-05-17,12,0.1499999999999996,0.0005,0.2155,0.0,0.00046,0.18724,0.0,0.02826,3,0.00049,0.21272,0.00046,0.18712,-0.00278,-0.0001199999999999,-0.00266,0.00049,0.21749,0.00046,0.19145,0.0019899999999999,0.00421,-0.00222
2260,CVE-2024-57823,2025-01-10,CVE-2024-23346,2025-04-15,3,0.05,0.00045,0.17529,1.0,0.00045,0.17579,0.0,0.0005,1,0.00045,0.17686,0.00045,0.17733,0.0015699999999999,0.0015399999999999,3.0000000000002247e-05,0.00045,0.17815,0.00043,0.11876,0.00286,-0.05703,0.05989
2261,CVE-2024-57892,2025-01-15,CVE-2024-9956,2025-03-21,3,0.05,0.00045,0.17624,1.0,0.00046,0.19109,0.0,0.01485,1,0.00042,0.05079,0.00046,0.19231,-0.12545,0.0012199999999999,-0.12667,0.00042,0.05025,0.00046,0.19485,-0.12599,0.0037599999999999,-0.1297499999999999
2261,CVE-2024-57892,2025-01-15,CVE-2024-43590,2025-04-14,4,0.05,0.00045,0.17624,1.0,0.00048,0.19732,0.0,0.0210799999999999,2,0.00042,0.05079,0.00048,0.1985,-0.12545,0.00118,-0.12663,0.00042,0.05025,0.00048,0.20098,-0.12599,0.0036599999999999,-0.12965
2261,CVE-2024-57892,2025-01-15,CVE-2024-53197,2025-02-28,2,0.05,0.00045,0.17624,1.0,0.00044,0.15063,0.0,0.02561,3,0.00042,0.05079,0.00044,0.15157,-0.12545,0.00094,-0.12639,0.00042,0.05025,0.00044,0.15419,-0.12599,0.00356,-0.12955
2262,CVE-2024-57895,2025-01-15,CVE-2024-26634,2025-05-09,7,0.05,0.00045,0.17624,1.0,0.00045,0.17612,0.0,0.00012,1,0.00042,0.05079,0.00045,0.1772,-0.12545,0.0010799999999999,-0.12653,0.00042,0.05025,0.00045,0.17954,-0.12599,0.00342,-0.12941
2262,CVE-2024-57895,2025-01-15,CVE-2024-27876,2025-04-24,5,0.05,0.00045,0.17624,1.0,0.0005,0.2113,0.0,0.0350599999999999,2,0.00042,0.05079,0.0005,0.21264,-0.12545,0.00134,-0.12679,0.00042,0.05025,0.0005,0.21528,-0.12599,0.00398,-0.12997
2262,CVE-2024-57895,2025-01-15,CVE-2024-26181,2025-05-16,12,0.05,0.00045,0.17624,1.0,0.00053,0.23723,0.0,0.0609899999999999,3,0.00042,0.05079,0.00052,0.23379,-0.12545,-0.0034399999999999,-0.12201,0.00042,0.05025,0.00056,0.26193,-0.12599,0.0247,-0.15069
2263,CVE-2024-57896,2025-01-15,CVE-2024-38193,2025-04-17,7,0.05,0.00044,0.12225,1.0,0.00043,0.1137,0.0,0.00855,1,0.00042,0.05079,0.00043,0.11475,-0.07146,0.00105,-0.07251,0.00042,0.05025,0.00043,0.11744,-0.072,0.00374,-0.07574
2263,CVE-2024-57896,2025-01-15,CVE-2024-43085,2025-04-28,12,0.05,0.00044,0.12225,1.0,0.00043,0.11266,0.0,0.00959,2,0.00042,0.05079,0.00043,0.11371,-0.07146,0.00105,-0.07251,0.00042,0.05025,0.00043,0.11641,-0.072,0.00375,-0.07575
2263,CVE-2024-57896,2025-01-15,CVE-2024-53197,2025-02-28,2,0.05,0.00044,0.12225,1.0,0.00044,0.15063,0.0,0.0283799999999999,3,0.00042,0.05079,0.00044,0.15157,-0.07146,0.00094,-0.0724,0.00042,0.05025,0.00044,0.15419,-0.072,0.00356,-0.07556
2264,CVE-2024-57900,2025-01-15,CVE-2024-38193,2025-04-17,7,0.05,0.00044,0.12225,1.0,0.00043,0.1137,0.0,0.00855,1,0.00042,0.05079,0.00043,0.11475,-0.07146,0.00105,-0.07251,0.00042,0.05025,0.00043,0.11744,-0.072,0.00374,-0.07574
2264,CVE-2024-57900,2025-01-15,CVE-2024-43085,2025-04-28,12,0.05,0.00044,0.12225,1.0,0.00043,0.11266,0.0,0.00959,2,0.00042,0.05079,0.00043,0.11371,-0.07146,0.00105,-0.07251,0.00042,0.05025,0.00043,0.11641,-0.072,0.00375,-0.07575
2264,CVE-2024-57900,2025-01-15,CVE-2024-53197,2025-02-28,2,0.05,0.00044,0.12225,1.0,0.00044,0.15063,0.0,0.0283799999999999,3,0.00042,0.05079,0.00044,0.15157,-0.07146,0.00094,-0.0724,0.00042,0.05025,0.00044,0.15419,-0.072,0.00356,-0.07556
2265,CVE-2024-57901,2025-01-15,CVE-2024-36424,2025-04-10,4,0.05,0.00044,0.12225,1.0,0.00043,0.11266,0.0,0.00959,1,0.00044,0.12307,0.00043,0.11371,0.00082,0.00105,-0.00023,0.00044,0.12558,0.00043,0.11641,0.0033299999999999,0.00375,-0.00042
2265,CVE-2024-57901,2025-01-15,CVE-2024-50204,2025-05-09,10,0.05,0.00044,0.12225,1.0,0.00043,0.11266,0.0,0.00959,2,0.00044,0.12307,0.00043,0.11371,0.00082,0.00105,-0.00023,0.00044,0.12558,0.00043,0.11641,0.0033299999999999,0.00375,-0.00042
2265,CVE-2024-57901,2025-01-15,CVE-2024-26634,2025-05-09,7,0.05,0.00044,0.12225,1.0,0.00045,0.17612,0.0,0.05387,3,0.00044,0.12307,0.00045,0.1772,0.00082,0.0010799999999999,-0.0002599999999999,0.00044,0.12558,0.00045,0.17954,0.0033299999999999,0.00342,-9.000000000000674e-05
2266,CVE-2024-57902,2025-01-15,CVE-2024-36424,2025-04-10,4,0.05,0.00044,0.12225,1.0,0.00043,0.11266,0.0,0.00959,1,0.00044,0.12307,0.00043,0.11371,0.00082,0.00105,-0.00023,0.00044,0.12558,0.00043,0.11641,0.0033299999999999,0.00375,-0.00042
2266,CVE-2024-57902,2025-01-15,CVE-2024-50204,2025-05-09,10,0.05,0.00044,0.12225,1.0,0.00043,0.11266,0.0,0.00959,2,0.00044,0.12307,0.00043,0.11371,0.00082,0.00105,-0.00023,0.00044,0.12558,0.00043,0.11641,0.0033299999999999,0.00375,-0.00042
2266,CVE-2024-57902,2025-01-15,CVE-2024-26634,2025-05-09,7,0.05,0.00044,0.12225,1.0,0.00045,0.17612,0.0,0.05387,3,0.00044,0.12307,0.00045,0.1772,0.00082,0.0010799999999999,-0.0002599999999999,0.00044,0.12558,0.00045,0.17954,0.0033299999999999,0.00342,-9.000000000000674e-05
2267,CVE-2024-57968,2025-02-03,CVE-2024-41110,2025-05-09,2,0.05,0.00043,0.11479,1.0,0.00045,0.16328,0.0,0.04849,1,0.00045,0.1781,0.00045,0.16368,0.06331,0.0003999999999999,0.06291,0.00045,0.18325,0.00045,0.16846,0.06846,0.0051799999999999,0.06328
2268,CVE-2024-57971,2025-02-16,CVE-2024-53537,2025-04-14,11,0.05,0.00045,0.17961,0.0,0.00044,0.12827,0.0,0.05134,1,0.00045,0.17965,0.00043,0.11723,4.000000000001225e-05,-0.0110399999999999,0.01108,0.00071,0.191,0.00074,0.1997,0.01139,0.07143,-0.0600399999999999
2268,CVE-2024-57971,2025-02-16,CVE-2024-30896,2025-04-08,10,0.05,0.00045,0.17961,0.0,0.00043,0.1166,0.0,0.06301,2,0.00045,0.17965,0.00043,0.11723,4.000000000001225e-05,0.00063,-0.0005899999999999,0.00071,0.191,0.20217,0.95074,0.01139,0.83414,-0.82275
2269,CVE-2024-58044,2025-03-04,CVE-2024-46278,2025-04-16,6,0.05,0.00043,0.11829,1.0,0.00043,0.11827,0.0,2.0000000000006124e-05,1,0.00043,0.11882,0.00043,0.11882,0.0005299999999999,0.0005499999999999,-2.0000000000006124e-05,0.00013,0.0096,0.03602,0.86703,-0.10869,0.74876,-0.85745
2269,CVE-2024-58044,2025-03-04,CVE-2024-29944,2025-05-19,9,0.05,0.00043,0.11829,1.0,0.00045,0.18901,0.0,0.07072,2,0.00043,0.11882,0.00045,0.18924,0.0005299999999999,0.0002299999999999,0.0003,0.00013,0.0096,0.00066,0.17682,-0.10869,-0.01219,-0.0965
2271,CVE-2024-58087,2025-03-13,CVE-2024-0399,2025-04-16,2,0.05,0.00044,0.12854,0.0,0.00043,0.11935,0.0,0.0091899999999999,1,0.00103,0.25491,0.02992,0.8543,0.12637,0.73495,-0.6085799999999999,0.00103,0.2543,0.0423,0.87768,0.12576,0.7583300000000001,-0.6325700000000001
2271,CVE-2024-58087,2025-03-13,CVE-2024-22257,2025-05-30,9,0.1499999999999996,0.00044,0.12854,0.0,0.00043,0.11935,0.0,0.0091899999999999,2,0.00103,0.25491,0.00237,0.44149,0.12637,0.32214,-0.1957699999999999,0.00103,0.2543,0.00237,0.44079,0.12576,0.32144,-0.1956799999999999
2271,CVE-2024-58087,2025-03-13,CVE-2024-36623,2025-05-09,5,0.05,0.00044,0.12854,0.0,0.00045,0.18376,0.0,0.05522,3,0.00103,0.25491,0.0007,0.18614,0.12637,0.0023799999999999,0.12399,0.00103,0.2543,0.00097,0.24396,0.12576,0.0602,0.06556
2278,CVE-2024-58250,2025-04-22,CVE-2024-39338,2025-05-27,12,2.1000000000000005,0.00014,0.01551,0.0,0.00026,0.05361,0.0,0.0380999999999999,1,0.00018,0.03065,0.00029,0.06526,0.01514,0.01165,0.00349,0.00018,0.03066,0.0003,0.06859,0.01515,0.01498,0.00017
2280,CVE-2024-5910,2025-04-06,CVE-2024-27198,2025-05-13,3,0.05,0.8954,0.99538,0.0,0.94582,1.0,0.0,0.0046199999999999,1,0.89479,0.99537,0.94582,1.0,-1.0000000000065512e-05,0.0,-1.0000000000065512e-05,0.90821,0.99589,0.94579,1.0,0.00051,0.0,0.00051
2280,CVE-2024-5910,2025-04-06,CVE-2024-29943,2025-05-19,4,0.05,0.8954,0.99538,0.0,0.23938,0.9558,0.0,0.03958,2,0.89479,0.99537,0.23938,0.95588,-1.0000000000065512e-05,7.999999999996898e-05,-9.00000000000345e-05,0.90821,0.99589,0.42067,0.97237,0.00051,0.0165699999999999,-0.0160599999999999
2280,CVE-2024-5910,2025-04-06,CVE-2024-21591,2025-05-07,2,0.05,0.8954,0.99538,0.0,0.0694,0.90577,0.0,0.08961,3,0.89479,0.99537,0.0694,0.90592,-1.0000000000065512e-05,0.0001499999999999,-0.00016,0.90821,0.99589,0.23476,0.9562,0.00051,0.05043,-0.04992
2284,CVE-2024-6039,2025-04-10,CVE-2024-6485,2025-05-17,3,0.1500000000000005,0.00246,0.45202,0.0,0.00312,0.51481,0.0,0.06279,1,0.00142,0.35712,0.00039,0.10967,-0.0948999999999999,-0.40514,0.31024,0.00142,0.35691,0.0005,0.15436,-0.0951099999999999,-0.36045,0.26534
2284,CVE-2024-6039,2025-04-10,CVE-2024-6531,2025-05-17,4,0.1500000000000005,0.00246,0.45202,0.0,0.00312,0.51481,0.0,0.06279,2,0.00142,0.35712,0.00037,0.10393,-0.0948999999999999,-0.41088,0.31598,0.00142,0.35691,0.00044,0.13017,-0.0951099999999999,-0.38464,0.28953
2286,CVE-2024-6244,2025-04-09,CVE-2024-1708,2025-05-13,8,0.4500000000000003,0.23291,0.95489,0.0,0.76932,0.98905,0.0,0.0341599999999999,1,0.0279,0.8527,0.47068,0.97474,-0.10219,-0.0143099999999999,-0.08788,0.0279,0.85307,0.42165,0.9725,-0.10182,-0.0165499999999999,-0.08527
2287,CVE-2024-6298,2025-04-02,CVE-2024-41110,2025-05-09,2,0.1499999999999996,0.01575,0.79902,0.0,0.01389,0.78663,0.0,0.0123899999999999,1,0.07477,0.90983,0.01644,0.80371,0.11081,0.0170799999999999,0.09373,0.07863,0.91573,0.01684,0.8127,0.11671,0.0260699999999999,0.0906400000000001
2287,CVE-2024-6298,2025-04-02,CVE-2024-37014,2025-05-19,7,0.2499999999999992,0.01575,0.79902,0.0,0.01883,0.81593,0.0,0.01691,2,0.07477,0.90983,0.01989,0.82095,0.11081,0.0050199999999999,0.1057900000000001,0.07863,0.91573,0.02498,0.84523,0.11671,0.0292999999999999,0.0874100000000001
2288,CVE-2024-6327,2025-04-17,CVE-2024-37014,2025-05-19,1,0.0999999999999996,0.01829,0.81885,0.0,0.02498,0.84441,0.0,0.02556,1,0.01829,0.81887,0.02498,0.84445,2.000000000002e-05,4.000000000004e-05,-2.000000000002e-05,0.01665,0.81128,0.02498,0.84517,-0.0075699999999999,0.0007599999999999,-0.0083299999999999
2292,CVE-2024-6407,2025-04-22,CVE-2024-22257,2025-05-30,9,1.8500000000000012,0.00144,0.3582,0.0,0.00192,0.41712,0.0,0.0589199999999999,1,0.00156,0.37404,0.00148,0.36451,0.0158399999999999,-0.0526099999999999,0.0684499999999999,0.00183,0.40783,0.00148,0.36539,0.04963,-0.05173,0.10136
2292,CVE-2024-6407,2025-04-22,CVE-2024-47460,2025-05-23,6,0.8000000000000007,0.00144,0.3582,0.0,0.00102,0.29365,0.0,0.06455,2,0.00156,0.37404,0.00102,0.29335,0.0158399999999999,-0.0003,0.0161399999999999,0.00183,0.40783,0.00102,0.29366,0.04963,9.99999999995449e-06,0.04962
2299,CVE-2024-6670,2025-03-25,CVE-2024-27198,2025-05-13,3,0.05,0.94309,0.99938,0.0,0.94582,1.0,0.0,0.0006199999999999,1,0.94309,0.99937,0.94582,1.0,-1.0000000000065512e-05,0.0,-1.0000000000065512e-05,0.94467,0.99993,0.94579,1.0,0.0005499999999999,0.0,0.0005499999999999
2299,CVE-2024-6670,2025-03-25,CVE-2024-29943,2025-05-19,4,0.05,0.94309,0.99938,0.0,0.24595,0.9563,0.0,0.04308,2,0.94309,0.99937,0.24595,0.95677,-1.0000000000065512e-05,0.0004699999999999,-0.00048,0.94467,0.99993,0.17035,0.94564,0.0005499999999999,-0.01066,0.0112099999999999
2299,CVE-2024-6670,2025-03-25,CVE-2024-21591,2025-05-07,2,0.05,0.94309,0.99938,0.0,0.0694,0.90489,0.0,0.09449,3,0.94309,0.99937,0.0694,0.90556,-1.0000000000065512e-05,0.00067,-0.0006800000000001,0.94467,0.99993,0.23476,0.95598,0.0005499999999999,0.05109,-0.0505400000000001
2300,CVE-2024-6671,2025-03-25,CVE-2024-29943,2025-05-19,4,0.05,0.12416,0.93226,0.0,0.24595,0.9563,0.0,0.02404,1,0.12416,0.93296,0.24595,0.95677,0.0007,0.0004699999999999,0.00023,0.02387,0.8409,0.17035,0.94564,-0.09136,-0.01066,-0.0807
2300,CVE-2024-6671,2025-03-25,CVE-2024-21591,2025-05-07,2,0.05,0.12416,0.93226,0.0,0.0694,0.90489,0.0,0.02737,2,0.12416,0.93296,0.0694,0.90556,0.0007,0.00067,2.999999999997449e-05,0.02387,0.8409,0.23476,0.95598,-0.09136,0.05109,-0.14245
2300,CVE-2024-6671,2025-03-25,CVE-2024-27198,2025-05-13,3,0.05,0.12416,0.93226,0.0,0.94582,1.0,0.0,0.06774,3,0.12416,0.93296,0.94582,1.0,0.0007,0.0,0.0007,0.02387,0.8409,0.94579,1.0,-0.09136,0.0,-0.09136
2302,CVE-2024-6769,2024-09-27,CVE-2024-20054,2025-05-07,12,0.1500000000000005,0.00043,0.09601,0.0,0.00043,0.09601,0.0,0.0,1,0.00043,0.09629,0.00043,0.09629,0.00028,0.00028,0.0,0.00043,0.09833,0.00043,0.09833,0.00232,0.00232,0.0
2302,CVE-2024-6769,2024-09-27,CVE-2024-40893,2025-03-17,5,0.1499999999999996,0.00043,0.09601,0.0,0.00043,0.10259,0.0,0.00658,2,0.00043,0.09629,0.00043,0.10286,0.00028,0.0002699999999999,1.000000000001e-05,0.00043,0.09833,0.00043,0.10495,0.00232,0.00236,-3.999999999999837e-05
2302,CVE-2024-6769,2024-09-27,CVE-2024-23922,2025-04-08,7,0.1499999999999996,0.00043,0.09601,0.0,0.00046,0.16952,0.0,0.07351,3,0.00043,0.09629,0.00058,0.25769,0.00028,0.0881699999999999,-0.0878899999999999,0.00043,0.09833,0.00058,0.26015,0.00232,0.0906299999999999,-0.0883099999999999
2303,CVE-2024-6778,2024-10-17,CVE-2024-8376,2025-04-17,6,0.0,0.00043,0.09695,0.0,0.00044,0.10991,0.0,0.01296,1,0.00043,0.09754,0.00044,0.11089,0.00059,0.00098,-0.00039,0.00043,0.10187,0.00145,0.51536,0.00492,0.40545,-0.40053
2304,CVE-2024-6784,2024-12-05,CVE-2024-41110,2025-05-09,9,0.05,0.00043,0.10597,3.0,0.00045,0.15804,0.0,0.05207,1,0.00043,0.10812,0.00045,0.16046,0.0021499999999999,0.0024199999999999,-0.0002699999999999,0.00043,0.11007,0.00045,0.15874,0.0041,0.0006999999999999,0.0034
2310,CVE-2024-7344,2025-01-16,CVE-2024-22257,2025-05-30,9,0.05,0.00045,0.17624,0.0,0.00043,0.11287,0.0,0.06337,1,0.00042,0.00299,0.00043,0.11403,-0.17325,0.00116,-0.17441,0.00042,0.0029,0.00043,0.1166,-0.17334,0.0037299999999999,-0.17707
2315,CVE-2024-7801,2025-04-05,CVE-2024-6484,2025-05-17,11,0.1499999999999996,0.00109,0.26415,0.0,0.00113,0.26944,0.0,0.00529,1,0.00982,0.74889,0.00149,0.32298,0.4847399999999999,0.0535399999999999,0.4311999999999999,0.00132,0.34148,0.00038,0.10383,0.07733,-0.16561,0.24294
2315,CVE-2024-7801,2025-04-05,CVE-2024-36621,2025-05-09,3,0.05,0.00109,0.26415,0.0,0.00097,0.24444,0.0,0.01971,2,0.00982,0.74889,0.00097,0.24396,0.4847399999999999,-0.0004799999999999,0.4852199999999999,0.00132,0.34148,0.00078,0.24207,0.07733,-0.0023699999999999,0.0797
2315,CVE-2024-7801,2025-04-05,CVE-2024-33663,2025-05-11,5,0.05,0.00109,0.26415,0.0,0.00093,0.23725,0.0,0.0269,3,0.00982,0.74889,0.00093,0.23663,0.4847399999999999,-0.0006199999999999,0.4853599999999999,0.00132,0.34148,0.00041,0.1182,0.07733,-0.1190499999999999,0.19638
2316,CVE-2024-7815,2025-04-10,CVE-2024-56378,2025-05-17,7,2.2,0.00107,0.26062,0.0,0.00098,0.24747,0.0,0.01315,1,0.00135,0.3463,0.00098,0.28747,0.0856799999999999,0.04,0.0456799999999999,0.00164,0.38412,0.0016,0.37951,0.1235,0.13204,-0.00854
2316,CVE-2024-7815,2025-04-10,CVE-2024-32152,2025-05-18,2,0.7500000000000002,0.00107,0.26062,0.0,0.00147,0.31939,0.0,0.0587699999999999,2,0.00135,0.3463,0.00077,0.23965,0.0856799999999999,-0.07974,0.1654199999999999,0.00164,0.38412,0.00084,0.25631,0.1235,-0.06308,0.18658
2316,CVE-2024-7815,2025-04-10,CVE-2024-13176,2025-05-17,5,2.0,0.00107,0.26062,0.0,0.00075,0.19845,0.0,0.06217,3,0.00135,0.3463,0.00033,0.0794,0.0856799999999999,-0.1190499999999999,0.2047299999999999,0.00164,0.38412,0.00033,0.07892,0.1235,-0.1195299999999999,0.2430299999999999
2319,CVE-2024-7971,2025-04-13,CVE-2024-37051,2025-05-16,12,0.3499999999999989,0.04698,0.88401,0.0,0.05467,0.89279,0.0,0.00878,1,0.00384,0.58624,0.01769,0.81598,-0.29777,-0.0768099999999999,-0.22096,0.00392,0.5921,0.01938,0.82409,-0.29191,-0.0686999999999999,-0.22321
2319,CVE-2024-7971,2025-04-13,CVE-2024-5274,2025-05-16,1,0.05,0.04698,0.88401,0.0,0.17325,0.94529,0.0,0.06128,2,0.00384,0.58624,0.01117,0.76994,-0.29777,-0.17535,-0.1224199999999999,0.00392,0.5921,0.01747,0.81514,-0.29191,-0.13015,-0.16176
2319,CVE-2024-7971,2025-04-13,CVE-2024-37014,2025-05-19,9,0.250000000000001,0.04698,0.88401,0.0,0.01989,0.82113,0.0,0.0628799999999999,3,0.00384,0.58624,0.02498,0.84448,-0.29777,0.0233499999999999,-0.3211199999999999,0.00392,0.5921,0.02498,0.84478,-0.29191,0.0236499999999999,-0.3155599999999999
2324,CVE-2024-8376,2025-04-17,CVE-2024-47461,2025-05-23,6,0.3499999999999998,0.00251,0.48449,0.0,0.00251,0.4846,0.0,0.0001099999999999,1,0.00251,0.48411,0.00251,0.48423,-0.0003799999999999,-0.0003699999999999,-1.000000000001e-05,0.00277,0.5083,0.00251,0.48516,0.0238099999999999,0.00056,0.0232499999999999
2324,CVE-2024-8376,2025-04-17,CVE-2024-22257,2025-05-30,9,0.7499999999999993,0.00251,0.48449,0.0,0.00192,0.41792,0.0,0.0665699999999999,2,0.00251,0.48411,0.00192,0.41706,-0.0003799999999999,-0.00086,0.00048,0.00277,0.5083,0.00161,0.38087,0.0238099999999999,-0.03705,0.06086
2325,CVE-2024-8420,2025-02-28,CVE-2024-10525,2025-04-17,8,0.0,0.00091,0.41121,1.0,0.00068,0.32844,0.0,0.08277,1,0.00091,0.41223,0.00068,0.32946,0.0010199999999999,0.0010199999999999,0.0,0.00064,0.16974,0.00194,0.38416,-0.24147,0.0557199999999999,-0.29719
2326,CVE-2024-8425,2025-02-28,CVE-2024-10525,2025-04-17,8,0.0,0.00091,0.41121,1.0,0.00068,0.32844,0.0,0.08277,1,0.00091,0.41223,0.00068,0.32946,0.0010199999999999,0.0010199999999999,0.0,0.0029,0.49449,0.00194,0.38416,0.0832799999999999,0.0557199999999999,0.0275599999999999
2329,CVE-2024-8522,2025-04-11,CVE-2024-1709,2025-05-29,1,0.05,0.88367,0.99473,0.0,0.94123,0.99902,0.0,0.00429,1,0.81226,0.99092,0.94364,0.99951,-0.0038099999999999,0.0004899999999999,-0.0042999999999999,0.80501,0.99063,0.94364,0.9995,-0.0040999999999999,0.00048,-0.00458
2329,CVE-2024-8522,2025-04-11,CVE-2024-27198,2025-05-13,2,0.2499999999999992,0.88367,0.99473,0.0,0.94582,1.0,0.0,0.0052699999999999,2,0.81226,0.99092,0.94579,1.0,-0.0038099999999999,0.0,-0.0038099999999999,0.80501,0.99063,0.94579,1.0,-0.0040999999999999,0.0,-0.0040999999999999
2329,CVE-2024-8522,2025-04-11,CVE-2024-29943,2025-05-19,3,0.2499999999999992,0.88367,0.99473,0.0,0.23938,0.95585,0.0,0.03888,3,0.81226,0.99092,0.17035,0.94565,-0.0038099999999999,-0.0101999999999999,0.00639,0.80501,0.99063,0.59083,0.9808,-0.0040999999999999,0.02495,-0.02905
2332,CVE-2024-8613,2025-03-20,CVE-2024-43085,2025-04-28,12,0.3499999999999998,0.00031,0.05405,0.0,9e-05,0.00406,0.0,0.04999,1,0.00029,0.0481,9e-05,0.00388,-0.00595,-0.00018,-0.00577,0.00029,0.06516,7e-05,0.00371,0.0111099999999999,-0.00035,0.0114599999999999
2333,CVE-2024-8616,2025-03-20,CVE-2024-36623,2025-05-09,5,0.1499999999999996,0.00043,0.10165,0.0,0.0007,0.18614,0.0,0.08449,1,0.00053,0.13105,0.0007,0.18295,0.0293999999999999,-0.0031899999999999,0.0325899999999999,0.00053,0.16428,0.0007,0.22074,0.06263,0.0345999999999999,0.02803
2334,CVE-2024-8672,2024-12-18,CVE-2024-41110,2025-05-09,7,0.05,0.00045,0.17327,0.0,0.00045,0.1576,0.0,0.01567,1,0.00045,0.17324,0.00045,0.15794,-3.0000000000002247e-05,0.00034,-0.00037,0.00045,0.17686,0.00045,0.16167,0.0035899999999999,0.00407,-0.00048
2336,CVE-2024-8690,2025-03-21,CVE-2024-0131,2025-05-17,2,0.05,0.00035,0.06707,0.0,0.00021,0.0322,0.0,0.03487,1,0.00035,0.06815,0.00021,0.03269,0.0010799999999999,0.0004899999999999,0.00059,0.00028,0.06062,0.00022,0.04392,-0.00645,0.01172,-0.01817
2336,CVE-2024-8690,2025-03-21,CVE-2024-20900,2025-04-28,11,0.4500000000000003,0.00035,0.06707,0.0,0.00044,0.10293,0.0,0.0358599999999999,2,0.00035,0.06815,0.00045,0.10662,0.0010799999999999,0.00369,-0.00261,0.00028,0.06062,0.00024,0.04976,-0.00645,-0.0531699999999999,0.0467199999999999
2336,CVE-2024-8690,2025-03-21,CVE-2024-10445,2025-05-02,3,0.1000000000000005,0.00035,0.06707,0.0,0.00013,0.01054,0.0,0.05653,3,0.00035,0.06815,0.00021,0.03273,0.0010799999999999,0.02219,-0.02111,0.00028,0.06062,0.00042,0.12513,-0.00645,0.11459,-0.12104
2338,CVE-2024-8769,2025-03-20,CVE-2024-47460,2025-05-23,7,0.1499999999999996,0.0016,0.33778,0.0,0.0019,0.38139,0.0,0.0436099999999999,1,0.00263,0.4642,0.0019,0.37599,0.1264199999999999,-0.0054,0.13182,0.00263,0.49554,0.00102,0.29486,0.1577599999999999,-0.08653,0.2442899999999999
2338,CVE-2024-8769,2025-03-20,CVE-2024-4990,2025-05-05,3,0.05,0.0016,0.33778,0.0,0.00098,0.24751,0.0,0.09027,2,0.00263,0.4642,0.00078,0.20121,0.1264199999999999,-0.0463,0.1727199999999999,0.00263,0.49554,0.0003,0.07215,0.1577599999999999,-0.17536,0.3331199999999999
2340,CVE-2024-8811,2025-04-23,CVE-2024-46687,2025-05-26,1,0.0,0.0005,0.15663,0.0,0.00043,0.12832,0.0,0.02831,1,0.0005,0.15692,0.00043,0.12869,0.00029,0.00037,-7.999999999999674e-05,0.00035,0.08875,0.00044,0.1331,-0.06788,0.00478,-0.07266
2343,CVE-2024-8925,2025-04-10,CVE-2024-0131,2025-05-17,8,1.5500000000000005,0.00029,0.05142,0.0,0.00021,0.03271,0.0,0.0187099999999999,1,0.00032,0.07656,0.00022,0.04422,0.02514,0.01151,0.01363,0.00031,0.07418,0.00022,0.04367,0.0227599999999999,0.0109599999999999,0.0117999999999999
2343,CVE-2024-8925,2025-04-10,CVE-2024-0149,2025-05-17,3,0.1999999999999997,0.00029,0.05142,0.0,0.0002,0.02986,0.0,0.02156,2,0.00032,0.07656,0.0002,0.03742,0.02514,0.00756,0.01758,0.00031,0.07418,0.0002,0.03625,0.0227599999999999,0.0063899999999999,0.01637
2343,CVE-2024-8925,2025-04-10,CVE-2024-43799,2025-05-17,12,2.15,0.00029,0.05142,0.0,0.00017,0.02032,0.0,0.0311,3,0.00032,0.07656,0.00025,0.05225,0.02514,0.03193,-0.0067899999999999,0.00031,0.07418,0.00025,0.05237,0.0227599999999999,0.0320499999999999,-0.00929
2344,CVE-2024-8929,2025-04-10,CVE-2024-0147,2025-05-17,4,0.2999999999999998,0.00028,0.04758,0.0,0.00023,0.03605,0.0,0.0115299999999999,1,0.00015,0.01993,0.00023,0.04591,-0.0276499999999999,0.00986,-0.03751,0.00022,0.04341,0.00023,0.04514,-0.00417,0.00909,-0.01326
2344,CVE-2024-8929,2025-04-10,CVE-2024-53869,2025-05-17,6,0.2999999999999998,0.00028,0.04758,0.0,0.00018,0.02368,0.0,0.0238999999999999,2,0.00015,0.01993,0.00018,0.029,-0.0276499999999999,0.00532,-0.03297,0.00022,0.04341,0.00018,0.0286,-0.00417,0.00492,-0.00909
2346,CVE-2024-8945,2025-03-28,CVE-2024-26634,2025-05-09,2,0.05,0.00106,0.25705,0.0,0.00091,0.23224,0.0,0.02481,1,0.00197,0.38852,0.00091,0.23323,0.1314699999999999,0.0009899999999999,0.1304799999999999,0.0008,0.24782,9e-05,0.00635,-0.0092299999999999,-0.22589,0.21666
2346,CVE-2024-8945,2025-03-28,CVE-2024-26626,2025-05-20,11,0.05,0.00106,0.25705,0.0,0.00091,0.23224,0.0,0.02481,2,0.00197,0.38852,0.00091,0.23323,0.1314699999999999,0.0009899999999999,0.1304799999999999,0.0008,0.24782,0.00018,0.0286,-0.0092299999999999,-0.20364,0.19441
2346,CVE-2024-8945,2025-03-28,CVE-2024-26627,2025-05-20,12,0.05,0.00106,0.25705,0.0,0.0009,0.23104,0.0,0.02601,3,0.00197,0.38852,0.0009,0.23203,0.1314699999999999,0.0009899999999999,0.1304799999999999,0.0008,0.24782,0.00013,0.01297,-0.0092299999999999,-0.2180699999999999,0.20884
2347,CVE-2024-8950,2024-12-25,CVE-2024-41110,2025-05-09,6,0.05,0.0005,0.20991,1.0,0.00045,0.15794,0.0,0.05197,1,0.0005,0.21083,0.00045,0.15846,0.0009199999999999,0.0005199999999999,0.0003999999999999,0.0005,0.2148,0.00045,0.16249,0.0048899999999999,0.0045499999999999,0.0003399999999999
2348,CVE-2024-8954,2025-03-20,CVE-2024-9142,2025-04-21,3,0.05,0.00075,0.19785,0.0,0.00116,0.27561,0.0,0.07776,1,0.00082,0.20987,0.00116,0.27074,0.01202,-0.00487,0.01689,0.00086,0.26311,0.00096,0.28338,0.06526,0.0077699999999999,0.05749
2349,CVE-2024-8963,2025-01-23,CVE-2024-21887,2025-04-03,11,0.3000000000000007,0.96799,0.998,0.0,0.97258,0.99924,0.0,0.00124,1,0.96799,0.99799,0.97258,0.99927,-9.99999999995449e-06,2.999999999997449e-05,-3.999999999992898e-05,0.9664,0.9977,0.97322,0.99949,-0.0002999999999999,0.0002499999999999,-0.0005499999999999
2349,CVE-2024-8963,2025-01-23,CVE-2024-7971,2025-04-13,6,0.2499999999999992,0.96799,0.998,0.0,0.06612,0.93757,0.0,0.0604299999999999,2,0.96799,0.99799,0.06417,0.93673,-9.99999999995449e-06,-0.00084,0.0008300000000001,0.9664,0.9977,0.06417,0.93712,-0.0002999999999999,-0.00045,0.00015
2353,CVE-2024-8999,2025-03-20,CVE-2024-39338,2025-05-27,11,0.05,0.00075,0.19785,0.0,0.00093,0.23873,0.0,0.04088,1,0.00082,0.20987,0.00024,0.03601,0.01202,-0.20272,0.21474,0.00084,0.25696,0.00026,0.05443,0.05911,-0.1843,0.24341
2354,CVE-2024-9026,2025-04-10,CVE-2024-0131,2025-05-17,8,1.3500000000000003,0.00033,0.0609,0.0,0.00021,0.03271,0.0,0.02819,1,0.00016,0.02247,0.00022,0.04422,-0.03843,0.01151,-0.04994,0.00017,0.02631,0.00022,0.04367,-0.03459,0.0109599999999999,-0.04555
2354,CVE-2024-9026,2025-04-10,CVE-2024-0149,2025-05-17,1,0.0,0.00033,0.0609,0.0,0.0002,0.02986,0.0,0.03104,2,0.00016,0.02247,0.0002,0.03742,-0.03843,0.00756,-0.04599,0.00017,0.02631,0.0002,0.03625,-0.03459,0.0063899999999999,-0.04098
2354,CVE-2024-9026,2025-04-10,CVE-2024-43799,2025-05-17,12,1.95,0.00033,0.0609,0.0,0.00017,0.02032,0.0,0.04058,3,0.00016,0.02247,0.00025,0.05225,-0.03843,0.03193,-0.07036,0.00017,0.02631,0.00025,0.05237,-0.03459,0.0320499999999999,-0.06664
2355,CVE-2024-9053,2025-03-20,CVE-2024-48061,2025-05-19,11,0.05,0.00492,0.63049,0.0,0.00518,0.64213,0.0,0.0116399999999999,1,0.0029,0.49109,0.00518,0.63599,-0.1393999999999999,-0.0061399999999999,-0.13326,0.0029,0.52019,0.00432,0.6152,-0.1102999999999999,-0.02693,-0.0833699999999999
2355,CVE-2024-9053,2025-03-20,CVE-2024-20103,2025-05-07,5,0.05,0.00492,0.63049,0.0,0.00573,0.6624,0.0,0.0319099999999999,2,0.0029,0.49109,0.00573,0.65657,-0.1393999999999999,-0.00583,-0.1335699999999999,0.0029,0.52019,0.003,0.52758,-0.1102999999999999,-0.1348199999999999,0.0245199999999999
2355,CVE-2024-9053,2025-03-20,CVE-2024-42835,2025-05-19,10,0.05,0.00492,0.63049,0.0,0.00408,0.58544,0.0,0.04505,3,0.0029,0.49109,0.00408,0.57872,-0.1393999999999999,-0.0067199999999999,-0.13268,0.0029,0.52019,0.00475,0.63524,-0.1102999999999999,0.0498,-0.1601
2356,CVE-2024-9054,2025-04-04,CVE-2024-21833,2025-05-15,2,0.05,0.00952,0.74434,0.0,0.0128,0.7782,0.0,0.03386,1,0.06647,0.90363,0.0128,0.77865,0.15929,0.0004499999999999,0.1588400000000001,0.08201,0.91719,0.00126,0.33343,0.1728499999999999,-0.44477,0.61762
2356,CVE-2024-9054,2025-04-04,CVE-2024-21626,2025-05-09,8,0.250000000000001,0.00952,0.74434,0.0,0.01947,0.81893,0.0,0.07459,2,0.06647,0.90363,0.01947,0.81938,0.15929,0.0004499999999999,0.1588400000000001,0.08201,0.91719,0.03326,0.86584,0.1728499999999999,0.04691,0.1259399999999999
2357,CVE-2024-9070,2025-03-20,CVE-2024-9142,2025-04-21,3,0.05,0.00072,0.19158,0.0,0.00116,0.27561,0.0,0.08403,1,0.00076,0.19673,0.00116,0.27074,0.0051499999999999,-0.00487,0.01002,0.00076,0.23588,0.00096,0.28338,0.0443,0.0077699999999999,0.03653
2359,CVE-2024-9099,2025-03-20,CVE-2024-43085,2025-04-28,12,0.3499999999999998,0.00035,0.06491,0.0,9e-05,0.00406,0.0,0.0608499999999999,1,0.0003,0.05194,9e-05,0.00388,-0.0129699999999999,-0.00018,-0.0127899999999999,0.00022,0.04434,7e-05,0.00371,-0.0205699999999999,-0.00035,-0.02022
2360,CVE-2024-9110,2024-11-16,CVE-2024-1234,2025-04-05,3,0.05,0.00043,0.10187,0.0,0.00043,0.10187,0.0,0.0,1,0.00043,0.10364,0.00043,0.10364,0.0017699999999999,0.0017699999999999,0.0,0.00043,0.10939,0.00043,0.10939,0.0075199999999999,0.0075199999999999,0.0
2360,CVE-2024-9110,2024-11-16,CVE-2024-6484,2025-05-17,5,0.05,0.00043,0.10187,0.0,0.00043,0.10187,0.0,0.0,2,0.00043,0.10364,0.00043,0.10364,0.0017699999999999,0.0017699999999999,0.0,0.00043,0.10939,0.00043,0.10939,0.0075199999999999,0.0075199999999999,0.0
2360,CVE-2024-9110,2024-11-16,CVE-2024-6485,2025-05-17,6,0.05,0.00043,0.10187,0.0,0.00043,0.10187,0.0,0.0,3,0.00043,0.10364,0.00043,0.10364,0.0017699999999999,0.0017699999999999,0.0,0.00043,0.10939,0.00043,0.10939,0.0075199999999999,0.0075199999999999,0.0
2363,CVE-2024-9138,2025-01-06,CVE-2024-47461,2025-05-23,5,0.05,0.00043,0.11007,0.0,0.00043,0.11007,0.0,0.0,1,0.00043,0.11157,0.00043,0.11157,0.0015,0.0015,0.0,0.00043,0.11488,0.00043,0.11488,0.0048099999999999,0.0048099999999999,0.0
2363,CVE-2024-9138,2025-01-06,CVE-2024-53150,2025-04-07,6,0.1000000000000005,0.00043,0.11007,0.0,0.00044,0.14865,0.0,0.03858,2,0.00043,0.11157,0.00042,0.05057,0.0015,-0.09808,0.09958,0.00043,0.11488,0.00042,0.05074,0.0048099999999999,-0.09791,0.1027199999999999
2363,CVE-2024-9138,2025-01-06,CVE-2024-35061,2025-04-11,8,0.1499999999999996,0.00043,0.11007,0.0,0.00045,0.17473,0.0,0.06466,3,0.00043,0.11157,0.00045,0.17537,0.0015,0.00064,0.0008599999999999,0.00043,0.11488,0.00045,0.17834,0.0048099999999999,0.00361,0.0011999999999999
2365,CVE-2024-9142,2025-04-21,CVE-2024-47460,2025-05-23,6,0.8000000000000007,0.00109,0.30434,0.0,0.00102,0.29403,0.0,0.0103099999999999,1,0.00109,0.30388,0.00102,0.29344,-0.00046,-0.00059,0.00013,0.00122,0.32631,0.00102,0.29341,0.0219699999999999,-0.00062,0.02259
2366,CVE-2024-9149,2025-03-04,CVE-2024-39936,2025-05-17,5,0.05,0.00087,0.39624,1.0,0.00087,0.39612,0.0,0.0001199999999999,1,0.00087,0.39655,0.00087,0.39655,0.00031,0.0004299999999999,-0.0001199999999999,0.00039,0.08715,0.00081,0.21041,-0.30909,-0.18571,-0.1233799999999999
2370,CVE-2024-9193,2025-02-28,CVE-2024-10525,2025-04-17,8,0.0,0.00091,0.41121,1.0,0.00068,0.32844,0.0,0.08277,1,0.00873,0.82592,0.00068,0.32946,0.4147099999999999,0.0010199999999999,0.41369,0.17503,0.94539,0.00194,0.38416,0.5341799999999999,0.0557199999999999,0.4784599999999999
2371,CVE-2024-9195,2025-02-28,CVE-2024-39304,2025-04-09,10,0.05,0.0005,0.22021,1.0,0.0005,0.22027,0.0,6.0000000000004494e-05,1,0.0005,0.22131,0.0005,0.22131,0.0011,0.00104,6.0000000000004494e-05,0.0004,0.08965,0.20878,0.95139,-0.13056,0.73112,-0.86168
2371,CVE-2024-9195,2025-02-28,CVE-2024-48827,2025-04-06,8,0.05,0.0005,0.22021,1.0,0.00045,0.18251,0.0,0.0376999999999999,2,0.0005,0.22131,0.00045,0.1835,0.0011,0.0009899999999999,0.00011,0.0004,0.08965,0.00531,0.64624,-0.13056,0.46373,-0.59429
2371,CVE-2024-9195,2025-02-28,CVE-2024-9054,2025-04-04,7,0.05,0.0005,0.22021,1.0,0.00064,0.3081,0.0,0.08789,3,0.0005,0.22131,0.00064,0.30914,0.0011,0.00104,5.999999999997674e-05,0.0004,0.08965,0.00952,0.74321,-0.13056,0.43511,-0.5656700000000001
2372,CVE-2024-9216,2025-03-20,CVE-2024-36623,2025-05-09,3,0.05,0.00055,0.1431,0.0,0.0007,0.18614,0.0,0.0430399999999999,1,0.00047,0.1126,0.0007,0.18295,-0.0305,-0.0031899999999999,-0.02731,0.0005,0.15399,0.0007,0.22074,0.0108899999999999,0.0345999999999999,-0.02371
2376,CVE-2024-9334,2025-02-27,CVE-2024-42057,2025-05-13,11,0.1499999999999996,0.00087,0.39565,1.0,0.0009,0.40596,0.0,0.0103099999999999,1,0.00087,0.3963,0.0009,0.40672,0.0006499999999999,0.00076,-0.00011,0.00042,0.06563,0.03831,0.8,-0.33002,0.39404,-0.72406
2376,CVE-2024-9334,2025-02-27,CVE-2024-53961,2025-04-17,8,0.1499999999999996,0.00087,0.39565,1.0,0.00095,0.42272,0.0,0.0270699999999999,2,0.00087,0.3963,0.00095,0.42355,0.0006499999999999,0.0008299999999999,-0.00018,0.00042,0.06563,0.00509,0.49208,-0.33002,0.06936,-0.39938
2383,CVE-2024-9458,2025-04-06,CVE-2024-0131,2025-05-17,7,0.4499999999999994,0.00029,0.05192,0.0,0.00021,0.03239,0.0,0.01953,1,0.01353,0.78469,0.00022,0.0349,0.73277,0.0025099999999999,0.73026,0.01353,0.79028,0.00022,0.04381,0.73836,0.01142,0.72694
2383,CVE-2024-9458,2025-04-06,CVE-2024-43799,2025-05-17,6,0.2500000000000001,0.00029,0.05192,0.0,0.00017,0.01974,0.0,0.03218,2,0.01353,0.78469,0.00017,0.02004,0.73277,0.0002999999999999,0.7324700000000001,0.01353,0.79028,0.00025,0.05218,0.73836,0.03244,0.70592
2383,CVE-2024-9458,2025-04-06,CVE-2024-7347,2025-05-17,2,0.1499999999999996,0.00029,0.05192,0.0,0.00053,0.13607,0.0,0.08415,3,0.01353,0.78469,0.00053,0.13587,0.73277,-0.0002,0.73297,0.01353,0.79028,0.00076,0.23599,0.73836,0.09992,0.63844
2385,CVE-2024-9474,2024-11-18,CVE-2024-9380,2025-01-23,6,0.05,0.02252,0.89926,1.0,0.04637,0.92828,0.0,0.02902,1,0.97398,0.99944,0.04637,0.92862,0.10018,0.00034,0.09984,0.97519,0.99994,0.04272,0.92195,0.1006800000000001,-0.0063299999999999,0.10701
2385,CVE-2024-9474,2024-11-18,CVE-2024-8190,2025-01-23,5,0.05,0.02252,0.89926,1.0,0.12567,0.9563,0.0,0.05704,2,0.97398,0.99944,0.12567,0.95651,0.10018,0.0002099999999999,0.0999700000000001,0.97519,0.99994,0.11331,0.95185,0.1006800000000001,-0.00445,0.1051300000000001
2400,CVE-2024-9658,2025-03-07,CVE-2024-39304,2025-04-09,5,0.05,0.0005,0.22138,1.0,0.0005,0.22131,0.0,6.999999999998674e-05,1,0.0005,0.22174,0.0005,0.22174,0.0003599999999999,0.0004299999999999,-6.999999999998674e-05,0.0004,0.09112,0.20878,0.95143,-0.13026,0.73012,-0.8603799999999999
2400,CVE-2024-9658,2025-03-07,CVE-2024-4058,2025-04-17,9,0.05,0.0005,0.22138,1.0,0.00058,0.27376,0.0,0.05238,2,0.0005,0.22174,0.00058,0.27458,0.0003599999999999,0.0008199999999999,-0.0004599999999999,0.0004,0.09112,0.00562,0.65809,-0.13026,0.3843299999999999,-0.5145899999999999
2404,CVE-2024-9701,2025-03-20,CVE-2024-20103,2025-05-07,5,0.05,0.00563,0.65839,0.0,0.00573,0.6624,0.0,0.0040099999999999,1,0.0029,0.49025,0.00573,0.65657,-0.16814,-0.00583,-0.16231,0.0029,0.51948,0.003,0.52758,-0.1389099999999999,-0.1348199999999999,-0.00409
2404,CVE-2024-9701,2025-03-20,CVE-2024-48061,2025-05-19,11,0.05,0.00563,0.65839,0.0,0.00518,0.64213,0.0,0.01626,2,0.0029,0.49025,0.00518,0.63599,-0.16814,-0.0061399999999999,-0.1620000000000001,0.0029,0.51948,0.00432,0.6152,-0.1389099999999999,-0.02693,-0.1119799999999999
2404,CVE-2024-9701,2025-03-20,CVE-2024-42835,2025-05-19,10,0.05,0.00563,0.65839,0.0,0.00408,0.58544,0.0,0.07295,3,0.0029,0.49025,0.00408,0.57872,-0.16814,-0.0067199999999999,-0.16142,0.0029,0.51948,0.00475,0.63524,-0.1389099999999999,0.0498,-0.18871
2407,CVE-2024-9847,2025-03-20,CVE-2024-43085,2025-04-28,12,0.2500000000000001,0.00019,0.02835,0.0,9e-05,0.00406,0.0,0.02429,1,0.00024,0.03762,9e-05,0.00388,0.00927,-0.00018,0.00945,0.00024,0.05069,7e-05,0.00371,0.02234,-0.00035,0.02269
2410,CVE-2024-9956,2025-03-21,CVE-2024-43085,2025-04-28,10,0.05,0.00032,0.05776,0.0,9e-05,0.00398,0.0,0.05378,1,0.00029,0.05184,9e-05,0.00395,-0.00592,-2.9999999999999645e-05,-0.00589,0.00029,0.06825,7e-05,0.00369,0.01049,-0.0002899999999999,0.01078
2410,CVE-2024-9956,2025-03-21,CVE-2024-46954,2025-05-06,3,0.0,0.00032,0.05776,0.0,0.00059,0.15367,0.0,0.09591,2,0.00029,0.05184,0.00059,0.15318,-0.00592,-0.0004899999999999,-0.00543,0.00029,0.06825,0.0005,0.15506,0.01049,0.00139,0.0091
2417,CVE-2025-0101,2025-04-17,CVE-2025-30733,2025-05-19,1,0.05,0.0004,0.11296,0.0,0.00032,0.07674,0.0,0.03622,1,0.00044,0.13138,0.00041,0.11802,0.0184199999999999,0.04128,-0.02286,0.00044,0.13309,0.00044,0.13386,0.02013,0.05712,-0.0369899999999999
2436,CVE-2025-0298,2025-03-01,CVE-2025-0426,2025-05-09,7,0.1499999999999996,0.00045,0.18245,0.0,0.00043,0.11768,0.0,0.06477,1,0.00045,0.1835,0.00043,0.1187,0.0010499999999999,0.0010199999999999,3.0000000000002247e-05,0.0005,0.12497,0.00031,0.05392,-0.05748,-0.06376,0.00628
2490,CVE-2025-0731,2025-03-27,CVE-2025-24131,2025-04-29,3,0.05,0.00085,0.21738,0.0,0.0006,0.15662,0.0,0.0607599999999999,1,0.00093,0.23785,0.0006,0.1598,0.02047,0.0031799999999999,0.01729,0.00093,0.27599,0.0007,0.22103,0.05861,0.06441,-0.0057999999999999
2490,CVE-2025-0731,2025-03-27,CVE-2025-24376,2025-05-09,10,0.05,0.00085,0.21738,0.0,0.00056,0.14354,0.0,0.0738399999999999,2,0.00093,0.23785,0.00056,0.14656,0.02047,0.0030199999999999,0.01745,0.00093,0.27599,0.00059,0.18717,0.05861,0.04363,0.01498
2503,CVE-2025-0804,2025-01-29,CVE-2025-24529,2025-05-17,5,0.05,0.00045,0.16142,0.0,0.00043,0.11437,0.0,0.04705,1,0.00045,0.1622,0.00043,0.11488,0.00078,0.0005099999999999,0.00027,0.00045,0.1662,0.00043,0.11771,0.0047799999999999,0.0033399999999999,0.0014399999999999
2503,CVE-2025-0804,2025-01-29,CVE-2025-24530,2025-05-17,6,0.05,0.00045,0.16142,0.0,0.00043,0.11437,0.0,0.04705,2,0.00045,0.1622,0.00043,0.11488,0.00078,0.0005099999999999,0.00027,0.00045,0.1662,0.00043,0.11771,0.0047799999999999,0.0033399999999999,0.0014399999999999
2592,CVE-2025-1468,2025-03-18,CVE-2025-27610,2025-04-26,1,0.0,0.00039,0.08844,0.0,0.00064,0.17127,0.0,0.08283,1,0.00051,0.12788,0.00064,0.16738,0.0394399999999999,-0.00389,0.0433299999999999,0.00054,0.16949,0.0009,0.26985,0.08105,0.0985799999999999,-0.0175299999999999
2613,CVE-2025-1704,2025-04-17,CVE-2025-30733,2025-05-19,1,0.05,8e-05,0.00504,0.0,0.00032,0.07674,0.0,0.0717,1,0.0002,0.03518,0.00041,0.11802,0.03014,0.04128,-0.0111399999999999,0.0002,0.03509,0.00044,0.13386,0.03005,0.05712,-0.02707
2617,CVE-2025-1731,2025-04-23,CVE-2025-2760,2025-05-27,2,0.0,0.00013,0.0134,0.0,0.00032,0.0772,1.0,0.0638,1,0.00013,0.01424,0.00035,0.08638,0.0008399999999999,0.0091799999999999,-0.0083399999999999,0.00055,0.17491,0.00035,0.08771,0.16151,0.0105099999999999,0.151
2669,CVE-2025-20128,2025-01-22,CVE-2025-0401,2025-04-03,2,0.05,0.00046,0.1923,1.0,0.00045,0.1772,0.0,0.0151,1,0.00046,0.1928,0.00045,0.17795,0.0005,0.00075,-0.00025,0.00043,0.11722,0.00045,0.17973,-0.07508,0.00253,-0.07761
2680,CVE-2025-20169,2025-02-06,CVE-2025-20172,2025-05-06,3,0.05,0.00044,0.15621,0.0,0.00044,0.15621,0.0,0.0,1,0.00044,0.15643,0.00044,0.15643,0.00022,0.00022,0.0,0.00044,0.16098,0.00044,0.16098,0.00477,0.00477,0.0
2681,CVE-2025-20170,2025-02-06,CVE-2025-20172,2025-05-06,3,0.05,0.00044,0.15621,0.0,0.00044,0.15621,0.0,0.0,1,0.00044,0.15643,0.00044,0.15643,0.00022,0.00022,0.0,0.00044,0.16098,0.00044,0.16098,0.00477,0.00477,0.0
2682,CVE-2025-20171,2025-02-06,CVE-2025-20172,2025-05-06,3,0.05,0.00044,0.15621,0.0,0.00044,0.15621,0.0,0.0,1,0.00044,0.15643,0.00044,0.15643,0.00022,0.00022,0.0,0.00044,0.16098,0.00044,0.16098,0.00477,0.00477,0.0
2684,CVE-2025-20178,2025-04-18,CVE-2025-30733,2025-05-19,6,0.55,9e-05,0.00565,0.0,0.00032,0.07733,0.0,0.07168,1,7e-05,0.00378,0.00041,0.11811,-0.0018699999999999,0.04078,-0.04265,8e-05,0.00447,0.00044,0.13348,-0.0011799999999999,0.0561499999999999,-0.0573299999999999
2688,CVE-2025-20229,2025-03-26,CVE-2025-24137,2025-04-29,4,0.05,0.00084,0.21362,1.0,0.00109,0.26119,0.0,0.0475699999999999,1,0.00074,0.19772,0.00109,0.26348,-0.0158999999999999,0.00229,-0.01819,0.00074,0.23314,0.00091,0.27212,0.0195199999999999,0.0109299999999999,0.0085899999999999
2711,CVE-2025-21194,2025-02-11,CVE-2025-21299,2025-04-17,2,0.05,0.00053,0.24189,1.0,0.00048,0.1989,0.0,0.04299,1,0.00053,0.24399,0.00048,0.20127,0.0021,0.00237,-0.0002699999999999,0.00053,0.24813,0.00048,0.20514,0.0062399999999999,0.0062399999999999,0.0
2721,CVE-2025-2126,2025-03-20,CVE-2025-0426,2025-05-09,3,0.1499999999999996,0.0003,0.05383,0.0,0.00031,0.05399,0.0,0.00016,1,0.00247,0.44772,0.00031,0.05287,0.39389,-0.00112,0.39501,0.00285,0.51452,0.0001,0.00728,0.46069,-0.04671,0.5074
2721,CVE-2025-2126,2025-03-20,CVE-2025-24529,2025-05-17,9,0.1500000000000005,0.0003,0.05383,0.0,0.00036,0.06747,0.0,0.01364,2,0.00247,0.44772,0.00036,0.06641,0.39389,-0.00106,0.39495,0.00285,0.51452,0.00051,0.16,0.46069,0.09253,0.36816
2721,CVE-2025-2126,2025-03-20,CVE-2025-24530,2025-05-17,10,0.1500000000000005,0.0003,0.05383,0.0,0.00036,0.06747,0.0,0.01364,3,0.00247,0.44772,0.00036,0.06641,0.39389,-0.00106,0.39495,0.00285,0.51452,0.00051,0.16,0.46069,0.09253,0.36816
2787,CVE-2025-21590,2025-03-13,CVE-2025-24784,2025-05-09,7,0.1500000000000005,0.00043,0.11935,0.0,0.00043,0.11935,0.0,0.0,1,0.05746,0.8965,0.0003,0.05156,0.77715,-0.0677899999999999,0.84494,0.05099,0.88892,0.00034,0.06604,0.7695700000000001,-0.0533099999999999,0.8228800000000001
2798,CVE-2025-2185,2025-04-25,CVE-2025-2760,2025-05-27,3,0.2500000000000001,0.00036,0.09083,0.0,0.00032,0.07716,0.0,0.0136699999999999,1,0.00036,0.09432,0.00035,0.08787,0.00349,0.0107099999999999,-0.0072199999999999,0.00036,0.09342,0.00038,0.10582,0.00259,0.0286599999999999,-0.0260699999999999
2815,CVE-2025-22228,2025-04-24,CVE-2025-2760,2025-05-27,4,0.3999999999999994,0.00048,0.14716,0.0,0.00032,0.0772,0.0,0.06996,1,0.00048,0.14789,0.00035,0.08718,0.0007299999999999,0.0099799999999999,-0.00925,0.00048,0.14832,0.00035,0.08766,0.0011599999999999,0.0104599999999999,-0.0093
2816,CVE-2025-22230,2025-03-25,CVE-2025-21756,2025-04-29,7,0.05,0.00017,0.02267,1.0,0.00016,0.01877,0.0,0.0039,1,0.00032,0.05942,0.00018,0.02667,0.03675,0.0079,0.02885,0.00013,0.01384,0.00018,0.0314,-0.00883,0.0126299999999999,-0.02146
2945,CVE-2025-23809,2025-01-22,CVE-2025-21299,2025-04-17,4,0.05,0.00043,0.11403,1.0,0.00043,0.11371,0.0,0.00032,1,0.00043,0.11437,0.00048,0.1992,0.0003399999999999,0.0854899999999999,-0.0851499999999999,0.00043,0.11722,0.00048,0.20129,0.0031899999999999,0.0875799999999999,-0.0843899999999999
2964,CVE-2025-23959,2025-01-22,CVE-2025-21299,2025-04-17,4,0.05,0.00043,0.11403,1.0,0.00043,0.11371,0.0,0.00032,1,0.00043,0.11437,0.00048,0.1992,0.0003399999999999,0.0854899999999999,-0.0851499999999999,0.00043,0.11722,0.00048,0.20129,0.0031899999999999,0.0875799999999999,-0.0843899999999999
2966,CVE-2025-23966,2025-01-22,CVE-2025-21299,2025-04-17,4,0.05,0.00043,0.11403,1.0,0.00043,0.11371,0.0,0.00032,1,0.00043,0.11437,0.00048,0.1992,0.0003399999999999,0.0854899999999999,-0.0851499999999999,0.00043,0.11722,0.00048,0.20129,0.0031899999999999,0.0875799999999999,-0.0843899999999999
2971,CVE-2025-24027,2025-01-22,CVE-2025-0298,2025-03-01,12,0.1499999999999996,0.00043,0.11403,1.0,0.00045,0.1772,0.0,0.0631699999999999,1,0.00043,0.11437,0.00045,0.17795,0.0003399999999999,0.00075,-0.00041,0.00043,0.11722,0.00045,0.17973,0.0031899999999999,0.00253,0.0006599999999999
2981,CVE-2025-24076,2025-04-16,CVE-2025-2704,2025-05-17,8,0.2500000000000001,0.00062,0.19508,0.0,0.00096,0.28228,0.0,0.0871999999999999,1,0.00072,0.22641,0.00096,0.28223,0.03133,-4.999999999999449e-05,0.0313799999999999,0.00084,0.25655,0.00105,0.29804,0.06147,0.01576,0.0457099999999999
2986,CVE-2025-24097,2025-04-01,CVE-2025-24203,2025-05-09,2,0.05,9e-05,0.0045,0.0,0.00018,0.02375,0.0,0.01925,1,9e-05,0.00393,0.00012,0.00844,-0.0005699999999999,-0.01531,0.01474,8e-05,0.00453,0.00011,0.00966,3.0000000000000512e-05,-0.01409,0.01412
2991,CVE-2025-24118,2025-01-28,CVE-2025-21299,2025-04-17,4,0.05,0.00045,0.17807,0.0,0.00048,0.19934,0.0,0.0212699999999999,1,0.00045,0.17875,0.00048,0.19921,0.0006799999999999,-0.0001299999999999,0.0008099999999999,0.00045,0.18308,0.00048,0.20405,0.0050099999999999,0.00471,0.0002999999999999
3026,CVE-2025-24279,2025-04-01,CVE-2025-24784,2025-05-09,1,0.05,0.0004,0.09067,0.0,0.0003,0.0518,0.0,0.03887,1,0.0003,0.05444,0.00034,0.066,-0.03623,0.0142,-0.05043,0.00032,0.07594,0.00034,0.085,-0.01473,0.0332,-0.04793
3112,CVE-2025-24994,2025-04-16,CVE-2025-2704,2025-05-17,8,0.2500000000000001,0.00062,0.19508,0.0,0.00096,0.28228,0.0,0.0871999999999999,1,0.00062,0.19603,0.00096,0.28223,0.00095,-4.999999999999449e-05,0.001,0.00084,0.25655,0.00105,0.29804,0.06147,0.01576,0.0457099999999999
3189,CVE-2025-25777,2025-04-25,CVE-2025-2760,2025-05-27,3,0.2500000000000001,0.00027,0.05834,0.0,0.00032,0.07716,0.0,0.01882,1,0.00024,0.0492,0.00035,0.08787,-0.00914,0.0107099999999999,-0.01985,0.00024,0.04863,0.00038,0.10582,-0.00971,0.0286599999999999,-0.0383699999999999
3198,CVE-2025-2594,2025-04-22,CVE-2025-2760,2025-05-27,8,0.3499999999999998,0.00018,0.03208,0.0,0.00032,0.07716,3.0,0.04508,1,0.00056,0.17649,0.00035,0.08637,0.14441,0.0092099999999999,0.1352,0.00053,0.16713,0.00035,0.08804,0.13505,0.0108799999999999,0.12417
3257,CVE-2025-26630,2025-03-11,CVE-2025-27158,2025-04-24,10,0.05,0.00053,0.24815,1.0,0.00053,0.24815,1.0,0.0,1,0.00073,0.19616,0.00022,0.03521,-0.05199,-0.21294,0.16095,0.00077,0.20283,0.00022,0.0352,-0.04532,-0.21295,0.16763
3257,CVE-2025-26630,2025-03-11,CVE-2025-21756,2025-04-29,12,0.05,0.00053,0.24815,1.0,0.00045,0.18339,0.0,0.06476,2,0.00073,0.19616,0.00016,0.01953,-0.05199,-0.16386,0.11187,0.00077,0.20283,0.00018,0.02663,-0.04532,-0.15676,0.11144
3291,CVE-2025-2687,2025-03-24,CVE-2025-24529,2025-05-17,9,0.1500000000000005,0.00036,0.0679,0.0,0.00036,0.06635,0.0,0.0015499999999999,1,0.00039,0.08355,0.00036,0.06807,0.0156499999999999,0.0017199999999999,0.0139299999999999,0.00039,0.10891,0.00051,0.15937,0.04101,0.09302,-0.05201
3291,CVE-2025-2687,2025-03-24,CVE-2025-24530,2025-05-17,10,0.1500000000000005,0.00036,0.0679,0.0,0.00036,0.06635,0.0,0.0015499999999999,2,0.00039,0.08355,0.00036,0.06807,0.0156499999999999,0.0017199999999999,0.0139299999999999,0.00039,0.10891,0.00051,0.15937,0.04101,0.09302,-0.05201
3291,CVE-2025-2687,2025-03-24,CVE-2025-0426,2025-05-09,3,0.1499999999999996,0.00036,0.0679,0.0,0.00031,0.05312,0.0,0.01478,3,0.00039,0.08355,0.00031,0.05392,0.0156499999999999,0.0008,0.0148499999999999,0.00039,0.10891,0.0001,0.00775,0.04101,-0.04537,0.08638
3292,CVE-2025-26870,2025-04-16,CVE-2025-30733,2025-05-19,6,0.05,0.00033,0.08039,0.0,0.00031,0.07282,0.0,0.00757,1,0.00034,0.08381,0.00034,0.08573,0.0034199999999999,0.01291,-0.00949,0.00034,0.08433,0.00041,0.11978,0.0039399999999999,0.04696,-0.04302
3292,CVE-2025-26870,2025-04-16,CVE-2025-31162,2025-05-17,10,0.1499999999999996,0.00033,0.08039,0.0,0.00014,0.01565,0.0,0.06474,2,0.00034,0.08381,0.0002,0.03799,0.0034199999999999,0.02234,-0.01892,0.00034,0.08433,0.00024,0.04857,0.0039399999999999,0.03292,-0.02898
3292,CVE-2025-26870,2025-04-16,CVE-2025-31163,2025-05-17,11,0.1499999999999996,0.00033,0.08039,0.0,0.00014,0.01565,0.0,0.06474,3,0.00034,0.08381,0.0002,0.03799,0.0034199999999999,0.02234,-0.01892,0.00034,0.08433,0.00024,0.04857,0.0039399999999999,0.03292,-0.02898
3296,CVE-2025-2689,2025-03-24,CVE-2025-24529,2025-05-17,9,0.1500000000000005,0.00041,0.0893,0.0,0.00036,0.06635,0.0,0.0229499999999999,1,0.00053,0.13213,0.00036,0.06807,0.0428299999999999,0.0017199999999999,0.0411099999999999,0.00053,0.16393,0.00051,0.15937,0.0746299999999999,0.09302,-0.01839
3296,CVE-2025-2689,2025-03-24,CVE-2025-24530,2025-05-17,10,0.1500000000000005,0.00041,0.0893,0.0,0.00036,0.06635,0.0,0.0229499999999999,2,0.00053,0.13213,0.00036,0.06807,0.0428299999999999,0.0017199999999999,0.0411099999999999,0.00053,0.16393,0.00051,0.15937,0.0746299999999999,0.09302,-0.01839
3296,CVE-2025-2689,2025-03-24,CVE-2025-0426,2025-05-09,3,0.1499999999999996,0.00041,0.0893,0.0,0.00031,0.05312,0.0,0.03618,3,0.00053,0.13213,0.00031,0.05392,0.0428299999999999,0.0008,0.0420299999999999,0.00053,0.16393,0.0001,0.00775,0.0746299999999999,-0.04537,0.12
3298,CVE-2025-2690,2025-03-24,CVE-2025-24529,2025-05-17,9,0.1500000000000005,0.00041,0.0893,0.0,0.00036,0.06635,0.0,0.0229499999999999,1,0.00038,0.08212,0.00036,0.06807,-0.00718,0.0017199999999999,-0.0089,0.00038,0.10744,0.00051,0.15937,0.0181399999999999,0.09302,-0.07488
3298,CVE-2025-2690,2025-03-24,CVE-2025-24530,2025-05-17,10,0.1500000000000005,0.00041,0.0893,0.0,0.00036,0.06635,0.0,0.0229499999999999,2,0.00038,0.08212,0.00036,0.06807,-0.00718,0.0017199999999999,-0.0089,0.00038,0.10744,0.00051,0.15937,0.0181399999999999,0.09302,-0.07488
3298,CVE-2025-2690,2025-03-24,CVE-2025-0426,2025-05-09,3,0.1499999999999996,0.00041,0.0893,0.0,0.00031,0.05312,0.0,0.03618,3,0.00038,0.08212,0.00031,0.05392,-0.00718,0.0008,-0.00798,0.00038,0.10744,0.0001,0.00775,0.0181399999999999,-0.04537,0.0635099999999999
3325,CVE-2025-27086,2025-04-22,CVE-2025-2760,2025-05-27,8,0.3499999999999998,0.00024,0.04785,0.0,0.00032,0.07716,3.0,0.02931,1,0.00066,0.20989,0.00035,0.08637,0.16204,0.0092099999999999,0.15283,0.0007,0.22032,0.00035,0.08804,0.1724699999999999,0.0108799999999999,0.16159
3333,CVE-2025-27158,2025-04-24,CVE-2025-2760,2025-05-27,2,0.0,0.0003,0.07074,0.0,0.00032,0.0772,0.0,0.00646,1,0.00023,0.04772,0.00035,0.08718,-0.02302,0.0099799999999999,-0.0329999999999999,0.00027,0.05854,0.00035,0.08766,-0.0121999999999999,0.0104599999999999,-0.0226599999999999
3356,CVE-2025-27423,2025-03-06,CVE-2025-21299,2025-04-17,2,0.05,0.00045,0.18333,0.0,0.00048,0.20478,0.0,0.0214499999999999,1,0.00045,0.18376,0.00048,0.20514,0.00043,0.0003599999999999,7.00000000000145e-05,0.0007,0.18706,0.00174,0.3569,0.00373,0.15212,-0.14839
3356,CVE-2025-27423,2025-03-06,CVE-2025-24364,2025-04-22,11,0.1000000000000005,0.00045,0.18333,0.0,0.00043,0.11847,0.0,0.0648599999999999,2,0.00045,0.18376,0.00043,0.11935,0.00043,0.0008799999999999,-0.0004499999999999,0.0007,0.18706,0.00105,0.25799,0.00373,0.1395199999999999,-0.1357899999999999
3364,CVE-2025-2748,2025-04-01,CVE-2025-1767,2025-05-09,7,0.05,0.00034,0.06454,0.0,0.00029,0.04901,0.0,0.01553,1,0.00554,0.65555,0.00029,0.04947,0.5910099999999999,0.00046,0.5905499999999999,0.01662,0.81112,0.00031,0.07328,0.7465799999999999,0.02427,0.7223099999999999
3364,CVE-2025-2748,2025-04-01,CVE-2025-25069,2025-05-08,6,0.05,0.00034,0.06454,0.0,0.00041,0.09304,0.0,0.0284999999999999,2,0.00554,0.65555,0.00041,0.09413,0.5910099999999999,0.00109,0.5899199999999999,0.01662,0.81112,0.00043,0.12728,0.7465799999999999,0.03424,0.7123399999999999
3364,CVE-2025-2748,2025-04-01,CVE-2025-30673,2025-05-17,12,0.05,0.00034,0.06454,0.0,0.00017,0.02111,0.0,0.0434299999999999,3,0.00554,0.65555,0.00054,0.13976,0.5910099999999999,0.1186499999999999,0.4723599999999999,0.01662,0.81112,0.00054,0.1708,0.7465799999999999,0.14969,0.5968899999999999
3368,CVE-2025-27487,2025-04-08,CVE-2025-26666,2025-05-10,11,0.2500000000000001,0.00078,0.20489,1.0,0.0006,0.15772,1.0,0.0471699999999999,1,0.00333,0.55213,0.00049,0.15028,0.34724,-0.00744,0.35468,0.00333,0.55408,0.00049,0.1535,0.34919,-0.00422,0.35341
3380,CVE-2025-27561,2025-04-16,CVE-2025-30346,2025-05-17,2,0.1500000000000005,0.00038,0.10474,0.0,0.00054,0.16977,0.0,0.06503,1,0.0005,0.15381,0.00059,0.18777,0.04907,0.0179999999999999,0.03107,0.0005,0.15537,0.00049,0.15444,0.05063,-0.01533,0.06596
3380,CVE-2025-27561,2025-04-16,CVE-2025-32776,2025-05-17,6,0.2500000000000001,0.00038,0.10474,0.0,0.00012,0.01205,0.0,0.09269,2,0.0005,0.15381,0.00014,0.01522,0.04907,0.0031699999999999,0.0459,0.0005,0.15537,0.00016,0.02352,0.05063,0.01147,0.03916
3390,CVE-2025-2761,2025-04-24,CVE-2025-2760,2025-05-27,2,0.0,0.00032,0.0772,0.0,0.00032,0.0772,0.0,0.0,1,0.00044,0.13036,0.00035,0.08718,0.05316,0.0099799999999999,0.04318,0.00044,0.13097,0.00035,0.08766,0.05377,0.0104599999999999,0.04331
3394,CVE-2025-2764,2025-04-23,CVE-2025-2760,2025-05-27,6,0.2500000000000001,0.00031,0.07495,1.0,0.00032,0.0772,1.0,0.00225,1,0.00017,0.02666,0.00035,0.08638,-0.04829,0.0091799999999999,-0.0574699999999999,0.00018,0.03005,0.00035,0.08771,-0.0449,0.0105099999999999,-0.0554099999999999
3439,CVE-2025-27929,2025-04-16,CVE-2025-32776,2025-05-17,6,0.2500000000000001,0.00029,0.06671,0.0,0.00012,0.01205,0.0,0.05466,1,0.00038,0.10809,0.00014,0.01522,0.04138,0.0031699999999999,0.03821,0.00038,0.10861,0.00016,0.02352,0.0418999999999999,0.01147,0.0304299999999999
3458,CVE-2025-28101,2025-04-18,CVE-2025-30733,2025-05-19,5,0.05,0.00046,0.14136,0.0,0.00032,0.07733,0.0,0.06403,1,0.00024,0.04974,0.00041,0.11811,-0.09162,0.04078,-0.1324,0.00024,0.05072,0.00044,0.13348,-0.09064,0.0561499999999999,-0.14679
3464,CVE-2025-28169,2025-04-24,CVE-2025-2760,2025-05-27,6,0.3499999999999998,0.00018,0.03222,0.0,0.00032,0.0772,0.0,0.04498,1,0.00046,0.14068,0.00035,0.08718,0.10846,0.0099799999999999,0.09848,0.00046,0.14079,0.00035,0.08766,0.10857,0.0104599999999999,0.09811
3472,CVE-2025-2851,2025-04-26,CVE-2025-2760,2025-05-27,2,0.2500000000000001,0.00027,0.05766,0.0,0.00032,0.07728,0.0,0.01962,1,0.00042,0.12607,0.00035,0.08795,0.0684099999999999,0.0106699999999999,0.0577399999999999,0.00042,0.12528,0.00038,0.10566,0.06762,0.02838,0.03924
3490,CVE-2025-29087,2025-04-08,CVE-2025-32364,2025-05-17,11,1.1,0.00018,0.02602,0.0,0.00013,0.01052,0.0,0.0155,1,0.00037,0.10135,0.00017,0.02755,0.07533,0.01703,0.0582999999999999,0.00039,0.11345,0.00019,0.03251,0.08743,0.0219899999999999,0.06544
3490,CVE-2025-29087,2025-04-08,CVE-2025-32365,2025-05-17,12,1.1,0.00018,0.02602,0.0,0.00013,0.01052,0.0,0.0155,2,0.00037,0.10135,0.00017,0.02755,0.07533,0.01703,0.0582999999999999,0.00039,0.11345,0.00019,0.03251,0.08743,0.0219899999999999,0.06544
3490,CVE-2025-29087,2025-04-08,CVE-2025-3360,2025-05-17,9,0.55,0.00018,0.02602,0.0,0.00045,0.10705,0.0,0.08103,3,0.00037,0.10135,0.00083,0.25276,0.07533,0.1457099999999999,-0.0703799999999999,0.00039,0.11345,0.00083,0.25429,0.08743,0.14724,-0.05981
3544,CVE-2025-30100,2025-04-16,CVE-2025-31162,2025-05-17,3,0.1500000000000005,0.00012,0.01135,0.0,0.00014,0.01565,0.0,0.0043,1,0.00012,0.01156,0.0002,0.03799,0.00021,0.02234,-0.02213,0.00012,0.01172,0.00024,0.04857,0.0003699999999999,0.03292,-0.03255
3544,CVE-2025-30100,2025-04-16,CVE-2025-31163,2025-05-17,4,0.1500000000000005,0.00012,0.01135,0.0,0.00014,0.01565,0.0,0.0043,2,0.00012,0.01156,0.0002,0.03799,0.00021,0.02234,-0.02213,0.00012,0.01172,0.00024,0.04857,0.0003699999999999,0.03292,-0.03255
3544,CVE-2025-30100,2025-04-16,CVE-2025-31164,2025-05-17,5,0.1500000000000005,0.00012,0.01135,0.0,0.00014,0.01565,0.0,0.0043,3,0.00012,0.01156,0.0002,0.03799,0.00021,0.02234,-0.02213,0.00012,0.01172,0.00024,0.04857,0.0003699999999999,0.03292,-0.03255
3576,CVE-2025-30401,2025-04-08,CVE-2025-1767,2025-05-09,8,0.2500000000000001,0.00043,0.10105,0.0,0.00029,0.04947,0.0,0.05158,1,0.0018,0.4033,0.00031,0.07339,0.30225,0.0239199999999999,0.27833,0.00133,0.34342,0.00031,0.07361,0.24237,0.0241399999999999,0.21823
3576,CVE-2025-30401,2025-04-08,CVE-2025-24376,2025-05-09,9,0.2500000000000001,0.00043,0.10105,0.0,0.00059,0.15544,0.0,0.0543899999999999,2,0.0018,0.4033,0.00059,0.1853,0.30225,0.0298599999999999,0.27239,0.00133,0.34342,0.00059,0.18786,0.24237,0.03242,0.20995
3576,CVE-2025-30401,2025-04-08,CVE-2025-29781,2025-05-09,11,0.2500000000000001,0.00043,0.10105,0.0,0.00015,0.01593,0.0,0.08512,3,0.0018,0.4033,0.00015,0.01999,0.30225,0.00406,0.29819,0.00133,0.34342,0.00018,0.02854,0.24237,0.01261,0.22976
3580,CVE-2025-30427,2025-04-01,CVE-2025-2581,2025-05-17,4,0.05,0.00074,0.19572,0.0,0.00101,0.25048,0.0,0.0547599999999999,1,0.00045,0.10985,0.00101,0.25097,-0.08587,0.00049,-0.08636,0.00079,0.24562,0.0011,0.30778,0.0499,0.0573,-0.0074
3583,CVE-2025-30446,2025-04-01,CVE-2025-25069,2025-05-08,2,0.05,0.00041,0.0947,0.0,0.00041,0.09304,0.0,0.00166,1,0.00039,0.08721,0.00041,0.09413,-0.00749,0.00109,-0.00858,0.00039,0.11169,0.00043,0.12728,0.0169899999999999,0.03424,-0.01725
3583,CVE-2025-30446,2025-04-01,CVE-2025-1767,2025-05-09,3,0.05,0.00041,0.0947,0.0,0.00029,0.04901,0.0,0.04569,2,0.00039,0.08721,0.00029,0.04947,-0.00749,0.00046,-0.00795,0.00039,0.11169,0.00031,0.07328,0.0169899999999999,0.02427,-0.00728
3583,CVE-2025-30446,2025-04-01,CVE-2025-24376,2025-05-09,4,0.05,0.00041,0.0947,0.0,0.00056,0.14569,0.0,0.0509899999999999,3,0.00039,0.08721,0.00059,0.15544,-0.00749,0.00975,-0.01724,0.00039,0.11169,0.00059,0.18799,0.0169899999999999,0.0423,-0.02531
3602,CVE-2025-30655,2025-04-10,CVE-2025-32414,2025-05-14,10,0.1499999999999996,0.00013,0.01001,0.0,0.00013,0.00945,0.0,0.0005599999999999,1,0.00014,0.01757,0.00017,0.02505,0.0075599999999999,0.0156,-0.00804,0.00014,0.01711,0.00036,0.0906,0.0071,0.08115,-0.07405
3602,CVE-2025-30655,2025-04-10,CVE-2025-30346,2025-05-17,11,0.1499999999999996,0.00013,0.01001,0.0,0.00036,0.07823,0.0,0.0682199999999999,2,0.00014,0.01757,0.00054,0.17076,0.0075599999999999,0.09253,-0.08497,0.00014,0.01711,0.00059,0.18877,0.0071,0.11054,-0.10344
3665,CVE-2025-31160,2025-03-29,CVE-2025-26865,2025-05-08,10,0.6500000000000001,0.00021,0.02176,0.0,0.00069,0.11737,0.0,0.09561,1,0.0002,0.02857,0.00074,0.19785,0.00681,0.08048,-0.07367,0.00046,0.13649,0.00081,0.2492,0.11473,0.13183,-0.0171
3677,CVE-2025-31201,2025-04-17,CVE-2025-30733,2025-05-19,2,0.2999999999999998,0.00046,0.13748,0.0,0.00032,0.07674,0.0,0.0607399999999999,1,0.00353,0.56745,0.00041,0.11802,0.42997,0.04128,0.38869,0.00246,0.47965,0.00044,0.13386,0.34217,0.05712,0.28505
3685,CVE-2025-31334,2025-04-05,CVE-2025-24376,2025-05-09,11,0.3499999999999998,0.00069,0.18498,0.0,0.00056,0.14712,0.0,0.03786,1,0.00075,0.19909,0.00059,0.15578,0.0141099999999999,0.00866,0.0054499999999999,0.00236,0.46571,0.00059,0.18743,0.28073,0.04031,0.24042
3685,CVE-2025-31334,2025-04-05,CVE-2025-25069,2025-05-08,9,0.3499999999999998,0.00069,0.18498,0.0,0.00041,0.09398,0.0,0.091,2,0.00075,0.19909,0.00041,0.094,0.0141099999999999,2.0000000000006124e-05,0.0140899999999999,0.00236,0.46571,0.00043,0.12678,0.28073,0.0328,0.24793
3719,CVE-2025-32018,2025-04-08,CVE-2025-26666,2025-05-10,11,0.2500000000000001,0.00034,0.06358,1.0,0.0006,0.15772,1.0,0.09414,1,0.00034,0.08476,0.00049,0.15028,0.02118,-0.00744,0.02862,0.00034,0.08533,0.00049,0.1535,0.02175,-0.00422,0.02597
3720,CVE-2025-32027,2025-04-11,CVE-2025-1390,2025-05-17,5,0.05,0.00029,0.05107,0.0,0.00021,0.03315,0.0,0.01792,1,0.00031,0.07607,0.00018,0.02993,0.025,-0.00322,0.02822,0.00031,0.075,0.00021,0.0387,0.02393,0.0055499999999999,0.01838
3720,CVE-2025-32027,2025-04-11,CVE-2025-24529,2025-05-17,10,0.3500000000000007,0.00029,0.05107,0.0,0.00051,0.13105,0.0,0.07998,2,0.00031,0.07607,0.00051,0.15997,0.025,0.02892,-0.00392,0.00031,0.075,0.00051,0.16006,0.02393,0.02901,-0.00508
3720,CVE-2025-32027,2025-04-11,CVE-2025-24530,2025-05-17,11,0.3500000000000007,0.00029,0.05107,0.0,0.00051,0.13105,0.0,0.07998,3,0.00031,0.07607,0.00051,0.15997,0.025,0.02892,-0.00392,0.00031,0.075,0.00051,0.16006,0.02393,0.02901,-0.00508
3736,CVE-2025-32242,2025-04-11,CVE-2025-24529,2025-05-17,10,0.1499999999999996,0.00038,0.08239,0.0,0.00051,0.13105,0.0,0.0486599999999999,1,0.0005,0.15411,0.00051,0.15997,0.0717199999999999,0.02892,0.0427999999999999,0.0005,0.15427,0.00051,0.16006,0.0718799999999999,0.02901,0.0428699999999999
3736,CVE-2025-32242,2025-04-11,CVE-2025-24530,2025-05-17,11,0.1499999999999996,0.00038,0.08239,0.0,0.00051,0.13105,0.0,0.0486599999999999,2,0.0005,0.15411,0.00051,0.15997,0.0717199999999999,0.02892,0.0427999999999999,0.0005,0.15427,0.00051,0.16006,0.0718799999999999,0.02901,0.0428699999999999
3736,CVE-2025-32242,2025-04-11,CVE-2025-30673,2025-05-17,7,0.05,0.00038,0.08239,0.0,0.00054,0.14028,0.0,0.0578899999999999,3,0.0005,0.15411,0.00054,0.17005,0.0717199999999999,0.02977,0.0419499999999999,0.0005,0.15427,0.00059,0.18669,0.0718799999999999,0.04641,0.0254699999999999
3793,CVE-2025-3266,2025-04-07,CVE-2025-32370,2025-05-13,6,0.1499999999999996,0.00039,0.08658,0.0,0.00033,0.06331,0.0,0.02327,1,0.00049,0.12204,0.00062,0.16384,0.0354599999999999,0.10053,-0.06507,0.00053,0.16798,0.00062,0.19717,0.0813999999999999,0.13386,-0.05246
3793,CVE-2025-3266,2025-04-07,CVE-2025-25254,2025-05-16,8,0.1499999999999996,0.00039,0.08658,0.0,0.00056,0.1471,3.0,0.06052,2,0.00049,0.12204,0.00074,0.19618,0.0354599999999999,0.0490799999999999,-0.0136199999999999,0.00053,0.16798,0.00074,0.23278,0.0813999999999999,0.0856799999999999,-0.0042799999999999
3799,CVE-2025-3267,2025-04-07,CVE-2025-1767,2025-05-09,9,0.2500000000000001,0.00026,0.04301,0.0,0.00029,0.04948,0.0,0.00647,1,0.00033,0.06068,0.00031,0.05604,0.0176699999999999,0.0065599999999999,0.01111,0.00038,0.10539,0.00031,0.07303,0.06238,0.0235499999999999,0.03883
3799,CVE-2025-3267,2025-04-07,CVE-2025-0426,2025-05-09,2,0.1499999999999996,0.00026,0.04301,0.0,0.00031,0.0549,0.0,0.0118899999999999,2,0.00033,0.06068,0.00031,0.05427,0.0176699999999999,-0.0006299999999999,0.0182999999999999,0.00038,0.10539,0.0001,0.00787,0.06238,-0.0470299999999999,0.10941
3799,CVE-2025-3267,2025-04-07,CVE-2025-29781,2025-05-09,11,0.2500000000000001,0.00026,0.04301,0.0,0.00015,0.01588,0.0,0.02713,3,0.00033,0.06068,0.00015,0.01603,0.0176699999999999,0.00015,0.0175199999999999,0.00038,0.10539,0.00018,0.02831,0.06238,0.01243,0.0499499999999999
3818,CVE-2025-32791,2025-04-17,CVE-2025-22866,2025-05-19,7,0.3499999999999998,0.00022,0.04458,0.0,8e-05,0.00447,0.0,0.04011,1,0.00025,0.05136,8e-05,0.00451,0.00678,4.0000000000000105e-05,0.00674,0.00025,0.05338,9e-05,0.00557,0.0087999999999999,0.0011,0.0076999999999999
3821,CVE-2025-32818,2025-04-24,CVE-2025-2760,2025-05-27,4,0.2999999999999998,0.00038,0.10652,0.0,0.00032,0.0772,0.0,0.02932,1,0.0005,0.15581,0.00035,0.08718,0.04929,0.0099799999999999,0.03931,0.0005,0.15567,0.00035,0.08766,0.04915,0.0104599999999999,0.03869
3856,CVE-2025-32956,2025-04-21,CVE-2025-2760,2025-05-27,9,0.2500000000000001,0.00029,0.0641,1.0,0.00032,0.0772,3.0,0.0131,1,0.00031,0.07159,0.00032,0.07657,0.0074899999999999,-0.00063,0.00812,0.0003,0.06791,0.00035,0.08821,0.0038099999999999,0.0110099999999999,-0.0071999999999999
3861,CVE-2025-3323,2025-04-07,CVE-2025-1767,2025-05-09,9,0.2500000000000001,0.00026,0.04301,0.0,0.00029,0.04948,0.0,0.00647,1,0.00028,0.04757,0.00031,0.05604,0.00456,0.0065599999999999,-0.0019999999999999,0.00028,0.06238,0.00031,0.07303,0.01937,0.0235499999999999,-0.0041799999999999
3861,CVE-2025-3323,2025-04-07,CVE-2025-0426,2025-05-09,2,0.1499999999999996,0.00026,0.04301,0.0,0.00031,0.0549,0.0,0.0118899999999999,2,0.00028,0.04757,0.00031,0.05427,0.00456,-0.0006299999999999,0.00519,0.00028,0.06238,0.0001,0.00787,0.01937,-0.0470299999999999,0.0663999999999999
3861,CVE-2025-3323,2025-04-07,CVE-2025-29781,2025-05-09,11,0.2500000000000001,0.00026,0.04301,0.0,0.00015,0.01588,0.0,0.02713,3,0.00028,0.04757,0.00015,0.01603,0.00456,0.00015,0.00441,0.00028,0.06238,0.00018,0.02831,0.01937,0.01243,0.0069399999999999
3862,CVE-2025-3324,2025-04-07,CVE-2025-0426,2025-05-09,2,0.1499999999999996,0.00034,0.06461,0.0,0.00031,0.0549,0.0,0.00971,1,0.00036,0.07078,0.00031,0.05427,0.0061699999999999,-0.0006299999999999,0.0067999999999999,0.00036,0.09158,0.0001,0.00787,0.0269699999999999,-0.0470299999999999,0.0739999999999999
3862,CVE-2025-3324,2025-04-07,CVE-2025-1767,2025-05-09,9,0.2500000000000001,0.00034,0.06461,0.0,0.00029,0.04948,0.0,0.0151299999999999,2,0.00036,0.07078,0.00031,0.05604,0.0061699999999999,0.0065599999999999,-0.00039,0.00036,0.09158,0.00031,0.07303,0.0269699999999999,0.0235499999999999,0.0034199999999999
3862,CVE-2025-3324,2025-04-07,CVE-2025-25069,2025-05-08,8,0.2500000000000001,0.00034,0.06461,0.0,0.00041,0.09402,0.0,0.02941,3,0.00036,0.07078,0.00041,0.09326,0.0061699999999999,-0.00076,0.00693,0.00036,0.09158,0.00043,0.12693,0.0269699999999999,0.0329099999999999,-0.0059399999999999
3864,CVE-2025-3330,2025-04-07,CVE-2025-32370,2025-05-13,6,0.1499999999999996,0.00028,0.04737,0.0,0.00033,0.06331,0.0,0.01594,1,0.0003,0.05288,0.00062,0.16384,0.00551,0.10053,-0.09502,0.0003,0.06856,0.00062,0.19717,0.0211899999999999,0.13386,-0.11267
3864,CVE-2025-3330,2025-04-07,CVE-2025-25254,2025-05-16,8,0.1499999999999996,0.00028,0.04737,0.0,0.00056,0.1471,3.0,0.09973,2,0.0003,0.05288,0.00074,0.19618,0.00551,0.0490799999999999,-0.0435699999999999,0.0003,0.06856,0.00074,0.23278,0.0211899999999999,0.0856799999999999,-0.0644899999999999
3865,CVE-2025-3331,2025-04-07,CVE-2025-32370,2025-05-13,6,0.1499999999999996,0.00028,0.04737,0.0,0.00033,0.06331,0.0,0.01594,1,0.0003,0.05288,0.00062,0.16384,0.00551,0.10053,-0.09502,0.0003,0.06856,0.00062,0.19717,0.0211899999999999,0.13386,-0.11267
3865,CVE-2025-3331,2025-04-07,CVE-2025-25254,2025-05-16,8,0.1499999999999996,0.00028,0.04737,0.0,0.00056,0.1471,3.0,0.09973,2,0.0003,0.05288,0.00074,0.19618,0.00551,0.0490799999999999,-0.0435699999999999,0.0003,0.06856,0.00074,0.23278,0.0211899999999999,0.0856799999999999,-0.0644899999999999
3866,CVE-2025-3332,2025-04-07,CVE-2025-32370,2025-05-13,6,0.1499999999999996,0.00028,0.04737,0.0,0.00033,0.06331,0.0,0.01594,1,0.0003,0.05288,0.00062,0.16384,0.00551,0.10053,-0.09502,0.0003,0.06856,0.00062,0.19717,0.0211899999999999,0.13386,-0.11267
3866,CVE-2025-3332,2025-04-07,CVE-2025-25254,2025-05-16,8,0.1499999999999996,0.00028,0.04737,0.0,0.00056,0.1471,3.0,0.09973,2,0.0003,0.05288,0.00074,0.19618,0.00551,0.0490799999999999,-0.0435699999999999,0.0003,0.06856,0.00074,0.23278,0.0211899999999999,0.0856799999999999,-0.0644899999999999
3872,CVE-2025-3364,2025-04-08,CVE-2025-31162,2025-05-17,4,0.1500000000000005,0.00012,0.0083,0.0,0.00014,0.01178,0.0,0.00348,1,0.00016,0.0217,0.00014,0.01544,0.0134,0.00366,0.00974,0.00016,0.02185,0.00024,0.04767,0.01355,0.03589,-0.02234
3872,CVE-2025-3364,2025-04-08,CVE-2025-31163,2025-05-17,5,0.1500000000000005,0.00012,0.0083,0.0,0.00014,0.01178,0.0,0.00348,2,0.00016,0.0217,0.00014,0.01544,0.0134,0.00366,0.00974,0.00016,0.02185,0.00024,0.04767,0.01355,0.03589,-0.02234
3872,CVE-2025-3364,2025-04-08,CVE-2025-31164,2025-05-17,6,0.1500000000000005,0.00012,0.0083,0.0,0.00014,0.01178,0.0,0.00348,3,0.00016,0.0217,0.00014,0.01544,0.0134,0.00366,0.00974,0.00016,0.02185,0.00024,0.04767,0.01355,0.03589,-0.02234
3877,CVE-2025-3422,2025-04-12,CVE-2025-30346,2025-05-17,2,0.05,0.00043,0.09944,0.0,0.00036,0.07786,0.0,0.02158,1,0.00048,0.14755,0.00054,0.17149,0.0481099999999999,0.09363,-0.04552,0.00048,0.14753,0.00059,0.18818,0.0480899999999999,0.1103199999999999,-0.0622299999999999
3877,CVE-2025-3422,2025-04-12,CVE-2025-32414,2025-05-14,10,0.2499999999999992,0.00043,0.09944,0.0,0.00013,0.00937,0.0,0.09007,2,0.00048,0.14755,0.00017,0.02498,0.0481099999999999,0.0156099999999999,0.0324999999999999,0.00048,0.14753,0.00036,0.09062,0.0480899999999999,0.08125,-0.03316
3878,CVE-2025-3434,2025-04-12,CVE-2025-32370,2025-05-13,2,0.05,0.00093,0.23831,0.0,0.00062,0.16445,0.0,0.0738599999999999,1,0.00123,0.32927,0.00062,0.19654,0.09096,0.0320899999999999,0.05887,0.00123,0.32793,0.00067,0.21356,0.08962,0.0491099999999999,0.04051
3878,CVE-2025-3434,2025-04-12,CVE-2025-25254,2025-05-16,1,0.0,0.00093,0.23831,0.0,0.00056,0.14682,0.0,0.0914899999999999,2,0.00123,0.32927,0.00074,0.23245,0.09096,0.0856299999999999,0.00533,0.00123,0.32793,0.00081,0.24859,0.08962,0.10177,-0.0121499999999999
3900,CVE-2025-3567,2025-04-15,CVE-2025-32364,2025-05-17,9,0.3499999999999998,0.00025,0.05169,0.0,0.00017,0.02755,0.0,0.0241399999999999,1,0.00028,0.06099,0.00017,0.02728,0.0093,-0.00027,0.00957,0.00028,0.06225,0.00028,0.06304,0.01056,0.0354899999999999,-0.0249299999999999
3900,CVE-2025-3567,2025-04-15,CVE-2025-32365,2025-05-17,10,0.3499999999999998,0.00025,0.05169,0.0,0.00017,0.02755,0.0,0.0241399999999999,2,0.00028,0.06099,0.00017,0.02728,0.0093,-0.00027,0.00957,0.00028,0.06225,0.00028,0.06304,0.01056,0.0354899999999999,-0.0249299999999999
3900,CVE-2025-3567,2025-04-15,CVE-2025-32728,2025-05-17,6,0.05,0.00025,0.05169,0.0,0.00012,0.01169,0.0,0.04,3,0.00028,0.06099,0.00016,0.02238,0.0093,0.01069,-0.0013899999999999,0.00028,0.06225,0.0003,0.0704,0.01056,0.05871,-0.04815
3901,CVE-2025-3570,2025-04-15,CVE-2025-32364,2025-05-17,8,0.8,0.00029,0.06483,0.0,0.00017,0.02755,0.0,0.0372799999999999,1,0.00029,0.06716,0.00017,0.02728,0.0023299999999999,-0.00027,0.0026,0.00029,0.06718,0.00028,0.06304,0.00235,0.0354899999999999,-0.0331399999999999
3901,CVE-2025-3570,2025-04-15,CVE-2025-32365,2025-05-17,9,0.8,0.00029,0.06483,0.0,0.00017,0.02755,0.0,0.0372799999999999,2,0.00029,0.06716,0.00017,0.02728,0.0023299999999999,-0.00027,0.0026,0.00029,0.06718,0.00028,0.06304,0.00235,0.0354899999999999,-0.0331399999999999
3901,CVE-2025-3570,2025-04-15,CVE-2025-22866,2025-05-19,10,0.8,0.00029,0.06483,0.0,8e-05,0.00447,0.0,0.06036,3,0.00029,0.06716,8e-05,0.0045,0.0023299999999999,2.9999999999999645e-05,0.0022999999999999,0.00029,0.06718,9e-05,0.00557,0.00235,0.0011,0.00125
3932,CVE-2025-3827,2025-04-21,CVE-2025-2760,2025-05-27,8,0.5,0.00028,0.06369,0.0,0.00032,0.0772,3.0,0.01351,1,0.00039,0.11174,0.00032,0.07657,0.04805,-0.00063,0.04868,0.0003,0.06918,0.00035,0.08821,0.00549,0.0110099999999999,-0.0055199999999999
4009,CVE-2025-42599,2025-04-18,CVE-2025-26817,2025-05-22,10,0.05,0.00275,0.50646,0.0,0.00404,0.59903,0.0,0.0925699999999999,1,0.003,0.52696,0.00404,0.59887,0.0204999999999999,-0.0001599999999999,0.0206599999999999,0.13861,0.93918,0.00415,0.60659,0.43272,0.00756,0.42516
4028,CVE-2025-43864,2025-04-26,CVE-2025-2760,2025-05-27,3,0.2999999999999998,0.00038,0.10553,0.0,0.00032,0.07728,0.0,0.0282499999999999,1,0.0005,0.15545,0.00035,0.08795,0.04992,0.0106699999999999,0.03925,0.0005,0.15545,0.00038,0.10566,0.04992,0.02838,0.02154
4029,CVE-2025-43865,2025-04-25,CVE-2025-2760,2025-05-27,6,0.4499999999999994,0.00017,0.02649,0.0,0.00032,0.07716,0.0,0.05067,1,0.00022,0.04525,0.00035,0.08787,0.01876,0.0107099999999999,0.00805,0.00022,0.04429,0.00038,0.10582,0.0178,0.0286599999999999,-0.0108599999999999
4033,CVE-2025-43922,2025-04-21,CVE-2025-2760,2025-05-27,10,0.3499999999999998,0.00013,0.01365,1.0,0.00032,0.0772,3.0,0.06355,1,0.00017,0.02484,0.00032,0.07657,0.01119,-0.00063,0.01182,0.00017,0.02497,0.00035,0.08821,0.0113199999999999,0.0110099999999999,0.00031
4096,CVE-2025-46252,2025-04-24,CVE-2025-2760,2025-05-27,3,0.2000000000000001,0.00027,0.05937,0.0,0.00032,0.0772,0.0,0.01783,1,0.00037,0.10115,0.00035,0.08718,0.04178,0.0099799999999999,0.0318,0.0004,0.11728,0.00035,0.08766,0.0579099999999999,0.0104599999999999,0.04745
4111,CVE-2025-46520,2025-04-25,CVE-2025-2760,2025-05-27,4,0.7000000000000002,0.00014,0.01702,0.0,0.00032,0.07716,0.0,0.06014,1,0.00015,0.02178,0.00035,0.08787,0.00476,0.0107099999999999,-0.0059499999999999,0.00015,0.02083,0.00038,0.10582,0.00381,0.0286599999999999,-0.0248499999999999
