{
  "train_loss": [
    1.114604725079103,
    0.9087594503706152,
    0.8082750473510135,
    0.6916599280454896,
    0.5867846357551488,
    0.5210686974566091,
    0.48217899072915316,
    0.40626242257316003,
    0.3387075201184912,
    0.3101978627964854,
    0.24820357862203804,
    0.22519090548369355,
    0.16257924969911322,
    0.17085659039466092,
    0.1494845165990145,
    0.11428598739175042,
    0.14043099874702006,
    0.12827751308164312,
    0.10606164672605121
  ],
  "val_loss": [
    1.03843670456033,
    0.8816737313019601,
    0.8108127430865639,
    0.8906928457711872,
    0.8314801517285799,
    0.767604344769528,
    0.7682119074620699,
    0.7414613162216387,
    0.7529767249759874,
    0.7913537347003033,
    0.8016322490416075,
    0.7769627022115808,
    0.9204501846903249,
    0.9190086675317664,
    0.8892803960724881,
    1.1043884691439176,
    1.1593756173786365,
    1.0735253323065608,
    1.0657088678134115
  ],
  "val_prauc": [
    0.5056898717848496,
    0.5978003764846364,
    0.6638637004805407,
    0.6741314741988502,
    0.6495990636354504,
    0.656627548379685,
    0.6517345837759252,
    0.6548301174967368,
    0.6539940022891619,
    0.6438201220726749,
    0.658971463629757,
    0.6365464758212048,
    0.6231788635563311,
    0.6321316695109507,
    0.636501998704392,
    0.6280710429226244,
    0.6489087592367299,
    0.6402168771009844,
    0.6405554624831313
  ],
  "val_f1": [
    0.3979591836734694,
    0.4955357142857143,
    0.5885885885885885,
    0.4499054820415879,
    0.5483870967741935,
    0.5359801488833746,
    0.5662650602409639,
    0.5509641873278237,
    0.5760517799352751,
    0.6,
    0.597864768683274,
    0.615916955017301,
    0.6058394160583942,
    0.5886792452830188,
    0.5813148788927336,
    0.5593869731800766,
    0.5950413223140496,
    0.5992217898832685,
    0.6030534351145038
  ]
}