{
  "train_loss": [
    1.0858518975702198,
    0.9163869714195078,
    0.8119198014451698,
    0.7376639047129587,
    0.6874218637293036,
    0.6558031366968696,
    0.5486678740178997,
    0.4923594044521451,
    0.46985153142701497,
    0.4033760277723724,
    0.3643145821565254,
    0.33822675879028713,
    0.34751643907194113,
    0.22211628626312382,
    0.20401146886235272,
    0.17093243360498242,
    0.15120690701719883,
    0.13449669255748053,
    0.10487367189224725,
    0.09261583231074672,
    0.06666429990648547,
    0.0707175960415043,
    0.057806774661333875,
    0.08607799439183013,
    0.06090733500902636,
    0.047000737038946354,
    0.05993963489775276,
    0.0833905011283853,
    0.05738672580801821,
    0.05235433310272955,
    0.042643900795775895,
    0.045640170824795365,
    0.03469244662127577,
    0.04950285823021907,
    0.051052538111806905,
    0.05469428254871838,
    0.0569199444287485,
    0.037017892634863034,
    0.027679346724322717,
    0.02350510752765703,
    0.03131446925140773,
    0.042670910024360804,
    0.027053048229721422,
    0.036437386495001854,
    0.02053420532109323,
    0.032462809652098586,
    0.023229518723548444
  ],
  "val_loss": [
    0.9837979470428667,
    0.7855894189131888,
    0.7317279122377697,
    0.7940364440805033,
    0.8095163702964783,
    0.77376589179039,
    0.7673315672498,
    1.0896496261028867,
    1.1145015864780075,
    1.0337109165756326,
    1.0287594693271738,
    1.225232886640649,
    1.2019624176778292,
    1.6947317044985921,
    1.632236151710937,
    2.0391619970139705,
    1.7570148871133202,
    2.2593572186796287,
    2.22449948128901,
    2.449543208864174,
    2.613245229187765,
    2.6379452669306804,
    3.051692221117647,
    2.5961042391626457,
    3.399127258281959,
    3.333982679012575,
    2.900953859090805,
    3.210985862895062,
    3.4947084815878617,
    3.794586067725169,
    3.320683584793618,
    3.419897220244533,
    3.165124879463723,
    3.4902774364148317,
    3.1141860390964307,
    3.4182866247076737,
    3.458061207281916,
    3.674261500960902,
    3.718200227931926,
    3.9299778350089727,
    4.249879292751613,
    4.135545643536668,
    4.173189286338656,
    4.063467390443149,
    4.1474033750985795,
    4.091587519175128,
    4.060879526169677
  ],
  "val_prauc": [
    0.5477632923847391,
    0.5906186803584861,
    0.6067225094985029,
    0.6296572456761076,
    0.6125037428845125,
    0.639086212888888,
    0.6550707255410976,
    0.6412008954251152,
    0.6218768525037313,
    0.6292853500476554,
    0.6348750856351743,
    0.6061035867357495,
    0.6292614141243109,
    0.6225589664582439,
    0.6383634073239791,
    0.6519509805770292,
    0.628434588381388,
    0.6284864565051105,
    0.6493630221177752,
    0.6497955511538729,
    0.6568913809390654,
    0.6622535732741893,
    0.6648829007847102,
    0.6447077072242215,
    0.6532570512670167,
    0.6430713552209519,
    0.6520259424541371,
    0.6559272919322693,
    0.6771935110485358,
    0.6718832814123094,
    0.666810960451743,
    0.6815525059946015,
    0.6632540196168764,
    0.6755177067005129,
    0.656685514928253,
    0.6712223746166098,
    0.6675215379630094,
    0.6715707196364122,
    0.6790293461136507,
    0.6750473243844712,
    0.6643293598224822,
    0.6739055914749073,
    0.6696113386315666,
    0.6708971662666143,
    0.6696203845688357,
    0.6694398637875786,
    0.6660103959162516
  ],
  "val_f1": [
    0.4782608695652174,
    0.5652173913043478,
    0.5889212827988338,
    0.6192468619246861,
    0.5796178343949044,
    0.6032786885245902,
    0.5907692307692308,
    0.6320346320346321,
    0.6134453781512605,
    0.6412213740458015,
    0.6086956521739131,
    0.604982206405694,
    0.6199261992619927,
    0.6130268199233716,
    0.6130268199233716,
    0.6609442060085837,
    0.6183206106870229,
    0.6299212598425197,
    0.6294820717131474,
    0.628099173553719,
    0.6285714285714286,
    0.622568093385214,
    0.6,
    0.6219081272084805,
    0.6133333333333333,
    0.6147540983606558,
    0.611764705882353,
    0.6229508196721312,
    0.6339285714285714,
    0.6194690265486725,
    0.5991561181434599,
    0.6382978723404256,
    0.6561264822134387,
    0.6359832635983264,
    0.6192170818505338,
    0.6254826254826255,
    0.6341463414634146,
    0.6527196652719666,
    0.639344262295082,
    0.6363636363636364,
    0.6276150627615062,
    0.6293103448275862,
    0.635593220338983,
    0.6329113924050633,
    0.6386554621848739,
    0.6333333333333333,
    0.6255144032921811
  ]
}