{
  "train_loss": [
    0.9151187579740178,
    0.7208724055777896,
    0.6171709820628166,
    0.5843026185916229,
    0.4786754734814167,
    0.4267454552887516,
    0.37584245746785944,
    0.3417532082054425,
    0.3056873178786852,
    0.2656728979411789,
    0.2992235341490331,
    0.22346414587545124,
    0.19640756516971372,
    0.20843193748838862,
    0.12351340427730148,
    0.09339933415520302,
    0.09898740801608338,
    0.09206124523618862,
    0.06469216659090969,
    0.11357349490969103,
    0.05976078043452369,
    0.0742320575640902,
    0.046673702195551996
  ],
  "val_loss": [
    0.9522720251820589,
    1.4159087577932759,
    0.7572443391147413,
    1.2885473103899705,
    0.950233803767907,
    1.542023823449486,
    1.5004191357446344,
    1.9631604328751564,
    1.4432531971680491,
    3.4506881641910265,
    1.421671776395095,
    4.1334407683461905,
    2.3606554238419784,
    3.6438919446970286,
    4.946624009624908,
    3.659185228673251,
    4.430206376471017,
    4.856441811217289,
    4.529476670450286,
    2.885268334495394,
    4.414166364818811,
    4.8370814615566475,
    4.686643434002211
  ],
  "val_prauc": [
    0.6077992353505919,
    0.630030128398354,
    0.6891787326907378,
    0.6983156994132487,
    0.6782647309798332,
    0.6830471770799178,
    0.6864133932856756,
    0.7300977219408114,
    0.6644964925469686,
    0.6532018401959819,
    0.6513784250450173,
    0.6952327777975472,
    0.622887038239433,
    0.6597072678237728,
    0.6706924697206719,
    0.6518341736773325,
    0.6914498480187395,
    0.6384291494356904,
    0.6621304195949884,
    0.6886362376952809,
    0.6665634240085229,
    0.656502885944141,
    0.6723591466100094
  ],
  "val_f1": [
    0.5803571428571429,
    0.4444444444444444,
    0.664,
    0.593607305936073,
    0.6539923954372624,
    0.6212121212121212,
    0.6428571428571429,
    0.5858585858585859,
    0.5878378378378378,
    0.5263157894736842,
    0.5993031358885017,
    0.5081081081081081,
    0.6030534351145038,
    0.5053763440860215,
    0.5380710659898477,
    0.6079295154185022,
    0.5454545454545454,
    0.5592417061611374,
    0.5925925925925926,
    0.616,
    0.5687203791469194,
    0.5471698113207547,
    0.5674418604651162
  ]
}