{
  "train_loss": [
    0.8195047797635198,
    0.3168294074479491,
    0.250134259762126,
    0.07490877583331894,
    0.07793606692666799,
    0.07402600827444986,
    0.1700775322861773,
    0.027795468020531188,
    0.023563480163852547,
    0.020377534068074965,
    0.005517535976605359,
    0.0025980447805068253,
    0.00728294851248279,
    0.0015857163588577805,
    0.0027631440978097997,
    0.012530800551837728,
    0.000875059206515516,
    0.006108509792650807,
    0.0007073421717734618,
    0.012140929388610288,
    0.0026606145271443893,
    0.0006016703768125353,
    0.0022582586676460183
  ],
  "val_loss": [
    1.1976284169427611,
    0.6204973263666034,
    0.33795990586719094,
    0.46047295076663003,
    1.3497384905315224,
    0.589557209810557,
    0.9850214634857634,
    1.1208965057603029,
    1.362063220667872,
    1.1494167055797708,
    1.3200705671230988,
    1.7387535146100324,
    1.549277359222555,
    1.1118715372320045,
    1.1978533778053722,
    1.291672283271242,
    1.689003549552046,
    1.5563009507960113,
    1.3433215729755295,
    1.5423292138901374,
    1.2685800941441865,
    1.4398741575265268,
    1.3958218831317293
  ],
  "val_prauc": [
    0.9130111370774892,
    0.9011246574098916,
    0.932428747883012,
    0.9177715572608731,
    0.9096042071821488,
    0.91335935298536,
    0.9285062000725671,
    0.9110393705469431,
    0.8894864903489377,
    0.9054444064242246,
    0.8979431841207055,
    0.8875246986757241,
    0.8869640414129017,
    0.9130977705709514,
    0.9055607460420191,
    0.9060214780334143,
    0.8945126037575649,
    0.8900552191365535,
    0.8973430872340372,
    0.889358591806501,
    0.907347208641284,
    0.9107521482682615,
    0.9065981066690593
  ],
  "val_f1": [
    0.56,
    0.835820895522388,
    0.8450704225352113,
    0.8695652173913043,
    0.7457627118644068,
    0.8656716417910447,
    0.84375,
    0.8387096774193549,
    0.7868852459016393,
    0.875,
    0.8387096774193549,
    0.7796610169491526,
    0.819672131147541,
    0.8571428571428571,
    0.8387096774193549,
    0.8571428571428571,
    0.819672131147541,
    0.8387096774193549,
    0.8571428571428571,
    0.819672131147541,
    0.84375,
    0.8571428571428571,
    0.8387096774193549
  ]
}