{
  "train_loss": [
    0.4751033015770487,
    0.27373933895389635,
    0.26159563063099833,
    0.2578441854750756,
    0.25221630469849793,
    0.24678208800678206,
    0.2412528985797769,
    0.2399118801228481,
    0.2370501034109309,
    0.23702993409911005,
    0.23471786553906923,
    0.23544637386751646,
    0.2334554441051908,
    0.23181184244775535,
    0.23092726075855813,
    0.22910381171225322,
    0.22885678199553253,
    0.2285713637524312,
    0.2282927987156528,
    0.22926154799095474,
    0.22779407307948216,
    0.22922701078771365,
    0.2274904536950116,
    0.22747236918104757,
    0.22715921205754327,
    0.22714836766371632,
    0.2262341570072245,
    0.22656242058861373,
    0.2255584344194077,
    0.22633885935243994,
    0.22639573240044095
  ],
  "val_loss": [
    0.23907017411494796,
    0.2389872143553062,
    0.22423652407120576,
    0.22778015266257254,
    0.22058247787539254,
    0.2200948612933809,
    0.22714153355495495,
    0.21518465389751576,
    0.21611623728478496,
    0.21372038375755603,
    0.2184852517463944,
    0.2149559326300567,
    0.2164140931669284,
    0.2133598125285723,
    0.21399849771775983,
    0.215217068368061,
    0.21282218502495776,
    0.21292049458927728,
    0.21636508261276918,
    0.21365114580839872,
    0.2128687354482033,
    0.21163249549201943,
    0.21211155139925805,
    0.21206002195619725,
    0.2131162144836377,
    0.21291465506973592,
    0.214210545940494,
    0.21353805403817783,
    0.21334075576371767,
    0.21267532553015786,
    0.21198265008967032
  ],
  "val_prauc": [
    0.9887385572250098,
    0.9949614106207727,
    0.99683680601528,
    0.9938043429042301,
    0.9980329059554992,
    0.9983735840996957,
    0.9988352725215737,
    0.9986486474923776,
    0.9976664993874435,
    0.9982912475538621,
    0.9976597680335741,
    0.9978485794246689,
    0.996086442482587,
    0.9985394979376935,
    0.9979559758462215,
    0.9989799187800774,
    0.9976927954953001,
    0.9976764928631101,
    0.9976052281002622,
    0.9988526082489654,
    0.9979354266922451,
    0.9984397674190508,
    0.9983302390220026,
    0.9980503115025476,
    0.9978203767648004,
    0.9979609148391784,
    0.9969559553308885,
    0.9972228861657376,
    0.9977236780961041,
    0.9977321816310145,
    0.9976194758274078
  ],
  "val_f1": [
    0.9219143576826196,
    0.973621103117506,
    0.9509803921568627,
    0.9353233830845771,
    0.9458128078817734,
    0.9588377723970944,
    0.9809523809523809,
    0.9636803874092009,
    0.9586374695863747,
    0.9586374695863747,
    0.9636803874092009,
    0.9560975609756097,
    0.9432098765432099,
    0.9586374695863747,
    0.9484029484029484,
    0.9689737470167065,
    0.9586374695863747,
    0.9636803874092009,
    0.9686746987951808,
    0.9809523809523809,
    0.9636803874092009,
    0.9636803874092009,
    0.9611650485436893,
    0.9560975609756097,
    0.9560975609756097,
    0.9586374695863747,
    0.9484029484029484,
    0.9509803921568627,
    0.9535452322738386,
    0.9509803921568627,
    0.9509803921568627
  ]
}