event_id,treated_cve,treated_event_date,control_cve,control_future_event_date,candidate_rank_static,static_distance,treated_baseline_epss,treated_baseline_percentile,treated_anchor_offset,control_baseline_epss,control_baseline_percentile,control_anchor_offset,baseline_percentile_distance,match_rank,treated_epss_plus7,treated_percentile_plus7,control_epss_plus7,control_percentile_plus7,treated_percentile_delta_plus7,control_percentile_delta_plus7,att_percentile_delta_plus7,treated_epss_plus30,treated_percentile_plus30,control_epss_plus30,control_percentile_plus30,treated_percentile_delta_plus30,control_percentile_delta_plus30,att_percentile_delta_plus30
7,CVE-2013-3900,2024-12-12,CVE-2013-4786,2025-01-21,1,2.3,0.64868,0.98006,0.0,0.36512,0.97305,0.0,0.007010000000000072,1,0.34716,0.97124,0.36512,0.97184,-0.00882000000000005,-0.0012099999999999334,-0.007610000000000117,0.08167,0.94355,0.36512,0.97207,-0.03651000000000004,-0.0009799999999999809,-0.03553000000000006
17,CVE-2016-10099,2025-04-09,CVE-2016-9138,2025-05-12,2,4.800000000000001,0.0133,0.78259,0.0,0.00788,0.71733,0.0,0.06525999999999998,1,0.0133,0.78816,0.00788,0.72537,0.005569999999999964,0.008039999999999936,-0.0024699999999999722,0.0133,0.78868,0.00788,0.72618,0.00609000000000004,0.008850000000000025,-0.0027599999999999847
17,CVE-2016-10099,2025-04-09,CVE-2016-10243,2025-05-18,1,4.750000000000001,0.0133,0.78259,0.0,0.02875,0.85127,0.0,0.06867999999999996,2,0.0133,0.78816,0.02875,0.85495,0.005569999999999964,0.0036800000000000166,0.0018899999999999473,0.0133,0.78868,0.02875,0.85544,0.00609000000000004,0.004170000000000007,0.0019200000000000328
23,CVE-2016-9497,2025-04-11,CVE-2016-10243,2025-05-18,1,1.25,0.06861,0.90533,0.0,0.02875,0.8514,0.0,0.05392999999999992,1,0.06861,0.90829,0.02875,0.85521,0.0029600000000000737,0.00380999999999998,-0.0008499999999999064,0.06861,0.90841,0.02875,0.85536,0.0030800000000000827,0.0039599999999999635,-0.0008799999999998809
29,CVE-2017-3221,2025-04-11,CVE-2017-7117,2025-05-12,1,1.3,0.02048,0.82379,0.0,0.054,0.89221,0.0,0.06841999999999993,1,0.02048,0.82836,0.054,0.89565,0.004569999999999963,0.0034399999999999986,0.0011299999999999644,0.02048,0.82861,0.05142,0.89293,0.0048199999999999354,0.0007200000000000539,0.0040999999999998815
29,CVE-2017-3221,2025-04-11,CVE-2017-14227,2025-05-17,3,2.5500000000000007,0.02048,0.82379,0.0,0.00999,0.75093,0.0,0.07286000000000004,2,0.02048,0.82836,0.00999,0.75758,0.004569999999999963,0.006650000000000045,-0.002080000000000082,0.02048,0.82861,0.01715,0.81336,0.0048199999999999354,0.062429999999999986,-0.05761000000000005
31,CVE-2017-5715,2025-03-13,CVE-2017-11882,2025-04-18,5,2.5,0.97469,0.99983,0.0,0.97419,0.99972,0.0,0.00010999999999994348,1,0.90097,0.99592,0.94384,0.99965,-0.003909999999999969,-7.00000000000145e-05,-0.0038399999999999546,0.90481,0.99596,0.94384,0.99964,-0.00387000000000004,-8.000000000008001e-05,-0.00378999999999996
31,CVE-2017-5715,2025-03-13,CVE-2017-5754,2025-04-16,1,0.0,0.97469,0.99983,0.0,0.97132,0.99894,0.0,0.0008899999999999464,2,0.90097,0.99592,0.92707,0.99757,-0.003909999999999969,-0.0013700000000000934,-0.0025399999999998757,0.90481,0.99596,0.92671,0.99746,-0.00387000000000004,-0.0014800000000000368,-0.0023900000000000032
31,CVE-2017-5715,2025-03-13,CVE-2017-0144,2025-04-23,7,3.450000000000001,0.97469,0.99983,0.0,0.96953,0.99848,0.0,0.0013499999999999623,3,0.90097,0.99592,0.94423,0.9998,-0.003909999999999969,0.0013199999999999878,-0.005229999999999957,0.90481,0.99596,0.94412,0.99976,-0.00387000000000004,0.0012799999999999478,-0.005149999999999988
32,CVE-2017-5753,2025-03-13,CVE-2017-11882,2025-04-18,5,2.5,0.97542,0.99999,0.0,0.97419,0.99972,0.0,0.00026999999999999247,1,0.94167,0.99908,0.94384,0.99965,-0.0009100000000000774,-7.00000000000145e-05,-0.0008400000000000629,0.9417,0.9991,0.94384,0.99964,-0.0008900000000000574,-8.000000000008001e-05,-0.0008099999999999774
32,CVE-2017-5753,2025-03-13,CVE-2017-5754,2025-04-16,1,0.0,0.97542,0.99999,0.0,0.97132,0.99894,0.0,0.0010499999999999954,2,0.94167,0.99908,0.92707,0.99757,-0.0009100000000000774,-0.0013700000000000934,0.00046000000000001595,0.9417,0.9991,0.92671,0.99746,-0.0008900000000000574,-0.0014800000000000368,0.0005899999999999794
32,CVE-2017-5753,2025-03-13,CVE-2017-0144,2025-04-23,7,3.450000000000001,0.97542,0.99999,0.0,0.96953,0.99848,0.0,0.0015100000000000113,3,0.94167,0.99908,0.94423,0.9998,-0.0009100000000000774,0.0013199999999999878,-0.0022300000000000653,0.9417,0.9991,0.94412,0.99976,-0.0008900000000000574,0.0012799999999999478,-0.0021700000000000053
35,CVE-2017-8083,2025-04-10,CVE-2017-13238,2025-05-17,4,2.55,0.00038,0.08386,0.0,0.00025,0.04108,0.0,0.042780000000000006,1,0.00038,0.10679,0.00025,0.05284,0.022929999999999992,0.01176,0.011169999999999992,0.00038,0.10651,0.00025,0.05294,0.02264999999999999,0.011860000000000002,0.010789999999999987
36,CVE-2017-9884,2025-04-26,CVE-2017-5705,2025-05-29,1,0.05,0.00108,0.30358,0.0,0.0011,0.30723,0.0,0.0036499999999999866,1,0.00108,0.30515,0.0011,0.3087,0.0015699999999999603,0.0014699999999999713,9.999999999998899e-05,0.00108,0.30216,0.00141,0.3539,-0.0014200000000000323,0.04666999999999999,-0.04809000000000002
38,CVE-2018-0171,2025-02-20,CVE-2018-1207,2025-04-16,1,0.05,0.74487,0.98386,0.0,0.03398,0.91461,0.0,0.06924999999999992,1,0.74487,0.98396,0.03131,0.91127,9.999999999998899e-05,-0.0033400000000000096,0.0034399999999999986,0.85271,0.99351,0.93129,0.99795,0.009650000000000047,0.08333999999999997,-0.07368999999999992
42,CVE-2018-1000045,2025-04-11,CVE-2018-4413,2025-05-24,3,2.55,0.00578,0.66432,0.0,0.00556,0.6564,0.0,0.007920000000000038,1,0.00578,0.67591,0.00556,0.6686,0.01158999999999999,0.012199999999999989,-0.0006099999999999994,0.00578,0.67631,0.00556,0.66903,0.011989999999999945,0.01263000000000003,-0.0006400000000000849
42,CVE-2018-1000045,2025-04-11,CVE-2018-4344,2025-05-24,1,0.0,0.00578,0.66432,0.0,0.00515,0.64046,0.0,0.023859999999999992,2,0.00578,0.67591,0.00515,0.6535,0.01158999999999999,0.01303999999999994,-0.0014499999999999513,0.00578,0.67631,0.00515,0.65426,0.011989999999999945,0.013799999999999923,-0.0018099999999999783
42,CVE-2018-1000045,2025-04-11,CVE-2018-16790,2025-05-17,2,0.2999999999999998,0.00578,0.66432,0.0,0.00508,0.63715,0.0,0.027170000000000027,3,0.00578,0.67591,0.00508,0.65055,0.01158999999999999,0.013399999999999967,-0.0018099999999999783,0.00578,0.67631,0.00672,0.70163,0.011989999999999945,0.06447999999999998,-0.05249000000000004
43,CVE-2018-1000046,2025-04-11,CVE-2018-4413,2025-05-24,3,2.55,0.00578,0.66432,0.0,0.00556,0.6564,0.0,0.007920000000000038,1,0.00578,0.67591,0.00556,0.6686,0.01158999999999999,0.012199999999999989,-0.0006099999999999994,0.00578,0.67631,0.00556,0.66903,0.011989999999999945,0.01263000000000003,-0.0006400000000000849
43,CVE-2018-1000046,2025-04-11,CVE-2018-4344,2025-05-24,1,0.0,0.00578,0.66432,0.0,0.00515,0.64046,0.0,0.023859999999999992,2,0.00578,0.67591,0.00515,0.6535,0.01158999999999999,0.01303999999999994,-0.0014499999999999513,0.00578,0.67631,0.00515,0.65426,0.011989999999999945,0.013799999999999923,-0.0018099999999999783
43,CVE-2018-1000046,2025-04-11,CVE-2018-16790,2025-05-17,2,0.2999999999999998,0.00578,0.66432,0.0,0.00508,0.63715,0.0,0.027170000000000027,3,0.00578,0.67591,0.00508,0.65055,0.01158999999999999,0.013399999999999967,-0.0018099999999999783,0.00578,0.67631,0.00672,0.70163,0.011989999999999945,0.06447999999999998,-0.05249000000000004
44,CVE-2018-1000047,2025-04-11,CVE-2018-0898,2025-05-16,4,4.3500000000000005,0.00968,0.74684,0.0,0.01901,0.81739,0.0,0.07055,1,0.00968,0.75365,0.01901,0.82216,0.006810000000000094,0.004770000000000052,0.0020400000000000418,0.00968,0.75383,0.01901,0.82246,0.006990000000000052,0.005070000000000019,0.0019200000000000328
44,CVE-2018-1000047,2025-04-11,CVE-2018-0899,2025-05-16,5,4.3500000000000005,0.00968,0.74684,0.0,0.01901,0.81739,0.0,0.07055,2,0.00968,0.75365,0.01901,0.82216,0.006810000000000094,0.004770000000000052,0.0020400000000000418,0.00968,0.75383,0.01901,0.82246,0.006990000000000052,0.005070000000000019,0.0019200000000000328
44,CVE-2018-1000047,2025-04-11,CVE-2018-0900,2025-05-16,6,4.3500000000000005,0.00968,0.74684,0.0,0.01901,0.81739,0.0,0.07055,3,0.00968,0.75365,0.01901,0.82216,0.006810000000000094,0.004770000000000052,0.0020400000000000418,0.00968,0.75383,0.01901,0.82246,0.006990000000000052,0.005070000000000019,0.0019200000000000328
45,CVE-2018-1000048,2025-04-11,CVE-2018-0898,2025-05-16,4,4.3500000000000005,0.00968,0.74684,0.0,0.01901,0.81739,0.0,0.07055,1,0.00968,0.75365,0.01901,0.82216,0.006810000000000094,0.004770000000000052,0.0020400000000000418,0.00968,0.75383,0.01901,0.82246,0.006990000000000052,0.005070000000000019,0.0019200000000000328
45,CVE-2018-1000048,2025-04-11,CVE-2018-0899,2025-05-16,5,4.3500000000000005,0.00968,0.74684,0.0,0.01901,0.81739,0.0,0.07055,2,0.00968,0.75365,0.01901,0.82216,0.006810000000000094,0.004770000000000052,0.0020400000000000418,0.00968,0.75383,0.01901,0.82246,0.006990000000000052,0.005070000000000019,0.0019200000000000328
45,CVE-2018-1000048,2025-04-11,CVE-2018-0900,2025-05-16,6,4.3500000000000005,0.00968,0.74684,0.0,0.01901,0.81739,0.0,0.07055,3,0.00968,0.75365,0.01901,0.82216,0.006810000000000094,0.004770000000000052,0.0020400000000000418,0.00968,0.75383,0.01901,0.82246,0.006990000000000052,0.005070000000000019,0.0019200000000000328
47,CVE-2018-10561,2025-01-29,CVE-2018-1207,2025-04-16,1,0.05,0.96379,0.99705,0.0,0.03398,0.91374,0.0,0.08331,1,0.96379,0.99707,0.03398,0.91404,2.0000000000020002e-05,0.00029999999999996696,-0.00027999999999994696,0.96379,0.9971,0.03131,0.91132,4.999999999999449e-05,-0.0024199999999999777,0.0024699999999999722
48,CVE-2018-10562,2025-01-29,CVE-2018-1207,2025-04-16,1,0.05,0.971,0.99884,0.0,0.03398,0.91374,0.0,0.08509999999999995,1,0.971,0.99885,0.03398,0.91404,1.0000000000065512e-05,0.00029999999999996696,-0.00028999999999990145,0.971,0.99887,0.03131,0.91132,3.0000000000085514e-05,-0.0024199999999999777,0.0024500000000000632
51,CVE-2018-13379,2025-01-15,CVE-2018-0171,2025-02-20,7,0.7000000000000011,0.96926,0.99832,0.0,0.74487,0.9836,0.0,0.014719999999999955,1,0.96924,0.99832,0.74487,0.98363,0.0,2.999999999997449e-05,-2.999999999997449e-05,0.96924,0.99835,0.74487,0.98382,2.999999999997449e-05,0.00021999999999999797,-0.00019000000000002348
51,CVE-2018-13379,2025-01-15,CVE-2018-1207,2025-04-16,8,0.7500000000000011,0.96926,0.99832,0.0,0.03398,0.91337,0.0,0.08494999999999997,2,0.96924,0.99832,0.03398,0.91351,0.0,0.000140000000000029,-0.000140000000000029,0.96924,0.99835,0.03398,0.91433,2.999999999997449e-05,0.0009599999999999609,-0.0009299999999999864
53,CVE-2018-16606,2025-04-16,CVE-2018-16790,2025-05-17,3,1.8999999999999997,0.00452,0.62468,0.0,0.00508,0.64995,0.0,0.025270000000000015,1,0.05789,0.89963,0.00508,0.65028,0.27495,0.00032999999999994145,0.2746200000000001,0.05789,0.89995,0.00672,0.7021,0.27527,0.05214999999999992,0.2231200000000001
53,CVE-2018-16606,2025-04-16,CVE-2018-4344,2025-05-24,2,1.5999999999999999,0.00452,0.62468,0.0,0.00515,0.65292,0.0,0.028239999999999932,2,0.05789,0.89963,0.00515,0.65321,0.27495,0.00029000000000001247,0.27466,0.05789,0.89995,0.00515,0.65474,0.27527,0.0018200000000000438,0.27344999999999997
53,CVE-2018-16606,2025-04-16,CVE-2018-4413,2025-05-24,1,1.05,0.00452,0.62468,0.0,0.00556,0.66811,0.0,0.04342999999999997,3,0.05789,0.89963,0.00556,0.66826,0.27495,0.00014999999999998348,0.27480000000000004,0.05789,0.89995,0.00556,0.66957,0.27527,0.0014600000000000168,0.27381
55,CVE-2018-17532,2025-01-29,CVE-2018-3846,2025-04-11,5,1.3,0.01462,0.86614,0.0,0.01015,0.83747,0.0,0.028669999999999973,1,0.01462,0.86648,0.01015,0.8377,0.00034000000000000696,0.00022999999999995246,0.0001100000000000545,0.01462,0.86785,0.01015,0.83921,0.0017099999999999893,0.0017399999999999638,-2.999999999997449e-05
55,CVE-2018-17532,2025-01-29,CVE-2018-3847,2025-04-11,6,1.3,0.01462,0.86614,0.0,0.00833,0.81992,0.0,0.04622000000000004,2,0.01462,0.86648,0.00833,0.82026,0.00034000000000000696,0.00034000000000000696,0.0,0.01462,0.86785,0.00833,0.82144,0.0017099999999999893,0.0015199999999999658,0.00019000000000002348
55,CVE-2018-17532,2025-01-29,CVE-2018-1207,2025-04-16,1,0.05,0.01462,0.86614,0.0,0.03398,0.91374,0.0,0.047599999999999976,3,0.01462,0.86648,0.03398,0.91404,0.00034000000000000696,0.00029999999999996696,4.0000000000040004e-05,0.01462,0.86785,0.03131,0.91132,0.0017099999999999893,-0.0024199999999999777,0.004129999999999967
56,CVE-2018-19410,2025-02-05,CVE-2018-1207,2025-04-16,1,0.05,0.04906,0.92777,0.0,0.03398,0.91404,0.0,0.01373000000000002,1,0.04906,0.92773,0.03398,0.91408,-3.999999999992898e-05,4.0000000000040004e-05,-7.999999999996898e-05,0.04906,0.92858,0.03131,0.91164,0.0008099999999999774,-0.0023999999999999577,0.003209999999999935
56,CVE-2018-19410,2025-02-05,CVE-2018-3846,2025-04-11,5,1.3,0.04906,0.92777,0.0,0.01015,0.8377,0.0,0.09006999999999998,2,0.04906,0.92773,0.01015,0.83799,-3.999999999992898e-05,0.00029000000000001247,-0.00032999999999994145,0.04906,0.92858,0.01015,0.83955,0.0008099999999999774,0.0018500000000000183,-0.001040000000000041
57,CVE-2018-20817,2024-03-18,CVE-2018-1285,2025-04-22,12,0.05,0.0099,0.83166,0.0,0.00819,0.81439,0.0,0.017270000000000008,1,0.0099,0.83185,0.00819,0.8146,0.00019000000000002348,0.00021000000000004349,-2.0000000000020002e-05,0.0099,0.83328,0.00897,0.82455,0.0016200000000000658,0.010160000000000058,-0.008539999999999992
57,CVE-2018-20817,2024-03-18,CVE-2018-1207,2025-04-16,11,0.05,0.0099,0.83166,0.0,0.01875,0.88115,0.0,0.049490000000000034,2,0.0099,0.83185,0.01875,0.88138,0.00019000000000002348,0.0002300000000000635,-4.0000000000040004e-05,0.0099,0.83328,0.01875,0.88251,0.0016200000000000658,0.0013600000000000279,0.000260000000000038
57,CVE-2018-20817,2024-03-18,CVE-2018-17532,2025-01-29,8,0.05,0.0099,0.83166,0.0,0.00572,0.77416,0.0,0.057499999999999996,3,0.0099,0.83185,0.00572,0.77446,0.00019000000000002348,0.000300000000000078,-0.0001100000000000545,0.0099,0.83328,0.00572,0.77642,0.0016200000000000658,0.0022600000000000398,-0.0006399999999999739
58,CVE-2018-3646,2025-04-11,CVE-2018-0898,2025-05-16,2,0.9499999999999995,0.05906,0.8972,0.0,0.01901,0.81739,0.0,0.07981000000000005,1,0.05906,0.90065,0.01901,0.82216,0.003449999999999953,0.004770000000000052,-0.0013200000000000989,0.05906,0.90077,0.01901,0.82246,0.003569999999999962,0.005070000000000019,-0.0015000000000000568
58,CVE-2018-3646,2025-04-11,CVE-2018-0899,2025-05-16,3,0.9499999999999995,0.05906,0.8972,0.0,0.01901,0.81739,0.0,0.07981000000000005,2,0.05906,0.90065,0.01901,0.82216,0.003449999999999953,0.004770000000000052,-0.0013200000000000989,0.05906,0.90077,0.01901,0.82246,0.003569999999999962,0.005070000000000019,-0.0015000000000000568
58,CVE-2018-3646,2025-04-11,CVE-2018-0900,2025-05-16,4,0.9499999999999995,0.05906,0.8972,0.0,0.01901,0.81739,0.0,0.07981000000000005,3,0.05906,0.90065,0.01901,0.82216,0.003449999999999953,0.004770000000000052,-0.0013200000000000989,0.05906,0.90077,0.01901,0.82246,0.003569999999999962,0.005070000000000019,-0.0015000000000000568
59,CVE-2018-3846,2025-04-11,CVE-2018-0898,2025-05-16,4,4.3500000000000005,0.02446,0.83867,0.0,0.01901,0.81739,0.0,0.021280000000000077,1,0.02446,0.84272,0.01901,0.82216,0.004049999999999998,0.004770000000000052,-0.0007200000000000539,0.01518,0.80227,0.01901,0.82246,-0.03639999999999999,0.005070000000000019,-0.04147000000000001
59,CVE-2018-3846,2025-04-11,CVE-2018-0899,2025-05-16,5,4.3500000000000005,0.02446,0.83867,0.0,0.01901,0.81739,0.0,0.021280000000000077,2,0.02446,0.84272,0.01901,0.82216,0.004049999999999998,0.004770000000000052,-0.0007200000000000539,0.01518,0.80227,0.01901,0.82246,-0.03639999999999999,0.005070000000000019,-0.04147000000000001
59,CVE-2018-3846,2025-04-11,CVE-2018-0900,2025-05-16,6,4.3500000000000005,0.02446,0.83867,0.0,0.01901,0.81739,0.0,0.021280000000000077,3,0.02446,0.84272,0.01901,0.82216,0.004049999999999998,0.004770000000000052,-0.0007200000000000539,0.01518,0.80227,0.01901,0.82246,-0.03639999999999999,0.005070000000000019,-0.04147000000000001
60,CVE-2018-3847,2025-04-11,CVE-2018-0898,2025-05-16,4,4.3500000000000005,0.01759,0.8104,0.0,0.01901,0.81739,0.0,0.006989999999999941,1,0.0071,0.70974,0.01901,0.82216,-0.10065999999999997,0.004770000000000052,-0.10543000000000002,0.00504,0.64905,0.01901,0.82246,-0.16135,0.005070000000000019,-0.16642
60,CVE-2018-3847,2025-04-11,CVE-2018-0899,2025-05-16,5,4.3500000000000005,0.01759,0.8104,0.0,0.01901,0.81739,0.0,0.006989999999999941,2,0.0071,0.70974,0.01901,0.82216,-0.10065999999999997,0.004770000000000052,-0.10543000000000002,0.00504,0.64905,0.01901,0.82246,-0.16135,0.005070000000000019,-0.16642
60,CVE-2018-3847,2025-04-11,CVE-2018-0900,2025-05-16,6,4.3500000000000005,0.01759,0.8104,0.0,0.01901,0.81739,0.0,0.006989999999999941,3,0.0071,0.70974,0.01901,0.82216,-0.10065999999999997,0.004770000000000052,-0.10543000000000002,0.00504,0.64905,0.01901,0.82246,-0.16135,0.005070000000000019,-0.16642
61,CVE-2018-3848,2025-04-11,CVE-2018-0898,2025-05-16,4,4.3500000000000005,0.02242,0.83182,0.0,0.01901,0.81739,0.0,0.014430000000000054,1,0.02242,0.83617,0.01901,0.82216,0.004349999999999965,0.004770000000000052,-0.00042000000000008697,0.01381,0.79244,0.01901,0.82246,-0.03937999999999997,0.005070000000000019,-0.04444999999999999
61,CVE-2018-3848,2025-04-11,CVE-2018-0899,2025-05-16,5,4.3500000000000005,0.02242,0.83182,0.0,0.01901,0.81739,0.0,0.014430000000000054,2,0.02242,0.83617,0.01901,0.82216,0.004349999999999965,0.004770000000000052,-0.00042000000000008697,0.01381,0.79244,0.01901,0.82246,-0.03937999999999997,0.005070000000000019,-0.04444999999999999
61,CVE-2018-3848,2025-04-11,CVE-2018-0900,2025-05-16,6,4.3500000000000005,0.02242,0.83182,0.0,0.01901,0.81739,0.0,0.014430000000000054,3,0.02242,0.83617,0.01901,0.82216,0.004349999999999965,0.004770000000000052,-0.00042000000000008697,0.01381,0.79244,0.01901,0.82246,-0.03937999999999997,0.005070000000000019,-0.04444999999999999
62,CVE-2018-3849,2025-04-11,CVE-2018-0898,2025-05-16,4,4.3500000000000005,0.02242,0.83182,0.0,0.01901,0.81739,0.0,0.014430000000000054,1,0.02242,0.83617,0.01901,0.82216,0.004349999999999965,0.004770000000000052,-0.00042000000000008697,0.01381,0.79244,0.01901,0.82246,-0.03937999999999997,0.005070000000000019,-0.04444999999999999
62,CVE-2018-3849,2025-04-11,CVE-2018-0899,2025-05-16,5,4.3500000000000005,0.02242,0.83182,0.0,0.01901,0.81739,0.0,0.014430000000000054,2,0.02242,0.83617,0.01901,0.82216,0.004349999999999965,0.004770000000000052,-0.00042000000000008697,0.01381,0.79244,0.01901,0.82246,-0.03937999999999997,0.005070000000000019,-0.04444999999999999
62,CVE-2018-3849,2025-04-11,CVE-2018-0900,2025-05-16,6,4.3500000000000005,0.02242,0.83182,0.0,0.01901,0.81739,0.0,0.014430000000000054,3,0.02242,0.83617,0.01901,0.82216,0.004349999999999965,0.004770000000000052,-0.00042000000000008697,0.01381,0.79244,0.01901,0.82246,-0.03937999999999997,0.005070000000000019,-0.04444999999999999
66,CVE-2018-8065,2023-05-31,CVE-2018-9276,2025-02-05,8,0.3499999999999998,0.9655,0.99365,0.0,0.4346,0.96808,0.0,0.02556999999999998,1,0.83308,0.97934,0.4346,0.96814,-0.014310000000000045,5.999999999994898e-05,-0.014369999999999994,0.85256,0.98037,0.5086,0.97046,-0.01328000000000007,0.0023799999999999377,-0.015660000000000007
67,CVE-2018-8639,2025-03-03,CVE-2018-16606,2025-04-16,12,1.5999999999999999,0.00071,0.33943,0.0,0.00084,0.3835,0.0,0.04407,1,0.00573,0.78224,0.00084,0.38446,0.44281000000000004,0.0009600000000000164,0.44185,0.23668,0.95535,0.00452,0.6095,0.61592,0.22600000000000003,0.38992
68,CVE-2018-9276,2025-02-05,CVE-2018-0114,2025-05-05,1,0.3499999999999998,0.811,0.98615,0.0,0.03943,0.92,0.0,0.06614999999999993,1,0.811,0.98619,0.03943,0.91998,4.0000000000040004e-05,-2.0000000000020002e-05,6.0000000000060005e-05,0.811,0.98641,0.03943,0.92091,0.000260000000000038,0.0009099999999999664,-0.0006499999999999284
88,CVE-2019-1010060,2025-04-11,CVE-2019-1367,2025-05-29,4,2.6000000000000005,0.31291,0.96403,0.0,0.87865,0.99448,0.0,0.030449999999999977,1,0.31291,0.96456,0.87865,0.99414,0.0005299999999999194,-0.00034000000000000696,0.0008699999999999264,0.31291,0.96485,0.87865,0.99424,0.0008199999999999319,-0.00024000000000001798,0.0010599999999999499
88,CVE-2019-1010060,2025-04-11,CVE-2019-2725,2025-05-13,1,0.0,0.31291,0.96403,0.0,0.94448,0.99992,0.0,0.03588999999999998,2,0.31291,0.96456,0.94448,0.9999,0.0005299999999999194,-2.0000000000020002e-05,0.0005499999999999394,0.31291,0.96485,0.9447,0.99995,0.0008199999999999319,2.999999999997449e-05,0.0007899999999999574
88,CVE-2019-1010060,2025-04-11,CVE-2019-1069,2025-05-13,2,2.250000000000001,0.31291,0.96403,0.0,0.10373,0.92497,0.0,0.039060000000000095,3,0.31291,0.96456,0.10373,0.92733,0.0005299999999999194,0.0023600000000000287,-0.0018300000000001093,0.31291,0.96485,0.10373,0.92776,0.0008199999999999319,0.00279000000000007,-0.0019700000000001383
89,CVE-2019-10652,2025-04-10,CVE-2019-0881,2025-05-16,4,0.6499999999999997,0.00829,0.72462,0.0,0.02011,0.82218,0.0,0.09755999999999998,1,0.04331,0.88258,0.02011,0.82677,0.15796,0.004589999999999983,0.15337,0.04331,0.88278,0.02011,0.82721,0.15815999999999997,0.005029999999999979,0.15313
92,CVE-2019-13024,2025-04-10,CVE-2019-1367,2025-05-29,4,1.3500000000000008,0.61921,0.98208,0.0,0.87865,0.99448,0.0,0.012400000000000078,1,0.69365,0.9852,0.87865,0.99415,0.0031200000000000117,-0.0003300000000000525,0.003450000000000064,0.69365,0.98532,0.87865,0.99425,0.0032400000000000206,-0.0002300000000000635,0.003470000000000084
92,CVE-2019-13024,2025-04-10,CVE-2019-2725,2025-05-13,3,1.3,0.61921,0.98208,0.0,0.94448,0.99992,0.0,0.017840000000000078,2,0.69365,0.9852,0.94448,0.9999,0.0031200000000000117,-2.0000000000020002e-05,0.0031400000000000317,0.69365,0.98532,0.9447,0.99995,0.0032400000000000206,2.999999999997449e-05,0.003210000000000046
92,CVE-2019-13024,2025-04-10,CVE-2019-1069,2025-05-13,1,1.050000000000001,0.61921,0.98208,0.0,0.10373,0.92495,0.0,0.0571299999999999,3,0.69365,0.9852,0.10373,0.92728,0.0031200000000000117,0.0023299999999999432,0.0007900000000000684,0.69365,0.98532,0.10373,0.92782,0.0032400000000000206,0.002869999999999928,0.0003700000000000925
97,CVE-2019-15949,2025-04-08,CVE-2019-1367,2025-05-29,4,1.3500000000000008,0.91112,0.99632,0.0,0.87865,0.99447,0.0,0.0018500000000000183,1,0.90601,0.99569,0.87865,0.99412,-0.0006300000000000194,-0.00034999999999996145,-0.000280000000000058,0.90601,0.99574,0.87865,0.99424,-0.0005800000000000249,-0.00022999999999995246,-0.0003500000000000725
97,CVE-2019-15949,2025-04-08,CVE-2019-2725,2025-05-13,3,1.3,0.91112,0.99632,0.0,0.94448,0.99992,0.0,0.0036000000000000476,2,0.90601,0.99569,0.94448,0.99988,-0.0006300000000000194,-4.0000000000040004e-05,-0.0005899999999999794,0.90601,0.99574,0.9447,0.99994,-0.0005800000000000249,2.0000000000020002e-05,-0.0006000000000000449
97,CVE-2019-15949,2025-04-08,CVE-2019-1069,2025-05-13,1,1.050000000000001,0.91112,0.99632,0.0,0.10373,0.92491,0.0,0.07140999999999997,3,0.90601,0.99569,0.10373,0.92708,-0.0006300000000000194,0.0021700000000000053,-0.0028000000000000247,0.90601,0.99574,0.10373,0.92771,-0.0005800000000000249,0.0028000000000000247,-0.0033800000000000496
99,CVE-2019-19245,2025-04-14,CVE-2019-0881,2025-05-16,1,2.3000000000000007,0.02567,0.84282,0.0,0.02011,0.82207,0.0,0.020750000000000046,1,0.10836,0.9294,0.02011,0.82687,0.08657999999999999,0.0048000000000000265,0.08177999999999996,0.10836,0.92971,0.02011,0.82752,0.08689000000000002,0.005450000000000066,0.08143999999999996
99,CVE-2019-19245,2025-04-14,CVE-2019-0959,2025-05-16,3,3.1000000000000005,0.02567,0.84282,0.0,0.04197,0.8772,0.0,0.034379999999999966,2,0.10836,0.9294,0.04197,0.8809,0.08657999999999999,0.0037000000000000366,0.08287999999999995,0.10836,0.92971,0.04197,0.88116,0.08689000000000002,0.003960000000000075,0.08292999999999995
100,CVE-2019-1937,2023-07-15,CVE-2019-1010060,2025-04-11,2,0.05,0.01127,0.82726,0.0,0.01061,0.82177,0.0,0.005489999999999995,1,0.38185,0.96704,0.01061,0.82196,0.13978000000000002,0.00019000000000002348,0.13959,0.37043,0.96679,0.01061,0.82293,0.13953000000000004,0.0011600000000000499,0.13837
100,CVE-2019-1937,2023-07-15,CVE-2019-19245,2025-04-14,1,0.0,0.01127,0.82726,0.0,0.00931,0.80889,0.0,0.018369999999999997,2,0.38185,0.96704,0.00931,0.80905,0.13978000000000002,0.000160000000000049,0.13961999999999997,0.37043,0.96679,0.00931,0.80988,0.13953000000000004,0.0009900000000000464,0.13854
100,CVE-2019-1937,2023-07-15,CVE-2019-3568,2025-05-07,5,0.05,0.01127,0.82726,0.0,0.03528,0.90303,0.0,0.07577,3,0.38185,0.96704,0.03528,0.90316,0.13978000000000002,0.00012999999999996348,0.13965000000000005,0.37043,0.96679,0.03528,0.90351,0.13953000000000004,0.00048000000000003595,0.13905
101,CVE-2019-20893,2023-05-10,CVE-2019-9531,2025-04-11,3,0.05,0.00363,0.68188,0.0,0.00422,0.70437,0.0,0.02249000000000001,1,0.00363,0.6823,0.00422,0.70485,0.00041999999999997595,0.00047999999999992493,-5.999999999994898e-05,0.00384,0.69199,0.00422,0.70602,0.010109999999999952,0.0016499999999999293,0.008460000000000023
106,CVE-2019-5736,2025-04-24,CVE-2019-1367,2025-05-29,1,1.1499999999999997,0.55518,0.97892,0.0,0.87865,0.99416,0.0,0.015240000000000031,1,0.49289,0.97629,0.87865,0.99435,-0.002630000000000021,0.00018999999999991246,-0.0028199999999999337,0.52476,0.97768,0.87865,0.99425,-0.0012400000000000189,8.999999999992347e-05,-0.0013299999999999423
108,CVE-2019-6111,2025-04-09,CVE-2019-1367,2025-05-29,2,1.8999999999999997,0.56692,0.97938,0.0,0.87865,0.99447,0.0,0.015089999999999937,1,0.56692,0.97937,0.87865,0.99413,-1.0000000000065512e-05,-0.00034000000000000696,0.00032999999999994145,0.56692,0.97964,0.87865,0.99425,0.00025999999999992696,-0.00021999999999999797,0.00047999999999992493
108,CVE-2019-6111,2025-04-09,CVE-2019-2725,2025-05-13,5,4.15,0.56692,0.97938,0.0,0.94448,0.99992,0.0,0.020540000000000003,2,0.56692,0.97937,0.94448,0.99989,-1.0000000000065512e-05,-3.0000000000085514e-05,2.0000000000020002e-05,0.56692,0.97964,0.9447,0.99994,0.00025999999999992696,2.0000000000020002e-05,0.00023999999999990695
108,CVE-2019-6111,2025-04-09,CVE-2019-1069,2025-05-13,3,2.1499999999999995,0.56692,0.97938,0.0,0.10373,0.92494,0.0,0.054440000000000044,3,0.56692,0.97937,0.10373,0.92717,-1.0000000000065512e-05,0.0022300000000000653,-0.0022400000000001308,0.56692,0.97964,0.10373,0.92778,0.00025999999999992696,0.0028400000000000647,-0.0025800000000001377
110,CVE-2019-9531,2025-04-11,CVE-2019-0881,2025-05-16,3,2.250000000000001,0.01174,0.76901,0.0,0.02011,0.82228,0.0,0.05327000000000004,1,0.01588,0.80613,0.02011,0.8269,0.03712000000000004,0.0046199999999999575,0.032500000000000084,0.01588,0.80633,0.02011,0.82722,0.03732000000000002,0.0049399999999999444,0.032380000000000075
114,CVE-2020-0238,2024-12-04,CVE-2020-14979,2025-03-11,7,0.8499999999999999,0.00042,0.05089,0.0,0.00042,0.05089,0.0,0.0,1,0.00042,0.05073,0.00042,0.05073,-0.00016000000000000042,-0.00016000000000000042,0.0,0.00042,0.04988,0.00042,0.04988,-0.001009999999999997,-0.001009999999999997,0.0
119,CVE-2020-11027,2023-06-19,CVE-2020-3259,2025-04-17,9,1.7000000000000004,0.00279,0.63837,0.0,0.00246,0.61282,0.0,0.02554999999999996,1,0.00646,0.76417,0.00246,0.61307,0.12580000000000002,0.00024999999999997247,0.12555000000000005,0.00499,0.7314,0.00246,0.61597,0.09303000000000006,0.003149999999999986,0.08988000000000007
119,CVE-2020-11027,2023-06-19,CVE-2020-11060,2023-10-09,7,1.5500000000000007,0.00279,0.63837,0.0,0.00219,0.5866,0.0,0.05176999999999998,2,0.00646,0.76417,0.00219,0.58676,0.12580000000000002,0.00015999999999993797,0.12564000000000008,0.00499,0.7314,0.00219,0.58915,0.09303000000000006,0.002549999999999941,0.09048000000000012
120,CVE-2020-11060,2023-10-09,CVE-2020-3259,2025-04-17,2,0.14999999999999963,0.00219,0.5946,0.0,0.00246,0.62181,0.0,0.027209999999999956,1,0.00219,0.59551,0.00246,0.62262,0.0009099999999999664,0.0008099999999999774,9.999999999998899e-05,0.00219,0.59684,0.00246,0.62374,0.0022400000000000198,0.0019299999999999873,0.00031000000000003247
121,CVE-2020-11560,2023-06-23,CVE-2020-14979,2025-03-11,2,0.05,0.00042,0.05675,0.0,0.00042,0.05675,0.0,0.0,1,0.00058,0.21975,0.00042,0.05699,0.163,0.00023999999999999716,0.16276000000000002,0.00058,0.22046,0.00042,0.05726,0.16371,0.0005099999999999966,0.1632
121,CVE-2020-11560,2023-06-23,CVE-2020-27786,2024-09-09,1,0.05,0.00042,0.05675,0.0,0.00043,0.07958,0.0,0.022829999999999996,2,0.00058,0.21975,0.00043,0.0795,0.163,-7.999999999999674e-05,0.16308,0.00058,0.22046,0.00043,0.07955,0.16371,-3.0000000000002247e-05,0.16374
121,CVE-2020-11560,2023-06-23,CVE-2020-1377,2025-05-16,4,0.05,0.00042,0.05675,0.0,0.00046,0.12895,0.0,0.07220000000000001,3,0.00058,0.21975,0.00046,0.1288,0.163,-0.00015000000000001124,0.16315000000000002,0.00058,0.22046,0.00046,0.1293,0.16371,0.0003499999999999892,0.16336
122,CVE-2020-11971,2025-04-11,CVE-2020-1378,2025-05-16,1,0.05,0.02084,0.82549,0.0,0.01809,0.81321,0.0,0.012279999999999958,1,0.02084,0.83009,0.01809,0.81808,0.0046000000000000485,0.004870000000000041,-0.00026999999999999247,0.02084,0.83033,0.01809,0.81827,0.0048400000000000665,0.0050600000000000644,-0.00021999999999999797
126,CVE-2020-1472,2025-03-25,CVE-2020-0601,2025-05-16,5,2.8999999999999995,0.94448,0.99991,0.0,0.93923,0.99872,0.0,0.0011899999999999133,1,0.94448,0.99991,0.93911,0.99869,0.0,-3.0000000000085514e-05,3.0000000000085514e-05,0.94448,0.99989,0.93923,0.99863,-2.0000000000020002e-05,-9.00000000000345e-05,7.00000000000145e-05
126,CVE-2020-1472,2025-03-25,CVE-2020-0609,2025-05-13,6,4.6000000000000005,0.94448,0.99991,0.0,0.86889,0.99406,0.0,0.005849999999999911,2,0.94448,0.99991,0.86889,0.99393,0.0,-0.0001300000000000745,0.0001300000000000745,0.94448,0.99989,0.86889,0.99366,-2.0000000000020002e-05,-0.00040000000000006697,0.00038000000000004697
126,CVE-2020-1472,2025-03-25,CVE-2020-0787,2025-05-13,2,2.5999999999999996,0.94448,0.99991,0.0,0.58,0.98006,0.0,0.019849999999999923,3,0.94448,0.99991,0.58,0.97997,0.0,-9.00000000000345e-05,9.00000000000345e-05,0.94448,0.99989,0.58,0.9801,-2.0000000000020002e-05,3.999999999992898e-05,-5.999999999994898e-05
127,CVE-2020-14871,2025-04-09,CVE-2020-0609,2025-05-13,1,0.1999999999999993,0.88872,0.99498,0.0,0.86889,0.99398,0.0,0.0010000000000000009,1,0.88872,0.99469,0.86889,0.99363,-0.00029000000000001247,-0.00034999999999996145,5.999999999994898e-05,0.88872,0.99476,0.86889,0.99375,-0.00021999999999999797,-0.00022999999999995246,9.99999999995449e-06
127,CVE-2020-14871,2025-04-09,CVE-2020-0601,2025-05-16,2,2.2,0.88872,0.99498,0.0,0.93911,0.9987,0.0,0.0037200000000000566,2,0.88872,0.99469,0.93911,0.9986,-0.00029000000000001247,-9.999999999998899e-05,-0.00019000000000002348,0.88872,0.99476,0.93911,0.99862,-0.00021999999999999797,-8.000000000008001e-05,-0.00013999999999991797
127,CVE-2020-14871,2025-04-09,CVE-2020-0787,2025-05-13,3,2.45,0.88872,0.99498,0.0,0.58,0.98005,0.0,0.014929999999999999,3,0.88872,0.99469,0.58,0.98004,-0.00029000000000001247,-9.99999999995449e-06,-0.000280000000000058,0.88872,0.99476,0.58751,0.98067,-0.00021999999999999797,0.0006200000000000649,-0.0008400000000000629
129,CVE-2020-15934,2024-12-19,CVE-2020-14979,2025-03-11,5,1.050000000000001,0.00043,0.10892,1.0,0.00042,0.04956,0.0,0.05936,1,0.00043,0.10929,0.00042,0.04978,0.00036999999999999533,0.00021999999999999797,0.00014999999999999736,0.00043,0.11361,0.00042,0.05085,0.00469,0.0012899999999999995,0.0034000000000000002
130,CVE-2020-18662,2025-04-11,CVE-2020-9859,2025-05-24,5,2.3000000000000007,0.00392,0.57478,0.0,0.00369,0.55972,0.0,0.015059999999999962,1,0.00381,0.58493,0.00369,0.57751,0.010149999999999992,0.017789999999999973,-0.00763999999999998,0.00381,0.5854,0.00369,0.57802,0.010620000000000074,0.018299999999999983,-0.007679999999999909
130,CVE-2020-18662,2025-04-11,CVE-2020-1377,2025-05-16,4,2.3000000000000007,0.00392,0.57478,0.0,0.00484,0.62608,0.0,0.05130000000000001,2,0.00381,0.58493,0.00484,0.64009,0.010149999999999992,0.014010000000000078,-0.0038600000000000856,0.00381,0.5854,0.00484,0.64072,0.010620000000000074,0.014639999999999986,-0.0040199999999999125
134,CVE-2020-26071,2024-11-18,CVE-2020-14979,2025-03-11,6,0.6500000000000006,0.00044,0.1177,1.0,0.00042,0.05124,0.0,0.06645999999999999,1,0.00044,0.11927,0.00042,0.05107,0.001570000000000002,-0.00017000000000000348,0.0017400000000000054,0.00044,0.12075,0.00042,0.04958,0.003049999999999997,-0.0016600000000000018,0.004709999999999999
135,CVE-2020-27124,2024-11-18,CVE-2020-1377,2025-05-16,8,0.8499999999999999,0.00049,0.20186,1.0,0.00057,0.25154,0.0,0.049679999999999974,1,0.00049,0.20362,0.00057,0.25305,0.0017599999999999838,0.0015100000000000113,0.00024999999999997247,0.00049,0.20618,0.00266,0.67188,0.0043199999999999905,0.42034000000000005,-0.41602000000000006
136,CVE-2020-2778,2024-09-09,CVE-2020-11971,2025-04-11,7,4.1,0.00111,0.45156,0.0,0.0014,0.50414,0.0,0.052580000000000016,1,0.00111,0.45207,0.0014,0.50464,0.0005100000000000104,0.0004999999999999449,1.0000000000065512e-05,0.00111,0.45207,0.0014,0.50323,0.0005100000000000104,-0.0009100000000000774,0.0014200000000000879
136,CVE-2020-2778,2024-09-09,CVE-2020-7656,2025-04-08,2,2.6999999999999993,0.00111,0.45156,0.0,0.00154,0.52421,0.0,0.07264999999999994,2,0.00111,0.45207,0.00154,0.52478,0.0005100000000000104,0.0005700000000000705,-6.0000000000060005e-05,0.00111,0.45207,0.00154,0.52225,0.0005100000000000104,-0.0019599999999999618,0.0024699999999999722
136,CVE-2020-2778,2024-09-09,CVE-2020-25860,2025-04-24,4,3.1999999999999993,0.00111,0.45156,0.0,0.00165,0.53834,0.0,0.08678000000000002,3,0.00111,0.45207,0.00165,0.53885,0.0005100000000000104,0.0005100000000000104,0.0,0.00111,0.45207,0.00165,0.53622,0.0005100000000000104,-0.0021200000000000108,0.002630000000000021
137,CVE-2020-27786,2024-09-09,CVE-2020-14979,2025-03-11,1,0.05,0.00043,0.10368,0.0,0.00042,0.05065,0.0,0.053029999999999994,1,0.00043,0.10427,0.00042,0.05088,0.0005900000000000072,0.00023000000000000104,0.00036000000000000615,0.00043,0.10522,0.00042,0.0508,0.0015399999999999997,0.00014999999999999736,0.0013900000000000023
138,CVE-2020-28398,2024-12-10,CVE-2020-14979,2025-03-11,5,1.050000000000001,0.00043,0.10788,1.0,0.00042,0.05074,0.0,0.05714,1,0.00058,0.26138,0.00042,0.04956,0.1535,-0.0011800000000000005,0.15467999999999998,0.00058,0.26267,0.00042,0.05043,0.15479,-0.0003099999999999978,0.15510000000000002
139,CVE-2020-2883,2025-01-07,CVE-2020-0601,2025-05-16,10,2.000000000000001,0.96449,0.99719,0.0,0.9708,0.99874,0.0,0.0015499999999999403,1,0.96512,0.9973,0.9708,0.99876,0.00010999999999994348,2.0000000000020002e-05,8.999999999992347e-05,0.96512,0.99734,0.97085,0.99881,0.00014999999999998348,7.00000000000145e-05,7.999999999996898e-05
139,CVE-2020-2883,2025-01-07,CVE-2020-1938,2025-04-24,2,0.05,0.96449,0.99719,0.0,0.97406,0.99966,0.0,0.0024699999999999722,2,0.96512,0.9973,0.97406,0.99966,0.00010999999999994348,0.0,0.00010999999999994348,0.96512,0.99734,0.97403,0.99966,0.00014999999999998348,0.0,0.00014999999999998348
139,CVE-2020-2883,2025-01-07,CVE-2020-25223,2025-04-24,3,0.05,0.96449,0.99719,0.0,0.97552,0.99999,0.0,0.0028000000000000247,3,0.96512,0.9973,0.97552,0.99999,0.00010999999999994348,0.0,0.00010999999999994348,0.96512,0.99734,0.97521,0.99996,0.00014999999999998348,-3.0000000000085514e-05,0.000180000000000069
143,CVE-2020-36084,2025-02-06,CVE-2020-9859,2025-05-24,12,2.3000000000000007,0.00101,0.43111,0.0,0.0007,0.33245,0.0,0.09865999999999997,1,0.00085,0.38362,0.0007,0.33236,-0.04748999999999998,-9.00000000000345e-05,-0.04739999999999994,0.00085,0.38804,0.0007,0.3369,-0.04307,0.004449999999999954,-0.04751999999999995
145,CVE-2020-5741,2023-03-03,CVE-2020-5509,2025-04-16,1,0.05,0.20713,0.96512,0.0,0.15362,0.95991,0.0,0.005209999999999937,1,0.19637,0.95477,0.00848,0.79624,-0.01034999999999997,-0.1636700000000001,0.15332000000000012,0.63053,0.97246,0.00684,0.77012,0.007340000000000013,-0.18979000000000001,0.19713000000000003
145,CVE-2020-5741,2023-03-03,CVE-2020-11060,2023-10-09,2,0.25000000000000017,0.20713,0.96512,0.0,0.26473,0.97112,0.0,0.006000000000000005,2,0.19637,0.95477,0.00219,0.58061,-0.01034999999999997,-0.39051,0.38016000000000005,0.63053,0.97246,0.00219,0.58226,0.007340000000000013,-0.38886,0.3962
145,CVE-2020-5741,2023-03-03,CVE-2020-0787,2025-05-13,10,0.6499999999999997,0.20713,0.96512,0.0,0.10723,0.94659,0.0,0.018529999999999935,3,0.19637,0.95477,0.00208,0.57016,-0.01034999999999997,-0.37643000000000004,0.36608000000000007,0.63053,0.97246,0.00172,0.52717,0.007340000000000013,-0.41942,0.42676000000000003
147,CVE-2020-7656,2025-04-08,CVE-2020-9859,2025-05-24,4,2.0,0.00281,0.48639,0.0,0.00369,0.55927,0.0,0.07288000000000006,1,0.01105,0.76831,0.00369,0.57636,0.28192000000000006,0.01708999999999994,0.2648300000000001,0.01105,0.76905,0.00369,0.57799,0.28266,0.01871999999999996,0.26394000000000006
148,CVE-2020-9236,2024-12-27,CVE-2020-14979,2025-03-11,5,1.050000000000001,0.00043,0.1094,1.0,0.00042,0.04987,0.0,0.05953,1,0.00043,0.11013,0.00042,0.04988,0.0007300000000000084,1.0000000000003062e-05,0.0007200000000000054,0.0005,0.21524,0.00042,0.05072,0.10583999999999999,0.0008500000000000035,0.10498999999999999
152,CVE-2021-20035,2025-04-17,CVE-2021-38314,2025-05-27,3,1.2500000000000002,0.26232,0.95939,0.0,0.86722,0.99356,0.0,0.034170000000000034,1,0.26232,0.95951,0.86722,0.99356,0.00012000000000000899,0.0,0.00012000000000000899,0.13926,0.93931,0.86722,0.99369,-0.020079999999999987,0.00012999999999996348,-0.02020999999999995
152,CVE-2021-20035,2025-04-17,CVE-2021-32030,2025-05-28,4,3.5500000000000007,0.26232,0.95939,0.0,0.93481,0.99808,0.0,0.03869,2,0.26232,0.95951,0.93481,0.99808,0.00012000000000000899,0.0,0.00012000000000000899,0.13926,0.93931,0.93481,0.99813,-0.020079999999999987,4.999999999999449e-05,-0.02012999999999998
153,CVE-2021-20288,2025-04-09,CVE-2021-30871,2025-05-19,3,1.9500000000000002,0.00198,0.39109,0.0,0.00143,0.3135,0.0,0.07758999999999999,1,0.00198,0.42445,0.00143,0.35768,0.03336,0.04418,-0.010819999999999996,0.00183,0.40691,0.00143,0.35847,0.01582,0.04497000000000001,-0.02915000000000001
155,CVE-2021-24499,2023-06-09,CVE-2021-32030,2025-05-28,12,0.05,0.16056,0.95152,0.0,0.68002,0.97482,0.0,0.023299999999999987,1,0.19069,0.9554,0.68002,0.97487,0.0038799999999999946,4.999999999999449e-05,0.00383,0.19069,0.95572,0.68002,0.97482,0.0041999999999999815,0.0,0.0041999999999999815
155,CVE-2021-24499,2023-06-09,CVE-2021-44529,2025-05-13,10,0.05,0.16056,0.95152,0.0,0.9503,0.98942,0.0,0.037899999999999934,2,0.19069,0.9554,0.9503,0.98948,0.0038799999999999946,6.0000000000060005e-05,0.0038199999999999346,0.19069,0.95572,0.96445,0.99347,0.0041999999999999815,0.004049999999999998,0.00014999999999998348
155,CVE-2021-24499,2023-06-09,CVE-2021-35587,2025-03-25,7,0.05,0.16056,0.95152,0.0,0.96798,0.99484,0.0,0.043319999999999914,3,0.19069,0.9554,0.96798,0.99488,0.0038799999999999946,4.0000000000040004e-05,0.0038399999999999546,0.19069,0.95572,0.96916,0.99561,0.0041999999999999815,0.0007700000000000484,0.003429999999999933
156,CVE-2021-25094,2025-04-18,CVE-2021-38314,2025-05-27,5,3.0999999999999996,0.8815,0.99427,0.0,0.86722,0.99355,0.0,0.0007199999999999429,1,0.88517,0.99448,0.86722,0.99357,0.00021000000000004349,1.999999999990898e-05,0.0001900000000001345,0.88477,0.99454,0.86722,0.99369,0.00026999999999999247,0.00013999999999991797,0.0001300000000000745
156,CVE-2021-25094,2025-04-18,CVE-2021-32030,2025-05-28,2,2.000000000000001,0.8815,0.99427,0.0,0.93481,0.99808,0.0,0.00380999999999998,2,0.88517,0.99448,0.93481,0.99808,0.00021000000000004349,0.0,0.00021000000000004349,0.88477,0.99454,0.93481,0.99814,0.00026999999999999247,6.0000000000060005e-05,0.00020999999999993246
157,CVE-2021-25646,2025-04-24,CVE-2021-32030,2025-05-28,2,1.3,0.94334,0.9994,0.0,0.93481,0.99808,0.0,0.0013199999999999878,1,0.94334,0.99942,0.93481,0.99818,2.0000000000020002e-05,9.999999999998899e-05,-7.999999999996898e-05,0.94321,0.99937,0.93443,0.99806,-2.999999999997449e-05,-2.0000000000020002e-05,-9.99999999995449e-06
157,CVE-2021-25646,2025-04-24,CVE-2021-38314,2025-05-27,3,3.750000000000001,0.94334,0.9994,0.0,0.86722,0.99356,0.0,0.005839999999999956,2,0.94334,0.99942,0.87202,0.99403,2.0000000000020002e-05,0.00046999999999997044,-0.00044999999999995044,0.94321,0.99937,0.86722,0.9937,-2.999999999997449e-05,0.000140000000000029,-0.00017000000000000348
160,CVE-2021-26414,2023-01-16,CVE-2021-31207,2025-02-19,9,1.8499999999999999,0.03083,0.83219,0.0,0.02355,0.80842,0.0,0.023769999999999958,1,0.03083,0.83246,0.02355,0.80872,0.00026999999999999247,0.00029999999999996696,-2.999999999997449e-05,0.03083,0.83353,0.02355,0.80966,0.0013400000000000079,0.0012400000000000189,9.999999999998899e-05
160,CVE-2021-26414,2023-01-16,CVE-2021-33813,2025-04-17,12,2.95,0.03083,0.83219,0.0,0.05242,0.89325,0.0,0.06106,2,0.03083,0.83246,0.05242,0.89344,0.00026999999999999247,0.00019000000000002348,7.999999999996898e-05,0.03083,0.83353,0.05242,0.89405,0.0013400000000000079,0.0008000000000000229,0.0005399999999999849
161,CVE-2021-26855,2025-01-06,CVE-2021-22986,2025-05-13,9,0.7500000000000011,0.97508,0.99992,0.0,0.97515,0.99994,0.0,2.0000000000020002e-05,1,0.97508,0.99992,0.97515,0.99995,0.0,9.99999999995449e-06,-9.99999999995449e-06,0.97508,0.99992,0.97531,0.99997,0.0,2.999999999997449e-05,-2.999999999997449e-05
161,CVE-2021-26855,2025-01-06,CVE-2021-44529,2025-05-13,10,0.7500000000000011,0.97508,0.99992,0.0,0.97395,0.99964,0.0,0.000280000000000058,2,0.97508,0.99992,0.97374,0.99959,0.0,-4.999999999999449e-05,4.999999999999449e-05,0.97508,0.99992,0.97374,0.99961,0.0,-2.999999999997449e-05,2.999999999997449e-05
161,CVE-2021-26855,2025-01-06,CVE-2021-34473,2025-02-19,1,0.0,0.97508,0.99992,0.0,0.96461,0.99723,0.0,0.002690000000000081,3,0.97508,0.99992,0.96461,0.99721,0.0,-1.999999999990898e-05,1.999999999990898e-05,0.97508,0.99992,0.96461,0.99724,0.0,1.0000000000065512e-05,-1.0000000000065512e-05
166,CVE-2021-28976,2025-04-11,CVE-2021-27101,2025-05-28,9,2.9000000000000004,0.0249,0.84029,0.0,0.02023,0.82281,0.0,0.01747999999999994,1,0.07665,0.91398,0.01639,0.80899,0.07369000000000003,-0.013820000000000054,0.08751000000000009,0.07665,0.91406,0.01452,0.79717,0.07377,-0.025639999999999996,0.09941
168,CVE-2021-30858,2025-04-19,CVE-2021-27101,2025-05-28,1,1.25,0.01171,0.77523,0.0,0.01639,0.80906,0.0,0.03383000000000003,1,0.01171,0.77506,0.01452,0.79691,-0.00017000000000000348,-0.012149999999999994,0.01197999999999999,0.01026,0.76136,0.01452,0.79774,-0.013869999999999938,-0.011319999999999997,-0.002549999999999941
169,CVE-2021-30860,2025-04-27,CVE-2021-32030,2025-05-28,2,2.3000000000000007,0.69382,0.98527,0.0,0.93481,0.99809,0.0,0.012820000000000054,1,0.69382,0.98531,0.93481,0.99811,4.0000000000040004e-05,2.0000000000020002e-05,2.0000000000020002e-05,0.69382,0.98537,0.93443,0.99807,9.999999999998899e-05,-2.0000000000020002e-05,0.00012000000000000899
171,CVE-2021-30892,2025-01-13,CVE-2021-30769,2025-05-20,2,0.05,0.0007,0.33015,0.0,0.00071,0.33154,0.0,0.0013900000000000023,1,0.0007,0.33199,0.00071,0.33338,0.0018400000000000083,0.0018400000000000083,0.0,0.0007,0.3338,0.00071,0.33514,0.0036499999999999866,0.003599999999999992,4.999999999999449e-05
171,CVE-2021-30892,2025-01-13,CVE-2021-25742,2025-03-31,11,2.3999999999999995,0.0007,0.33015,0.0,0.00087,0.39072,0.0,0.06057000000000001,2,0.0007,0.33199,0.00087,0.39228,0.0018400000000000083,0.0015600000000000058,0.00028000000000000247,0.0007,0.3338,0.00087,0.39429,0.0036499999999999866,0.003569999999999962,8.00000000000245e-05
172,CVE-2021-30970,2025-01-13,CVE-2021-30769,2025-05-20,2,0.05,0.00071,0.33076,0.0,0.00071,0.33154,0.0,0.0007800000000000029,1,0.00071,0.3326,0.00071,0.33338,0.0018400000000000083,0.0018400000000000083,0.0,0.00071,0.3344,0.00071,0.33514,0.0036399999999999766,0.003599999999999992,3.999999999998449e-05
172,CVE-2021-30970,2025-01-13,CVE-2021-25742,2025-03-31,11,2.3999999999999995,0.00071,0.33076,0.0,0.00087,0.39072,0.0,0.05996000000000001,2,0.00071,0.3326,0.00087,0.39228,0.0018400000000000083,0.0015600000000000058,0.00028000000000000247,0.00071,0.3344,0.00087,0.39429,0.0036399999999999766,0.003569999999999962,7.00000000000145e-05
173,CVE-2021-31207,2025-02-19,CVE-2021-41773,2025-05-15,7,1.2000000000000004,0.91111,0.99155,0.0,0.97289,0.99936,0.0,0.007809999999999984,1,0.91111,0.99156,0.97328,0.99952,9.99999999995449e-06,0.00015999999999993797,-0.00014999999999998348,0.93673,0.99851,0.94398,0.99972,0.006959999999999966,0.00036000000000002697,0.006599999999999939
173,CVE-2021-31207,2025-02-19,CVE-2021-26857,2025-05-02,11,1.4500000000000002,0.91111,0.99155,0.0,0.61868,0.9802,0.0,0.011350000000000082,2,0.91111,0.99156,0.54947,0.97836,9.99999999995449e-06,-0.0018399999999999528,0.0018499999999999073,0.93673,0.99851,0.072,0.90842,0.006959999999999966,-0.07177999999999995,0.07873999999999992
173,CVE-2021-31207,2025-02-19,CVE-2021-26858,2025-05-02,12,1.4500000000000002,0.91111,0.99155,0.0,0.15565,0.95955,0.0,0.03200000000000003,3,0.91111,0.99156,0.15565,0.95956,9.99999999995449e-06,9.99999999995449e-06,0.0,0.93673,0.99851,0.75018,0.98838,0.006959999999999966,0.028830000000000022,-0.021870000000000056
176,CVE-2021-33216,2025-04-16,CVE-2021-27101,2025-05-28,1,0.05,0.00841,0.73448,0.0,0.02023,0.82705,0.0,0.09256999999999993,1,0.23,0.9552,0.01639,0.80889,0.22072000000000003,-0.018159999999999954,0.23887999999999998,0.23,0.95578,0.01452,0.79757,0.22129999999999994,-0.02947999999999995,0.2507799999999999
177,CVE-2021-33813,2025-04-17,CVE-2021-30769,2025-05-20,2,2.3,0.00072,0.22786,0.0,0.00076,0.23581,0.0,0.007949999999999985,1,0.00072,0.22711,0.00076,0.2359,-0.0007500000000000007,9.000000000000674e-05,-0.0008400000000000074,0.00062,0.19875,0.00099,0.2876,-0.029109999999999997,0.05179000000000003,-0.08090000000000003
178,CVE-2021-34473,2025-02-19,CVE-2021-25646,2025-04-24,2,0.599999999999999,0.96568,0.99753,0.0,0.97277,0.99934,0.0,0.0018099999999999783,1,0.96703,0.99782,0.97327,0.99951,0.00029000000000001247,0.00017000000000000348,0.00012000000000000899,0.94183,0.9991,0.94334,0.99946,0.0015699999999999603,0.00012000000000000899,0.0014499999999999513
178,CVE-2021-34473,2025-02-19,CVE-2021-44529,2025-05-13,9,0.7500000000000011,0.96568,0.99753,0.0,0.97374,0.99962,0.0,0.0020899999999999253,2,0.96703,0.99782,0.97374,0.99961,0.00029000000000001247,-9.99999999995449e-06,0.00029999999999996696,0.94183,0.9991,0.94461,0.99995,0.0015699999999999603,0.0003300000000000525,0.0012399999999999078
178,CVE-2021-34473,2025-02-19,CVE-2021-22986,2025-05-13,8,0.7500000000000011,0.96568,0.99753,0.0,0.97525,0.99997,0.0,0.0024399999999999977,3,0.96703,0.99782,0.97525,0.99996,0.00029000000000001247,-1.0000000000065512e-05,0.000300000000000078,0.94183,0.9991,0.94485,0.99999,0.0015699999999999603,2.0000000000020002e-05,0.0015499999999999403
179,CVE-2021-34523,2025-02-19,CVE-2021-25646,2025-04-24,2,0.4999999999999993,0.95882,0.99619,0.0,0.97277,0.99934,0.0,0.003149999999999986,1,0.96111,0.99656,0.97327,0.99951,0.00036999999999998145,0.00017000000000000348,0.00019999999999997797,0.93925,0.99876,0.94334,0.99946,0.002569999999999961,0.00012000000000000899,0.002449999999999952
179,CVE-2021-34523,2025-02-19,CVE-2021-44529,2025-05-13,9,0.8500000000000008,0.95882,0.99619,0.0,0.97374,0.99962,0.0,0.003429999999999933,2,0.96111,0.99656,0.97374,0.99961,0.00036999999999998145,-9.99999999995449e-06,0.00037999999999993594,0.93925,0.99876,0.94461,0.99995,0.002569999999999961,0.0003300000000000525,0.0022399999999999087
179,CVE-2021-34523,2025-02-19,CVE-2021-22986,2025-05-13,8,0.8500000000000008,0.95882,0.99619,0.0,0.97525,0.99997,0.0,0.0037800000000000056,3,0.96111,0.99656,0.97525,0.99996,0.00036999999999998145,-1.0000000000065512e-05,0.00038000000000004697,0.93925,0.99876,0.94485,0.99999,0.002569999999999961,2.0000000000020002e-05,0.002549999999999941
180,CVE-2021-35587,2025-03-25,CVE-2021-27065,2025-05-02,8,2.3000000000000007,0.94197,0.99912,0.0,0.9434,0.99948,0.0,0.00036000000000002697,1,0.94148,0.99904,0.94326,0.99944,-7.999999999996898e-05,-4.0000000000040004e-05,-3.999999999992898e-05,0.94102,0.99891,0.94186,0.99905,-0.00021000000000004349,-0.00043000000000004146,0.00021999999999999797
180,CVE-2021-35587,2025-03-25,CVE-2021-41773,2025-05-15,10,2.5500000000000007,0.94197,0.99912,0.0,0.94398,0.99972,0.0,0.0006000000000000449,2,0.94148,0.99904,0.94398,0.99972,-7.999999999996898e-05,0.0,-7.999999999996898e-05,0.94102,0.99891,0.94398,0.99967,-0.00021000000000004349,-5.0000000000105516e-05,-0.00015999999999993797
180,CVE-2021-35587,2025-03-25,CVE-2021-44529,2025-05-13,3,0.05,0.94197,0.99912,0.0,0.94461,0.99994,0.0,0.0008200000000000429,3,0.94148,0.99904,0.94461,0.99994,-7.999999999996898e-05,0.0,-7.999999999996898e-05,0.94102,0.99891,0.94461,0.99991,-0.00021000000000004349,-3.0000000000085514e-05,-0.00017999999999995797
187,CVE-2021-40449,2025-04-18,CVE-2021-38314,2025-05-27,5,2.8,0.8233,0.99155,0.0,0.86722,0.99355,0.0,0.0020000000000000018,1,0.8233,0.99153,0.86722,0.99357,-2.0000000000020002e-05,1.999999999990898e-05,-3.999999999992898e-05,0.85095,0.99286,0.86722,0.99369,0.0013099999999999223,0.00013999999999991797,0.0011700000000000044
187,CVE-2021-40449,2025-04-18,CVE-2021-32030,2025-05-28,1,2.250000000000001,0.8233,0.99155,0.0,0.93481,0.99808,0.0,0.006529999999999925,2,0.8233,0.99153,0.93481,0.99808,-2.0000000000020002e-05,0.0,-2.0000000000020002e-05,0.85095,0.99286,0.93481,0.99814,0.0013099999999999223,6.0000000000060005e-05,0.0012499999999998623
188,CVE-2021-41379,2021-11-23,CVE-2021-26414,2023-01-16,8,0.7000000000000002,0.06701,0.91310427,0.0,0.06701,0.91310427,0.0,0.0,1,0.06701,0.913038426,0.06701,0.913038426,-6.58440000000926e-05,-6.58440000000926e-05,0.0,0.24372,0.980719778,0.06701,0.913720373,0.06761550799999994,0.0006161029999999235,0.06699940500000001
188,CVE-2021-41379,2021-11-23,CVE-2021-31207,2025-02-19,10,1.1499999999999997,0.06701,0.91310427,0.0,0.76085,0.998808938,0.0,0.08570466799999998,2,0.06701,0.913038426,0.76085,0.998812106,-6.58440000000926e-05,3.167999999997839e-06,-6.901200000009045e-05,0.24372,0.980719778,0.76085,0.998783902,0.06761550799999994,-2.503600000003381e-05,0.06764054399999997
190,CVE-2021-42291,2023-01-16,CVE-2021-28976,2025-04-11,5,0.3499999999999998,0.0115,0.5976,0.0,0.01156,0.60717,0.0,0.009569999999999967,1,0.0115,0.59791,0.01156,0.60738,0.00031000000000003247,0.00021000000000004349,9.999999999998899e-05,0.0115,0.59977,0.01156,0.60932,0.0021700000000000053,0.0021499999999999853,2.0000000000020002e-05
191,CVE-2021-44228,2021-12-20,CVE-2021-22986,2025-05-13,12,0.24999999999999928,0.92515,0.999771153,0.0,0.3817,0.992181044,0.0,0.0075901090000000115,1,0.936,0.999823562,0.3817,0.992249332,5.2409000000031014e-05,6.828800000002744e-05,-1.5878999999996424e-05,0.936,0.999526568,0.3817,0.981324363,-0.00024458500000001937,-0.010856680999999924,0.010612095999999904
194,CVE-2021-44567,2025-04-11,CVE-2021-27101,2025-05-28,3,0.05,0.02631,0.8447,0.0,0.02023,0.82281,0.0,0.021889999999999965,1,0.01678,0.81135,0.01639,0.80899,-0.03334999999999999,-0.013820000000000054,-0.019529999999999936,0.01678,0.8116,0.01452,0.79717,-0.03310000000000002,-0.025639999999999996,-0.007460000000000022
195,CVE-2021-45046,2021-12-14,CVE-2021-24499,2023-06-09,6,0.8500000000000008,0.05553,0.889186877,1.0,0.02742,0.807796129,0.0,0.08139074800000001,1,0.78869,0.998945643,0.02742,0.808691455,0.10975876600000001,0.0008953259999999741,0.10886344000000003,0.81768,0.998611511,0.02742,0.627872359,0.10942463400000002,-0.17992376999999993,0.28934840399999995
196,CVE-2021-45105,2021-12-18,CVE-2021-31207,2025-02-19,7,0.7499999999999993,0.20412,0.978519074,3.0,0.76085,0.998790672,0.0,0.020271598000000002,1,0.23892,0.980197769,0.76085,0.99878607,0.0016786949999999523,-4.602000000075712e-06,0.001683297000000028,0.2813,0.964164589,0.76085,0.997593516,-0.014354485000000028,-0.0011971560000000325,-0.013157328999999995
196,CVE-2021-45105,2021-12-18,CVE-2021-26414,2023-01-16,9,1.1000000000000005,0.20412,0.978519074,3.0,0.06701,0.913768522,0.0,0.06475055200000002,2,0.23892,0.980197769,0.06701,0.913747755,0.0016786949999999523,-2.076699999997711e-05,0.0016994619999999294,0.2813,0.964164589,0.24372,0.954264339,-0.014354485000000028,0.040495816999999934,-0.05485030199999996
206,CVE-2022-20649,2024-11-15,CVE-2022-38028,2025-04-17,6,0.3499999999999998,0.00063,0.28809,1.0,0.00051,0.21213,0.0,0.07596,1,0.00063,0.28921,0.00051,0.21399,0.0011200000000000099,0.0018600000000000005,-0.0007399999999999907,0.00063,0.29373,0.00051,0.21937,0.005639999999999978,0.0072399999999999964,-0.001600000000000018
210,CVE-2022-21907,2023-07-07,CVE-2022-42889,2025-04-18,6,0.0,0.94965,0.98945,0.0,0.87635,0.98155,0.0,0.007900000000000018,1,0.91234,0.98428,0.84011,0.97999,-0.005170000000000008,-0.0015600000000000058,-0.003610000000000002,0.8988,0.98329,0.83442,0.97987,-0.006160000000000054,-0.0016800000000000148,-0.0044800000000000395
210,CVE-2022-21907,2023-07-07,CVE-2022-35914,2024-05-19,4,0.0,0.94965,0.98945,0.0,0.97328,0.99802,0.0,0.008569999999999967,2,0.91234,0.98428,0.97399,0.99865,-0.005170000000000008,0.0006300000000000194,-0.005800000000000027,0.8988,0.98329,0.97389,0.99863,-0.006160000000000054,0.0006099999999999994,-0.006770000000000054
210,CVE-2022-21907,2023-07-07,CVE-2022-37061,2025-04-16,5,0.0,0.94965,0.98945,0.0,0.97496,0.99956,0.0,0.010109999999999952,3,0.91234,0.98428,0.97383,0.99851,-0.005170000000000008,-0.0010499999999999954,-0.0041200000000000125,0.8988,0.98329,0.97377,0.99854,-0.006160000000000054,-0.0010200000000000209,-0.005140000000000033
211,CVE-2022-22126,2025-04-11,CVE-2022-34707,2025-05-16,7,1.9500000000000002,0.00228,0.42836,0.0,0.0017,0.35085,0.0,0.07751000000000002,1,0.00228,0.45693,0.0017,0.3928,0.028569999999999984,0.04194999999999999,-0.013380000000000003,0.00228,0.45632,0.00194,0.41891,0.027959999999999985,0.06806000000000001,-0.040100000000000025
211,CVE-2022-22126,2025-04-11,CVE-2022-27779,2025-05-13,2,0.7999999999999998,0.00228,0.42836,0.0,0.00166,0.34537,0.0,0.08299000000000001,2,0.00228,0.45693,0.00166,0.38764,0.028569999999999984,0.042269999999999974,-0.01369999999999999,0.00228,0.45632,0.00166,0.38659,0.027959999999999985,0.04121999999999998,-0.013259999999999994
211,CVE-2022-22126,2025-04-11,CVE-2022-35768,2025-05-16,8,1.9500000000000002,0.00228,0.42836,0.0,0.00165,0.34398,0.0,0.08438000000000001,3,0.00228,0.45693,0.00165,0.3864,0.028569999999999984,0.04242000000000001,-0.013850000000000029,0.00228,0.45632,0.00188,0.41262,0.027959999999999985,0.06863999999999998,-0.040679999999999994
212,CVE-2022-22536,2025-04-02,CVE-2022-30190,2025-05-13,12,2.5,0.93844,0.99863,0.0,0.92856,0.99763,0.0,0.0010000000000000009,1,0.93916,0.99871,0.92964,0.99774,7.999999999996898e-05,0.00010999999999994348,-2.999999999997449e-05,0.9401,0.99881,0.93244,0.99795,0.00017999999999995797,0.00031999999999998696,-0.000140000000000029
212,CVE-2022-22536,2025-04-02,CVE-2022-1388,2025-05-13,3,0.24999999999999928,0.93844,0.99863,0.0,0.94456,0.99993,0.0,0.0012999999999999678,2,0.93916,0.99871,0.94456,0.99993,7.999999999996898e-05,0.0,7.999999999996898e-05,0.9401,0.99881,0.94456,0.99991,0.00017999999999995797,-2.0000000000020002e-05,0.00019999999999997797
212,CVE-2022-22536,2025-04-02,CVE-2022-41352,2025-05-13,4,0.24999999999999928,0.93844,0.99863,0.0,0.78354,0.98972,0.0,0.008909999999999973,3,0.93916,0.99871,0.80482,0.99083,7.999999999996898e-05,0.0011099999999999444,-0.0010299999999999754,0.9401,0.99881,0.79129,0.98993,0.00017999999999995797,0.00020999999999993246,-2.999999999997449e-05
214,CVE-2022-2274,2025-04-09,CVE-2022-41352,2025-05-13,2,0.0,0.5801,0.98006,0.0,0.80482,0.99083,0.0,0.010769999999999946,1,0.5801,0.98005,0.78354,0.9894,-1.0000000000065512e-05,-0.0014300000000000423,0.0014199999999999768,0.5801,0.98027,0.79129,0.98989,0.00020999999999993246,-0.0009399999999999409,0.0011499999999998733
214,CVE-2022-2274,2025-04-09,CVE-2022-30190,2025-05-13,11,2.250000000000001,0.5801,0.98006,0.0,0.92964,0.99774,0.0,0.017679999999999918,2,0.5801,0.98005,0.92796,0.99737,-1.0000000000065512e-05,-0.00036999999999998145,0.00035999999999991594,0.5801,0.98027,0.93219,0.99787,0.00020999999999993246,0.0001300000000000745,7.999999999985796e-05
214,CVE-2022-2274,2025-04-09,CVE-2022-1388,2025-05-13,1,0.0,0.5801,0.98006,0.0,0.94456,0.99993,0.0,0.019869999999999943,3,0.5801,0.98005,0.94456,0.9999,-1.0000000000065512e-05,-2.999999999997449e-05,1.999999999990898e-05,0.5801,0.98027,0.94456,0.99991,0.00020999999999993246,-2.0000000000020002e-05,0.00022999999999995246
215,CVE-2022-22963,2023-07-11,CVE-2022-35914,2024-05-19,4,0.0,0.97507,0.99967,0.0,0.97399,0.99866,0.0,0.0010099999999999554,1,0.97472,0.99937,0.97419,0.99882,-0.00029999999999996696,0.000160000000000049,-0.00046000000000001595,0.97458,0.99924,0.97389,0.99862,-0.00042999999999993044,-4.0000000000040004e-05,-0.00038999999999989043
215,CVE-2022-22963,2023-07-11,CVE-2022-37061,2025-04-16,5,0.0,0.97507,0.99967,0.0,0.97383,0.9985,0.0,0.0011699999999998933,2,0.97472,0.99937,0.97383,0.9985,-0.00029999999999996696,0.0,-0.00029999999999996696,0.97458,0.99924,0.97377,0.99853,-0.00042999999999993044,2.999999999997449e-05,-0.00045999999999990493
215,CVE-2022-22963,2023-07-11,CVE-2022-42889,2025-04-18,6,0.0,0.97507,0.99967,0.0,0.84011,0.97994,0.0,0.019729999999999914,3,0.97472,0.99937,0.83442,0.97972,-0.00029999999999996696,-0.00021999999999999797,-7.999999999996898e-05,0.97458,0.99924,0.83442,0.97995,-0.00042999999999993044,9.99999999995449e-06,-0.00043999999999988493
216,CVE-2022-23053,2025-04-11,CVE-2022-34707,2025-05-16,7,1.9500000000000002,0.00228,0.42836,0.0,0.0017,0.35085,0.0,0.07751000000000002,1,0.00228,0.45693,0.0017,0.3928,0.028569999999999984,0.04194999999999999,-0.013380000000000003,0.00228,0.45632,0.00194,0.41891,0.027959999999999985,0.06806000000000001,-0.040100000000000025
216,CVE-2022-23053,2025-04-11,CVE-2022-27779,2025-05-13,2,0.7999999999999998,0.00228,0.42836,0.0,0.00166,0.34537,0.0,0.08299000000000001,2,0.00228,0.45693,0.00166,0.38764,0.028569999999999984,0.042269999999999974,-0.01369999999999999,0.00228,0.45632,0.00166,0.38659,0.027959999999999985,0.04121999999999998,-0.013259999999999994
216,CVE-2022-23053,2025-04-11,CVE-2022-35768,2025-05-16,8,1.9500000000000002,0.00228,0.42836,0.0,0.00165,0.34398,0.0,0.08438000000000001,3,0.00228,0.45693,0.00165,0.3864,0.028569999999999984,0.04242000000000001,-0.013850000000000029,0.00228,0.45632,0.00188,0.41262,0.027959999999999985,0.06863999999999998,-0.040679999999999994
217,CVE-2022-23054,2025-04-11,CVE-2022-34707,2025-05-16,7,1.9500000000000002,0.00228,0.42836,0.0,0.0017,0.35085,0.0,0.07751000000000002,1,0.00228,0.45693,0.0017,0.3928,0.028569999999999984,0.04194999999999999,-0.013380000000000003,0.00228,0.45632,0.00194,0.41891,0.027959999999999985,0.06806000000000001,-0.040100000000000025
217,CVE-2022-23054,2025-04-11,CVE-2022-27779,2025-05-13,2,0.7999999999999998,0.00228,0.42836,0.0,0.00166,0.34537,0.0,0.08299000000000001,2,0.00228,0.45693,0.00166,0.38764,0.028569999999999984,0.042269999999999974,-0.01369999999999999,0.00228,0.45632,0.00166,0.38659,0.027959999999999985,0.04121999999999998,-0.013259999999999994
217,CVE-2022-23054,2025-04-11,CVE-2022-35768,2025-05-16,8,1.9500000000000002,0.00228,0.42836,0.0,0.00165,0.34398,0.0,0.08438000000000001,3,0.00228,0.45693,0.00165,0.3864,0.028569999999999984,0.04242000000000001,-0.013850000000000029,0.00228,0.45632,0.00188,0.41262,0.027959999999999985,0.06863999999999998,-0.040679999999999994
219,CVE-2022-23513,2023-09-04,CVE-2022-40258,2025-03-18,1,0.05,0.00046,0.13996,0.0,0.00046,0.13996,0.0,0.0,1,0.00684,0.77577,0.00046,0.14016,0.63581,0.00020000000000000573,0.63561,0.0103,0.82141,0.00046,0.14223,0.68145,0.0022699999999999942,0.67918
219,CVE-2022-23513,2023-09-04,CVE-2022-4407,2025-04-16,10,0.7999999999999998,0.00046,0.13996,0.0,0.00046,0.13996,0.0,0.0,2,0.00684,0.77577,0.00046,0.14016,0.63581,0.00020000000000000573,0.63561,0.0103,0.82141,0.00046,0.14223,0.68145,0.0022699999999999942,0.67918
219,CVE-2022-23513,2023-09-04,CVE-2022-34708,2025-05-16,7,0.25000000000000017,0.00046,0.13996,0.0,0.00047,0.14406,0.0,0.0040999999999999925,3,0.00684,0.77577,0.00049,0.15493,0.63581,0.010870000000000019,0.6249399999999999,0.0103,0.82141,0.00043,0.07698,0.68145,-0.06707999999999999,0.74853
220,CVE-2022-23824,2025-02-07,CVE-2022-29614,2025-04-09,6,0.55,0.00059,0.27368,0.0,0.00058,0.26821,0.0,0.005469999999999975,1,0.00059,0.27521,0.00058,0.26977,0.0015300000000000313,0.0015600000000000058,-2.999999999997449e-05,0.00059,0.27878,0.00058,0.27338,0.005099999999999993,0.005170000000000008,-7.00000000000145e-05
220,CVE-2022-23824,2025-02-07,CVE-2022-4407,2025-04-16,11,0.6499999999999997,0.00059,0.27368,0.0,0.00061,0.28617,0.0,0.012490000000000001,2,0.00059,0.27521,0.00061,0.2877,0.0015300000000000313,0.0015300000000000313,0.0,0.00059,0.27878,0.00061,0.29125,0.005099999999999993,0.005080000000000029,1.999999999996449e-05
220,CVE-2022-23824,2025-02-07,CVE-2022-22126,2025-04-11,7,0.6499999999999997,0.00059,0.27368,0.0,0.00062,0.28843,0.0,0.01475000000000004,3,0.00059,0.27521,0.00062,0.28999,0.0015300000000000313,0.0015600000000000058,-2.999999999997449e-05,0.00059,0.27878,0.00062,0.29349,0.005099999999999993,0.005059999999999953,4.0000000000040004e-05
223,CVE-2022-24715,2023-07-15,CVE-2022-40259,2025-03-18,7,0.24999999999999928,0.00137,0.48213,0.0,0.00134,0.47776,0.0,0.004369999999999985,1,0.00221,0.59405,0.00134,0.47815,0.11191999999999996,0.00039000000000000146,0.11152999999999996,0.00221,0.59609,0.00134,0.47892,0.11396,0.0011599999999999944,0.11280000000000001
223,CVE-2022-24715,2023-07-15,CVE-2022-0811,2025-05-13,12,0.3500000000000007,0.00137,0.48213,0.0,0.00116,0.44588,0.0,0.036250000000000004,2,0.00221,0.59405,0.00116,0.44579,0.11191999999999996,-8.999999999997899e-05,0.11200999999999994,0.00221,0.59609,0.00116,0.44681,0.11396,0.0009299999999999864,0.11303000000000002
223,CVE-2022-24715,2023-07-15,CVE-2022-22620,2025-05-10,11,0.3500000000000007,0.00137,0.48213,0.0,0.00183,0.54626,0.0,0.06412999999999996,3,0.00221,0.59405,0.00183,0.54675,0.11191999999999996,0.0004899999999999904,0.11142999999999997,0.00221,0.59609,0.00183,0.54846,0.11396,0.0021999999999999797,0.11176000000000003
225,CVE-2022-2591,2023-05-13,CVE-2022-46908,2025-05-14,8,0.25000000000000017,0.00046,0.14074,0.0,0.00046,0.14091,0.0,0.00017000000000000348,1,0.01492,0.84894,0.00046,0.14084,0.7082,-7.00000000000145e-05,0.7082700000000001,0.00872,0.80103,0.00046,0.14005,0.66029,-0.0008599999999999997,0.66115
225,CVE-2022-2591,2023-05-13,CVE-2022-38028,2025-04-17,10,0.3499999999999998,0.00046,0.14074,0.0,0.00048,0.14675,0.0,0.006009999999999988,2,0.01492,0.84894,0.00048,0.14676,0.7082,1.0000000000010001e-05,0.7081900000000001,0.00872,0.80103,0.00048,0.14585,0.66029,-0.0008999999999999841,0.66119
225,CVE-2022-2591,2023-05-13,CVE-2022-29154,2025-01-16,7,0.14999999999999963,0.00046,0.14074,0.0,0.00053,0.18965,0.0,0.04891000000000001,3,0.01492,0.84894,0.00053,0.18924,0.7082,-0.00041000000000002146,0.7086100000000001,0.00872,0.80103,0.00053,0.18833,0.66029,-0.0013200000000000156,0.66161
227,CVE-2022-26118,2025-02-11,CVE-2022-2390,2025-04-26,5,0.6500000000000006,0.00044,0.14879,0.0,0.00044,0.14879,0.0,0.0,1,0.00044,0.15104,0.00044,0.15104,0.002250000000000002,0.002250000000000002,0.0,0.00044,0.15386,0.00044,0.15386,0.005069999999999991,0.005069999999999991,0.0
229,CVE-2022-26872,2025-03-18,CVE-2022-2601,2025-05-14,2,0.29999999999999893,0.00086,0.22718,0.0,0.00069,0.18563,0.0,0.041550000000000004,1,0.00086,0.2215,0.00069,0.18119,-0.005679999999999991,-0.0044399999999999995,-0.0012399999999999911,0.00117,0.31914,0.00071,0.22381,0.09195999999999999,0.03818000000000002,0.05377999999999997
231,CVE-2022-27254,2025-04-15,CVE-2022-44683,2025-05-16,11,2.75,0.03562,0.87017,0.0,0.04022,0.87802,0.0,0.007850000000000024,1,0.03562,0.87047,0.04022,0.87828,0.00029999999999996696,0.00025999999999992696,4.0000000000040004e-05,0.03562,0.871,0.04022,0.87865,0.0008299999999999974,0.0006300000000000194,0.00019999999999997797
231,CVE-2022-27254,2025-04-15,CVE-2022-38037,2025-05-16,8,2.75,0.03562,0.87017,0.0,0.0202,0.82675,0.0,0.043420000000000014,2,0.03562,0.87047,0.0202,0.82728,0.00029999999999996696,0.0005300000000000304,-0.0002300000000000635,0.03562,0.871,0.02162,0.83388,0.0008299999999999974,0.00712999999999997,-0.006299999999999972
231,CVE-2022-27254,2025-04-15,CVE-2022-38038,2025-05-16,9,2.75,0.03562,0.87017,0.0,0.0202,0.82675,0.0,0.043420000000000014,3,0.03562,0.87047,0.0202,0.82728,0.00029999999999996696,0.0005300000000000304,-0.0002300000000000635,0.03562,0.871,0.02162,0.83388,0.0008299999999999974,0.00712999999999997,-0.006299999999999972
234,CVE-2022-2827,2025-03-18,CVE-2022-21449,2025-05-05,1,0.05,0.14725,0.94023,0.0,0.54996,0.97839,0.0,0.03815999999999997,1,0.18046,0.94608,0.59851,0.98101,0.005850000000000022,0.0026200000000000667,0.003229999999999955,0.18046,0.94765,0.36722,0.96869,0.007419999999999982,-0.009699999999999931,0.017119999999999913
234,CVE-2022-2827,2025-03-18,CVE-2022-0847,2025-04-30,3,0.3499999999999998,0.14725,0.94023,0.0,0.87402,0.99431,0.0,0.05408000000000002,2,0.18046,0.94608,0.86146,0.99376,0.005850000000000022,-0.0005500000000000504,0.006400000000000072,0.18046,0.94765,0.80368,0.99042,0.007419999999999982,-0.00389000000000006,0.011310000000000042
234,CVE-2022-2827,2025-03-18,CVE-2022-30190,2025-05-13,5,0.3499999999999998,0.14725,0.94023,0.0,0.92777,0.99761,0.0,0.05737999999999999,3,0.18046,0.94608,0.92737,0.99758,0.005850000000000022,-2.999999999997449e-05,0.005879999999999996,0.18046,0.94765,0.92796,0.99737,0.007419999999999982,-0.00024000000000001798,0.00766
235,CVE-2022-29154,2025-01-16,CVE-2022-35768,2025-05-16,12,0.44999999999999946,0.00069,0.32524,0.0,0.00067,0.31876,0.0,0.006479999999999986,1,0.00069,0.32658,0.00067,0.32013,0.0013400000000000079,0.0013700000000000379,-3.0000000000030003e-05,0.00069,0.32982,0.00067,0.32319,0.0045800000000000285,0.0044299999999999895,0.000150000000000039
235,CVE-2022-29154,2025-01-16,CVE-2022-21449,2025-05-05,1,0.09999999999999964,0.00069,0.32524,0.0,0.00071,0.33209,0.0,0.006850000000000023,2,0.00069,0.32658,0.00071,0.33344,0.0013400000000000079,0.0013500000000000179,-1.0000000000010001e-05,0.00069,0.32982,0.00071,0.33643,0.0045800000000000285,0.0043400000000000105,0.00024000000000001798
235,CVE-2022-29154,2025-01-16,CVE-2022-3604,2025-05-26,7,0.39999999999999947,0.00069,0.32524,0.0,0.00063,0.29923,0.0,0.026009999999999978,3,0.00069,0.32658,0.00063,0.30052,0.0013400000000000079,0.0012900000000000134,4.999999999999449e-05,0.00069,0.32982,0.00063,0.30344,0.0045800000000000285,0.0042099999999999915,0.00037000000000003697
236,CVE-2022-29614,2025-04-09,CVE-2022-46908,2025-05-14,4,2.5999999999999996,0.00059,0.15546,0.0,0.00088,0.22695,0.0,0.07149000000000003,1,0.00063,0.19894,0.00088,0.26645,0.04348000000000002,0.03950000000000001,0.003980000000000011,0.00063,0.20089,0.00088,0.26684,0.045430000000000026,0.03989000000000001,0.005540000000000017
236,CVE-2022-29614,2025-04-09,CVE-2022-30115,2025-05-13,3,0.7000000000000002,0.00059,0.15546,0.0,0.00099,0.24784,0.0,0.09238000000000002,2,0.00063,0.19894,0.00099,0.28755,0.04348000000000002,0.03970999999999997,0.003770000000000051,0.00063,0.20089,0.00099,0.28756,0.045430000000000026,0.03971999999999998,0.005710000000000048
239,CVE-2022-31137,2025-01-29,CVE-2022-22536,2025-04-02,1,0.05,0.94976,0.99489,0.0,0.95749,0.99594,0.0,0.0010499999999999954,1,0.94976,0.99489,0.95749,0.99594,0.0,0.0,0.0,0.95114,0.99509,0.95735,0.99595,0.00019999999999997797,9.99999999995449e-06,0.00019000000000002348
239,CVE-2022-31137,2025-01-29,CVE-2022-41352,2025-05-13,10,0.24999999999999928,0.94976,0.99489,0.0,0.91028,0.99131,0.0,0.0035800000000000276,2,0.94976,0.99489,0.91028,0.99137,0.0,5.999999999994898e-05,-5.999999999994898e-05,0.95114,0.99509,0.87055,0.98922,0.00019999999999997797,-0.0020900000000000363,0.0022900000000000142
239,CVE-2022-31137,2025-01-29,CVE-2022-37061,2025-04-16,6,0.24999999999999928,0.94976,0.99489,0.0,0.97004,0.99854,0.0,0.003649999999999931,3,0.94976,0.99489,0.96849,0.99814,0.0,-0.00039999999999995595,0.00039999999999995595,0.95114,0.99509,0.96918,0.99835,0.00019999999999997797,-0.00019000000000002348,0.00039000000000000146
240,CVE-2022-31470,2023-09-08,CVE-2022-22126,2025-04-11,2,0.05,0.00068,0.28093,0.0,0.0007,0.28871,0.0,0.007780000000000009,1,,,0.00072,0.30083,,0.012119999999999964,,,,,,,,
240,CVE-2022-31470,2023-09-08,CVE-2022-23053,2025-04-11,3,0.05,0.00068,0.28093,0.0,0.0007,0.28871,0.0,0.007780000000000009,2,,,0.00072,0.30083,,0.012119999999999964,,,,,,,,
240,CVE-2022-31470,2023-09-08,CVE-2022-23054,2025-04-11,4,0.05,0.00068,0.28093,0.0,0.0007,0.28871,0.0,0.007780000000000009,3,,,0.00072,0.30083,,0.012119999999999964,,,,,,,,
242,CVE-2022-31764,2025-02-06,CVE-2022-4046,2025-04-22,5,0.3500000000000007,0.00043,0.11478,1.0,0.00047,0.19541,0.0,0.08063000000000001,1,0.00043,0.11499,0.00047,0.19537,0.00021000000000000185,-4.000000000001225e-05,0.0002500000000000141,0.00043,0.1187,0.00051,0.23113,0.003920000000000007,0.03572,-0.031799999999999995
243,CVE-2022-32144,2024-12-20,CVE-2022-4046,2025-04-22,4,0.25000000000000105,0.00043,0.10892,0.0,0.00047,0.19068,0.0,0.08175999999999999,1,0.00043,0.10932,0.00047,0.19063,0.0003999999999999976,-4.999999999999449e-05,0.0004499999999999921,0.00043,0.11349,0.00047,0.19391,0.004569999999999991,0.0032300000000000106,0.00133999999999998
245,CVE-2022-3236,2025-04-17,CVE-2022-38181,2025-05-23,2,1.25,0.92859,0.99744,0.0,0.22995,0.95511,0.0,0.04232999999999998,1,0.92859,0.99744,0.22995,0.9552,0.0,9.00000000000345e-05,-9.00000000000345e-05,0.92551,0.99722,0.22995,0.95579,-0.00021999999999999797,0.0006800000000000139,-0.0009000000000000119
250,CVE-2022-35914,2024-05-19,CVE-2022-37061,2025-04-16,1,0.0,0.97385,0.99912,0.0,0.97474,0.99965,0.0,0.0005300000000000304,1,0.97459,0.99956,0.97475,0.99967,0.00043999999999999595,1.999999999990898e-05,0.00042000000000008697,0.9745,0.99952,0.97475,0.99967,0.00039999999999995595,1.999999999990898e-05,0.00038000000000004697
250,CVE-2022-35914,2024-05-19,CVE-2022-42889,2025-04-18,2,0.0,0.97385,0.99912,0.0,0.97166,0.99809,0.0,0.0010299999999999754,2,0.97459,0.99956,0.97115,0.99789,0.00043999999999999595,-0.00019999999999997797,0.0006399999999999739,0.9745,0.99952,0.97162,0.99811,0.00039999999999995595,2.0000000000020002e-05,0.00037999999999993594
250,CVE-2022-35914,2024-05-19,CVE-2022-40684,2025-03-18,10,0.05,0.97385,0.99912,0.0,0.97128,0.99795,0.0,0.0011700000000000044,3,0.97459,0.99956,0.97183,0.99818,0.00043999999999999595,0.00022999999999995246,0.00021000000000004349,0.9745,0.99952,0.97243,0.99846,0.00039999999999995595,0.0005100000000000104,-0.0001100000000000545
251,CVE-2022-35919,2023-10-09,CVE-2022-29154,2025-01-16,1,0.05,0.00141,0.49396,0.0,0.00116,0.4496,0.0,0.04436000000000001,1,0.0017,0.53826,0.00116,0.45058,0.04429999999999995,0.0009799999999999809,0.04331999999999997,0.0017,0.5395,0.0009,0.37814,0.04553999999999997,-0.07146000000000002,0.11699999999999999
251,CVE-2022-35919,2023-10-09,CVE-2022-21449,2025-05-05,4,0.14999999999999963,0.00141,0.49396,0.0,0.00189,0.5602,0.0,0.06624000000000002,2,0.0017,0.53826,0.00128,0.47149,0.04429999999999995,-0.08871000000000001,0.13300999999999996,0.0017,0.5395,0.00128,0.47288,0.04553999999999997,-0.08732000000000001,0.13285999999999998
252,CVE-2022-3602,2022-11-01,CVE-2022-21449,2025-05-05,2,0.0,0.05315,0.89586,1.0,0.27302,0.97072,0.0,0.07486000000000004,1,0.53308,0.98719,0.27302,0.97078,0.09133000000000002,5.999999999994898e-05,0.09127000000000007,0.53308,0.98728,0.27302,0.97082,0.09142000000000006,9.999999999998899e-05,0.09132000000000007
254,CVE-2022-37061,2025-04-16,CVE-2022-38181,2025-05-23,2,1.3,0.92506,0.99714,0.0,0.22995,0.95509,0.0,0.04205000000000003,1,0.92762,0.99735,0.22995,0.95519,0.00020999999999993246,9.999999999998899e-05,0.00010999999999994348,0.92762,0.99741,0.22995,0.95577,0.00026999999999999247,0.0006800000000000139,-0.00041000000000002146
257,CVE-2022-37966,2023-01-16,CVE-2022-0847,2025-04-30,9,0.2999999999999998,0.05569,0.89636,0.0,0.06503,0.90664,0.0,0.010279999999999956,1,0.05569,0.89654,0.06503,0.9068,0.00017999999999995797,0.000160000000000049,1.999999999990898e-05,0.05569,0.89718,0.06503,0.90742,0.0008199999999999319,0.0007800000000000029,3.999999999992898e-05
258,CVE-2022-37967,2023-01-16,CVE-2022-46908,2025-05-14,1,0.14999999999999963,0.01743,0.75593,0.0,0.01365,0.70962,0.0,0.04630999999999996,1,0.01743,0.75627,0.01365,0.70959,0.00034000000000000696,-2.999999999997449e-05,0.00036999999999998145,0.01743,0.75745,0.01365,0.71072,0.0015199999999999658,0.0010999999999999899,0.00041999999999997595
262,CVE-2022-38023,2023-01-16,CVE-2022-0847,2025-04-30,9,0.2999999999999998,0.05569,0.89636,0.0,0.06503,0.90664,0.0,0.010279999999999956,1,0.05569,0.89654,0.06503,0.9068,0.00017999999999995797,0.000160000000000049,1.999999999990898e-05,0.05569,0.89718,0.06503,0.90742,0.0008199999999999319,0.0007800000000000029,3.999999999992898e-05
263,CVE-2022-38028,2025-04-17,CVE-2022-41966,2025-05-20,3,0.44999999999999946,0.02682,0.85004,0.0,0.04884,0.88961,0.0,0.039569999999999994,1,0.02298,0.83804,0.04884,0.88961,-0.01200000000000001,0.0,-0.01200000000000001,0.01998,0.82706,0.04884,0.88999,-0.02298,0.00037999999999993594,-0.023359999999999936
268,CVE-2022-40242,2025-03-18,CVE-2022-34707,2025-05-16,6,0.3499999999999998,0.00144,0.3211,0.0,0.00202,0.40344,0.0,0.08234000000000002,1,0.00144,0.31242,0.0017,0.34794,-0.008680000000000021,-0.055499999999999994,0.04681999999999997,0.00144,0.35946,0.0017,0.3924,0.038360000000000005,-0.011039999999999994,0.0494
268,CVE-2022-40242,2025-03-18,CVE-2022-46908,2025-05-14,2,0.25000000000000017,0.00144,0.3211,0.0,0.00088,0.23131,0.0,0.08979000000000001,2,0.00144,0.31242,0.00088,0.22563,-0.008680000000000021,-0.005679999999999991,-0.0030000000000000304,0.00144,0.35946,0.00088,0.26689,0.038360000000000005,0.03558000000000003,0.002779999999999977
269,CVE-2022-40258,2025-03-18,CVE-2022-30115,2025-05-13,4,1.05,0.00069,0.1864,0.0,0.00073,0.19562,0.0,0.009219999999999978,1,0.00069,0.18195,0.00073,0.19111,-0.0044500000000000095,-0.004509999999999986,5.999999999997674e-05,0.00094,0.27881,0.00099,0.28815,0.09240999999999999,0.09253000000000003,-0.00012000000000003674
269,CVE-2022-40258,2025-03-18,CVE-2022-46908,2025-05-14,5,2.3,0.00069,0.1864,0.0,0.00088,0.23131,0.0,0.04490999999999998,2,0.00069,0.18195,0.00088,0.22563,-0.0044500000000000095,-0.005679999999999991,0.0012299999999999811,0.00094,0.27881,0.00088,0.26689,0.09240999999999999,0.03558000000000003,0.056829999999999964
270,CVE-2022-40259,2025-03-18,CVE-2022-35768,2025-05-16,12,0.5500000000000009,0.00236,0.44584,0.0,0.00222,0.42792,0.0,0.01791999999999999,1,0.00318,0.51677,0.00165,0.34136,0.07092999999999994,-0.08656000000000003,0.15748999999999996,0.00318,0.54068,0.00165,0.38596,0.09484000000000004,-0.04196,0.13680000000000003
270,CVE-2022-40259,2025-03-18,CVE-2022-34707,2025-05-16,11,0.5500000000000009,0.00236,0.44584,0.0,0.00202,0.40344,0.0,0.04239999999999999,2,0.00318,0.51677,0.0017,0.34794,0.07092999999999994,-0.055499999999999994,0.12642999999999993,0.00318,0.54068,0.0017,0.3924,0.09484000000000004,-0.011039999999999994,0.10588000000000003
272,CVE-2022-40684,2025-03-18,CVE-2022-1388,2025-05-13,2,0.05,0.94427,0.99982,0.0,0.94456,0.99993,0.0,0.00010999999999994348,1,0.94427,0.99982,0.94456,0.99993,0.0,0.0,0.0,0.94427,0.99979,0.94456,0.99992,-3.0000000000085514e-05,-9.99999999995449e-06,-2.0000000000131024e-05
272,CVE-2022-40684,2025-03-18,CVE-2022-42889,2025-04-18,1,0.05,0.94427,0.99982,0.0,0.94115,0.99899,0.0,0.0008299999999999974,2,0.94427,0.99982,0.94115,0.99899,0.0,0.0,0.0,0.94427,0.99979,0.94115,0.99894,-3.0000000000085514e-05,-4.999999999999449e-05,1.999999999990898e-05
272,CVE-2022-40684,2025-03-18,CVE-2022-41352,2025-05-13,3,0.05,0.94427,0.99982,0.0,0.75449,0.9885,0.0,0.011319999999999997,3,0.94427,0.99982,0.77127,0.98933,0.0,0.0008299999999999974,-0.0008299999999999974,0.94427,0.99979,0.78354,0.98942,-3.0000000000085514e-05,0.0009199999999999209,-0.0009500000000000064
274,CVE-2022-41328,2025-03-12,CVE-2022-30190,2025-05-13,10,1.3999999999999997,0.0521,0.93061,0.0,0.07799,0.94358,0.0,0.012969999999999926,1,0.00108,0.26088,0.92777,0.99756,-0.66973,0.05398000000000003,-0.7237100000000001,0.0008,0.20912,0.92964,0.99775,-0.7214900000000001,0.05417000000000005,-0.7756600000000001
274,CVE-2022-41328,2025-03-12,CVE-2022-0847,2025-04-30,8,1.3999999999999997,0.0521,0.93061,0.0,0.03123,0.91174,0.0,0.018870000000000053,2,0.00108,0.26088,0.86306,0.99368,-0.66973,0.08194000000000001,-0.7516700000000001,0.0008,0.20912,0.87326,0.99419,-0.7214900000000001,0.08245000000000002,-0.8039400000000001
276,CVE-2022-41358,2025-04-16,CVE-2022-3604,2025-05-26,2,2.6999999999999993,0.00244,0.4777,0.0,0.00216,0.4441,0.0,0.03360000000000002,1,0.00224,0.45205,0.00216,0.44412,-0.025650000000000006,2.0000000000020002e-05,-0.025670000000000026,0.0023,0.45928,0.00216,0.44471,-0.018419999999999992,0.0006099999999999994,-0.01902999999999999
277,CVE-2022-41544,2023-05-23,CVE-2022-4681,2024-03-10,5,0.0,0.00699,0.77417,0.0,0.00601,0.75343,0.0,0.02073999999999998,1,0.01023,0.81639,0.00601,0.75358,0.042219999999999924,0.00014999999999998348,0.04206999999999994,,,,,,,
277,CVE-2022-41544,2023-05-23,CVE-2022-25148,2023-09-04,4,0.0,0.00699,0.77417,0.0,0.00898,0.80402,0.0,0.029849999999999932,2,0.01023,0.81639,0.00898,0.80414,0.042219999999999924,0.00012000000000000899,0.042099999999999915,,,0.00898,0.80438,,0.00036000000000002697,
277,CVE-2022-41544,2023-05-23,CVE-2022-4297,2023-07-03,1,0.0,0.00699,0.77417,0.0,0.0053,0.73712,0.0,0.03705000000000003,3,0.01023,0.81639,0.0053,0.73717,0.042219999999999924,4.999999999999449e-05,0.04216999999999993,,,,,,,
278,CVE-2022-41545,2025-02-19,CVE-2022-2390,2025-04-26,5,0.3500000000000007,0.00045,0.17984,0.0,0.00044,0.15118,0.0,0.02865999999999999,1,0.00045,0.17937,0.00044,0.15135,-0.0004699999999999982,0.00017000000000000348,-0.0006400000000000017,0.00027,0.04482,0.0003,0.05365,-0.13502,-0.09753,-0.037489999999999996
278,CVE-2022-41545,2025-02-19,CVE-2022-29614,2025-04-09,10,1.4500000000000004,0.00045,0.17984,0.0,0.00058,0.26995,0.0,0.09011000000000002,2,0.00045,0.17937,0.00058,0.2695,-0.0004699999999999982,-0.00045000000000000595,-1.9999999999992246e-05,0.00027,0.04482,0.00061,0.16204,-0.13502,-0.10791000000000003,-0.027109999999999967
282,CVE-2022-42475,2025-04-13,CVE-2022-38181,2025-05-23,2,1.3,0.92863,0.99765,0.0,0.22995,0.95445,0.0,0.043200000000000016,1,0.93238,0.99785,0.22995,0.95517,0.00019999999999997797,0.0007199999999999429,-0.0005199999999999649,0.9293,0.99756,0.22995,0.95572,-9.00000000000345e-05,0.0012699999999999934,-0.0013600000000000279
283,CVE-2022-42821,2025-01-13,CVE-2022-40258,2025-03-18,3,0.20000000000000018,0.00084,0.37691,0.0,0.00078,0.35825,0.0,0.01866000000000001,1,0.00084,0.37843,0.00078,0.35986,0.0015199999999999658,0.0016100000000000003,-9.00000000000345e-05,0.00084,0.38006,0.00078,0.36156,0.003149999999999986,0.0033099999999999796,-0.00015999999999999348
283,CVE-2022-42821,2025-01-13,CVE-2022-34708,2025-05-16,1,0.05,0.00084,0.37691,0.0,0.00069,0.32369,0.0,0.053220000000000045,2,0.00084,0.37843,0.00069,0.32562,0.0015199999999999658,0.0019300000000000428,-0.00041000000000007697,0.00084,0.38006,0.00069,0.32764,0.003149999999999986,0.003950000000000009,-0.0008000000000000229
283,CVE-2022-42821,2025-01-13,CVE-2022-22126,2025-04-11,7,0.6499999999999997,0.00084,0.37691,0.0,0.00062,0.28415,0.0,0.09276000000000001,3,0.00084,0.37843,0.00062,0.28623,0.0015199999999999658,0.0020799999999999708,-0.0005600000000000049,0.00084,0.38006,0.00062,0.28816,0.003149999999999986,0.0040100000000000136,-0.0008600000000000274
284,CVE-2022-42889,2025-04-18,CVE-2022-38181,2025-05-23,2,1.3,0.94115,0.99894,0.0,0.22995,0.95518,0.0,0.04376000000000002,1,0.94161,0.999,0.22995,0.95526,5.999999999994898e-05,7.999999999996898e-05,-2.0000000000020002e-05,0.94161,0.99901,0.25617,0.95924,6.999999999990347e-05,0.0040599999999999525,-0.003990000000000049
285,CVE-2022-4297,2023-07-03,CVE-2022-4395,2024-04-02,3,0.0,0.00423,0.70736,0.0,0.00412,0.70342,0.0,0.0039399999999999435,1,0.00149,0.50011,0.00412,0.70394,-0.20724999999999993,0.0005199999999999649,-0.2077699999999999,0.00105,0.41981,0.00412,0.70518,-0.28755,0.0017599999999999838,-0.28930999999999996
285,CVE-2022-4297,2023-07-03,CVE-2022-4681,2024-03-10,2,0.0,0.00423,0.70736,0.0,0.00601,0.75508,0.0,0.047719999999999985,2,0.00149,0.50011,0.0053,0.73884,-0.20724999999999993,-0.01623999999999992,-0.19101,0.00105,0.41981,0.00423,0.70912,-0.28755,-0.04596,-0.24158999999999997
285,CVE-2022-4297,2023-07-03,CVE-2022-25148,2023-09-04,1,0.0,0.00423,0.70736,0.0,0.00898,0.80487,0.0,0.09750999999999999,3,0.00149,0.50011,0.00898,0.80514,-0.20724999999999993,0.00026999999999999247,-0.20751999999999993,0.00105,0.41981,0.00898,0.80582,-0.28755,0.0009500000000000064,-0.2885
286,CVE-2022-43939,2025-03-04,CVE-2022-38028,2025-04-17,11,0.8499999999999999,0.0169,0.87738,0.0,0.01614,0.87449,0.0,0.002890000000000059,1,0.0169,0.87776,0.00051,0.23182,0.00037999999999993594,-0.64267,0.6430499999999999,0.82583,0.99191,0.02766,0.84795,0.11452999999999991,-0.026540000000000008,0.14106999999999992
286,CVE-2022-43939,2025-03-04,CVE-2022-0847,2025-04-30,8,0.7999999999999998,0.0169,0.87738,0.0,0.03123,0.91147,0.0,0.034089999999999954,2,0.0169,0.87776,0.03123,0.91166,0.00037999999999993594,0.00019000000000002348,0.00018999999999991246,0.82583,0.99191,0.86146,0.99357,0.11452999999999991,0.08209999999999995,0.03242999999999996
286,CVE-2022-43939,2025-03-04,CVE-2022-26500,2025-05-13,5,0.25000000000000105,0.0169,0.87738,0.0,0.05577,0.93304,0.0,0.05565999999999993,3,0.0169,0.87776,0.05577,0.933,0.00037999999999993594,-3.999999999992898e-05,0.0004199999999998649,0.82583,0.99191,0.21993,0.95306,0.11452999999999991,0.020020000000000038,0.09450999999999987
291,CVE-2022-45185,2025-01-08,CVE-2022-4046,2025-04-22,1,0.05,0.00045,0.17541,0.0,0.00047,0.19226,0.0,0.016849999999999976,1,0.00045,0.17612,0.00047,0.19325,0.0007099999999999884,0.0009900000000000186,-0.0002800000000000302,0.00045,0.17818,0.00047,0.1954,0.0027699999999999947,0.003140000000000004,-0.0003700000000000092
294,CVE-2022-4681,2024-03-10,CVE-2022-2070,2025-05-25,4,0.0,0.00227,0.6013,0.0,0.00177,0.54063,0.0,0.06066999999999989,1,0.00685,0.79574,0.00177,0.53851,0.19444000000000006,-0.0021200000000000108,0.19656000000000007,0.00685,0.79708,0.00177,0.54146,0.19578000000000007,0.0008299999999999974,0.19495000000000007
297,CVE-2022-46945,2025-04-16,CVE-2022-46721,2025-05-19,4,1.5999999999999999,0.00071,0.22439,0.0,0.00078,0.24197,0.0,0.017579999999999985,1,0.01375,0.79179,0.00078,0.24243,0.5674,0.00046000000000001595,0.56694,0.01034,0.76217,0.00078,0.24373,0.53778,0.0017600000000000116,0.53602
297,CVE-2022-46945,2025-04-16,CVE-2022-2070,2025-05-25,2,0.7000000000000011,0.00071,0.22439,0.0,0.00083,0.25363,0.0,0.029240000000000016,2,0.01375,0.79179,0.00083,0.25401,0.5674,0.00037999999999999146,0.5670200000000001,0.01034,0.76217,0.00083,0.25469,0.53778,0.0010600000000000054,0.5367200000000001
298,CVE-2022-47076,2023-06-22,CVE-2022-24521,2025-05-13,10,0.3499999999999998,0.00064,0.26405,1.0,0.00058,0.22723,0.0,0.03682000000000002,1,0.0006,0.23712,0.00058,0.22764,-0.02693000000000001,0.00041000000000002146,-0.02734000000000003,0.0006,0.23806,0.00058,0.22108,-0.025990000000000013,-0.006149999999999989,-0.019840000000000024
298,CVE-2022-47076,2023-06-22,CVE-2022-34707,2025-05-16,12,0.3499999999999998,0.00064,0.26405,1.0,0.00053,0.19162,1.0,0.07243,2,0.0006,0.23712,0.00053,0.19195,-0.02693000000000001,0.00032999999999999696,-0.027260000000000006,0.0006,0.23806,0.00053,0.19283,-0.025990000000000013,0.0012099999999999889,-0.027200000000000002
298,CVE-2022-47076,2023-06-22,CVE-2022-29154,2025-01-16,5,0.14999999999999963,0.00064,0.26405,1.0,0.00053,0.18827,1.0,0.07578000000000001,3,0.0006,0.23712,0.00053,0.18874,-0.02693000000000001,0.0004699999999999982,-0.027400000000000008,0.0006,0.23806,0.00061,0.24134,-0.025990000000000013,0.053070000000000006,-0.07906000000000002
299,CVE-2022-47636,2023-08-10,CVE-2022-24521,2025-05-13,3,0.05,0.00065,0.26794,1.0,0.00061,0.23886,0.0,0.029080000000000022,1,0.00092,0.38429,0.00061,0.2388,0.11635000000000001,-5.999999999997674e-05,0.11640999999999999,0.00066,0.27225,0.00052,0.18374,0.0043099999999999805,-0.05512,0.05942999999999998
299,CVE-2022-47636,2023-08-10,CVE-2022-34707,2025-05-16,5,0.05,0.00065,0.26794,1.0,0.00053,0.19162,0.0,0.07632,2,0.00092,0.38429,0.00053,0.1913,0.11635000000000001,-0.0003200000000000147,0.11667000000000002,0.00066,0.27225,0.00053,0.19163,0.0043099999999999805,9.999999999982245e-06,0.004299999999999998
299,CVE-2022-47636,2023-08-10,CVE-2022-37988,2025-05-16,8,0.05,0.00065,0.26794,1.0,0.00052,0.18069,0.0,0.08725000000000002,3,0.00092,0.38429,0.00052,0.18037,0.11635000000000001,-0.00031999999999998696,0.11667,0.00066,0.27225,0.00052,0.18065,0.0043099999999999805,-3.999999999998449e-05,0.004349999999999965
300,CVE-2022-47874,2023-05-05,CVE-2022-31470,2023-09-08,4,0.40000000000000036,0.00047,0.14139,0.0,0.00046,0.13975,0.0,0.0016399999999999748,1,0.01813,0.86367,0.0005,0.17051,0.72228,0.030759999999999982,0.69152,0.01813,0.86393,0.0005,0.16953,0.72254,0.029779999999999973,0.69276
300,CVE-2022-47874,2023-05-05,CVE-2022-4407,2025-04-16,6,0.40000000000000036,0.00047,0.14139,0.0,0.00051,0.17498,0.0,0.03359000000000001,2,0.01813,0.86367,0.00046,0.14081,0.72228,-0.034170000000000006,0.7564500000000001,0.01813,0.86393,0.00046,0.13985,0.72254,-0.035129999999999995,0.75767
300,CVE-2022-47874,2023-05-05,CVE-2022-23824,2025-02-07,12,1.05,0.00047,0.14139,0.0,0.00054,0.19484,0.0,0.053450000000000025,3,0.01813,0.86367,0.00054,0.19596,0.72228,0.0011199999999999821,0.72116,0.01813,0.86393,0.00054,0.19521,0.72254,0.00036999999999998145,0.72217
301,CVE-2022-47875,2023-05-05,CVE-2022-2601,2025-05-14,11,0.25000000000000105,0.00055,0.20631,0.0,0.00053,0.19303,0.0,0.013279999999999986,1,0.00612,0.75594,0.00053,0.19413,0.54963,0.0010999999999999899,0.54853,0.00612,0.75668,0.00053,0.19339,0.55037,0.0003599999999999992,0.55001
302,CVE-2022-47876,2023-05-05,CVE-2022-2601,2025-05-14,11,0.25000000000000105,0.00045,0.12439,0.0,0.00053,0.19303,0.0,0.06864,1,0.0102,0.81597,0.00053,0.19413,0.69158,0.0010999999999999899,0.69048,0.0102,0.81628,0.00053,0.19339,0.69189,0.0003599999999999992,0.69153
303,CVE-2022-47877,2023-05-05,CVE-2022-23513,2023-09-04,2,0.10000000000000053,0.00047,0.14139,0.0,0.00046,0.13975,0.0,0.0016399999999999748,1,0.00084,0.34322,0.00046,0.14081,0.20183000000000004,0.0010599999999999776,0.20077000000000006,0.00084,0.34339,0.00046,0.13985,0.20199999999999999,9.999999999998899e-05,0.2019
303,CVE-2022-47877,2023-05-05,CVE-2022-40258,2025-03-18,6,0.15000000000000052,0.00047,0.14139,0.0,0.00046,0.13975,0.0,0.0016399999999999748,2,0.00084,0.34322,0.00046,0.14081,0.20183000000000004,0.0010599999999999776,0.20077000000000006,0.00084,0.34339,0.00046,0.13985,0.20199999999999999,9.999999999998899e-05,0.2019
303,CVE-2022-47877,2023-05-05,CVE-2022-31470,2023-09-08,11,0.6999999999999993,0.00047,0.14139,0.0,0.00046,0.13975,0.0,0.0016399999999999748,3,0.00084,0.34322,0.0005,0.17051,0.20183000000000004,0.030759999999999982,0.17107000000000006,0.00084,0.34339,0.0005,0.16953,0.20199999999999999,0.029779999999999973,0.17222
307,CVE-2022-47945,2025-02-12,CVE-2022-3236,2025-04-17,5,0.05,0.0709,0.93993,0.0,0.10021,0.9496,0.0,0.009669999999999956,1,0.0709,0.94011,0.10021,0.94996,0.00017999999999995797,0.00036000000000002697,-0.000180000000000069,0.0709,0.94076,0.08595,0.9464,0.0008299999999999974,-0.0031999999999999806,0.004029999999999978
307,CVE-2022-47945,2025-02-12,CVE-2022-42475,2025-04-13,3,0.05,0.0709,0.93993,0.0,0.25733,0.96765,0.0,0.027719999999999967,2,0.0709,0.94011,0.25733,0.96774,0.00017999999999995797,9.00000000000345e-05,8.999999999992347e-05,0.0709,0.94076,0.25733,0.96808,0.0008299999999999974,0.00043000000000004146,0.00039999999999995595
307,CVE-2022-47945,2025-02-12,CVE-2022-1388,2025-05-13,7,0.05,0.0709,0.93993,0.0,0.46582,0.97577,0.0,0.03583999999999998,3,0.0709,0.94011,0.46582,0.97586,0.00017999999999995797,8.999999999992347e-05,9.00000000000345e-05,0.0709,0.94076,0.30306,0.9705,0.0008299999999999974,-0.005269999999999997,0.006099999999999994
308,CVE-2022-48434,2023-05-10,CVE-2022-26872,2025-03-18,6,0.25000000000000105,0.00096,0.39015,0.0,0.00091,0.37731,0.0,0.012840000000000018,1,0.00096,0.39079,0.00091,0.37804,0.0006400000000000294,0.0007300000000000084,-8.999999999997899e-05,0.00096,0.39158,0.00091,0.37852,0.0014299999999999868,0.0012100000000000444,0.00021999999999994246
308,CVE-2022-48434,2023-05-10,CVE-2022-41966,2025-05-20,4,0.14999999999999963,0.00096,0.39015,0.0,0.00084,0.34343,0.0,0.046719999999999984,2,0.00096,0.39079,0.00084,0.34403,0.0006400000000000294,0.0005999999999999894,4.0000000000040004e-05,0.00096,0.39158,0.00084,0.34476,0.0014299999999999868,0.0013299999999999979,9.999999999998899e-05
308,CVE-2022-48434,2023-05-10,CVE-2022-40259,2025-03-18,7,0.25000000000000105,0.00096,0.39015,0.0,0.00134,0.47288,0.0,0.08273000000000003,3,0.00096,0.39079,0.00134,0.47323,0.0006400000000000294,0.00034999999999996145,0.000290000000000068,0.00096,0.39158,0.00134,0.47452,0.0014299999999999868,0.0016399999999999748,-0.00020999999999998797
310,CVE-2022-4953,2023-09-08,CVE-2022-4407,2025-04-16,1,0.0,0.00046,0.14049,0.0,0.00046,0.14049,0.0,0.0,1,,,,,,,,,,,,,,
310,CVE-2022-4953,2023-09-08,CVE-2022-34708,2025-05-16,9,0.6499999999999997,0.00046,0.14049,0.0,0.00047,0.14464,0.0,0.004149999999999987,2,,,,,,,,,,,,,,
310,CVE-2022-4953,2023-09-08,CVE-2022-42821,2025-01-13,7,0.6499999999999997,0.00046,0.14049,0.0,0.00048,0.14596,0.0,0.005470000000000003,3,,,,,,,,,,,,,,
311,CVE-2022-4975,2025-01-27,CVE-2022-4046,2025-04-22,1,0.14999999999999963,0.0005,0.2155,1.0,0.00047,0.19501,0.0,0.020490000000000008,1,0.0005,0.2156,0.00047,0.19534,0.00010000000000001674,0.0003300000000000247,-0.00023000000000000798,0.0005,0.21734,0.00051,0.22704,0.0018400000000000083,0.03203,-0.030189999999999995
312,CVE-2023-0109,2024-11-15,CVE-2023-36803,2025-05-16,12,0.14999999999999963,0.00043,0.10187,1.0,0.00043,0.10755,0.0,0.0056800000000000045,1,0.00045,0.15441,0.00043,0.1091,0.05253999999999999,0.0015499999999999958,0.050989999999999994,0.00045,0.1601,0.00043,0.11526,0.05822999999999999,0.007709999999999995,0.050519999999999995
312,CVE-2023-0109,2024-11-15,CVE-2023-40238,2025-05-07,8,0.14999999999999963,0.00043,0.10187,1.0,0.00045,0.1702,0.0,0.06832999999999999,2,0.00045,0.15441,0.00045,0.17215,0.05253999999999999,0.0019500000000000073,0.05058999999999998,0.00045,0.1601,0.00045,0.17948,0.05822999999999999,0.00928000000000001,0.04894999999999998
312,CVE-2023-0109,2024-11-15,CVE-2023-36576,2025-05-16,11,0.14999999999999963,0.00043,0.10187,1.0,0.00048,0.18957,0.0,0.08769999999999999,3,0.00045,0.15441,0.00048,0.19164,0.05253999999999999,0.0020700000000000163,0.05046999999999997,0.00045,0.1601,0.00043,0.1141,0.05822999999999999,-0.07547,0.13369999999999999
313,CVE-2023-0159,2025-03-19,CVE-2023-29336,2025-05-25,2,0.2999999999999998,0.91604,0.99668,0.0,0.64975,0.98296,0.0,0.013720000000000065,1,0.92029,0.99699,0.62322,0.98212,0.00031000000000003247,-0.0008399999999999519,0.0011499999999999844,0.91457,0.99629,0.76942,0.98873,-0.00039000000000000146,0.005770000000000053,-0.006160000000000054
316,CVE-2023-0455,2023-05-31,CVE-2023-27253,2023-07-20,4,0.0,0.0005,0.16862,0.0,0.00055,0.20783,0.0,0.039209999999999995,1,0.00273,0.63378,0.00055,0.20798,0.46516,0.00015000000000001124,0.46501000000000003,0.00273,0.63513,0.00055,0.20793,0.46651,0.00010000000000001674,0.46641
316,CVE-2023-0455,2023-05-31,CVE-2023-32707,2023-10-09,8,0.0,0.0005,0.16862,0.0,0.00043,0.06992,3.0,0.0987,2,0.00273,0.63378,0.00043,0.07015,0.46516,0.00023000000000000798,0.46493,0.00273,0.63513,0.0005,0.16838,0.46651,0.09846,0.36805
321,CVE-2023-1545,2025-03-22,CVE-2023-29336,2025-05-25,2,0.2999999999999998,0.34541,0.96681,0.0,0.62322,0.98243,0.0,0.015620000000000078,1,0.26763,0.94143,0.64975,0.9787,-0.025379999999999958,-0.003730000000000011,-0.021649999999999947,0.11418,0.93154,0.76942,0.98873,-0.03526999999999991,0.006299999999999972,-0.041569999999999885
329,CVE-2023-20118,2025-03-03,CVE-2023-45281,2025-04-11,7,0.45000000000000034,0.00069,0.33222,0.0,0.00066,0.31842,0.0,0.013800000000000034,1,0.00139,0.50846,0.00066,0.31942,0.17624,0.0010000000000000009,0.17524,0.05249,0.89045,0.00212,0.40891,0.55823,0.09049000000000001,0.46774
329,CVE-2023-20118,2025-03-03,CVE-2023-47311,2025-04-11,8,0.45000000000000034,0.00069,0.33222,0.0,0.00066,0.31842,0.0,0.013800000000000034,2,0.00139,0.50846,0.00066,0.31942,0.17624,0.0010000000000000009,0.17524,0.05249,0.89045,0.00173,0.35591,0.55823,0.03749000000000002,0.52074
329,CVE-2023-20118,2025-03-03,CVE-2023-44088,2025-04-10,11,0.6499999999999997,0.00069,0.33222,0.0,0.00074,0.35405,0.0,0.02182999999999996,3,0.00139,0.50846,0.00074,0.35504,0.17624,0.0009900000000000464,0.17524999999999996,0.05249,0.89045,0.00201,0.39372,0.55823,0.03967000000000004,0.5185599999999999
332,CVE-2023-20198,2025-02-14,CVE-2023-40044,2025-04-17,1,0.05,0.87699,0.98945,0.0,0.87501,0.98928,0.0,0.00017000000000000348,1,0.85732,0.98828,0.87501,0.9893,-0.0011700000000000044,1.999999999990898e-05,-0.0011899999999999133,0.88311,0.99002,0.86954,0.98924,0.0005699999999999594,-4.0000000000040004e-05,0.0006099999999999994
332,CVE-2023-20198,2025-02-14,CVE-2023-41892,2025-04-27,3,0.05,0.87699,0.98945,0.0,0.83669,0.98723,0.0,0.0022199999999999998,2,0.85732,0.98828,0.83669,0.98726,-0.0011700000000000044,2.999999999997449e-05,-0.0011999999999999789,0.88311,0.99002,0.81876,0.98674,0.0005699999999999594,-0.0004900000000001015,0.001060000000000061
332,CVE-2023-20198,2025-02-14,CVE-2023-5360,2025-04-05,8,0.24999999999999928,0.87699,0.98945,0.0,0.79632,0.98566,0.0,0.003790000000000071,3,0.85732,0.98828,0.79632,0.9857,-0.0011700000000000044,4.0000000000040004e-05,-0.0012100000000000444,0.88311,0.99002,0.7611,0.98472,0.0005699999999999594,-0.0009399999999999409,0.0015099999999999003
333,CVE-2023-20273,2025-02-14,CVE-2023-0159,2025-03-19,10,0.3499999999999998,0.05724,0.93355,0.0,0.02383,0.89759,0.0,0.03595999999999999,1,0.05724,0.93366,0.02383,0.89782,0.0001100000000000545,0.00022999999999995246,-0.00011999999999989797,0.05724,0.9341,0.02383,0.89871,0.0005500000000000504,0.0011200000000000099,-0.0005699999999999594
333,CVE-2023-20273,2025-02-14,CVE-2023-46818,2025-04-14,1,0.05,0.05724,0.93355,0.0,0.86638,0.98869,0.0,0.05513999999999997,2,0.05724,0.93366,0.86638,0.98875,0.0001100000000000545,6.0000000000060005e-05,4.999999999999449e-05,0.05724,0.9341,0.86638,0.98898,0.0005500000000000504,0.00029000000000001247,0.000260000000000038
333,CVE-2023-20273,2025-02-14,CVE-2023-0669,2025-05-28,3,0.05,0.05724,0.93355,0.0,0.97003,0.99856,0.0,0.06501000000000001,3,0.05724,0.93366,0.97004,0.99856,0.0001100000000000545,0.0,0.0001100000000000545,0.05724,0.9341,0.9702,0.99864,0.0005500000000000504,7.999999999996898e-05,0.00047000000000008146
345,CVE-2023-22515,2025-04-17,CVE-2023-36845,2025-05-29,2,0.05,0.94365,0.99951,0.0,0.94355,0.99947,0.0,4.0000000000040004e-05,1,0.94365,0.99952,0.94355,0.99948,9.99999999995449e-06,1.0000000000065512e-05,-1.1102230246251565e-16,0.94365,0.99951,0.94355,0.99948,0.0,1.0000000000065512e-05,-1.0000000000065512e-05
345,CVE-2023-22515,2025-04-17,CVE-2023-29336,2025-05-25,11,2.3000000000000007,0.94365,0.99951,0.0,0.76942,0.98873,0.0,0.010780000000000012,2,0.94365,0.99952,0.76942,0.98876,9.99999999995449e-06,2.999999999997449e-05,-2.0000000000020002e-05,0.94365,0.99951,0.74852,0.98788,0.0,-0.0008500000000000174,0.0008500000000000174
346,CVE-2023-23333,2024-03-14,CVE-2023-3519,2025-01-09,10,0.05,0.89832,0.98698,0.0,0.91186,0.98797,0.0,0.0009900000000000464,1,0.96326,0.99513,0.91186,0.98803,0.00814999999999999,5.999999999994898e-05,0.008090000000000042,0.96326,0.99525,0.91186,0.98823,0.00827,0.000260000000000038,0.008009999999999962
346,CVE-2023-23333,2024-03-14,CVE-2023-5360,2025-04-05,1,0.0,0.89832,0.98698,0.0,0.96723,0.99633,0.0,0.00935000000000008,2,0.96326,0.99513,0.96723,0.99636,0.00814999999999999,2.999999999997449e-05,0.008120000000000016,0.96326,0.99525,0.96723,0.99643,0.00827,9.999999999998899e-05,0.00817000000000001
346,CVE-2023-23333,2024-03-14,CVE-2023-30258,2025-04-11,2,0.0,0.89832,0.98698,0.0,0.30708,0.96832,0.0,0.01866000000000001,3,0.96326,0.99513,0.30708,0.96844,0.00814999999999999,0.00012000000000000899,0.008029999999999982,0.96326,0.99525,0.28045,0.96752,0.00827,-0.0007999999999999119,0.009069999999999911
348,CVE-2023-23408,2023-06-26,CVE-2023-32019,2025-05-16,11,0.25000000000000017,0.00049,0.16265,0.0,0.00045,0.12235,0.0,0.04029999999999999,1,0.00612,0.75779,0.00045,0.12173,0.59514,-0.0006199999999999956,0.59576,0.00336,0.67416,0.04877,0.91694,0.51151,0.79459,-0.28308
351,CVE-2023-23956,2023-06-19,CVE-2023-29918,2023-07-28,1,0.0,0.00045,0.11984,0.0,0.00045,0.11984,0.0,0.0,1,0.00078,0.32356,0.00045,0.12025,0.20372,0.0004099999999999937,0.20331000000000002,0.00091,0.37817,0.00045,0.12069,0.25833,0.0008500000000000035,0.25748
355,CVE-2023-24059,2023-05-10,CVE-2023-1966,2025-01-07,8,0.15000000000000052,0.00159,0.50987,0.0,0.00128,0.46179,0.0,0.04808000000000007,1,0.00159,0.51026,0.00128,0.46226,0.00039000000000000146,0.00047000000000002595,-8.00000000000245e-05,0.00159,0.51179,0.00128,0.46359,0.0019199999999999218,0.0018000000000000238,0.00011999999999989797
358,CVE-2023-24657,2025-04-11,CVE-2023-38140,2025-05-16,7,0.6499999999999997,0.00883,0.73419,0.0,0.00883,0.73416,0.0,2.999999999997449e-05,1,0.01752,0.81513,0.00282,0.51161,0.08094000000000001,-0.22255000000000003,0.30349000000000004,0.05727,0.89928,0.00282,0.51171,0.16508999999999996,-0.22245000000000004,0.38754
358,CVE-2023-24657,2025-04-11,CVE-2023-36803,2025-05-16,6,0.6499999999999997,0.00883,0.73419,0.0,0.00914,0.73898,0.0,0.004789999999999961,2,0.01752,0.81513,0.0029,0.52004,0.08094000000000001,-0.21894000000000002,0.29988000000000004,0.05727,0.89928,0.0029,0.52024,0.16508999999999996,-0.21873999999999993,0.3838299999999999
358,CVE-2023-24657,2025-04-11,CVE-2023-36404,2025-05-16,4,0.6499999999999997,0.00883,0.73419,0.0,0.0069,0.69589,0.0,0.0383,3,0.01752,0.81513,0.00217,0.44536,0.08094000000000001,-0.25053000000000003,0.33147000000000004,0.05727,0.89928,0.00217,0.44474,0.16508999999999996,-0.25115,0.41623999999999994
361,CVE-2023-24947,2023-05-10,CVE-2023-24078,2023-07-03,1,0.05,0.00095,0.38902,0.0,0.00096,0.39005,0.0,0.0010300000000000309,1,0.00113,0.43629,0.00096,0.39068,0.047270000000000034,0.0006300000000000194,0.046640000000000015,0.00113,0.43755,0.00112,0.43356,0.04853000000000002,0.04350999999999999,0.0050200000000000244
365,CVE-2023-25440,2023-05-23,CVE-2023-29918,2023-07-28,1,0.0,0.00042,0.05691,0.0,0.00045,0.12021,0.0,0.0633,1,0.0013,0.4667,0.00045,0.12007,0.40979,-0.00014000000000000123,0.40993,,,,,,,
367,CVE-2023-25610,2025-03-24,CVE-2023-39780,2025-05-28,7,1.3,0.04545,0.88079,1.0,0.06658,0.90305,0.0,0.022260000000000058,1,0.05855,0.89612,0.06658,0.9031,0.015330000000000066,4.999999999999449e-05,0.015280000000000071,0.06819,0.9079,0.01699,0.81228,0.02711000000000008,-0.09077000000000002,0.1178800000000001
367,CVE-2023-25610,2025-03-24,CVE-2023-47444,2025-04-29,6,1.3,0.04545,0.88079,1.0,0.02582,0.84191,0.0,0.038879999999999915,2,0.05855,0.89612,0.02582,0.84238,0.015330000000000066,0.00046999999999997044,0.014860000000000095,0.06819,0.9079,0.03424,0.86774,0.02711000000000008,0.02582999999999991,0.0012800000000001699
367,CVE-2023-25610,2025-03-24,CVE-2023-20963,2025-05-16,10,2.3000000000000007,0.04545,0.88079,1.0,0.01886,0.81535,0.0,0.06543999999999994,3,0.05855,0.89612,0.01886,0.81551,0.015330000000000066,0.00015999999999993797,0.015170000000000128,0.06819,0.9079,0.0284,0.85427,0.02711000000000008,0.038919999999999955,-0.011809999999999876
368,CVE-2023-2636,2023-07-28,CVE-2023-32707,2023-10-09,1,0.0,0.0005,0.16817,0.0,0.0005,0.16817,0.0,0.0,1,0.00054,0.19789,,,0.029720000000000024,,,0.00054,0.19725,0.0005,0.16636,0.029080000000000022,-0.0018099999999999783,0.03089
370,CVE-2023-26602,2025-04-16,CVE-2023-29336,2025-05-25,6,2.250000000000001,0.65502,0.98345,0.0,0.76304,0.98841,0.0,0.0049599999999999644,1,0.74581,0.98761,0.76942,0.98876,0.0041599999999999415,0.00034999999999996145,0.00380999999999998,0.74581,0.98771,0.74852,0.98788,0.0042599999999999305,-0.0005300000000000304,0.004789999999999961
370,CVE-2023-26602,2025-04-16,CVE-2023-36845,2025-05-29,2,0.05,0.65502,0.98345,0.0,0.94355,0.99946,0.0,0.01600999999999997,2,0.74581,0.98761,0.94355,0.99948,0.0041599999999999415,2.0000000000020002e-05,0.0041399999999999215,0.74581,0.98771,0.94355,0.99947,0.0042599999999999305,9.99999999995449e-06,0.004249999999999976
371,CVE-2023-26801,2025-01-29,CVE-2023-38408,2025-04-09,7,0.05,0.01112,0.84462,0.0,0.04731,0.92635,0.0,0.08172999999999997,1,0.01112,0.84496,0.04731,0.9265,0.00034000000000000696,0.00014999999999998348,0.00019000000000002348,0.01112,0.84673,0.04395,0.92445,0.0021099999999999453,-0.0019000000000000128,0.004009999999999958
374,CVE-2023-27272,2025-04-15,CVE-2023-52589,2025-05-20,4,1.9000000000000001,0.0001,0.00783,0.0,0.00012,0.01048,0.0,0.0026499999999999996,1,0.0001,0.00767,0.00012,0.01032,-0.00016000000000000042,-0.00016000000000000042,0.0,0.0001,0.00792,0.00012,0.01051,8.99999999999998e-05,3.0000000000000512e-05,5.999999999999929e-05
374,CVE-2023-27272,2025-04-15,CVE-2023-4641,2025-05-17,3,1.9000000000000001,0.0001,0.00783,0.0,0.00012,0.0108,0.0,0.0029700000000000004,2,0.0001,0.00767,0.00011,0.00988,-0.00016000000000000042,-0.0009200000000000007,0.0007600000000000003,0.0001,0.00792,0.00012,0.0107,8.99999999999998e-05,-0.00010000000000000113,0.00019000000000000093
376,CVE-2023-27372,2023-06-20,CVE-2023-23333,2024-03-14,9,0.0,0.97141,0.99664,3.0,0.75984,0.97713,3.0,0.019509999999999916,1,,,,,,,,0.97073,0.99645,0.59869,0.97282,-0.00019000000000002348,-0.004310000000000036,0.0041200000000000125
377,CVE-2023-2745,2025-04-22,CVE-2023-29336,2025-05-25,3,2.6499999999999995,0.83921,0.99219,0.0,0.76942,0.98874,0.0,0.003450000000000064,1,0.69885,0.98548,0.76942,0.98877,-0.006709999999999994,3.0000000000085514e-05,-0.006740000000000079,0.66239,0.984,0.74852,0.98789,-0.00819000000000003,-0.0008499999999999064,-0.007340000000000124
377,CVE-2023-2745,2025-04-22,CVE-2023-36845,2025-05-29,11,4.7,0.83921,0.99219,0.0,0.94355,0.99948,0.0,0.007290000000000019,2,0.69885,0.98548,0.94355,0.99948,-0.006709999999999994,0.0,-0.006709999999999994,0.66239,0.984,0.94355,0.99948,-0.00819000000000003,0.0,-0.00819000000000003
377,CVE-2023-2745,2025-04-22,CVE-2023-0669,2025-05-28,2,2.0999999999999996,0.83921,0.99219,0.0,0.94364,0.99952,0.0,0.007329999999999948,3,0.69885,0.98548,0.94364,0.99952,-0.006709999999999994,0.0,-0.006709999999999994,0.66239,0.984,0.94364,0.99952,-0.00819000000000003,0.0,-0.00819000000000003
379,CVE-2023-27532,2024-09-10,CVE-2023-20273,2025-02-14,11,0.3499999999999998,0.0308,0.91217,0.0,0.03829,0.9207,0.0,0.008529999999999927,1,0.0308,0.91197,0.03829,0.92056,-0.000200000000000089,-0.00013999999999991797,-6.000000000017103e-05,0.02289,0.89879,0.03764,0.92002,-0.013380000000000059,-0.0006800000000000139,-0.012700000000000045
379,CVE-2023-27532,2024-09-10,CVE-2023-28252,2025-03-12,12,0.3499999999999998,0.0308,0.91217,0.0,0.01629,0.8781,0.0,0.034070000000000045,2,0.0308,0.91197,0.01629,0.87781,-0.000200000000000089,-0.00029000000000001247,8.999999999992347e-05,0.02289,0.89879,0.01629,0.87816,-0.013380000000000059,6.0000000000060005e-05,-0.013440000000000119
379,CVE-2023-27532,2024-09-10,CVE-2023-0159,2025-03-19,1,0.05,0.0308,0.91217,0.0,0.0152,0.8733,0.0,0.03887000000000007,3,0.0308,0.91197,0.0152,0.87299,-0.000200000000000089,-0.00030999999999992145,0.00010999999999983245,0.02289,0.89879,0.0155,0.87466,-0.013380000000000059,0.0013600000000000279,-0.014740000000000086
384,CVE-2023-27997,2025-01-09,CVE-2023-34048,2025-03-04,1,0.0,0.10651,0.95047,0.0,0.4267,0.97409,0.0,0.023619999999999974,1,0.10651,0.9505,0.43862,0.97462,2.999999999997449e-05,0.0005300000000000304,-0.000500000000000056,0.08388,0.94469,0.43862,0.97491,-0.005780000000000007,0.0008200000000000429,-0.00660000000000005
384,CVE-2023-27997,2025-01-09,CVE-2023-26602,2025-04-16,11,0.05,0.10651,0.95047,0.0,0.48519,0.97588,0.0,0.025409999999999933,2,0.10651,0.9505,0.48519,0.97599,2.999999999997449e-05,0.0001100000000000545,-8.000000000008001e-05,0.08388,0.94469,0.48519,0.97626,-0.005780000000000007,0.00038000000000004697,-0.006160000000000054
384,CVE-2023-27997,2025-01-09,CVE-2023-38408,2025-04-09,9,0.05,0.10651,0.95047,0.0,0.04294,0.92241,0.0,0.028060000000000085,3,0.10651,0.9505,0.04294,0.92272,2.999999999997449e-05,0.00031000000000003247,-0.000280000000000058,0.08388,0.94469,0.04731,0.92641,-0.005780000000000007,0.0040000000000000036,-0.009780000000000011
391,CVE-2023-28293,2023-06-26,CVE-2023-29336,2025-05-25,5,0.0,0.00064,0.26208,0.0,0.00051,0.1766,0.0,0.08547999999999997,1,0.0011,0.43088,0.00051,0.17633,0.1688,-0.0002700000000000202,0.16907000000000003,0.00081,0.33616,0.0027,0.63457,0.07408000000000003,0.45797,-0.38388999999999995
393,CVE-2023-28461,2025-01-09,CVE-2023-34048,2025-03-04,1,0.0,0.35592,0.97173,0.0,0.4267,0.97409,0.0,0.0023600000000000287,1,0.35592,0.97186,0.43862,0.97462,0.00012999999999996348,0.0005300000000000304,-0.00040000000000006697,0.35592,0.97206,0.43862,0.97491,0.0003300000000000525,0.0008200000000000429,-0.0004899999999999904
393,CVE-2023-28461,2025-01-09,CVE-2023-26602,2025-04-16,11,0.05,0.35592,0.97173,0.0,0.48519,0.97588,0.0,0.004149999999999987,2,0.35592,0.97186,0.48519,0.97599,0.00012999999999996348,0.0001100000000000545,1.999999999990898e-05,0.35592,0.97206,0.48519,0.97626,0.0003300000000000525,0.00038000000000004697,-4.999999999999449e-05
393,CVE-2023-28461,2025-01-09,CVE-2023-30258,2025-04-11,10,0.05,0.35592,0.97173,0.0,0.66435,0.98104,0.0,0.00931000000000004,3,0.35592,0.97186,0.80258,0.98566,0.00012999999999996348,0.0046199999999999575,-0.004489999999999994,0.35592,0.97206,0.79419,0.98545,0.0003300000000000525,0.004410000000000025,-0.0040799999999999725
394,CVE-2023-2868,2025-01-23,CVE-2023-38408,2025-04-09,12,0.45000000000000034,0.07893,0.94271,0.0,0.04294,0.92272,0.0,0.019990000000000063,1,0.07893,0.94283,0.04731,0.9264,0.00011999999999989797,0.0036800000000000166,-0.0035600000000001186,0.07893,0.94338,0.03986,0.92081,0.0006699999999999484,-0.0019099999999999673,0.0025799999999999157
394,CVE-2023-2868,2025-01-23,CVE-2023-34048,2025-03-04,6,0.40000000000000036,0.07893,0.94271,0.0,0.43862,0.9747,0.0,0.03198999999999996,2,0.07893,0.94283,0.43862,0.97476,0.00011999999999989797,5.999999999994898e-05,5.999999999994898e-05,0.07893,0.94338,0.38341,0.9732,0.0006699999999999484,-0.0015000000000000568,0.0021700000000000053
394,CVE-2023-2868,2025-01-23,CVE-2023-5360,2025-04-05,11,0.45000000000000034,0.07893,0.94271,0.0,0.79632,0.98539,0.0,0.04267999999999994,3,0.07893,0.94283,0.79632,0.98549,0.00011999999999989797,9.999999999998899e-05,1.999999999990898e-05,0.07893,0.94338,0.79632,0.9857,0.0006699999999999484,0.00031000000000003247,0.00035999999999991594
398,CVE-2023-29689,2023-08-08,CVE-2023-30258,2025-04-11,6,0.0,0.00216,0.58784,1.0,0.00169,0.53096,1.0,0.05688000000000004,1,,,,,,,,0.00591,0.75618,0.00169,0.53232,0.16833999999999993,0.0013600000000000279,0.1669799999999999
403,CVE-2023-30198,2023-06-26,CVE-2023-1545,2025-03-22,8,0.0,0.0009,0.37149,0.0,0.00073,0.29866,0.0,0.07283,1,0.02112,0.87611,0.00085,0.34833,0.5046200000000001,0.04966999999999999,0.4549500000000001,0.03552,0.90342,0.00073,0.30343,0.53193,0.0047699999999999965,0.5271600000000001
405,CVE-2023-30258,2025-04-11,CVE-2023-36845,2025-05-29,3,0.05,0.92564,0.99737,0.0,0.9432,0.99944,0.0,0.0020700000000000163,1,0.93458,0.99805,0.94355,0.99947,0.0006800000000000139,2.999999999997449e-05,0.0006500000000000394,0.93458,0.99808,0.94355,0.99947,0.0007099999999999884,2.999999999997449e-05,0.0006800000000000139
405,CVE-2023-30258,2025-04-11,CVE-2023-34362,2025-05-13,1,0.05,0.92564,0.99737,0.0,0.94388,0.99967,0.0,0.0022999999999999687,2,0.93458,0.99805,0.94485,0.99998,0.0006800000000000139,0.00031000000000003247,0.00036999999999998145,0.93458,0.99808,0.94485,0.99998,0.0007099999999999884,0.00031000000000003247,0.00039999999999995595
405,CVE-2023-30258,2025-04-11,CVE-2023-29336,2025-05-25,7,2.250000000000001,0.92564,0.99737,0.0,0.62322,0.98224,0.0,0.015129999999999977,3,0.93458,0.99805,0.76942,0.98873,0.0006800000000000139,0.006489999999999996,-0.005809999999999982,0.93458,0.99808,0.74852,0.98791,0.0007099999999999884,0.005669999999999953,-0.0049599999999999644
415,CVE-2023-31698,2023-05-23,CVE-2023-29918,2023-07-28,1,0.0,0.00043,0.07081,0.0,0.00045,0.12021,0.0,0.0494,1,0.00048,0.15163,0.00045,0.12007,0.08081999999999999,-0.00014000000000000123,0.08095999999999999,,,,,,,
416,CVE-2023-31699,2023-05-23,CVE-2023-1258,2023-07-19,9,0.5,0.00043,0.07081,0.0,0.00046,0.14051,0.0,0.0697,1,0.00072,0.29385,0.00046,0.14002,0.22304000000000002,-0.0004899999999999904,0.22353,,,,,,,
416,CVE-2023-31699,2023-05-23,CVE-2023-23408,2023-06-26,7,0.2999999999999998,0.00043,0.07081,0.0,0.00049,0.16315,0.0,0.09233999999999999,2,0.00072,0.29385,0.00049,0.16266,0.22304000000000002,-0.0004899999999999904,0.22353,,,,,,,
418,CVE-2023-31703,2023-05-23,CVE-2023-2868,2025-01-23,5,0.45000000000000034,0.00047,0.1422,0.0,0.00047,0.14208,3.0,0.00011999999999998123,1,0.00138,0.47982,0.00645,0.76307,0.33762000000000003,0.62099,-0.28337,,,,,,,
419,CVE-2023-31747,2023-05-25,CVE-2023-29336,2025-05-25,9,0.0,0.00045,0.12343,0.0,0.00051,0.17721,0.0,0.05378000000000001,1,,,,,,,,0.00051,0.17967,0.00051,0.17682,0.05624,-0.00039000000000000146,0.05663
420,CVE-2023-31748,2023-05-23,CVE-2023-28285,2023-07-03,2,0.0,0.00144,0.48975,3.0,0.00116,0.44131,0.0,0.04844000000000004,1,0.00144,0.48972,0.00116,0.44145,-3.0000000000030003e-05,0.000140000000000029,-0.000170000000000059,,,,,,,
420,CVE-2023-31748,2023-05-23,CVE-2023-28293,2023-06-26,1,0.0,0.00144,0.48975,3.0,0.00102,0.40627,0.0,0.08348,2,0.00144,0.48972,0.00102,0.40644,-3.0000000000030003e-05,0.00017000000000000348,-0.00020000000000003348,,,,,,,
421,CVE-2023-3184,2023-06-13,CVE-2023-29383,2025-05-17,4,0.95,0.00045,0.12282,0.0,0.00045,0.12282,0.0,0.0,1,,,,,,,,0.00098,0.40081,0.00045,0.12337,0.27799,0.0005499999999999949,0.27744
422,CVE-2023-3187,2023-06-13,CVE-2023-20118,2025-03-03,9,0.25000000000000017,0.00045,0.12282,0.0,0.00053,0.18789,0.0,0.06507,1,,,,,,,,0.00116,0.44582,0.00053,0.18872,0.323,0.0008299999999999974,0.32217
429,CVE-2023-32369,2025-01-13,CVE-2023-40238,2025-05-07,11,0.55,0.00045,0.17537,0.0,0.00045,0.17763,0.0,0.002260000000000012,1,0.00045,0.1768,0.00045,0.17906,0.0014300000000000146,0.0014299999999999868,2.7755575615628914e-17,0.00045,0.17783,0.00045,0.1802,0.00245999999999999,0.002569999999999989,-0.00010999999999999899
430,CVE-2023-32560,2023-09-04,CVE-2023-30258,2025-04-11,6,0.0,0.00134,0.47971,0.0,0.00169,0.53199,0.0,0.05227999999999994,1,0.0499,0.91852,0.00169,0.53238,0.43881,0.00039000000000000146,0.43842,0.25999,0.96136,0.00169,0.53441,0.48164999999999997,0.0024200000000000887,0.4792299999999999
436,CVE-2023-33131,2023-07-07,CVE-2023-1389,2023-08-10,2,0.0,0.02137,0.877,0.0,0.01664,0.85894,0.0,0.018059999999999965,1,0.04963,0.9175,0.01664,0.85925,0.04049999999999998,0.00030999999999992145,0.04019000000000006,0.03527,0.90316,0.01664,0.85989,0.02615999999999996,0.0009500000000000064,0.025209999999999955
437,CVE-2023-33137,2023-07-03,CVE-2023-21675,2025-05-16,10,0.05,0.00113,0.43846,0.0,0.00123,0.45568,0.0,0.017219999999999958,1,0.00298,0.65181,0.00047,0.14429,0.21334999999999998,-0.31138999999999994,0.52474,,,0.00047,0.14407,,-0.31160999999999994,
437,CVE-2023-33137,2023-07-03,CVE-2023-21747,2025-05-16,11,0.05,0.00113,0.43846,0.0,0.00123,0.45568,0.0,0.017219999999999958,2,0.00298,0.65181,0.00047,0.14429,0.21334999999999998,-0.31138999999999994,0.52474,,,0.00047,0.14407,,-0.31160999999999994,
437,CVE-2023-33137,2023-07-03,CVE-2023-21748,2025-05-16,12,0.05,0.00113,0.43846,0.0,0.00123,0.45568,0.0,0.017219999999999958,3,0.00298,0.65181,0.00047,0.14429,0.21334999999999998,-0.31138999999999994,0.52474,,,0.00047,0.14407,,-0.31160999999999994,
439,CVE-2023-33148,2023-07-20,CVE-2023-21675,2025-05-16,10,0.05,0.00052,0.18486,0.0,0.00047,0.14476,0.0,0.0401,1,0.0006,0.23556,0.00047,0.14458,0.050699999999999995,-0.00018000000000001348,0.05088000000000001,0.0006,0.23563,0.00047,0.14422,0.05077000000000001,-0.0005400000000000127,0.05131000000000002
439,CVE-2023-33148,2023-07-20,CVE-2023-21747,2025-05-16,11,0.05,0.00052,0.18486,0.0,0.00047,0.14476,0.0,0.0401,2,0.0006,0.23556,0.00047,0.14458,0.050699999999999995,-0.00018000000000001348,0.05088000000000001,0.0006,0.23563,0.00047,0.14422,0.05077000000000001,-0.0005400000000000127,0.05131000000000002
439,CVE-2023-33148,2023-07-20,CVE-2023-21748,2025-05-16,12,0.05,0.00052,0.18486,0.0,0.00047,0.14476,0.0,0.0401,3,0.0006,0.23556,0.00047,0.14458,0.050699999999999995,-0.00018000000000001348,0.05088000000000001,0.0006,0.23563,0.00047,0.14422,0.05077000000000001,-0.0005400000000000127,0.05131000000000002
442,CVE-2023-33383,2023-08-04,CVE-2023-2745,2025-04-22,4,0.10000000000000053,0.00144,0.49432,1.0,0.00193,0.56221,0.0,0.06789,1,0.26091,0.96113,0.00193,0.56324,0.46681000000000006,0.0010299999999999754,0.4657800000000001,0.28541,0.96255,0.00193,0.56383,0.46823000000000004,0.0016200000000000658,0.46660999999999997
447,CVE-2023-33829,2023-05-25,CVE-2023-29918,2023-07-28,1,0.0,0.00043,0.07086,0.0,0.00045,0.12034,0.0,0.049479999999999996,1,,,,,,,,0.00101,0.40411,0.00045,0.12025,0.33325000000000005,-9.000000000000674e-05,0.3333400000000001
448,CVE-2023-33996,2024-12-13,CVE-2023-52235,2025-04-11,12,0.05,0.00043,0.10937,1.0,0.00043,0.10843,0.0,0.0009399999999999964,1,0.00043,0.10892,0.00043,0.10892,-0.0004499999999999921,0.0004900000000000043,-0.0009399999999999964,0.00043,0.11159,0.00043,0.11159,0.0022199999999999998,0.003159999999999996,-0.0009399999999999964
449,CVE-2023-34039,2025-04-17,CVE-2023-36845,2025-05-29,2,0.05,0.93246,0.99787,0.0,0.94355,0.99947,0.0,0.0015999999999999348,1,0.93246,0.99788,0.94355,0.99948,9.99999999995449e-06,1.0000000000065512e-05,-1.1102230246251565e-16,0.93246,0.99791,0.94355,0.99948,3.999999999992898e-05,1.0000000000065512e-05,2.999999999986347e-05
449,CVE-2023-34039,2025-04-17,CVE-2023-29336,2025-05-25,11,2.3000000000000007,0.93246,0.99787,0.0,0.76942,0.98873,0.0,0.009140000000000037,2,0.93246,0.99788,0.76942,0.98876,9.99999999995449e-06,2.999999999997449e-05,-2.0000000000020002e-05,0.93246,0.99791,0.74852,0.98788,3.999999999992898e-05,-0.0008500000000000174,0.0008899999999999464
450,CVE-2023-34048,2025-03-04,CVE-2023-26602,2025-04-16,4,0.05,0.38341,0.97343,0.0,0.52868,0.97802,0.0,0.004589999999999983,1,0.38341,0.97352,0.52868,0.97809,9.00000000000345e-05,7.00000000000145e-05,2.0000000000020002e-05,0.51683,0.97682,0.24445,0.95657,0.003390000000000004,-0.02144999999999997,0.024839999999999973
450,CVE-2023-34048,2025-03-04,CVE-2023-50164,2025-04-17,11,0.05,0.38341,0.97343,0.0,0.53972,0.97831,0.0,0.0048799999999999955,2,0.38341,0.97352,0.53972,0.97836,9.00000000000345e-05,4.999999999999449e-05,4.0000000000040004e-05,0.51683,0.97682,0.92338,0.99719,0.003390000000000004,0.018880000000000008,-0.015490000000000004
450,CVE-2023-34048,2025-03-04,CVE-2023-51467,2025-04-17,12,0.05,0.38341,0.97343,0.0,0.66653,0.98171,0.0,0.008279999999999954,3,0.38341,0.97352,0.55272,0.97864,9.00000000000345e-05,-0.003070000000000017,0.0031600000000000517,0.51683,0.97682,0.93511,0.99824,0.003390000000000004,0.016530000000000045,-0.01314000000000004
451,CVE-2023-34096,2023-06-09,CVE-2023-20118,2025-03-03,2,0.05,0.00046,0.12951,0.0,0.00053,0.18856,0.0,0.05905000000000002,1,0.0007,0.28866,0.00053,0.1882,0.15915000000000004,-0.0003599999999999992,0.15951000000000004,0.02668,0.88935,0.00053,0.18806,0.75984,-0.0005000000000000004,0.76034
453,CVE-2023-34330,2025-03-18,CVE-2023-23420,2025-05-16,9,0.44999999999999946,0.00162,0.34632,0.0,0.00163,0.34737,0.0,0.0010499999999999954,1,0.00162,0.33691,0.00279,0.48208,-0.00941000000000003,0.13471,-0.14412000000000003,0.00041,0.11715,0.00279,0.50868,-0.22917,0.16131,-0.39048000000000005
453,CVE-2023-34330,2025-03-18,CVE-2023-23421,2025-05-16,10,0.44999999999999946,0.00162,0.34632,0.0,0.00188,0.38418,0.0,0.037860000000000005,2,0.00162,0.33691,0.00346,0.54047,-0.00941000000000003,0.15628999999999998,-0.16570000000000001,0.00041,0.11715,0.00346,0.56255,-0.22917,0.17836999999999997,-0.40754
453,CVE-2023-34330,2025-03-18,CVE-2023-21747,2025-05-16,5,0.44999999999999946,0.00162,0.34632,0.0,0.00226,0.43296,0.0,0.08664,3,0.00162,0.33691,0.00226,0.42288,-0.00941000000000003,-0.010080000000000033,0.0006700000000000039,0.00041,0.11715,0.00226,0.4548,-0.22917,0.02183999999999997,-0.25100999999999996
460,CVE-2023-34723,2023-09-08,CVE-2023-1545,2025-03-22,6,0.0,0.00084,0.34768,0.0,0.00073,0.30362,0.0,0.04405999999999999,1,,,,,,,,,,,,,,
463,CVE-2023-34927,2024-04-02,CVE-2023-45884,2025-04-11,2,0.05,0.00054,0.20031,0.0,0.00055,0.21055,0.0,0.010239999999999999,1,0.01954,0.8848,0.00055,0.21231,0.68449,0.0017600000000000116,0.6827300000000001,0.02086,0.8896,0.00055,0.21836,0.68929,0.007810000000000011,0.68148
463,CVE-2023-34927,2024-04-02,CVE-2023-45857,2025-05-04,3,0.05,0.00054,0.20031,0.0,0.00055,0.21055,0.0,0.010239999999999999,2,0.01954,0.8848,0.00055,0.21231,0.68449,0.0017600000000000116,0.6827300000000001,0.02086,0.8896,0.00055,0.21836,0.68929,0.007810000000000011,0.68148
463,CVE-2023-34927,2024-04-02,CVE-2023-24626,2025-05-12,4,0.05,0.00054,0.20031,0.0,0.00062,0.24707,0.0,0.046760000000000024,3,0.01954,0.8848,0.00062,0.24884,0.68449,0.0017699999999999938,0.68272,0.02086,0.8896,0.00062,0.25436,0.68929,0.007289999999999963,0.6819999999999999
465,CVE-2023-35082,2025-04-17,CVE-2023-36845,2025-05-29,2,0.05,0.94468,0.99994,0.0,0.94355,0.99947,0.0,0.00047000000000008146,1,0.94468,0.99993,0.94355,0.99948,-1.0000000000065512e-05,1.0000000000065512e-05,-2.0000000000131024e-05,0.94468,0.99993,0.94355,0.99948,-1.0000000000065512e-05,1.0000000000065512e-05,-2.0000000000131024e-05
465,CVE-2023-35082,2025-04-17,CVE-2023-29336,2025-05-25,11,2.3000000000000007,0.94468,0.99994,0.0,0.76942,0.98873,0.0,0.011210000000000053,2,0.94468,0.99993,0.76942,0.98876,-1.0000000000065512e-05,2.999999999997449e-05,-4.0000000000040004e-05,0.94468,0.99993,0.74852,0.98788,-1.0000000000065512e-05,-0.0008500000000000174,0.0008399999999999519
466,CVE-2023-3519,2025-01-09,CVE-2023-43177,2025-03-25,2,0.0,0.96277,0.99684,0.0,0.96622,0.99755,0.0,0.0007100000000000994,1,0.964,0.99707,0.96622,0.99755,0.0002300000000000635,0.0,0.0002300000000000635,0.96359,0.99704,0.96314,0.99697,0.000200000000000089,-0.0005800000000000249,0.0007800000000001139
466,CVE-2023-3519,2025-01-09,CVE-2023-22515,2025-04-17,12,0.05,0.96277,0.99684,0.0,0.96973,0.99844,0.0,0.0016000000000000458,2,0.964,0.99707,0.96973,0.99845,0.0002300000000000635,9.99999999995449e-06,0.000220000000000109,0.96359,0.99704,0.96973,0.9985,0.000200000000000089,6.0000000000060005e-05,0.000140000000000029
466,CVE-2023-3519,2025-01-09,CVE-2023-5360,2025-04-05,8,0.05,0.96277,0.99684,0.0,0.7817,0.98474,0.0,0.0121,3,0.964,0.99707,0.7817,0.9848,0.0002300000000000635,6.0000000000060005e-05,0.00017000000000000348,0.96359,0.99704,0.79632,0.98557,0.000200000000000089,0.0008299999999999974,-0.0006299999999999084
474,CVE-2023-36266,2023-07-28,CVE-2023-28271,2025-05-16,3,0.05,0.00042,0.0572,0.0,0.00048,0.14612,0.0,0.08892,1,,,,,,,,0.00045,0.12682,0.00048,0.14518,0.06961999999999999,-0.0009399999999999964,0.07055999999999998
476,CVE-2023-36346,2023-07-03,CVE-2023-32369,2025-01-13,7,0.14999999999999963,0.00046,0.1397,0.0,0.00045,0.12254,0.0,0.017159999999999995,1,0.00075,0.30629,0.00045,0.12279,0.16659000000000002,0.0002500000000000002,0.16634000000000002,,,0.00045,0.1226,,6.0000000000004494e-05,
482,CVE-2023-36811,2025-04-09,CVE-2023-52590,2025-05-20,12,0.7999999999999998,0.00022,0.03412,0.0,0.0005,0.12715,0.0,0.09303000000000002,1,0.00072,0.2255,8e-05,0.00453,0.19138,-0.12262,0.314,0.00052,0.16255,8e-05,0.00468,0.12843,-0.12247000000000001,0.2509
482,CVE-2023-36811,2025-04-09,CVE-2023-0437,2025-05-17,5,0.5999999999999996,0.00022,0.03412,0.0,0.00052,0.13348,0.0,0.09935999999999999,2,0.00072,0.2255,0.00052,0.16109,0.19138,0.027610000000000023,0.16376999999999997,0.00052,0.16255,0.00149,0.3669,0.12843,0.23342000000000002,-0.10499000000000003
485,CVE-2023-3710,2024-03-14,CVE-2023-30258,2025-04-11,4,0.09999999999999964,0.68018,0.97868,0.0,0.30708,0.96832,0.0,0.010360000000000036,1,0.64434,0.97805,0.30708,0.96844,-0.0006300000000000194,0.00012000000000000899,-0.0007500000000000284,0.6516,0.97847,0.28045,0.96752,-0.00021000000000004349,-0.0007999999999999119,0.0005899999999998684
485,CVE-2023-3710,2024-03-14,CVE-2023-5360,2025-04-05,3,0.09999999999999964,0.68018,0.97868,0.0,0.96723,0.99633,0.0,0.017650000000000055,2,0.64434,0.97805,0.96723,0.99636,-0.0006300000000000194,2.999999999997449e-05,-0.0006599999999999939,0.6516,0.97847,0.96723,0.99643,-0.00021000000000004349,9.999999999998899e-05,-0.00031000000000003247
485,CVE-2023-3710,2024-03-14,CVE-2023-27997,2025-01-09,12,0.14999999999999963,0.68018,0.97868,0.0,0.15407,0.95747,0.0,0.02120999999999995,3,0.64434,0.97805,0.15407,0.95757,-0.0006300000000000194,9.999999999998899e-05,-0.0007300000000000084,0.6516,0.97847,0.15407,0.95789,-0.00021000000000004349,0.00041999999999997595,-0.0006300000000000194
486,CVE-2023-37269,2023-07-15,CVE-2023-29383,2025-05-17,3,1.3499999999999999,0.00052,0.18525,0.0,0.00045,0.12341,0.0,0.06183999999999999,1,0.00123,0.4579,0.00045,0.12338,0.27264999999999995,-3.0000000000002247e-05,0.2726799999999999,0.00123,0.45898,0.00045,0.12264,0.27373000000000003,-0.0007700000000000068,0.2745
487,CVE-2023-37534,2025-04-25,CVE-2023-7206,2025-05-26,3,0.7000000000000002,0.00029,0.06444,0.0,0.00036,0.09034,0.0,0.025900000000000006,1,0.00031,0.07373,0.00036,0.0905,0.009290000000000007,0.00015999999999999348,0.009130000000000013,0.00031,0.07312,0.00026,0.05673,0.008680000000000007,-0.03361,0.04229000000000001
492,CVE-2023-37931,2025-01-14,CVE-2023-52235,2025-04-11,10,0.05,0.00043,0.11266,1.0,0.00043,0.112,0.0,0.0006599999999999939,1,0.00043,0.11351,0.00043,0.11351,0.0008500000000000035,0.0015099999999999975,-0.0006599999999999939,0.00043,0.11499,0.00043,0.11499,0.0023299999999999987,0.0029899999999999927,-0.0006599999999999939
493,CVE-2023-37933,2025-03-11,CVE-2023-52235,2025-04-11,2,0.05,0.00043,0.11938,1.0,0.00043,0.11882,0.0,0.0005600000000000049,1,0.00103,0.25763,0.00187,0.38354,0.13825000000000004,0.26472,-0.12646999999999997,0.00078,0.20516,0.0025,0.45608,0.08578000000000001,0.33726,-0.25148
495,CVE-2023-37979,2023-08-04,CVE-2023-21750,2025-05-16,3,0.05,0.00053,0.18875,1.0,0.00047,0.144,0.0,0.04475000000000001,1,0.00053,0.18943,0.00047,0.1445,0.0006799999999999862,0.0005000000000000004,0.00017999999999998573,0.00053,0.18838,0.00047,0.14365,-0.0003700000000000092,-0.0003499999999999892,-2.0000000000020002e-05
496,CVE-2023-38035,2025-04-17,CVE-2023-36845,2025-05-29,2,0.05,0.94435,0.99983,0.0,0.94355,0.99947,0.0,0.00036000000000002697,1,0.94435,0.99983,0.94355,0.99948,0.0,1.0000000000065512e-05,-1.0000000000065512e-05,0.94435,0.99982,0.94355,0.99948,-9.99999999995449e-06,1.0000000000065512e-05,-2.0000000000020002e-05
496,CVE-2023-38035,2025-04-17,CVE-2023-29336,2025-05-25,11,2.3000000000000007,0.94435,0.99983,0.0,0.76942,0.98873,0.0,0.011099999999999999,2,0.94435,0.99983,0.76942,0.98876,0.0,2.999999999997449e-05,-2.999999999997449e-05,0.94435,0.99982,0.74852,0.98788,-9.99999999995449e-06,-0.0008500000000000174,0.0008400000000000629
503,CVE-2023-38408,2025-04-09,CVE-2023-36845,2025-05-29,3,0.05,0.45307,0.97352,0.0,0.9432,0.99944,0.0,0.025919999999999943,1,0.58235,0.98017,0.94355,0.99946,0.006649999999999934,2.0000000000020002e-05,0.006629999999999914,0.58235,0.98038,0.94355,0.99947,0.006859999999999977,2.999999999997449e-05,0.006830000000000003
503,CVE-2023-38408,2025-04-09,CVE-2023-34362,2025-05-13,1,0.0,0.45307,0.97352,0.0,0.94388,0.99966,0.0,0.02613999999999994,2,0.58235,0.98017,0.94485,0.99998,0.006649999999999934,0.00031999999999998696,0.006329999999999947,0.58235,0.98038,0.94485,0.99998,0.006859999999999977,0.00031999999999998696,0.00653999999999999
503,CVE-2023-38408,2025-04-09,CVE-2023-39780,2025-05-28,6,1.3,0.45307,0.97352,0.0,0.06658,0.90359,0.0,0.06993000000000005,3,0.58235,0.98017,0.01699,0.81201,0.006649999999999934,-0.09158,0.09822999999999993,0.58235,0.98038,0.01699,0.81265,0.006859999999999977,-0.09094000000000002,0.0978
504,CVE-2023-3849,2023-07-28,CVE-2023-29383,2025-05-17,4,0.25000000000000017,0.00045,0.1232,0.0,0.00045,0.1232,0.0,0.0,1,,,,,,,,0.0006,0.23572,0.00045,0.1223,0.11252000000000001,-0.000899999999999998,0.11342
504,CVE-2023-3849,2023-07-28,CVE-2023-3897,2024-02-19,12,1.5499999999999998,0.00045,0.1232,0.0,0.00042,0.0572,0.0,0.066,2,,,,,,,,0.0006,0.23572,0.00046,0.12721,0.11252000000000001,0.07000999999999999,0.04251000000000002
507,CVE-2023-38831,2025-04-17,CVE-2023-0669,2025-05-28,12,0.6499999999999997,0.9373,0.99834,0.0,0.94364,0.99951,0.0,0.0011700000000000044,1,0.9373,0.99834,0.94364,0.99952,0.0,9.99999999995449e-06,-9.99999999995449e-06,0.9373,0.99839,0.94364,0.99951,4.999999999999449e-05,0.0,4.999999999999449e-05
507,CVE-2023-38831,2025-04-17,CVE-2023-29336,2025-05-25,6,0.05,0.9373,0.99834,0.0,0.76942,0.98873,0.0,0.009610000000000007,2,0.9373,0.99834,0.76942,0.98876,0.0,2.999999999997449e-05,-2.999999999997449e-05,0.9373,0.99839,0.74852,0.98788,4.999999999999449e-05,-0.0008500000000000174,0.0009000000000000119
509,CVE-2023-3897,2024-02-19,CVE-2023-36811,2025-04-09,2,0.14999999999999963,0.00046,0.12494,0.0,0.00045,0.12278,0.0,0.0021599999999999953,1,0.16518,0.95835,0.00045,0.12448,0.83341,0.0016999999999999932,0.83171,0.16518,0.95874,0.00045,0.13153,0.8338000000000001,0.008750000000000008,0.8250500000000001
509,CVE-2023-3897,2024-02-19,CVE-2023-4641,2025-05-17,4,0.14999999999999963,0.00046,0.12494,0.0,0.00045,0.12013,0.0,0.004809999999999995,2,0.16518,0.95835,0.00045,0.12186,0.83341,0.0017299999999999954,0.83168,0.16518,0.95874,0.00045,0.12897,0.8338000000000001,0.00884,0.8249600000000001
509,CVE-2023-3897,2024-02-19,CVE-2023-6710,2024-05-13,7,0.6000000000000005,0.00046,0.12494,0.0,0.00045,0.11727,0.0,0.007669999999999996,3,0.16518,0.95835,0.00045,0.11818,0.83341,0.0009099999999999941,0.8325,0.16518,0.95874,0.00068,0.28116,0.8338000000000001,0.16389000000000004,0.66991
510,CVE-2023-39026,2023-09-04,CVE-2023-27532,2024-09-10,7,0.05,0.01308,0.84247,0.0,0.00666,0.77141,0.0,0.07106000000000001,1,0.06593,0.92897,0.00666,0.77186,0.08649999999999991,0.00044999999999995044,0.08604999999999996,,,0.00666,0.77301,,0.0015999999999999348,
513,CVE-2023-39362,2023-10-09,CVE-2023-1966,2025-01-07,10,0.25000000000000017,0.00103,0.41473,0.0,0.00128,0.47013,0.0,0.055400000000000005,1,0.00305,0.66322,0.00128,0.47099,0.24849000000000004,0.0008600000000000274,0.24763000000000002,0.00929,0.81165,0.00128,0.47242,0.39692,0.0022900000000000142,0.39463
515,CVE-2023-40044,2025-04-17,CVE-2023-36845,2025-05-29,2,0.24999999999999928,0.94427,0.99979,0.0,0.94355,0.99947,0.0,0.00031999999999998696,1,0.94427,0.99979,0.94355,0.99948,0.0,1.0000000000065512e-05,-1.0000000000065512e-05,0.94427,0.99978,0.94355,0.99948,-9.99999999995449e-06,1.0000000000065512e-05,-2.0000000000020002e-05
515,CVE-2023-40044,2025-04-17,CVE-2023-29336,2025-05-25,11,2.5,0.94427,0.99979,0.0,0.76942,0.98873,0.0,0.011059999999999959,2,0.94427,0.99979,0.76942,0.98876,0.0,2.999999999997449e-05,-2.999999999997449e-05,0.94427,0.99978,0.74852,0.98788,-9.99999999995449e-06,-0.0008500000000000174,0.0008400000000000629
517,CVE-2023-40278,2024-04-15,CVE-2023-47113,2025-05-03,9,0.25000000000000017,0.00043,0.08022,0.0,0.00042,0.05281,0.0,0.027409999999999997,1,0.00144,0.49756,0.00042,0.05285,0.41734,3.999999999999837e-05,0.4173,0.00144,0.49962,0.00042,0.05204,0.4194,-0.0007699999999999999,0.42017
518,CVE-2023-40279,2024-04-15,CVE-2023-47113,2025-05-03,9,0.25000000000000017,0.00043,0.08022,0.0,0.00042,0.05281,0.0,0.027409999999999997,1,0.00144,0.49756,0.00042,0.05285,0.41734,3.999999999999837e-05,0.4173,0.00144,0.49962,0.00042,0.05204,0.4194,-0.0007699999999999999,0.42017
520,CVE-2023-40547,2025-04-22,CVE-2023-39780,2025-05-28,2,0.55,0.03357,0.86627,0.0,0.01699,0.81229,0.0,0.05398000000000003,1,0.03357,0.86608,0.01699,0.81225,-0.00019000000000002348,-3.999999999992898e-05,-0.0001500000000000945,0.03039,0.85993,0.02054,0.82947,-0.006340000000000012,0.017180000000000084,-0.023520000000000096
520,CVE-2023-40547,2025-04-22,CVE-2023-6241,2025-05-23,10,1.3000000000000007,0.03357,0.86627,0.0,0.09367,0.92292,0.0,0.05664999999999998,2,0.03357,0.86608,0.09367,0.92296,-0.00019000000000002348,4.0000000000040004e-05,-0.0002300000000000635,0.03039,0.85993,0.09367,0.92334,-0.006340000000000012,0.00042000000000008697,-0.006760000000000099
521,CVE-2023-40580,2025-04-14,CVE-2023-21675,2025-05-16,2,0.2999999999999998,0.00299,0.50338,0.0,0.00301,0.50489,0.0,0.0015099999999999003,1,0.00086,0.2611,0.00301,0.52727,-0.24228000000000005,0.022380000000000067,-0.2646600000000001,0.00083,0.25529,0.00301,0.52843,-0.24809000000000003,0.023540000000000005,-0.27163000000000004
521,CVE-2023-40580,2025-04-14,CVE-2023-23420,2025-05-16,7,0.2999999999999998,0.00299,0.50338,0.0,0.00279,0.48437,0.0,0.019010000000000027,2,0.00086,0.2611,0.00279,0.50823,-0.24228000000000005,0.023859999999999937,-0.26614,0.00083,0.25529,0.00279,0.5089,-0.24809000000000003,0.024529999999999996,-0.27262000000000003
521,CVE-2023-40580,2025-04-14,CVE-2023-21748,2025-05-16,4,0.2999999999999998,0.00299,0.50338,0.0,0.0033,0.53097,0.0,0.027590000000000003,3,0.00086,0.2611,0.0033,0.55134,-0.24228000000000005,0.02037,-0.26265000000000005,0.00083,0.25529,0.0033,0.55251,-0.24809000000000003,0.021539999999999893,-0.2696299999999999
527,CVE-2023-41076,2025-04-12,CVE-2023-42871,2025-05-25,10,0.5,0.00028,0.04817,0.0,0.00043,0.09946,0.0,0.05129000000000001,1,0.00029,0.06542,0.00062,0.19752,0.01725000000000001,0.09806,-0.08080999999999999,0.0003,0.07067,0.00062,0.19782,0.0225,0.09835999999999999,-0.07585999999999998
527,CVE-2023-41076,2025-04-12,CVE-2023-34332,2025-05-19,8,0.5,0.00028,0.04817,0.0,0.00045,0.1094,0.0,0.06123,2,0.00029,0.06542,0.00021,0.04051,0.01725000000000001,-0.06889,0.08614000000000002,0.0003,0.07067,0.00021,0.0403,0.0225,-0.0691,0.09159999999999999
527,CVE-2023-41076,2025-04-12,CVE-2023-51745,2025-05-18,5,0.5,0.00028,0.04817,0.0,0.00053,0.13633,0.0,0.08816000000000002,3,0.00029,0.06542,0.00035,0.09146,0.01725000000000001,-0.04487000000000001,0.062120000000000015,0.0003,0.07067,0.00035,0.08999,0.0225,-0.046340000000000006,0.06884000000000001
529,CVE-2023-4113,2023-08-04,CVE-2023-2745,2025-04-22,11,1.1000000000000005,0.00146,0.49797,1.0,0.00193,0.56221,0.0,0.06423999999999996,1,0.00146,0.49921,0.00193,0.56324,0.0012399999999999634,0.0010299999999999754,0.00020999999999998797,0.00146,0.49915,0.00193,0.56383,0.0011799999999999589,0.0016200000000000658,-0.00044000000000010697
531,CVE-2023-4114,2023-08-04,CVE-2023-2745,2025-04-22,11,1.1000000000000005,0.00146,0.49797,1.0,0.00193,0.56221,0.0,0.06423999999999996,1,0.00146,0.49921,0.00193,0.56324,0.0012399999999999634,0.0010299999999999754,0.00020999999999998797,0.00146,0.49915,0.00193,0.56383,0.0011799999999999589,0.0016200000000000658,-0.00044000000000010697
532,CVE-2023-4115,2023-08-04,CVE-2023-2745,2025-04-22,11,1.1000000000000005,0.00146,0.49797,1.0,0.00193,0.56221,0.0,0.06423999999999996,1,0.00146,0.49921,0.00193,0.56324,0.0012399999999999634,0.0010299999999999754,0.00020999999999998797,0.00146,0.49915,0.00193,0.56383,0.0011799999999999589,0.0016200000000000658,-0.00044000000000010697
533,CVE-2023-4116,2023-08-04,CVE-2023-2745,2025-04-22,11,1.1000000000000005,0.00146,0.49797,1.0,0.00193,0.56221,0.0,0.06423999999999996,1,0.00146,0.49921,0.00193,0.56324,0.0012399999999999634,0.0010299999999999754,0.00020999999999998797,0.00146,0.49915,0.00193,0.56383,0.0011799999999999589,0.0016200000000000658,-0.00044000000000010697
534,CVE-2023-4117,2023-08-04,CVE-2023-2745,2025-04-22,11,1.1000000000000005,0.00146,0.49797,1.0,0.00193,0.56221,0.0,0.06423999999999996,1,0.00146,0.49921,0.00193,0.56324,0.0012399999999999634,0.0010299999999999754,0.00020999999999998797,0.00146,0.49915,0.00193,0.56383,0.0011799999999999589,0.0016200000000000658,-0.00044000000000010697
535,CVE-2023-4119,2023-08-04,CVE-2023-3897,2024-02-19,6,0.5,0.00055,0.20557,1.0,0.00046,0.12718,1.0,0.07839000000000002,1,0.00146,0.49921,0.00046,0.12785,0.29364,0.0006700000000000039,0.29297,0.00146,0.49915,0.00046,0.12708,0.29357999999999995,-9.999999999998899e-05,0.29367999999999994
536,CVE-2023-41425,2025-04-22,CVE-2023-29336,2025-05-25,3,1.9500000000000002,0.60716,0.98143,0.0,0.76942,0.98874,0.0,0.007309999999999928,1,0.64041,0.98289,0.76942,0.98877,0.0014600000000000168,3.0000000000085514e-05,0.0014299999999999313,0.84516,0.9926,0.74852,0.98789,0.011170000000000013,-0.0008499999999999064,0.01201999999999992
536,CVE-2023-41425,2025-04-22,CVE-2023-36845,2025-05-29,11,4.000000000000001,0.60716,0.98143,0.0,0.94355,0.99948,0.0,0.01805000000000001,2,0.64041,0.98289,0.94355,0.99948,0.0014600000000000168,0.0,0.0014600000000000168,0.84516,0.9926,0.94355,0.99948,0.011170000000000013,0.0,0.011170000000000013
536,CVE-2023-41425,2025-04-22,CVE-2023-0669,2025-05-28,2,1.4000000000000006,0.60716,0.98143,0.0,0.94364,0.99952,0.0,0.01808999999999994,3,0.64041,0.98289,0.94364,0.99952,0.0014600000000000168,0.0,0.0014600000000000168,0.84516,0.9926,0.94364,0.99952,0.011170000000000013,0.0,0.011170000000000013
539,CVE-2023-4173,2023-08-08,CVE-2023-3897,2024-02-19,10,1.5499999999999998,0.00055,0.20592,1.0,0.00046,0.12759,1.0,0.07832999999999998,1,,,,,,,,0.00176,0.54116,0.00046,0.12814,0.33524,0.0005499999999999949,0.33469
539,CVE-2023-4173,2023-08-08,CVE-2023-29383,2025-05-17,2,0.25000000000000017,0.00055,0.20592,1.0,0.00045,0.12275,1.0,0.08317,2,,,,,,,,0.00176,0.54116,0.00045,0.1232,0.33524,0.00045000000000000595,0.33479
540,CVE-2023-4174,2023-08-08,CVE-2023-3897,2024-02-19,10,1.5499999999999998,0.00055,0.20592,1.0,0.00046,0.12759,1.0,0.07832999999999998,1,,,,,,,,0.00209,0.58266,0.00046,0.12814,0.37673999999999996,0.0005499999999999949,0.37618999999999997
540,CVE-2023-4174,2023-08-08,CVE-2023-29383,2025-05-17,2,0.25000000000000017,0.00055,0.20592,1.0,0.00045,0.12275,1.0,0.08317,2,,,,,,,,0.00209,0.58266,0.00045,0.1232,0.37673999999999996,0.00045000000000000595,0.37628999999999996
541,CVE-2023-41892,2025-04-27,CVE-2023-36845,2025-05-29,1,0.1999999999999993,0.93766,0.99843,0.0,0.94355,0.99948,0.0,0.0010499999999999954,1,0.93766,0.99843,0.94355,0.99948,0.0,0.0,0.0,0.93542,0.99821,0.94355,0.99948,-0.00021999999999999797,0.0,-0.00021999999999999797
541,CVE-2023-41892,2025-04-27,CVE-2023-0669,2025-05-28,5,3.05,0.93766,0.99843,0.0,0.94364,0.99952,0.0,0.0010899999999999244,2,0.93766,0.99843,0.94364,0.99951,0.0,-9.99999999995449e-06,9.99999999995449e-06,0.93542,0.99821,0.94364,0.99952,-0.00021999999999999797,0.0,-0.00021999999999999797
544,CVE-2023-42007,2025-04-11,CVE-2023-52590,2025-05-20,7,0.14999999999999963,0.00026,0.04283,0.0,0.0005,0.12726,0.0,0.08443,1,0.00026,0.05676,8e-05,0.00454,0.013929999999999998,-0.12272000000000001,0.13665,0.00026,0.0569,8e-05,0.00445,0.01407,-0.12281000000000002,0.13688
544,CVE-2023-42007,2025-04-11,CVE-2023-0437,2025-05-17,8,0.15000000000000052,0.00026,0.04283,0.0,0.00052,0.13359,0.0,0.09075999999999998,2,0.00026,0.05676,0.00052,0.16282,0.013929999999999998,0.029230000000000006,-0.015300000000000008,0.00026,0.0569,0.00186,0.41031,0.01407,0.27672,-0.26265000000000005
546,CVE-2023-4220,2025-03-18,CVE-2023-29336,2025-05-25,2,0.2999999999999998,0.92866,0.99769,0.0,0.6143,0.98176,0.0,0.01593,1,0.92799,0.99763,0.62322,0.98229,-5.999999999994898e-05,0.0005300000000000304,-0.0005899999999999794,0.92521,0.99715,0.76942,0.98873,-0.0005399999999999849,0.006970000000000032,-0.007510000000000017
547,CVE-2023-4278,2023-10-09,CVE-2023-45282,2025-04-11,8,0.05,0.00048,0.15034,0.0,0.00043,0.07182,0.0,0.07852,1,0.1331,0.94919,0.00099,0.40531,0.79885,0.33349,0.46535999999999994,0.10066,0.94326,0.00099,0.4069,0.79292,0.33508,0.45783999999999997
548,CVE-2023-42793,2024-03-14,CVE-2023-5360,2025-04-05,1,0.0,0.97345,0.99885,0.0,0.96723,0.99633,0.0,0.0025199999999999667,1,0.97093,0.99759,0.96723,0.99636,-0.0012600000000000389,2.999999999997449e-05,-0.0012900000000000134,0.97071,0.99757,0.96723,0.99643,-0.0012800000000000589,9.999999999998899e-05,-0.0013800000000000479
548,CVE-2023-42793,2024-03-14,CVE-2023-3519,2025-01-09,10,0.05,0.97345,0.99885,0.0,0.91186,0.98797,0.0,0.01088,2,0.97093,0.99759,0.91186,0.98803,-0.0012600000000000389,5.999999999994898e-05,-0.0013199999999999878,0.97071,0.99757,0.91186,0.98823,-0.0012800000000000589,0.000260000000000038,-0.0015400000000000968
548,CVE-2023-42793,2024-03-14,CVE-2023-30258,2025-04-11,2,0.0,0.97345,0.99885,0.0,0.30708,0.96832,0.0,0.030530000000000057,3,0.97093,0.99759,0.30708,0.96844,-0.0012600000000000389,0.00012000000000000899,-0.0013800000000000479,0.97071,0.99757,0.28045,0.96752,-0.0012800000000000589,-0.0007999999999999119,-0.000480000000000147
553,CVE-2023-43177,2025-03-25,CVE-2023-36845,2025-05-29,3,0.05,0.89356,0.9954,0.0,0.9432,0.99942,0.0,0.0040200000000000236,1,0.89356,0.99523,0.9432,0.99943,-0.00017000000000000348,1.0000000000065512e-05,-0.000180000000000069,0.70469,0.9857,0.94355,0.99948,-0.009699999999999931,6.0000000000060005e-05,-0.009759999999999991
553,CVE-2023-43177,2025-03-25,CVE-2023-34362,2025-05-13,1,0.05,0.89356,0.9954,0.0,0.94388,0.99966,0.0,0.0042600000000000415,2,0.89356,0.99523,0.94388,0.99966,-0.00017000000000000348,0.0,-0.00017000000000000348,0.70469,0.9857,0.94485,0.99998,-0.009699999999999931,0.00031999999999998696,-0.010019999999999918
553,CVE-2023-43177,2025-03-25,CVE-2023-41892,2025-04-27,5,0.24999999999999928,0.89356,0.9954,0.0,0.70287,0.98609,0.0,0.00930999999999993,3,0.89356,0.99523,0.70287,0.98574,-0.00017000000000000348,-0.0003500000000000725,0.000180000000000069,0.70469,0.9857,0.93766,0.99842,-0.009699999999999931,0.012329999999999952,-0.022029999999999883
557,CVE-2023-4382,2023-09-04,CVE-2023-3897,2024-02-19,10,1.5499999999999998,0.0005,0.17088,0.0,0.00046,0.12752,0.0,0.04336000000000001,1,0.00056,0.21441,0.00046,0.12764,0.043529999999999985,0.00012000000000000899,0.043409999999999976,,,,,,,
557,CVE-2023-4382,2023-09-04,CVE-2023-29383,2025-05-17,2,0.25000000000000017,0.0005,0.17088,0.0,0.00045,0.12261,0.0,0.04827000000000001,2,0.00056,0.21441,0.00045,0.12271,0.043529999999999985,0.00010000000000000286,0.04342999999999998,,,0.00045,0.12516,,0.0025499999999999967,
557,CVE-2023-4382,2023-09-04,CVE-2023-36811,2025-04-09,6,1.5000000000000002,0.0005,0.17088,0.0,0.00045,0.12261,0.0,0.04827000000000001,3,0.00056,0.21441,0.00045,0.12271,0.043529999999999985,0.00010000000000000286,0.04342999999999998,,,,,,,
558,CVE-2023-43958,2025-04-23,CVE-2023-42826,2025-05-25,6,2.3000000000000007,0.00025,0.05022,0.0,0.0003,0.07065,0.0,0.020430000000000004,1,0.0021,0.43659,0.0003,0.06959,0.38637,-0.0010600000000000054,0.38743,0.00254,0.48732,0.0003,0.07023,0.4371,-0.0004200000000000037,0.43752
558,CVE-2023-43958,2025-04-23,CVE-2023-7206,2025-05-26,10,2.3000000000000007,0.00025,0.05022,0.0,0.00036,0.09046,0.0,0.04024,2,0.0021,0.43659,0.00036,0.08909,0.38637,-0.0013699999999999962,0.38774,0.00254,0.48732,0.00026,0.05659,0.4371,-0.03387,0.47097
559,CVE-2023-4407,2023-09-04,CVE-2023-24657,2025-04-11,3,0.20000000000000018,0.00077,0.31835,0.0,0.00076,0.31308,0.0,0.005269999999999997,1,0.0009,0.37674,0.00076,0.31352,0.05839,0.00043999999999999595,0.05795,,,0.00076,0.31571,,0.0026299999999999657,
559,CVE-2023-4407,2023-09-04,CVE-2023-24626,2025-05-12,10,0.25000000000000017,0.00077,0.31835,0.0,0.00062,0.24384,0.0,0.07451000000000002,2,0.0009,0.37674,0.00062,0.24417,0.05839,0.00032999999999999696,0.05806,,,0.00062,0.24621,,0.002370000000000011,
560,CVE-2023-44088,2025-04-10,CVE-2023-34872,2025-05-17,7,0.45000000000000034,0.00201,0.39414,0.0,0.002,0.39311,0.0,0.0010299999999999754,1,0.00127,0.33437,0.00164,0.38496,-0.05976999999999999,-0.00814999999999999,-0.05162,0.00127,0.33408,0.00164,0.38441,-0.06006,-0.008700000000000041,-0.05135999999999996
560,CVE-2023-44088,2025-04-10,CVE-2023-4039,2025-05-17,11,1.1500000000000006,0.00201,0.39414,0.0,0.00206,0.40147,0.0,0.007330000000000003,2,0.00127,0.33437,0.00124,0.33082,-0.05976999999999999,-0.07064999999999999,0.01088,0.00127,0.33408,0.00121,0.32552,-0.06006,-0.07595000000000002,0.015890000000000015
561,CVE-2023-44221,2025-04-25,CVE-2023-39780,2025-05-28,5,1.6500000000000006,0.0079,0.72615,0.0,0.01699,0.8124,0.0,0.08625000000000005,1,0.42049,0.97252,0.01699,0.81334,0.2463700000000001,0.0009399999999999409,0.24543000000000015,0.4625,0.97482,0.01786,0.81804,0.24867000000000006,0.005639999999999978,0.24303000000000008
563,CVE-2023-44752,2025-04-23,CVE-2023-42826,2025-05-25,6,2.3000000000000007,0.0003,0.06873,0.0,0.0003,0.07065,0.0,0.001920000000000005,1,0.0008,0.2457,0.0003,0.06959,0.17697000000000002,-0.0010600000000000054,0.17803000000000002,0.00105,0.29797,0.0003,0.07023,0.22924,-0.0004200000000000037,0.22966
563,CVE-2023-44752,2025-04-23,CVE-2023-7206,2025-05-26,10,2.3000000000000007,0.0003,0.06873,0.0,0.00036,0.09046,0.0,0.02173,2,0.0008,0.2457,0.00036,0.08909,0.17697000000000002,-0.0013699999999999962,0.17834,0.00105,0.29797,0.00026,0.05659,0.22924,-0.03387,0.26311
563,CVE-2023-44752,2025-04-23,CVE-2023-4369,2025-05-28,4,1.3,0.0003,0.06873,0.0,0.00053,0.16699,0.0,0.09826,3,0.0008,0.2457,0.00053,0.16738,0.17697000000000002,0.00039000000000000146,0.17658000000000001,0.00105,0.29797,0.00058,0.18567,0.22924,0.018680000000000002,0.21056
564,CVE-2023-44755,2025-04-23,CVE-2023-42826,2025-05-25,6,2.3000000000000007,0.00014,0.01497,0.0,0.0003,0.07065,0.0,0.05568000000000001,1,0.0004,0.11585,0.0003,0.06959,0.10088,-0.0010600000000000054,0.10194,0.0004,0.11762,0.0003,0.07023,0.10265,-0.0004200000000000037,0.10307000000000001
564,CVE-2023-44755,2025-04-23,CVE-2023-7206,2025-05-26,10,2.3000000000000007,0.00014,0.01497,0.0,0.00036,0.09046,0.0,0.07549,2,0.0004,0.11585,0.00036,0.08909,0.10088,-0.0013699999999999962,0.10225,0.0004,0.11762,0.00026,0.05659,0.10265,-0.03387,0.13652
566,CVE-2023-45277,2025-04-11,CVE-2023-28248,2025-05-16,9,0.2999999999999998,0.00897,0.73636,0.0,0.01074,0.75917,0.0,0.022809999999999997,1,0.00731,0.71441,0.00283,0.51321,-0.021950000000000025,-0.24595999999999996,0.22400999999999993,0.00731,0.71468,0.00283,0.51329,-0.021680000000000033,-0.24588,0.22419999999999995
566,CVE-2023-45277,2025-04-11,CVE-2023-35357,2025-05-16,12,0.2999999999999998,0.00897,0.73636,0.0,0.00746,0.70857,0.0,0.02778999999999998,2,0.00731,0.71441,0.00188,0.41382,-0.021950000000000025,-0.29475,0.2728,0.00731,0.71468,0.00188,0.41266,-0.021680000000000033,-0.29591,0.27423
566,CVE-2023-45277,2025-04-11,CVE-2023-28272,2025-05-16,10,0.2999999999999998,0.00897,0.73636,0.0,0.01453,0.79139,0.0,0.05503000000000002,3,0.00731,0.71441,0.00345,0.56186,-0.021950000000000025,-0.22953,0.20758,0.00731,0.71468,0.00345,0.56245,-0.021680000000000033,-0.22894000000000003,0.20726
567,CVE-2023-45278,2025-04-11,CVE-2023-39780,2025-05-28,2,0.599999999999999,0.10068,0.92374,0.0,0.06658,0.9037,0.0,0.020040000000000058,1,0.01513,0.80183,0.01699,0.81238,-0.12190999999999996,-0.09131999999999996,-0.030590000000000006,0.01513,0.80202,0.01699,0.8126,-0.12172000000000005,-0.09109999999999996,-0.03062000000000009
567,CVE-2023-45278,2025-04-11,CVE-2023-36845,2025-05-29,5,0.7500000000000011,0.10068,0.92374,0.0,0.9432,0.99944,0.0,0.07569999999999999,2,0.01513,0.80183,0.94355,0.99947,-0.12190999999999996,2.999999999997449e-05,-0.12193999999999994,0.01513,0.80202,0.94355,0.99947,-0.12172000000000005,2.999999999997449e-05,-0.12175000000000002
567,CVE-2023-45278,2025-04-11,CVE-2023-34362,2025-05-13,3,0.7000000000000011,0.10068,0.92374,0.0,0.94388,0.99967,0.0,0.07592999999999994,3,0.01513,0.80183,0.94485,0.99998,-0.12190999999999996,0.00031000000000003247,-0.12222,0.01513,0.80202,0.94485,0.99998,-0.12172000000000005,0.00031000000000003247,-0.12203000000000008
568,CVE-2023-45279,2025-04-11,CVE-2023-34872,2025-05-17,6,0.09999999999999964,0.00192,0.38308,0.0,0.002,0.3931,0.0,0.010020000000000029,1,0.00155,0.37517,0.00164,0.38539,-0.007909999999999973,-0.007709999999999995,-0.00019999999999997797,0.00155,0.37392,0.00164,0.38431,-0.009160000000000001,-0.00879000000000002,-0.00036999999999998145
568,CVE-2023-45279,2025-04-11,CVE-2023-4039,2025-05-17,9,0.6000000000000005,0.00192,0.38308,0.0,0.00206,0.40145,0.0,0.018369999999999997,2,0.00155,0.37517,0.00124,0.33128,-0.007909999999999973,-0.07016999999999995,0.06225999999999998,0.00155,0.37392,0.00121,0.32521,-0.009160000000000001,-0.07623999999999997,0.06707999999999997
569,CVE-2023-45280,2025-04-11,CVE-2023-36404,2025-05-16,2,0.09999999999999964,0.00547,0.65347,0.0,0.0069,0.69589,0.0,0.04242000000000001,1,0.01215,0.77906,0.00217,0.44536,0.12558999999999998,-0.25053000000000003,0.37612,0.01215,0.77922,0.00217,0.44474,0.12575000000000003,-0.25115,0.3769
569,CVE-2023-45280,2025-04-11,CVE-2023-38140,2025-05-16,5,0.09999999999999964,0.00547,0.65347,0.0,0.00883,0.73416,0.0,0.08069000000000004,2,0.01215,0.77906,0.00282,0.51161,0.12558999999999998,-0.22255000000000003,0.34814,0.01215,0.77922,0.00282,0.51171,0.12575000000000003,-0.22245000000000004,0.34820000000000007
569,CVE-2023-45280,2025-04-11,CVE-2023-36803,2025-05-16,4,0.09999999999999964,0.00547,0.65347,0.0,0.00914,0.73898,0.0,0.08550999999999997,3,0.01215,0.77906,0.0029,0.52004,0.12558999999999998,-0.21894000000000002,0.34453,0.01215,0.77922,0.0029,0.52024,0.12575000000000003,-0.21873999999999993,0.34448999999999996
570,CVE-2023-45281,2025-04-11,CVE-2023-4039,2025-05-17,11,1.2999999999999998,0.00212,0.40937,0.0,0.00206,0.40145,0.0,0.007920000000000038,1,0.00205,0.43217,0.00124,0.33128,0.022799999999999987,-0.07016999999999995,0.09296999999999994,0.00205,0.43147,0.00121,0.32521,0.02210000000000001,-0.07623999999999997,0.09833999999999998
570,CVE-2023-45281,2025-04-11,CVE-2023-34872,2025-05-17,8,0.5999999999999996,0.00212,0.40937,0.0,0.002,0.3931,0.0,0.016270000000000007,2,0.00205,0.43217,0.00164,0.38539,0.022799999999999987,-0.007709999999999995,0.03050999999999998,0.00205,0.43147,0.00164,0.38431,0.02210000000000001,-0.00879000000000002,0.03089000000000003
571,CVE-2023-45282,2025-04-11,CVE-2023-23421,2025-05-16,8,0.2999999999999998,0.00371,0.56091,0.0,0.00346,0.54344,0.0,0.017469999999999986,1,0.00072,0.22649,0.00346,0.56281,-0.33442000000000005,0.01937,-0.35379000000000005,0.00076,0.23734,0.00346,0.56337,-0.32357,0.019930000000000003,-0.3435
571,CVE-2023-45282,2025-04-11,CVE-2023-21748,2025-05-16,4,0.2999999999999998,0.00371,0.56091,0.0,0.0033,0.53142,0.0,0.029490000000000016,2,0.00072,0.22649,0.0033,0.55171,-0.33442000000000005,0.02029000000000003,-0.3547100000000001,0.00076,0.23734,0.0033,0.55238,-0.32357,0.02095999999999998,-0.34453
571,CVE-2023-45282,2025-04-11,CVE-2023-21675,2025-05-16,2,0.2999999999999998,0.00371,0.56091,0.0,0.00301,0.50535,0.0,0.055560000000000054,3,0.00072,0.22649,0.00301,0.52787,-0.33442000000000005,0.022519999999999984,-0.35694000000000004,0.00076,0.23734,0.00301,0.52837,-0.32357,0.02302000000000004,-0.34659000000000006
573,CVE-2023-4548,2023-09-08,CVE-2023-24657,2025-04-11,3,0.20000000000000018,0.00089,0.36886,0.0,0.00076,0.3136,0.0,0.05526000000000003,1,,,,,,,,,,,,,,
577,CVE-2023-45884,2025-04-11,CVE-2023-24626,2025-05-12,1,0.0,0.00127,0.28997,0.0,0.00074,0.19612,0.0,0.09385000000000002,1,0.00093,0.27769,0.00046,0.14041,-0.012280000000000013,-0.05570999999999998,0.04342999999999997,0.00093,0.27644,0.00046,0.13966,-0.013529999999999986,-0.05645999999999998,0.042929999999999996
578,CVE-2023-45885,2025-04-11,CVE-2023-34872,2025-05-17,6,0.09999999999999964,0.00192,0.38308,0.0,0.002,0.3931,0.0,0.010020000000000029,1,0.0012,0.32329,0.00164,0.38539,-0.059789999999999954,-0.007709999999999995,-0.05207999999999996,0.0012,0.32223,0.00164,0.38431,-0.06084999999999996,-0.00879000000000002,-0.05205999999999994
578,CVE-2023-45885,2025-04-11,CVE-2023-4039,2025-05-17,9,0.6000000000000005,0.00192,0.38308,0.0,0.00206,0.40145,0.0,0.018369999999999997,2,0.0012,0.32329,0.00124,0.33128,-0.059789999999999954,-0.07016999999999995,0.01038,0.0012,0.32223,0.00121,0.32521,-0.06084999999999996,-0.07623999999999997,0.015390000000000015
579,CVE-2023-46022,2024-03-20,CVE-2023-21675,2025-05-16,8,0.05,0.00043,0.07283,0.0,0.00043,0.07795,0.0,0.0051199999999999996,1,0.00052,0.18597,0.00043,0.07941,0.11313999999999999,0.001459999999999989,0.11168,0.00052,0.19406,0.00043,0.08773,0.12123,0.009779999999999997,0.11145000000000001
579,CVE-2023-46022,2024-03-20,CVE-2023-21747,2025-05-16,9,0.05,0.00043,0.07283,0.0,0.00043,0.07795,0.0,0.0051199999999999996,2,0.00052,0.18597,0.00043,0.07941,0.11313999999999999,0.001459999999999989,0.11168,0.00052,0.19406,0.00043,0.08773,0.12123,0.009779999999999997,0.11145000000000001
579,CVE-2023-46022,2024-03-20,CVE-2023-21748,2025-05-16,10,0.05,0.00043,0.07283,0.0,0.00043,0.07795,0.0,0.0051199999999999996,3,0.00052,0.18597,0.00043,0.07941,0.11313999999999999,0.001459999999999989,0.11168,0.00052,0.19406,0.00043,0.08773,0.12123,0.009779999999999997,0.11145000000000001
580,CVE-2023-46024,2024-03-20,CVE-2023-41061,2025-02-10,11,0.3499999999999998,0.00073,0.30071,0.0,0.0007,0.28601,0.0,0.01469999999999999,1,0.00237,0.61135,0.0007,0.2873,0.31063999999999997,0.0012900000000000134,0.30934999999999996,0.00237,0.6149,0.0007,0.29383,0.31419,0.007819999999999994,0.30637000000000003
580,CVE-2023-46024,2024-03-20,CVE-2023-1545,2025-03-22,2,0.0,0.00073,0.30071,0.0,0.00084,0.34443,0.0,0.04372000000000004,2,0.00237,0.61135,0.00118,0.44992,0.31063999999999997,0.10548999999999997,0.20515,0.00237,0.6149,0.00118,0.45458,0.31419,0.11014999999999997,0.20404000000000005
580,CVE-2023-46024,2024-03-20,CVE-2023-45277,2025-04-11,4,0.05,0.00073,0.30071,0.0,0.00087,0.35328,0.0,0.052570000000000006,3,0.00237,0.61135,0.00087,0.35445,0.31063999999999997,0.0011700000000000044,0.30946999999999997,0.00237,0.6149,0.00087,0.36012,0.31419,0.006840000000000013,0.30735
583,CVE-2023-46272,2025-02-20,CVE-2023-52235,2025-04-11,3,0.05,0.00046,0.18783,0.0,0.00043,0.11709,0.0,0.07074,1,0.00046,0.19057,0.00043,0.11767,0.0027399999999999924,0.0005799999999999972,0.0021599999999999953,0.0002,0.02985,0.0025,0.45631,-0.15798,0.33921999999999997,-0.4972
584,CVE-2023-4634,2023-10-09,CVE-2023-27997,2025-01-09,11,0.05,0.05685,0.92421,0.0,0.15407,0.95239,0.0,0.028179999999999983,1,0.01945,0.87341,0.15407,0.95258,-0.050799999999999956,0.00019000000000002348,-0.05098999999999998,0.01945,0.87338,0.15407,0.95321,-0.05082999999999993,0.0008200000000000429,-0.051649999999999974
584,CVE-2023-4634,2023-10-09,CVE-2023-23333,2024-03-14,1,0.0,0.05685,0.92421,0.0,0.5361,0.97206,0.0,0.04785000000000006,2,0.01945,0.87341,0.5361,0.97215,-0.050799999999999956,8.999999999992347e-05,-0.05088999999999988,0.01945,0.87338,0.45387,0.97037,-0.05082999999999993,-0.0016900000000000803,-0.04913999999999985
584,CVE-2023-4634,2023-10-09,CVE-2023-42793,2024-03-14,2,0.0,0.05685,0.92421,0.0,0.97209,0.99756,0.0,0.07335000000000003,3,0.01945,0.87341,0.97209,0.99758,-0.050799999999999956,2.0000000000020002e-05,-0.050819999999999976,0.01945,0.87338,0.97264,0.99809,-0.05082999999999993,0.0005300000000000304,-0.05135999999999996
588,CVE-2023-46604,2025-04-17,CVE-2023-36845,2025-05-29,2,0.24999999999999928,0.94436,0.99984,0.0,0.94355,0.99947,0.0,0.00036999999999998145,1,0.94436,0.99984,0.94355,0.99948,0.0,1.0000000000065512e-05,-1.0000000000065512e-05,0.94436,0.99983,0.94355,0.99948,-9.99999999995449e-06,1.0000000000065512e-05,-2.0000000000020002e-05
588,CVE-2023-46604,2025-04-17,CVE-2023-29336,2025-05-25,11,2.5,0.94436,0.99984,0.0,0.76942,0.98873,0.0,0.011109999999999953,2,0.94436,0.99984,0.76942,0.98876,0.0,2.999999999997449e-05,-2.999999999997449e-05,0.94436,0.99983,0.74852,0.98788,-9.99999999995449e-06,-0.0008500000000000174,0.0008400000000000629
589,CVE-2023-46747,2025-04-17,CVE-2023-36845,2025-05-29,2,0.05,0.94441,0.99987,0.0,0.94355,0.99947,0.0,0.00040000000000006697,1,0.94441,0.99987,0.94355,0.99948,0.0,1.0000000000065512e-05,-1.0000000000065512e-05,0.94441,0.99985,0.94355,0.99948,-2.0000000000020002e-05,1.0000000000065512e-05,-3.0000000000085514e-05
589,CVE-2023-46747,2025-04-17,CVE-2023-29336,2025-05-25,11,2.3000000000000007,0.94441,0.99987,0.0,0.76942,0.98873,0.0,0.011140000000000039,2,0.94441,0.99987,0.76942,0.98876,0.0,2.999999999997449e-05,-2.999999999997449e-05,0.94441,0.99985,0.74852,0.98788,-2.0000000000020002e-05,-0.0008500000000000174,0.0008299999999999974
590,CVE-2023-46748,2025-04-17,CVE-2023-39780,2025-05-28,2,0.05,0.03698,0.87286,0.0,0.01699,0.81224,0.0,0.06062000000000001,1,0.03698,0.8728,0.01699,0.8123,-5.999999999994898e-05,6.0000000000060005e-05,-0.00012000000000000899,0.03602,0.8717,0.01786,0.81779,-0.0011599999999999389,0.005550000000000055,-0.006709999999999994
592,CVE-2023-46818,2025-04-14,CVE-2023-0669,2025-05-28,1,0.0,0.80861,0.99108,0.0,0.94364,0.99957,0.0,0.008489999999999998,1,0.81584,0.99107,0.94364,0.99951,-9.99999999995449e-06,-5.999999999994898e-05,4.999999999999449e-05,0.80861,0.99084,0.94364,0.99951,-0.00023999999999990695,-5.999999999994898e-05,-0.00017999999999995797
592,CVE-2023-46818,2025-04-14,CVE-2023-6241,2025-05-23,3,0.25000000000000017,0.80861,0.99108,0.0,0.10305,0.92459,0.0,0.06648999999999994,2,0.81584,0.99107,0.09367,0.92293,-9.99999999995449e-06,-0.0016599999999999948,0.0016500000000000403,0.80861,0.99084,0.09367,0.92332,-0.00023999999999990695,-0.0012699999999999934,0.0010300000000000864
593,CVE-2023-4708,2023-10-09,CVE-2023-24626,2025-05-12,9,0.25000000000000017,0.00063,0.25727,0.0,0.00062,0.24613,0.0,0.011140000000000011,1,0.00086,0.35693,0.00062,0.24706,0.09966000000000003,0.0009300000000000141,0.09873000000000001,0.00086,0.35825,0.00062,0.24859,0.10098000000000001,0.0024600000000000177,0.09852
593,CVE-2023-4708,2023-10-09,CVE-2023-20109,2025-04-17,12,0.3499999999999998,0.00063,0.25727,0.0,0.0006,0.23872,0.0,0.01855000000000001,2,0.00086,0.35693,0.00611,0.76219,0.09966000000000003,0.5234700000000001,-0.4238100000000001,0.00086,0.35825,0.00611,0.76219,0.10098000000000001,0.5234700000000001,-0.4224900000000001
593,CVE-2023-4708,2023-10-09,CVE-2023-34927,2024-04-02,1,0.20000000000000018,0.00063,0.25727,0.0,0.00054,0.19983,0.0,0.05743999999999999,3,0.00086,0.35693,0.00054,0.20012,0.09966000000000003,0.0002899999999999847,0.09937000000000004,0.00086,0.35825,0.00054,0.20205,0.10098000000000001,0.0022199999999999998,0.09876000000000001
595,CVE-2023-47160,2025-02-19,CVE-2023-40580,2025-04-14,3,0.14999999999999963,0.00087,0.39355,1.0,0.00112,0.46094,0.0,0.06739,1,0.00087,0.39321,0.00112,0.46032,-0.00034000000000000696,-0.0006200000000000094,0.00028000000000000247,0.00182,0.37081,0.00299,0.50402,-0.022740000000000038,0.04308000000000001,-0.06582000000000005
595,CVE-2023-47160,2025-02-19,CVE-2023-21675,2025-05-16,8,0.44999999999999946,0.00087,0.39355,1.0,0.00067,0.32321,0.0,0.07034000000000001,2,0.00087,0.39321,0.00067,0.32247,-0.00034000000000000696,-0.0007400000000000184,0.00040000000000001146,0.00182,0.37081,0.00301,0.50539,-0.022740000000000038,0.18218,-0.20492000000000005
595,CVE-2023-47160,2025-02-19,CVE-2023-21748,2025-05-16,10,0.44999999999999946,0.00087,0.39355,1.0,0.00067,0.32321,0.0,0.07034000000000001,3,0.00087,0.39321,0.00067,0.32247,-0.00034000000000000696,-0.0007400000000000184,0.00040000000000001146,0.00182,0.37081,0.0033,0.53217,-0.022740000000000038,0.20896000000000003,-0.23170000000000007
596,CVE-2023-47179,2025-01-02,CVE-2023-52235,2025-04-11,10,0.05,0.00043,0.11013,1.0,0.00043,0.10982,0.0,0.0003100000000000047,1,0.00043,0.11086,0.00043,0.11086,0.0007299999999999945,0.0010399999999999993,-0.0003100000000000047,0.00043,0.11446,0.00043,0.11446,0.0043300000000000005,0.004640000000000005,-0.0003100000000000047
597,CVE-2023-47311,2025-04-11,CVE-2023-34872,2025-05-17,8,0.5999999999999996,0.00173,0.35638,0.0,0.002,0.3931,0.0,0.03672000000000003,1,0.00086,0.26235,0.00164,0.38539,-0.09402999999999995,-0.007709999999999995,-0.08631999999999995,0.00086,0.26168,0.00164,0.38431,-0.09469999999999995,-0.00879000000000002,-0.08590999999999993
597,CVE-2023-47311,2025-04-11,CVE-2023-4039,2025-05-17,11,1.2999999999999998,0.00173,0.35638,0.0,0.00206,0.40145,0.0,0.04507,2,0.00086,0.26235,0.00124,0.33128,-0.09402999999999995,-0.07016999999999995,-0.023859999999999992,0.00086,0.26168,0.00121,0.32521,-0.09469999999999995,-0.07623999999999997,-0.018459999999999976
602,CVE-2023-48292,2025-03-29,CVE-2023-41992,2025-05-14,9,2.0999999999999996,0.00829,0.59755,0.0,0.01102,0.64784,0.0,0.050289999999999946,1,0.00227,0.42692,0.00281,0.48741,-0.17063,-0.16042999999999996,-0.010200000000000042,0.00179,0.40093,0.00447,0.62299,-0.19662000000000002,-0.024849999999999928,-0.1717700000000001
603,CVE-2023-4863,2025-04-07,CVE-2023-39780,2025-05-28,2,0.05,0.79395,0.99024,0.0,0.06658,0.9035,0.0,0.08674000000000004,1,0.79395,0.9903,0.06658,0.90369,5.999999999994898e-05,0.00019000000000002348,-0.0001300000000000745,0.93346,0.998,0.01699,0.81233,0.007759999999999989,-0.09116999999999997,0.09892999999999996
604,CVE-2023-48795,2025-04-14,CVE-2023-43770,2025-05-15,1,0.24999999999999928,0.58568,0.98036,0.0,0.7639,0.9888,0.0,0.008440000000000003,1,0.70792,0.98577,0.73743,0.98711,0.005410000000000026,-0.0016899999999999693,0.007099999999999995,0.46788,0.97506,0.73743,0.98728,-0.005299999999999971,-0.0015199999999999658,-0.0037800000000000056
604,CVE-2023-48795,2025-04-14,CVE-2023-32019,2025-05-16,11,1.2500000000000002,0.58568,0.98036,0.0,0.09405,0.92059,0.0,0.05976999999999999,2,0.70792,0.98577,0.02317,0.83864,0.005410000000000026,-0.08194999999999997,0.08736,0.46788,0.97506,0.02317,0.8393,-0.005299999999999971,-0.08128999999999997,0.07599
606,CVE-2023-49103,2025-02-12,CVE-2023-40044,2025-04-17,1,0.05,0.90886,0.99133,0.0,0.87501,0.98926,0.0,0.0020700000000000163,1,0.90886,0.99138,0.87501,0.98931,4.999999999999449e-05,4.999999999999449e-05,0.0,0.92099,0.99238,0.86954,0.98926,0.0010499999999999954,0.0,0.0010499999999999954
606,CVE-2023-49103,2025-02-12,CVE-2023-41892,2025-04-27,3,0.05,0.90886,0.99133,0.0,0.83669,0.98718,0.0,0.004150000000000098,2,0.90886,0.99138,0.83669,0.98726,4.999999999999449e-05,8.000000000008001e-05,-3.0000000000085514e-05,0.92099,0.99238,0.81876,0.98673,0.0010499999999999954,-0.00044999999999995044,0.0014999999999999458
606,CVE-2023-49103,2025-02-12,CVE-2023-43177,2025-03-25,5,0.1999999999999993,0.90886,0.99133,0.0,0.96314,0.99695,0.0,0.005619999999999958,3,0.90886,0.99138,0.96314,0.99698,4.999999999999449e-05,2.999999999997449e-05,2.0000000000020002e-05,0.92099,0.99238,0.96192,0.99672,0.0010499999999999954,-0.00022999999999995246,0.0012799999999999478
607,CVE-2023-49606,2025-04-17,CVE-2023-29336,2025-05-25,11,2.3000000000000007,0.34661,0.96732,0.0,0.76942,0.98873,0.0,0.02141000000000004,1,0.34928,0.96756,0.76942,0.98876,0.00024000000000001798,2.999999999997449e-05,0.00021000000000004349,0.34928,0.96793,0.74852,0.98788,0.0006099999999999994,-0.0008500000000000174,0.0014600000000000168
607,CVE-2023-49606,2025-04-17,CVE-2023-36845,2025-05-29,2,0.05,0.34661,0.96732,0.0,0.94355,0.99947,0.0,0.03215000000000001,2,0.34928,0.96756,0.94355,0.99948,0.00024000000000001798,1.0000000000065512e-05,0.00022999999999995246,0.34928,0.96793,0.94355,0.99948,0.0006099999999999994,1.0000000000065512e-05,0.0005999999999999339
609,CVE-2023-4966,2025-04-14,CVE-2023-36845,2025-05-29,2,0.40000000000000036,0.94378,0.99962,0.0,0.9432,0.99944,0.0,0.00017999999999995797,1,0.94378,0.99957,0.94355,0.99948,-4.999999999999449e-05,4.0000000000040004e-05,-9.00000000000345e-05,0.94378,0.99956,0.94355,0.99947,-5.999999999994898e-05,2.999999999997449e-05,-8.999999999992347e-05
609,CVE-2023-4966,2025-04-14,CVE-2023-39780,2025-05-28,4,0.8999999999999997,0.94378,0.99962,0.0,0.06658,0.90369,0.0,0.09592999999999996,2,0.94378,0.99957,0.01699,0.81225,-4.999999999999449e-05,-0.09143999999999997,0.09138999999999997,0.94378,0.99956,0.01699,0.81295,-5.999999999994898e-05,-0.09074000000000004,0.0906800000000001
612,CVE-2023-49965,2025-04-11,CVE-2023-24626,2025-05-12,1,0.2999999999999998,0.00098,0.24733,0.0,0.00074,0.19612,0.0,0.051210000000000006,1,0.00016,0.02426,0.00046,0.14041,-0.22307,-0.05570999999999998,-0.16736,0.00016,0.02384,0.00046,0.13966,-0.22349,-0.05645999999999998,-0.16703
613,CVE-2023-5009,2025-04-17,CVE-2023-34332,2025-05-19,5,0.44999999999999946,0.00022,0.04366,0.0,0.00021,0.04058,0.0,0.0030799999999999994,1,0.00019,0.03449,0.00021,0.03993,-0.009169999999999998,-0.0006499999999999978,-0.00852,0.00019,0.03438,0.00021,0.04109,-0.009279999999999997,0.0005100000000000035,-0.00979
613,CVE-2023-5009,2025-04-17,CVE-2023-42826,2025-05-25,7,0.44999999999999946,0.00022,0.04366,0.0,0.0003,0.07158,0.0,0.027920000000000007,2,0.00019,0.03449,0.0003,0.0707,-0.009169999999999998,-0.0008800000000000058,-0.008289999999999992,0.00019,0.03438,0.0003,0.07156,-0.009279999999999997,-2.0000000000006124e-05,-0.00925999999999999
613,CVE-2023-5009,2025-04-17,CVE-2023-52591,2025-05-20,1,0.39999999999999947,0.00022,0.04366,0.0,0.00013,0.01292,0.0,0.030739999999999996,3,0.00019,0.03449,0.00013,0.01291,-0.009169999999999998,-9.999999999999593e-06,-0.009159999999999998,0.00019,0.03438,0.00013,0.01295,-0.009279999999999997,3.0000000000000512e-05,-0.009309999999999997
614,CVE-2023-50164,2025-04-17,CVE-2023-36845,2025-05-29,2,0.05,0.93736,0.99836,0.0,0.94355,0.99947,0.0,0.0011099999999999444,1,0.93752,0.9984,0.94355,0.99948,3.999999999992898e-05,1.0000000000065512e-05,2.999999999986347e-05,0.92677,0.99734,0.94355,0.99948,-0.0010200000000000209,1.0000000000065512e-05,-0.0010300000000000864
614,CVE-2023-50164,2025-04-17,CVE-2023-29336,2025-05-25,11,2.3000000000000007,0.93736,0.99836,0.0,0.76942,0.98873,0.0,0.009630000000000027,2,0.93752,0.9984,0.76942,0.98876,3.999999999992898e-05,2.999999999997449e-05,9.99999999995449e-06,0.92677,0.99734,0.74852,0.98788,-0.0010200000000000209,-0.0008500000000000174,-0.00017000000000000348
616,CVE-2023-50733,2025-01-21,CVE-2023-52235,2025-04-11,7,0.25000000000000105,0.00043,0.11371,1.0,0.00043,0.11351,0.0,0.00020000000000000573,1,0.00043,0.11449,0.00043,0.11449,0.000779999999999989,0.0009799999999999948,-0.00020000000000000573,0.00043,0.11709,0.00043,0.11709,0.003379999999999994,0.00358,-0.00020000000000000573
618,CVE-2023-51302,2025-02-20,CVE-2023-52235,2025-04-11,3,0.05,0.00043,0.11709,0.0,0.00043,0.11709,0.0,0.0,1,0.00043,0.11767,0.00043,0.11767,0.0005799999999999972,0.0005799999999999972,0.0,0.00045,0.10633,0.0025,0.45631,-0.010760000000000006,0.33921999999999997,-0.34997999999999996
619,CVE-2023-51313,2025-02-21,CVE-2023-52235,2025-04-11,3,0.05,0.00043,0.11722,0.0,0.00043,0.11722,0.0,0.0,1,0.00043,0.11771,0.00043,0.11771,0.0004899999999999904,0.0004899999999999904,0.0,0.00045,0.1035,0.0025,0.42377,-0.01372000000000001,0.30655,-0.32027
620,CVE-2023-51319,2025-02-20,CVE-2023-52235,2025-04-11,3,0.05,0.00043,0.11722,1.0,0.00043,0.11709,0.0,0.0001300000000000051,1,0.00043,0.11767,0.00043,0.11767,0.0004499999999999921,0.0005799999999999972,-0.0001300000000000051,0.00045,0.10633,0.0025,0.45631,-0.01089000000000001,0.33921999999999997,-0.35011
621,CVE-2023-51333,2025-02-21,CVE-2023-52235,2025-04-11,3,0.05,0.00043,0.11722,0.0,0.00043,0.11722,0.0,0.0,1,0.00043,0.11771,0.00043,0.11771,0.0004899999999999904,0.0004899999999999904,0.0,0.00048,0.11531,0.0025,0.42377,-0.001910000000000009,0.30655,-0.30846
622,CVE-2023-51336,2025-02-21,CVE-2023-52235,2025-04-11,3,0.05,0.00043,0.11722,0.0,0.00043,0.11722,0.0,0.0,1,0.00043,0.11771,0.00043,0.11771,0.0004899999999999904,0.0004899999999999904,0.0,0.00048,0.11531,0.0025,0.42377,-0.001910000000000009,0.30655,-0.30846
624,CVE-2023-51467,2025-04-17,CVE-2023-36845,2025-05-29,2,0.05,0.93884,0.99857,0.0,0.94355,0.99947,0.0,0.0009000000000000119,1,0.93935,0.99865,0.94355,0.99948,8.000000000008001e-05,1.0000000000065512e-05,7.00000000000145e-05,0.93996,0.99875,0.94355,0.99948,0.000180000000000069,1.0000000000065512e-05,0.00017000000000000348
624,CVE-2023-51467,2025-04-17,CVE-2023-29336,2025-05-25,11,2.3000000000000007,0.93884,0.99857,0.0,0.76942,0.98873,0.0,0.00983999999999996,2,0.93935,0.99865,0.76942,0.98876,8.000000000008001e-05,2.999999999997449e-05,5.0000000000105516e-05,0.93996,0.99875,0.74852,0.98788,0.000180000000000069,-0.0008500000000000174,0.0010300000000000864
626,CVE-2023-52235,2025-04-11,CVE-2023-23420,2025-05-16,9,1.0000000000000009,0.0025,0.45618,0.0,0.00279,0.48491,0.0,0.028730000000000033,1,0.00049,0.15331,0.00279,0.50888,-0.30287,0.02396999999999999,-0.32683999999999996,0.00049,0.15356,0.00279,0.50895,-0.30262,0.024040000000000006,-0.32666
626,CVE-2023-52235,2025-04-11,CVE-2023-21747,2025-05-16,5,1.0000000000000009,0.0025,0.45618,0.0,0.00226,0.42575,0.0,0.030429999999999957,2,0.00049,0.15331,0.00226,0.45508,-0.30287,0.029329999999999967,-0.33219999999999994,0.00049,0.15356,0.00226,0.45435,-0.30262,0.02859999999999996,-0.33121999999999996
626,CVE-2023-52235,2025-04-11,CVE-2023-21675,2025-05-16,4,1.0000000000000009,0.0025,0.45618,0.0,0.00301,0.50535,0.0,0.04916999999999999,3,0.00049,0.15331,0.00301,0.52787,-0.30287,0.022519999999999984,-0.32538999999999996,0.00049,0.15356,0.00301,0.52837,-0.30262,0.02302000000000004,-0.32564000000000004
630,CVE-2023-5360,2025-04-05,CVE-2023-36845,2025-05-29,3,0.05,0.92223,0.99709,0.0,0.9432,0.99944,0.0,0.0023499999999999632,1,0.92327,0.99719,0.9432,0.99944,9.999999999998899e-05,0.0,9.999999999998899e-05,0.93116,0.99776,0.94355,0.99948,0.0006699999999999484,4.0000000000040004e-05,0.0006299999999999084
630,CVE-2023-5360,2025-04-05,CVE-2023-34362,2025-05-13,1,0.05,0.92223,0.99709,0.0,0.94388,0.99966,0.0,0.002569999999999961,2,0.92327,0.99719,0.94388,0.99967,9.999999999998899e-05,9.99999999995449e-06,9.00000000000345e-05,0.93116,0.99776,0.94485,0.99998,0.0006699999999999484,0.00031999999999998696,0.00034999999999996145
630,CVE-2023-5360,2025-04-05,CVE-2023-29336,2025-05-25,7,2.250000000000001,0.92223,0.99709,0.0,0.62322,0.98222,0.0,0.01487000000000005,3,0.92327,0.99719,0.62322,0.98222,9.999999999998899e-05,0.0,9.999999999998899e-05,0.93116,0.99776,0.76942,0.98883,0.0006699999999999484,0.006610000000000005,-0.005940000000000056
631,CVE-2023-5702,2024-03-14,CVE-2023-4039,2025-05-17,5,0.55,0.00052,0.18236,0.0,0.00046,0.14279,0.0,0.039569999999999994,1,0.00052,0.18381,0.00046,0.14445,0.0014500000000000068,0.0016599999999999948,-0.00020999999999998797,0.00052,0.19089,0.00046,0.15366,0.00853000000000001,0.01086999999999999,-0.002339999999999981
631,CVE-2023-5702,2024-03-14,CVE-2023-0437,2025-05-17,6,1.05,0.00052,0.18236,0.0,0.00046,0.14279,0.0,0.039569999999999994,2,0.00052,0.18381,0.00046,0.14445,0.0014500000000000068,0.0016599999999999948,-0.00020999999999998797,0.00052,0.19089,0.00046,0.15366,0.00853000000000001,0.01086999999999999,-0.002339999999999981
631,CVE-2023-5702,2024-03-14,CVE-2023-36811,2025-04-09,1,0.45000000000000034,0.00052,0.18236,0.0,0.00045,0.12999,0.0,0.05237,3,0.00052,0.18381,0.00045,0.1318,0.0014500000000000068,0.001810000000000006,-0.0003599999999999992,0.00052,0.19089,0.00045,0.14098,0.00853000000000001,0.01099,-0.00245999999999999
635,CVE-2023-6542,2025-04-16,CVE-2023-34332,2025-05-19,6,0.7000000000000002,0.0002,0.03596,0.0,0.00021,0.04029,0.0,0.0043300000000000005,1,0.0002,0.03674,0.00021,0.03978,0.0007800000000000029,-0.0005099999999999966,0.0012899999999999995,0.00024,0.05073,0.00021,0.04136,0.014769999999999998,0.0010700000000000015,0.013699999999999997
635,CVE-2023-6542,2025-04-16,CVE-2023-52591,2025-05-20,12,0.7500000000000002,0.0002,0.03596,0.0,0.00013,0.013,0.0,0.02296,2,0.0002,0.03674,0.00013,0.01276,0.0007800000000000029,-0.0002399999999999989,0.0010200000000000018,0.00024,0.05073,0.00013,0.01299,0.014769999999999998,-9.999999999999593e-06,0.014779999999999998
635,CVE-2023-6542,2025-04-16,CVE-2023-42826,2025-05-25,7,0.7000000000000002,0.0002,0.03596,0.0,0.0003,0.07063,0.0,0.03467,3,0.0002,0.03674,0.0003,0.07065,0.0007800000000000029,2.0000000000006124e-05,0.0007599999999999968,0.00024,0.05073,0.0003,0.07151,0.014769999999999998,0.0008800000000000058,0.013889999999999993
636,CVE-2023-6710,2024-05-13,CVE-2023-46470,2025-04-11,7,0.05,0.00068,0.29292,0.0,0.00052,0.19527,0.0,0.09765000000000001,1,0.00068,0.29547,0.00052,0.19816,0.0025499999999999967,0.0028900000000000037,-0.00034000000000000696,0.00068,0.29882,0.00052,0.20275,0.005899999999999961,0.007480000000000014,-0.0015800000000000536
636,CVE-2023-6710,2024-05-13,CVE-2023-46471,2025-04-11,8,0.05,0.00068,0.29292,0.0,0.00052,0.19527,0.0,0.09765000000000001,2,0.00068,0.29547,0.00052,0.19816,0.0025499999999999967,0.0028900000000000037,-0.00034000000000000696,0.00068,0.29882,0.00052,0.20275,0.005899999999999961,0.007480000000000014,-0.0015800000000000536
637,CVE-2023-7028,2024-03-14,CVE-2023-30258,2025-04-11,12,0.1999999999999993,0.20153,0.9622,0.0,0.30708,0.96832,0.0,0.006119999999999903,1,0.80716,0.98235,0.30708,0.96844,0.02014999999999989,0.00012000000000000899,0.02002999999999988,0.80716,0.98264,0.28045,0.96752,0.020439999999999903,-0.0007999999999999119,0.021239999999999815
637,CVE-2023-7028,2024-03-14,CVE-2023-40044,2025-04-17,6,0.05,0.20153,0.9622,0.0,0.84134,0.98388,0.0,0.02167999999999992,2,0.80716,0.98235,0.84134,0.98396,0.02014999999999989,7.999999999996898e-05,0.02006999999999992,0.80716,0.98264,0.84074,0.98432,0.020439999999999903,0.00043999999999999595,0.019999999999999907
637,CVE-2023-7028,2024-03-14,CVE-2023-41892,2025-04-27,8,0.05,0.20153,0.9622,0.0,0.88564,0.98613,0.0,0.023929999999999896,3,0.80716,0.98235,0.8841,0.98613,0.02014999999999989,0.0,0.02014999999999989,0.80716,0.98264,0.85479,0.98498,0.020439999999999903,-0.0011499999999999844,0.021589999999999887
641,CVE-2024-0010,2025-04-14,CVE-2024-26177,2025-05-16,12,1.2500000000000002,0.01321,0.78182,0.0,0.01593,0.80086,0.0,0.019040000000000057,1,0.01561,0.80441,0.00576,0.67486,0.02259,-0.126,0.14859,0.01561,0.80501,0.00612,0.68664,0.023190000000000044,-0.11421999999999999,0.13741000000000003
643,CVE-2024-0114,2025-03-05,CVE-2024-0399,2025-04-16,3,0.05,0.00043,0.11829,0.0,0.00043,0.11829,0.0,0.0,1,0.00043,0.11938,0.00043,0.11938,0.0010899999999999938,0.0010899999999999938,0.0,0.00013,0.01015,0.04798,0.88512,-0.10814000000000001,0.76683,-0.87497
643,CVE-2024-0114,2025-03-05,CVE-2024-22257,2025-05-30,11,0.14999999999999963,0.00043,0.11829,0.0,0.00043,0.11829,0.0,0.0,2,0.00043,0.11938,0.00043,0.11938,0.0010899999999999938,0.0010899999999999938,0.0,0.00013,0.01015,0.00237,0.44075,-0.10814000000000001,0.32245999999999997,-0.4306
643,CVE-2024-0114,2025-03-05,CVE-2024-36623,2025-05-09,6,0.05,0.00043,0.11829,0.0,0.00045,0.18325,0.0,0.06495999999999999,3,0.00043,0.11938,0.00045,0.18372,0.0010899999999999938,0.0004699999999999982,0.0006199999999999956,0.00013,0.01015,0.00097,0.24432,-0.10814000000000001,0.06107000000000001,-0.16921000000000003
646,CVE-2024-0132,2025-03-26,CVE-2024-37051,2025-05-16,8,0.3500000000000007,0.02526,0.83914,0.0,0.0519,0.88851,0.0,0.049370000000000025,1,0.04175,0.87661,0.0519,0.88972,0.03747,0.0012099999999999334,0.03626000000000007,0.03882,0.87616,0.01769,0.81606,0.03702000000000005,-0.07245000000000001,0.10947000000000007
646,CVE-2024-0132,2025-03-26,CVE-2024-21591,2025-05-07,12,0.8500000000000008,0.02526,0.83914,0.0,0.0694,0.90467,0.0,0.06552999999999998,2,0.04175,0.87661,0.0694,0.9057,0.03747,0.0010299999999999754,0.03644000000000003,0.03882,0.87616,0.23476,0.95602,0.03702000000000005,0.05135000000000001,-0.014329999999999954
646,CVE-2024-0132,2025-03-26,CVE-2024-31989,2025-05-09,1,0.05,0.02526,0.83914,0.0,0.13648,0.93558,0.0,0.09643999999999997,3,0.04175,0.87661,0.08724,0.9169,0.03747,-0.01867999999999992,0.05614999999999992,0.03882,0.87616,0.02528,0.84549,0.03702000000000005,-0.09009,0.12711000000000006
647,CVE-2024-0146,2025-01-28,CVE-2024-43085,2025-04-28,12,0.05,0.00043,0.11449,0.0,0.00043,0.11449,0.0,0.0,1,0.00043,0.11479,0.00043,0.11479,0.0003000000000000086,0.0003000000000000086,0.0,0.00043,0.11767,0.00043,0.11767,0.0031800000000000023,0.0031800000000000023,0.0
647,CVE-2024-0146,2025-01-28,CVE-2024-38193,2025-04-17,7,0.05,0.00043,0.11449,0.0,0.00043,0.11557,0.0,0.0010800000000000115,2,0.00043,0.11479,0.00043,0.11584,0.0003000000000000086,0.00026999999999999247,3.0000000000016125e-05,0.00043,0.11767,0.00043,0.11875,0.0031800000000000023,0.0031799999999999884,1.3877787807814457e-17
647,CVE-2024-0146,2025-01-28,CVE-2024-53197,2025-02-28,2,0.05,0.00043,0.11449,0.0,0.00044,0.15242,0.0,0.037930000000000005,3,0.00043,0.11479,0.00044,0.15263,0.0003000000000000086,0.00020999999999998797,9.000000000002062e-05,0.00043,0.11767,0.00044,0.15633,0.0031800000000000023,0.003909999999999997,-0.0007299999999999945
651,CVE-2024-0179,2025-02-11,CVE-2024-22257,2025-05-30,5,0.05,0.00043,0.11476,1.0,0.00043,0.1146,0.0,0.00016000000000000736,1,0.00043,0.11678,0.00043,0.11678,0.002019999999999994,0.0021800000000000014,-0.00016000000000000736,0.00043,0.11935,0.00043,0.11935,0.004589999999999997,0.004750000000000004,-0.00016000000000000736
652,CVE-2024-0204,2025-04-17,CVE-2024-1709,2025-05-29,11,0.24999999999999928,0.93318,0.99794,0.0,0.94364,0.9995,0.0,0.0015600000000000058,1,0.93318,0.99794,0.94364,0.99952,0.0,1.999999999990898e-05,-1.999999999990898e-05,0.93318,0.99798,0.94364,0.9995,3.999999999992898e-05,0.0,3.999999999992898e-05
652,CVE-2024-0204,2025-04-17,CVE-2024-29943,2025-05-19,4,0.05,0.93318,0.99794,0.0,0.17035,0.94559,0.0,0.05235000000000001,2,0.93318,0.99794,0.17035,0.94564,0.0,4.999999999999449e-05,-4.999999999999449e-05,0.93318,0.99798,0.6321,0.98261,3.999999999992898e-05,0.03701999999999994,-0.03698000000000001
654,CVE-2024-0399,2025-04-16,CVE-2024-20698,2025-05-18,4,0.3499999999999998,0.04809,0.88858,0.0,0.17205,0.94593,0.0,0.05735000000000001,1,0.01084,0.76638,0.17205,0.94604,-0.12220000000000009,0.00010999999999994348,-0.12231000000000003,0.02076,0.83042,0.17205,0.94631,-0.05815999999999999,0.00037999999999993594,-0.058539999999999925
654,CVE-2024-0399,2025-04-16,CVE-2024-20656,2025-05-18,3,0.3499999999999998,0.04809,0.88858,0.0,0.62083,0.98203,0.0,0.09344999999999992,2,0.01084,0.76638,0.62083,0.9821,-0.12220000000000009,7.00000000000145e-05,-0.1222700000000001,0.02076,0.83042,0.62165,0.98225,-0.05815999999999999,0.00021999999999999797,-0.05837999999999999
655,CVE-2024-0566,2025-04-16,CVE-2024-20698,2025-05-18,7,0.6499999999999997,0.04833,0.88892,0.0,0.17205,0.94593,0.0,0.057010000000000005,1,0.0179,0.81706,0.17205,0.94604,-0.07186000000000003,0.00010999999999994348,-0.07196999999999998,0.01362,0.79157,0.17205,0.94631,-0.09735000000000005,0.00037999999999993594,-0.09772999999999998
655,CVE-2024-0566,2025-04-16,CVE-2024-12987,2025-05-17,2,0.14999999999999963,0.04833,0.88892,0.0,0.45389,0.97391,0.0,0.08499000000000001,2,0.0179,0.81706,0.39116,0.97046,-0.07186000000000003,-0.003450000000000064,-0.06840999999999997,0.01362,0.79157,0.50366,0.9767,-0.09735000000000005,0.002789999999999959,-0.10014
655,CVE-2024-0566,2025-04-16,CVE-2024-20656,2025-05-18,6,0.6499999999999997,0.04833,0.88892,0.0,0.62083,0.98203,0.0,0.09310999999999992,3,0.0179,0.81706,0.62083,0.9821,-0.07186000000000003,7.00000000000145e-05,-0.07193000000000005,0.01362,0.79157,0.62165,0.98225,-0.09735000000000005,0.00021999999999999797,-0.09757000000000005
658,CVE-2024-0875,2024-11-15,CVE-2024-5920,2025-05-01,4,0.05,0.00043,0.10187,1.0,0.00043,0.10163,0.0,0.0002400000000000041,1,0.01923,0.89054,0.00043,0.1032,0.78867,0.001570000000000002,0.7871,0.01923,0.89099,0.00043,0.10939,0.7891199999999999,0.007760000000000003,0.7813599999999999
658,CVE-2024-0875,2024-11-15,CVE-2024-32473,2025-05-09,6,0.14999999999999963,0.00043,0.10187,1.0,0.00043,0.10163,0.0,0.0002400000000000041,2,0.01923,0.89054,0.00043,0.1032,0.78867,0.001570000000000002,0.7871,0.01923,0.89099,0.00043,0.10939,0.7891199999999999,0.007760000000000003,0.7813599999999999
658,CVE-2024-0875,2024-11-15,CVE-2024-43803,2025-05-09,9,0.15000000000000052,0.00043,0.10187,1.0,0.00044,0.11497,0.0,0.0131,3,0.01923,0.89054,0.00044,0.11651,0.78867,0.0015399999999999997,0.78713,0.01923,0.89099,0.00044,0.12271,0.7891199999999999,0.007739999999999997,0.78138
659,CVE-2024-10044,2024-12-30,CVE-2024-23346,2025-04-15,4,0.05,0.00043,0.10957,1.0,0.00045,0.17483,0.0,0.06526000000000001,1,0.00043,0.11007,0.00045,0.17518,0.0005000000000000004,0.0003499999999999892,0.00015000000000001124,0.00043,0.11437,0.00045,0.1784,0.004799999999999999,0.00356999999999999,0.0012300000000000089
665,CVE-2024-10205,2024-12-17,CVE-2024-23346,2025-04-15,9,0.14999999999999963,0.00043,0.10859,0.0,0.00045,0.17398,0.0,0.06538999999999999,1,0.00043,0.10912,0.00045,0.17362,0.0005299999999999888,-0.0003599999999999992,0.000889999999999988,0.00043,0.11287,0.00045,0.17671,0.004279999999999992,0.00273000000000001,0.001549999999999982
669,CVE-2024-10338,2024-10-30,CVE-2024-32879,2025-05-11,11,0.25000000000000017,0.00045,0.1668,0.0,0.00045,0.1668,0.0,0.0,1,0.00061,0.27252,0.00045,0.16747,0.10571999999999998,0.0006700000000000039,0.10504999999999998,0.00061,0.27644,0.00045,0.17248,0.10964000000000002,0.005679999999999991,0.10396000000000002
669,CVE-2024-10338,2024-10-30,CVE-2024-7347,2025-05-17,3,0.05,0.00045,0.1668,0.0,0.00044,0.1375,0.0,0.029299999999999993,2,0.00061,0.27252,0.00044,0.13864,0.10571999999999998,0.0011400000000000021,0.10457999999999998,0.00061,0.27644,0.00044,0.14303,0.10964000000000002,0.005529999999999979,0.10411000000000004
669,CVE-2024-10338,2024-10-30,CVE-2024-43803,2025-05-09,10,0.25000000000000017,0.00045,0.1668,0.0,0.00044,0.11229,0.0,0.05451,3,0.00061,0.27252,0.00044,0.11343,0.10571999999999998,0.0011400000000000021,0.10457999999999998,0.00061,0.27644,0.00044,0.11778,0.10964000000000002,0.005489999999999995,0.10415000000000002
670,CVE-2024-10349,2024-10-30,CVE-2024-50050,2025-04-29,10,0.05,0.00045,0.1668,0.0,0.00043,0.09909,0.0,0.06771,1,0.00063,0.28161,0.00043,0.10007,0.11481000000000002,0.0009800000000000086,0.11383000000000001,0.00063,0.28546,0.00043,0.10441,0.11865999999999999,0.005320000000000005,0.11333999999999998
670,CVE-2024-10349,2024-10-30,CVE-2024-24795,2025-05-17,11,0.05,0.00045,0.1668,0.0,0.00043,0.09909,0.0,0.06771,2,0.00063,0.28161,0.00043,0.10007,0.11481000000000002,0.0009800000000000086,0.11383000000000001,0.00063,0.28546,0.00043,0.10441,0.11865999999999999,0.005320000000000005,0.11333999999999998
681,CVE-2024-10525,2025-04-17,CVE-2024-42509,2025-05-23,6,0.05,0.00168,0.39022,0.0,0.00246,0.47957,0.0,0.08934999999999998,1,0.00129,0.33791,0.00246,0.47911,-0.05231000000000002,-0.00046000000000001595,-0.05185000000000001,0.00168,0.38994,0.00246,0.47988,-0.00028000000000000247,0.00030999999999997696,-0.0005899999999999794
681,CVE-2024-10525,2025-04-17,CVE-2024-47460,2025-05-23,12,0.8500000000000008,0.00168,0.39022,0.0,0.00102,0.29439,0.0,0.09583000000000003,2,0.00129,0.33791,0.00102,0.29373,-0.05231000000000002,-0.0006599999999999939,-0.05165000000000003,0.00168,0.38994,0.00102,0.29376,-0.00028000000000000247,-0.0006299999999999639,0.00034999999999996145
689,CVE-2024-10644,2025-02-11,CVE-2024-30896,2025-04-08,11,0.05,0.00043,0.11476,1.0,0.00043,0.1146,0.0,0.00016000000000000736,1,0.00043,0.11678,0.00043,0.11678,0.002019999999999994,0.0021800000000000014,-0.00016000000000000736,0.00043,0.11935,0.00043,0.11935,0.004589999999999997,0.004750000000000004,-0.00016000000000000736
689,CVE-2024-10644,2025-02-11,CVE-2024-53537,2025-04-14,12,0.05,0.00043,0.11476,1.0,0.00044,0.1262,0.0,0.011440000000000006,2,0.00043,0.11678,0.00044,0.12846,0.002019999999999994,0.0022599999999999842,-0.00023999999999999022,0.00043,0.11935,0.00043,0.11935,0.004589999999999997,-0.006850000000000009,0.011440000000000006
695,CVE-2024-10773,2024-12-06,CVE-2024-35540,2025-04-10,10,0.05,0.00044,0.11931,1.0,0.0005,0.2092,0.0,0.08989,1,0.00044,0.12177,0.0005,0.21239,0.002460000000000004,0.0031899999999999984,-0.0007299999999999945,0.00044,0.11979,0.0005,0.21091,0.0004799999999999943,0.0017099999999999893,-0.001229999999999995
707,CVE-2024-10929,2025-01-22,CVE-2024-55889,2025-04-16,4,0.24999999999999928,0.00043,0.11403,1.0,0.00043,0.11371,0.0,0.00032000000000000084,1,0.00043,0.11437,0.00043,0.11437,0.0003399999999999931,0.0006599999999999939,-0.00032000000000000084,0.00043,0.11722,0.00043,0.11722,0.0031899999999999984,0.0035099999999999992,-0.00032000000000000084
707,CVE-2024-10929,2025-01-22,CVE-2024-44762,2025-04-03,9,0.25000000000000017,0.00043,0.11403,1.0,0.00043,0.11371,0.0,0.00032000000000000084,2,0.00043,0.11437,0.00043,0.11437,0.0003399999999999931,0.0006599999999999939,-0.00032000000000000084,0.00043,0.11722,0.00043,0.11722,0.0031899999999999984,0.0035099999999999992,-0.00032000000000000084
707,CVE-2024-10929,2025-01-22,CVE-2024-43803,2025-05-09,5,0.24999999999999928,0.00043,0.11403,1.0,0.00044,0.12307,0.0,0.009039999999999992,3,0.00043,0.11437,0.00044,0.12373,0.0003399999999999931,0.0006600000000000078,-0.0003200000000000147,0.00043,0.11722,0.00044,0.12632,0.0031899999999999984,0.003249999999999989,-5.9999999999990616e-05
714,CVE-2024-10960,2025-02-12,CVE-2024-41110,2025-05-09,2,0.05,0.0005,0.21575,1.0,0.00045,0.16382,0.0,0.051930000000000004,1,0.0005,0.21771,0.00045,0.16608,0.0019599999999999895,0.002260000000000012,-0.00030000000000002247,0.0005,0.22174,0.00045,0.16971,0.005989999999999995,0.005890000000000006,9.999999999998899e-05
717,CVE-2024-11004,2024-11-12,CVE-2024-42831,2025-04-02,4,0.05,0.00043,0.101,1.0,0.00045,0.16845,0.0,0.06744999999999998,1,0.00043,0.10196,0.00045,0.16969,0.0009599999999999886,0.0012400000000000189,-0.0002800000000000302,0.00043,0.10812,0.00045,0.17698,0.0071199999999999875,0.00853000000000001,-0.0014100000000000223
717,CVE-2024-11004,2024-11-12,CVE-2024-43687,2025-04-04,5,0.05,0.00043,0.101,1.0,0.00046,0.18251,0.0,0.08151,2,0.00043,0.10196,0.00046,0.18372,0.0009599999999999886,0.0012099999999999889,-0.0002500000000000002,0.00043,0.10812,0.00046,0.19034,0.0071199999999999875,0.007830000000000004,-0.0007100000000000162
717,CVE-2024-11004,2024-11-12,CVE-2024-37732,2025-04-09,6,0.05,0.00043,0.101,1.0,0.00046,0.18251,0.0,0.08151,3,0.00043,0.10196,0.00046,0.18372,0.0009599999999999886,0.0012099999999999889,-0.0002500000000000002,0.00043,0.10812,0.00046,0.19034,0.0071199999999999875,0.007830000000000004,-0.0007100000000000162
729,CVE-2024-11053,2024-12-11,CVE-2024-12483,2025-04-18,9,0.35000000000000026,0.00045,0.17698,1.0,0.00045,0.17698,1.0,0.0,1,0.00045,0.17327,0.00292,0.68701,-0.003709999999999991,0.51003,-0.51374,0.00045,0.17533,0.00292,0.68877,-0.0016499999999999848,0.51179,-0.5134399999999999
729,CVE-2024-11053,2024-12-11,CVE-2024-45310,2025-04-23,4,0.25000000000000017,0.00045,0.17698,1.0,0.00045,0.17645,0.0,0.0005300000000000027,2,0.00045,0.17327,0.00045,0.17327,-0.003709999999999991,-0.0031799999999999884,-0.0005300000000000027,0.00045,0.17533,0.00045,0.17533,-0.0016499999999999848,-0.0011199999999999821,-0.0005300000000000027
729,CVE-2024-11053,2024-12-11,CVE-2024-6501,2025-05-17,7,0.3499999999999998,0.00045,0.17698,1.0,0.00045,0.17645,0.0,0.0005300000000000027,3,0.00045,0.17327,0.00045,0.17327,-0.003709999999999991,-0.0031799999999999884,-0.0005300000000000027,0.00045,0.17533,0.00045,0.17533,-0.0016499999999999848,-0.0011199999999999821,-0.0005300000000000027
735,CVE-2024-11087,2025-03-08,CVE-2024-42057,2025-05-13,6,0.05,0.00091,0.4122,1.0,0.0009,0.40699,0.0,0.005209999999999992,1,0.00091,0.41291,0.0009,0.40748,0.0007099999999999884,0.0004899999999999904,0.00021999999999999797,0.00095,0.24169,0.02596,0.84336,-0.17051000000000002,0.43637,-0.60688
735,CVE-2024-11087,2025-03-08,CVE-2024-53961,2025-04-17,3,0.05,0.00091,0.4122,1.0,0.00095,0.42394,0.0,0.011739999999999973,2,0.00091,0.41291,0.00095,0.42456,0.0007099999999999884,0.0006200000000000094,8.999999999997899e-05,0.00095,0.24169,0.00098,0.24601,-0.17051000000000002,-0.17792999999999998,0.007419999999999954
754,CVE-2024-11284,2025-03-14,CVE-2024-21894,2025-04-17,11,0.05,0.00091,0.41292,0.0,0.00105,0.45069,0.0,0.03776999999999997,1,0.00062,0.16563,0.25881,0.95829,-0.24729,0.5076,-0.7548900000000001,0.00066,0.17497,0.25881,0.95842,-0.23795000000000002,0.50773,-0.74568
754,CVE-2024-11284,2025-03-14,CVE-2024-10525,2025-04-17,1,0.0,0.00091,0.41292,0.0,0.00068,0.33026,0.0,0.08266000000000001,2,0.00062,0.16563,0.00174,0.35888,-0.24729,0.02861999999999998,-0.27591,0.00066,0.17497,0.00168,0.34814,-0.23795000000000002,0.017880000000000007,-0.25583
755,CVE-2024-11285,2025-03-14,CVE-2024-21894,2025-04-17,11,0.05,0.00091,0.41292,0.0,0.00105,0.45069,0.0,0.03776999999999997,1,0.00066,0.17471,0.25881,0.95829,-0.23821,0.5076,-0.7458100000000001,0.00066,0.17497,0.25881,0.95842,-0.23795000000000002,0.50773,-0.74568
755,CVE-2024-11285,2025-03-14,CVE-2024-10525,2025-04-17,1,0.0,0.00091,0.41292,0.0,0.00068,0.33026,0.0,0.08266000000000001,2,0.00066,0.17471,0.00174,0.35888,-0.23821,0.02861999999999998,-0.26683,0.00066,0.17497,0.00168,0.34814,-0.23795000000000002,0.017880000000000007,-0.25583
756,CVE-2024-11286,2025-03-14,CVE-2024-21894,2025-04-17,11,0.05,0.00091,0.41292,0.0,0.00105,0.45069,0.0,0.03776999999999997,1,0.0011,0.2649,0.25881,0.95829,-0.14801999999999998,0.5076,-0.6556200000000001,0.00152,0.32691,0.25881,0.95842,-0.08601000000000003,0.50773,-0.59374
756,CVE-2024-11286,2025-03-14,CVE-2024-10525,2025-04-17,1,0.0,0.00091,0.41292,0.0,0.00068,0.33026,0.0,0.08266000000000001,2,0.0011,0.2649,0.00174,0.35888,-0.14801999999999998,0.02861999999999998,-0.17663999999999996,0.00152,0.32691,0.00168,0.34814,-0.08601000000000003,0.017880000000000007,-0.10389000000000004
759,CVE-2024-11299,2025-04-23,CVE-2024-46687,2025-05-26,5,2.75,0.00038,0.1072,0.0,0.00043,0.12832,0.0,0.021119999999999986,1,0.0005,0.15568,0.00043,0.12869,0.04848000000000001,0.0003700000000000092,0.04811,0.00073,0.23062,0.00044,0.1331,0.12341999999999999,0.0047800000000000065,0.11863999999999998
759,CVE-2024-11299,2025-04-23,CVE-2024-39338,2025-05-27,4,2.45,0.00038,0.1072,0.0,0.00026,0.05352,0.0,0.053680000000000005,2,0.0005,0.15568,0.00029,0.06537,0.04848000000000001,0.01185,0.03663000000000001,0.00073,0.23062,0.0003,0.06846,0.12341999999999999,0.014939999999999995,0.10848
766,CVE-2024-11319,2024-11-18,CVE-2024-45310,2025-04-23,2,0.24999999999999972,0.00045,0.16969,1.0,0.00045,0.16947,0.0,0.00021999999999999797,1,0.00058,0.2563,0.00045,0.17142,0.08660999999999996,0.0019499999999999795,0.08465999999999999,0.00058,0.26275,0.00045,0.17327,0.09305999999999998,0.003799999999999998,0.08925999999999998
766,CVE-2024-11319,2024-11-18,CVE-2024-6501,2025-05-17,9,0.7499999999999998,0.00045,0.16969,1.0,0.00045,0.16947,0.0,0.00021999999999999797,2,0.00058,0.2563,0.00045,0.17142,0.08660999999999996,0.0019499999999999795,0.08465999999999999,0.00058,0.26275,0.00045,0.17327,0.09305999999999998,0.003799999999999998,0.08925999999999998
766,CVE-2024-11319,2024-11-18,CVE-2024-8925,2025-04-10,7,0.7499999999999998,0.00045,0.16969,1.0,0.00046,0.18346,0.0,0.013770000000000004,3,0.00058,0.2563,0.00046,0.18557,0.08660999999999996,0.0021100000000000008,0.08449999999999996,0.00058,0.26275,0.00046,0.18831,0.09305999999999998,0.004849999999999993,0.08820999999999998
771,CVE-2024-11392,2025-04-16,CVE-2024-20656,2025-05-18,10,1.050000000000001,0.32492,0.96542,0.0,0.62083,0.98203,0.0,0.016610000000000014,1,0.33774,0.96662,0.62083,0.9821,0.0012000000000000899,7.00000000000145e-05,0.0011300000000000754,0.33774,0.96701,0.62165,0.98225,0.0015900000000000913,0.00021999999999999797,0.0013700000000000934
771,CVE-2024-11392,2025-04-16,CVE-2024-20698,2025-05-18,11,1.050000000000001,0.32492,0.96542,0.0,0.17205,0.94593,0.0,0.019489999999999896,2,0.33774,0.96662,0.17205,0.94604,0.0012000000000000899,0.00010999999999994348,0.0010900000000001464,0.33774,0.96701,0.17205,0.94631,0.0015900000000000913,0.00037999999999993594,0.0012100000000001554
787,CVE-2024-11638,2025-03-10,CVE-2024-7297,2025-05-19,11,0.05,0.00043,0.11882,1.0,0.00043,0.1187,0.0,0.00011999999999999511,1,0.00039,0.08713,0.00171,0.35948,-0.031689999999999996,0.24078000000000002,-0.27247,0.00039,0.08626,0.00198,0.39097,-0.03255999999999999,0.27227,-0.30483
789,CVE-2024-11640,2025-03-08,CVE-2024-4058,2025-04-17,8,0.05,0.00058,0.27279,1.0,0.00058,0.27382,0.0,0.0010300000000000309,1,0.00058,0.27364,0.00058,0.27469,0.0008500000000000174,0.0008699999999999819,-1.999999999996449e-05,0.00061,0.16197,0.00562,0.65811,-0.11081999999999997,0.38428999999999996,-0.49510999999999994
789,CVE-2024-11640,2025-03-08,CVE-2024-39304,2025-04-09,4,0.05,0.00058,0.27279,1.0,0.0005,0.22138,0.0,0.051409999999999983,2,0.00058,0.27364,0.0005,0.22185,0.0008500000000000174,0.0004699999999999982,0.0003800000000000192,0.00061,0.16197,0.20878,0.95144,-0.11081999999999997,0.7300599999999999,-0.8408799999999998
789,CVE-2024-11640,2025-03-08,CVE-2024-38814,2025-04-17,7,0.05,0.00058,0.27279,1.0,0.00069,0.3328,0.0,0.06001000000000001,3,0.00058,0.27364,0.00069,0.33363,0.0008500000000000174,0.0008299999999999974,2.0000000000020002e-05,0.00061,0.16197,0.00618,0.67622,-0.11081999999999997,0.34342000000000006,-0.45424000000000003
793,CVE-2024-11680,2025-04-14,CVE-2024-1709,2025-05-29,12,0.24999999999999928,0.93334,0.9981,0.0,0.94123,0.99903,0.0,0.0009299999999999864,1,0.92747,0.99732,0.94364,0.99951,-0.0007800000000000029,0.00048000000000003595,-0.0012600000000000389,0.93609,0.99825,0.94364,0.9995,0.00014999999999998348,0.00047000000000008146,-0.000320000000000098
793,CVE-2024-11680,2025-04-14,CVE-2024-29943,2025-05-19,4,0.05,0.93334,0.9981,0.0,0.23938,0.95586,0.0,0.042239999999999944,2,0.92747,0.99732,0.17035,0.94562,-0.0007800000000000029,-0.010240000000000027,0.009460000000000024,0.93609,0.99825,0.59083,0.98082,0.00014999999999998348,0.024959999999999982,-0.02481
793,CVE-2024-11680,2025-04-14,CVE-2024-5274,2025-05-16,10,0.20000000000000107,0.93334,0.9981,0.0,0.17325,0.94527,0.0,0.05282999999999993,3,0.92747,0.99732,0.01117,0.76984,-0.0007800000000000029,-0.17543000000000009,0.17465000000000008,0.93609,0.99825,0.01747,0.81542,0.00014999999999998348,-0.12985000000000002,0.13
810,CVE-2024-11951,2025-03-05,CVE-2024-10525,2025-04-17,4,0.0,0.00091,0.41197,1.0,0.00068,0.32912,0.0,0.08284999999999998,1,0.00091,0.41281,0.00068,0.33005,0.0008400000000000074,0.0009299999999999864,-8.999999999997899e-05,0.00064,0.17182,0.00194,0.38532,-0.24015,0.05619999999999997,-0.29635
811,CVE-2024-11954,2025-04-14,CVE-2024-7347,2025-05-17,9,2.6,0.00045,0.10535,0.0,0.00053,0.13529,0.0,0.029939999999999994,1,0.00983,0.75554,0.00054,0.16951,0.65019,0.03422,0.61597,0.00983,0.75613,0.001,0.28935,0.6507799999999999,0.15406,0.49671999999999994
811,CVE-2024-11954,2025-04-14,CVE-2024-6381,2025-05-17,4,1.9000000000000001,0.00045,0.10535,0.0,0.00063,0.16595,0.0,0.06059999999999999,2,0.00983,0.75554,0.00045,0.13627,0.65019,-0.029679999999999984,0.67987,0.00983,0.75613,0.00072,0.22698,0.6507799999999999,0.06103,0.5897499999999999
811,CVE-2024-11954,2025-04-14,CVE-2024-0131,2025-05-17,8,2.3000000000000003,0.00045,0.10535,0.0,0.00022,0.0348,0.0,0.07055,3,0.00983,0.75554,0.00022,0.04384,0.65019,0.00904,0.64115,0.00983,0.75613,0.00022,0.04444,0.6507799999999999,0.009640000000000003,0.6411399999999999
812,CVE-2024-11956,2025-04-14,CVE-2024-43799,2025-05-17,4,0.3499999999999998,4e-05,0.00122,0.0,0.00017,0.02,0.0,0.01878,1,5e-05,0.00213,0.00025,0.05173,0.00091,0.031729999999999994,-0.030819999999999993,5e-05,0.0021,0.00025,0.05324,0.0008799999999999999,0.033240000000000006,-0.03236000000000001
812,CVE-2024-11956,2025-04-14,CVE-2024-0131,2025-05-17,3,0.3499999999999998,4e-05,0.00122,0.0,0.00022,0.0348,0.0,0.03358,2,5e-05,0.00213,0.00022,0.04384,0.00091,0.00904,-0.00813,5e-05,0.0021,0.00022,0.04444,0.0008799999999999999,0.009640000000000003,-0.008760000000000002
824,CVE-2024-12035,2025-03-07,CVE-2024-39304,2025-04-09,5,0.05,0.00049,0.21847,1.0,0.0005,0.22131,0.0,0.002840000000000009,1,0.00049,0.21882,0.0005,0.22174,0.0003499999999999892,0.00042999999999998595,-7.999999999999674e-05,0.00305,0.5088,0.20878,0.95143,0.29033000000000003,0.73012,-0.43978999999999996
824,CVE-2024-12035,2025-03-07,CVE-2024-4058,2025-04-17,9,0.05,0.00049,0.21847,1.0,0.00058,0.27376,0.0,0.055290000000000006,2,0.00049,0.21882,0.00058,0.27458,0.0003499999999999892,0.0008199999999999874,-0.0004699999999999982,0.00305,0.5088,0.00562,0.65809,0.29033000000000003,0.38432999999999995,-0.09399999999999992
827,CVE-2024-12058,2025-02-11,CVE-2024-54147,2025-04-23,5,0.05,0.00043,0.11476,1.0,0.00043,0.1146,0.0,0.00016000000000000736,1,0.00043,0.11678,0.00043,0.11678,0.002019999999999994,0.0021800000000000014,-0.00016000000000000736,0.00043,0.11935,0.00043,0.11935,0.004589999999999997,0.004750000000000004,-0.00016000000000000736
827,CVE-2024-12058,2025-02-11,CVE-2024-20109,2025-05-07,8,0.14999999999999963,0.00043,0.11476,1.0,0.00043,0.1146,0.0,0.00016000000000000736,2,0.00043,0.11678,0.00043,0.11678,0.002019999999999994,0.0021800000000000014,-0.00016000000000000736,0.00043,0.11935,0.00043,0.11935,0.004589999999999997,0.004750000000000004,-0.00016000000000000736
827,CVE-2024-12058,2025-02-11,CVE-2024-20054,2025-05-07,10,0.25000000000000017,0.00043,0.11476,1.0,0.00043,0.1146,0.0,0.00016000000000000736,3,0.00043,0.11678,0.00043,0.11678,0.002019999999999994,0.0021800000000000014,-0.00016000000000000736,0.00043,0.11935,0.00043,0.11935,0.004589999999999997,0.004750000000000004,-0.00016000000000000736
830,CVE-2024-12085,2025-01-23,CVE-2024-44911,2025-04-11,12,0.05,0.00045,0.17742,0.0,0.00045,0.18218,0.0,0.004760000000000014,1,0.00044,0.15225,0.00045,0.18271,-0.025169999999999998,0.0005300000000000027,-0.0257,0.00046,0.19559,0.00045,0.18454,0.01817000000000002,0.002360000000000001,0.01581000000000002
830,CVE-2024-12085,2025-01-23,CVE-2024-44910,2025-04-11,11,0.05,0.00045,0.17742,0.0,0.00046,0.18334,0.0,0.005920000000000009,2,0.00044,0.15225,0.00046,0.18387,-0.025169999999999998,0.0005300000000000027,-0.0257,0.00046,0.19559,0.00046,0.18565,0.01817000000000002,0.0023100000000000065,0.015860000000000013
830,CVE-2024-12085,2025-01-23,CVE-2024-35057,2025-04-11,7,0.05,0.00045,0.17742,0.0,0.00043,0.11403,0.0,0.06338999999999999,3,0.00044,0.15225,0.00043,0.11435,-0.025169999999999998,0.00031999999999998696,-0.025489999999999985,0.00046,0.19559,0.00043,0.11726,0.01817000000000002,0.0032299999999999968,0.014940000000000023
831,CVE-2024-12086,2025-01-23,CVE-2024-42831,2025-04-02,1,0.05,0.00045,0.17742,0.0,0.00045,0.17742,0.0,0.0,1,0.00045,0.178,0.00045,0.178,0.0005799999999999972,0.0005799999999999972,0.0,0.00045,0.17964,0.00045,0.17964,0.0022199999999999998,0.0022199999999999998,0.0
831,CVE-2024-12086,2025-01-23,CVE-2024-50861,2025-04-14,4,0.05,0.00045,0.17742,0.0,0.00045,0.17742,0.0,0.0,2,0.00045,0.178,0.00045,0.178,0.0005799999999999972,0.0005799999999999972,0.0,0.00045,0.17964,0.00045,0.17964,0.0022199999999999998,0.0022199999999999998,0.0
831,CVE-2024-12086,2025-01-23,CVE-2024-43687,2025-04-04,2,0.05,0.00045,0.17742,0.0,0.00046,0.1923,0.0,0.014880000000000004,3,0.00045,0.178,0.00046,0.19285,0.0005799999999999972,0.0005499999999999949,3.0000000000002247e-05,0.00045,0.17964,0.00046,0.19478,0.0022199999999999998,0.00248000000000001,-0.0002600000000000102
832,CVE-2024-12087,2025-01-23,CVE-2024-12342,2025-04-17,6,0.05,0.00045,0.17742,0.0,0.00045,0.17742,0.0,0.0,1,0.00045,0.178,0.00045,0.178,0.0005799999999999972,0.0005799999999999972,0.0,0.00045,0.17964,0.00045,0.17964,0.0022199999999999998,0.0022199999999999998,0.0
832,CVE-2024-12087,2025-01-23,CVE-2024-3935,2025-04-17,7,0.05,0.00045,0.17742,0.0,0.00045,0.17742,0.0,0.0,2,0.00045,0.178,0.00051,0.22748,0.0005799999999999972,0.05005999999999999,-0.049479999999999996,0.00045,0.17964,0.00051,0.22958,0.0022199999999999998,0.05216000000000001,-0.04994000000000001
832,CVE-2024-12087,2025-01-23,CVE-2024-36620,2025-05-09,10,0.05,0.00045,0.17742,0.0,0.00045,0.17742,0.0,0.0,3,0.00045,0.178,0.00045,0.178,0.0005799999999999972,0.0005799999999999972,0.0,0.00045,0.17964,0.00045,0.17964,0.0022199999999999998,0.0022199999999999998,0.0
833,CVE-2024-12088,2025-01-23,CVE-2024-12342,2025-04-17,6,0.05,0.00045,0.17742,0.0,0.00045,0.17742,0.0,0.0,1,0.00045,0.178,0.00045,0.178,0.0005799999999999972,0.0005799999999999972,0.0,0.00045,0.17964,0.00045,0.17964,0.0022199999999999998,0.0022199999999999998,0.0
833,CVE-2024-12088,2025-01-23,CVE-2024-3935,2025-04-17,7,0.05,0.00045,0.17742,0.0,0.00045,0.17742,0.0,0.0,2,0.00045,0.178,0.00051,0.22748,0.0005799999999999972,0.05005999999999999,-0.049479999999999996,0.00045,0.17964,0.00051,0.22958,0.0022199999999999998,0.05216000000000001,-0.04994000000000001
833,CVE-2024-12088,2025-01-23,CVE-2024-36620,2025-05-09,10,0.05,0.00045,0.17742,0.0,0.00045,0.17742,0.0,0.0,3,0.00045,0.178,0.00045,0.178,0.0005799999999999972,0.0005799999999999972,0.0,0.00045,0.17964,0.00045,0.17964,0.0022199999999999998,0.0022199999999999998,0.0
838,CVE-2024-12097,2025-03-05,CVE-2024-10525,2025-04-17,4,0.0,0.00091,0.41197,1.0,0.00068,0.32912,0.0,0.08284999999999998,1,0.00091,0.41281,0.00068,0.33005,0.0008400000000000074,0.0009299999999999864,-8.999999999997899e-05,0.0004,0.09098,0.00194,0.38532,-0.32099,0.05619999999999997,-0.37718999999999997
839,CVE-2024-12106,2024-12-31,CVE-2024-23346,2025-04-15,4,0.14999999999999963,0.00043,0.10983,1.0,0.00045,0.17483,0.0,0.06500000000000002,1,0.00048,0.197,0.00045,0.17528,0.08717000000000001,0.0004499999999999782,0.08672000000000003,0.00048,0.20063,0.00045,0.17846,0.0908,0.0036299999999999943,0.08717000000000001
844,CVE-2024-12144,2025-03-06,CVE-2024-10525,2025-04-17,4,0.0,0.00091,0.41223,1.0,0.00068,0.32924,0.0,0.08299000000000001,1,0.00091,0.41287,0.00068,0.33014,0.0006400000000000294,0.0009000000000000119,-0.00025999999999998247,0.0004,0.09129,0.00194,0.38558,-0.32094,0.05634,-0.37728
855,CVE-2024-12281,2025-03-05,CVE-2024-10525,2025-04-17,4,0.0,0.00091,0.41197,1.0,0.00068,0.32912,0.0,0.08284999999999998,1,0.00091,0.41281,0.00068,0.33005,0.0008400000000000074,0.0009299999999999864,-8.999999999997899e-05,0.00064,0.17182,0.00194,0.38532,-0.24015,0.05619999999999997,-0.29635
859,CVE-2024-12295,2025-03-19,CVE-2024-43201,2025-05-04,4,0.05,0.00039,0.08419,0.0,0.00056,0.14491,0.0,0.06072000000000001,1,0.0004,0.08811,0.00056,0.1439,0.003919999999999993,-0.0010100000000000109,0.004930000000000004,0.0004,0.11665,0.00039,0.11011,0.03246,-0.03480000000000001,0.06726000000000001
864,CVE-2024-1234,2025-04-05,CVE-2024-6485,2025-05-17,3,0.05,0.00226,0.42613,0.0,0.00235,0.43761,0.0,0.01147999999999999,1,0.01776,0.81152,0.00312,0.51484,0.38539,0.07722999999999997,0.30816000000000004,0.02007,0.82682,0.00042,0.12367,0.40069,-0.31394,0.71463
864,CVE-2024-1234,2025-04-05,CVE-2024-6531,2025-05-17,4,0.05,0.00226,0.42613,0.0,0.00235,0.43761,0.0,0.01147999999999999,2,0.01776,0.81152,0.00312,0.51484,0.38539,0.07722999999999997,0.30816000000000004,0.02007,0.82682,0.00037,0.10204,0.40069,-0.33557,0.7362599999999999
865,CVE-2024-12342,2025-04-17,CVE-2024-29073,2025-05-18,9,1.2500000000000002,0.00098,0.2867,0.0,0.00133,0.34348,0.0,0.05678,1,0.01196,0.77726,0.00133,0.34296,0.49055999999999994,-0.0005200000000000204,0.49107999999999996,0.00912,0.74672,0.00144,0.35879,0.46002000000000004,0.01530999999999999,0.44471000000000005
866,CVE-2024-12344,2025-04-17,CVE-2024-39338,2025-05-27,11,1.5000000000000002,0.00028,0.06224,0.0,0.00026,0.05456,0.0,0.007679999999999999,1,0.00927,0.74799,0.00026,0.05367,0.6857500000000001,-0.000889999999999995,0.68664,0.00548,0.66716,0.00032,0.07833,0.60492,0.02377,0.58115
866,CVE-2024-12344,2025-04-17,CVE-2024-26626,2025-05-20,5,0.8499999999999999,0.00028,0.06224,0.0,0.00016,0.02357,0.0,0.038669999999999996,2,0.00927,0.74799,0.00016,0.0234,0.6857500000000001,-0.00017,0.6859200000000001,0.00548,0.66716,0.00018,0.02905,0.60492,0.005479999999999999,0.59944
866,CVE-2024-12344,2025-04-17,CVE-2024-26627,2025-05-20,6,0.8499999999999999,0.00028,0.06224,0.0,0.00013,0.01302,0.0,0.04922,3,0.00927,0.74799,0.00013,0.013,0.6857500000000001,-2.000000000000092e-05,0.6857700000000001,0.00548,0.66716,0.00013,0.01306,0.60492,4.0000000000000105e-05,0.60488
869,CVE-2024-12368,2025-02-25,CVE-2024-0399,2025-04-16,5,0.05,0.00043,0.11771,3.0,0.00043,0.11716,0.0,0.0005499999999999949,1,0.0005,0.22092,0.00043,0.11827,0.10321000000000001,0.0011099999999999999,0.10210000000000001,0.00029,0.04991,0.11651,0.92627,-0.0678,0.80911,-0.87691
869,CVE-2024-12368,2025-02-25,CVE-2024-36623,2025-05-09,8,0.05,0.00043,0.11771,3.0,0.00045,0.17956,0.0,0.06185,2,0.0005,0.22092,0.00045,0.18319,0.10321000000000001,0.0036299999999999943,0.09958000000000002,0.00029,0.04991,0.0007,0.18295,-0.0678,0.003390000000000004,-0.07119
872,CVE-2024-12386,2025-02-12,CVE-2024-36623,2025-05-09,12,0.05,0.00051,0.22801,1.0,0.00045,0.17783,0.0,0.05018,1,0.00051,0.22979,0.00045,0.17984,0.0017800000000000038,0.0020100000000000118,-0.00023000000000000798,0.00052,0.23964,0.00045,0.18392,0.011630000000000001,0.006090000000000012,0.005539999999999989
875,CVE-2024-12431,2025-01-08,CVE-2024-46528,2025-03-27,1,0.05,0.00045,0.17502,1.0,0.00045,0.17541,0.0,0.00039000000000000146,1,0.00045,0.17612,0.00045,0.17612,0.0010999999999999899,0.0007099999999999884,0.00039000000000000146,0.00045,0.17818,0.00045,0.17818,0.003159999999999996,0.0027699999999999947,0.00039000000000000146
875,CVE-2024-12431,2025-01-08,CVE-2024-12955,2025-04-17,4,0.05,0.00045,0.17502,1.0,0.00045,0.17541,0.0,0.00039000000000000146,2,0.00045,0.17612,0.00045,0.17612,0.0010999999999999899,0.0007099999999999884,0.00039000000000000146,0.00045,0.17818,0.00045,0.17818,0.003159999999999996,0.0027699999999999947,0.00039000000000000146
875,CVE-2024-12431,2025-01-08,CVE-2024-56378,2025-05-17,8,0.05,0.00045,0.17502,1.0,0.00045,0.17541,0.0,0.00039000000000000146,3,0.00045,0.17612,0.00045,0.17612,0.0010999999999999899,0.0007099999999999884,0.00039000000000000146,0.00045,0.17818,0.00045,0.17818,0.003159999999999996,0.0027699999999999947,0.00039000000000000146
879,CVE-2024-12483,2025-04-18,CVE-2024-39338,2025-05-27,9,4.1,0.00027,0.0595,0.0,0.00026,0.05445,0.0,0.005049999999999999,1,0.0097,0.75392,0.00029,0.06645,0.69442,0.011999999999999997,0.68242,0.00432,0.61622,0.0003,0.06937,0.55672,0.014920000000000003,0.5418
879,CVE-2024-12483,2025-04-18,CVE-2024-26626,2025-05-20,2,2.0999999999999996,0.00027,0.0595,0.0,0.00016,0.02347,0.0,0.03602999999999999,2,0.0097,0.75392,0.00016,0.0233,0.69442,-0.00017,0.69459,0.00432,0.61622,0.00018,0.02893,0.55672,0.00546,0.55126
879,CVE-2024-12483,2025-04-18,CVE-2024-26627,2025-05-20,3,2.0999999999999996,0.00027,0.0595,0.0,0.00013,0.01301,0.0,0.04649,3,0.0097,0.75392,0.00013,0.01295,0.69442,-6.0000000000001025e-05,0.69448,0.00432,0.61622,0.00013,0.01298,0.55672,-3.0000000000000512e-05,0.55675
882,CVE-2024-12544,2025-03-01,CVE-2024-9054,2025-04-04,7,0.05,0.00056,0.26544,1.0,0.00064,0.30805,0.0,0.04260999999999998,1,0.00056,0.2667,0.00064,0.3092,0.0012599999999999834,0.0011499999999999844,0.00010999999999999899,0.0023,0.42862,0.00952,0.74326,0.16318,0.43521000000000004,-0.27203000000000005
882,CVE-2024-12544,2025-03-01,CVE-2024-39304,2025-04-09,10,0.05,0.00056,0.26544,1.0,0.0005,0.22021,0.0,0.04523000000000002,2,0.00056,0.2667,0.0005,0.22138,0.0012599999999999834,0.0011700000000000044,8.999999999997899e-05,0.0023,0.42862,0.20878,0.95137,0.16318,0.73116,-0.56798
882,CVE-2024-12544,2025-03-01,CVE-2024-48827,2025-04-06,8,0.05,0.00056,0.26544,1.0,0.00045,0.18245,0.0,0.08299000000000001,3,0.00056,0.2667,0.00045,0.1835,0.0012599999999999834,0.0010499999999999954,0.00020999999999998797,0.0023,0.42862,0.00531,0.64626,0.16318,0.46380999999999994,-0.30062999999999995
883,CVE-2024-12556,2025-04-08,CVE-2024-29944,2025-05-19,11,0.3499999999999989,0.00038,0.08426,1.0,0.00066,0.17674,0.0,0.09248,1,0.00039,0.10848,0.00102,0.29303,0.02421999999999999,0.11629,-0.09207000000000001,0.00039,0.11057,0.00729,0.7141,0.02631,0.53736,-0.51105
885,CVE-2024-12563,2025-03-18,CVE-2024-43201,2025-05-04,4,0.05,0.00075,0.19791,1.0,0.00056,0.14893,0.0,0.048979999999999996,1,0.00073,0.19288,0.00056,0.14397,-0.005030000000000007,-0.00496000000000002,-6.999999999998674e-05,0.00097,0.28417,0.00039,0.1094,0.08625999999999998,-0.03953000000000001,0.12578999999999999
885,CVE-2024-12563,2025-03-18,CVE-2024-21113,2025-05-01,3,0.05,0.00075,0.19791,1.0,0.0012,0.28538,0.0,0.08747000000000002,2,0.00073,0.19288,0.00072,0.1895,-0.005030000000000007,-0.09588000000000002,0.09085000000000001,0.00097,0.28417,0.00057,0.17729,0.08625999999999998,-0.10809000000000002,0.19435
887,CVE-2024-12583,2025-01-04,CVE-2024-6327,2025-04-17,4,0.05,0.00056,0.2555,1.0,0.00071,0.33038,0.0,0.07488,1,0.00056,0.25704,0.00071,0.33166,0.0015399999999999858,0.0012800000000000034,0.00025999999999998247,0.00056,0.26144,0.00071,0.33562,0.005940000000000001,0.005239999999999967,0.0007000000000000339
887,CVE-2024-12583,2025-01-04,CVE-2024-41110,2025-05-09,5,0.05,0.00056,0.2555,1.0,0.00045,0.15874,0.0,0.09676000000000001,2,0.00056,0.25704,0.00045,0.15978,0.0015399999999999858,0.0010400000000000131,0.0004999999999999727,0.00056,0.26144,0.00045,0.16328,0.005940000000000001,0.004540000000000016,0.0013999999999999846
889,CVE-2024-12626,2024-12-19,CVE-2024-24691,2025-04-17,5,0.05,0.00091,0.40175,1.0,0.00091,0.40176,0.0,1.0000000000010001e-05,1,0.00091,0.40166,0.00091,0.40166,-8.999999999997899e-05,-9.999999999998899e-05,1.0000000000010001e-05,0.00091,0.4055,0.00105,0.44325,0.003750000000000031,0.04148999999999997,-0.03773999999999994
889,CVE-2024-12626,2024-12-19,CVE-2024-26020,2025-05-18,8,0.05,0.00091,0.40175,1.0,0.00115,0.459,0.0,0.05725000000000002,2,0.00091,0.40166,0.00115,0.45882,-8.999999999997899e-05,-0.00018000000000001348,9.00000000000345e-05,0.00091,0.4055,0.00115,0.46231,0.003750000000000031,0.0033099999999999796,0.00044000000000005146
889,CVE-2024-12626,2024-12-19,CVE-2024-7971,2025-04-13,4,0.05,0.00091,0.40175,1.0,0.0012,0.46797,0.0,0.06622,3,0.00091,0.40166,0.0012,0.46792,-8.999999999997899e-05,-4.999999999999449e-05,-3.999999999998449e-05,0.00091,0.4055,0.06612,0.93745,0.003750000000000031,0.46948,-0.46573
890,CVE-2024-12641,2024-12-16,CVE-2024-24691,2025-04-17,5,0.05,0.00091,0.40158,1.0,0.00091,0.40772,0.0,0.006140000000000034,1,0.00091,0.40172,0.00091,0.40172,0.000140000000000029,-0.006000000000000005,0.006140000000000034,0.00091,0.40489,0.00105,0.44262,0.003310000000000035,0.03489999999999999,-0.03158999999999995
890,CVE-2024-12641,2024-12-16,CVE-2024-26020,2025-05-18,8,0.05,0.00091,0.40158,1.0,0.00087,0.39046,0.0,0.011120000000000019,2,0.00091,0.40172,0.00115,0.45885,0.000140000000000029,0.06839,-0.06824999999999998,0.00091,0.40489,0.00115,0.46169,0.003310000000000035,0.07123000000000002,-0.06791999999999998
890,CVE-2024-12641,2024-12-16,CVE-2024-4671,2025-04-25,6,0.05,0.00091,0.40158,1.0,0.001,0.43019,0.0,0.028610000000000024,3,0.00091,0.40172,0.00163,0.53344,0.000140000000000029,0.10325000000000001,-0.10310999999999998,0.00091,0.40489,0.00163,0.53622,0.003310000000000035,0.10603000000000001,-0.10271999999999998
897,CVE-2024-12650,2025-03-06,CVE-2024-39143,2025-04-09,1,0.05,0.00044,0.1608,0.0,0.00045,0.1671,0.0,0.0063,1,0.00044,0.16136,0.00045,0.16759,0.0005600000000000049,0.0004899999999999904,7.00000000000145e-05,0.00044,0.10524,0.00127,0.2913,-0.05556,0.1242,-0.17976
897,CVE-2024-12650,2025-03-06,CVE-2024-51463,2025-04-15,3,0.05,0.00044,0.1608,0.0,0.00045,0.1671,0.0,0.0063,2,0.00044,0.16136,0.00045,0.16759,0.0005600000000000049,0.0004899999999999904,7.00000000000145e-05,0.00044,0.10524,0.00029,0.05116,-0.05556,-0.11594,0.06038
897,CVE-2024-12650,2025-03-06,CVE-2024-47605,2025-04-14,2,0.05,0.00044,0.1608,0.0,0.00045,0.18333,0.0,0.022529999999999994,3,0.00044,0.16136,0.00045,0.18376,0.0005600000000000049,0.0004300000000000137,0.00012999999999999123,0.00044,0.10524,0.00048,0.11937,-0.05556,-0.06395999999999999,0.00839999999999999
900,CVE-2024-12686,2025-01-13,CVE-2024-20054,2025-05-07,1,0.05,0.00043,0.11433,0.0,0.00043,0.11157,0.0,0.0027599999999999986,1,0.0618,0.93524,0.00043,0.11349,0.8209099999999999,0.0019199999999999912,0.8189899999999999,0.0618,0.93557,0.00043,0.11476,0.82124,0.0031899999999999984,0.8180499999999999
900,CVE-2024-12686,2025-01-13,CVE-2024-35539,2025-04-10,6,0.14999999999999963,0.00043,0.11433,0.0,0.00043,0.11157,0.0,0.0027599999999999986,2,0.0618,0.93524,0.00043,0.11349,0.8209099999999999,0.0019199999999999912,0.8189899999999999,0.0618,0.93557,0.00043,0.11476,0.82124,0.0031899999999999984,0.8180499999999999
900,CVE-2024-12686,2025-01-13,CVE-2024-12342,2025-04-17,7,0.14999999999999963,0.00043,0.11433,0.0,0.00045,0.17537,0.0,0.06104,3,0.0618,0.93524,0.00045,0.1768,0.8209099999999999,0.0014300000000000146,0.8194799999999999,0.0618,0.93557,0.00045,0.17783,0.82124,0.00245999999999999,0.81878
908,CVE-2024-12747,2025-01-23,CVE-2024-26634,2025-05-09,10,0.14999999999999963,0.00045,0.17742,0.0,0.00045,0.17742,0.0,0.0,1,0.00045,0.178,0.00045,0.178,0.0005799999999999972,0.0005799999999999972,0.0,0.00045,0.17964,0.00045,0.17964,0.0022199999999999998,0.0022199999999999998,0.0
908,CVE-2024-12747,2025-01-23,CVE-2024-27876,2025-04-24,8,0.14999999999999963,0.00045,0.17742,0.0,0.0005,0.21285,0.0,0.03543000000000002,2,0.00045,0.178,0.0005,0.21346,0.0005799999999999972,0.0006099999999999994,-3.0000000000002247e-05,0.00045,0.17964,0.0005,0.21561,0.0022199999999999998,0.0027599999999999847,-0.0005399999999999849
908,CVE-2024-12747,2025-01-23,CVE-2024-36424,2025-04-10,7,0.14999999999999963,0.00045,0.17742,0.0,0.00043,0.11403,0.0,0.06338999999999999,3,0.00045,0.178,0.00043,0.11435,0.0005799999999999972,0.00031999999999998696,0.0002600000000000102,0.00045,0.17964,0.00043,0.11726,0.0022199999999999998,0.0032299999999999968,-0.001009999999999997
909,CVE-2024-12749,2025-01-29,CVE-2024-40892,2025-03-17,2,0.05,0.00043,0.11435,1.0,0.00043,0.11437,0.0,2.0000000000006124e-05,1,0.00043,0.11488,0.00043,0.11488,0.0005300000000000027,0.0005099999999999966,2.0000000000006124e-05,0.00043,0.11771,0.00043,0.11771,0.003360000000000002,0.0033399999999999958,2.0000000000006124e-05
909,CVE-2024-12749,2025-01-29,CVE-2024-48846,2025-04-16,4,0.05,0.00043,0.11435,1.0,0.00043,0.11437,0.0,2.0000000000006124e-05,2,0.00043,0.11488,0.00043,0.11488,0.0005300000000000027,0.0005099999999999966,2.0000000000006124e-05,0.00043,0.11771,0.0005,0.21805,0.003360000000000002,0.10368,-0.10031999999999999
909,CVE-2024-12749,2025-01-29,CVE-2024-0150,2025-05-17,5,0.05,0.00043,0.11435,1.0,0.00043,0.11437,0.0,2.0000000000006124e-05,3,0.00043,0.11488,0.00043,0.11488,0.0005300000000000027,0.0005099999999999966,2.0000000000006124e-05,0.00043,0.11771,0.00043,0.11771,0.003360000000000002,0.0033399999999999958,2.0000000000006124e-05
912,CVE-2024-12797,2025-02-11,CVE-2024-6484,2025-05-17,8,0.15000000000000052,0.00045,0.17783,1.0,0.00046,0.19261,0.0,0.014780000000000015,1,0.00045,0.17981,0.00046,0.19483,0.0019800000000000095,0.0022199999999999998,-0.00023999999999999022,0.00045,0.18376,0.00046,0.19886,0.005930000000000019,0.0062500000000000056,-0.00031999999999998696
912,CVE-2024-12797,2025-02-11,CVE-2024-1234,2025-04-05,6,0.15000000000000052,0.00045,0.17783,1.0,0.00048,0.20336,0.0,0.025530000000000025,2,0.00045,0.17981,0.00048,0.20568,0.0019800000000000095,0.0023199999999999887,-0.0003399999999999792,0.00045,0.18376,0.00048,0.20972,0.005930000000000019,0.006359999999999977,-0.0004299999999999582
912,CVE-2024-12797,2025-02-11,CVE-2024-3935,2025-04-17,11,0.20000000000000018,0.00045,0.17783,1.0,0.00051,0.22731,0.0,0.049480000000000024,3,0.00045,0.17981,0.00051,0.22949,0.0019800000000000095,0.0021799999999999875,-0.00019999999999997797,0.00045,0.18376,0.00051,0.23343,0.005930000000000019,0.0061199999999999866,-0.00018999999999996797
914,CVE-2024-12803,2025-01-09,CVE-2024-47461,2025-05-23,5,0.05,0.00043,0.11133,1.0,0.00043,0.11086,0.0,0.0004699999999999982,1,0.00043,0.11287,0.00043,0.11287,0.0015399999999999997,0.002009999999999998,-0.0004699999999999982,0.00043,0.11466,0.00043,0.11466,0.0033299999999999996,0.003799999999999998,-0.0004699999999999982
914,CVE-2024-12803,2025-01-09,CVE-2024-35061,2025-04-11,9,0.14999999999999963,0.00043,0.11133,1.0,0.00045,0.17502,0.0,0.06369000000000001,2,0.00043,0.11287,0.00045,0.17624,0.0015399999999999997,0.0012199999999999989,0.00032000000000000084,0.00043,0.11466,0.00045,0.17815,0.0033299999999999996,0.003129999999999994,0.00020000000000000573
915,CVE-2024-12805,2025-01-09,CVE-2024-47461,2025-05-23,5,0.05,0.00043,0.11133,1.0,0.00043,0.11086,0.0,0.0004699999999999982,1,0.00043,0.11287,0.00043,0.11287,0.0015399999999999997,0.002009999999999998,-0.0004699999999999982,0.00043,0.11466,0.00043,0.11466,0.0033299999999999996,0.003799999999999998,-0.0004699999999999982
915,CVE-2024-12805,2025-01-09,CVE-2024-35061,2025-04-11,9,0.14999999999999963,0.00043,0.11133,1.0,0.00045,0.17502,0.0,0.06369000000000001,2,0.00043,0.11287,0.00045,0.17624,0.0015399999999999997,0.0012199999999999989,0.00032000000000000084,0.00043,0.11466,0.00045,0.17815,0.0033299999999999996,0.003129999999999994,0.00020000000000000573
916,CVE-2024-12810,2025-03-14,CVE-2024-4058,2025-04-17,4,0.05,0.0005,0.22185,1.0,0.00058,0.27458,0.0,0.05273,1,0.00054,0.13769,0.00562,0.65828,-0.08415999999999998,0.3837,-0.46785999999999994,0.00054,0.13915,0.00562,0.65812,-0.0827,0.38354000000000005,-0.46624000000000004
917,CVE-2024-12811,2025-02-28,CVE-2024-39304,2025-04-09,10,0.05,0.0005,0.22027,0.0,0.0005,0.22027,0.0,0.0,1,0.0005,0.22131,0.0005,0.22131,0.0010400000000000131,0.0010400000000000131,0.0,0.00097,0.24277,0.20878,0.95139,0.02250000000000002,0.73112,-0.70862
917,CVE-2024-12811,2025-02-28,CVE-2024-48827,2025-04-06,8,0.05,0.0005,0.22027,0.0,0.00045,0.18251,0.0,0.03775999999999999,2,0.0005,0.22131,0.00045,0.1835,0.0010400000000000131,0.0009899999999999909,5.000000000002225e-05,0.00097,0.24277,0.00531,0.64624,0.02250000000000002,0.46373000000000003,-0.44123
917,CVE-2024-12811,2025-02-28,CVE-2024-9054,2025-04-04,7,0.05,0.0005,0.22027,0.0,0.00064,0.3081,0.0,0.08782999999999999,3,0.0005,0.22131,0.00064,0.30914,0.0010400000000000131,0.001040000000000041,-2.7755575615628914e-17,0.00097,0.24277,0.00952,0.74321,0.02250000000000002,0.43511000000000005,-0.41261000000000003
920,CVE-2024-12824,2025-03-01,CVE-2024-10525,2025-04-17,7,0.0,0.00091,0.41122,1.0,0.00068,0.3284,0.0,0.08281999999999995,1,0.00873,0.826,0.00068,0.32954,0.41478,0.0011399999999999744,0.41364,0.42852,0.97208,0.00194,0.38398,0.5608600000000001,0.05557999999999996,0.5052800000000002
921,CVE-2024-12828,2024-12-30,CVE-2024-41110,2025-05-09,6,0.05,0.00043,0.1123,1.0,0.00045,0.15829,0.0,0.04598999999999999,1,0.00043,0.11281,0.00045,0.15856,0.0005099999999999966,0.0002700000000000202,0.00023999999999997634,0.00043,0.11723,0.00045,0.16296,0.004930000000000004,0.0046700000000000075,0.00025999999999999635
922,CVE-2024-12830,2024-12-20,CVE-2024-35061,2025-04-11,2,0.05,0.00044,0.12103,0.0,0.00045,0.17319,0.0,0.05216000000000001,1,0.00044,0.12135,0.00045,0.17338,0.00032000000000000084,0.00018999999999999573,0.0001300000000000051,0.00047,0.19732,0.00045,0.1767,0.07629,0.0035099999999999854,0.07278000000000001
922,CVE-2024-12830,2024-12-20,CVE-2024-41710,2025-01-29,10,0.14999999999999963,0.00044,0.12103,0.0,0.00045,0.17319,0.0,0.05216000000000001,2,0.00044,0.12135,0.00045,0.17338,0.00032000000000000084,0.00018999999999999573,0.0001300000000000051,0.00047,0.19732,0.00045,0.1767,0.07629,0.0035099999999999854,0.07278000000000001
922,CVE-2024-12830,2024-12-20,CVE-2024-44871,2025-03-27,12,0.14999999999999963,0.00044,0.12103,0.0,0.0005,0.21014,0.0,0.08911,3,0.00044,0.12135,0.0005,0.20998,0.00032000000000000084,-0.00015999999999999348,0.0004799999999999943,0.00047,0.19732,0.0005,0.21388,0.07629,0.0037399999999999933,0.07255
923,CVE-2024-12832,2024-12-20,CVE-2024-47595,2025-04-09,2,0.05,0.00043,0.10892,0.0,0.00043,0.10892,0.0,0.0,1,0.00043,0.10932,0.00043,0.10932,0.0003999999999999976,0.0003999999999999976,0.0,0.00044,0.1549,0.00043,0.11349,0.04598000000000001,0.004569999999999991,0.041410000000000016
923,CVE-2024-12832,2024-12-20,CVE-2024-50050,2025-04-29,5,0.05,0.00043,0.10892,0.0,0.00043,0.10892,0.0,0.0,2,0.00043,0.10932,0.00043,0.10932,0.0003999999999999976,0.0003999999999999976,0.0,0.00044,0.1549,0.00043,0.11349,0.04598000000000001,0.004569999999999991,0.041410000000000016
923,CVE-2024-12832,2024-12-20,CVE-2024-24795,2025-05-17,6,0.05,0.00043,0.10892,0.0,0.00043,0.10892,0.0,0.0,3,0.00043,0.10932,0.00043,0.10932,0.0003999999999999976,0.0003999999999999976,0.0,0.00044,0.1549,0.00043,0.11349,0.04598000000000001,0.004569999999999991,0.041410000000000016
924,CVE-2024-12833,2025-02-11,CVE-2024-38796,2025-04-23,6,0.24999999999999928,0.00043,0.11476,1.0,0.00043,0.1146,0.0,0.00016000000000000736,1,0.00043,0.11678,0.00043,0.11678,0.002019999999999994,0.0021800000000000014,-0.00016000000000000736,0.00046,0.19886,0.00043,0.11935,0.08410000000000001,0.004750000000000004,0.07935
924,CVE-2024-12833,2025-02-11,CVE-2024-29018,2025-05-09,7,0.24999999999999928,0.00043,0.11476,1.0,0.00043,0.1146,0.0,0.00016000000000000736,2,0.00043,0.11678,0.00043,0.11678,0.002019999999999994,0.0021800000000000014,-0.00016000000000000736,0.00046,0.19886,0.00043,0.11935,0.08410000000000001,0.004750000000000004,0.07935
924,CVE-2024-12833,2025-02-11,CVE-2024-47595,2025-04-09,8,0.25000000000000017,0.00043,0.11476,1.0,0.00043,0.1146,0.0,0.00016000000000000736,3,0.00043,0.11678,0.00043,0.11678,0.002019999999999994,0.0021800000000000014,-0.00016000000000000736,0.00046,0.19886,0.00043,0.11935,0.08410000000000001,0.004750000000000004,0.07935
931,CVE-2024-12856,2025-01-07,CVE-2024-12987,2025-05-17,12,0.14999999999999963,0.00046,0.18392,0.0,0.00046,0.18392,0.0,0.0,1,0.00046,0.1906,0.00046,0.18495,0.0066799999999999915,0.0010300000000000031,0.005649999999999988,0.00046,0.19329,0.00046,0.18715,0.00936999999999999,0.0032300000000000106,0.006139999999999979
931,CVE-2024-12856,2025-01-07,CVE-2024-35061,2025-04-11,8,0.14999999999999963,0.00046,0.18392,0.0,0.00045,0.17482,0.0,0.009099999999999997,2,0.00046,0.1906,0.00045,0.17569,0.0066799999999999915,0.0008700000000000097,0.005809999999999982,0.00046,0.19329,0.00045,0.17834,0.00936999999999999,0.0035199999999999954,0.005849999999999994
931,CVE-2024-12856,2025-01-07,CVE-2024-44871,2025-03-27,1,0.05,0.00046,0.18392,0.0,0.0005,0.2111,0.0,0.02718000000000001,3,0.00046,0.1906,0.0005,0.21243,0.0066799999999999915,0.0013299999999999979,0.005349999999999994,0.00046,0.19329,0.0005,0.2157,0.00936999999999999,0.004599999999999993,0.0047699999999999965
934,CVE-2024-12860,2025-02-18,CVE-2024-6671,2025-03-25,4,0.0,0.00091,0.40935,1.0,0.00124,0.48088,0.0,0.07152999999999998,1,0.00091,0.40911,0.00124,0.48066,-0.00024000000000001798,-0.00021999999999999797,-2.0000000000020002e-05,0.00064,0.17093,0.11202,0.92944,-0.23842,0.44856000000000007,-0.68698
935,CVE-2024-12876,2025-03-07,CVE-2024-10525,2025-04-17,4,0.0,0.00091,0.41226,1.0,0.00068,0.32946,0.0,0.08280000000000004,1,0.00091,0.41292,0.00068,0.33026,0.0006599999999999939,0.0008000000000000229,-0.000140000000000029,0.00064,0.17172,0.00194,0.38529,-0.24054,0.055830000000000046,-0.29637
939,CVE-2024-12905,2025-04-22,CVE-2024-46687,2025-05-26,3,0.3499999999999998,0.00063,0.19949,0.0,0.00043,0.12851,0.0,0.07097999999999999,1,0.01371,0.79169,0.00043,0.12852,0.5922000000000001,9.999999999982245e-06,0.5921900000000001,0.00398,0.59675,0.00044,0.13299,0.39726,0.004479999999999984,0.39278
939,CVE-2024-12905,2025-04-22,CVE-2024-47460,2025-05-23,10,1.8,0.00063,0.19949,0.0,0.00102,0.29365,0.0,0.09416000000000002,2,0.01371,0.79169,0.00102,0.29335,0.5922000000000001,-0.00030000000000002247,0.5925,0.00398,0.59675,0.00102,0.29366,0.39726,9.99999999995449e-06,0.39725000000000005
940,CVE-2024-12916,2025-02-24,CVE-2024-39304,2025-04-09,11,0.05,0.0005,0.22034,3.0,0.0005,0.21769,0.0,0.0026500000000000135,1,0.0005,0.2201,0.0005,0.2201,-0.00024000000000001798,0.0024099999999999955,-0.0026500000000000135,0.00037,0.07684,0.30791,0.96282,-0.14350000000000002,0.7451300000000001,-0.88863
940,CVE-2024-12916,2025-02-24,CVE-2024-48827,2025-04-06,9,0.05,0.0005,0.22034,3.0,0.00045,0.17964,0.0,0.040700000000000014,2,0.0005,0.2201,0.00045,0.18242,-0.00024000000000001798,0.0027800000000000047,-0.0030200000000000227,0.00037,0.07684,0.00531,0.64506,-0.14350000000000002,0.46541999999999994,-0.6089199999999999
940,CVE-2024-12916,2025-02-24,CVE-2024-9054,2025-04-04,8,0.05,0.0005,0.22034,3.0,0.00064,0.30564,0.0,0.08530000000000001,3,0.0005,0.2201,0.00064,0.30801,-0.00024000000000001798,0.0023699999999999832,-0.002610000000000001,0.00037,0.07684,0.00952,0.74193,-0.14350000000000002,0.43628999999999996,-0.57979
941,CVE-2024-12917,2025-02-24,CVE-2024-39690,2025-05-09,9,0.14999999999999963,0.0005,0.22034,3.0,0.0005,0.21769,0.0,0.0026500000000000135,1,0.0005,0.2201,0.0005,0.2201,-0.00024000000000001798,0.0024099999999999955,-0.0026500000000000135,0.00057,0.14582,0.00126,0.28563,-0.07452,0.06794,-0.14246
941,CVE-2024-12917,2025-02-24,CVE-2024-29944,2025-05-19,11,0.14999999999999963,0.0005,0.22034,3.0,0.00045,0.1855,0.0,0.03484000000000001,2,0.0005,0.2201,0.00045,0.18825,-0.00024000000000001798,0.0027500000000000024,-0.0029900000000000204,0.00057,0.14582,0.00106,0.25674,-0.07452,0.07124000000000003,-0.14576000000000003
941,CVE-2024-12917,2025-02-24,CVE-2024-1708,2025-05-13,10,0.14999999999999963,0.0005,0.22034,3.0,0.00057,0.26819,0.0,0.047849999999999976,3,0.0005,0.2201,0.00086,0.39085,-0.00024000000000001798,0.12265999999999999,-0.12290000000000001,0.00057,0.14582,0.76932,0.98909,-0.07452,0.7209000000000001,-0.7954200000000001
942,CVE-2024-12918,2025-02-24,CVE-2024-39304,2025-04-09,11,0.05,0.0005,0.22034,3.0,0.0005,0.21769,0.0,0.0026500000000000135,1,0.0005,0.2201,0.0005,0.2201,-0.00024000000000001798,0.0024099999999999955,-0.0026500000000000135,0.00037,0.07684,0.30791,0.96282,-0.14350000000000002,0.7451300000000001,-0.88863
942,CVE-2024-12918,2025-02-24,CVE-2024-48827,2025-04-06,9,0.05,0.0005,0.22034,3.0,0.00045,0.17964,0.0,0.040700000000000014,2,0.0005,0.2201,0.00045,0.18242,-0.00024000000000001798,0.0027800000000000047,-0.0030200000000000227,0.00037,0.07684,0.00531,0.64506,-0.14350000000000002,0.46541999999999994,-0.6089199999999999
942,CVE-2024-12918,2025-02-24,CVE-2024-9054,2025-04-04,8,0.05,0.0005,0.22034,3.0,0.00064,0.30564,0.0,0.08530000000000001,3,0.0005,0.2201,0.00064,0.30801,-0.00024000000000001798,0.0023699999999999832,-0.002610000000000001,0.00037,0.07684,0.00952,0.74193,-0.14350000000000002,0.43628999999999996,-0.57979
944,CVE-2024-12920,2025-03-19,CVE-2024-43201,2025-05-04,4,0.05,0.00057,0.14532,0.0,0.00056,0.14491,0.0,0.0004099999999999937,1,0.00054,0.13598,0.00056,0.1439,-0.009340000000000015,-0.0010100000000000109,-0.008330000000000004,0.00054,0.16938,0.00039,0.11011,0.024059999999999998,-0.03480000000000001,0.05886000000000001
944,CVE-2024-12920,2025-03-19,CVE-2024-21113,2025-05-01,3,0.05,0.00057,0.14532,0.0,0.00072,0.18982,0.0,0.044499999999999984,2,0.00054,0.13598,0.00072,0.18931,-0.009340000000000015,-0.0005099999999999827,-0.008830000000000032,0.00054,0.16938,0.00057,0.17807,0.024059999999999998,-0.011749999999999983,0.03580999999999998
946,CVE-2024-12955,2025-04-17,CVE-2024-39338,2025-05-27,12,3.5,0.00037,0.10341,0.0,0.00026,0.05456,0.0,0.048850000000000005,1,0.00143,0.35736,0.00026,0.05367,0.25395,-0.000889999999999995,0.25484,0.00167,0.38887,0.00032,0.07833,0.28546,0.02377,0.26169
946,CVE-2024-12955,2025-04-17,CVE-2024-26626,2025-05-20,3,1.2500000000000002,0.00037,0.10341,0.0,0.00016,0.02357,0.0,0.07984,2,0.00143,0.35736,0.00016,0.0234,0.25395,-0.00017,0.25412,0.00167,0.38887,0.00018,0.02905,0.28546,0.005479999999999999,0.27998
946,CVE-2024-12955,2025-04-17,CVE-2024-26627,2025-05-20,4,1.2500000000000002,0.00037,0.10341,0.0,0.00013,0.01302,0.0,0.09039,3,0.00143,0.35736,0.00013,0.013,0.25395,-2.000000000000092e-05,0.25397000000000003,0.00167,0.38887,0.00013,0.01306,0.28546,4.0000000000000105e-05,0.28542
952,CVE-2024-13078,2025-01-06,CVE-2024-47595,2025-04-09,2,0.05,0.00045,0.17473,0.0,0.00043,0.11007,0.0,0.06466,1,0.00055,0.25585,0.00043,0.11157,0.08112000000000003,0.0015000000000000013,0.07962000000000002,0.00055,0.26009,0.00043,0.11488,0.08535999999999999,0.004809999999999995,0.08055
952,CVE-2024-13078,2025-01-06,CVE-2024-50050,2025-04-29,5,0.05,0.00045,0.17473,0.0,0.00043,0.11007,0.0,0.06466,2,0.00055,0.25585,0.00043,0.11157,0.08112000000000003,0.0015000000000000013,0.07962000000000002,0.00055,0.26009,0.00043,0.11488,0.08535999999999999,0.004809999999999995,0.08055
952,CVE-2024-13078,2025-01-06,CVE-2024-24795,2025-05-17,6,0.05,0.00045,0.17473,0.0,0.00043,0.11007,0.0,0.06466,3,0.00055,0.25585,0.00043,0.11157,0.08112000000000003,0.0015000000000000013,0.07962000000000002,0.00055,0.26009,0.00043,0.11488,0.08535999999999999,0.004809999999999995,0.08055
953,CVE-2024-13079,2025-01-06,CVE-2024-47595,2025-04-09,2,0.05,0.00045,0.17473,0.0,0.00043,0.11007,0.0,0.06466,1,0.00055,0.25585,0.00043,0.11157,0.08112000000000003,0.0015000000000000013,0.07962000000000002,0.00055,0.26009,0.00043,0.11488,0.08535999999999999,0.004809999999999995,0.08055
953,CVE-2024-13079,2025-01-06,CVE-2024-50050,2025-04-29,5,0.05,0.00045,0.17473,0.0,0.00043,0.11007,0.0,0.06466,2,0.00055,0.25585,0.00043,0.11157,0.08112000000000003,0.0015000000000000013,0.07962000000000002,0.00055,0.26009,0.00043,0.11488,0.08535999999999999,0.004809999999999995,0.08055
953,CVE-2024-13079,2025-01-06,CVE-2024-24795,2025-05-17,6,0.05,0.00045,0.17473,0.0,0.00043,0.11007,0.0,0.06466,3,0.00055,0.25585,0.00043,0.11157,0.08112000000000003,0.0015000000000000013,0.07962000000000002,0.00055,0.26009,0.00043,0.11488,0.08535999999999999,0.004809999999999995,0.08055
954,CVE-2024-13084,2025-01-06,CVE-2024-47595,2025-04-09,2,0.05,0.00045,0.17473,0.0,0.00043,0.11007,0.0,0.06466,1,0.00063,0.29239,0.00043,0.11157,0.11765999999999999,0.0015000000000000013,0.11615999999999999,0.00063,0.29639,0.00043,0.11488,0.12165999999999999,0.004809999999999995,0.11685
954,CVE-2024-13084,2025-01-06,CVE-2024-50050,2025-04-29,5,0.05,0.00045,0.17473,0.0,0.00043,0.11007,0.0,0.06466,2,0.00063,0.29239,0.00043,0.11157,0.11765999999999999,0.0015000000000000013,0.11615999999999999,0.00063,0.29639,0.00043,0.11488,0.12165999999999999,0.004809999999999995,0.11685
954,CVE-2024-13084,2025-01-06,CVE-2024-24795,2025-05-17,6,0.05,0.00045,0.17473,0.0,0.00043,0.11007,0.0,0.06466,3,0.00063,0.29239,0.00043,0.11157,0.11765999999999999,0.0015000000000000013,0.11615999999999999,0.00063,0.29639,0.00043,0.11488,0.12165999999999999,0.004809999999999995,0.11685
955,CVE-2024-13085,2025-01-06,CVE-2024-35061,2025-04-11,2,0.05,0.00045,0.17473,0.0,0.00045,0.17473,0.0,0.0,1,0.00063,0.29239,0.00045,0.17537,0.11765999999999999,0.0006400000000000017,0.11701999999999999,0.00063,0.29639,0.00045,0.17834,0.12165999999999999,0.003610000000000002,0.11804999999999999
955,CVE-2024-13085,2025-01-06,CVE-2024-12987,2025-05-17,6,0.05,0.00045,0.17473,0.0,0.00046,0.18383,0.0,0.009099999999999997,2,0.00063,0.29239,0.00046,0.18464,0.11765999999999999,0.0008100000000000052,0.11684999999999998,0.00063,0.29639,0.00046,0.18716,0.12165999999999999,0.0033299999999999996,0.11832999999999999
955,CVE-2024-13085,2025-01-06,CVE-2024-44871,2025-03-27,7,0.14999999999999963,0.00045,0.17473,0.0,0.0005,0.21091,0.0,0.03617999999999999,3,0.00063,0.29239,0.0005,0.21211,0.11765999999999999,0.0012000000000000066,0.11645999999999998,0.00063,0.29639,0.0005,0.21561,0.12165999999999999,0.00470000000000001,0.11695999999999998
959,CVE-2024-13147,2025-03-05,CVE-2024-10525,2025-04-17,4,0.0,0.00091,0.41197,1.0,0.00068,0.32912,0.0,0.08284999999999998,1,0.00091,0.41281,0.00068,0.33005,0.0008400000000000074,0.0009299999999999864,-8.999999999997899e-05,0.0004,0.09098,0.00194,0.38532,-0.32099,0.05619999999999997,-0.37718999999999997
960,CVE-2024-13148,2025-02-27,CVE-2024-10525,2025-04-17,8,0.0,0.00091,0.41126,1.0,0.00068,0.32839,0.0,0.08287,1,0.00091,0.41197,0.00068,0.32924,0.0007099999999999884,0.0008499999999999619,-0.00013999999999997348,0.00034,0.04986,0.00619,0.53586,-0.3614,0.20747,-0.56887
961,CVE-2024-13152,2025-02-14,CVE-2024-6298,2025-04-02,5,0.05,0.00091,0.40917,1.0,0.00091,0.40904,0.0,0.00012999999999996348,1,0.00091,0.40932,0.00091,0.40932,0.000150000000000039,0.00028000000000000247,-0.00012999999999996348,0.00091,0.41293,0.00091,0.41293,0.003760000000000041,0.0038900000000000046,-0.00012999999999996348
961,CVE-2024-13152,2025-02-14,CVE-2024-43102,2025-04-12,8,0.05,0.00091,0.40917,1.0,0.00091,0.40904,0.0,0.00012999999999996348,2,0.00091,0.40932,0.00091,0.40932,0.000150000000000039,0.00028000000000000247,-0.00012999999999996348,0.00091,0.41293,0.00091,0.41293,0.003760000000000041,0.0038900000000000046,-0.00012999999999996348
961,CVE-2024-13152,2025-02-14,CVE-2024-6209,2025-04-02,4,0.05,0.00091,0.40917,1.0,0.00087,0.39337,0.0,0.01579999999999998,3,0.00091,0.40932,0.00087,0.39359,0.000150000000000039,0.00021999999999999797,-6.999999999995898e-05,0.00091,0.41293,0.00087,0.39719,0.003760000000000041,0.00381999999999999,-5.999999999994898e-05
962,CVE-2024-13159,2025-03-11,CVE-2024-21762,2025-04-13,3,0.05,0.01852,0.88356,0.0,0.03347,0.91467,0.0,0.03110999999999997,1,0.92496,0.9974,0.90724,0.99618,0.11383999999999994,0.08150999999999997,0.03232999999999997,0.92486,0.99731,0.90724,0.99608,0.11375000000000002,0.08140999999999998,0.032340000000000035
962,CVE-2024-13159,2025-03-11,CVE-2024-21410,2025-04-17,9,0.05,0.01852,0.88356,0.0,0.04739,0.92738,0.0,0.04381999999999997,2,0.92496,0.9974,0.64167,0.98309,0.11383999999999994,0.05571000000000004,0.058129999999999904,0.92486,0.99731,0.56092,0.97911,0.11375000000000002,0.051730000000000054,0.062019999999999964
962,CVE-2024-13159,2025-03-11,CVE-2024-11680,2025-04-14,4,0.05,0.01852,0.88356,0.0,0.46821,0.97618,0.0,0.09262000000000004,3,0.92496,0.9974,0.9317,0.99797,0.11383999999999994,0.021789999999999976,0.09204999999999997,0.92486,0.99731,0.93334,0.99808,0.11375000000000002,0.02189999999999992,0.0918500000000001
963,CVE-2024-13160,2025-03-11,CVE-2024-21410,2025-04-17,9,0.05,0.04186,0.92312,0.0,0.04739,0.92738,0.0,0.0042599999999999305,1,0.87811,0.99457,0.64167,0.98309,0.0714499999999999,0.05571000000000004,0.015739999999999865,0.91864,0.99681,0.56092,0.97911,0.07368999999999992,0.051730000000000054,0.02195999999999987
963,CVE-2024-13160,2025-03-11,CVE-2024-21762,2025-04-13,3,0.05,0.04186,0.92312,0.0,0.03347,0.91467,0.0,0.008450000000000069,2,0.87811,0.99457,0.90724,0.99618,0.0714499999999999,0.08150999999999997,-0.010060000000000069,0.91864,0.99681,0.90724,0.99608,0.07368999999999992,0.08140999999999998,-0.00772000000000006
963,CVE-2024-13160,2025-03-11,CVE-2024-11680,2025-04-14,4,0.05,0.04186,0.92312,0.0,0.46821,0.97618,0.0,0.053059999999999996,3,0.87811,0.99457,0.9317,0.99797,0.0714499999999999,0.021789999999999976,0.049659999999999926,0.91864,0.99681,0.93334,0.99808,0.07368999999999992,0.02189999999999992,0.05179
964,CVE-2024-13161,2025-03-11,CVE-2024-21410,2025-04-17,9,0.05,0.04186,0.92312,0.0,0.04739,0.92738,0.0,0.0042599999999999305,1,0.87811,0.99457,0.64167,0.98309,0.0714499999999999,0.05571000000000004,0.015739999999999865,0.9045,0.99591,0.56092,0.97911,0.07278999999999991,0.051730000000000054,0.021059999999999857
964,CVE-2024-13161,2025-03-11,CVE-2024-21762,2025-04-13,3,0.05,0.04186,0.92312,0.0,0.03347,0.91467,0.0,0.008450000000000069,2,0.87811,0.99457,0.90724,0.99618,0.0714499999999999,0.08150999999999997,-0.010060000000000069,0.9045,0.99591,0.90724,0.99608,0.07278999999999991,0.08140999999999998,-0.008620000000000072
964,CVE-2024-13161,2025-03-11,CVE-2024-11680,2025-04-14,4,0.05,0.04186,0.92312,0.0,0.46821,0.97618,0.0,0.053059999999999996,3,0.87811,0.99457,0.9317,0.99797,0.0714499999999999,0.021789999999999976,0.049659999999999926,0.9045,0.99591,0.93334,0.99808,0.07278999999999991,0.02189999999999992,0.05088999999999999
967,CVE-2024-13189,2025-01-08,CVE-2024-35061,2025-04-11,2,0.05,0.00045,0.17502,1.0,0.00045,0.17541,0.0,0.00039000000000000146,1,0.00045,0.17612,0.00045,0.17612,0.0010999999999999899,0.0007099999999999884,0.00039000000000000146,0.00045,0.17818,0.00045,0.17818,0.003159999999999996,0.0027699999999999947,0.00039000000000000146
967,CVE-2024-13189,2025-01-08,CVE-2024-12987,2025-05-17,6,0.05,0.00045,0.17502,1.0,0.00046,0.1845,0.0,0.009479999999999988,2,0.00045,0.17612,0.00046,0.18538,0.0010999999999999899,0.0008799999999999919,0.00021999999999999797,0.00045,0.17818,0.00046,0.1871,0.003159999999999996,0.002599999999999991,0.0005600000000000049
967,CVE-2024-13189,2025-01-08,CVE-2024-44871,2025-03-27,7,0.14999999999999963,0.00045,0.17502,1.0,0.0005,0.2117,0.0,0.03667999999999999,3,0.00045,0.17612,0.0005,0.21313,0.0010999999999999899,0.0014299999999999868,-0.00032999999999999696,0.00045,0.17818,0.0005,0.21568,0.003159999999999996,0.003980000000000011,-0.0008200000000000152
968,CVE-2024-13190,2025-01-08,CVE-2024-47595,2025-04-09,2,0.05,0.00045,0.17502,1.0,0.00043,0.11128,0.0,0.06374,1,0.00045,0.17612,0.00043,0.11266,0.0010999999999999899,0.0013799999999999923,-0.00028000000000000247,0.00045,0.17818,0.00043,0.11478,0.003159999999999996,0.0034999999999999892,-0.0003399999999999931
968,CVE-2024-13190,2025-01-08,CVE-2024-50050,2025-04-29,5,0.05,0.00045,0.17502,1.0,0.00043,0.11128,0.0,0.06374,2,0.00045,0.17612,0.00043,0.11266,0.0010999999999999899,0.0013799999999999923,-0.00028000000000000247,0.00045,0.17818,0.00043,0.11478,0.003159999999999996,0.0034999999999999892,-0.0003399999999999931
968,CVE-2024-13190,2025-01-08,CVE-2024-24795,2025-05-17,6,0.05,0.00045,0.17502,1.0,0.00043,0.11128,0.0,0.06374,3,0.00045,0.17612,0.00043,0.11266,0.0010999999999999899,0.0013799999999999923,-0.00028000000000000247,0.00045,0.17818,0.00043,0.11478,0.003159999999999996,0.0034999999999999892,-0.0003399999999999931
969,CVE-2024-13232,2025-03-05,CVE-2024-39304,2025-04-09,6,0.05,0.0005,0.22113,1.0,0.0005,0.221,0.0,0.00012999999999999123,1,0.0005,0.22165,0.0005,0.22165,0.0005200000000000204,0.0006500000000000117,-0.00012999999999999123,0.0006,0.15806,0.20878,0.95145,-0.06306999999999999,0.73045,-0.79352
969,CVE-2024-13232,2025-03-05,CVE-2024-48827,2025-04-06,4,0.05,0.0005,0.22113,1.0,0.00045,0.18325,0.0,0.03788,2,0.0005,0.22165,0.00045,0.18372,0.0005200000000000204,0.0004699999999999982,5.000000000002225e-05,0.0006,0.15806,0.00531,0.64738,-0.06306999999999999,0.46412999999999993,-0.5271999999999999
969,CVE-2024-13232,2025-03-05,CVE-2024-4058,2025-04-17,10,0.05,0.0005,0.22113,1.0,0.00058,0.27342,0.0,0.05229,3,0.0005,0.22165,0.00058,0.27437,0.0005200000000000204,0.0009500000000000064,-0.00042999999999998595,0.0006,0.15806,0.00562,0.65802,-0.06306999999999999,0.38460000000000005,-0.44767
983,CVE-2024-13315,2025-02-18,CVE-2024-39304,2025-04-09,12,0.05,0.00055,0.25964,1.0,0.0005,0.21763,0.0,0.04200999999999999,1,0.00055,0.25971,0.0005,0.21758,7.00000000000145e-05,-4.999999999999449e-05,0.00012000000000000899,0.00019,0.02744,0.20878,0.95169,-0.2322,0.73406,-0.96626
983,CVE-2024-13315,2025-02-18,CVE-2024-9054,2025-04-04,9,0.05,0.00055,0.25964,1.0,0.00064,0.30587,0.0,0.04622999999999999,2,0.00055,0.25971,0.00064,0.30554,7.00000000000145e-05,-0.00032999999999999696,0.00040000000000001146,0.00019,0.02744,0.00952,0.74395,-0.2322,0.43808,-0.67028
983,CVE-2024-13315,2025-02-18,CVE-2024-48827,2025-04-06,10,0.05,0.00055,0.25964,1.0,0.00045,0.17981,0.0,0.07982999999999998,3,0.00055,0.25971,0.00045,0.17956,7.00000000000145e-05,-0.0002500000000000002,0.0003200000000000147,0.00019,0.02744,0.0042,0.59314,-0.2322,0.41333,-0.6455299999999999
985,CVE-2024-13353,2025-02-21,CVE-2024-9054,2025-04-04,9,0.05,0.00066,0.31574,1.0,0.00064,0.30584,0.0,0.00990000000000002,1,0.00059,0.27673,0.00064,0.3081,-0.039010000000000045,0.0022599999999999842,-0.04127000000000003,0.00095,0.22883,0.00952,0.71658,-0.08691000000000002,0.41074,-0.49765000000000004
985,CVE-2024-13353,2025-02-21,CVE-2024-24409,2025-04-09,11,0.05,0.00066,0.31574,1.0,0.00075,0.35338,0.0,0.03764000000000001,2,0.00059,0.27673,0.00075,0.35535,-0.039010000000000045,0.0019699999999999718,-0.040980000000000016,0.00095,0.22883,0.01438,0.76808,-0.08691000000000002,0.41469999999999996,-0.50161
985,CVE-2024-13353,2025-02-21,CVE-2024-39304,2025-04-09,12,0.05,0.00066,0.31574,1.0,0.0005,0.2177,0.0,0.09804000000000002,3,0.00059,0.27673,0.0005,0.22027,-0.039010000000000045,0.002569999999999989,-0.041580000000000034,0.00095,0.22883,0.30791,0.96189,-0.08691000000000002,0.74419,-0.8311000000000001
986,CVE-2024-13359,2025-03-08,CVE-2024-36129,2025-05-13,8,0.14999999999999963,0.00063,0.30131,1.0,0.00062,0.29363,0.0,0.00768000000000002,1,0.00063,0.30227,0.00062,0.29452,0.0009599999999999609,0.0008900000000000019,6.999999999995898e-05,0.0027,0.47625,0.02527,0.84111,0.17493999999999998,0.54748,-0.37254
986,CVE-2024-13359,2025-03-08,CVE-2024-43590,2025-04-14,12,0.3499999999999998,0.00063,0.30131,1.0,0.00048,0.20501,0.0,0.09630000000000002,2,0.00063,0.30227,0.00048,0.20545,0.0009599999999999609,0.00043999999999999595,0.0005199999999999649,0.0027,0.47625,0.00388,0.57113,0.17493999999999998,0.36612,-0.19118000000000002
988,CVE-2024-13373,2025-03-01,CVE-2024-42057,2025-05-13,8,0.05,0.00091,0.41122,1.0,0.0009,0.40602,0.0,0.005199999999999982,1,0.00091,0.41226,0.0009,0.40699,0.001040000000000041,0.0009700000000000264,7.00000000000145e-05,0.00054,0.13806,0.02596,0.84275,-0.27315999999999996,0.43673,-0.7098899999999999
988,CVE-2024-13373,2025-03-01,CVE-2024-53961,2025-04-17,5,0.05,0.00091,0.41122,1.0,0.00095,0.42283,0.0,0.01161000000000001,2,0.00091,0.41226,0.00095,0.42394,0.001040000000000041,0.0011099999999999999,-6.999999999995898e-05,0.00054,0.13806,0.00098,0.24478,-0.27315999999999996,-0.17804999999999999,-0.09510999999999997
990,CVE-2024-13376,2025-03-14,CVE-2024-4058,2025-04-17,4,0.05,0.0005,0.22185,1.0,0.00058,0.27458,0.0,0.05273,1,0.0004,0.08679,0.00562,0.65828,-0.13505999999999999,0.3837,-0.51876,0.0004,0.09102,0.00562,0.65812,-0.13083,0.38354000000000005,-0.51437
991,CVE-2024-13394,2025-01-15,CVE-2024-7801,2025-04-05,10,0.14999999999999963,0.00053,0.23744,1.0,0.00052,0.23272,0.0,0.004720000000000002,1,0.00053,0.23875,0.00052,0.23431,0.0013099999999999778,0.0015899999999999803,-0.00028000000000000247,0.00053,0.24179,0.00052,0.23691,0.004349999999999993,0.004189999999999999,0.00015999999999999348
991,CVE-2024-13394,2025-01-15,CVE-2024-3935,2025-04-17,6,0.09999999999999964,0.00053,0.23744,1.0,0.00045,0.17612,0.0,0.06132000000000001,2,0.00053,0.23875,0.00045,0.1772,0.0013099999999999778,0.0010799999999999976,0.00022999999999998022,0.00053,0.24179,0.00051,0.22931,0.004349999999999993,0.053190000000000015,-0.04884000000000002
991,CVE-2024-13394,2025-01-15,CVE-2024-12342,2025-04-17,12,0.14999999999999963,0.00053,0.23744,1.0,0.00045,0.17612,0.0,0.06132000000000001,3,0.00053,0.23875,0.00045,0.1772,0.0013099999999999778,0.0010799999999999976,0.00022999999999998022,0.00053,0.24179,0.00045,0.17954,0.004349999999999993,0.0034200000000000064,0.0009299999999999864
992,CVE-2024-13410,2025-03-19,CVE-2024-9142,2025-04-21,3,0.05,0.00098,0.24569,0.0,0.00116,0.27353,0.0,0.027840000000000004,1,0.0022,0.4154,0.00116,0.27206,0.16971,-0.0014699999999999713,0.17117999999999997,0.0018,0.4042,0.00096,0.28342,0.15851,0.00989000000000001,0.14862
992,CVE-2024-13410,2025-03-19,CVE-2024-6407,2025-04-22,4,0.05,0.00098,0.24569,0.0,0.00139,0.30569,0.0,0.060000000000000026,2,0.0022,0.4154,0.00139,0.30402,0.16971,-0.0016700000000000048,0.17138,0.0018,0.4042,0.00144,0.35896,0.15851,0.053269999999999984,0.10524000000000003
996,CVE-2024-13446,2025-03-12,CVE-2024-21894,2025-04-17,12,0.05,0.00091,0.41287,1.0,0.00105,0.45065,0.0,0.03777999999999998,1,0.00064,0.16941,0.27077,0.95758,-0.24346,0.50693,-0.75039,0.00086,0.22273,0.25881,0.95833,-0.19014,0.50768,-0.69782
996,CVE-2024-13446,2025-03-12,CVE-2024-10525,2025-04-17,1,0.0,0.00091,0.41287,1.0,0.00068,0.33005,0.0,0.08282,2,0.00064,0.16941,0.00174,0.35649,-0.24346,0.026439999999999964,-0.2699,0.00086,0.22273,0.00168,0.34868,-0.19014,0.01862999999999998,-0.20876999999999998
998,CVE-2024-13484,2025-01-28,CVE-2024-22257,2025-05-30,7,0.05,0.00043,0.11437,1.0,0.00043,0.11449,0.0,0.00011999999999999511,1,0.00043,0.11479,0.00043,0.11479,0.0004200000000000037,0.0003000000000000086,0.00011999999999999511,0.00043,0.11767,0.00043,0.11767,0.0032999999999999974,0.0031800000000000023,0.00011999999999999511
1002,CVE-2024-13556,2025-02-18,CVE-2024-42057,2025-05-13,10,0.05,0.00091,0.40935,1.0,0.0009,0.40413,0.0,0.005220000000000002,1,0.00071,0.33699,0.0009,0.40394,-0.07235999999999998,-0.00018999999999996797,-0.07217000000000001,0.00597,0.66989,0.01685,0.80617,0.26054,0.40204000000000006,-0.14150000000000007
1002,CVE-2024-13556,2025-02-18,CVE-2024-53961,2025-04-17,7,0.05,0.00091,0.40935,1.0,0.00095,0.42094,0.0,0.01158999999999999,2,0.00071,0.33699,0.00095,0.42074,-0.07235999999999998,-0.00019999999999997797,-0.07216,0.00597,0.66989,0.00109,0.26399,0.26054,-0.15694999999999998,0.41748999999999997
1008,CVE-2024-13654,2025-02-12,CVE-2024-36623,2025-05-09,12,0.05,0.00046,0.18407,0.0,0.00045,0.17783,0.0,0.006240000000000023,1,0.00046,0.18616,0.00045,0.17984,0.0020899999999999808,0.0020100000000000118,7.999999999996898e-05,0.00046,0.19019,0.00045,0.18392,0.0061199999999999866,0.006090000000000012,2.999999999997449e-05
1008,CVE-2024-13654,2025-02-12,CVE-2024-0399,2025-04-16,9,0.05,0.00046,0.18407,0.0,0.00043,0.11476,0.0,0.06931000000000001,2,0.00046,0.18616,0.00043,0.11699,0.0020899999999999808,0.002229999999999996,-0.0001400000000000151,0.00046,0.19019,0.00043,0.1198,0.0061199999999999866,0.005040000000000003,0.0010799999999999838
1009,CVE-2024-13655,2025-03-07,CVE-2024-36623,2025-05-09,5,0.05,0.00046,0.18975,1.0,0.00045,0.1835,0.0,0.0062500000000000056,1,0.00046,0.19019,0.00045,0.18392,0.00043999999999999595,0.0004200000000000037,1.9999999999992246e-05,0.00035,0.06843,0.00097,0.24395,-0.12132,0.060450000000000004,-0.18177
1009,CVE-2024-13655,2025-03-07,CVE-2024-0399,2025-04-16,2,0.05,0.00046,0.18975,1.0,0.00043,0.11868,0.0,0.07107000000000001,2,0.00046,0.19019,0.00043,0.1198,0.00043999999999999595,0.0011200000000000099,-0.0006800000000000139,0.00035,0.06843,0.04798,0.88515,-0.12132,0.76647,-0.88779
1009,CVE-2024-13655,2025-03-07,CVE-2024-22257,2025-05-30,10,0.14999999999999963,0.00046,0.18975,1.0,0.00043,0.11868,0.0,0.07107000000000001,3,0.00046,0.19019,0.00043,0.1198,0.00043999999999999595,0.0011200000000000099,-0.0006800000000000139,0.00035,0.06843,0.00237,0.44071,-0.12132,0.32203,-0.44334999999999997
1010,CVE-2024-13656,2025-02-12,CVE-2024-36623,2025-05-09,12,0.05,0.00046,0.18407,0.0,0.00045,0.17783,0.0,0.006240000000000023,1,0.00046,0.18616,0.00045,0.17984,0.0020899999999999808,0.0020100000000000118,7.999999999996898e-05,0.00046,0.19019,0.00045,0.18392,0.0061199999999999866,0.006090000000000012,2.999999999997449e-05
1010,CVE-2024-13656,2025-02-12,CVE-2024-0399,2025-04-16,9,0.05,0.00046,0.18407,0.0,0.00043,0.11476,0.0,0.06931000000000001,2,0.00046,0.18616,0.00043,0.11699,0.0020899999999999808,0.002229999999999996,-0.0001400000000000151,0.00046,0.19019,0.00043,0.1198,0.0061199999999999866,0.005040000000000003,0.0010799999999999838
1011,CVE-2024-13677,2025-02-18,CVE-2024-4007,2025-04-03,8,0.05,0.00043,0.11678,0.0,0.00043,0.11678,0.0,0.0,1,0.0005,0.21758,0.00043,0.11716,0.1008,0.00038000000000000533,0.10042,0.0004,0.08986,0.00085,0.22039,-0.02692,0.10361000000000001,-0.13053
1011,CVE-2024-13677,2025-02-18,CVE-2024-48827,2025-04-06,10,0.05,0.00043,0.11678,0.0,0.00045,0.17981,0.0,0.06303,2,0.0005,0.21758,0.00045,0.17956,0.1008,-0.0002500000000000002,0.10105,0.0004,0.08986,0.0042,0.59314,-0.02692,0.41333,-0.44025
1012,CVE-2024-13684,2025-02-18,CVE-2024-0399,2025-04-16,6,0.05,0.00043,0.11678,0.0,0.00043,0.11678,0.0,0.0,1,0.00048,0.20253,0.00043,0.11716,0.08574999999999999,0.00038000000000000533,0.08536999999999999,0.00014,0.012,0.02992,0.8543,-0.10478,0.73752,-0.8422999999999999
1012,CVE-2024-13684,2025-02-18,CVE-2024-36623,2025-05-09,9,0.05,0.00043,0.11678,0.0,0.00045,0.17981,0.0,0.06303,2,0.00048,0.20253,0.00045,0.17956,0.08574999999999999,-0.0002500000000000002,0.086,0.00014,0.012,0.0007,0.18614,-0.10478,0.006330000000000002,-0.11111
1014,CVE-2024-13709,2025-01-25,CVE-2024-46528,2025-03-27,1,0.05,0.00046,0.19261,0.0,0.00045,0.17773,0.0,0.014880000000000004,1,0.00046,0.193,0.00045,0.17806,0.00039000000000000146,0.00032999999999999696,6.0000000000004494e-05,0.00046,0.19477,0.00045,0.17964,0.0021599999999999953,0.001909999999999995,0.0002500000000000002
1014,CVE-2024-13709,2025-01-25,CVE-2024-12955,2025-04-17,4,0.05,0.00046,0.19261,0.0,0.00045,0.17773,0.0,0.014880000000000004,2,0.00046,0.193,0.00045,0.17806,0.00039000000000000146,0.00032999999999999696,6.0000000000004494e-05,0.00046,0.19477,0.00045,0.17964,0.0021599999999999953,0.001909999999999995,0.0002500000000000002
1014,CVE-2024-13709,2025-01-25,CVE-2024-56378,2025-05-17,8,0.05,0.00046,0.19261,0.0,0.00045,0.17773,0.0,0.014880000000000004,3,0.00046,0.193,0.00045,0.17806,0.00039000000000000146,0.00032999999999999696,6.0000000000004494e-05,0.00046,0.19477,0.00045,0.17964,0.0021599999999999953,0.001909999999999995,0.0002500000000000002
1019,CVE-2024-13744,2025-04-04,CVE-2024-36623,2025-05-09,1,0.05,0.0013,0.29411,0.0,0.00097,0.24432,0.0,0.04978999999999997,1,0.00197,0.38932,0.00097,0.24436,0.09521000000000002,3.999999999998449e-05,0.09517000000000003,0.00197,0.4227,0.00066,0.20951,0.12859000000000004,-0.03481000000000001,0.16340000000000005
1019,CVE-2024-13744,2025-04-04,CVE-2024-54529,2025-05-10,9,0.3499999999999998,0.0013,0.29411,0.0,0.00076,0.20068,0.0,0.09342999999999999,2,0.00197,0.38932,0.00076,0.20061,0.09521000000000002,-6.999999999998674e-05,0.09528,0.00197,0.4227,0.00115,0.31536,0.12859000000000004,0.11467999999999998,0.013910000000000061
1020,CVE-2024-13753,2025-02-20,CVE-2024-36623,2025-05-09,9,0.05,0.00058,0.26921,1.0,0.00045,0.1797,0.0,0.08951,1,0.00058,0.27168,0.00045,0.1825,0.0024699999999999722,0.002799999999999997,-0.0003300000000000247,0.00015,0.01605,0.0007,0.18591,-0.25316,0.006209999999999993,-0.25937
1022,CVE-2024-13770,2025-02-13,CVE-2024-53961,2025-04-17,10,0.05,0.00071,0.3359,0.0,0.00095,0.41936,0.0,0.08346000000000003,1,0.00071,0.33736,0.00095,0.42099,0.0014600000000000168,0.0016299999999999648,-0.00016999999999994797,0.00071,0.3412,0.00095,0.42456,0.005300000000000027,0.005199999999999982,0.0001000000000000445
1023,CVE-2024-13771,2025-03-14,CVE-2024-21894,2025-04-17,11,0.05,0.00091,0.41291,1.0,0.00105,0.45069,0.0,0.03777999999999998,1,0.00141,0.31105,0.25881,0.95829,-0.10186,0.5076,-0.6094600000000001,0.00058,0.15123,0.25881,0.95842,-0.26168,0.50773,-0.76941
1023,CVE-2024-13771,2025-03-14,CVE-2024-10525,2025-04-17,1,0.0,0.00091,0.41291,1.0,0.00068,0.33026,0.0,0.08265,2,0.00141,0.31105,0.00174,0.35888,-0.10186,0.02861999999999998,-0.13047999999999998,0.00058,0.15123,0.00168,0.34814,-0.26168,0.017880000000000007,-0.27956000000000003
1024,CVE-2024-13776,2025-04-05,CVE-2024-46954,2025-05-06,6,0.3499999999999998,0.00036,0.07244,0.0,0.00059,0.15516,0.0,0.08271999999999999,1,0.00041,0.09253,0.00059,0.15518,0.020089999999999997,2.0000000000020002e-05,0.020069999999999977,0.00041,0.1175,0.0005,0.15549,0.04505999999999999,0.00032999999999999696,0.04472999999999999
1025,CVE-2024-13777,2025-03-05,CVE-2024-36129,2025-05-13,10,0.14999999999999963,0.00071,0.34012,1.0,0.00062,0.29325,0.0,0.04686999999999997,1,0.00071,0.34096,0.00062,0.29419,0.0008400000000000074,0.0009399999999999964,-9.999999999998899e-05,0.00181,0.3679,0.02527,0.84112,0.027780000000000027,0.54787,-0.5200899999999999
1025,CVE-2024-13777,2025-03-05,CVE-2024-42057,2025-05-13,7,0.05,0.00071,0.34012,1.0,0.0009,0.40664,0.0,0.06652000000000002,2,0.00071,0.34096,0.0009,0.40742,0.0008400000000000074,0.0007800000000000029,6.0000000000004494e-05,0.00181,0.3679,0.02596,0.84338,0.027780000000000027,0.43674,-0.40896
1025,CVE-2024-13777,2025-03-05,CVE-2024-53961,2025-04-17,4,0.05,0.00071,0.34012,1.0,0.00095,0.42347,0.0,0.08335000000000004,3,0.00071,0.34096,0.00095,0.42446,0.0008400000000000074,0.0009899999999999909,-0.00014999999999998348,0.00181,0.3679,0.00098,0.24671,0.027780000000000027,-0.17676,0.20454000000000003
1026,CVE-2024-13787,2025-03-05,CVE-2024-10525,2025-04-17,4,0.0,0.00071,0.34012,1.0,0.00068,0.32912,0.0,0.010999999999999954,1,0.00071,0.34096,0.00068,0.33005,0.0008400000000000074,0.0009299999999999864,-8.999999999997899e-05,0.00122,0.28352,0.00194,0.38532,-0.056599999999999984,0.05619999999999997,-0.11279999999999996
1028,CVE-2024-13790,2025-03-19,CVE-2024-6407,2025-04-22,4,0.05,0.00179,0.36311,0.0,0.00139,0.30569,0.0,0.05741999999999997,1,0.00177,0.35881,0.00139,0.30402,-0.0042999999999999705,-0.0016700000000000048,-0.0026299999999999657,0.00175,0.39834,0.00144,0.35896,0.03523000000000004,0.053269999999999984,-0.018039999999999945
1028,CVE-2024-13790,2025-03-19,CVE-2024-9142,2025-04-21,3,0.05,0.00179,0.36311,0.0,0.00116,0.27353,0.0,0.08957999999999999,2,0.00177,0.35881,0.00116,0.27206,-0.0042999999999999705,-0.0014699999999999713,-0.002829999999999999,0.00175,0.39834,0.00096,0.28342,0.03523000000000004,0.00989000000000001,0.02534000000000003
1030,CVE-2024-13800,2025-02-12,CVE-2024-36623,2025-05-09,12,0.05,0.00046,0.18407,0.0,0.00045,0.17783,0.0,0.006240000000000023,1,0.00046,0.18616,0.00045,0.17984,0.0020899999999999808,0.0020100000000000118,7.999999999996898e-05,0.00046,0.19019,0.00045,0.18392,0.0061199999999999866,0.006090000000000012,2.999999999997449e-05
1030,CVE-2024-13800,2025-02-12,CVE-2024-0399,2025-04-16,9,0.05,0.00046,0.18407,0.0,0.00043,0.11476,0.0,0.06931000000000001,2,0.00046,0.18616,0.00043,0.11699,0.0020899999999999808,0.002229999999999996,-0.0001400000000000151,0.00046,0.19019,0.00043,0.1198,0.0061199999999999866,0.005040000000000003,0.0010799999999999838
1031,CVE-2024-13801,2025-03-26,CVE-2024-43085,2025-04-28,7,0.3499999999999998,0.00036,0.06858,0.0,9e-05,0.00397,0.0,0.06461,1,0.00035,0.06808,9e-05,0.00396,-0.0005000000000000004,-9.999999999999593e-06,-0.0004900000000000009,0.00035,0.08864,8e-05,0.00455,0.020059999999999995,0.0005800000000000007,0.019479999999999994
1031,CVE-2024-13801,2025-03-26,CVE-2024-46954,2025-05-06,8,0.3499999999999998,0.00036,0.06858,0.0,0.00059,0.1519,0.0,0.08332,2,0.00035,0.06808,0.00059,0.15449,-0.0005000000000000004,0.002589999999999981,-0.0030899999999999817,0.00035,0.08864,0.0005,0.15512,0.020059999999999995,0.0032200000000000006,0.016839999999999994
1034,CVE-2024-13813,2025-02-11,CVE-2024-40892,2025-03-17,2,0.05,0.00043,0.11476,1.0,0.00043,0.1146,0.0,0.00016000000000000736,1,0.00043,0.11678,0.00043,0.11678,0.002019999999999994,0.0021800000000000014,-0.00016000000000000736,0.00043,0.11935,0.00043,0.11935,0.004589999999999997,0.004750000000000004,-0.00016000000000000736
1034,CVE-2024-13813,2025-02-11,CVE-2024-48846,2025-04-16,4,0.05,0.00043,0.11476,1.0,0.00043,0.1146,0.0,0.00016000000000000736,2,0.00043,0.11678,0.00043,0.11678,0.002019999999999994,0.0021800000000000014,-0.00016000000000000736,0.00043,0.11935,0.0005,0.21936,0.004589999999999997,0.10476,-0.10017000000000001
1034,CVE-2024-13813,2025-02-11,CVE-2024-0150,2025-05-17,5,0.05,0.00043,0.11476,1.0,0.00043,0.1146,0.0,0.00016000000000000736,3,0.00043,0.11678,0.00043,0.11678,0.002019999999999994,0.0021800000000000014,-0.00016000000000000736,0.00043,0.11935,0.00043,0.11935,0.004589999999999997,0.004750000000000004,-0.00016000000000000736
1035,CVE-2024-13824,2025-03-14,CVE-2024-10525,2025-04-17,1,0.0,0.00071,0.3412,1.0,0.00068,0.33026,0.0,0.010940000000000005,1,0.00167,0.34704,0.00174,0.35888,0.005840000000000012,0.02861999999999998,-0.022779999999999967,0.00325,0.52532,0.00168,0.34814,0.18412,0.017880000000000007,0.16624
1036,CVE-2024-13830,2025-02-11,CVE-2024-38796,2025-04-23,6,0.24999999999999928,0.00043,0.11476,1.0,0.00043,0.1146,0.0,0.00016000000000000736,1,0.00046,0.19483,0.00043,0.11678,0.08007,0.0021800000000000014,0.07789,0.00046,0.19886,0.00043,0.11935,0.08410000000000001,0.004750000000000004,0.07935
1036,CVE-2024-13830,2025-02-11,CVE-2024-29018,2025-05-09,7,0.24999999999999928,0.00043,0.11476,1.0,0.00043,0.1146,0.0,0.00016000000000000736,2,0.00046,0.19483,0.00043,0.11678,0.08007,0.0021800000000000014,0.07789,0.00046,0.19886,0.00043,0.11935,0.08410000000000001,0.004750000000000004,0.07935
1036,CVE-2024-13830,2025-02-11,CVE-2024-47595,2025-04-09,8,0.25000000000000017,0.00043,0.11476,1.0,0.00043,0.1146,0.0,0.00016000000000000736,3,0.00046,0.19483,0.00043,0.11678,0.08007,0.0021800000000000014,0.07789,0.00046,0.19886,0.00043,0.11935,0.08410000000000001,0.004750000000000004,0.07935
1037,CVE-2024-13842,2025-02-11,CVE-2024-38796,2025-04-23,5,0.14999999999999963,0.00043,0.11476,1.0,0.00043,0.1146,0.0,0.00016000000000000736,1,0.00043,0.11678,0.00043,0.11678,0.002019999999999994,0.0021800000000000014,-0.00016000000000000736,0.00043,0.11935,0.00043,0.11935,0.004589999999999997,0.004750000000000004,-0.00016000000000000736
1037,CVE-2024-13842,2025-02-11,CVE-2024-29018,2025-05-09,7,0.14999999999999963,0.00043,0.11476,1.0,0.00043,0.1146,0.0,0.00016000000000000736,2,0.00043,0.11678,0.00043,0.11678,0.002019999999999994,0.0021800000000000014,-0.00016000000000000736,0.00043,0.11935,0.00043,0.11935,0.004589999999999997,0.004750000000000004,-0.00016000000000000736
1037,CVE-2024-13842,2025-02-11,CVE-2024-8929,2025-04-10,9,0.25000000000000017,0.00043,0.11476,1.0,0.00043,0.1146,0.0,0.00016000000000000736,3,0.00043,0.11678,0.00043,0.11678,0.002019999999999994,0.0021800000000000014,-0.00016000000000000736,0.00043,0.11935,0.00043,0.11935,0.004589999999999997,0.004750000000000004,-0.00016000000000000736
1038,CVE-2024-13843,2025-02-11,CVE-2024-38796,2025-04-23,5,0.14999999999999963,0.00043,0.11476,1.0,0.00043,0.1146,0.0,0.00016000000000000736,1,0.00043,0.11678,0.00043,0.11678,0.002019999999999994,0.0021800000000000014,-0.00016000000000000736,0.00043,0.11935,0.00043,0.11935,0.004589999999999997,0.004750000000000004,-0.00016000000000000736
1038,CVE-2024-13843,2025-02-11,CVE-2024-29018,2025-05-09,7,0.14999999999999963,0.00043,0.11476,1.0,0.00043,0.1146,0.0,0.00016000000000000736,2,0.00043,0.11678,0.00043,0.11678,0.002019999999999994,0.0021800000000000014,-0.00016000000000000736,0.00043,0.11935,0.00043,0.11935,0.004589999999999997,0.004750000000000004,-0.00016000000000000736
1038,CVE-2024-13843,2025-02-11,CVE-2024-8929,2025-04-10,9,0.25000000000000017,0.00043,0.11476,1.0,0.00043,0.1146,0.0,0.00016000000000000736,3,0.00043,0.11678,0.00043,0.11678,0.002019999999999994,0.0021800000000000014,-0.00016000000000000736,0.00043,0.11935,0.00043,0.11935,0.004589999999999997,0.004750000000000004,-0.00016000000000000736
1040,CVE-2024-13852,2025-02-18,CVE-2024-48827,2025-04-06,10,0.05,0.00045,0.17981,0.0,0.00045,0.17981,0.0,0.0,1,0.00055,0.25971,0.00045,0.17956,0.0799,-0.0002500000000000002,0.08015,0.00019,0.02743,0.0042,0.59314,-0.15238,0.41333,-0.5657099999999999
1040,CVE-2024-13852,2025-02-18,CVE-2024-39304,2025-04-09,12,0.05,0.00045,0.17981,0.0,0.0005,0.21763,0.0,0.03781999999999999,2,0.00055,0.25971,0.0005,0.21758,0.0799,-4.999999999999449e-05,0.07995,0.00019,0.02743,0.20878,0.95169,-0.15238,0.73406,-0.88644
1040,CVE-2024-13852,2025-02-18,CVE-2024-4007,2025-04-03,8,0.05,0.00045,0.17981,0.0,0.00043,0.11678,0.0,0.06303,3,0.00055,0.25971,0.00043,0.11716,0.0799,0.00038000000000000533,0.07952,0.00019,0.02743,0.00085,0.22039,-0.15238,0.10361000000000001,-0.25599
1041,CVE-2024-13882,2025-03-08,CVE-2024-39304,2025-04-09,4,0.05,0.0005,0.22137,1.0,0.0005,0.22138,0.0,9.999999999982245e-06,1,0.0005,0.22185,0.0005,0.22185,0.00047999999999998044,0.0004699999999999982,9.999999999982245e-06,0.00276,0.48252,0.20878,0.95144,0.26115,0.7300599999999999,-0.46890999999999994
1041,CVE-2024-13882,2025-03-08,CVE-2024-4058,2025-04-17,8,0.05,0.0005,0.22137,1.0,0.00058,0.27382,0.0,0.05245,2,0.0005,0.22185,0.00058,0.27469,0.00047999999999998044,0.0008699999999999819,-0.00039000000000000146,0.00276,0.48252,0.00562,0.65811,0.26115,0.38428999999999996,-0.12313999999999997
1042,CVE-2024-13913,2025-03-14,CVE-2024-4058,2025-04-17,4,0.05,0.00054,0.25856,1.0,0.00058,0.27458,0.0,0.01601999999999998,1,0.00033,0.06098,0.00562,0.65828,-0.19758,0.3837,-0.58128,0.00044,0.10299,0.00562,0.65812,-0.15557,0.38354000000000005,-0.5391100000000001
1042,CVE-2024-13913,2025-03-14,CVE-2024-38814,2025-04-17,3,0.05,0.00054,0.25856,1.0,0.00069,0.33352,0.0,0.07495999999999997,2,0.00033,0.06098,0.00486,0.62765,-0.19758,0.29413000000000006,-0.4917100000000001,0.00044,0.10299,0.00618,0.67635,-0.15557,0.34283,-0.49840000000000007
1042,CVE-2024-13913,2025-03-14,CVE-2024-11392,2025-04-16,2,0.05,0.00054,0.25856,1.0,0.00075,0.3564,0.0,0.09783999999999998,3,0.00033,0.06098,0.24737,0.957,-0.19758,0.6006,-0.79818,0.00044,0.10299,0.32492,0.96504,-0.15557,0.6086400000000001,-0.7642100000000001
1043,CVE-2024-13918,2025-03-10,CVE-2024-36623,2025-05-09,6,0.14999999999999963,0.00045,0.18339,1.0,0.00045,0.18337,0.0,1.9999999999992246e-05,1,0.00046,0.11162,0.0007,0.18834,-0.07177,0.004970000000000002,-0.07674,0.00014,0.01217,0.00097,0.24408,-0.17121999999999998,0.060709999999999986,-0.23192999999999997
1043,CVE-2024-13918,2025-03-10,CVE-2024-43590,2025-04-14,11,0.25000000000000017,0.00045,0.18339,1.0,0.00048,0.20477,0.0,0.02138000000000001,2,0.00046,0.11162,0.00174,0.36454,-0.07177,0.15976999999999997,-0.23153999999999997,0.00014,0.01217,0.00388,0.57152,-0.17121999999999998,0.36675,-0.5379700000000001
1043,CVE-2024-13918,2025-03-10,CVE-2024-26170,2025-04-16,12,0.25000000000000017,0.00045,0.18339,1.0,0.00052,0.24014,0.0,0.056749999999999995,3,0.00046,0.11162,0.00749,0.71397,-0.07177,0.47383,-0.5456,0.00014,0.01217,0.00883,0.73408,-0.17121999999999998,0.49393999999999993,-0.66516
1044,CVE-2024-13919,2025-03-10,CVE-2024-36623,2025-05-09,6,0.14999999999999963,0.00045,0.18339,1.0,0.00045,0.18337,0.0,1.9999999999992246e-05,1,0.00046,0.11162,0.0007,0.18834,-0.07177,0.004970000000000002,-0.07674,0.00014,0.01352,0.00097,0.24408,-0.16987,0.060709999999999986,-0.23057999999999998
1044,CVE-2024-13919,2025-03-10,CVE-2024-43590,2025-04-14,11,0.25000000000000017,0.00045,0.18339,1.0,0.00048,0.20477,0.0,0.02138000000000001,2,0.00046,0.11162,0.00174,0.36454,-0.07177,0.15976999999999997,-0.23153999999999997,0.00014,0.01352,0.00388,0.57152,-0.16987,0.36675,-0.53662
1044,CVE-2024-13919,2025-03-10,CVE-2024-26170,2025-04-16,12,0.25000000000000017,0.00045,0.18339,1.0,0.00052,0.24014,0.0,0.056749999999999995,3,0.00046,0.11162,0.00749,0.71397,-0.07177,0.47383,-0.5456,0.00014,0.01352,0.00883,0.73408,-0.16987,0.49393999999999993,-0.6638099999999999
1046,CVE-2024-13933,2025-03-19,CVE-2024-43201,2025-05-04,4,0.05,0.00057,0.14609,0.0,0.00056,0.14491,0.0,0.0011799999999999866,1,0.00025,0.04013,0.00056,0.1439,-0.10596,-0.0010100000000000109,-0.10494999999999999,0.00025,0.05334,0.00039,0.11011,-0.09275,-0.03480000000000001,-0.05794999999999999
1046,CVE-2024-13933,2025-03-19,CVE-2024-21113,2025-05-01,3,0.05,0.00057,0.14609,0.0,0.00072,0.18982,0.0,0.04372999999999999,2,0.00025,0.04013,0.00072,0.18931,-0.10596,-0.0005099999999999827,-0.10545000000000002,0.00025,0.05334,0.00057,0.17807,-0.09275,-0.011749999999999983,-0.08100000000000002
1058,CVE-2024-20272,2025-04-17,CVE-2024-47461,2025-05-23,2,0.14999999999999963,0.00262,0.49396,0.0,0.00251,0.4846,0.0,0.009360000000000035,1,0.00262,0.49368,0.00251,0.48423,-0.00028000000000000247,-0.00036999999999998145,8.999999999997899e-05,0.00262,0.4947,0.00251,0.48516,0.0007399999999999629,0.0005600000000000049,0.00017999999999995797
1058,CVE-2024-20272,2025-04-17,CVE-2024-22257,2025-05-30,9,0.9499999999999995,0.00262,0.49396,0.0,0.00192,0.41792,0.0,0.07604,2,0.00262,0.49368,0.00192,0.41706,-0.00028000000000000247,-0.0008600000000000274,0.0005800000000000249,0.00262,0.4947,0.00161,0.38087,0.0007399999999999629,-0.03705000000000003,0.03778999999999999
1059,CVE-2024-20397,2025-02-06,CVE-2024-44762,2025-04-03,3,0.14999999999999963,0.00043,0.11479,0.0,0.00043,0.11479,0.0,0.0,1,0.00043,0.11499,0.00043,0.11499,0.00019999999999999185,0.00019999999999999185,0.0,0.00043,0.1187,0.00043,0.1187,0.003909999999999997,0.003909999999999997,0.0
1059,CVE-2024-20397,2025-02-06,CVE-2024-54096,2025-04-28,9,0.14999999999999963,0.00043,0.11479,0.0,0.00043,0.11479,0.0,0.0,2,0.00043,0.11499,0.00043,0.11499,0.00019999999999999185,0.00019999999999999185,0.0,0.00043,0.1187,0.00043,0.1187,0.003909999999999997,0.003909999999999997,0.0
1059,CVE-2024-20397,2025-02-06,CVE-2024-6383,2025-05-17,11,0.14999999999999963,0.00043,0.11479,0.0,0.00043,0.11479,0.0,0.0,3,0.00043,0.11499,0.00043,0.11499,0.00019999999999999185,0.00019999999999999185,0.0,0.00043,0.1187,0.00043,0.1187,0.003909999999999997,0.003909999999999997,0.0
1060,CVE-2024-20418,2024-11-07,CVE-2024-51378,2024-12-16,8,0.0,0.00043,0.09989,0.0,0.00044,0.11348,0.0,0.013589999999999991,1,0.00043,0.10146,0.00044,0.11504,0.001569999999999988,0.0015600000000000058,9.999999999982245e-06,0.00043,0.10595,0.00044,0.11953,0.006059999999999996,0.00605,9.999999999996123e-06
1061,CVE-2024-20419,2025-04-10,CVE-2024-1709,2025-05-29,1,0.05,0.83027,0.99211,0.0,0.94123,0.99901,0.0,0.006899999999999906,1,0.89935,0.9953,0.94364,0.9995,0.003189999999999915,0.0004900000000001015,0.0026999999999998137,0.90016,0.99543,0.94364,0.9995,0.0033199999999999896,0.0004900000000001015,0.002829999999999888
1061,CVE-2024-20419,2025-04-10,CVE-2024-27198,2025-05-13,2,0.24999999999999928,0.83027,0.99211,0.0,0.94582,1.0,0.0,0.007889999999999953,2,0.89935,0.9953,0.94579,1.0,0.003189999999999915,0.0,0.003189999999999915,0.90016,0.99543,0.94579,1.0,0.0033199999999999896,0.0,0.0033199999999999896
1061,CVE-2024-20419,2025-04-10,CVE-2024-29943,2025-05-19,3,0.24999999999999928,0.83027,0.99211,0.0,0.23938,0.95584,0.0,0.036270000000000024,3,0.89935,0.9953,0.17035,0.94559,0.003189999999999915,-0.010249999999999981,0.013439999999999896,0.90016,0.99543,0.59083,0.98081,0.0033199999999999896,0.024969999999999937,-0.021649999999999947
1062,CVE-2024-20439,2025-03-20,CVE-2024-27198,2025-05-13,8,0.05,0.8321,0.99256,0.0,0.94582,1.0,0.0,0.007440000000000002,1,0.79105,0.98978,0.94585,1.0,-0.0027800000000000047,0.0,-0.0027800000000000047,0.8945,0.99501,0.94579,1.0,0.002449999999999952,0.0,0.002449999999999952
1062,CVE-2024-20439,2025-03-20,CVE-2024-21591,2025-05-07,7,0.05,0.8321,0.99256,0.0,0.0694,0.9064,0.0,0.08616000000000001,2,0.79105,0.98978,0.0694,0.90128,-0.0027800000000000047,-0.005120000000000013,0.0023400000000000087,0.8945,0.99501,0.23476,0.95598,0.002449999999999952,0.04958000000000007,-0.047130000000000116
1063,CVE-2024-20440,2025-03-20,CVE-2024-39894,2025-05-07,7,0.05,0.72559,0.98719,0.0,0.0944,0.92144,0.0,0.06574999999999998,1,0.72559,0.98637,0.0944,0.91658,-0.0008200000000000429,-0.0048600000000000865,0.0040400000000000436,0.82283,0.99154,0.01351,0.79036,0.004349999999999965,-0.13108000000000009,0.13543000000000005
1064,CVE-2024-20481,2025-01-22,CVE-2024-8945,2025-03-28,10,0.3499999999999998,0.00181,0.55897,0.0,0.00164,0.53817,0.0,0.02079999999999993,1,0.00181,0.55964,0.00164,0.53889,0.0006700000000000594,0.0007199999999999429,-4.999999999988347e-05,0.00181,0.56177,0.00164,0.54088,0.0028000000000000247,0.00270999999999999,9.00000000000345e-05
1065,CVE-2024-2054,2025-04-09,CVE-2024-1709,2025-05-29,11,0.24999999999999928,0.81671,0.99146,0.0,0.94123,0.99902,0.0,0.007560000000000011,1,0.81578,0.99108,0.94364,0.9995,-0.00038000000000004697,0.00048000000000003595,-0.0008600000000000829,0.81919,0.99138,0.94364,0.9995,-7.999999999996898e-05,0.00048000000000003595,-0.0005600000000000049
1065,CVE-2024-2054,2025-04-09,CVE-2024-27198,2025-05-13,1,0.05,0.81671,0.99146,0.0,0.94582,1.0,0.0,0.008539999999999992,2,0.81578,0.99108,0.94579,1.0,-0.00038000000000004697,0.0,-0.00038000000000004697,0.81919,0.99138,0.94579,1.0,-7.999999999996898e-05,0.0,-7.999999999996898e-05
1065,CVE-2024-2054,2025-04-09,CVE-2024-29943,2025-05-19,2,0.05,0.81671,0.99146,0.0,0.23938,0.95582,0.0,0.035640000000000005,3,0.81578,0.99108,0.17035,0.94552,-0.00038000000000004697,-0.010299999999999976,0.009919999999999929,0.81919,0.99138,0.59083,0.9808,-7.999999999996898e-05,0.024980000000000002,-0.02505999999999997
1074,CVE-2024-21410,2025-04-17,CVE-2024-37014,2025-05-19,1,0.0,0.01258,0.78258,0.0,0.02498,0.84441,0.0,0.06182999999999994,1,0.01463,0.7977,0.02498,0.84445,0.015119999999999911,4.0000000000040004e-05,0.015079999999999871,0.01463,0.79856,0.02498,0.84517,0.015979999999999994,0.0007599999999999829,0.015220000000000011
1076,CVE-2024-21413,2025-02-06,CVE-2024-29943,2025-05-19,8,0.0,0.00053,0.23848,0.0,0.00046,0.18417,0.0,0.05431,1,0.02245,0.89408,0.00046,0.18401,0.6556,-0.00015999999999999348,0.6557599999999999,0.05394,0.93189,0.00046,0.18945,0.69341,0.005280000000000007,0.6881299999999999
1091,CVE-2024-21762,2025-04-13,CVE-2024-1709,2025-05-29,10,0.24999999999999928,0.90724,0.99609,0.0,0.94123,0.99903,0.0,0.0029399999999999427,1,0.9166,0.99641,0.94364,0.99951,0.00031999999999998696,0.00048000000000003595,-0.000160000000000049,0.92231,0.99693,0.94364,0.9995,0.0008399999999999519,0.00047000000000008146,0.00036999999999987043
1091,CVE-2024-21762,2025-04-13,CVE-2024-29943,2025-05-19,6,0.05,0.90724,0.99609,0.0,0.23938,0.95588,0.0,0.04021000000000008,2,0.9166,0.99641,0.17035,0.94563,0.00031999999999998696,-0.010249999999999981,0.010569999999999968,0.92231,0.99693,0.59083,0.9808,0.0008399999999999519,0.024920000000000053,-0.0240800000000001
1091,CVE-2024-21762,2025-04-13,CVE-2024-5274,2025-05-16,11,0.25000000000000105,0.90724,0.99609,0.0,0.17325,0.94529,0.0,0.05080000000000007,3,0.9166,0.99641,0.01117,0.76994,0.00031999999999998696,-0.17535,0.17567,0.92231,0.99693,0.01747,0.81514,0.0008399999999999519,-0.13015,0.13098999999999994
1093,CVE-2024-21887,2025-04-03,CVE-2024-29943,2025-05-19,11,0.7000000000000011,0.94416,0.99978,0.0,0.23938,0.95573,0.0,0.044050000000000034,1,0.94416,0.99979,0.23938,0.95584,9.99999999995449e-06,0.0001100000000000545,-0.00010000000000010001,0.94416,0.99977,0.42067,0.97251,-9.99999999995449e-06,0.016780000000000017,-0.01678999999999997
1093,CVE-2024-21887,2025-04-03,CVE-2024-5274,2025-05-16,9,0.55,0.94416,0.99978,0.0,0.17325,0.94517,0.0,0.05461000000000005,2,0.94416,0.99979,0.17325,0.94526,9.99999999995449e-06,9.00000000000345e-05,-8.000000000008001e-05,0.94416,0.99977,0.03278,0.86525,-9.99999999995449e-06,-0.07991999999999999,0.07991000000000004
1093,CVE-2024-21887,2025-04-03,CVE-2024-31989,2025-05-09,5,0.14999999999999963,0.94416,0.99978,0.0,0.08724,0.91684,0.0,0.08294000000000001,3,0.94416,0.99979,0.08724,0.91693,9.99999999995449e-06,9.00000000000345e-05,-8.000000000008001e-05,0.94416,0.99977,0.01423,0.7962,-9.99999999995449e-06,-0.12063999999999997,0.12063000000000001
1094,CVE-2024-21894,2025-04-17,CVE-2024-29943,2025-05-19,4,0.05,0.12221,0.93429,0.0,0.17035,0.94559,0.0,0.011300000000000088,1,0.12221,0.93427,0.17035,0.94564,-1.999999999990898e-05,4.999999999999449e-05,-6.999999999990347e-05,0.08128,0.91691,0.6321,0.98261,-0.01737999999999995,0.03701999999999994,-0.05439999999999989
1094,CVE-2024-21894,2025-04-17,CVE-2024-1709,2025-05-29,11,0.24999999999999928,0.12221,0.93429,0.0,0.94364,0.9995,0.0,0.0652100000000001,2,0.12221,0.93427,0.94364,0.99952,-1.999999999990898e-05,1.999999999990898e-05,-3.999999999981796e-05,0.08128,0.91691,0.94364,0.9995,-0.01737999999999995,0.0,-0.01737999999999995
1094,CVE-2024-21894,2025-04-17,CVE-2024-37014,2025-05-19,1,0.0,0.12221,0.93429,0.0,0.02498,0.84441,0.0,0.08987999999999996,3,0.12221,0.93427,0.02498,0.84445,-1.999999999990898e-05,4.0000000000040004e-05,-5.999999999994898e-05,0.08128,0.91691,0.02498,0.84517,-0.01737999999999995,0.0007599999999999829,-0.018139999999999934
1095,CVE-2024-21924,2025-02-11,CVE-2024-22257,2025-05-30,5,0.05,0.00043,0.11476,1.0,0.00043,0.1146,0.0,0.00016000000000000736,1,0.00043,0.11678,0.00043,0.11678,0.002019999999999994,0.0021800000000000014,-0.00016000000000000736,0.00043,0.11935,0.00043,0.11935,0.004589999999999997,0.004750000000000004,-0.00016000000000000736
1096,CVE-2024-21925,2025-02-11,CVE-2024-22257,2025-05-30,5,0.05,0.00043,0.11476,1.0,0.00043,0.1146,0.0,0.00016000000000000736,1,0.00043,0.11678,0.00043,0.11678,0.002019999999999994,0.0021800000000000014,-0.00016000000000000736,0.00043,0.11935,0.00043,0.11935,0.004589999999999997,0.004750000000000004,-0.00016000000000000736
1105,CVE-2024-23108,2025-04-21,CVE-2024-1709,2025-05-29,1,0.05,0.89786,0.99519,0.0,0.94364,0.99951,0.0,0.0043199999999999905,1,0.89828,0.99523,0.94364,0.99951,3.999999999992898e-05,0.0,3.999999999992898e-05,0.89786,0.99533,0.94364,0.9995,0.000140000000000029,-9.99999999995449e-06,0.00014999999999998348
1107,CVE-2024-23222,2025-01-27,CVE-2024-7399,2025-05-06,2,0.0,0.0013,0.48907,0.0,0.00097,0.42159,0.0,0.06747999999999998,1,0.0027,0.67751,0.00097,0.42253,0.18843999999999994,0.0009399999999999964,0.18749999999999994,0.00315,0.70256,0.00097,0.42415,0.21348999999999996,0.0025600000000000067,0.21092999999999995
1108,CVE-2024-23346,2025-04-15,CVE-2024-29943,2025-05-19,7,0.55,0.28283,0.96159,0.0,0.17035,0.94542,0.0,0.016169999999999907,1,0.30046,0.96336,0.17035,0.94564,0.0017700000000000493,0.00021999999999999797,0.0015500000000000513,0.30046,0.96374,0.6321,0.98259,0.0021500000000000963,0.037169999999999925,-0.03501999999999983
1109,CVE-2024-23692,2025-03-28,CVE-2024-27198,2025-05-13,3,0.05,0.94336,0.99948,0.0,0.94582,1.0,0.0,0.0005199999999999649,1,0.94282,0.9993,0.94582,1.0,-0.000180000000000069,0.0,-0.000180000000000069,0.94282,0.99925,0.94579,1.0,-0.0002300000000000635,0.0,-0.0002300000000000635
1109,CVE-2024-23692,2025-03-28,CVE-2024-29943,2025-05-19,4,0.05,0.94336,0.99948,0.0,0.24595,0.95667,0.0,0.042810000000000015,2,0.94282,0.9993,0.23938,0.95576,-0.000180000000000069,-0.0009099999999999664,0.0007299999999998974,0.94282,0.99925,0.17035,0.94571,-0.0002300000000000635,-0.01095999999999997,0.010729999999999906
1109,CVE-2024-23692,2025-03-28,CVE-2024-21591,2025-05-07,2,0.05,0.94336,0.99948,0.0,0.0694,0.90548,0.0,0.09400000000000008,3,0.94282,0.9993,0.0694,0.90576,-0.000180000000000069,0.000280000000000058,-0.000460000000000127,0.94282,0.99925,0.23476,0.95607,-0.0002300000000000635,0.050590000000000024,-0.05082000000000009
1110,CVE-2024-23733,2025-04-16,CVE-2024-29944,2025-05-19,12,0.9500000000000004,0.00121,0.32349,0.0,0.00102,0.29365,0.0,0.029839999999999978,1,0.02119,0.83155,0.00119,0.32178,0.50806,0.02812999999999999,0.47992999999999997,0.02851,0.85513,0.00729,0.71467,0.5316399999999999,0.42102,0.11061999999999989
1110,CVE-2024-23733,2025-04-16,CVE-2024-22257,2025-05-30,11,0.7499999999999993,0.00121,0.32349,0.0,0.00192,0.41724,0.0,0.09375,2,0.02119,0.83155,0.00192,0.41706,0.50806,-0.00018000000000001348,0.50824,0.02851,0.85513,0.00161,0.38074,0.5316399999999999,-0.03649999999999998,0.5681399999999999
1116,CVE-2024-23922,2025-04-08,CVE-2024-6484,2025-05-17,10,0.44999999999999946,0.00149,0.32188,0.0,0.00149,0.32244,0.0,0.0005600000000000049,1,0.00126,0.33191,0.00038,0.10405,0.010029999999999983,-0.21839,0.22841999999999998,0.00125,0.33148,0.00044,0.13228,0.009599999999999997,-0.19016,0.19976
1116,CVE-2024-23922,2025-04-08,CVE-2024-36621,2025-05-09,4,0.3499999999999998,0.00149,0.32188,0.0,0.00097,0.2438,0.0,0.07808000000000001,2,0.00126,0.33191,0.00097,0.28266,0.010029999999999983,0.03886000000000003,-0.02883000000000005,0.00125,0.33148,0.00078,0.24267,0.009599999999999997,-0.0011299999999999921,0.01072999999999999
1116,CVE-2024-23922,2025-04-08,CVE-2024-33663,2025-05-11,6,0.3499999999999998,0.00149,0.32188,0.0,0.00093,0.23656,0.0,0.08532000000000001,3,0.00126,0.33191,0.00041,0.11649,0.010029999999999983,-0.12007,0.1301,0.00125,0.33148,0.00041,0.11923,0.009599999999999997,-0.11732999999999999,0.12693
1119,CVE-2024-23942,2025-03-18,CVE-2024-0150,2025-05-17,1,0.05,0.00013,0.0106,0.0,0.0002,0.02977,0.0,0.01917,1,6e-05,0.00255,0.0002,0.02834,-0.00805,-0.0014300000000000007,-0.006619999999999999,6e-05,0.00305,0.00023,0.04591,-0.007549999999999999,0.016139999999999998,-0.023689999999999996
1119,CVE-2024-23942,2025-03-18,CVE-2024-24582,2025-04-23,10,0.45000000000000034,0.00013,0.0106,0.0,0.00024,0.03951,0.0,0.028910000000000005,2,6e-05,0.00255,0.00024,0.03794,-0.00805,-0.001570000000000002,-0.006479999999999998,6e-05,0.00305,0.00024,0.0496,-0.007549999999999999,0.010089999999999995,-0.017639999999999996
1128,CVE-2024-24409,2025-04-09,CVE-2024-22257,2025-05-30,11,0.6500000000000015,0.00317,0.51835,0.0,0.00237,0.4408,0.0,0.07754999999999995,1,0.00215,0.4427,0.00192,0.41724,-0.07565,-0.023560000000000025,-0.05208999999999997,0.0226,0.83706,0.00148,0.36515,0.31871000000000005,-0.07565000000000005,0.3943600000000001
1134,CVE-2024-24582,2025-04-23,CVE-2024-39338,2025-05-27,1,0.0,0.00028,0.06168,0.0,0.00026,0.05352,0.0,0.00816,1,0.00028,0.06143,0.00029,0.06537,-0.0002500000000000002,0.01185,-0.0121,0.00028,0.06232,0.0003,0.06846,0.0006400000000000017,0.014939999999999995,-0.014299999999999993
1134,CVE-2024-24582,2025-04-23,CVE-2024-46687,2025-05-26,2,0.2999999999999998,0.00028,0.06168,0.0,0.00043,0.12832,0.0,0.06663999999999999,2,0.00028,0.06143,0.00043,0.12869,-0.0002500000000000002,0.0003700000000000092,-0.0006200000000000094,0.00028,0.06232,0.00044,0.1331,0.0006400000000000017,0.0047800000000000065,-0.004140000000000005
1135,CVE-2024-24691,2025-04-17,CVE-2024-48061,2025-05-19,4,0.20000000000000107,0.00344,0.56107,0.0,0.00432,0.61489,0.0,0.05382000000000009,1,0.00344,0.56112,0.00432,0.61484,4.999999999999449e-05,-4.999999999999449e-05,9.999999999998899e-05,0.00344,0.56283,0.00134,0.34498,0.0017600000000000948,-0.26991000000000004,0.27167000000000013
1135,CVE-2024-24691,2025-04-17,CVE-2024-42835,2025-05-19,3,0.20000000000000107,0.00344,0.56107,0.0,0.00475,0.63495,0.0,0.07388000000000006,2,0.00344,0.56112,0.00475,0.63504,4.999999999999449e-05,9.00000000000345e-05,-4.0000000000040004e-05,0.00344,0.56283,0.00475,0.63653,0.0017600000000000948,0.0015800000000000258,0.000180000000000069
1135,CVE-2024-24691,2025-04-17,CVE-2024-42509,2025-05-23,7,0.25000000000000105,0.00344,0.56107,0.0,0.00246,0.47957,0.0,0.08149999999999996,3,0.00344,0.56112,0.00246,0.47911,4.999999999999449e-05,-0.00046000000000001595,0.0005100000000000104,0.00344,0.56283,0.00246,0.47988,0.0017600000000000948,0.00030999999999997696,0.0014500000000001179
1140,CVE-2024-24919,2025-02-20,CVE-2024-28995,2025-04-17,5,0.05,0.96392,0.99713,0.0,0.96995,0.99854,0.0,0.0014100000000000223,1,0.96392,0.99711,0.96995,0.99855,-1.999999999990898e-05,1.0000000000065512e-05,-2.999999999997449e-05,0.94289,0.99932,0.94287,0.99932,0.0021900000000000253,0.0007800000000000029,0.0014100000000000223
1146,CVE-2024-2550,2024-12-27,CVE-2024-39894,2025-05-07,6,0.0,0.00043,0.10932,0.0,0.00044,0.14767,0.0,0.038349999999999995,1,0.00043,0.11013,0.00044,0.14874,0.0008100000000000052,0.0010700000000000154,-0.0002600000000000102,0.00046,0.19265,0.00044,0.1522,0.08332999999999999,0.004530000000000006,0.07879999999999998
1147,CVE-2024-25641,2025-04-15,CVE-2024-29943,2025-05-19,7,0.7500000000000011,0.77883,0.98919,0.0,0.17035,0.94542,0.0,0.043769999999999976,1,0.80004,0.99026,0.17035,0.94564,0.0010700000000000154,0.00021999999999999797,0.0008500000000000174,0.82023,0.9914,0.6321,0.98259,0.0022099999999999342,0.037169999999999925,-0.03495999999999999
1153,CVE-2024-26170,2025-04-16,CVE-2024-21325,2025-05-19,3,0.0,0.01318,0.78724,0.0,0.00814,0.72981,0.0,0.05743000000000009,1,0.06014,0.90148,0.00814,0.73,0.1142399999999999,0.00019000000000002348,0.11404999999999987,0.04645,0.88712,0.00814,0.73093,0.09987999999999997,0.0011200000000000099,0.09875999999999996
1164,CVE-2024-27348,2025-04-09,CVE-2024-1709,2025-05-29,11,0.24999999999999928,0.93863,0.99865,0.0,0.94123,0.99902,0.0,0.00036999999999998145,1,0.94079,0.99886,0.94364,0.9995,0.00020999999999993246,0.00048000000000003595,-0.0002700000000001035,0.94251,0.99916,0.94364,0.9995,0.0005100000000000104,0.00048000000000003595,2.999999999997449e-05
1164,CVE-2024-27348,2025-04-09,CVE-2024-27198,2025-05-13,1,0.05,0.93863,0.99865,0.0,0.94582,1.0,0.0,0.0013499999999999623,2,0.94079,0.99886,0.94579,1.0,0.00020999999999993246,0.0,0.00020999999999993246,0.94251,0.99916,0.94579,1.0,0.0005100000000000104,0.0,0.0005100000000000104
1164,CVE-2024-27348,2025-04-09,CVE-2024-29943,2025-05-19,2,0.05,0.93863,0.99865,0.0,0.23938,0.95582,0.0,0.042830000000000035,3,0.94079,0.99886,0.17035,0.94552,0.00020999999999993246,-0.010299999999999976,0.010509999999999908,0.94251,0.99916,0.59083,0.9808,0.0005100000000000104,0.024980000000000002,-0.024469999999999992
1171,CVE-2024-27746,2024-03-03,CVE-2024-2054,2025-04-09,8,0.0,0.00045,0.12438,0.0,0.00043,0.07027,3.0,0.054110000000000005,1,0.00084,0.34485,0.00043,0.07048,0.22047,0.00021000000000000185,0.22026,0.00101,0.40576,0.00508,0.76135,0.28138,0.6910799999999999,-0.4096999999999999
1172,CVE-2024-27747,2024-03-03,CVE-2024-2054,2025-04-09,8,0.0,0.00045,0.12438,0.0,0.00043,0.07027,3.0,0.054110000000000005,1,0.00084,0.34485,0.00043,0.07048,0.22047,0.00021000000000000185,0.22026,0.00101,0.40576,0.00508,0.76135,0.28138,0.6910799999999999,-0.4096999999999999
1174,CVE-2024-27876,2025-04-24,CVE-2024-46687,2025-05-26,5,2.55,0.00055,0.17409,0.0,0.00043,0.1284,0.0,0.04569000000000001,1,0.00055,0.17499,0.00043,0.12939,0.0009000000000000119,0.0009900000000000186,-9.000000000000674e-05,0.00022,0.04346,0.00044,0.13313,-0.13063,0.004730000000000012,-0.13536
1176,CVE-2024-28020,2024-10-30,CVE-2024-42845,2024-12-15,6,0.0,0.0005,0.20339,0.0,0.00045,0.16722,0.0,0.03616999999999998,1,0.0005,0.20385,0.00045,0.1679,0.00046000000000001595,0.0006799999999999862,-0.00021999999999997022,0.0005,0.20868,0.00045,0.17294,0.005290000000000017,0.005720000000000003,-0.00042999999999998595
1177,CVE-2024-28595,2024-03-20,CVE-2024-2054,2025-04-09,7,0.0,0.00043,0.07283,0.0,0.00043,0.07283,0.0,0.0,1,0.00101,0.40472,0.00508,0.76089,0.33189,0.6880599999999999,-0.3561699999999999,0.00101,0.40964,0.00508,0.76306,0.33681,0.6902299999999999,-0.3534199999999999
1178,CVE-2024-28726,2024-11-13,CVE-2024-42845,2024-12-15,1,0.0,0.00043,0.101,0.0,0.00045,0.16905,0.0,0.06805,1,0.00043,0.10278,0.00045,0.17084,0.00177999999999999,0.001789999999999986,-9.999999999996123e-06,0.00043,0.10843,0.00045,0.17777,0.007429999999999992,0.008720000000000006,-0.0012900000000000134
1179,CVE-2024-28777,2025-02-19,CVE-2024-39304,2025-04-09,12,0.05,0.0005,0.21763,1.0,0.0005,0.21771,0.0,7.999999999999674e-05,1,0.0005,0.21734,0.0005,0.21734,-0.0002899999999999847,-0.00036999999999998145,7.999999999999674e-05,0.00075,0.19828,0.20878,0.95165,-0.01934999999999998,0.73394,-0.75329
1179,CVE-2024-28777,2025-02-19,CVE-2024-48827,2025-04-06,10,0.05,0.0005,0.21763,1.0,0.00045,0.17984,0.0,0.03778999999999999,2,0.0005,0.21734,0.00045,0.17937,-0.0002899999999999847,-0.0004699999999999982,0.00018000000000001348,0.00075,0.19828,0.00531,0.64777,-0.01934999999999998,0.46792999999999996,-0.48727999999999994
1179,CVE-2024-28777,2025-02-19,CVE-2024-9054,2025-04-04,9,0.05,0.0005,0.21763,1.0,0.00064,0.30594,0.0,0.08831,3,0.0005,0.21734,0.00064,0.30535,-0.0002899999999999847,-0.0005899999999999794,0.0002999999999999947,0.00075,0.19828,0.00952,0.74394,-0.01934999999999998,0.43800000000000006,-0.45735000000000003
1183,CVE-2024-28991,2025-04-17,CVE-2024-29943,2025-05-19,7,0.8500000000000008,0.21307,0.95282,0.0,0.17035,0.94559,0.0,0.007229999999999959,1,0.27793,0.96122,0.17035,0.94564,0.008399999999999963,4.999999999999449e-05,0.008349999999999969,0.24609,0.95811,0.6321,0.98261,0.005290000000000017,0.03701999999999994,-0.031729999999999925
1184,CVE-2024-28995,2025-04-17,CVE-2024-20656,2025-05-18,8,0.8499999999999999,0.94441,0.99987,0.0,0.62083,0.98207,0.0,0.017800000000000038,1,0.94441,0.99986,0.62083,0.9821,-1.0000000000065512e-05,2.999999999997449e-05,-4.0000000000040004e-05,0.94441,0.99984,0.62165,0.98225,-3.0000000000085514e-05,0.00017999999999995797,-0.00021000000000004349
1184,CVE-2024-28995,2025-04-17,CVE-2024-20698,2025-05-18,9,0.8499999999999999,0.94441,0.99987,0.0,0.17205,0.94599,0.0,0.05388000000000004,2,0.94441,0.99986,0.17205,0.94604,-1.0000000000065512e-05,4.999999999999449e-05,-6.0000000000060005e-05,0.94441,0.99984,0.17205,0.94633,-3.0000000000085514e-05,0.00034000000000000696,-0.0003700000000000925
1188,CVE-2024-29059,2025-02-05,CVE-2024-20440,2025-03-20,1,0.0,0.69858,0.98245,0.0,0.05659,0.93296,0.0,0.049490000000000034,1,0.69152,0.98228,0.0468,0.92599,-0.00017000000000000348,-0.006970000000000032,0.006800000000000028,0.84119,0.98767,0.0468,0.92685,0.005220000000000002,-0.00611000000000006,0.011330000000000062
1192,CVE-2024-2973,2025-02-18,CVE-2024-41110,2025-05-09,11,0.14999999999999963,0.00043,0.11678,0.0,0.00045,0.1659,0.0,0.04912,1,0.00043,0.11716,0.00045,0.1664,0.00038000000000000533,0.0005000000000000004,-0.00011999999999999511,0.0027,0.4774,0.03401,0.86384,0.36062,0.69794,-0.33732
1195,CVE-2024-29849,2025-03-19,CVE-2024-27198,2025-05-13,12,0.05,0.6332,0.98206,0.0,0.94582,1.0,0.0,0.017939999999999956,1,0.6332,0.98254,0.94582,1.0,0.00047999999999992493,0.0,0.00047999999999992493,0.52716,0.97749,0.94579,1.0,-0.004570000000000074,0.0,-0.004570000000000074
1195,CVE-2024-29849,2025-03-19,CVE-2024-21591,2025-05-07,11,0.05,0.6332,0.98206,0.0,0.0694,0.90275,0.0,0.07930999999999999,2,0.6332,0.98254,0.0694,0.90467,0.00047999999999992493,0.0019199999999999218,-0.0014399999999999968,0.52716,0.97749,0.23476,0.95597,-0.004570000000000074,0.053219999999999934,-0.05779000000000001
1199,CVE-2024-30078,2024-06-25,CVE-2024-5836,2024-10-17,11,0.05,0.00052,0.20388,0.0,0.00054,0.21967,0.0,0.01579,1,0.00052,0.20506,0.00054,0.22081,0.0011799999999999866,0.0011400000000000021,3.999999999998449e-05,0.00052,0.20799,0.00054,0.22402,0.0041100000000000025,0.004349999999999993,-0.00023999999999999022
1199,CVE-2024-30078,2024-06-25,CVE-2024-21113,2025-05-01,1,0.0,0.00052,0.20388,0.0,0.00046,0.163,0.0,0.04088,2,0.00052,0.20506,0.00046,0.1641,0.0011799999999999866,0.0010999999999999899,7.999999999999674e-05,0.00052,0.20799,0.00046,0.1677,0.0041100000000000025,0.004699999999999982,-0.0005899999999999794
1203,CVE-2024-30896,2025-04-08,CVE-2024-37014,2025-05-19,11,0.7500000000000011,0.0305,0.85539,0.0,0.01989,0.82082,0.0,0.03456999999999999,1,0.02873,0.85476,0.02498,0.84408,-0.0006300000000000194,0.02326000000000006,-0.023890000000000078,0.02778,0.85272,0.02498,0.84467,-0.00266999999999995,0.023850000000000038,-0.026519999999999988
1203,CVE-2024-30896,2025-04-08,CVE-2024-37051,2025-05-16,6,0.25000000000000105,0.0305,0.85539,0.0,0.05467,0.89269,0.0,0.0373,2,0.02873,0.85476,0.01769,0.81547,-0.0006300000000000194,-0.07721999999999996,0.07658999999999994,0.02778,0.85272,0.01938,0.82393,-0.00266999999999995,-0.06875999999999993,0.06608999999999998
1203,CVE-2024-30896,2025-04-08,CVE-2024-31989,2025-05-09,3,0.14999999999999963,0.0305,0.85539,0.0,0.08724,0.91687,0.0,0.06147999999999998,3,0.02873,0.85476,0.02528,0.84509,-0.0006300000000000194,-0.07177999999999995,0.07114999999999994,0.02778,0.85272,0.02528,0.84564,-0.00266999999999995,-0.07123000000000002,0.06856000000000007
1210,CVE-2024-32113,2024-05-19,CVE-2024-27348,2025-04-09,7,0.0,0.00045,0.14805,0.0,0.00045,0.14805,0.0,0.0,1,0.00115,0.45112,0.00045,0.15051,0.30307000000000006,0.0024600000000000177,0.30061000000000004,0.07801,0.94238,0.00087,0.36935,0.79433,0.22130000000000002,0.5730299999999999
1217,CVE-2024-32896,2024-06-24,CVE-2024-21325,2025-05-19,12,0.0,0.00083,0.35603,0.0,0.00113,0.45121,0.0,0.09517999999999999,1,0.00083,0.35664,0.00113,0.45172,0.0006099999999999994,0.0005100000000000104,9.999999999998899e-05,0.00083,0.35879,0.00113,0.45331,0.0027599999999999847,0.0020999999999999908,0.0006599999999999939
1220,CVE-2024-33559,2024-05-19,CVE-2024-23346,2025-04-15,1,0.0,0.00043,0.08596,0.0,0.00045,0.14805,0.0,0.06208999999999999,1,0.00085,0.36083,0.00045,0.15051,0.27487,0.0024600000000000177,0.27241,0.00085,0.36341,0.00045,0.15484,0.27745000000000003,0.006790000000000018,0.27066
1225,CVE-2024-33896,2025-04-10,CVE-2024-26173,2025-05-16,9,0.6499999999999997,0.00848,0.72869,0.0,0.00862,0.73096,0.0,0.0022700000000001053,1,0.06419,0.90494,0.00789,0.72579,0.17625000000000002,-0.005170000000000008,0.18142000000000003,0.06708,0.90737,0.00368,0.57776,0.17868000000000006,-0.1532,0.33188000000000006
1225,CVE-2024-33896,2025-04-10,CVE-2024-43452,2025-05-16,6,0.3499999999999998,0.00848,0.72869,0.0,0.00653,0.68653,0.0,0.042159999999999975,2,0.06419,0.90494,0.01069,0.76512,0.17625000000000002,0.07859000000000005,0.09765999999999997,0.06708,0.90737,0.01209,0.77889,0.17868000000000006,0.09236,0.08632000000000006
1225,CVE-2024-33896,2025-04-10,CVE-2024-26178,2025-05-16,10,0.6499999999999997,0.00848,0.72869,0.0,0.0059,0.66812,0.0,0.0605699999999999,3,0.06419,0.90494,0.0054,0.6632,0.17625000000000002,-0.0049200000000000355,0.18117000000000005,0.06708,0.90737,0.00188,0.41307,0.17868000000000006,-0.25505000000000005,0.4337300000000001
1226,CVE-2024-3393,2024-12-27,CVE-2024-39894,2025-05-07,6,0.0,0.00043,0.1094,1.0,0.00044,0.14767,0.0,0.03827,1,0.01179,0.84812,0.00044,0.14874,0.73872,0.0010700000000000154,0.73765,0.00783,0.81398,0.00044,0.1522,0.70458,0.004530000000000006,0.70005
1229,CVE-2024-34331,2025-02-24,CVE-2024-29943,2025-05-19,1,0.0,0.00043,0.11721,0.0,0.00046,0.18564,0.0,0.06843,1,0.00043,0.11745,0.00046,0.18838,0.0002400000000000041,0.0027399999999999924,-0.0024999999999999883,0.00262,0.46519,0.24595,0.95615,0.34798,0.77051,-0.42253
1231,CVE-2024-34669,2024-10-30,CVE-2024-8376,2025-04-17,6,0.0,0.00043,0.09909,0.0,0.00044,0.11229,0.0,0.013200000000000003,1,0.00071,0.32107,0.00044,0.14182,0.22198,0.02953,0.19245,0.00071,0.32604,0.00145,0.51693,0.22694999999999999,0.40464,-0.17769000000000001
1238,CVE-2024-35057,2025-04-11,CVE-2024-39338,2025-05-27,3,0.05,0.00025,0.04061,0.0,0.00024,0.03776,0.0,0.0028499999999999984,1,9e-05,0.0059,0.00026,0.05445,-0.03471,0.016689999999999997,-0.051399999999999994,9e-05,0.0059,0.0003,0.06885,-0.03471,0.031089999999999993,-0.0658
1239,CVE-2024-35058,2025-04-11,CVE-2024-39338,2025-05-27,3,0.05,0.00046,0.11125,0.0,0.00024,0.03776,0.0,0.07349,1,0.00033,0.08361,0.00026,0.05445,-0.027639999999999998,0.016689999999999997,-0.044329999999999994,0.00033,0.08224,0.0003,0.06885,-0.029010000000000008,0.031089999999999993,-0.0601
1240,CVE-2024-35059,2025-04-11,CVE-2024-39338,2025-05-27,3,0.05,0.0004,0.08846,0.0,0.00024,0.03776,0.0,0.050699999999999995,1,0.00013,0.01415,0.00026,0.05445,-0.07431,0.016689999999999997,-0.091,0.00013,0.01379,0.0003,0.06885,-0.07467,0.031089999999999993,-0.10575999999999999
1241,CVE-2024-35060,2025-04-11,CVE-2024-39338,2025-05-27,3,0.05,0.0004,0.08846,0.0,0.00024,0.03776,0.0,0.050699999999999995,1,0.00026,0.05483,0.00026,0.05445,-0.03363,0.016689999999999997,-0.05032,0.00026,0.05465,0.0003,0.06885,-0.03381,0.031089999999999993,-0.06489999999999999
1242,CVE-2024-35061,2025-04-11,CVE-2024-26178,2025-05-16,10,0.5,0.00614,0.67549,0.0,0.00639,0.68245,0.0,0.006959999999999966,1,0.00264,0.49736,0.0054,0.66337,-0.17813,-0.019079999999999986,-0.15905000000000002,0.00264,0.49718,0.00188,0.41283,-0.17831000000000002,-0.26962,0.09131
1242,CVE-2024-35061,2025-04-11,CVE-2024-26182,2025-05-16,11,0.5,0.00614,0.67549,0.0,0.00639,0.68245,0.0,0.006959999999999966,2,0.00264,0.49736,0.00883,0.74161,-0.17813,0.05915999999999999,-0.23729,0.00264,0.49718,0.05247,0.89427,-0.17831000000000002,0.21182,-0.39013000000000003
1242,CVE-2024-35061,2025-04-11,CVE-2024-43452,2025-05-16,4,0.20000000000000018,0.00614,0.67549,0.0,0.00727,0.70414,0.0,0.028649999999999953,3,0.00264,0.49736,0.01069,0.76522,-0.17813,0.06108000000000002,-0.23921000000000003,0.00264,0.49718,0.01209,0.77876,-0.17831000000000002,0.07462000000000002,-0.25293000000000004
1243,CVE-2024-35133,2025-04-05,CVE-2024-7264,2025-05-27,11,0.3499999999999998,0.0165,0.80408,0.0,0.01325,0.78201,0.0,0.022070000000000034,1,0.01687,0.80649,0.01325,0.78221,0.0024100000000000232,0.00019999999999997797,0.0022100000000000453,0.00526,0.65823,0.02034,0.82794,-0.14585000000000004,0.045930000000000026,-0.19178000000000006
1243,CVE-2024-35133,2025-04-05,CVE-2024-9676,2025-05-09,8,0.3499999999999998,0.0165,0.80408,0.0,0.02605,0.84364,0.0,0.03955999999999993,2,0.01687,0.80649,0.02605,0.84386,0.0024100000000000232,0.000220000000000109,0.0021899999999999142,0.00526,0.65823,0.01291,0.78556,-0.14585000000000004,-0.05807999999999991,-0.08777000000000013
1250,CVE-2024-35539,2025-04-10,CVE-2024-33663,2025-05-11,1,0.05,0.00115,0.2724,0.0,0.00093,0.23714,0.0,0.035259999999999986,1,0.01989,0.82569,0.00041,0.11805,0.5532900000000001,-0.11908999999999999,0.6723800000000001,0.02625,0.8485,0.00041,0.119,0.5761000000000001,-0.11814,0.6942400000000001
1250,CVE-2024-35539,2025-04-10,CVE-2024-6484,2025-05-17,5,0.14999999999999963,0.00115,0.2724,0.0,0.00149,0.32314,0.0,0.05074000000000001,2,0.01989,0.82569,0.00035,0.0885,0.5532900000000001,-0.23464,0.78793,0.02625,0.8485,0.00044,0.13166,0.5761000000000001,-0.19147999999999998,0.76758
1257,CVE-2024-36401,2025-04-17,CVE-2024-1709,2025-05-29,11,0.24999999999999928,0.94418,0.99975,0.0,0.94364,0.9995,0.0,0.00024999999999997247,1,0.94418,0.99974,0.94364,0.99952,-1.0000000000065512e-05,1.999999999990898e-05,-2.999999999997449e-05,0.94418,0.99974,0.94364,0.9995,-1.0000000000065512e-05,0.0,-1.0000000000065512e-05
1257,CVE-2024-36401,2025-04-17,CVE-2024-29943,2025-05-19,4,0.05,0.94418,0.99975,0.0,0.17035,0.94559,0.0,0.054159999999999986,2,0.94418,0.99974,0.17035,0.94564,-1.0000000000065512e-05,4.999999999999449e-05,-6.0000000000060005e-05,0.94418,0.99974,0.6321,0.98261,-1.0000000000065512e-05,0.03701999999999994,-0.03703000000000001
1258,CVE-2024-36424,2025-04-10,CVE-2024-26177,2025-05-16,1,0.05,0.03701,0.86913,0.0,0.01474,0.7929,0.0,0.07622999999999991,1,0.00911,0.74559,0.0135,0.79008,-0.12353999999999998,-0.0028200000000000447,-0.12071999999999994,0.01341,0.78938,0.00612,0.68646,-0.07974999999999999,-0.10644000000000009,0.026690000000000103
1267,CVE-2024-37085,2025-04-17,CVE-2024-20656,2025-05-18,10,1.3,0.55217,0.97871,0.0,0.62083,0.98207,0.0,0.0033600000000000296,1,0.53731,0.97803,0.62083,0.9821,-0.0006800000000000139,2.999999999997449e-05,-0.0007099999999999884,0.57211,0.97987,0.62165,0.98225,0.0011600000000000499,0.00017999999999995797,0.000980000000000092
1267,CVE-2024-37085,2025-04-17,CVE-2024-20698,2025-05-18,11,1.3,0.55217,0.97871,0.0,0.17205,0.94599,0.0,0.03271999999999997,2,0.53731,0.97803,0.17205,0.94604,-0.0006800000000000139,4.999999999999449e-05,-0.0007300000000000084,0.57211,0.97987,0.17205,0.94633,0.0011600000000000499,0.00034000000000000696,0.0008200000000000429
1274,CVE-2024-37361,2025-02-20,CVE-2024-41110,2025-05-09,2,0.05,0.00043,0.11709,0.0,0.00045,0.16622,0.0,0.04913000000000001,1,0.00043,0.11767,0.00045,0.16772,0.0005799999999999972,0.0015000000000000013,-0.0009200000000000041,0.00056,0.14345,0.00994,0.74987,0.026359999999999995,0.58365,-0.5572900000000001
1275,CVE-2024-37383,2024-10-15,CVE-2024-42831,2025-04-02,4,0.05,0.00045,0.1644,0.0,0.00045,0.1644,0.0,0.0,1,0.00045,0.16558,0.00045,0.16558,0.0011800000000000144,0.0011800000000000144,0.0,0.03646,0.91976,0.00045,0.16882,0.75536,0.004420000000000007,0.75094
1275,CVE-2024-37383,2024-10-15,CVE-2024-37732,2025-04-09,6,0.05,0.00045,0.1644,0.0,0.00046,0.17845,0.0,0.014050000000000007,2,0.00045,0.16558,0.00046,0.17973,0.0011800000000000144,0.0012800000000000034,-9.999999999998899e-05,0.03646,0.91976,0.00046,0.1828,0.75536,0.004349999999999993,0.7510100000000001
1275,CVE-2024-37383,2024-10-15,CVE-2024-43687,2025-04-04,5,0.05,0.00045,0.1644,0.0,0.00043,0.09705,0.0,0.06735,3,0.00045,0.16558,0.00046,0.17973,0.0011800000000000144,0.08268,-0.08149999999999999,0.03646,0.91976,0.00046,0.1828,0.75536,0.08574999999999999,0.66961
1278,CVE-2024-37567,2025-02-28,CVE-2024-30896,2025-04-08,8,0.05,0.00043,0.11771,0.0,0.00043,0.11771,0.0,0.0,1,0.00043,0.11868,0.00043,0.11868,0.0009699999999999986,0.0009699999999999986,0.0,0.00039,0.08573,0.0305,0.85475,-0.031979999999999995,0.73704,-0.76902
1278,CVE-2024-37567,2025-02-28,CVE-2024-53537,2025-04-14,9,0.05,0.00043,0.11771,0.0,0.00043,0.11771,0.0,0.0,2,0.00043,0.11868,0.00043,0.11868,0.0009699999999999986,0.0009699999999999986,0.0,0.00039,0.08573,0.00457,0.6107,-0.031979999999999995,0.49299000000000004,-0.52497
1278,CVE-2024-37567,2025-02-28,CVE-2024-38475,2025-04-25,11,0.05,0.00043,0.11771,0.0,0.00043,0.11771,0.0,0.0,3,0.00043,0.11868,0.00043,0.11868,0.0009699999999999986,0.0009699999999999986,0.0,0.00039,0.08573,0.7682,0.98894,-0.031979999999999995,0.8712300000000001,-0.9032100000000001
1279,CVE-2024-37732,2025-04-09,CVE-2024-6485,2025-05-17,3,0.3500000000000007,0.00391,0.57377,0.0,0.00312,0.51457,0.0,0.05920000000000003,1,0.01583,0.80531,0.00042,0.12337,0.23153999999999997,-0.3912,0.62274,0.01673,0.81109,0.0005,0.15456,0.23731999999999998,-0.36000999999999994,0.5973299999999999
1279,CVE-2024-37732,2025-04-09,CVE-2024-6531,2025-05-17,4,0.3500000000000007,0.00391,0.57377,0.0,0.00312,0.51457,0.0,0.05920000000000003,2,0.01583,0.80531,0.00037,0.10286,0.23153999999999997,-0.41170999999999996,0.6432499999999999,0.01673,0.81109,0.00044,0.13071,0.23731999999999998,-0.38386,0.62118
1282,CVE-2024-38030,2025-01-14,CVE-2024-38200,2025-04-03,2,0.05,0.00351,0.71722,0.0,0.00276,0.67937,0.0,0.03784999999999994,1,0.00351,0.71775,0.00276,0.68001,0.0005300000000000304,0.0006399999999999739,-0.00010999999999994348,0.00351,0.71889,0.00276,0.68154,0.0016700000000000603,0.0021700000000000053,-0.0004999999999999449
1283,CVE-2024-38058,2025-01-15,CVE-2024-24557,2025-05-09,9,0.15000000000000052,0.00048,0.19691,0.0,0.00053,0.23928,0.0,0.04236999999999999,1,0.00048,0.19808,0.00053,0.24069,0.0011700000000000044,0.0014099999999999946,-0.00023999999999999022,0.00048,0.20056,0.00053,0.2437,0.0036499999999999866,0.004420000000000007,-0.0007700000000000207
1283,CVE-2024-38058,2025-01-15,CVE-2024-23922,2025-04-08,3,0.05,0.00048,0.19691,0.0,0.00058,0.26794,0.0,0.07103000000000001,2,0.00048,0.19808,0.00058,0.26937,0.0011700000000000044,0.0014299999999999868,-0.00025999999999998247,0.00048,0.20056,0.00058,0.27247,0.0036499999999999866,0.0045299999999999785,-0.0008799999999999919
1283,CVE-2024-38058,2025-01-15,CVE-2024-40893,2025-03-17,1,0.05,0.00048,0.19691,0.0,0.00043,0.11546,0.0,0.08145000000000001,3,0.00048,0.19808,0.00043,0.11657,0.0011700000000000044,0.0011099999999999999,6.0000000000004494e-05,0.00048,0.20056,0.00043,0.11926,0.0036499999999999866,0.0038000000000000117,-0.0001500000000000251
1284,CVE-2024-38063,2024-08-14,CVE-2024-6407,2025-04-22,7,0.0,0.00091,0.39582,0.0,0.00087,0.37673,0.0,0.019089999999999996,1,0.00125,0.47792,0.00087,0.37703,0.0821,0.00029999999999996696,0.08180000000000004,0.00125,0.47908,0.00087,0.37777,0.08326,0.0010399999999999854,0.08222000000000002
1284,CVE-2024-38063,2024-08-14,CVE-2024-4885,2025-03-04,3,0.0,0.00091,0.39582,0.0,0.00072,0.31814,0.0,0.07768000000000003,2,0.00125,0.47792,0.00072,0.3186,0.0821,0.00046000000000001595,0.08163999999999999,0.00125,0.47908,0.03601,0.91845,0.08326,0.60031,-0.51705
1285,CVE-2024-38106,2024-09-10,CVE-2024-40892,2025-03-17,6,0.14999999999999963,0.00043,0.10066,0.0,0.00043,0.09537,0.0,0.005290000000000003,1,0.00043,0.10133,0.00043,0.09608,0.0006700000000000039,0.0007100000000000023,-3.999999999999837e-05,0.00043,0.10213,0.00043,0.09688,0.001469999999999999,0.0015099999999999975,-3.999999999999837e-05
1285,CVE-2024-38106,2024-09-10,CVE-2024-38227,2024-10-17,10,0.20000000000000018,0.00043,0.10066,0.0,0.00049,0.19586,1.0,0.0952,2,0.00043,0.10133,0.00049,0.19555,0.0006700000000000039,-0.0003100000000000047,0.0009800000000000086,0.00043,0.10213,0.00046,0.16826,0.001469999999999999,-0.027600000000000013,0.029070000000000012
1286,CVE-2024-38112,2025-04-17,CVE-2024-20656,2025-05-18,3,0.3499999999999998,0.91779,0.99653,0.0,0.62083,0.98207,0.0,0.014460000000000028,1,0.91779,0.99653,0.62083,0.9821,0.0,2.999999999997449e-05,-2.999999999997449e-05,0.91779,0.99656,0.62165,0.98225,2.999999999997449e-05,0.00017999999999995797,-0.00014999999999998348
1286,CVE-2024-38112,2025-04-17,CVE-2024-20698,2025-05-18,4,0.3499999999999998,0.91779,0.99653,0.0,0.17205,0.94599,0.0,0.05054000000000003,2,0.91779,0.99653,0.17205,0.94604,0.0,4.999999999999449e-05,-4.999999999999449e-05,0.91779,0.99656,0.17205,0.94633,2.999999999997449e-05,0.00034000000000000696,-0.00031000000000003247
1288,CVE-2024-38193,2025-04-17,CVE-2024-20656,2025-05-18,1,0.05,0.82355,0.99155,0.0,0.62083,0.98207,0.0,0.009480000000000044,1,0.77241,0.98889,0.62083,0.9821,-0.0026599999999999957,2.999999999997449e-05,-0.00268999999999997,0.78409,0.98959,0.62165,0.98225,-0.001960000000000073,0.00017999999999995797,-0.0021400000000000308
1288,CVE-2024-38193,2025-04-17,CVE-2024-20698,2025-05-18,2,0.05,0.82355,0.99155,0.0,0.17205,0.94599,0.0,0.045560000000000045,2,0.77241,0.98889,0.17205,0.94604,-0.0026599999999999957,4.999999999999449e-05,-0.00270999999999999,0.78409,0.98959,0.17205,0.94633,-0.001960000000000073,0.00034000000000000696,-0.0023000000000000798
1290,CVE-2024-38213,2025-01-21,CVE-2024-38200,2025-04-03,2,0.05,0.00311,0.69878,0.0,0.00276,0.68001,0.0,0.018769999999999953,1,0.003,0.69433,0.00276,0.68079,-0.004449999999999954,0.0007800000000000029,-0.005229999999999957,0.003,0.69543,0.00276,0.68215,-0.003349999999999964,0.0021400000000000308,-0.005489999999999995
1291,CVE-2024-38227,2024-10-17,CVE-2024-41710,2025-01-29,9,0.05,0.00046,0.1686,0.0,0.00045,0.16432,0.0,0.004280000000000006,1,0.00046,0.1698,0.00045,0.16552,0.0012000000000000066,0.0012000000000000066,0.0,0.00046,0.17379,0.00045,0.1695,0.00519,0.005180000000000018,9.999999999982245e-06
1291,CVE-2024-38227,2024-10-17,CVE-2024-44871,2025-03-27,11,0.05,0.00046,0.1686,0.0,0.0005,0.2016,0.0,0.033,2,0.00046,0.1698,0.0005,0.20264,0.0012000000000000066,0.0010399999999999854,0.00016000000000002124,0.00046,0.17379,0.0005,0.20623,0.00519,0.004629999999999995,0.0005600000000000049
1292,CVE-2024-38291,2025-02-28,CVE-2024-4007,2025-04-03,6,0.05,0.00043,0.11771,0.0,0.00043,0.11771,0.0,0.0,1,0.00043,0.11868,0.00043,0.11868,0.0009699999999999986,0.0009699999999999986,0.0,0.0004,0.08741,0.00087,0.22251,-0.030299999999999994,0.10480000000000002,-0.1351
1292,CVE-2024-38291,2025-02-28,CVE-2024-48827,2025-04-06,8,0.05,0.00043,0.11771,0.0,0.00045,0.18251,0.0,0.06480000000000001,2,0.00043,0.11868,0.00045,0.1835,0.0009699999999999986,0.0009899999999999909,-1.9999999999992246e-05,0.0004,0.08741,0.00531,0.64624,-0.030299999999999994,0.46373000000000003,-0.49403
1294,CVE-2024-38310,2025-02-12,CVE-2024-22257,2025-05-30,5,0.05,0.00043,0.11499,1.0,0.00043,0.11476,0.0,0.0002299999999999941,1,0.00043,0.11699,0.00043,0.11699,0.0020000000000000018,0.002229999999999996,-0.0002299999999999941,0.00043,0.1198,0.00043,0.1198,0.004810000000000009,0.005040000000000003,-0.0002299999999999941
1296,CVE-2024-38392,2025-04-03,CVE-2024-4990,2025-05-05,2,0.05,0.00053,0.13747,0.0,0.0008,0.20856,0.0,0.07108999999999999,1,0.00135,0.30128,0.0008,0.20876,0.16380999999999998,0.00020000000000000573,0.16360999999999998,0.00135,0.34771,0.00033,0.08169,0.21024,-0.12686999999999998,0.33711
1298,CVE-2024-38475,2025-04-25,CVE-2024-1709,2025-05-29,5,0.9500000000000004,0.6298,0.98244,0.0,0.94364,0.99952,0.0,0.017079999999999984,1,0.79189,0.98995,0.94364,0.99952,0.007510000000000017,0.0,0.007510000000000017,0.92401,0.99709,0.94364,0.99952,0.014650000000000052,0.0,0.014650000000000052
1300,CVE-2024-38526,2024-10-09,CVE-2024-44871,2025-03-27,11,0.05,0.00065,0.29462,0.0,0.0005,0.20081,0.0,0.09381,1,0.00065,0.29569,0.0005,0.20146,0.0010700000000000154,0.0006500000000000117,0.0004200000000000037,0.00065,0.29849,0.0005,0.20411,0.0038699999999999846,0.003300000000000025,0.0005699999999999594
1305,CVE-2024-38796,2025-04-23,CVE-2024-46687,2025-05-26,5,2.1499999999999995,0.00043,0.1272,0.0,0.00043,0.12832,0.0,0.0011199999999999821,1,0.00043,0.12754,0.00043,0.12869,0.0003399999999999792,0.0003700000000000092,-3.0000000000030003e-05,0.00048,0.15035,0.00044,0.1331,0.023150000000000004,0.0047800000000000065,0.018369999999999997
1305,CVE-2024-38796,2025-04-23,CVE-2024-39338,2025-05-27,4,1.8499999999999996,0.00043,0.1272,0.0,0.00026,0.05352,0.0,0.07368000000000001,2,0.00043,0.12754,0.00029,0.06537,0.0003399999999999792,0.01185,-0.01151000000000002,0.00048,0.15035,0.0003,0.06846,0.023150000000000004,0.014939999999999995,0.008210000000000009
1306,CVE-2024-38812,2025-03-04,CVE-2024-2054,2025-04-09,8,0.05,0.00416,0.74261,0.0,0.00453,0.75379,0.0,0.011179999999999968,1,0.00416,0.74289,0.00453,0.75411,0.000280000000000058,0.00031999999999998696,-3.999999999992898e-05,0.85654,0.99334,0.81671,0.99142,0.25073,0.23763,0.0131
1307,CVE-2024-38813,2025-03-04,CVE-2024-38112,2025-04-17,12,0.05,0.00416,0.74261,0.0,0.00498,0.76485,0.0,0.022240000000000038,1,0.00416,0.74289,0.01119,0.84749,0.000280000000000058,0.08263999999999994,-0.08235999999999988,0.38825,0.96973,0.87462,0.99423,0.22712,0.22937999999999992,-0.0022599999999999287
1308,CVE-2024-38814,2025-04-17,CVE-2024-21325,2025-05-19,10,1.050000000000001,0.01178,0.77559,0.0,0.00814,0.73008,0.0,0.04551000000000005,1,0.01178,0.77559,0.00814,0.73006,0.0,-1.999999999990898e-05,1.999999999990898e-05,0.01316,0.78794,0.00814,0.73103,0.012349999999999972,0.0009500000000000064,0.011399999999999966
1309,CVE-2024-38944,2025-04-09,CVE-2024-37014,2025-05-19,3,0.05,0.01672,0.80532,0.0,0.01989,0.82095,0.0,0.01562999999999992,1,0.02372,0.84015,0.02498,0.84421,0.03482999999999992,0.02326000000000006,0.011569999999999858,0.02372,0.84083,0.02498,0.84474,0.03550999999999993,0.02379000000000009,0.011719999999999842
1310,CVE-2024-39143,2025-04-09,CVE-2024-6383,2025-05-17,10,0.15000000000000052,0.00126,0.28794,0.0,0.00163,0.33985,0.0,0.05191000000000001,1,0.00076,0.23592,0.00118,0.3193,-0.05201999999999998,-0.020550000000000013,-0.03146999999999997,0.0008,0.24856,0.0015,0.36802,-0.03937999999999997,0.02817000000000003,-0.06755
1310,CVE-2024-39143,2025-04-09,CVE-2024-26626,2025-05-20,7,0.14999999999999963,0.00126,0.28794,0.0,0.00091,0.23259,0.0,0.05534999999999998,2,0.00076,0.23592,0.00016,0.0235,-0.05201999999999998,-0.20909,0.15707000000000002,0.0008,0.24856,0.00018,0.02853,-0.03937999999999997,-0.20406,0.16468000000000002
1310,CVE-2024-39143,2025-04-09,CVE-2024-26627,2025-05-20,8,0.14999999999999963,0.00126,0.28794,0.0,0.0009,0.23147,0.0,0.056469999999999965,3,0.00076,0.23592,0.00013,0.01311,-0.05201999999999998,-0.21836,0.16634000000000002,0.0008,0.24856,0.00013,0.01269,-0.03937999999999997,-0.21878,0.17940000000000003
1311,CVE-2024-39272,2025-02-06,CVE-2024-47460,2025-05-23,7,0.05,0.00043,0.11478,1.0,0.00043,0.11479,0.0,1.0000000000010001e-05,1,0.00043,0.11499,0.00043,0.11499,0.00021000000000000185,0.00019999999999999185,1.0000000000010001e-05,0.00043,0.1187,0.00043,0.1187,0.003920000000000007,0.003909999999999997,1.0000000000010001e-05
1311,CVE-2024-39272,2025-02-06,CVE-2024-31989,2025-05-09,6,0.05,0.00043,0.11478,1.0,0.00042,0.05099,0.0,0.06378999999999999,2,0.00043,0.11499,0.00042,0.05064,0.00021000000000000185,-0.0003500000000000031,0.0005600000000000049,0.00043,0.1187,0.00042,0.05048,0.003920000000000007,-0.0005100000000000035,0.00443000000000001
1312,CVE-2024-39304,2025-04-09,CVE-2024-1708,2025-05-13,8,0.45000000000000034,0.20878,0.95148,0.0,0.76932,0.98905,0.0,0.03756999999999999,1,0.0054,0.66292,0.47068,0.97474,-0.28856000000000004,-0.014309999999999934,-0.2742500000000001,0.0054,0.66397,0.42165,0.9725,-0.28751000000000004,-0.016549999999999954,-0.2709600000000001
1313,CVE-2024-39327,2025-02-18,CVE-2024-41110,2025-05-09,2,0.05,0.00043,0.11699,1.0,0.00045,0.1659,0.0,0.048909999999999995,1,0.00043,0.11716,0.00045,0.1664,0.00017000000000000348,0.0005000000000000004,-0.00032999999999999696,0.00043,0.09847,0.03401,0.86384,-0.018519999999999995,0.69794,-0.71646
1315,CVE-2024-3935,2025-04-17,CVE-2024-47461,2025-05-23,5,1.0000000000000002,0.00203,0.42963,0.0,0.00251,0.4846,0.0,0.05496999999999996,1,0.00156,0.37439,0.00251,0.48423,-0.05524000000000001,-0.00036999999999998145,-0.05487000000000003,0.00203,0.42979,0.00251,0.48516,0.00015999999999999348,0.0005600000000000049,-0.00040000000000001146
1315,CVE-2024-3935,2025-04-17,CVE-2024-29073,2025-05-18,9,1.2500000000000002,0.00203,0.42963,0.0,0.00133,0.34348,0.0,0.08615,2,0.00156,0.37439,0.00133,0.34296,-0.05524000000000001,-0.0005200000000000204,-0.05471999999999999,0.00203,0.42979,0.00144,0.35879,0.00015999999999999348,0.01530999999999999,-0.015149999999999997
1316,CVE-2024-39368,2024-11-13,CVE-2024-42845,2024-12-15,1,0.0,0.00043,0.10146,1.0,0.00045,0.16905,0.0,0.06759000000000001,1,0.00043,0.10278,0.00045,0.17084,0.0013200000000000017,0.001789999999999986,-0.0004699999999999843,0.00043,0.10843,0.00045,0.17777,0.006970000000000004,0.008720000000000006,-0.0017500000000000016
1331,CVE-2024-39780,2025-04-02,CVE-2024-29944,2025-05-19,3,0.05,0.00063,0.16806,0.0,0.00066,0.1766,0.0,0.00854000000000002,1,0.00074,0.19723,0.00066,0.17688,0.02917,0.00028000000000000247,0.02889,0.00074,0.23412,0.00729,0.71517,0.06606000000000001,0.53857,-0.47251
1331,CVE-2024-39780,2025-04-02,CVE-2024-43201,2025-05-04,12,0.45000000000000034,0.00063,0.16806,0.0,0.00056,0.14649,0.0,0.021569999999999978,2,0.00074,0.19723,0.00056,0.14705,0.02917,0.0005599999999999772,0.028610000000000024,0.00074,0.23412,0.00049,0.15331,0.06606000000000001,0.006819999999999993,0.059240000000000015
1331,CVE-2024-39780,2025-04-02,CVE-2024-39936,2025-05-17,5,0.24999999999999928,0.00063,0.16806,0.0,0.00081,0.21022,0.0,0.04216,3,0.00074,0.19723,0.00081,0.21024,0.02917,2.0000000000020002e-05,0.02914999999999998,0.00074,0.23412,0.00103,0.29607,0.06606000000000001,0.08585000000000001,-0.019790000000000002
1354,CVE-2024-4007,2025-04-03,CVE-2024-39936,2025-05-17,10,0.25000000000000105,0.00087,0.22407,0.0,0.00081,0.21041,0.0,0.013659999999999978,1,0.0116,0.76776,0.00081,0.21066,0.54369,0.00024999999999997247,0.54344,0.00984,0.75702,0.00103,0.29616,0.53295,0.08574999999999997,0.44720000000000004
1354,CVE-2024-4007,2025-04-03,CVE-2024-39690,2025-05-09,11,0.45000000000000034,0.00087,0.22407,0.0,0.00126,0.28808,0.0,0.06401000000000001,2,0.0116,0.76776,0.00126,0.28831,0.54369,0.00023000000000000798,0.54346,0.00984,0.75702,0.00098,0.28701,0.53295,-0.0010700000000000154,0.53402
1354,CVE-2024-4007,2025-04-03,CVE-2024-43201,2025-05-04,1,0.05,0.00087,0.22407,0.0,0.00056,0.14656,0.0,0.07751,3,0.0116,0.76776,0.00056,0.14743,0.54369,0.0008700000000000097,0.54282,0.00984,0.75702,0.00049,0.15358,0.53295,0.0070199999999999985,0.52593
1355,CVE-2024-4040,2025-03-25,CVE-2024-27198,2025-05-13,4,0.05,0.94274,0.99928,0.0,0.94582,1.0,0.0,0.0007200000000000539,1,0.94274,0.99929,0.94582,1.0,1.0000000000065512e-05,0.0,1.0000000000065512e-05,0.94412,0.99972,0.94579,1.0,0.00044000000000010697,0.0,0.00044000000000010697
1355,CVE-2024-4040,2025-03-25,CVE-2024-29943,2025-05-19,1,0.0,0.94274,0.99928,0.0,0.24595,0.9563,0.0,0.04297999999999991,2,0.94274,0.99929,0.24595,0.95677,1.0000000000065512e-05,0.00046999999999997044,-0.00045999999999990493,0.94412,0.99972,0.17035,0.94564,0.00044000000000010697,-0.010660000000000003,0.01110000000000011
1355,CVE-2024-4040,2025-03-25,CVE-2024-21591,2025-05-07,3,0.05,0.94274,0.99928,0.0,0.0694,0.90489,0.0,0.09438999999999997,3,0.94274,0.99929,0.0694,0.90556,1.0000000000065512e-05,0.0006700000000000594,-0.0006599999999999939,0.94412,0.99972,0.23476,0.95598,0.00044000000000010697,0.05109000000000008,-0.05064999999999997
1357,CVE-2024-40446,2025-04-23,CVE-2024-39338,2025-05-27,9,2.6000000000000005,0.00019,0.03464,0.0,0.00026,0.05352,0.0,0.01888,1,0.00102,0.29313,0.00029,0.06537,0.25849,0.01185,0.24664,0.00102,0.29335,0.0003,0.06846,0.25871,0.014939999999999995,0.24377
1357,CVE-2024-40446,2025-04-23,CVE-2024-46687,2025-05-26,8,2.3000000000000007,0.00019,0.03464,0.0,0.00043,0.12832,0.0,0.09367999999999999,2,0.00102,0.29313,0.00043,0.12869,0.25849,0.0003700000000000092,0.25812,0.00102,0.29335,0.00044,0.1331,0.25871,0.0047800000000000065,0.25393
1358,CVE-2024-4058,2025-04-17,CVE-2024-21325,2025-05-19,10,1.050000000000001,0.01512,0.80158,0.0,0.00814,0.73008,0.0,0.07150000000000001,1,0.01512,0.80162,0.00814,0.73006,4.0000000000040004e-05,-1.999999999990898e-05,5.999999999994898e-05,0.01512,0.80241,0.00814,0.73103,0.0008299999999999974,0.0009500000000000064,-0.00012000000000000899
1370,CVE-2024-40711,2025-04-17,CVE-2024-29943,2025-05-19,4,0.05,0.41018,0.97159,0.0,0.17035,0.94559,0.0,0.025999999999999912,1,0.49658,0.97615,0.17035,0.94564,0.0045600000000000085,4.999999999999449e-05,0.004510000000000014,0.41018,0.97193,0.6321,0.98261,0.00034000000000000696,0.03701999999999994,-0.036679999999999935
1370,CVE-2024-40711,2025-04-17,CVE-2024-1709,2025-05-29,11,0.24999999999999928,0.41018,0.97159,0.0,0.94364,0.9995,0.0,0.0279100000000001,2,0.49658,0.97615,0.94364,0.99952,0.0045600000000000085,1.999999999990898e-05,0.0045400000000000995,0.41018,0.97193,0.94364,0.9995,0.00034000000000000696,0.0,0.00034000000000000696
1374,CVE-2024-40766,2025-04-17,CVE-2024-29943,2025-05-19,4,0.05,0.18328,0.94812,0.0,0.17035,0.94559,0.0,0.002529999999999921,1,0.18328,0.94818,0.17035,0.94564,6.0000000000060005e-05,4.999999999999449e-05,1.0000000000065512e-05,0.15779,0.94345,0.6321,0.98261,-0.004669999999999952,0.03701999999999994,-0.041689999999999894
1374,CVE-2024-40766,2025-04-17,CVE-2024-1709,2025-05-29,11,0.24999999999999928,0.18328,0.94812,0.0,0.94364,0.9995,0.0,0.05138000000000009,2,0.18328,0.94818,0.94364,0.99952,6.0000000000060005e-05,1.999999999990898e-05,4.0000000000151026e-05,0.15779,0.94345,0.94364,0.9995,-0.004669999999999952,0.0,-0.004669999999999952
1375,CVE-2024-40771,2025-01-16,CVE-2024-53197,2025-02-28,2,0.05,0.00044,0.1508,0.0,0.00044,0.1508,0.0,0.0,1,0.00044,0.15189,0.00044,0.15189,0.0010900000000000076,0.0010900000000000076,0.0,0.00044,0.15434,0.00044,0.15434,0.0035400000000000154,0.0035400000000000154,0.0
1375,CVE-2024-40771,2025-01-16,CVE-2024-38193,2025-04-17,7,0.05,0.00044,0.1508,0.0,0.00043,0.11391,0.0,0.03688999999999999,2,0.00044,0.15189,0.00043,0.11507,0.0010900000000000076,0.0011600000000000082,-7.000000000000062e-05,0.00044,0.15434,0.00043,0.11763,0.0035400000000000154,0.003720000000000001,-0.00017999999999998573
1375,CVE-2024-40771,2025-01-16,CVE-2024-43085,2025-04-28,12,0.05,0.00044,0.1508,0.0,0.00043,0.11287,0.0,0.03792999999999999,3,0.00044,0.15189,0.00043,0.11403,0.0010900000000000076,0.0011600000000000082,-7.000000000000062e-05,0.00044,0.15434,0.00043,0.1166,0.0035400000000000154,0.003729999999999997,-0.00018999999999998185
1376,CVE-2024-40864,2025-04-01,CVE-2024-7598,2025-05-09,2,0.4499999999999999,0.00043,0.09825,0.0,0.00022,0.03445,0.0,0.0638,1,0.00037,0.08082,0.00022,0.0344,-0.01743,-5.000000000000143e-05,-0.01738,0.00037,0.10269,0.00026,0.05461,0.0044399999999999995,0.020159999999999997,-0.015719999999999998
1376,CVE-2024-40864,2025-04-01,CVE-2024-10445,2025-05-02,8,1.8999999999999997,0.00043,0.09825,0.0,0.00021,0.03267,0.0,0.06558,2,0.00037,0.08082,0.00021,0.03232,-0.01743,-0.00034999999999999615,-0.017080000000000005,0.00037,0.10269,0.00042,0.12525,0.0044399999999999995,0.09258,-0.08814
1376,CVE-2024-40864,2025-04-01,CVE-2024-6381,2025-05-17,6,1.5999999999999999,0.00043,0.09825,0.0,0.00063,0.16565,0.0,0.06739999999999999,3,0.00037,0.08082,0.00063,0.16636,-0.01743,0.0007100000000000162,-0.018140000000000017,0.00037,0.10269,0.00048,0.14802,0.0044399999999999995,-0.01762999999999998,0.02206999999999998
1380,CVE-2024-40893,2025-03-17,CVE-2024-37085,2025-04-17,1,0.05,0.26252,0.95863,0.0,0.76063,0.98861,0.0,0.029980000000000007,1,0.19311,0.94869,0.76063,0.98883,-0.009939999999999949,0.00021999999999999797,-0.010159999999999947,0.04272,0.88168,0.57211,0.97964,-0.07694999999999996,-0.008970000000000034,-0.06797999999999993
1387,CVE-2024-41334,2025-02-28,CVE-2024-4007,2025-04-03,6,0.05,0.00043,0.11771,0.0,0.00043,0.11771,0.0,0.0,1,0.00043,0.11868,0.00043,0.11868,0.0009699999999999986,0.0009699999999999986,0.0,0.00053,0.13444,0.00087,0.22251,0.01673000000000001,0.10480000000000002,-0.08807000000000001
1387,CVE-2024-41334,2025-02-28,CVE-2024-48827,2025-04-06,8,0.05,0.00043,0.11771,0.0,0.00045,0.18251,0.0,0.06480000000000001,2,0.00043,0.11868,0.00045,0.1835,0.0009699999999999986,0.0009899999999999909,-1.9999999999992246e-05,0.00053,0.13444,0.00531,0.64624,0.01673000000000001,0.46373000000000003,-0.447
1388,CVE-2024-41339,2025-02-28,CVE-2024-4007,2025-04-03,6,0.05,0.00043,0.11771,0.0,0.00043,0.11771,0.0,0.0,1,0.00043,0.11868,0.00043,0.11868,0.0009699999999999986,0.0009699999999999986,0.0,0.00093,0.23686,0.00087,0.22251,0.11914999999999999,0.10480000000000002,0.014349999999999974
1388,CVE-2024-41339,2025-02-28,CVE-2024-48827,2025-04-06,8,0.05,0.00043,0.11771,0.0,0.00045,0.18251,0.0,0.06480000000000001,2,0.00043,0.11868,0.00045,0.1835,0.0009699999999999986,0.0009899999999999909,-1.9999999999992246e-05,0.00093,0.23686,0.00531,0.64624,0.11914999999999999,0.46373000000000003,-0.34458000000000005
1389,CVE-2024-41340,2025-02-28,CVE-2024-46278,2025-04-16,7,0.05,0.00043,0.11771,0.0,0.00043,0.11771,0.0,0.0,1,0.00043,0.11868,0.00043,0.11868,0.0009699999999999986,0.0009699999999999986,0.0,0.00018,0.02472,0.03602,0.86671,-0.09298999999999999,0.749,-0.84199
1389,CVE-2024-41340,2025-02-28,CVE-2024-29944,2025-05-19,10,0.05,0.00043,0.11771,0.0,0.00045,0.18834,0.0,0.07063000000000001,2,0.00043,0.11868,0.00045,0.18932,0.0009699999999999986,0.0009799999999999809,-9.999999999982245e-06,0.00018,0.02472,0.00106,0.25752,-0.09298999999999999,0.06918000000000002,-0.16217
1390,CVE-2024-41710,2025-01-29,CVE-2024-35061,2025-04-11,8,0.14999999999999963,0.00045,0.17795,0.0,0.00045,0.17795,0.0,0.0,1,0.00045,0.17834,0.00045,0.17834,0.00039000000000000146,0.00039000000000000146,0.0,0.01183,0.85179,0.00045,0.18251,0.67384,0.0045600000000000085,0.66928
1390,CVE-2024-41710,2025-01-29,CVE-2024-12987,2025-05-17,12,0.14999999999999963,0.00045,0.17795,0.0,0.00046,0.1871,0.0,0.009149999999999991,2,0.00045,0.17834,0.00046,0.18716,0.00039000000000000146,6.0000000000004494e-05,0.00032999999999999696,0.01183,0.85179,0.00046,0.19145,0.67384,0.0043500000000000205,0.6694899999999999
1390,CVE-2024-41710,2025-01-29,CVE-2024-44871,2025-03-27,1,0.05,0.00045,0.17795,0.0,0.0005,0.21539,0.0,0.03744,3,0.00045,0.17834,0.0005,0.21561,0.00039000000000000146,0.00021999999999999797,0.00017000000000000348,0.01183,0.85179,0.0005,0.22027,0.67384,0.0048799999999999955,0.66896
1396,CVE-2024-41788,2025-04-08,CVE-2024-47460,2025-05-23,4,0.14999999999999963,0.00205,0.39852,0.0,0.00205,0.39816,0.0,0.00035999999999997145,1,0.0027,0.50064,0.00102,0.29309,0.10211999999999999,-0.10507,0.20718999999999999,0.0027,0.50192,0.00102,0.29404,0.10340000000000005,-0.10411999999999999,0.20752000000000004
1397,CVE-2024-41789,2025-04-08,CVE-2024-47460,2025-05-23,4,0.14999999999999963,0.00205,0.39852,0.0,0.00205,0.39816,0.0,0.00035999999999997145,1,0.0027,0.50064,0.00102,0.29309,0.10211999999999999,-0.10507,0.20718999999999999,0.0027,0.50192,0.00102,0.29404,0.10340000000000005,-0.10411999999999999,0.20752000000000004
1398,CVE-2024-41790,2025-04-08,CVE-2024-47460,2025-05-23,4,0.14999999999999963,0.00205,0.39852,0.0,0.00205,0.39816,0.0,0.00035999999999997145,1,0.0027,0.50064,0.00102,0.29309,0.10211999999999999,-0.10507,0.20718999999999999,0.0027,0.50192,0.00102,0.29404,0.10340000000000005,-0.10411999999999999,0.20752000000000004
1399,CVE-2024-41792,2025-04-08,CVE-2024-39936,2025-05-17,2,0.05,0.00078,0.20534,0.0,0.00081,0.21005,0.0,0.004709999999999992,1,0.00138,0.34893,0.00081,0.24691,0.14359000000000002,0.036860000000000004,0.10673000000000002,0.00138,0.35002,0.00103,0.29491,0.14468,0.08486000000000002,0.059819999999999984
1399,CVE-2024-41792,2025-04-08,CVE-2024-29944,2025-05-19,6,0.24999999999999928,0.00078,0.20534,0.0,0.00066,0.17674,0.0,0.028599999999999987,2,0.00138,0.34893,0.00102,0.29303,0.14359000000000002,0.11629,0.02730000000000002,0.00138,0.35002,0.00729,0.7141,0.14468,0.53736,-0.3926799999999999
1399,CVE-2024-41792,2025-04-08,CVE-2024-39690,2025-05-09,4,0.24999999999999928,0.00078,0.20534,0.0,0.00126,0.28771,0.0,0.08237000000000003,3,0.00138,0.34893,0.00084,0.25675,0.14359000000000002,-0.030960000000000043,0.17455000000000007,0.00138,0.35002,0.0012,0.32286,0.14468,0.03514999999999996,0.10953000000000004
1400,CVE-2024-41793,2025-04-08,CVE-2024-29944,2025-05-19,6,0.24999999999999928,0.00037,0.08,0.0,0.00066,0.17674,0.0,0.09674,1,0.00044,0.12927,0.00102,0.29303,0.049269999999999994,0.11629,-0.06702000000000001,0.00046,0.14159,0.00729,0.7141,0.06158999999999999,0.53736,-0.47576999999999997
1402,CVE-2024-41947,2025-04-15,CVE-2024-5274,2025-05-16,5,0.6499999999999997,0.00789,0.72523,0.0,0.01117,0.76953,0.0,0.044300000000000006,1,0.01742,0.81435,0.01117,0.76988,0.08911999999999998,0.00034999999999996145,0.08877000000000002,0.01742,0.8151,0.01117,0.77048,0.08987,0.0009500000000000064,0.08892
1402,CVE-2024-41947,2025-04-15,CVE-2024-37051,2025-05-16,4,0.3500000000000007,0.00789,0.72523,0.0,0.01769,0.81547,0.0,0.09023999999999999,2,0.01742,0.81435,0.01769,0.81594,0.08911999999999998,0.00046999999999997044,0.08865,0.01742,0.8151,0.01938,0.82439,0.08987,0.008919999999999928,0.08095000000000008
1402,CVE-2024-41947,2025-04-15,CVE-2024-42835,2025-05-19,9,0.8500000000000008,0.00789,0.72523,0.0,0.00475,0.63419,0.0,0.09104000000000001,3,0.01742,0.81435,0.00475,0.63496,0.08911999999999998,0.0007699999999999374,0.08835000000000004,0.01742,0.8151,0.00475,0.6361,0.08987,0.0019099999999999673,0.08796000000000004
1407,CVE-2024-41975,2025-03-18,CVE-2024-54096,2025-04-28,3,0.05,0.00029,0.05162,0.0,7e-05,0.00321,0.0,0.04841,1,0.00039,0.0833,7e-05,0.00295,0.03168,-0.00026000000000000025,0.03194,0.00039,0.11025,0.0001,0.00729,0.05863,0.004079999999999999,0.05455
1407,CVE-2024-41975,2025-03-18,CVE-2024-44236,2025-05-09,12,0.25000000000000017,0.00029,0.05162,0.0,0.00043,0.10415,0.0,0.05253000000000001,2,0.00039,0.0833,0.00043,0.10003,0.03168,-0.0041200000000000125,0.03580000000000001,0.00039,0.11025,0.0003,0.07212,0.05863,-0.03203,0.09066
1408,CVE-2024-42012,2025-01-22,CVE-2024-8929,2025-04-10,2,0.14999999999999963,0.00043,0.11403,1.0,0.00043,0.11371,0.0,0.00032000000000000084,1,0.00043,0.11437,0.00043,0.11437,0.0003399999999999931,0.0006599999999999939,-0.00032000000000000084,0.00043,0.11722,0.00043,0.11722,0.0031899999999999984,0.0035099999999999992,-0.00032000000000000084
1408,CVE-2024-42012,2025-01-22,CVE-2024-36424,2025-04-10,9,0.25000000000000017,0.00043,0.11403,1.0,0.00043,0.11371,0.0,0.00032000000000000084,2,0.00043,0.11437,0.00043,0.11437,0.0003399999999999931,0.0006599999999999939,-0.00032000000000000084,0.00043,0.11722,0.00043,0.11722,0.0031899999999999984,0.0035099999999999992,-0.00032000000000000084
1408,CVE-2024-42012,2025-01-22,CVE-2024-38796,2025-04-23,10,0.25000000000000017,0.00043,0.11403,1.0,0.00043,0.11371,0.0,0.00032000000000000084,3,0.00043,0.11437,0.00043,0.11437,0.0003399999999999931,0.0006599999999999939,-0.00032000000000000084,0.00043,0.11722,0.00043,0.11722,0.0031899999999999984,0.0035099999999999992,-0.00032000000000000084
1409,CVE-2024-42013,2025-01-22,CVE-2024-1234,2025-04-05,1,0.05,0.00043,0.11403,1.0,0.00043,0.11371,0.0,0.00032000000000000084,1,0.00043,0.11437,0.00045,0.16142,0.0003399999999999931,0.04771,-0.04737000000000001,0.00043,0.11722,0.00048,0.2057,0.0031899999999999984,0.09198999999999999,-0.08879999999999999
1409,CVE-2024-42013,2025-01-22,CVE-2024-6484,2025-05-17,3,0.05,0.00043,0.11403,1.0,0.00043,0.11371,0.0,0.00032000000000000084,2,0.00043,0.11437,0.00043,0.11437,0.0003399999999999931,0.0006599999999999939,-0.00032000000000000084,0.00043,0.11722,0.00046,0.19485,0.0031899999999999984,0.08113999999999999,-0.07794999999999999
1409,CVE-2024-42013,2025-01-22,CVE-2024-6485,2025-05-17,4,0.05,0.00043,0.11403,1.0,0.00043,0.11371,0.0,0.00032000000000000084,3,0.00043,0.11437,0.00043,0.11437,0.0003399999999999931,0.0006599999999999939,-0.00032000000000000084,0.00043,0.11722,0.00043,0.11722,0.0031899999999999984,0.0035099999999999992,-0.00032000000000000084
1414,CVE-2024-42327,2024-12-11,CVE-2024-41110,2025-05-09,9,0.05,0.00043,0.10788,0.0,0.00045,0.16022,0.0,0.05234,1,0.00043,0.10865,0.00045,0.1576,0.0007699999999999929,-0.002620000000000011,0.003390000000000004,0.00043,0.11133,0.00045,0.15965,0.0034499999999999947,-0.0005700000000000149,0.00402000000000001
1424,CVE-2024-42533,2025-03-25,CVE-2024-42509,2025-05-23,9,0.05,0.00277,0.48047,1.0,0.00344,0.53858,0.0,0.05810999999999994,1,0.0033,0.52989,0.00344,0.54034,0.049419999999999964,0.0017600000000000948,0.04765999999999987,0.00261,0.49285,0.00246,0.47911,0.012380000000000002,-0.05946999999999997,0.07184999999999997
1425,CVE-2024-42640,2025-04-04,CVE-2024-27198,2025-05-13,3,0.05,0.84878,0.99296,0.0,0.94582,1.0,0.0,0.007040000000000046,1,0.84838,0.99295,0.94582,1.0,-9.99999999995449e-06,0.0,-9.99999999995449e-06,0.90477,0.99567,0.94579,1.0,0.002710000000000101,0.0,0.002710000000000101
1425,CVE-2024-42640,2025-04-04,CVE-2024-29943,2025-05-19,4,0.05,0.84878,0.99296,0.0,0.23938,0.95576,0.0,0.0371999999999999,2,0.84838,0.99295,0.23938,0.95585,-9.99999999995449e-06,8.999999999992347e-05,-9.999999999987796e-05,0.90477,0.99567,0.42067,0.97234,0.002710000000000101,0.016579999999999928,-0.013869999999999827
1425,CVE-2024-42640,2025-04-04,CVE-2024-21591,2025-05-07,2,0.05,0.84878,0.99296,0.0,0.0694,0.90576,0.0,0.08719999999999994,3,0.84838,0.99295,0.0694,0.90598,-9.99999999995449e-06,0.00021999999999999797,-0.00022999999999995246,0.90477,0.99567,0.23476,0.95621,0.002710000000000101,0.050449999999999995,-0.047739999999999894
1426,CVE-2024-42733,2025-03-10,CVE-2024-48573,2025-04-10,7,0.05,0.00043,0.1187,0.0,0.00043,0.1187,0.0,0.0,1,0.00304,0.51486,0.00112,0.27319,0.39615999999999996,0.15449,0.24166999999999997,0.00331,0.53151,0.00141,0.309,0.41281,0.1903,0.22251
1426,CVE-2024-42733,2025-03-10,CVE-2024-35056,2025-04-11,8,0.05,0.00043,0.1187,0.0,0.00043,0.1187,0.0,0.0,2,0.00304,0.51486,0.00209,0.41378,0.39615999999999996,0.29508,0.10107999999999995,0.00331,0.53151,0.00209,0.40622,0.41281,0.28752,0.12529
1426,CVE-2024-42733,2025-03-10,CVE-2024-50672,2025-04-15,12,0.05,0.00043,0.1187,0.0,0.00043,0.1187,0.0,0.0,3,0.00304,0.51486,0.00153,0.3351,0.39615999999999996,0.2164,0.17975999999999995,0.00331,0.53151,0.00259,0.46519,0.41281,0.34648999999999996,0.06632000000000005
1427,CVE-2024-42831,2025-04-02,CVE-2024-36621,2025-05-09,9,0.45000000000000034,0.00102,0.25212,0.0,0.00097,0.24401,0.0,0.008110000000000006,1,0.00916,0.73928,0.00097,0.24408,0.48716000000000004,6.999999999998674e-05,0.48709,0.00289,0.52032,0.0006,0.1914,0.2682,-0.05261000000000002,0.32081000000000004
1427,CVE-2024-42831,2025-04-02,CVE-2024-33663,2025-05-11,11,0.45000000000000034,0.00102,0.25212,0.0,0.00093,0.23696,0.0,0.015160000000000007,2,0.00916,0.73928,0.00093,0.23682,0.48716000000000004,-0.00014000000000000123,0.48730000000000007,0.00289,0.52032,0.00041,0.11917,0.2682,-0.11779,0.38599
1427,CVE-2024-42831,2025-04-02,CVE-2024-36620,2025-05-09,8,0.45000000000000034,0.00102,0.25212,0.0,0.00092,0.23618,0.0,0.01594000000000001,3,0.00916,0.73928,0.00092,0.23608,0.48716000000000004,-9.999999999998899e-05,0.48726,0.00289,0.52032,0.00074,0.23413,0.2682,-0.0020499999999999963,0.27025
1429,CVE-2024-42844,2025-03-06,CVE-2024-0399,2025-04-16,2,0.05,0.00043,0.11868,1.0,0.00043,0.11847,0.0,0.00020999999999998797,1,0.00043,0.11935,0.00043,0.11935,0.0006700000000000039,0.0008799999999999919,-0.00020999999999998797,0.00032,0.05822,0.04798,0.88524,-0.06045999999999999,0.7667700000000001,-0.82723
1429,CVE-2024-42844,2025-03-06,CVE-2024-22257,2025-05-30,10,0.14999999999999963,0.00043,0.11868,1.0,0.00043,0.11847,0.0,0.00020999999999998797,2,0.00043,0.11935,0.00043,0.11935,0.0006700000000000039,0.0008799999999999919,-0.00020999999999998797,0.00032,0.05822,0.00237,0.44091,-0.06045999999999999,0.32244,-0.3829
1429,CVE-2024-42844,2025-03-06,CVE-2024-36623,2025-05-09,5,0.05,0.00043,0.11868,1.0,0.00045,0.18333,0.0,0.06465,3,0.00043,0.11935,0.00045,0.18376,0.0006700000000000039,0.0004300000000000137,0.00023999999999999022,0.00032,0.05822,0.00097,0.24444,-0.06045999999999999,0.06111,-0.12156999999999998
1432,CVE-2024-43047,2024-10-10,CVE-2024-29748,2025-02-28,12,0.05,0.00113,0.45592,0.0,0.00083,0.36153,0.0,0.09438999999999997,1,0.00113,0.45653,0.00083,0.36232,0.0006099999999999994,0.0007899999999999574,-0.00017999999999995797,0.00064,0.2933,0.00083,0.36474,-0.16262,0.0032099999999999906,-0.16582999999999998
1437,CVE-2024-43102,2025-04-12,CVE-2024-48061,2025-05-19,11,0.24999999999999928,0.0068,0.69342,0.0,0.00576,0.66329,0.0,0.03012999999999999,1,0.00563,0.671,0.00432,0.6152,-0.022419999999999995,-0.04809000000000008,0.02567000000000008,0.00738,0.71593,0.00432,0.61553,0.02250999999999992,-0.047760000000000025,0.07026999999999994
1437,CVE-2024-43102,2025-04-12,CVE-2024-42835,2025-05-19,10,0.24999999999999928,0.0068,0.69342,0.0,0.00573,0.66254,0.0,0.03088000000000002,2,0.00563,0.671,0.00475,0.63524,-0.022419999999999995,-0.02729999999999999,0.0048799999999999955,0.00738,0.71593,0.00475,0.63581,0.02250999999999992,-0.02673000000000003,0.04923999999999995
1438,CVE-2024-43169,2025-03-03,CVE-2024-6244,2025-04-09,11,0.05,0.00091,0.41178,1.0,0.00075,0.35763,0.0,0.054149999999999976,1,0.00046,0.19005,0.00075,0.35854,-0.22172999999999998,0.0009100000000000219,-0.22264,0.00014,0.01185,0.21343,0.95208,-0.39993,0.59445,-0.99438
1438,CVE-2024-43169,2025-03-03,CVE-2024-24409,2025-04-09,9,0.05,0.00091,0.41178,1.0,0.00075,0.35522,0.0,0.05656,2,0.00046,0.19005,0.00075,0.35616,-0.22172999999999998,0.0009399999999999964,-0.22266999999999998,0.00014,0.01185,0.00285,0.49039,-0.39993,0.13517,-0.5351
1438,CVE-2024-43169,2025-03-03,CVE-2024-11392,2025-04-16,12,0.05,0.00091,0.41178,1.0,0.00075,0.35463,0.0,0.05714999999999998,3,0.00046,0.19005,0.00075,0.3556,-0.22172999999999998,0.0009700000000000264,-0.2227,0.00014,0.01185,0.32492,0.96484,-0.39993,0.61021,-1.01014
1442,CVE-2024-43243,2025-01-07,CVE-2024-2973,2025-02-18,7,0.05,0.00043,0.11128,1.0,0.00043,0.11049,0.0,0.000789999999999999,1,0.00043,0.112,0.00043,0.112,0.0007199999999999984,0.0015099999999999975,-0.000789999999999999,0.00043,0.11479,0.00043,0.11479,0.0035099999999999992,0.004299999999999998,-0.000789999999999999
1443,CVE-2024-43405,2025-01-04,CVE-2024-29059,2025-02-05,2,0.09999999999999964,0.00053,0.23218,0.0,0.00059,0.2671,0.0,0.03492000000000001,1,0.00053,0.23348,0.02368,0.89559,0.0012999999999999956,0.62849,-0.62719,0.00053,0.2372,0.02368,0.89636,0.005019999999999997,0.62926,-0.62424
1444,CVE-2024-43415,2024-11-12,CVE-2024-35540,2025-04-10,11,0.05,0.00045,0.16863,1.0,0.0005,0.20491,0.0,0.03628000000000001,1,0.00045,0.16969,0.0005,0.20648,0.0010600000000000054,0.001569999999999988,-0.0005099999999999827,0.00045,0.17698,0.0005,0.21206,0.008349999999999996,0.00714999999999999,0.0012000000000000066
1448,CVE-2024-43461,2025-03-18,CVE-2024-4367,2025-04-22,2,0.05,0.75713,0.98866,0.0,0.49012,0.97526,0.0,0.013399999999999967,1,0.75713,0.98865,0.49012,0.97526,-9.99999999995449e-06,0.0,-9.99999999995449e-06,0.0313,0.86125,0.31904,0.96495,-0.12741000000000002,-0.010310000000000041,-0.11709999999999998
1451,CVE-2024-4358,2025-03-28,CVE-2024-27198,2025-05-13,3,0.05,0.94087,0.99894,0.0,0.94582,1.0,0.0,0.0010599999999999499,1,0.94093,0.99896,0.94582,1.0,1.999999999990898e-05,0.0,1.999999999990898e-05,0.94254,0.99918,0.94579,1.0,0.00023999999999990695,0.0,0.00023999999999990695
1451,CVE-2024-4358,2025-03-28,CVE-2024-29943,2025-05-19,4,0.05,0.94087,0.99894,0.0,0.24595,0.95667,0.0,0.04227000000000003,2,0.94093,0.99896,0.23938,0.95576,1.999999999990898e-05,-0.0009099999999999664,0.0009299999999998754,0.94254,0.99918,0.17035,0.94571,0.00023999999999990695,-0.01095999999999997,0.011199999999999877
1451,CVE-2024-4358,2025-03-28,CVE-2024-21591,2025-05-07,2,0.05,0.94087,0.99894,0.0,0.0694,0.90548,0.0,0.0934600000000001,3,0.94093,0.99896,0.0694,0.90576,1.999999999990898e-05,0.000280000000000058,-0.000260000000000149,0.94254,0.99918,0.23476,0.95607,0.00023999999999990695,0.050590000000000024,-0.05035000000000012
1452,CVE-2024-43590,2025-04-14,CVE-2024-43641,2025-05-16,8,0.05,0.00388,0.57138,0.0,0.00294,0.4991,0.0,0.07228000000000001,1,0.00376,0.58102,0.00117,0.31913,0.009639999999999982,-0.17996999999999996,0.18960999999999995,0.00266,0.49877,0.00146,0.36206,-0.07261000000000001,-0.13704,0.06442999999999999
1463,CVE-2024-4367,2025-04-22,CVE-2024-1709,2025-05-29,12,1.4999999999999993,0.31904,0.96503,0.0,0.94364,0.99951,0.0,0.034479999999999955,1,0.14484,0.9403,0.94364,0.99951,-0.02473000000000003,0.0,-0.02473000000000003,0.13314,0.93777,0.94364,0.99951,-0.027260000000000062,0.0,-0.027260000000000062
1464,CVE-2024-43687,2025-04-04,CVE-2024-36620,2025-05-09,8,0.45000000000000034,0.00084,0.21894,0.0,0.00092,0.23644,0.0,0.017500000000000016,1,0.00413,0.58776,0.00092,0.23632,0.3688199999999999,-0.00012000000000000899,0.36893999999999993,0.00137,0.34999,0.00074,0.2334,0.13105000000000003,-0.003040000000000015,0.13409000000000004
1464,CVE-2024-43687,2025-04-04,CVE-2024-33663,2025-05-11,11,0.45000000000000034,0.00084,0.21894,0.0,0.00093,0.23722,0.0,0.01827999999999999,2,0.00413,0.58776,0.00093,0.23706,0.3688199999999999,-0.00015999999999999348,0.3689799999999999,0.00137,0.34999,0.00041,0.1186,0.13105000000000003,-0.11861999999999999,0.24967
1464,CVE-2024-43687,2025-04-04,CVE-2024-36621,2025-05-09,9,0.45000000000000034,0.00084,0.21894,0.0,0.00097,0.24432,0.0,0.025380000000000014,3,0.00413,0.58776,0.00097,0.24436,0.3688199999999999,3.999999999998449e-05,0.36877999999999994,0.00137,0.34999,0.0006,0.19077,0.13105000000000003,-0.053550000000000014,0.18460000000000004
1474,CVE-2024-44000,2025-03-28,CVE-2024-27198,2025-05-13,3,0.05,0.88493,0.99474,0.0,0.94582,1.0,0.0,0.005260000000000042,1,0.88904,0.99501,0.94582,1.0,0.00026999999999999247,0.0,0.00026999999999999247,0.92012,0.99675,0.94579,1.0,0.0020100000000000673,0.0,0.0020100000000000673
1474,CVE-2024-44000,2025-03-28,CVE-2024-29943,2025-05-19,4,0.05,0.88493,0.99474,0.0,0.24595,0.95667,0.0,0.03806999999999994,2,0.88904,0.99501,0.23938,0.95576,0.00026999999999999247,-0.0009099999999999664,0.0011799999999999589,0.92012,0.99675,0.17035,0.94571,0.0020100000000000673,-0.01095999999999997,0.012970000000000037
1474,CVE-2024-44000,2025-03-28,CVE-2024-21591,2025-05-07,2,0.05,0.88493,0.99474,0.0,0.0694,0.90548,0.0,0.08926,3,0.88904,0.99501,0.0694,0.90576,0.00026999999999999247,0.000280000000000058,-1.0000000000065512e-05,0.92012,0.99675,0.23476,0.95607,0.0020100000000000673,0.050590000000000024,-0.04857999999999996
1476,CVE-2024-44133,2024-10-20,CVE-2024-36424,2025-04-10,8,0.05,0.00043,0.09689,0.0,0.00043,0.09689,0.0,0.0,1,0.00043,0.09833,0.00043,0.09833,0.0014399999999999968,0.0014399999999999968,0.0,0.00043,0.10196,0.00043,0.10196,0.005069999999999991,0.005069999999999991,0.0
1476,CVE-2024-44133,2024-10-20,CVE-2024-27876,2025-04-24,9,0.05,0.00043,0.09689,0.0,0.00044,0.10995,0.0,0.013060000000000002,2,0.00043,0.09833,0.00044,0.1115,0.0014399999999999968,0.0015499999999999958,-0.00010999999999999899,0.00043,0.10196,0.00044,0.11532,0.005069999999999991,0.00537,-0.0003000000000000086
1476,CVE-2024-44133,2024-10-20,CVE-2024-43853,2025-05-09,12,0.05,0.00043,0.09689,0.0,0.00042,0.05059,0.0,0.0463,3,0.00043,0.09833,0.00042,0.05126,0.0014399999999999968,0.000669999999999997,0.0007699999999999999,0.00043,0.10196,0.00042,0.0512,0.005069999999999991,0.0006099999999999994,0.004459999999999992
1477,CVE-2024-44136,2025-01-16,CVE-2024-32473,2025-05-09,2,0.15000000000000052,0.00043,0.11287,0.0,0.00043,0.11287,0.0,0.0,1,0.00043,0.11403,0.00043,0.11403,0.0011600000000000082,0.0011600000000000082,0.0,0.00043,0.1166,0.00043,0.1166,0.003729999999999997,0.003729999999999997,0.0
1477,CVE-2024-44136,2025-01-16,CVE-2024-8690,2025-03-21,4,0.24999999999999928,0.00043,0.11287,0.0,0.00043,0.11287,0.0,0.0,2,0.00043,0.11403,0.00043,0.11403,0.0011600000000000082,0.0011600000000000082,0.0,0.00043,0.1166,0.00043,0.1166,0.003729999999999997,0.003729999999999997,0.0
1477,CVE-2024-44136,2025-01-16,CVE-2024-5920,2025-05-01,10,0.25000000000000017,0.00043,0.11287,0.0,0.00043,0.11287,0.0,0.0,3,0.00043,0.11403,0.00043,0.11403,0.0011600000000000082,0.0011600000000000082,0.0,0.00043,0.1166,0.00045,0.16422,0.003729999999999997,0.05135000000000001,-0.04762000000000001
1481,CVE-2024-44243,2025-01-13,CVE-2024-26634,2025-05-09,7,0.05,0.00045,0.17562,0.0,0.00045,0.17537,0.0,0.0002500000000000002,1,0.00045,0.17706,0.00045,0.1768,0.0014399999999999968,0.0014300000000000146,9.999999999982245e-06,0.00045,0.17807,0.00045,0.17783,0.0024500000000000077,0.00245999999999999,-9.999999999982245e-06
1481,CVE-2024-44243,2025-01-13,CVE-2024-27876,2025-04-24,5,0.05,0.00045,0.17562,0.0,0.0005,0.21036,0.0,0.03473999999999999,2,0.00045,0.17706,0.0005,0.21215,0.0014399999999999968,0.0017900000000000138,-0.00035000000000001696,0.00045,0.17807,0.0005,0.21337,0.0024500000000000077,0.0030100000000000127,-0.0005600000000000049
1481,CVE-2024-44243,2025-01-13,CVE-2024-26181,2025-05-16,12,0.05,0.00045,0.17562,0.0,0.00053,0.23613,0.0,0.06051000000000001,3,0.00045,0.17706,0.00052,0.2333,0.0014399999999999968,-0.002829999999999999,0.004269999999999996,0.00045,0.17807,0.00056,0.26005,0.0024500000000000077,0.023919999999999997,-0.02146999999999999
1485,CVE-2024-44541,2025-04-18,CVE-2024-29943,2025-05-19,1,0.05,0.12859,0.93611,0.0,0.17035,0.94565,0.0,0.009539999999999993,1,0.05429,0.89587,0.17035,0.94568,-0.04023999999999994,2.999999999997449e-05,-0.04026999999999992,0.05429,0.89628,0.6321,0.98263,-0.03983000000000003,0.03698000000000001,-0.07681000000000004
1485,CVE-2024-44541,2025-04-18,CVE-2024-1709,2025-05-29,10,0.24999999999999928,0.12859,0.93611,0.0,0.94364,0.99951,0.0,0.06340000000000001,2,0.05429,0.89587,0.94364,0.99952,-0.04023999999999994,9.99999999995449e-06,-0.0402499999999999,0.05429,0.89628,0.94364,0.99951,-0.03983000000000003,0.0,-0.03983000000000003
1485,CVE-2024-44541,2025-04-18,CVE-2024-37014,2025-05-19,2,0.05,0.12859,0.93611,0.0,0.02498,0.84448,0.0,0.09162999999999999,3,0.05429,0.89587,0.02498,0.84449,-0.04023999999999994,9.99999999995449e-06,-0.0402499999999999,0.05429,0.89628,0.02498,0.84531,-0.03983000000000003,0.0008299999999999974,-0.04066000000000003
1486,CVE-2024-44762,2025-04-03,CVE-2024-11831,2025-05-17,4,0.15000000000000052,0.00079,0.20665,0.0,0.00072,0.19207,0.0,0.01458000000000001,1,0.03063,0.85602,0.00072,0.19245,0.64937,0.0003800000000000192,0.64899,0.02015,0.82803,0.00027,0.05987,0.62138,-0.13219999999999998,0.75358
1486,CVE-2024-44762,2025-04-03,CVE-2024-43853,2025-05-09,6,0.25000000000000017,0.00079,0.20665,0.0,0.0007,0.18511,0.0,0.021540000000000004,2,0.03063,0.85602,0.0007,0.1855,0.64937,0.00039000000000000146,0.64898,0.02015,0.82803,0.00058,0.18577,0.62138,0.0006599999999999939,0.62072
1486,CVE-2024-44762,2025-04-03,CVE-2024-26634,2025-05-09,5,0.25000000000000017,0.00079,0.20665,0.0,0.00091,0.2332,0.0,0.02654999999999999,3,0.03063,0.85602,0.00091,0.23293,0.64937,-0.00026999999999999247,0.64964,0.02015,0.82803,9e-05,0.00613,0.62138,-0.22707,0.84845
1487,CVE-2024-44871,2025-03-27,CVE-2024-21538,2025-05-07,8,0.3499999999999998,0.00473,0.61382,0.0,0.0037,0.5552,0.0,0.058620000000000005,1,0.02548,0.8417,0.0037,0.56006,0.22787999999999997,0.0048599999999999755,0.22302,0.01283,0.78484,0.00132,0.34202,0.17101999999999995,-0.21318000000000004,0.3842
1487,CVE-2024-44871,2025-03-27,CVE-2024-11237,2025-05-13,7,0.2999999999999998,0.00473,0.61382,0.0,0.00788,0.71106,0.0,0.09724,2,0.02548,0.8417,0.00468,0.61702,0.22787999999999997,-0.09404000000000001,0.32192,0.01283,0.78484,0.00421,0.60874,0.17101999999999995,-0.10232000000000008,0.27334
1488,CVE-2024-44910,2025-04-11,CVE-2024-49114,2025-05-16,11,0.2999999999999998,0.00093,0.23739,0.0,0.00139,0.30647,0.0,0.06908000000000003,1,0.00085,0.25926,0.00396,0.59379,0.02187,0.28732,-0.26545,0.00102,0.29305,0.00249,0.48204,0.05565999999999999,0.17557,-0.11991000000000002
1489,CVE-2024-44911,2025-04-11,CVE-2024-49114,2025-05-16,11,0.2999999999999998,0.00093,0.23739,0.0,0.00139,0.30647,0.0,0.06908000000000003,1,0.00078,0.2433,0.00396,0.59379,0.005909999999999999,0.28732,-0.28141000000000005,0.00094,0.27795,0.00249,0.48204,0.040559999999999985,0.17557,-0.13501000000000002
1490,CVE-2024-44912,2025-04-11,CVE-2024-49114,2025-05-16,11,0.2999999999999998,0.00093,0.23739,0.0,0.00139,0.30647,0.0,0.06908000000000003,1,0.00078,0.2433,0.00396,0.59379,0.005909999999999999,0.28732,-0.28141000000000005,0.00094,0.27795,0.00249,0.48204,0.040559999999999985,0.17557,-0.13501000000000002
1493,CVE-2024-45064,2025-04-02,CVE-2024-29944,2025-05-19,5,0.14999999999999963,0.0007,0.18571,1.0,0.00066,0.1766,0.0,0.00910999999999998,1,0.00078,0.20576,0.00066,0.17688,0.020050000000000012,0.00028000000000000247,0.01977000000000001,0.00078,0.24389,0.00729,0.71517,0.05818000000000001,0.53857,-0.48039
1493,CVE-2024-45064,2025-04-02,CVE-2024-39936,2025-05-17,4,0.14999999999999963,0.0007,0.18571,1.0,0.00081,0.21022,0.0,0.024510000000000004,2,0.00078,0.20576,0.00081,0.21024,0.020050000000000012,2.0000000000020002e-05,0.020029999999999992,0.00078,0.24389,0.00103,0.29607,0.05818000000000001,0.08585000000000001,-0.02767
1493,CVE-2024-45064,2025-04-02,CVE-2024-43201,2025-05-04,7,0.3500000000000007,0.0007,0.18571,1.0,0.00056,0.14649,0.0,0.03921999999999998,3,0.00078,0.20576,0.00056,0.14705,0.020050000000000012,0.0005599999999999772,0.019490000000000035,0.00078,0.24389,0.00049,0.15331,0.05818000000000001,0.006819999999999993,0.05136000000000002
1494,CVE-2024-45084,2025-02-19,CVE-2024-36623,2025-05-09,10,0.14999999999999963,0.0005,0.21763,1.0,0.00045,0.17984,0.0,0.03778999999999999,1,0.0005,0.21734,0.00045,0.17937,-0.0002899999999999847,-0.0004699999999999982,0.00018000000000001348,0.00046,0.10879,0.0007,0.1862,-0.10883999999999999,0.0063600000000000045,-0.1152
1496,CVE-2024-45195,2025-02-05,CVE-2024-20440,2025-03-20,1,0.0,0.71149,0.98284,0.0,0.05659,0.93296,0.0,0.049880000000000035,1,0.71149,0.98284,0.0468,0.92599,0.0,-0.006970000000000032,0.006970000000000032,0.75577,0.98447,0.0468,0.92685,0.0016299999999999093,-0.00611000000000006,0.007739999999999969
1497,CVE-2024-45199,2025-04-04,CVE-2024-29944,2025-05-19,12,0.45000000000000034,0.00058,0.15048,0.0,0.00066,0.17713,0.0,0.026650000000000007,1,0.00166,0.34545,0.00066,0.17713,0.19496999999999998,0.0,0.19496999999999998,0.00166,0.38691,0.00729,0.71431,0.23642999999999997,0.53718,-0.30075
1497,CVE-2024-45199,2025-04-04,CVE-2024-39936,2025-05-17,9,0.25000000000000105,0.00058,0.15048,0.0,0.00081,0.21056,0.0,0.060079999999999995,2,0.00166,0.34545,0.00081,0.21064,0.19496999999999998,7.999999999999674e-05,0.19488999999999998,0.00166,0.38691,0.00103,0.29501,0.23642999999999997,0.08445,0.15197999999999998
1498,CVE-2024-45310,2025-04-23,CVE-2024-39338,2025-05-27,4,4.2,6e-05,0.00257,0.0,0.00026,0.05352,0.0,0.050949999999999995,1,6e-05,0.00259,0.00029,0.06537,2.0000000000000052e-05,0.01185,-0.01183,7e-05,0.00379,0.0003,0.06846,0.0012200000000000002,0.014939999999999995,-0.013719999999999994
1504,CVE-2024-45387,2024-12-23,CVE-2024-41110,2025-05-09,7,0.05,0.00043,0.10912,1.0,0.00045,0.15779,0.0,0.04867000000000002,1,0.00043,0.10935,0.00045,0.15829,0.00023000000000000798,0.0004999999999999727,-0.0002699999999999647,0.00043,0.11371,0.00045,0.16205,0.004590000000000011,0.004259999999999986,0.0003300000000000247
1506,CVE-2024-45421,2025-02-25,CVE-2024-46278,2025-04-16,11,0.14999999999999963,0.00043,0.11771,3.0,0.00043,0.11716,0.0,0.0005499999999999949,1,0.00043,0.11827,0.00043,0.11827,0.0005600000000000049,0.0011099999999999999,-0.0005499999999999949,0.00107,0.25679,0.0977,0.91813,0.13908000000000004,0.80097,-0.6618899999999999
1509,CVE-2024-45489,2024-09-20,CVE-2024-29849,2025-03-19,3,0.0,0.00045,0.16332,1.0,0.00043,0.09632,0.0,0.06699999999999999,1,0.00045,0.16308,0.00043,0.09601,-0.00023999999999999022,-0.0003100000000000047,7.00000000000145e-05,0.00045,0.16439,0.00043,0.09689,0.0010700000000000154,0.0005700000000000011,0.0005000000000000143
1514,CVE-2024-45506,2024-09-07,CVE-2024-38178,2024-10-16,1,0.0,0.00858,0.82617,0.0,0.02297,0.89895,0.0,0.07278000000000007,1,0.00858,0.82657,0.02297,0.89923,0.00040000000000006697,0.00027999999999994696,0.00012000000000012001,0.00706,0.80648,0.01646,0.87854,-0.019689999999999985,-0.02041000000000004,0.0007200000000000539
1516,CVE-2024-45552,2025-04-07,CVE-2024-29944,2025-05-19,8,0.25000000000000105,0.00042,0.09648,0.0,0.00066,0.17688,0.0,0.08040000000000001,1,0.00055,0.14143,0.00066,0.17638,0.044950000000000004,-0.0005000000000000004,0.045450000000000004,0.00055,0.17275,0.00729,0.71396,0.07626999999999999,0.53708,-0.46081
1520,CVE-2024-4577,2025-03-11,CVE-2024-36401,2025-04-17,11,0.05,0.95177,0.99522,0.0,0.96188,0.99671,0.0,0.0014899999999999913,1,0.9442,0.99979,0.94372,0.99959,0.004569999999999963,0.0028799999999999937,0.0016899999999999693,0.94376,0.99961,0.94372,0.9996,0.004390000000000005,0.002890000000000059,0.0014999999999999458
1520,CVE-2024-4577,2025-03-11,CVE-2024-40711,2025-04-17,12,0.05,0.95177,0.99522,0.0,0.96424,0.99724,0.0,0.0020200000000000218,2,0.9442,0.99979,0.47258,0.97431,0.004569999999999963,-0.022930000000000006,0.02749999999999997,0.94376,0.99961,0.56193,0.97919,0.004390000000000005,-0.01805000000000001,0.022440000000000015
1520,CVE-2024-4577,2025-03-11,CVE-2024-0204,2025-04-17,7,0.05,0.95177,0.99522,0.0,0.64499,0.9812,0.0,0.014020000000000032,3,0.9442,0.99979,0.93653,0.99846,0.004569999999999963,0.017260000000000053,-0.01269000000000009,0.94376,0.99961,0.93726,0.99848,0.004390000000000005,0.017280000000000073,-0.012890000000000068
1522,CVE-2024-45827,2024-11-12,CVE-2024-42845,2024-12-15,1,0.0,0.00043,0.10783,1.0,0.00045,0.16888,0.0,0.06105000000000001,1,0.00043,0.10879,0.00045,0.17013,0.0009600000000000025,0.0012500000000000011,-0.0002899999999999986,0.00043,0.1149,0.00045,0.17744,0.007070000000000007,0.008559999999999984,-0.0014899999999999775
1525,CVE-2024-46278,2025-04-16,CVE-2024-21325,2025-05-19,12,0.6500000000000006,0.00569,0.6727,0.0,0.00814,0.72981,0.0,0.057109999999999994,1,0.00274,0.50458,0.00814,0.73,-0.16811999999999994,0.00019000000000002348,-0.16830999999999996,0.00307,0.53343,0.00814,0.73093,-0.13927,0.0011200000000000099,-0.14039000000000001
1529,CVE-2024-46431,2025-02-10,CVE-2024-0399,2025-04-16,11,0.14999999999999963,0.00043,0.1146,1.0,0.00043,0.11462,0.0,2.0000000000006124e-05,1,0.00043,0.11665,0.00043,0.11665,0.00205000000000001,0.002030000000000004,2.0000000000006124e-05,0.00043,0.11938,0.00043,0.11938,0.0047800000000000065,0.00476,2.0000000000006124e-05
1533,CVE-2024-46435,2025-02-10,CVE-2024-0399,2025-04-16,11,0.14999999999999963,0.00043,0.1146,1.0,0.00043,0.11462,0.0,2.0000000000006124e-05,1,0.00043,0.11665,0.00043,0.11665,0.00205000000000001,0.002030000000000004,2.0000000000006124e-05,0.00043,0.11938,0.00043,0.11938,0.0047800000000000065,0.00476,2.0000000000006124e-05
1536,CVE-2024-46479,2025-01-13,CVE-2024-41110,2025-05-09,4,0.05,0.00045,0.17569,1.0,0.00045,0.15973,0.0,0.015960000000000002,1,0.00045,0.1768,0.00045,0.1616,0.0011099999999999999,0.0018699999999999828,-0.0007599999999999829,0.00045,0.17783,0.00045,0.16382,0.0021399999999999753,0.0040899999999999825,-0.0019500000000000073
1538,CVE-2024-46528,2025-03-27,CVE-2024-13176,2025-05-17,7,0.25000000000000017,0.00078,0.20102,0.0,0.00064,0.16809,0.0,0.032930000000000015,1,0.02021,0.82218,0.00075,0.19833,0.62116,0.030240000000000017,0.59092,0.00463,0.62998,0.00033,0.07854,0.42896,-0.08954999999999999,0.51851
1538,CVE-2024-46528,2025-03-27,CVE-2024-56378,2025-05-17,4,0.05,0.00078,0.20102,0.0,0.00098,0.24358,0.0,0.04255999999999999,2,0.02021,0.82218,0.00098,0.24717,0.62116,0.00359000000000001,0.6175700000000001,0.00463,0.62998,0.00128,0.33647,0.42896,0.09289,0.33607
1538,CVE-2024-46528,2025-03-27,CVE-2024-32473,2025-05-09,10,0.45000000000000034,0.00078,0.20102,0.0,0.00061,0.15761,0.0,0.043410000000000004,3,0.02021,0.82218,0.00061,0.16077,0.62116,0.003159999999999996,0.6180000000000001,0.00463,0.62998,0.00011,0.00822,0.42896,-0.14939,0.57835
1540,CVE-2024-46626,2024-10-01,CVE-2024-4007,2025-04-03,1,0.0,0.00043,0.09629,3.0,0.00043,0.09611,0.0,0.0001799999999999996,1,0.00043,0.09664,0.00043,0.09664,0.0003500000000000031,0.0005300000000000027,-0.0001799999999999996,0.00043,0.09914,0.00043,0.09914,0.0028500000000000053,0.003030000000000005,-0.0001799999999999996
1540,CVE-2024-46626,2024-10-01,CVE-2024-4367,2025-04-22,8,0.0,0.00043,0.09629,3.0,0.00044,0.10941,0.0,0.013119999999999993,2,0.00043,0.09664,0.00044,0.10991,0.0003500000000000031,0.0005000000000000004,-0.00014999999999999736,0.00043,0.09914,0.00044,0.11252,0.0028500000000000053,0.0031100000000000017,-0.00025999999999999635
1541,CVE-2024-46662,2025-03-14,CVE-2024-7297,2025-05-19,10,0.05,0.00043,0.11988,1.0,0.00043,0.1198,0.0,7.999999999999674e-05,1,0.0009,0.23257,0.00171,0.3535,0.11269,0.23369999999999996,-0.12100999999999996,0.00107,0.2598,0.00198,0.39061,0.13992,0.27081,-0.13089
1559,CVE-2024-47051,2025-02-26,CVE-2024-30896,2025-04-08,8,0.05,0.00045,0.1825,1.0,0.00043,0.11704,0.0,0.06545999999999999,1,0.00045,0.18384,0.00043,0.11829,0.0013400000000000079,0.0012500000000000011,9.000000000000674e-05,0.00376,0.56288,0.0305,0.85492,0.38038000000000005,0.73788,-0.35749999999999993
1559,CVE-2024-47051,2025-02-26,CVE-2024-53537,2025-04-14,9,0.05,0.00045,0.1825,1.0,0.00043,0.11704,0.0,0.06545999999999999,2,0.00045,0.18384,0.00043,0.11829,0.0013400000000000079,0.0012500000000000011,9.000000000000674e-05,0.00376,0.56288,0.00457,0.61119,0.38038000000000005,0.49415,-0.11376999999999993
1559,CVE-2024-47051,2025-02-26,CVE-2024-38475,2025-04-25,11,0.05,0.00045,0.1825,1.0,0.00043,0.11704,0.0,0.06545999999999999,3,0.00045,0.18384,0.00043,0.11829,0.0013400000000000079,0.0012500000000000011,9.000000000000674e-05,0.00376,0.56288,0.7682,0.9889,0.38038000000000005,0.87186,-0.4914799999999999
1565,CVE-2024-47176,2024-09-26,CVE-2024-33664,2025-05-11,10,0.05,0.00045,0.14865,1.0,0.00045,0.16301,0.0,0.014359999999999984,1,0.00063,0.27664,0.00045,0.16326,0.12799,0.0002500000000000002,0.12774,0.00063,0.28003,0.00045,0.16601,0.13138,0.0030000000000000027,0.12838
1565,CVE-2024-47176,2024-09-26,CVE-2024-45440,2025-04-19,7,0.05,0.00045,0.14865,1.0,0.00046,0.17685,0.0,0.028200000000000003,2,0.00063,0.27664,0.00046,0.17707,0.12799,0.00021999999999999797,0.12777,0.00063,0.28003,0.00255,0.65784,0.13138,0.48099,-0.34961
1565,CVE-2024-47176,2024-09-26,CVE-2024-30269,2025-04-06,4,0.05,0.00045,0.14865,1.0,0.00043,0.09595,0.0,0.05270000000000001,3,0.00063,0.27664,0.00053,0.2222,0.12799,0.12625000000000003,0.0017399999999999638,0.00063,0.28003,0.00053,0.22509,0.13138,0.12914000000000003,0.0022399999999999642
1567,CVE-2024-47258,2025-02-06,CVE-2024-0399,2025-04-16,10,0.05,0.00043,0.11478,1.0,0.00043,0.11479,0.0,1.0000000000010001e-05,1,0.00043,0.11499,0.00043,0.11499,0.00021000000000000185,0.00019999999999999185,1.0000000000010001e-05,0.00043,0.1187,0.00043,0.1187,0.003920000000000007,0.003909999999999997,1.0000000000010001e-05
1568,CVE-2024-47374,2024-10-11,CVE-2024-40892,2025-03-17,4,0.05,0.00043,0.09689,0.0,0.00043,0.09689,0.0,0.0,1,0.00043,0.09691,0.00043,0.09691,1.9999999999992246e-05,1.9999999999992246e-05,0.0,0.00043,0.10041,0.00043,0.10041,0.0035199999999999954,0.0035199999999999954,0.0
1574,CVE-2024-47516,2025-03-26,CVE-2024-42509,2025-05-23,9,0.05,0.00251,0.45486,0.0,0.00344,0.53841,0.0,0.08355000000000007,1,0.0033,0.53027,0.00344,0.54072,0.07541000000000003,0.0023099999999999232,0.07310000000000011,0.0033,0.55144,0.00246,0.47922,0.09658000000000005,-0.059190000000000076,0.15577000000000013
1577,CVE-2024-47547,2024-12-06,CVE-2024-23346,2025-04-15,12,0.14999999999999963,0.00043,0.10595,1.0,0.00045,0.17384,0.0,0.06788999999999999,1,0.00043,0.10843,0.00045,0.17777,0.002479999999999996,0.003930000000000017,-0.0014500000000000207,0.00091,0.40245,0.00045,0.17514,0.2965,0.0012999999999999956,0.2952
1579,CVE-2024-47572,2025-01-14,CVE-2024-47460,2025-05-23,7,0.05,0.00043,0.11266,1.0,0.00043,0.112,0.0,0.0006599999999999939,1,0.00043,0.11351,0.00043,0.11351,0.0008500000000000035,0.0015099999999999975,-0.0006599999999999939,0.00043,0.11499,0.00043,0.11499,0.0023299999999999987,0.0029899999999999927,-0.0006599999999999939
1579,CVE-2024-47572,2025-01-14,CVE-2024-31989,2025-05-09,6,0.05,0.00043,0.11266,1.0,0.00042,0.05089,0.0,0.06177,2,0.00043,0.11351,0.00042,0.05109,0.0008500000000000035,0.00020000000000000573,0.0006499999999999978,0.00043,0.11499,0.00042,0.05064,0.0023299999999999987,-0.0002500000000000002,0.002579999999999999
1579,CVE-2024-47572,2025-01-14,CVE-2024-35540,2025-04-10,3,0.05,0.00043,0.11266,1.0,0.0005,0.21243,0.0,0.09977000000000001,3,0.00043,0.11351,0.0005,0.21403,0.0008500000000000035,0.0015999999999999903,-0.0007499999999999868,0.00043,0.11499,0.0005,0.21575,0.0023299999999999987,0.0033199999999999896,-0.0009899999999999909
1584,CVE-2024-47605,2025-04-14,CVE-2024-26462,2025-05-17,5,0.14999999999999963,0.00048,0.11871,0.0,0.00063,0.16866,0.0,0.04995000000000001,1,0.01742,0.81436,0.00031,0.07326,0.69565,-0.0954,0.79105,0.01742,0.81512,0.00026,0.05708,0.69641,-0.11158000000000001,0.80799
1584,CVE-2024-47605,2025-04-14,CVE-2024-11831,2025-05-17,1,0.05,0.00048,0.11871,0.0,0.00072,0.19144,0.0,0.07273,2,0.01742,0.81436,0.00027,0.05858,0.69565,-0.13286,0.82851,0.01742,0.81512,0.00033,0.08179,0.69641,-0.10965,0.80606
1584,CVE-2024-47605,2025-04-14,CVE-2024-0147,2025-05-17,4,0.14999999999999963,0.00048,0.11871,0.0,0.00023,0.0359,0.0,0.08281,3,0.01742,0.81436,0.00023,0.04549,0.69565,0.009590000000000001,0.68606,0.01742,0.81512,0.00023,0.04599,0.69641,0.010090000000000002,0.6863199999999999
1589,CVE-2024-47891,2025-01-31,CVE-2024-43085,2025-04-28,10,0.05,0.00043,0.11433,0.0,0.00043,0.11433,0.0,0.0,1,0.00043,0.11478,0.00043,0.11478,0.0004499999999999921,0.0004499999999999921,0.0,0.00043,0.11763,0.00043,0.11763,0.0032999999999999974,0.0032999999999999974,0.0
1589,CVE-2024-47891,2025-01-31,CVE-2024-38193,2025-04-17,5,0.05,0.00043,0.11433,0.0,0.00043,0.11537,0.0,0.0010399999999999993,2,0.00043,0.11478,0.00043,0.11582,0.0004499999999999921,0.00045000000000000595,-1.3877787807814457e-17,0.00043,0.11763,0.00043,0.11871,0.0032999999999999974,0.0033399999999999958,-3.999999999999837e-05
1589,CVE-2024-47891,2025-01-31,CVE-2024-11477,2025-05-08,12,0.05,0.00043,0.11433,0.0,0.00045,0.163,0.0,0.048670000000000005,3,0.00043,0.11478,0.00045,0.16368,0.0004499999999999921,0.0006799999999999862,-0.0002299999999999941,0.00043,0.11763,0.00045,0.16761,0.0032999999999999974,0.004610000000000003,-0.0013100000000000056
1591,CVE-2024-47908,2025-02-11,CVE-2024-30896,2025-04-08,11,0.05,0.00043,0.11759,1.0,0.00043,0.1146,0.0,0.0029900000000000065,1,0.00043,0.11963,0.00043,0.11678,0.00204,0.0021800000000000014,-0.00014000000000000123,0.00052,0.23788,0.00043,0.11935,0.12029000000000001,0.004750000000000004,0.11554
1591,CVE-2024-47908,2025-02-11,CVE-2024-53537,2025-04-14,12,0.05,0.00043,0.11759,1.0,0.00044,0.1262,0.0,0.008610000000000007,2,0.00043,0.11963,0.00044,0.12846,0.00204,0.0022599999999999842,-0.0002199999999999841,0.00052,0.23788,0.00043,0.11935,0.12029000000000001,-0.006850000000000009,0.12714000000000003
1595,CVE-2024-48013,2025-03-17,CVE-2024-43201,2025-05-04,6,0.05,0.0006,0.15873,1.0,0.00056,0.14866,0.0,0.010070000000000023,1,0.00071,0.18659,0.00056,0.14413,0.027859999999999996,-0.0045299999999999785,0.032389999999999974,0.00071,0.22319,0.00039,0.10838,0.06445999999999999,-0.04027999999999998,0.10473999999999997
1597,CVE-2024-48120,2025-03-27,CVE-2024-11831,2025-05-17,1,0.05,0.00076,0.19718,0.0,0.00072,0.18846,0.0,0.008720000000000006,1,0.01592,0.80034,0.00072,0.19207,0.60316,0.003610000000000002,0.59955,0.00678,0.70277,0.00027,0.05839,0.50559,-0.13007,0.63566
1597,CVE-2024-48120,2025-03-27,CVE-2024-43853,2025-05-09,4,0.14999999999999963,0.00076,0.19718,0.0,0.0007,0.18151,0.0,0.01566999999999999,2,0.01592,0.80034,0.0007,0.18511,0.60316,0.003599999999999992,0.5995600000000001,0.00678,0.70277,0.00055,0.17292,0.50559,-0.008590000000000014,0.51418
1597,CVE-2024-48120,2025-03-27,CVE-2024-26462,2025-05-17,10,0.14999999999999963,0.00076,0.19718,0.0,0.00063,0.16598,0.0,0.031200000000000006,3,0.01592,0.80034,0.00063,0.16912,0.60316,0.003140000000000004,0.60002,0.00678,0.70277,0.00031,0.07295,0.50559,-0.09302999999999999,0.5986199999999999
1603,CVE-2024-48760,2025-04-14,CVE-2024-42509,2025-05-23,6,0.05,0.00322,0.52296,0.0,0.0037,0.55992,0.0,0.03695999999999999,1,0.01455,0.79719,0.00246,0.47882,0.27423,-0.08109999999999995,0.3553299999999999,0.01455,0.79773,0.00246,0.47918,0.27477000000000007,-0.08073999999999998,0.35551000000000005
1611,CVE-2024-48844,2025-04-15,CVE-2024-43641,2025-05-16,4,0.14999999999999963,0.00162,0.38102,0.0,0.00117,0.31827,0.0,0.06275000000000003,1,0.01528,0.80256,0.00146,0.36236,0.42154,0.04409000000000002,0.37745,0.00904,0.74506,0.00146,0.36202,0.3640399999999999,0.04375000000000001,0.3202899999999999
1612,CVE-2024-48845,2024-12-05,CVE-2024-23346,2025-04-15,12,0.14999999999999963,0.00043,0.10597,3.0,0.00045,0.17386,0.0,0.06788999999999999,1,0.00043,0.10812,0.00045,0.17744,0.002149999999999999,0.00358,-0.0014300000000000007,0.00043,0.11007,0.00045,0.17524,0.004100000000000006,0.00138000000000002,0.0027199999999999863
1613,CVE-2024-48846,2025-04-16,CVE-2024-39338,2025-05-27,5,0.45000000000000034,0.00033,0.08205,0.0,0.00026,0.05404,0.0,0.02801,1,0.00154,0.37289,0.00026,0.05352,0.29084,-0.0005199999999999996,0.29136,0.0009,0.26997,0.00032,0.07844,0.18791999999999998,0.024399999999999998,0.16351999999999997
1613,CVE-2024-48846,2025-04-16,CVE-2024-0150,2025-05-17,1,0.05,0.00033,0.08205,0.0,0.00023,0.04558,0.0,0.036469999999999995,2,0.00154,0.37289,0.00023,0.04506,0.29084,-0.0005199999999999996,0.29136,0.0009,0.26997,0.00023,0.04643,0.18791999999999998,0.0008499999999999966,0.18707
1613,CVE-2024-48846,2025-04-16,CVE-2024-46687,2025-05-26,9,0.7500000000000002,0.00033,0.08205,0.0,0.00043,0.1276,0.0,0.04554999999999999,3,0.00154,0.37289,0.00043,0.12832,0.29084,0.0007199999999999984,0.29012,0.0009,0.26997,0.00043,0.13014,0.18791999999999998,0.0025400000000000145,0.18537999999999996
1615,CVE-2024-48849,2025-01-29,CVE-2024-23346,2025-04-15,3,0.14999999999999963,0.00043,0.11435,1.0,0.00045,0.1784,0.0,0.06405000000000001,1,0.00043,0.11488,0.00045,0.1788,0.0005300000000000027,0.0003999999999999837,0.000130000000000019,0.00043,0.11771,0.00043,0.12165,0.003360000000000002,-0.05675000000000001,0.06011000000000001
1616,CVE-2024-4885,2025-03-04,CVE-2024-21762,2025-04-13,1,0.0,0.85382,0.98826,0.0,0.03347,0.91452,0.0,0.07374000000000003,1,0.83604,0.98738,0.03347,0.91467,-0.0008799999999999919,0.00014999999999998348,-0.0010299999999999754,0.93675,0.99842,0.90724,0.99608,0.010159999999999947,0.08155999999999997,-0.07140000000000002
1617,CVE-2024-48852,2025-01-29,CVE-2024-23346,2025-04-15,3,0.14999999999999963,0.00043,0.11435,1.0,0.00045,0.1784,0.0,0.06405000000000001,1,0.00043,0.11488,0.00045,0.1788,0.0005300000000000027,0.0003999999999999837,0.000130000000000019,0.00043,0.11771,0.00043,0.12165,0.003360000000000002,-0.05675000000000001,0.06011000000000001
1622,CVE-2024-48886,2025-01-14,CVE-2024-47460,2025-05-23,7,0.05,0.00043,0.11266,1.0,0.00043,0.112,0.0,0.0006599999999999939,1,0.00043,0.11351,0.00043,0.11351,0.0008500000000000035,0.0015099999999999975,-0.0006599999999999939,0.00091,0.40777,0.00043,0.11499,0.29511000000000004,0.0029899999999999927,0.29212000000000005
1622,CVE-2024-48886,2025-01-14,CVE-2024-31989,2025-05-09,6,0.05,0.00043,0.11266,1.0,0.00042,0.05089,0.0,0.06177,2,0.00043,0.11351,0.00042,0.05109,0.0008500000000000035,0.00020000000000000573,0.0006499999999999978,0.00091,0.40777,0.00042,0.05064,0.29511000000000004,-0.0002500000000000002,0.29536000000000007
1622,CVE-2024-48886,2025-01-14,CVE-2024-35540,2025-04-10,3,0.05,0.00043,0.11266,1.0,0.0005,0.21243,0.0,0.09977000000000001,3,0.00043,0.11351,0.0005,0.21403,0.0008500000000000035,0.0015999999999999903,-0.0007499999999999868,0.00091,0.40777,0.0005,0.21575,0.29511000000000004,0.0033199999999999896,0.29179000000000005
1626,CVE-2024-48964,2024-10-30,CVE-2024-8376,2025-04-17,6,0.0,0.00043,0.10572,0.0,0.00044,0.11229,0.0,0.006570000000000006,1,0.00077,0.34133,0.00044,0.14182,0.23561000000000004,0.02953,0.20608000000000004,0.00077,0.34605,0.00145,0.51693,0.24033000000000004,0.40464,-0.16430999999999996
1627,CVE-2024-48966,2024-11-14,CVE-2024-51378,2024-12-16,1,0.0,0.00043,0.10163,1.0,0.00044,0.11504,0.0,0.013410000000000005,1,0.00043,0.10302,0.00044,0.11655,0.0013900000000000023,0.0015099999999999975,-0.00011999999999999511,0.00043,0.10937,0.00211,0.59983,0.007739999999999997,0.48478999999999994,-0.47705
1628,CVE-2024-48967,2024-11-14,CVE-2024-51378,2024-12-16,1,0.0,0.00043,0.10163,1.0,0.00044,0.11504,0.0,0.013410000000000005,1,0.00043,0.10302,0.00044,0.11655,0.0013900000000000023,0.0015099999999999975,-0.00011999999999999511,0.00043,0.10937,0.00211,0.59983,0.007739999999999997,0.48478999999999994,-0.47705
1634,CVE-2024-48990,2024-12-14,CVE-2024-43590,2025-04-14,11,0.05,0.00045,0.17871,0.0,0.00048,0.19734,0.0,0.01862999999999998,1,0.00045,0.17368,0.00048,0.19461,-0.005030000000000007,-0.0027299999999999824,-0.0023000000000000242,0.00253,0.64471,0.00048,0.19643,0.46599999999999997,-0.0009099999999999941,0.46690999999999994
1634,CVE-2024-48990,2024-12-14,CVE-2024-53104,2025-02-03,7,0.05,0.00045,0.17871,0.0,0.00044,0.15122,0.0,0.027490000000000014,2,0.00045,0.17368,0.00044,0.14743,-0.005030000000000007,-0.003789999999999988,-0.0012400000000000189,0.00253,0.64471,0.00044,0.14966,0.46599999999999997,-0.0015600000000000058,0.46756
1634,CVE-2024-48990,2024-12-14,CVE-2024-9956,2025-03-21,10,0.05,0.00045,0.17871,0.0,0.00043,0.10937,0.0,0.06934000000000001,3,0.00045,0.17368,0.00043,0.10899,-0.005030000000000007,-0.00037999999999999146,-0.004650000000000015,0.00253,0.64471,0.00046,0.19027,0.46599999999999997,0.0809,0.3851
1670,CVE-2024-49113,2025-01-11,CVE-2024-44910,2025-04-11,11,0.05,0.00046,0.18991,0.0,0.00046,0.18115,0.0,0.00875999999999999,1,0.00052,0.23323,0.00046,0.18277,0.04332,0.0016199999999999826,0.041700000000000015,0.00052,0.2343,0.00046,0.18408,0.04439000000000001,0.002929999999999988,0.041460000000000025
1670,CVE-2024-49113,2025-01-11,CVE-2024-44911,2025-04-11,12,0.05,0.00046,0.18991,0.0,0.00045,0.17995,0.0,0.009959999999999997,2,0.00052,0.23323,0.00045,0.18158,0.04332,0.0016299999999999926,0.041690000000000005,0.00052,0.2343,0.00045,0.18293,0.04439000000000001,0.0029800000000000104,0.04141
1670,CVE-2024-49113,2025-01-11,CVE-2024-35057,2025-04-11,7,0.05,0.00046,0.18991,0.0,0.00043,0.11148,0.0,0.07843,3,0.00052,0.23323,0.00043,0.11361,0.04332,0.002130000000000007,0.04118999999999999,0.00052,0.2343,0.00043,0.11462,0.04439000000000001,0.003140000000000004,0.04125000000000001
1687,CVE-2024-49147,2024-12-12,CVE-2024-23346,2025-04-15,6,0.05,0.00043,0.10843,1.0,0.00045,0.17744,0.0,0.06900999999999999,1,0.00068,0.31826,0.00045,0.17364,0.20983,-0.003799999999999998,0.21363,0.00261,0.65169,0.00045,0.17575,0.54326,-0.001689999999999997,0.5449499999999999
1695,CVE-2024-49375,2025-01-14,CVE-2024-47460,2025-05-23,7,0.05,0.00043,0.11266,1.0,0.00043,0.112,0.0,0.0006599999999999939,1,0.00043,0.11351,0.00043,0.11351,0.0008500000000000035,0.0015099999999999975,-0.0006599999999999939,0.00043,0.11499,0.00043,0.11499,0.0023299999999999987,0.0029899999999999927,-0.0006599999999999939
1695,CVE-2024-49375,2025-01-14,CVE-2024-31989,2025-05-09,6,0.05,0.00043,0.11266,1.0,0.00042,0.05089,0.0,0.06177,2,0.00043,0.11351,0.00042,0.05109,0.0008500000000000035,0.00020000000000000573,0.0006499999999999978,0.00043,0.11499,0.00042,0.05064,0.0023299999999999987,-0.0002500000000000002,0.002579999999999999
1695,CVE-2024-49375,2025-01-14,CVE-2024-35540,2025-04-10,3,0.05,0.00043,0.11266,1.0,0.0005,0.21243,0.0,0.09977000000000001,3,0.00043,0.11351,0.0005,0.21403,0.0008500000000000035,0.0015999999999999903,-0.0007499999999999868,0.00043,0.11499,0.0005,0.21575,0.0023299999999999987,0.0033199999999999896,-0.0009899999999999909
1697,CVE-2024-49559,2025-03-17,CVE-2024-43201,2025-05-04,6,0.05,0.0004,0.09136,1.0,0.00056,0.14866,0.0,0.05729999999999999,1,0.00047,0.11457,0.00056,0.14413,0.02321000000000001,-0.0045299999999999785,0.027739999999999987,0.00047,0.14359,0.00039,0.10838,0.05223,-0.04027999999999998,0.09250999999999998
1698,CVE-2024-4956,2025-03-28,CVE-2024-12987,2025-05-17,11,0.25000000000000017,0.93821,0.99861,0.0,0.38605,0.96945,0.0,0.029159999999999964,1,0.93821,0.9986,0.38605,0.9696,-9.99999999995449e-06,0.00014999999999998348,-0.00015999999999993797,0.93976,0.99872,0.45389,0.97411,0.0001100000000000545,0.0046599999999999975,-0.004549999999999943
1698,CVE-2024-4956,2025-03-28,CVE-2024-39894,2025-05-07,3,0.05,0.93821,0.99861,0.0,0.12033,0.93155,0.0,0.06706000000000001,2,0.93821,0.9986,0.12033,0.93174,-9.99999999995449e-06,0.00019000000000002348,-0.00019999999999997797,0.93976,0.99872,0.01351,0.79022,0.0001100000000000545,-0.14132999999999996,0.14144
1703,CVE-2024-49655,2025-01-21,CVE-2024-23346,2025-04-15,3,0.05,0.00043,0.11371,1.0,0.00045,0.17729,0.0,0.06358,1,0.00043,0.11449,0.00045,0.17852,0.000779999999999989,0.0012300000000000089,-0.00045000000000001983,0.00043,0.11709,0.00043,0.12118,0.003379999999999994,-0.05611000000000001,0.05949
1710,CVE-2024-49767,2024-11-01,CVE-2024-8376,2025-04-17,6,0.0,0.00045,0.16666,0.0,0.00044,0.14083,0.0,0.025829999999999992,1,0.00056,0.24315,0.00044,0.14174,0.07649,0.0009099999999999941,0.07558000000000001,,,,,,,
1724,CVE-2024-50264,2025-04-16,CVE-2024-46687,2025-05-26,4,0.0,0.00048,0.14553,0.0,0.00043,0.1276,0.0,0.01793,1,0.00026,0.05406,0.00043,0.12832,-0.09147,0.0007199999999999984,-0.09219,0.00038,0.1083,0.00043,0.13014,-0.03723,0.0025400000000000145,-0.039770000000000014
1724,CVE-2024-50264,2025-04-16,CVE-2024-39338,2025-05-27,6,0.2999999999999998,0.00048,0.14553,0.0,0.00026,0.05404,0.0,0.09148999999999999,2,0.00026,0.05406,0.00026,0.05352,-0.09147,-0.0005199999999999996,-0.09095,0.00038,0.1083,0.00032,0.07844,-0.03723,0.024399999999999998,-0.06163
1724,CVE-2024-50264,2025-04-16,CVE-2024-0150,2025-05-17,12,0.7500000000000002,0.00048,0.14553,0.0,0.00023,0.04558,0.0,0.09994999999999998,3,0.00026,0.05406,0.00023,0.04506,-0.09147,-0.0005199999999999996,-0.09095,0.00038,0.1083,0.00023,0.04643,-0.03723,0.0008499999999999966,-0.038079999999999996
1725,CVE-2024-50302,2025-02-28,CVE-2024-43853,2025-05-09,5,0.05,0.00042,0.05004,0.0,0.00042,0.05004,0.0,0.0,1,0.00085,0.38794,0.00042,0.05012,0.3379,7.999999999999674e-05,0.33782,0.00232,0.43073,0.0007,0.18339,0.38069,0.13335,0.24733999999999998
1725,CVE-2024-50302,2025-02-28,CVE-2024-36424,2025-04-10,1,0.05,0.00042,0.05004,0.0,0.00043,0.11771,0.0,0.06767,2,0.00085,0.38794,0.00043,0.11868,0.3379,0.0009699999999999986,0.33692999999999995,0.00232,0.43073,0.03701,0.86846,0.38069,0.75075,-0.37006000000000006
1725,CVE-2024-50302,2025-02-28,CVE-2024-50204,2025-05-09,7,0.05,0.00042,0.05004,0.0,0.00043,0.11771,0.0,0.06767,3,0.00085,0.38794,0.00043,0.11868,0.3379,0.0009699999999999986,0.33692999999999995,0.00232,0.43073,0.00026,0.042,0.38069,-0.07571,0.4564
1732,CVE-2024-50603,2025-01-08,CVE-2024-2973,2025-02-18,7,0.05,0.00046,0.1845,0.0,0.00043,0.11128,0.0,0.07322,1,0.00962,0.83218,0.00043,0.11266,0.64768,0.0013799999999999923,0.6463000000000001,0.88879,0.99001,0.00043,0.11478,0.80551,0.0034999999999999892,0.80201
1736,CVE-2024-50672,2025-04-15,CVE-2024-42509,2025-05-23,6,0.05,0.00259,0.49042,0.0,0.00246,0.47847,0.0,0.011950000000000016,1,0.00081,0.24935,0.00246,0.47892,-0.24107000000000003,0.00045000000000000595,-0.24152000000000004,0.00056,0.17726,0.00246,0.47923,-0.31316,0.0007599999999999829,-0.31392
1739,CVE-2024-50704,2025-03-04,CVE-2024-41110,2025-05-09,9,0.14999999999999963,0.00043,0.11829,1.0,0.00045,0.16844,0.0,0.05015,1,0.00043,0.11882,0.00045,0.16865,0.0005299999999999888,0.00020999999999998797,0.00032000000000000084,0.00852,0.7291,0.01389,0.78668,0.61081,0.61824,-0.007430000000000048
1741,CVE-2024-50707,2025-03-04,CVE-2024-41110,2025-05-09,9,0.14999999999999963,0.00043,0.11829,1.0,0.00045,0.16844,0.0,0.05015,1,0.00043,0.11882,0.00045,0.16865,0.0005299999999999888,0.00020999999999998797,0.00032000000000000084,0.00304,0.50748,0.01389,0.78668,0.38919000000000004,0.61824,-0.22904999999999998
1747,CVE-2024-50857,2025-04-14,CVE-2024-0147,2025-05-17,12,0.7500000000000002,0.00034,0.0655,0.0,0.00023,0.0359,0.0,0.0296,1,0.00199,0.4253,0.00023,0.04549,0.3598,0.009590000000000001,0.35021,0.00199,0.42526,0.00023,0.04599,0.35976,0.010090000000000002,0.34967000000000004
1747,CVE-2024-50857,2025-04-14,CVE-2024-0131,2025-05-17,4,0.44999999999999946,0.00034,0.0655,0.0,0.00022,0.0348,0.0,0.030700000000000005,2,0.00199,0.4253,0.00022,0.04384,0.3598,0.00904,0.35076,0.00199,0.42526,0.00022,0.04444,0.35976,0.009640000000000003,0.35012000000000004
1747,CVE-2024-50857,2025-04-14,CVE-2024-43799,2025-05-17,3,0.25000000000000017,0.00034,0.0655,0.0,0.00017,0.02,0.0,0.0455,3,0.00199,0.4253,0.00025,0.05173,0.3598,0.031729999999999994,0.32807000000000003,0.00199,0.42526,0.00025,0.05324,0.35976,0.033240000000000006,0.32652000000000003
1749,CVE-2024-50859,2025-04-14,CVE-2024-7347,2025-05-17,1,0.14999999999999963,0.00045,0.10806,0.0,0.00053,0.13529,0.0,0.02722999999999999,1,0.00264,0.49638,0.00054,0.16951,0.38832,0.03422,0.35409999999999997,0.00264,0.49699,0.001,0.28935,0.38893,0.15406,0.23487
1749,CVE-2024-50859,2025-04-14,CVE-2024-0147,2025-05-17,12,0.7500000000000002,0.00045,0.10806,0.0,0.00023,0.0359,0.0,0.07216,2,0.00264,0.49638,0.00023,0.04549,0.38832,0.009590000000000001,0.37873,0.00264,0.49699,0.00023,0.04599,0.38893,0.010090000000000002,0.37884
1749,CVE-2024-50859,2025-04-14,CVE-2024-0131,2025-05-17,4,0.44999999999999946,0.00045,0.10806,0.0,0.00022,0.0348,0.0,0.07326,3,0.00264,0.49638,0.00022,0.04384,0.38832,0.00904,0.37928,0.00264,0.49699,0.00022,0.04444,0.38893,0.009640000000000003,0.37929
1750,CVE-2024-50861,2025-04-14,CVE-2024-6531,2025-05-17,4,0.3500000000000007,0.00048,0.11871,0.0,0.00037,0.08034,0.0,0.03837,1,0.00279,0.50834,0.00034,0.08693,0.38963000000000003,0.006589999999999999,0.38304000000000005,0.00279,0.509,0.00044,0.13061,0.39029,0.05027000000000001,0.34002
1750,CVE-2024-50861,2025-04-14,CVE-2024-26462,2025-05-17,11,0.6499999999999997,0.00048,0.11871,0.0,0.00063,0.16866,0.0,0.04995000000000001,2,0.00279,0.50834,0.00031,0.07326,0.38963000000000003,-0.0954,0.48503,0.00279,0.509,0.00026,0.05708,0.39029,-0.11158000000000001,0.50187
1750,CVE-2024-50861,2025-04-14,CVE-2024-0147,2025-05-17,10,0.6499999999999997,0.00048,0.11871,0.0,0.00023,0.0359,0.0,0.08281,3,0.00279,0.50834,0.00023,0.04549,0.38963000000000003,0.009590000000000001,0.38004000000000004,0.00279,0.509,0.00023,0.04599,0.39029,0.010090000000000002,0.38020000000000004
1760,CVE-2024-51144,2025-03-06,CVE-2024-48827,2025-04-06,4,0.05,0.00043,0.11847,0.0,0.00045,0.18333,0.0,0.06485999999999999,1,0.00043,0.11935,0.00045,0.18376,0.0008799999999999919,0.0004300000000000137,0.0004499999999999782,0.00188,0.37769,0.00531,0.6475,0.25922,0.46416999999999997,-0.20494999999999997
1762,CVE-2024-51378,2024-12-16,CVE-2024-20419,2025-04-10,11,0.05,0.00211,0.59968,0.0,0.00147,0.52208,0.0,0.0776,1,0.23107,0.96563,0.00174,0.5475,0.36595,0.025419999999999998,0.34053,0.23107,0.96594,0.00174,0.55035,0.36626000000000003,0.028270000000000017,0.33799
1766,CVE-2024-51463,2025-04-15,CVE-2024-26462,2025-05-17,5,0.14999999999999963,0.00029,0.06603,0.0,0.00031,0.07255,0.0,0.006519999999999998,1,0.00562,0.67027,0.00031,0.07303,0.60424,0.0004799999999999943,0.60376,0.00562,0.67122,0.00027,0.05956,0.60519,-0.012990000000000002,0.61818
1766,CVE-2024-51463,2025-04-15,CVE-2024-11831,2025-05-17,1,0.05,0.00029,0.06603,0.0,0.00023,0.04662,0.0,0.019410000000000004,2,0.00562,0.67027,0.00027,0.05818,0.60424,0.01156,0.59268,0.00562,0.67122,0.00033,0.08163,0.60519,0.03500999999999999,0.57018
1766,CVE-2024-51463,2025-04-15,CVE-2024-0147,2025-05-17,4,0.14999999999999963,0.00029,0.06603,0.0,0.00023,0.04526,0.0,0.020770000000000004,3,0.00562,0.67027,0.00023,0.04505,0.60424,-0.00021000000000000185,0.60445,0.00562,0.67122,0.00023,0.04594,0.60519,0.00068,0.60451
1767,CVE-2024-51464,2025-04-15,CVE-2024-13176,2025-05-17,4,0.25000000000000017,0.00029,0.0648,0.0,0.00033,0.07805,0.0,0.013249999999999998,1,0.00651,0.69595,0.00033,0.07868,0.63115,0.0006300000000000056,0.63052,0.00651,0.69681,0.00024,0.05034,0.6320100000000001,-0.02770999999999999,0.6597200000000001
1767,CVE-2024-51464,2025-04-15,CVE-2024-11831,2025-05-17,11,1.1500000000000006,0.00029,0.0648,0.0,0.00023,0.04662,0.0,0.018179999999999995,2,0.00651,0.69595,0.00027,0.05818,0.63115,0.01156,0.61959,0.00651,0.69681,0.00033,0.08163,0.6320100000000001,0.03500999999999999,0.5970000000000001
1767,CVE-2024-51464,2025-04-15,CVE-2024-0131,2025-05-17,3,0.15000000000000052,0.00029,0.0648,0.0,0.00022,0.04355,0.0,0.021249999999999998,3,0.00651,0.69595,0.00022,0.04342,0.63115,-0.00012999999999999817,0.63128,0.00651,0.69681,0.00022,0.0444,0.6320100000000001,0.0008500000000000035,0.63116
1769,CVE-2024-51466,2024-12-20,CVE-2024-41947,2025-04-15,7,0.05,0.00129,0.48256,1.0,0.0017,0.54253,0.0,0.05996999999999997,1,0.00129,0.48255,0.0017,0.54268,-1.0000000000010001e-05,0.0001500000000000945,-0.0001600000000001045,0.00129,0.48575,0.0017,0.54613,0.003190000000000026,0.0036000000000000476,-0.00041000000000002146
1769,CVE-2024-51466,2024-12-20,CVE-2024-0132,2025-03-26,5,0.05,0.00129,0.48256,1.0,0.00091,0.40175,0.0,0.08080999999999999,2,0.00129,0.48255,0.00091,0.40164,-1.0000000000010001e-05,-0.00010999999999999899,9.999999999998899e-05,0.00129,0.48575,0.00091,0.40535,0.003190000000000026,0.003599999999999992,-0.00040999999999996595
1771,CVE-2024-51505,2025-02-18,CVE-2024-0399,2025-04-16,6,0.14999999999999963,0.00043,0.11699,1.0,0.00043,0.11678,0.0,0.00021000000000000185,1,0.00043,0.11716,0.00043,0.11716,0.00017000000000000348,0.00038000000000000533,-0.00021000000000000185,0.00052,0.13181,0.02992,0.8543,0.014820000000000014,0.73752,-0.7226999999999999
1771,CVE-2024-51505,2025-02-18,CVE-2024-36623,2025-05-09,10,0.14999999999999963,0.00043,0.11699,1.0,0.00045,0.17981,0.0,0.06282,2,0.00043,0.11716,0.00045,0.17956,0.00017000000000000348,-0.0002500000000000002,0.0004200000000000037,0.00052,0.13181,0.0007,0.18614,0.014820000000000014,0.006330000000000002,0.008490000000000011
1778,CVE-2024-51546,2025-04-15,CVE-2024-43641,2025-05-16,8,0.3499999999999998,0.00144,0.35773,0.0,0.00117,0.31827,0.0,0.039459999999999995,1,0.02175,0.83404,0.00146,0.36236,0.47631,0.04409000000000002,0.43222,0.01709,0.81341,0.00146,0.36202,0.45568,0.04375000000000001,0.41192999999999996
1780,CVE-2024-51548,2024-12-05,CVE-2024-41110,2025-05-09,9,0.05,0.00043,0.10597,3.0,0.00045,0.15804,0.0,0.05207000000000002,1,0.00043,0.10812,0.00045,0.16046,0.002149999999999999,0.0024199999999999777,-0.0002699999999999786,0.00043,0.11007,0.00045,0.15874,0.004100000000000006,0.0006999999999999784,0.003400000000000028
1788,CVE-2024-51615,2024-12-06,CVE-2024-23346,2025-04-15,9,0.05,0.00043,0.10595,1.0,0.00045,0.17384,0.0,0.06788999999999999,1,0.00043,0.10843,0.00045,0.17777,0.002479999999999996,0.003930000000000017,-0.0014500000000000207,0.00043,0.11005,0.00045,0.17514,0.0040999999999999925,0.0012999999999999956,0.002799999999999997
1794,CVE-2024-51774,2024-11-04,CVE-2024-10914,2025-04-21,1,0.0,0.00045,0.16708,0.0,0.00046,0.1815,3.0,0.014419999999999988,1,0.00063,0.28662,0.00092,0.40606,0.11953999999999998,0.22455999999999998,-0.10502,0.00063,0.29035,0.16929,0.96243,0.12326999999999999,0.78093,-0.65766
1795,CVE-2024-51788,2024-11-11,CVE-2024-51378,2024-12-16,5,0.0,0.00043,0.10065,1.0,0.00044,0.11393,0.0,0.01328,1,0.00043,0.10184,0.00044,0.11541,0.0011899999999999966,0.0014799999999999952,-0.0002899999999999986,0.00043,0.10788,0.00044,0.12138,0.00723,0.007449999999999998,-0.00021999999999999797
1796,CVE-2024-51789,2024-11-11,CVE-2024-51378,2024-12-16,5,0.0,0.00043,0.10065,1.0,0.00044,0.11393,0.0,0.01328,1,0.00043,0.10184,0.00044,0.11541,0.0011899999999999966,0.0014799999999999952,-0.0002899999999999986,0.00043,0.10788,0.00044,0.12138,0.00723,0.007449999999999998,-0.00021999999999999797
1797,CVE-2024-51790,2024-11-11,CVE-2024-51378,2024-12-16,5,0.0,0.00043,0.10065,1.0,0.00044,0.11393,0.0,0.01328,1,0.00043,0.10184,0.00044,0.11541,0.0011899999999999966,0.0014799999999999952,-0.0002899999999999986,0.00043,0.10788,0.00044,0.12138,0.00723,0.007449999999999998,-0.00021999999999999797
1798,CVE-2024-51791,2024-11-11,CVE-2024-51378,2024-12-16,5,0.0,0.00043,0.10065,1.0,0.00044,0.11393,0.0,0.01328,1,0.00043,0.10184,0.00044,0.11541,0.0011899999999999966,0.0014799999999999952,-0.0002899999999999986,0.00043,0.10788,0.00044,0.12138,0.00723,0.007449999999999998,-0.00021999999999999797
1799,CVE-2024-51792,2024-11-11,CVE-2024-51378,2024-12-16,5,0.0,0.00043,0.10065,1.0,0.00044,0.11393,0.0,0.01328,1,0.00043,0.10184,0.00044,0.11541,0.0011899999999999966,0.0014799999999999952,-0.0002899999999999986,0.00043,0.10788,0.00044,0.12138,0.00723,0.007449999999999998,-0.00021999999999999797
1800,CVE-2024-51793,2024-11-11,CVE-2024-51378,2024-12-16,5,0.0,0.00043,0.10065,1.0,0.00044,0.11393,0.0,0.01328,1,0.00091,0.4027,0.00044,0.11541,0.30205,0.0014799999999999952,0.30057,0.00091,0.40662,0.00044,0.12138,0.30596999999999996,0.007449999999999998,0.29851999999999995
1803,CVE-2024-51818,2025-01-21,CVE-2024-23346,2025-04-15,3,0.05,0.00043,0.11371,1.0,0.00045,0.17729,0.0,0.06358,1,0.00043,0.11449,0.00045,0.17852,0.000779999999999989,0.0012300000000000089,-0.00045000000000001983,0.00043,0.11709,0.00043,0.12118,0.003379999999999994,-0.05611000000000001,0.05949
1810,CVE-2024-51919,2025-01-21,CVE-2024-47460,2025-05-23,7,0.05,0.00043,0.11371,1.0,0.00043,0.11351,0.0,0.00020000000000000573,1,0.00043,0.11449,0.00043,0.11449,0.000779999999999989,0.0009799999999999948,-0.00020000000000000573,0.00043,0.11709,0.00043,0.11709,0.003379999999999994,0.00358,-0.00020000000000000573
1810,CVE-2024-51919,2025-01-21,CVE-2024-31989,2025-05-09,6,0.05,0.00043,0.11371,1.0,0.00042,0.05109,0.0,0.06262000000000001,2,0.00043,0.11449,0.00042,0.05095,0.000779999999999989,-0.00014000000000000123,0.0009199999999999903,0.00043,0.11709,0.00042,0.05049,0.003379999999999994,-0.0006000000000000033,0.003979999999999997
1812,CVE-2024-51954,2025-03-04,CVE-2024-39690,2025-05-09,11,0.14999999999999963,0.00049,0.2114,0.0,0.0005,0.22092,0.0,0.00952,1,0.00049,0.2118,0.0005,0.2213,0.0003999999999999837,0.00037999999999999146,1.9999999999992246e-05,0.00034,0.06649,0.00126,0.28808,-0.14491,0.06716,-0.21207
1812,CVE-2024-51954,2025-03-04,CVE-2024-46278,2025-04-16,8,0.14999999999999963,0.00049,0.2114,0.0,0.00043,0.11827,0.0,0.09313,2,0.00049,0.2118,0.00043,0.11882,0.0003999999999999837,0.0005499999999999949,-0.00015000000000001124,0.00034,0.06649,0.03602,0.86703,-0.14491,0.74876,-0.89367
1814,CVE-2024-5198,2025-01-15,CVE-2024-9026,2025-04-10,1,0.05,0.00043,0.11287,1.0,0.00043,0.11266,0.0,0.00021000000000000185,1,0.00043,0.11371,0.00043,0.11371,0.0008400000000000074,0.0010500000000000093,-0.00021000000000000185,0.00043,0.11641,0.00043,0.11641,0.0035400000000000015,0.0037500000000000033,-0.00021000000000000185
1814,CVE-2024-5198,2025-01-15,CVE-2024-48921,2025-05-09,10,0.6499999999999997,0.00043,0.11287,1.0,0.00045,0.15909,0.0,0.04622000000000001,2,0.00043,0.11371,0.00045,0.1605,0.0008400000000000074,0.0014099999999999946,-0.0005699999999999872,0.00043,0.11641,0.00045,0.16406,0.0035400000000000015,0.004970000000000002,-0.0014300000000000007
1814,CVE-2024-5198,2025-01-15,CVE-2024-6501,2025-05-17,5,0.24999999999999972,0.00043,0.11287,1.0,0.00045,0.17612,0.0,0.06325,3,0.00043,0.11371,0.00045,0.1772,0.0008400000000000074,0.0010799999999999976,-0.00023999999999999022,0.00043,0.11641,0.00045,0.17954,0.0035400000000000015,0.0034200000000000064,0.00011999999999999511
1815,CVE-2024-52281,2025-04-16,CVE-2024-7297,2025-05-19,1,0.14999999999999963,0.0004,0.11359,0.0,0.00061,0.19179,0.0,0.07819999999999999,1,0.00041,0.1173,0.00061,0.19279,0.003710000000000005,0.0010000000000000009,0.002710000000000004,0.00041,0.11915,0.00073,0.2312,0.005560000000000009,0.03941,-0.03384999999999999
1819,CVE-2024-52308,2024-11-14,CVE-2024-42845,2024-12-15,1,0.0,0.00043,0.10163,1.0,0.00045,0.16925,0.0,0.06762000000000001,1,0.0009,0.39756,0.00045,0.17113,0.29593,0.0018799999999999928,0.29405000000000003,0.0009,0.40192,0.00045,0.17871,0.30029,0.009459999999999996,0.29083000000000003
1830,CVE-2024-52372,2024-11-14,CVE-2024-51378,2024-12-16,1,0.0,0.00043,0.10163,1.0,0.00044,0.11504,0.0,0.013410000000000005,1,0.00043,0.10302,0.00044,0.11655,0.0013900000000000023,0.0015099999999999975,-0.00011999999999999511,0.00043,0.10937,0.00211,0.59983,0.007739999999999997,0.48478999999999994,-0.47705
1831,CVE-2024-52373,2024-11-14,CVE-2024-51378,2024-12-16,1,0.0,0.00043,0.10163,1.0,0.00044,0.11504,0.0,0.013410000000000005,1,0.00043,0.10302,0.00044,0.11655,0.0013900000000000023,0.0015099999999999975,-0.00011999999999999511,0.00043,0.10937,0.00211,0.59983,0.007739999999999997,0.48478999999999994,-0.47705
1832,CVE-2024-52374,2024-11-14,CVE-2024-51378,2024-12-16,1,0.0,0.00043,0.10163,1.0,0.00044,0.11504,0.0,0.013410000000000005,1,0.00043,0.10302,0.00044,0.11655,0.0013900000000000023,0.0015099999999999975,-0.00011999999999999511,0.00043,0.10937,0.00211,0.59983,0.007739999999999997,0.48478999999999994,-0.47705
1833,CVE-2024-52375,2024-11-14,CVE-2024-51378,2024-12-16,1,0.0,0.00043,0.10163,1.0,0.00044,0.11504,0.0,0.013410000000000005,1,0.00043,0.10302,0.00044,0.11655,0.0013900000000000023,0.0015099999999999975,-0.00011999999999999511,0.00043,0.10937,0.00211,0.59983,0.007739999999999997,0.48478999999999994,-0.47705
1834,CVE-2024-52376,2024-11-14,CVE-2024-51378,2024-12-16,1,0.0,0.00043,0.10163,1.0,0.00044,0.11504,0.0,0.013410000000000005,1,0.00043,0.10302,0.00044,0.11655,0.0013900000000000023,0.0015099999999999975,-0.00011999999999999511,0.00043,0.10937,0.00211,0.59983,0.007739999999999997,0.48478999999999994,-0.47705
1835,CVE-2024-52377,2024-11-14,CVE-2024-51378,2024-12-16,1,0.0,0.00043,0.10163,1.0,0.00044,0.11504,0.0,0.013410000000000005,1,0.00043,0.10302,0.00044,0.11655,0.0013900000000000023,0.0015099999999999975,-0.00011999999999999511,0.00043,0.10937,0.00211,0.59983,0.007739999999999997,0.48478999999999994,-0.47705
1836,CVE-2024-52379,2024-11-14,CVE-2024-51378,2024-12-16,1,0.0,0.00043,0.10163,1.0,0.00044,0.11504,0.0,0.013410000000000005,1,0.00043,0.10302,0.00044,0.11655,0.0013900000000000023,0.0015099999999999975,-0.00011999999999999511,0.00043,0.10937,0.00211,0.59983,0.007739999999999997,0.48478999999999994,-0.47705
1837,CVE-2024-52380,2024-11-14,CVE-2024-51378,2024-12-16,1,0.0,0.00043,0.10163,1.0,0.00044,0.11504,0.0,0.013410000000000005,1,0.00043,0.10302,0.00044,0.11655,0.0013900000000000023,0.0015099999999999975,-0.00011999999999999511,0.00043,0.10937,0.00211,0.59983,0.007739999999999997,0.48478999999999994,-0.47705
1886,CVE-2024-52541,2025-02-19,CVE-2024-22257,2025-05-30,3,0.05,0.00043,0.11709,1.0,0.00043,0.11699,0.0,0.00010000000000000286,1,0.00043,0.11704,0.00043,0.11704,-4.999999999999449e-05,5.000000000000837e-05,-0.00010000000000000286,0.00017,0.02244,0.00237,0.44132,-0.09465,0.32433,-0.41898
1886,CVE-2024-52541,2025-02-19,CVE-2024-0399,2025-04-16,9,0.14999999999999963,0.00043,0.11709,1.0,0.00043,0.11699,0.0,0.00010000000000000286,2,0.00043,0.11704,0.00043,0.11704,-4.999999999999449e-05,5.000000000000837e-05,-0.00010000000000000286,0.00017,0.02244,0.02992,0.85428,-0.09465,0.73729,-0.83194
1886,CVE-2024-52541,2025-02-19,CVE-2024-36623,2025-05-09,12,0.14999999999999963,0.00043,0.11709,1.0,0.00045,0.17984,0.0,0.06275,3,0.00043,0.11704,0.00045,0.17937,-4.999999999999449e-05,-0.0004699999999999982,0.0004200000000000037,0.00017,0.02244,0.0007,0.1862,-0.09465,0.0063600000000000045,-0.10101
1888,CVE-2024-52551,2024-11-14,CVE-2024-42845,2024-12-15,1,0.0,0.00043,0.10146,0.0,0.00045,0.16925,0.0,0.06779000000000002,1,0.00043,0.10302,0.00045,0.17113,0.0015600000000000058,0.0018799999999999928,-0.00031999999999998696,0.00043,0.10937,0.00045,0.17871,0.00791,0.009459999999999996,-0.0015499999999999958
1889,CVE-2024-52552,2024-11-14,CVE-2024-42845,2024-12-15,1,0.0,0.00043,0.10146,0.0,0.00045,0.16925,0.0,0.06779000000000002,1,0.00043,0.10302,0.00045,0.17113,0.0015600000000000058,0.0018799999999999928,-0.00031999999999998696,0.00043,0.10937,0.00045,0.17871,0.00791,0.009459999999999996,-0.0015499999999999958
1907,CVE-2024-52869,2025-01-08,CVE-2024-38796,2025-04-23,9,0.14999999999999963,0.00043,0.11086,1.0,0.00043,0.11128,0.0,0.0004200000000000037,1,0.00043,0.11266,0.00043,0.11266,0.001799999999999996,0.0013799999999999923,0.0004200000000000037,0.00043,0.11478,0.00043,0.11478,0.003919999999999993,0.0034999999999999892,0.0004200000000000037
1907,CVE-2024-52869,2025-01-08,CVE-2024-29018,2025-05-09,11,0.14999999999999963,0.00043,0.11086,1.0,0.00043,0.11128,0.0,0.0004200000000000037,2,0.00043,0.11266,0.00043,0.11266,0.001799999999999996,0.0013799999999999923,0.0004200000000000037,0.00043,0.11478,0.00043,0.11478,0.003919999999999993,0.0034999999999999892,0.0004200000000000037
1907,CVE-2024-52869,2025-01-08,CVE-2024-42831,2025-04-02,5,0.14999999999999963,0.00043,0.11086,1.0,0.00045,0.17541,0.0,0.06455000000000001,3,0.00043,0.11266,0.00045,0.17612,0.001799999999999996,0.0007099999999999884,0.0010900000000000076,0.00043,0.11478,0.00045,0.17818,0.003919999999999993,0.0027699999999999947,0.0011499999999999982
1913,CVE-2024-52902,2025-02-19,CVE-2024-39304,2025-04-09,12,0.05,0.0005,0.21763,1.0,0.0005,0.21771,0.0,7.999999999999674e-05,1,0.0005,0.21734,0.0005,0.21734,-0.0002899999999999847,-0.00036999999999998145,7.999999999999674e-05,0.00051,0.12698,0.20878,0.95165,-0.09064999999999998,0.73394,-0.82459
1913,CVE-2024-52902,2025-02-19,CVE-2024-48827,2025-04-06,10,0.05,0.0005,0.21763,1.0,0.00045,0.17984,0.0,0.03778999999999999,2,0.0005,0.21734,0.00045,0.17937,-0.0002899999999999847,-0.0004699999999999982,0.00018000000000001348,0.00051,0.12698,0.00531,0.64777,-0.09064999999999998,0.46792999999999996,-0.55858
1913,CVE-2024-52902,2025-02-19,CVE-2024-9054,2025-04-04,9,0.05,0.0005,0.21763,1.0,0.00064,0.30594,0.0,0.08831,3,0.0005,0.21734,0.00064,0.30535,-0.0002899999999999847,-0.0005899999999999794,0.0002999999999999947,0.00051,0.12698,0.00952,0.74394,-0.09064999999999998,0.43800000000000006,-0.5286500000000001
1915,CVE-2024-52961,2025-03-11,CVE-2024-7297,2025-05-19,10,0.05,0.00043,0.1222,1.0,0.00043,0.11882,0.0,0.003380000000000008,1,0.00062,0.1675,0.00171,0.35974,0.04530000000000001,0.24092000000000002,-0.19562000000000002,0.00062,0.1664,0.00198,0.39121,0.04419999999999999,0.27239,-0.22819000000000003
1916,CVE-2024-52975,2025-01-23,CVE-2024-47460,2025-05-23,7,0.05,0.00043,0.11404,1.0,0.00043,0.11403,0.0,9.999999999996123e-06,1,0.00043,0.11435,0.00043,0.11435,0.00030999999999999084,0.00031999999999998696,-9.999999999996123e-06,0.00043,0.11726,0.00043,0.11726,0.0032200000000000006,0.0032299999999999968,-9.999999999996123e-06
1916,CVE-2024-52975,2025-01-23,CVE-2024-31989,2025-05-09,6,0.05,0.00043,0.11404,1.0,0.00042,0.05104,0.0,0.063,2,0.00043,0.11435,0.00042,0.05092,0.00030999999999999084,-0.00012000000000000205,0.0004299999999999929,0.00043,0.11726,0.00042,0.05048,0.0032200000000000006,-0.0005600000000000049,0.0037800000000000056
1918,CVE-2024-53104,2025-02-03,CVE-2024-11477,2025-05-08,12,0.05,0.00044,0.15232,0.0,0.00045,0.16325,0.0,0.010929999999999995,1,0.00135,0.49803,0.00045,0.16365,0.34570999999999996,0.0003999999999999837,0.34531,0.00135,0.5019,0.00045,0.16843,0.34958,0.00517999999999999,0.34440000000000004
1918,CVE-2024-53104,2025-02-03,CVE-2024-38193,2025-04-17,5,0.05,0.00044,0.15232,0.0,0.00043,0.1154,0.0,0.03692000000000001,2,0.00135,0.49803,0.00043,0.11565,0.34570999999999996,0.0002500000000000002,0.34546,0.00135,0.5019,0.00043,0.11933,0.34958,0.003930000000000003,0.34565
1918,CVE-2024-53104,2025-02-03,CVE-2024-43085,2025-04-28,10,0.05,0.00044,0.15232,0.0,0.00043,0.11437,0.0,0.03795000000000001,3,0.00135,0.49803,0.00043,0.11462,0.34570999999999996,0.0002500000000000002,0.34546,0.00135,0.5019,0.00043,0.11829,0.34958,0.003920000000000007,0.34565999999999997
1919,CVE-2024-53141,2025-04-19,CVE-2024-46687,2025-05-26,1,0.0,0.00038,0.10791,0.0,0.00043,0.12934,0.0,0.021430000000000005,1,0.00038,0.10727,0.00043,0.1287,-0.0006400000000000017,-0.0006400000000000017,0.0,0.00021,0.0393,0.00044,0.13254,-0.06861,0.0031999999999999806,-0.07180999999999998
1919,CVE-2024-53141,2025-04-19,CVE-2024-39338,2025-05-27,3,0.2999999999999998,0.00038,0.10791,0.0,0.00026,0.05443,0.0,0.05348000000000001,2,0.00038,0.10727,0.00029,0.06656,-0.0006400000000000017,0.012129999999999995,-0.012769999999999997,0.00021,0.0393,0.0003,0.06921,-0.06861,0.014779999999999995,-0.08338999999999999
1920,CVE-2024-53150,2025-04-07,CVE-2024-0150,2025-05-17,1,0.05,0.00014,0.01292,0.0,0.00023,0.03551,0.0,0.02259,1,0.00445,0.60702,0.00023,0.0359,0.5941,0.00039000000000000146,0.59371,0.00381,0.58492,0.00023,0.045,0.572,0.009489999999999998,0.56251
1920,CVE-2024-53150,2025-04-07,CVE-2024-39338,2025-05-27,9,0.45000000000000034,0.00014,0.01292,0.0,0.00024,0.0372,0.0,0.024279999999999996,2,0.00445,0.60702,0.00026,0.04183,0.5941,0.004630000000000002,0.5894699999999999,0.00381,0.58492,0.0003,0.06824,0.572,0.031039999999999998,0.54096
1921,CVE-2024-53197,2025-02-28,CVE-2024-11477,2025-05-08,11,0.05,0.00044,0.15631,0.0,0.00045,0.16767,0.0,0.011360000000000009,1,0.00044,0.1573,0.00045,0.16872,0.0009899999999999909,0.0010499999999999954,-6.0000000000004494e-05,0.00243,0.44711,0.27562,0.96004,0.2908,0.79237,-0.5015700000000001
1921,CVE-2024-53197,2025-02-28,CVE-2024-21111,2025-05-09,12,0.05,0.00044,0.15631,0.0,0.00043,0.12274,0.0,0.03357,2,0.00044,0.1573,0.00043,0.12364,0.0009899999999999909,0.000899999999999998,8.999999999999286e-05,0.00243,0.44711,0.0466,0.883,0.2908,0.76026,-0.46946000000000004
1921,CVE-2024-53197,2025-02-28,CVE-2024-38193,2025-04-17,4,0.05,0.00044,0.15631,0.0,0.00043,0.11879,0.0,0.03752,3,0.00044,0.1573,0.00043,0.11971,0.0009899999999999909,0.0009199999999999903,7.000000000000062e-05,0.00243,0.44711,0.56629,0.97926,0.2908,0.8604700000000001,-0.5696700000000001
1931,CVE-2024-53427,2025-03-04,CVE-2024-36623,2025-05-09,7,0.05,0.00045,0.18319,0.0,0.00045,0.18319,0.0,0.0,1,0.00045,0.18339,0.00045,0.18339,0.00020000000000000573,0.00020000000000000573,0.0,8e-05,0.00333,0.00097,0.24427,-0.17986,0.061079999999999995,-0.24094
1931,CVE-2024-53427,2025-03-04,CVE-2024-0399,2025-04-16,4,0.05,0.00045,0.18319,0.0,0.00043,0.11827,0.0,0.06491999999999999,2,0.00045,0.18339,0.00043,0.11882,0.00020000000000000573,0.0005499999999999949,-0.0003499999999999892,8e-05,0.00333,0.04798,0.88501,-0.17986,0.76674,-0.9466
1931,CVE-2024-53427,2025-03-04,CVE-2024-22257,2025-05-30,12,0.14999999999999963,0.00045,0.18319,0.0,0.00043,0.11827,0.0,0.06491999999999999,3,0.00045,0.18339,0.00043,0.11882,0.00020000000000000573,0.0005499999999999949,-0.0003499999999999892,8e-05,0.00333,0.00237,0.44062,-0.17986,0.32235,-0.50221
1937,CVE-2024-53537,2025-04-14,CVE-2024-26020,2025-05-18,7,0.55,0.00477,0.62256,0.0,0.0054,0.65083,0.0,0.028270000000000017,1,0.04136,0.87995,0.00493,0.64352,0.25739,-0.007310000000000039,0.26470000000000005,0.04136,0.88022,0.00534,0.66187,0.25766,0.011039999999999939,0.24662000000000006
1937,CVE-2024-53537,2025-04-14,CVE-2024-42835,2025-05-19,10,0.7500000000000011,0.00477,0.62256,0.0,0.00573,0.66228,0.0,0.03971999999999998,2,0.04136,0.87995,0.00475,0.63492,0.25739,-0.02735999999999994,0.28474999999999995,0.04136,0.88022,0.00475,0.63604,0.25766,-0.02623999999999993,0.28389999999999993
1937,CVE-2024-53537,2025-04-14,CVE-2024-48061,2025-05-19,11,0.7500000000000011,0.00477,0.62256,0.0,0.00732,0.705,0.0,0.08243999999999996,3,0.04136,0.87995,0.00432,0.61482,0.25739,-0.09017999999999993,0.34756999999999993,0.04136,0.88022,0.00432,0.6158,0.25766,-0.08919999999999995,0.34685999999999995
1939,CVE-2024-53564,2024-12-03,CVE-2024-9026,2025-04-10,11,1.1499999999999997,0.00043,0.10484,0.0,0.00043,0.10484,0.0,0.0,1,0.00043,0.10702,0.00043,0.10702,0.0021800000000000014,0.0021800000000000014,0.0,0.00043,0.10982,0.00043,0.10982,0.004979999999999998,0.004979999999999998,0.0
1939,CVE-2024-53564,2024-12-03,CVE-2024-48921,2025-05-09,5,0.55,0.00043,0.10484,0.0,0.00045,0.15605,0.0,0.05120999999999999,2,0.00043,0.10702,0.00045,0.15791,0.0021800000000000014,0.0018600000000000005,0.00032000000000000084,0.00043,0.10982,0.00045,0.15681,0.004979999999999998,0.0007600000000000107,0.004219999999999988
1939,CVE-2024-53564,2024-12-03,CVE-2024-6501,2025-05-17,8,0.95,0.00043,0.10484,0.0,0.00045,0.17329,0.0,0.06845,3,0.00043,0.10702,0.00045,0.17556,0.0021800000000000014,0.0022699999999999942,-8.999999999999286e-05,0.00043,0.10982,0.00045,0.17438,0.004979999999999998,0.0010900000000000076,0.0038899999999999907
1940,CVE-2024-53582,2025-04-14,CVE-2024-21325,2025-05-19,12,0.3499999999999998,0.01132,0.76503,0.0,0.01208,0.77222,0.0,0.00719000000000003,1,0.11749,0.93269,0.00814,0.73003,0.16766000000000003,-0.04219000000000006,0.2098500000000001,0.11749,0.93295,0.00814,0.73064,0.16791999999999996,-0.04158000000000006,0.20950000000000002
1940,CVE-2024-53582,2025-04-14,CVE-2024-26173,2025-05-16,5,0.3499999999999998,0.01132,0.76503,0.0,0.00932,0.7415,0.0,0.02352999999999994,2,0.11749,0.93269,0.00346,0.56191,0.16766000000000003,-0.17959000000000003,0.34725000000000006,0.11749,0.93295,0.00368,0.57785,0.16791999999999996,-0.16365000000000007,0.33157000000000003
1940,CVE-2024-53582,2025-04-14,CVE-2024-43452,2025-05-16,1,0.05,0.01132,0.76503,0.0,0.00727,0.70382,0.0,0.06120999999999999,3,0.11749,0.93269,0.01069,0.76496,0.16766000000000003,0.06113999999999997,0.10652000000000006,0.11749,0.93295,0.01209,0.77898,0.16791999999999996,0.07516,0.09275999999999995
1942,CVE-2024-53586,2025-04-11,CVE-2024-29073,2025-05-18,2,0.05,0.00234,0.43486,0.0,0.00176,0.36106,0.0,0.07380000000000003,1,0.09626,0.92416,0.00133,0.34388,0.48929999999999996,-0.017179999999999973,0.5064799999999999,0.09626,0.92438,0.00144,0.35846,0.48951999999999996,-0.002599999999999991,0.49211999999999995
1942,CVE-2024-53586,2025-04-11,CVE-2024-6383,2025-05-17,1,0.05,0.00234,0.43486,0.0,0.00163,0.34016,0.0,0.0947,2,0.09626,0.92416,0.00118,0.32037,0.48929999999999996,-0.01979000000000003,0.50909,0.09626,0.92438,0.00172,0.39468,0.48951999999999996,0.05451999999999996,0.435
1943,CVE-2024-53591,2025-04-21,CVE-2024-46687,2025-05-26,12,2.3000000000000007,0.00055,0.17382,0.0,0.00043,0.12861,0.0,0.04521,1,0.00066,0.20992,0.00043,0.12854,0.03609999999999999,-7.00000000000145e-05,0.03617000000000001,0.00076,0.23741,0.00044,0.13299,0.06359000000000001,0.004379999999999995,0.05921000000000001
1946,CVE-2024-53705,2025-01-07,CVE-2024-35057,2025-04-11,8,0.05,0.00043,0.11133,3.0,0.00043,0.11049,0.0,0.0008399999999999935,1,0.00043,0.112,0.00043,0.112,0.0006700000000000039,0.0015099999999999975,-0.0008399999999999935,0.00043,0.11479,0.00043,0.11479,0.0034600000000000047,0.004299999999999998,-0.0008399999999999935
1946,CVE-2024-53705,2025-01-07,CVE-2024-35058,2025-04-11,9,0.05,0.00043,0.11133,3.0,0.00043,0.11049,0.0,0.0008399999999999935,2,0.00043,0.112,0.00043,0.112,0.0006700000000000039,0.0015099999999999975,-0.0008399999999999935,0.00043,0.11479,0.00043,0.11479,0.0034600000000000047,0.004299999999999998,-0.0008399999999999935
1946,CVE-2024-53705,2025-01-07,CVE-2024-35059,2025-04-11,10,0.05,0.00043,0.11133,3.0,0.00043,0.11049,0.0,0.0008399999999999935,3,0.00043,0.112,0.00043,0.112,0.0006700000000000039,0.0015099999999999975,-0.0008399999999999935,0.00043,0.11479,0.00043,0.11479,0.0034600000000000047,0.004299999999999998,-0.0008399999999999935
1947,CVE-2024-53706,2025-01-07,CVE-2024-38193,2025-04-17,7,0.05,0.00043,0.11133,3.0,0.00043,0.11151,0.0,0.0001799999999999996,1,0.00043,0.112,0.00043,0.11304,0.0006700000000000039,0.0015300000000000036,-0.0008599999999999997,0.00043,0.11479,0.00043,0.11583,0.0034600000000000047,0.004320000000000004,-0.0008599999999999997
1947,CVE-2024-53706,2025-01-07,CVE-2024-49138,2025-04-22,9,0.05,0.00043,0.11133,3.0,0.00043,0.11151,0.0,0.0001799999999999996,2,0.00043,0.112,0.00043,0.11304,0.0006700000000000039,0.0015300000000000036,-0.0008599999999999997,0.00043,0.11479,0.00054,0.25766,0.0034600000000000047,0.14615,-0.14268999999999998
1947,CVE-2024-53706,2025-01-07,CVE-2024-43085,2025-04-28,12,0.05,0.00043,0.11133,3.0,0.00043,0.11049,0.0,0.0008399999999999935,3,0.00043,0.112,0.00043,0.112,0.0006700000000000039,0.0015099999999999975,-0.0008399999999999935,0.00043,0.11479,0.00043,0.11479,0.0034600000000000047,0.004299999999999998,-0.0008399999999999935
1957,CVE-2024-53829,2025-01-21,CVE-2024-22257,2025-05-30,8,0.05,0.00043,0.11371,1.0,0.00043,0.11351,0.0,0.00020000000000000573,1,0.00043,0.11449,0.00043,0.11449,0.000779999999999989,0.0009799999999999948,-0.00020000000000000573,0.00043,0.11709,0.00043,0.11709,0.003379999999999994,0.00358,-0.00020000000000000573
1965,CVE-2024-53920,2024-11-27,CVE-2024-43590,2025-04-14,12,0.05,0.00045,0.17226,1.0,0.00048,0.19219,0.0,0.019930000000000003,1,0.00045,0.17356,0.00048,0.19291,0.0012999999999999956,0.0007199999999999984,0.0005799999999999972,0.00045,0.17338,0.00048,0.19463,0.0011200000000000099,0.0024399999999999977,-0.0013199999999999878
1965,CVE-2024-53920,2024-11-27,CVE-2024-9956,2025-03-21,11,0.05,0.00045,0.17226,1.0,0.00043,0.10406,0.0,0.0682,2,0.00045,0.17356,0.00043,0.10511,0.0012999999999999956,0.0010499999999999954,0.0002500000000000002,0.00045,0.17338,0.00043,0.10932,0.0011200000000000099,0.005260000000000001,-0.004139999999999991
1972,CVE-2024-53961,2025-04-17,CVE-2024-22257,2025-05-30,2,0.14999999999999963,0.00152,0.37114,0.0,0.00192,0.41792,0.0,0.04677999999999999,1,0.00168,0.38916,0.00192,0.41706,0.01801999999999998,-0.0008600000000000274,0.018880000000000008,0.00185,0.40927,0.00161,0.38087,0.03813,-0.03705000000000003,0.07518000000000002
1972,CVE-2024-53961,2025-04-17,CVE-2024-29944,2025-05-19,7,0.3500000000000007,0.00152,0.37114,0.0,0.00102,0.29433,0.0,0.07681000000000004,2,0.00168,0.38916,0.00119,0.32176,0.01801999999999998,0.02743000000000001,-0.00941000000000003,0.00185,0.40927,0.00729,0.71474,0.03813,0.42041000000000006,-0.38228000000000006
1975,CVE-2024-54010,2025-01-08,CVE-2024-9026,2025-04-10,1,0.15000000000000008,0.00043,0.11086,1.0,0.00043,0.11128,0.0,0.0004200000000000037,1,0.00043,0.11266,0.00043,0.11266,0.001799999999999996,0.0013799999999999923,0.0004200000000000037,0.00043,0.11478,0.00043,0.11478,0.003919999999999993,0.0034999999999999892,0.0004200000000000037
1975,CVE-2024-54010,2025-01-08,CVE-2024-48921,2025-05-09,10,0.7499999999999998,0.00043,0.11086,1.0,0.00045,0.15806,0.0,0.047200000000000006,2,0.00043,0.11266,0.00045,0.15909,0.001799999999999996,0.0010300000000000031,0.0007699999999999929,0.00043,0.11478,0.00045,0.16219,0.003919999999999993,0.004129999999999995,-0.00021000000000000185
1975,CVE-2024-54010,2025-01-08,CVE-2024-45310,2025-04-23,3,0.25000000000000017,0.00043,0.11086,1.0,0.00045,0.17541,0.0,0.06455000000000001,3,0.00043,0.11266,0.00045,0.17612,0.001799999999999996,0.0007099999999999884,0.0010900000000000076,0.00043,0.11478,0.00045,0.17818,0.003919999999999993,0.0027699999999999947,0.0011499999999999982
1977,CVE-2024-54032,2024-12-10,CVE-2024-23346,2025-04-15,7,0.05,0.00043,0.10788,1.0,0.00045,0.17601,0.0,0.06813,1,0.00091,0.40158,0.00045,0.17398,0.29369999999999996,-0.002030000000000004,0.29572999999999994,0.00063,0.29385,0.00045,0.17549,0.18597,-0.0005199999999999927,0.18649
1978,CVE-2024-54034,2024-12-10,CVE-2024-23346,2025-04-15,7,0.05,0.00043,0.10788,1.0,0.00045,0.17601,0.0,0.06813,1,0.00091,0.40158,0.00045,0.17398,0.29369999999999996,-0.002030000000000004,0.29572999999999994,0.00063,0.29385,0.00045,0.17549,0.18597,-0.0005199999999999927,0.18649
1979,CVE-2024-54036,2024-12-10,CVE-2024-23346,2025-04-15,7,0.05,0.00043,0.10788,1.0,0.00045,0.17601,0.0,0.06813,1,0.00087,0.3865,0.00045,0.17398,0.27862,-0.002030000000000004,0.28064999999999996,0.00063,0.29385,0.00045,0.17549,0.18597,-0.0005199999999999927,0.18649
1987,CVE-2024-54142,2025-01-14,CVE-2024-47460,2025-05-23,7,0.05,0.00043,0.11266,1.0,0.00043,0.112,0.0,0.0006599999999999939,1,0.00043,0.11351,0.00043,0.11351,0.0008500000000000035,0.0015099999999999975,-0.0006599999999999939,0.00043,0.11499,0.00043,0.11499,0.0023299999999999987,0.0029899999999999927,-0.0006599999999999939
1987,CVE-2024-54142,2025-01-14,CVE-2024-31989,2025-05-09,6,0.05,0.00043,0.11266,1.0,0.00042,0.05089,0.0,0.06177,2,0.00043,0.11351,0.00042,0.05109,0.0008500000000000035,0.00020000000000000573,0.0006499999999999978,0.00043,0.11499,0.00042,0.05064,0.0023299999999999987,-0.0002500000000000002,0.002579999999999999
1987,CVE-2024-54142,2025-01-14,CVE-2024-35540,2025-04-10,3,0.05,0.00043,0.11266,1.0,0.0005,0.21243,0.0,0.09977000000000001,3,0.00043,0.11351,0.0005,0.21403,0.0008500000000000035,0.0015999999999999903,-0.0007499999999999868,0.00043,0.11499,0.0005,0.21575,0.0023299999999999987,0.0033199999999999896,-0.0009899999999999909
1988,CVE-2024-54147,2025-04-23,CVE-2024-39338,2025-05-27,4,1.0000000000000002,0.00032,0.07552,0.0,0.00026,0.05352,0.0,0.022000000000000006,1,0.00032,0.07435,0.00029,0.06537,-0.0011700000000000044,0.01185,-0.013020000000000004,0.00028,0.06244,0.0003,0.06846,-0.013080000000000001,0.014939999999999995,-0.028019999999999996
1988,CVE-2024-54147,2025-04-23,CVE-2024-46687,2025-05-26,5,1.3,0.00032,0.07552,0.0,0.00043,0.12832,0.0,0.052799999999999986,2,0.00032,0.07435,0.00043,0.12869,-0.0011700000000000044,0.0003700000000000092,-0.0015400000000000136,0.00028,0.06244,0.00044,0.1331,-0.013080000000000001,0.0047800000000000065,-0.017860000000000008
1995,CVE-2024-54215,2024-12-09,CVE-2024-23346,2025-04-15,7,0.05,0.00043,0.10702,1.0,0.00045,0.17463,0.0,0.06761,1,0.00043,0.10939,0.00045,0.17863,0.002369999999999997,0.0040000000000000036,-0.0016300000000000064,0.00043,0.11128,0.00045,0.17587,0.00426,0.0012399999999999911,0.003020000000000009
1996,CVE-2024-54221,2024-12-05,CVE-2024-23346,2025-04-15,9,0.05,0.00043,0.10534,0.0,0.00045,0.17386,0.0,0.06851999999999998,1,0.00043,0.10812,0.00045,0.17744,0.002779999999999991,0.00358,-0.000800000000000009,0.00043,0.11007,0.00045,0.17524,0.004729999999999998,0.00138000000000002,0.003349999999999978
1998,CVE-2024-54234,2024-12-13,CVE-2024-23346,2025-04-15,6,0.05,0.00043,0.10937,1.0,0.00045,0.17777,0.0,0.06840000000000002,1,0.00043,0.10892,0.00045,0.17368,-0.0004499999999999921,-0.00409000000000001,0.0036400000000000182,0.00043,0.11159,0.00045,0.17584,0.0022199999999999998,-0.001930000000000015,0.004150000000000015
2003,CVE-2024-54262,2024-12-13,CVE-2024-41110,2025-05-09,9,0.05,0.00043,0.10937,1.0,0.00045,0.16072,0.0,0.05135000000000001,1,0.00043,0.10892,0.00045,0.15782,-0.0004499999999999921,-0.0029000000000000137,0.0024500000000000216,0.00043,0.11159,0.00045,0.15979,0.0022199999999999998,-0.0009300000000000141,0.003150000000000014
2006,CVE-2024-54280,2024-12-16,CVE-2024-23346,2025-04-15,6,0.05,0.00043,0.10859,1.0,0.00045,0.17863,0.0,0.07004,1,0.00043,0.10893,0.00045,0.17367,0.0003399999999999931,-0.00496000000000002,0.005300000000000013,0.00043,0.11266,0.00045,0.17658,0.00406999999999999,-0.002050000000000024,0.006120000000000014
2008,CVE-2024-54291,2025-03-28,CVE-2024-43201,2025-05-04,8,0.25000000000000105,0.0004,0.0629,1.0,0.00056,0.14529,0.0,0.08239,1,0.00063,0.16805,0.00056,0.14677,0.10515000000000001,0.001480000000000009,0.10367,0.00063,0.20029,0.00044,0.12975,0.13739,-0.015539999999999998,0.15293
2009,CVE-2024-54292,2024-12-13,CVE-2024-23346,2025-04-15,6,0.05,0.00043,0.10937,1.0,0.00045,0.17777,0.0,0.06840000000000002,1,0.00043,0.10892,0.00045,0.17368,-0.0004499999999999921,-0.00409000000000001,0.0036400000000000182,0.00043,0.11159,0.00045,0.17584,0.0022199999999999998,-0.001930000000000015,0.004150000000000015
2018,CVE-2024-54362,2025-03-28,CVE-2024-43085,2025-04-28,7,0.3499999999999998,0.0003,0.04212,1.0,9e-05,0.00395,0.0,0.038169999999999996,1,0.00062,0.16429,9e-05,0.00391,0.12217,-4.0000000000000105e-05,0.12221,0.00062,0.19646,8e-05,0.00456,0.15434,0.0006099999999999994,0.15373
2021,CVE-2024-54370,2024-12-16,CVE-2024-41110,2025-05-09,8,0.05,0.00043,0.10859,1.0,0.00045,0.16151,0.0,0.05291999999999998,1,0.00043,0.10893,0.00045,0.15779,0.0003399999999999931,-0.0037199999999999733,0.004059999999999966,0.00043,0.11266,0.00045,0.16065,0.00406999999999999,-0.0008599999999999997,0.00492999999999999
2026,CVE-2024-54450,2024-12-28,CVE-2024-23346,2025-04-15,6,0.14999999999999963,0.00043,0.1094,0.0,0.00045,0.17458,0.0,0.06518000000000002,1,0.00043,0.11007,0.00045,0.17524,0.0006700000000000039,0.0006599999999999939,1.0000000000010001e-05,0.00043,0.11427,0.00045,0.17818,0.004869999999999999,0.003599999999999992,0.0012700000000000072
2027,CVE-2024-54492,2024-12-12,CVE-2024-42831,2025-04-02,12,0.24999999999999928,0.00045,0.17698,0.0,0.00045,0.17698,0.0,0.0,1,0.00045,0.17315,0.00045,0.17315,-0.00383,-0.00383,0.0,0.00054,0.24764,0.00045,0.17529,0.07066,-0.001689999999999997,0.07235
2027,CVE-2024-54492,2024-12-12,CVE-2024-38796,2025-04-23,1,0.05,0.00045,0.17698,0.0,0.00043,0.10812,0.0,0.06886,2,0.00045,0.17315,0.00043,0.10875,-0.00383,0.0006300000000000056,-0.004460000000000006,0.00054,0.24764,0.00043,0.11148,0.07066,0.003360000000000002,0.0673
2027,CVE-2024-54492,2024-12-12,CVE-2024-29018,2025-05-09,2,0.05,0.00045,0.17698,0.0,0.00043,0.10812,0.0,0.06886,3,0.00045,0.17315,0.00043,0.10875,-0.00383,0.0006300000000000056,-0.004460000000000006,0.00054,0.24764,0.00043,0.11148,0.07066,0.003360000000000002,0.0673
2037,CVE-2024-54772,2025-02-24,CVE-2024-36424,2025-04-10,12,0.14999999999999963,0.00043,0.11721,0.0,0.00043,0.11721,0.0,0.0,1,0.00043,0.11745,0.00043,0.11745,0.0002400000000000041,0.0002400000000000041,0.0,0.01133,0.76267,0.07484,0.90877,0.6454599999999999,0.7915599999999999,-0.1461
2037,CVE-2024-54772,2025-02-24,CVE-2024-11831,2025-05-17,5,0.05,0.00043,0.11721,0.0,0.00044,0.12635,0.0,0.009139999999999995,2,0.00043,0.11745,0.00044,0.1268,0.0002400000000000041,0.00045000000000000595,-0.00021000000000000185,0.01133,0.76267,0.00072,0.18941,0.6454599999999999,0.06306,0.5823999999999999
2037,CVE-2024-54772,2025-02-24,CVE-2024-48120,2025-03-27,1,0.05,0.00043,0.11721,0.0,0.00045,0.16496,0.0,0.04775,3,0.00043,0.11745,0.00045,0.16614,0.0002400000000000041,0.0011800000000000144,-0.0009400000000000103,0.01133,0.76267,0.00076,0.19821,0.6454599999999999,0.03325,0.6122099999999999
2057,CVE-2024-55211,2025-04-17,CVE-2024-39338,2025-05-27,12,0.9500000000000004,0.00017,0.02784,1.0,0.00026,0.05456,0.0,0.026719999999999997,1,0.00021,0.03874,0.00026,0.05367,0.010899999999999996,-0.000889999999999995,0.011789999999999991,0.00027,0.05846,0.00032,0.07833,0.030619999999999998,0.02377,0.0068499999999999985
2058,CVE-2024-55213,2025-02-10,CVE-2024-35539,2025-04-10,6,0.05,0.00043,0.11462,0.0,0.00043,0.11462,0.0,0.0,1,0.00044,0.12833,0.00043,0.11665,0.01371,0.002030000000000004,0.011679999999999996,0.00044,0.13105,0.00043,0.11938,0.01643,0.00476,0.01167
2058,CVE-2024-55213,2025-02-10,CVE-2024-53299,2025-05-08,9,0.05,0.00043,0.11462,0.0,0.00043,0.11462,0.0,0.0,2,0.00044,0.12833,0.00043,0.11665,0.01371,0.002030000000000004,0.011679999999999996,0.00044,0.13105,0.00043,0.11938,0.01643,0.00476,0.01167
2058,CVE-2024-55213,2025-02-10,CVE-2024-12342,2025-04-17,7,0.05,0.00043,0.11462,0.0,0.00045,0.1781,0.0,0.06348000000000001,3,0.00044,0.12833,0.00045,0.17966,0.01371,0.001559999999999978,0.012150000000000022,0.00044,0.13105,0.00045,0.18372,0.01643,0.005619999999999986,0.010810000000000014
2059,CVE-2024-55214,2025-02-10,CVE-2024-35539,2025-04-10,6,0.05,0.00043,0.11462,0.0,0.00043,0.11462,0.0,0.0,1,0.00044,0.12833,0.00043,0.11665,0.01371,0.002030000000000004,0.011679999999999996,0.00044,0.13105,0.00043,0.11938,0.01643,0.00476,0.01167
2059,CVE-2024-55214,2025-02-10,CVE-2024-53299,2025-05-08,9,0.05,0.00043,0.11462,0.0,0.00043,0.11462,0.0,0.0,2,0.00044,0.12833,0.00043,0.11665,0.01371,0.002030000000000004,0.011679999999999996,0.00044,0.13105,0.00043,0.11938,0.01643,0.00476,0.01167
2059,CVE-2024-55214,2025-02-10,CVE-2024-12342,2025-04-17,7,0.05,0.00043,0.11462,0.0,0.00045,0.1781,0.0,0.06348000000000001,3,0.00044,0.12833,0.00045,0.17966,0.01371,0.001559999999999978,0.012150000000000022,0.00044,0.13105,0.00045,0.18372,0.01643,0.005619999999999986,0.010810000000000014
2063,CVE-2024-55226,2025-01-13,CVE-2024-47605,2025-04-14,6,0.05,0.00045,0.17537,0.0,0.00045,0.17624,3.0,0.0008700000000000097,1,0.00045,0.1768,0.00045,0.1768,0.0014300000000000146,0.0005600000000000049,0.0008700000000000097,0.00045,0.17783,0.00045,0.17783,0.00245999999999999,0.0015899999999999803,0.0008700000000000097
2063,CVE-2024-55226,2025-01-13,CVE-2024-48120,2025-03-27,4,0.05,0.00045,0.17537,0.0,0.00045,0.15817,0.0,0.017199999999999993,2,0.00045,0.1768,0.00045,0.16005,0.0014300000000000146,0.0018799999999999928,-0.0004499999999999782,0.00045,0.17783,0.00045,0.1623,0.00245999999999999,0.004129999999999995,-0.0016700000000000048
2063,CVE-2024-55226,2025-01-13,CVE-2024-39143,2025-04-09,5,0.05,0.00045,0.17537,0.0,0.00045,0.15817,0.0,0.017199999999999993,3,0.00045,0.1768,0.00045,0.16005,0.0014300000000000146,0.0018799999999999928,-0.0004499999999999782,0.00045,0.17783,0.00045,0.1623,0.00245999999999999,0.004129999999999995,-0.0016700000000000048
2069,CVE-2024-55488,2025-01-22,CVE-2024-53299,2025-05-08,9,0.05,0.00043,0.11403,1.0,0.00043,0.11431,3.0,0.0002799999999999886,1,0.00043,0.11437,0.00043,0.11437,0.0003399999999999931,6.0000000000004494e-05,0.0002799999999999886,0.00043,0.11722,0.00043,0.11722,0.0031899999999999984,0.00291000000000001,0.0002799999999999886
2069,CVE-2024-55488,2025-01-22,CVE-2024-35539,2025-04-10,6,0.05,0.00043,0.11403,1.0,0.00043,0.11371,0.0,0.00032000000000000084,2,0.00043,0.11437,0.00043,0.11437,0.0003399999999999931,0.0006599999999999939,-0.00032000000000000084,0.00043,0.11722,0.00043,0.11722,0.0031899999999999984,0.0035099999999999992,-0.00032000000000000084
2069,CVE-2024-55488,2025-01-22,CVE-2024-3935,2025-04-17,1,0.0,0.00043,0.11403,1.0,0.00045,0.1772,0.0,0.06316999999999999,3,0.00043,0.11437,0.00045,0.17795,0.0003399999999999931,0.0007500000000000007,-0.0004100000000000076,0.00043,0.11722,0.00051,0.22954,0.0031899999999999984,0.05234,-0.04915
2077,CVE-2024-55550,2025-01-07,CVE-2024-9026,2025-04-10,9,0.6499999999999997,0.00043,0.11049,0.0,0.00043,0.11049,0.0,0.0,1,0.42716,0.97419,0.00043,0.112,0.8637,0.0015099999999999975,0.86219,0.42716,0.97448,0.00043,0.11479,0.86399,0.004299999999999998,0.8596900000000001
2077,CVE-2024-55550,2025-01-07,CVE-2024-48921,2025-05-09,2,0.05,0.00043,0.11049,0.0,0.00045,0.15731,0.0,0.04682,2,0.42716,0.97419,0.00045,0.15853,0.8637,0.0012199999999999989,0.86248,0.42716,0.97448,0.00045,0.16228,0.86399,0.004970000000000002,0.85902
2077,CVE-2024-55550,2025-01-07,CVE-2024-6501,2025-05-17,7,0.4499999999999999,0.00043,0.11049,0.0,0.00045,0.17482,0.0,0.06433,3,0.42716,0.97419,0.00045,0.17569,0.8637,0.0008700000000000097,0.86283,0.42716,0.97448,0.00045,0.17834,0.86399,0.0035199999999999954,0.8604700000000001
2082,CVE-2024-55570,2025-03-07,CVE-2024-36424,2025-04-10,5,0.14999999999999963,0.00043,0.11868,0.0,0.00043,0.11868,0.0,0.0,1,0.00043,0.1198,0.00043,0.1198,0.0011200000000000099,0.0011200000000000099,0.0,0.00031,0.05728,0.03701,0.8689,-0.061399999999999996,0.75022,-0.81162
2082,CVE-2024-55570,2025-03-07,CVE-2024-50204,2025-05-09,11,0.14999999999999963,0.00043,0.11868,0.0,0.00043,0.11868,0.0,0.0,2,0.00043,0.1198,0.00043,0.1198,0.0011200000000000099,0.0011200000000000099,0.0,0.00031,0.05728,0.00026,0.0417,-0.061399999999999996,-0.07697999999999999,0.015579999999999997
2082,CVE-2024-55570,2025-03-07,CVE-2024-11831,2025-05-17,4,0.05,0.00043,0.11868,0.0,0.00044,0.12797,0.0,0.009290000000000007,3,0.00043,0.1198,0.00044,0.12907,0.0011200000000000099,0.0010999999999999899,2.0000000000020002e-05,0.00031,0.05728,0.00072,0.19189,-0.061399999999999996,0.06392,-0.12532
2084,CVE-2024-55577,2025-01-15,CVE-2024-40892,2025-03-17,2,0.14999999999999963,0.00043,0.11287,1.0,0.00043,0.11266,0.0,0.00021000000000000185,1,0.00043,0.11371,0.00043,0.11371,0.0008400000000000074,0.0010500000000000093,-0.00021000000000000185,0.00043,0.11641,0.00043,0.11641,0.0035400000000000015,0.0037500000000000033,-0.00021000000000000185
2084,CVE-2024-55577,2025-01-15,CVE-2024-48846,2025-04-16,4,0.14999999999999963,0.00043,0.11287,1.0,0.00043,0.11266,0.0,0.00021000000000000185,2,0.00043,0.11371,0.00043,0.11371,0.0008400000000000074,0.0010500000000000093,-0.00021000000000000185,0.00043,0.11641,0.00043,0.11641,0.0035400000000000015,0.0037500000000000033,-0.00021000000000000185
2084,CVE-2024-55577,2025-01-15,CVE-2024-47461,2025-05-23,10,0.25000000000000017,0.00043,0.11287,1.0,0.00043,0.11266,0.0,0.00021000000000000185,3,0.00043,0.11371,0.00043,0.11371,0.0008400000000000074,0.0010500000000000093,-0.00021000000000000185,0.00043,0.11641,0.00043,0.11641,0.0035400000000000015,0.0037500000000000033,-0.00021000000000000185
2088,CVE-2024-55590,2025-03-11,CVE-2024-7297,2025-05-19,10,0.05,0.00043,0.1222,1.0,0.00043,0.11882,0.0,0.003380000000000008,1,0.00208,0.41216,0.00171,0.35974,0.28996,0.24092000000000002,0.04903999999999997,0.00208,0.40453,0.00198,0.39121,0.28232999999999997,0.27239,0.009939999999999949
2095,CVE-2024-55662,2024-12-12,CVE-2024-41110,2025-05-09,9,0.05,0.00045,0.17732,1.0,0.00045,0.16046,0.0,0.016860000000000014,1,0.00045,0.17315,0.00045,0.15766,-0.004170000000000007,-0.002799999999999997,-0.00137000000000001,0.00045,0.17529,0.00045,0.15978,-0.002030000000000004,-0.0006799999999999862,-0.0013500000000000179
2097,CVE-2024-55877,2024-12-12,CVE-2024-41110,2025-05-09,9,0.05,0.00045,0.17732,1.0,0.00045,0.16046,0.0,0.016860000000000014,1,0.00045,0.17315,0.00045,0.15766,-0.004170000000000007,-0.002799999999999997,-0.00137000000000001,0.00045,0.17529,0.00045,0.15978,-0.002030000000000004,-0.0006799999999999862,-0.0013500000000000179
2099,CVE-2024-55884,2024-12-12,CVE-2024-35540,2025-04-10,10,0.05,0.00045,0.17698,0.0,0.0005,0.21206,0.0,0.03508,1,0.00045,0.17315,0.0005,0.21012,-0.00383,-0.0019399999999999973,-0.0018900000000000028,0.00045,0.17529,0.0005,0.21186,-0.001689999999999997,-0.00020000000000000573,-0.0014899999999999913
2101,CVE-2024-55889,2025-04-16,CVE-2024-26626,2025-05-20,11,0.6499999999999997,0.00015,0.02025,0.0,0.00016,0.0235,0.0,0.0032499999999999994,1,0.00457,0.62712,0.00016,0.02322,0.60687,-0.000279999999999999,0.60715,0.00497,0.64626,0.00018,0.02909,0.62601,0.005590000000000001,0.62042
2101,CVE-2024-55889,2025-04-16,CVE-2024-26627,2025-05-20,12,0.6499999999999997,0.00015,0.02025,0.0,0.00013,0.01311,0.0,0.0071400000000000005,2,0.00457,0.62712,0.00013,0.01286,0.60687,-0.0002500000000000002,0.60712,0.00497,0.64626,0.00013,0.01309,0.62601,-2.000000000000092e-05,0.62603
2101,CVE-2024-55889,2025-04-16,CVE-2024-53869,2025-05-17,10,0.6499999999999997,0.00015,0.02025,0.0,0.00018,0.02913,0.0,0.008879999999999999,3,0.00457,0.62712,0.00018,0.02846,0.60687,-0.0006700000000000005,0.60754,0.00497,0.64626,0.00018,0.02923,0.62601,9.99999999999994e-05,0.62591
2105,CVE-2024-55948,2025-02-04,CVE-2024-22257,2025-05-30,7,0.05,0.00043,0.11488,1.0,0.00043,0.11479,0.0,8.999999999999286e-05,1,0.00043,0.1146,0.00043,0.1146,-0.00028000000000000247,-0.0001900000000000096,-8.999999999999286e-05,0.00043,0.11847,0.00043,0.11847,0.00359000000000001,0.0036800000000000027,-8.999999999999286e-05
2107,CVE-2024-55956,2025-03-18,CVE-2024-27198,2025-05-13,9,0.05,0.90833,0.99624,0.0,0.94582,1.0,0.0,0.0037599999999999856,1,0.90833,0.99623,0.94582,1.0,-1.0000000000065512e-05,0.0,-1.0000000000065512e-05,0.92261,0.9969,0.94579,1.0,0.0006599999999999939,0.0,0.0006599999999999939
2107,CVE-2024-55956,2025-03-18,CVE-2024-44541,2025-04-18,2,0.05,0.90833,0.99624,0.0,0.27293,0.96025,0.0,0.035989999999999966,2,0.90833,0.99623,0.27293,0.95933,-1.0000000000065512e-05,-0.0009200000000000319,0.0009099999999999664,0.92261,0.9969,0.12859,0.93611,0.0006599999999999939,-0.02414000000000005,0.024800000000000044
2107,CVE-2024-55956,2025-03-18,CVE-2024-29943,2025-05-19,1,0.0,0.90833,0.99624,0.0,0.24595,0.95702,0.0,0.03922000000000003,3,0.90833,0.99623,0.24595,0.9563,-1.0000000000065512e-05,-0.0007199999999999429,0.0007099999999998774,0.92261,0.9969,0.17035,0.94559,0.0006599999999999939,-0.01142999999999994,0.012089999999999934
2111,CVE-2024-55972,2024-12-16,CVE-2024-23346,2025-04-15,6,0.05,0.00043,0.10859,1.0,0.00045,0.17863,0.0,0.07004,1,0.00043,0.10893,0.00045,0.17367,0.0003399999999999931,-0.00496000000000002,0.005300000000000013,0.00043,0.11266,0.00045,0.17658,0.00406999999999999,-0.002050000000000024,0.006120000000000014
2115,CVE-2024-55976,2024-12-16,CVE-2024-23346,2025-04-15,6,0.05,0.00043,0.10859,1.0,0.00045,0.17863,0.0,0.07004,1,0.00043,0.10893,0.00045,0.17367,0.0003399999999999931,-0.00496000000000002,0.005300000000000013,0.00043,0.11266,0.00045,0.17658,0.00406999999999999,-0.002050000000000024,0.006120000000000014
2116,CVE-2024-55977,2024-12-16,CVE-2024-23346,2025-04-15,6,0.05,0.00043,0.10859,1.0,0.00045,0.17863,0.0,0.07004,1,0.00043,0.10893,0.00045,0.17367,0.0003399999999999931,-0.00496000000000002,0.005300000000000013,0.00043,0.11266,0.00045,0.17658,0.00406999999999999,-0.002050000000000024,0.006120000000000014
2117,CVE-2024-55978,2024-12-16,CVE-2024-23346,2025-04-15,6,0.05,0.00043,0.10859,1.0,0.00045,0.17863,0.0,0.07004,1,0.00043,0.10893,0.00045,0.17367,0.0003399999999999931,-0.00496000000000002,0.005300000000000013,0.00043,0.11266,0.00045,0.17658,0.00406999999999999,-0.002050000000000024,0.006120000000000014
2119,CVE-2024-55980,2024-12-16,CVE-2024-23346,2025-04-15,6,0.05,0.00043,0.10859,1.0,0.00045,0.17863,0.0,0.07004,1,0.00043,0.10893,0.00045,0.17367,0.0003399999999999931,-0.00496000000000002,0.005300000000000013,0.00043,0.11266,0.00045,0.17658,0.00406999999999999,-0.002050000000000024,0.006120000000000014
2120,CVE-2024-55981,2024-12-16,CVE-2024-23346,2025-04-15,6,0.05,0.00043,0.10859,1.0,0.00045,0.17863,0.0,0.07004,1,0.00043,0.10893,0.00045,0.17367,0.0003399999999999931,-0.00496000000000002,0.005300000000000013,0.00043,0.11266,0.00045,0.17658,0.00406999999999999,-0.002050000000000024,0.006120000000000014
2121,CVE-2024-55982,2024-12-16,CVE-2024-23346,2025-04-15,6,0.05,0.00043,0.10859,1.0,0.00045,0.17863,0.0,0.07004,1,0.00043,0.10893,0.00045,0.17367,0.0003399999999999931,-0.00496000000000002,0.005300000000000013,0.00043,0.11266,0.00045,0.17658,0.00406999999999999,-0.002050000000000024,0.006120000000000014
2127,CVE-2024-55988,2024-12-16,CVE-2024-23346,2025-04-15,6,0.05,0.00043,0.10859,1.0,0.00045,0.17863,0.0,0.07004,1,0.00043,0.10893,0.00045,0.17367,0.0003399999999999931,-0.00496000000000002,0.005300000000000013,0.00043,0.11266,0.00045,0.17658,0.00406999999999999,-0.002050000000000024,0.006120000000000014
2131,CVE-2024-56039,2024-12-31,CVE-2024-23346,2025-04-15,4,0.05,0.00043,0.10983,1.0,0.00045,0.17483,0.0,0.06500000000000002,1,0.00043,0.11049,0.00045,0.17528,0.0006600000000000078,0.0004499999999999782,0.0002100000000000296,0.00043,0.11435,0.00045,0.17846,0.004519999999999996,0.0036299999999999943,0.0008900000000000019
2134,CVE-2024-56042,2024-12-31,CVE-2024-23346,2025-04-15,4,0.05,0.00043,0.10983,1.0,0.00045,0.17483,0.0,0.06500000000000002,1,0.00043,0.11049,0.00045,0.17528,0.0006600000000000078,0.0004499999999999782,0.0002100000000000296,0.00043,0.11435,0.00045,0.17846,0.004519999999999996,0.0036299999999999943,0.0008900000000000019
2137,CVE-2024-56045,2024-12-31,CVE-2024-23346,2025-04-15,4,0.05,0.00043,0.10983,1.0,0.00045,0.17483,0.0,0.06500000000000002,1,0.00043,0.11049,0.00045,0.17528,0.0006600000000000078,0.0004499999999999782,0.0002100000000000296,0.00043,0.11435,0.00045,0.17846,0.004519999999999996,0.0036299999999999943,0.0008900000000000019
2138,CVE-2024-56046,2024-12-31,CVE-2024-2973,2025-02-18,7,0.05,0.00043,0.10983,1.0,0.00043,0.10957,0.0,0.00025999999999999635,1,0.00043,0.11049,0.00043,0.11049,0.0006600000000000078,0.0009200000000000041,-0.00025999999999999635,0.00043,0.11435,0.00043,0.11435,0.004519999999999996,0.004779999999999993,-0.00025999999999999635
2142,CVE-2024-56050,2024-12-18,CVE-2024-41110,2025-05-09,7,0.05,0.00043,0.10875,1.0,0.00045,0.1576,0.0,0.04884999999999999,1,0.00043,0.10926,0.00045,0.15794,0.0005099999999999966,0.00034000000000000696,0.0001699999999999896,0.00043,0.1136,0.00045,0.16167,0.004850000000000007,0.004070000000000018,0.000779999999999989
2144,CVE-2024-56052,2024-12-18,CVE-2024-41110,2025-05-09,7,0.05,0.00043,0.10875,1.0,0.00045,0.1576,0.0,0.04884999999999999,1,0.00043,0.10926,0.00045,0.15794,0.0005099999999999966,0.00034000000000000696,0.0001699999999999896,0.00043,0.1136,0.00045,0.16167,0.004850000000000007,0.004070000000000018,0.000779999999999989
2147,CVE-2024-56057,2024-12-18,CVE-2024-41110,2025-05-09,7,0.05,0.00043,0.10875,1.0,0.00045,0.1576,0.0,0.04884999999999999,1,0.00043,0.10926,0.00045,0.15794,0.0005099999999999966,0.00034000000000000696,0.0001699999999999896,0.00043,0.1136,0.00045,0.16167,0.004850000000000007,0.004070000000000018,0.000779999999999989
2151,CVE-2024-56064,2024-12-31,CVE-2024-2973,2025-02-18,7,0.05,0.00043,0.10983,1.0,0.00043,0.10957,0.0,0.00025999999999999635,1,0.00043,0.11049,0.00043,0.11049,0.0006600000000000078,0.0009200000000000041,-0.00025999999999999635,0.00043,0.11435,0.00043,0.11435,0.004519999999999996,0.004779999999999993,-0.00025999999999999635
2154,CVE-2024-56131,2025-02-05,CVE-2024-46278,2025-04-16,11,0.05,0.00043,0.11479,1.0,0.00043,0.11488,0.0,8.999999999999286e-05,1,0.00043,0.11476,0.00043,0.11476,-3.0000000000002247e-05,-0.00011999999999999511,8.999999999999286e-05,0.00043,0.11868,0.00043,0.11868,0.0038899999999999907,0.003799999999999998,8.999999999999286e-05
2155,CVE-2024-56132,2025-02-05,CVE-2024-46278,2025-04-16,11,0.05,0.00043,0.11479,1.0,0.00043,0.11488,0.0,8.999999999999286e-05,1,0.00043,0.11476,0.00043,0.11476,-3.0000000000002247e-05,-0.00011999999999999511,8.999999999999286e-05,0.00043,0.11868,0.00043,0.11868,0.0038899999999999907,0.003799999999999998,8.999999999999286e-05
2156,CVE-2024-56133,2025-02-05,CVE-2024-46278,2025-04-16,11,0.05,0.00043,0.11479,1.0,0.00043,0.11488,0.0,8.999999999999286e-05,1,0.00043,0.11476,0.00043,0.11476,-3.0000000000002247e-05,-0.00011999999999999511,8.999999999999286e-05,0.00043,0.11868,0.00043,0.11868,0.0038899999999999907,0.003799999999999998,8.999999999999286e-05
2157,CVE-2024-56134,2025-02-05,CVE-2024-46278,2025-04-16,11,0.05,0.00043,0.11479,1.0,0.00043,0.11488,0.0,8.999999999999286e-05,1,0.00043,0.11476,0.00043,0.11476,-3.0000000000002247e-05,-0.00011999999999999511,8.999999999999286e-05,0.00043,0.11868,0.00043,0.11868,0.0038899999999999907,0.003799999999999998,8.999999999999286e-05
2158,CVE-2024-56135,2025-02-05,CVE-2024-46278,2025-04-16,11,0.05,0.00043,0.11479,1.0,0.00043,0.11488,0.0,8.999999999999286e-05,1,0.00043,0.11476,0.00043,0.11476,-3.0000000000002247e-05,-0.00011999999999999511,8.999999999999286e-05,0.00043,0.11868,0.00043,0.11868,0.0038899999999999907,0.003799999999999998,8.999999999999286e-05
2159,CVE-2024-56161,2025-02-05,CVE-2024-47461,2025-05-23,5,0.05,0.00043,0.11488,0.0,0.00043,0.11488,0.0,0.0,1,0.00043,0.11476,0.00043,0.11476,-0.00011999999999999511,-0.00011999999999999511,0.0,0.00043,0.11868,0.00043,0.11868,0.003799999999999998,0.003799999999999998,0.0
2159,CVE-2024-56161,2025-02-05,CVE-2024-35061,2025-04-11,8,0.14999999999999963,0.00043,0.11488,0.0,0.00045,0.17834,0.0,0.06346,2,0.00043,0.11476,0.00045,0.17783,-0.00011999999999999511,-0.0005100000000000104,0.00039000000000001533,0.00043,0.11868,0.00045,0.1835,0.003799999999999998,0.005159999999999998,-0.00136
2159,CVE-2024-56161,2025-02-05,CVE-2024-53150,2025-04-07,6,0.10000000000000053,0.00043,0.11488,0.0,0.00042,0.05074,0.0,0.06414,3,0.00043,0.11476,0.00042,0.0504,-0.00011999999999999511,-0.00034,0.00022000000000000491,0.00043,0.11868,0.00042,0.05012,0.003799999999999998,-0.0006200000000000025,0.00442
2161,CVE-2024-56181,2025-03-11,CVE-2024-22257,2025-05-30,2,0.05,0.00043,0.11938,1.0,0.00043,0.11882,0.0,0.0005600000000000049,1,0.00021,0.03149,0.00237,0.44822,-0.08789,0.3294,-0.41729000000000005,0.00021,0.03127,0.00237,0.44103,-0.08811,0.32221,-0.41032
2161,CVE-2024-56181,2025-03-11,CVE-2024-0399,2025-04-16,4,0.14999999999999963,0.00043,0.11938,1.0,0.00043,0.11882,0.0,0.0005600000000000049,2,0.00021,0.03149,0.02283,0.83555,-0.08789,0.71673,-0.80462,0.00021,0.03127,0.0423,0.87767,-0.08811,0.7588499999999999,-0.8469599999999999
2161,CVE-2024-56181,2025-03-11,CVE-2024-46278,2025-04-16,11,0.25000000000000105,0.00043,0.11938,1.0,0.00043,0.11882,0.0,0.0005600000000000049,3,0.00021,0.03149,0.06081,0.90098,-0.08789,0.78216,-0.87005,0.00021,0.03127,0.03602,0.86738,-0.08811,0.74856,-0.83667
2162,CVE-2024-56182,2025-03-11,CVE-2024-22257,2025-05-30,2,0.05,0.00043,0.11938,1.0,0.00043,0.11882,0.0,0.0005600000000000049,1,0.00021,0.03149,0.00237,0.44822,-0.08789,0.3294,-0.41729000000000005,0.00021,0.03127,0.00237,0.44103,-0.08811,0.32221,-0.41032
2162,CVE-2024-56182,2025-03-11,CVE-2024-0399,2025-04-16,4,0.14999999999999963,0.00043,0.11938,1.0,0.00043,0.11882,0.0,0.0005600000000000049,2,0.00021,0.03149,0.02283,0.83555,-0.08789,0.71673,-0.80462,0.00021,0.03127,0.0423,0.87767,-0.08811,0.7588499999999999,-0.8469599999999999
2162,CVE-2024-56182,2025-03-11,CVE-2024-46278,2025-04-16,11,0.25000000000000105,0.00043,0.11938,1.0,0.00043,0.11882,0.0,0.0005600000000000049,3,0.00021,0.03149,0.06081,0.90098,-0.08789,0.78216,-0.87005,0.00021,0.03127,0.03602,0.86738,-0.08811,0.74856,-0.83667
2177,CVE-2024-56284,2025-01-07,CVE-2024-23346,2025-04-15,3,0.05,0.00043,0.11128,1.0,0.00045,0.17528,0.0,0.06399999999999999,1,0.00043,0.112,0.00045,0.17615,0.0007199999999999984,0.0008700000000000097,-0.00015000000000001124,0.00043,0.11479,0.00043,0.11891,0.0035099999999999992,-0.05636999999999999,0.05987999999999999
2178,CVE-2024-56290,2025-01-07,CVE-2024-23346,2025-04-15,3,0.05,0.00043,0.11128,1.0,0.00045,0.17528,0.0,0.06399999999999999,1,0.00043,0.112,0.00045,0.17615,0.0007199999999999984,0.0008700000000000097,-0.00015000000000001124,0.00043,0.11479,0.00043,0.11891,0.0035099999999999992,-0.05636999999999999,0.05987999999999999
2182,CVE-2024-56326,2024-12-24,CVE-2024-29748,2025-02-28,4,0.05,0.00129,0.48201,0.0,0.00095,0.41297,0.0,0.06903999999999999,1,0.00129,0.48232,0.00095,0.41319,0.00031000000000003247,0.00021999999999999797,9.00000000000345e-05,0.00129,0.48582,0.00095,0.41725,0.00380999999999998,0.004280000000000006,-0.00047000000000002595
2184,CVE-2024-56336,2025-03-11,CVE-2024-10525,2025-04-17,1,0.0,0.00091,0.41281,1.0,0.00068,0.32951,0.0,0.08329999999999999,1,0.00065,0.17475,0.00174,0.36518,-0.23806000000000002,0.03566999999999998,-0.27373000000000003,0.00065,0.17357,0.00168,0.34868,-0.23924,0.019169999999999965,-0.25841
2186,CVE-2024-56346,2025-03-18,CVE-2024-9142,2025-04-21,8,0.24999999999999928,0.00077,0.20264,1.0,0.00116,0.27975,0.0,0.07711000000000001,1,0.0009,0.22866,0.00116,0.27225,0.026020000000000015,-0.007500000000000007,0.03352000000000002,0.0009,0.2697,0.00096,0.28299,0.06706000000000001,0.0032400000000000206,0.06381999999999999
2187,CVE-2024-56347,2025-03-18,CVE-2024-9142,2025-04-21,7,0.25000000000000105,0.00071,0.18665,1.0,0.00116,0.27975,0.0,0.09309999999999999,1,0.00072,0.18847,0.00116,0.27225,0.0018199999999999883,-0.007500000000000007,0.009319999999999995,0.00072,0.22574,0.00096,0.28299,0.039089999999999986,0.0032400000000000206,0.035849999999999965
2192,CVE-2024-56404,2025-01-24,CVE-2024-41110,2025-05-09,2,0.05,0.00045,0.17773,1.0,0.00045,0.16249,0.0,0.015240000000000004,1,0.00045,0.17796,0.00045,0.16303,0.00023000000000000798,0.0005400000000000127,-0.0003100000000000047,0.00045,0.17965,0.00045,0.1665,0.001920000000000005,0.0040100000000000136,-0.0020900000000000085
2199,CVE-2024-56799,2024-12-30,CVE-2024-2973,2025-02-18,7,0.05,0.00043,0.10957,1.0,0.00043,0.10935,0.0,0.00021999999999999797,1,0.00043,0.11007,0.00043,0.11007,0.0005000000000000004,0.0007199999999999984,-0.00021999999999999797,0.00043,0.11437,0.00043,0.11437,0.004799999999999999,0.005019999999999997,-0.00021999999999999797
2200,CVE-2024-56829,2025-01-02,CVE-2024-2973,2025-02-18,7,0.05,0.00043,0.10982,0.0,0.00043,0.10982,0.0,0.0,1,0.00043,0.11086,0.00043,0.11086,0.0010399999999999993,0.0010399999999999993,0.0,0.00043,0.11446,0.00043,0.11446,0.004640000000000005,0.004640000000000005,0.0
2201,CVE-2024-56883,2025-02-19,CVE-2024-0399,2025-04-16,6,0.05,0.00043,0.11699,0.0,0.00043,0.11699,0.0,0.0,1,0.00043,0.11704,0.00043,0.11704,5.000000000000837e-05,5.000000000000837e-05,0.0,0.00122,0.28381,0.02992,0.85428,0.16682000000000002,0.73729,-0.57047
2201,CVE-2024-56883,2025-02-19,CVE-2024-36623,2025-05-09,9,0.05,0.00043,0.11699,0.0,0.00045,0.17984,0.0,0.06285,2,0.00043,0.11704,0.00045,0.17937,5.000000000000837e-05,-0.0004699999999999982,0.0005200000000000066,0.00122,0.28381,0.0007,0.1862,0.16682000000000002,0.0063600000000000045,0.16046000000000002
2204,CVE-2024-56902,2025-04-08,CVE-2024-21111,2025-05-09,9,0.2999999999999998,0.03336,0.86203,0.0,0.0466,0.88347,0.0,0.021440000000000015,1,0.04489,0.88438,0.01513,0.8012,0.022350000000000092,-0.08226999999999995,0.10462000000000005,0.07808,0.91472,0.01513,0.80194,0.052690000000000015,-0.08152999999999999,0.13422
2221,CVE-2024-5705,2025-02-20,CVE-2024-4007,2025-04-03,8,0.05,0.00043,0.11709,0.0,0.00043,0.11709,0.0,0.0,1,0.00043,0.11767,0.00043,0.11767,0.0005799999999999972,0.0005799999999999972,0.0,0.00056,0.14327,0.00085,0.2202,0.02618000000000001,0.10311000000000001,-0.07693
2221,CVE-2024-5705,2025-02-20,CVE-2024-48827,2025-04-06,10,0.05,0.00043,0.11709,0.0,0.00045,0.1797,0.0,0.06261,2,0.00043,0.11767,0.00045,0.1825,0.0005799999999999972,0.002799999999999997,-0.0022199999999999998,0.00056,0.14327,0.00531,0.64773,0.02618000000000001,0.46803000000000006,-0.4418500000000001
2224,CVE-2024-5706,2025-02-20,CVE-2024-4007,2025-04-03,8,0.05,0.00043,0.11709,0.0,0.00043,0.11709,0.0,0.0,1,0.00043,0.11767,0.00043,0.11767,0.0005799999999999972,0.0005799999999999972,0.0,0.00205,0.39898,0.00085,0.2202,0.28189,0.10311000000000001,0.17877999999999997
2224,CVE-2024-5706,2025-02-20,CVE-2024-48827,2025-04-06,10,0.05,0.00043,0.11709,0.0,0.00045,0.1797,0.0,0.06261,2,0.00043,0.11767,0.00045,0.1825,0.0005799999999999972,0.002799999999999997,-0.0022199999999999998,0.00205,0.39898,0.00531,0.64773,0.28189,0.46803000000000006,-0.18614000000000008
2225,CVE-2024-57077,2025-02-06,CVE-2024-30896,2025-04-08,11,0.05,0.00043,0.11479,0.0,0.00043,0.11479,0.0,0.0,1,0.00043,0.11499,0.00043,0.11499,0.00019999999999999185,0.00019999999999999185,0.0,0.00043,0.1187,0.00043,0.1187,0.003909999999999997,0.003909999999999997,0.0
2225,CVE-2024-57077,2025-02-06,CVE-2024-53537,2025-04-14,12,0.05,0.00043,0.11479,0.0,0.00044,0.12654,0.0,0.01175000000000001,2,0.00043,0.11499,0.00044,0.12663,0.00019999999999999185,8.999999999997899e-05,0.00011000000000001287,0.00043,0.1187,0.00043,0.1187,0.003909999999999997,-0.007840000000000014,0.01175000000000001
2228,CVE-2024-57174,2025-03-06,CVE-2024-0399,2025-04-16,2,0.05,0.00043,0.11847,0.0,0.00043,0.11847,0.0,0.0,1,0.00043,0.11935,0.00043,0.11935,0.0008799999999999919,0.0008799999999999919,0.0,0.00031,0.05681,0.04798,0.88524,-0.061660000000000006,0.7667700000000001,-0.8284300000000001
2228,CVE-2024-57174,2025-03-06,CVE-2024-22257,2025-05-30,10,0.14999999999999963,0.00043,0.11847,0.0,0.00043,0.11847,0.0,0.0,2,0.00043,0.11935,0.00043,0.11935,0.0008799999999999919,0.0008799999999999919,0.0,0.00031,0.05681,0.00237,0.44091,-0.061660000000000006,0.32244,-0.3841
2228,CVE-2024-57174,2025-03-06,CVE-2024-36623,2025-05-09,5,0.05,0.00043,0.11847,0.0,0.00045,0.18333,0.0,0.06485999999999999,3,0.00043,0.11935,0.00045,0.18376,0.0008799999999999919,0.0004300000000000137,0.0004499999999999782,0.00031,0.05681,0.00097,0.24444,-0.061660000000000006,0.06111,-0.12277
2232,CVE-2024-57249,2025-02-10,CVE-2024-35539,2025-04-10,6,0.05,0.00043,0.11462,0.0,0.00043,0.11462,0.0,0.0,1,0.00043,0.11665,0.00043,0.11665,0.002030000000000004,0.002030000000000004,0.0,0.00043,0.11938,0.00043,0.11938,0.00476,0.00476,0.0
2232,CVE-2024-57249,2025-02-10,CVE-2024-53299,2025-05-08,9,0.05,0.00043,0.11462,0.0,0.00043,0.11462,0.0,0.0,2,0.00043,0.11665,0.00043,0.11665,0.002030000000000004,0.002030000000000004,0.0,0.00043,0.11938,0.00043,0.11938,0.00476,0.00476,0.0
2232,CVE-2024-57249,2025-02-10,CVE-2024-12342,2025-04-17,7,0.05,0.00043,0.11462,0.0,0.00045,0.1781,0.0,0.06348000000000001,3,0.00043,0.11665,0.00045,0.17966,0.002030000000000004,0.001559999999999978,0.00047000000000002595,0.00043,0.11938,0.00045,0.18372,0.00476,0.005619999999999986,-0.0008599999999999858
2233,CVE-2024-57357,2025-02-08,CVE-2024-0399,2025-04-16,11,0.14999999999999963,0.00043,0.11748,0.0,0.00043,0.11466,0.0,0.002820000000000003,1,0.00043,0.11945,0.00043,0.1166,0.0019699999999999995,0.0019399999999999973,3.0000000000002247e-05,0.00043,0.12151,0.00043,0.1187,0.004030000000000006,0.004040000000000002,-9.999999999996123e-06
2237,CVE-2024-57428,2025-02-06,CVE-2024-23346,2025-04-15,3,0.05,0.00043,0.11478,1.0,0.00043,0.11891,0.0,0.004130000000000009,1,0.00043,0.11499,0.00043,0.1191,0.00021000000000000185,0.00018999999999999573,2.0000000000006124e-05,0.00043,0.1187,0.00043,0.12258,0.003920000000000007,0.0036699999999999927,0.0002500000000000141
2240,CVE-2024-57432,2025-02-03,CVE-2024-35057,2025-04-11,7,0.05,0.00043,0.11437,0.0,0.00043,0.11437,0.0,0.0,1,0.00043,0.11462,0.00043,0.11462,0.0002500000000000002,0.0002500000000000002,0.0,0.00043,0.11829,0.00043,0.11829,0.003920000000000007,0.003920000000000007,0.0
2240,CVE-2024-57432,2025-02-03,CVE-2024-35058,2025-04-11,8,0.05,0.00043,0.11437,0.0,0.00043,0.11437,0.0,0.0,2,0.00043,0.11462,0.00043,0.11462,0.0002500000000000002,0.0002500000000000002,0.0,0.00043,0.11829,0.00043,0.11829,0.003920000000000007,0.003920000000000007,0.0
2240,CVE-2024-57432,2025-02-03,CVE-2024-35059,2025-04-11,9,0.05,0.00043,0.11437,0.0,0.00043,0.11437,0.0,0.0,3,0.00043,0.11462,0.00043,0.11462,0.0002500000000000002,0.0002500000000000002,0.0,0.00043,0.11829,0.00043,0.11829,0.003920000000000007,0.003920000000000007,0.0
2244,CVE-2024-57548,2025-01-28,CVE-2024-30896,2025-04-08,12,0.05,0.00043,0.11449,0.0,0.00043,0.11449,0.0,0.0,1,0.00043,0.11479,0.00043,0.11479,0.0003000000000000086,0.0003000000000000086,0.0,0.00043,0.11767,0.00043,0.11767,0.0031800000000000023,0.0031800000000000023,0.0
2254,CVE-2024-57699,2025-04-17,CVE-2024-39338,2025-05-27,1,0.0,0.00029,0.06741,0.0,0.00026,0.05456,0.0,0.01285,1,0.00029,0.06682,0.00026,0.05367,-0.0005899999999999933,-0.000889999999999995,0.00030000000000000165,0.00029,0.06714,0.00032,0.07833,-0.00026999999999999247,0.02377,-0.024039999999999992
2254,CVE-2024-57699,2025-04-17,CVE-2024-46687,2025-05-26,7,0.2999999999999998,0.00029,0.06741,0.0,0.00043,0.12858,0.0,0.06117,2,0.00029,0.06682,0.00043,0.1284,-0.0005899999999999933,-0.00018000000000001348,-0.0004099999999999798,0.00029,0.06714,0.00043,0.13011,-0.00026999999999999247,0.0015300000000000036,-0.001799999999999996
2256,CVE-2024-57726,2025-01-16,CVE-2024-41110,2025-05-09,4,0.05,0.00043,0.11287,0.0,0.00045,0.16089,0.0,0.04802000000000001,1,0.0005,0.21475,0.00045,0.1624,0.10188,0.0015099999999999836,0.10037000000000001,0.0005,0.21749,0.00045,0.16573,0.10461999999999999,0.004839999999999983,0.09978000000000001
2257,CVE-2024-57727,2025-01-28,CVE-2024-38813,2025-03-04,1,0.0,0.00466,0.75494,0.0,0.00416,0.74062,0.0,0.01432000000000011,1,0.00466,0.75514,0.00416,0.74081,0.00019999999999997797,0.00019000000000002348,9.99999999995449e-06,0.38505,0.97339,0.00416,0.74228,0.21844999999999992,0.0016600000000001058,0.21678999999999982
2258,CVE-2024-57728,2025-01-28,CVE-2024-44871,2025-03-27,1,0.05,0.0005,0.2155,0.0,0.0005,0.2155,0.0,0.0,1,0.00049,0.21272,0.0005,0.21546,-0.0027800000000000047,-3.999999999998449e-05,-0.00274000000000002,0.00049,0.21749,0.0005,0.22034,0.0019899999999999918,0.004840000000000011,-0.002850000000000019
2258,CVE-2024-57728,2025-01-28,CVE-2024-42471,2025-04-30,10,0.14999999999999963,0.0005,0.2155,0.0,0.00053,0.24083,0.0,0.02532999999999999,2,0.00049,0.21272,0.00053,0.24078,-0.0027800000000000047,-4.999999999999449e-05,-0.00273000000000001,0.00049,0.21749,0.00053,0.2455,0.0019899999999999918,0.0046700000000000075,-0.0026800000000000157
2258,CVE-2024-57728,2025-01-28,CVE-2024-12987,2025-05-17,12,0.14999999999999963,0.0005,0.2155,0.0,0.00046,0.18724,0.0,0.028260000000000007,3,0.00049,0.21272,0.00046,0.18712,-0.0027800000000000047,-0.00011999999999998123,-0.0026600000000000235,0.00049,0.21749,0.00046,0.19145,0.0019899999999999918,0.004210000000000019,-0.0022200000000000275
2260,CVE-2024-57823,2025-01-10,CVE-2024-23346,2025-04-15,3,0.05,0.00045,0.17529,1.0,0.00045,0.17579,0.0,0.0005000000000000004,1,0.00045,0.17686,0.00045,0.17733,0.001569999999999988,0.0015399999999999858,3.0000000000002247e-05,0.00045,0.17815,0.00043,0.11876,0.0028600000000000014,-0.05703,0.05989
2261,CVE-2024-57892,2025-01-15,CVE-2024-9956,2025-03-21,3,0.05,0.00045,0.17624,1.0,0.00046,0.19109,0.0,0.014850000000000002,1,0.00042,0.05079,0.00046,0.19231,-0.12545,0.0012199999999999989,-0.12667,0.00042,0.05025,0.00046,0.19485,-0.12599,0.0037599999999999856,-0.12974999999999998
2261,CVE-2024-57892,2025-01-15,CVE-2024-43590,2025-04-14,4,0.05,0.00045,0.17624,1.0,0.00048,0.19732,0.0,0.021079999999999988,2,0.00042,0.05079,0.00048,0.1985,-0.12545,0.0011800000000000144,-0.12663000000000002,0.00042,0.05025,0.00048,0.20098,-0.12599,0.0036599999999999966,-0.12965
2261,CVE-2024-57892,2025-01-15,CVE-2024-53197,2025-02-28,2,0.05,0.00045,0.17624,1.0,0.00044,0.15063,0.0,0.02561000000000002,3,0.00042,0.05079,0.00044,0.15157,-0.12545,0.0009400000000000241,-0.12639000000000003,0.00042,0.05025,0.00044,0.15419,-0.12599,0.0035600000000000076,-0.12955
2262,CVE-2024-57895,2025-01-15,CVE-2024-26634,2025-05-09,7,0.05,0.00045,0.17624,1.0,0.00045,0.17612,0.0,0.00012000000000000899,1,0.00042,0.05079,0.00045,0.1772,-0.12545,0.0010799999999999976,-0.12653,0.00042,0.05025,0.00045,0.17954,-0.12599,0.0034200000000000064,-0.12941
2262,CVE-2024-57895,2025-01-15,CVE-2024-27876,2025-04-24,5,0.05,0.00045,0.17624,1.0,0.0005,0.2113,0.0,0.03505999999999998,2,0.00042,0.05079,0.0005,0.21264,-0.12545,0.0013400000000000079,-0.12679,0.00042,0.05025,0.0005,0.21528,-0.12599,0.003980000000000011,-0.12997
2262,CVE-2024-57895,2025-01-15,CVE-2024-26181,2025-05-16,12,0.05,0.00045,0.17624,1.0,0.00053,0.23723,0.0,0.06098999999999999,3,0.00042,0.05079,0.00052,0.23379,-0.12545,-0.0034399999999999986,-0.12201000000000001,0.00042,0.05025,0.00056,0.26193,-0.12599,0.0247,-0.15069
2263,CVE-2024-57896,2025-01-15,CVE-2024-38193,2025-04-17,7,0.05,0.00044,0.12225,1.0,0.00043,0.1137,0.0,0.008550000000000002,1,0.00042,0.05079,0.00043,0.11475,-0.07146,0.0010500000000000093,-0.07251,0.00042,0.05025,0.00043,0.11744,-0.072,0.003740000000000007,-0.07574
2263,CVE-2024-57896,2025-01-15,CVE-2024-43085,2025-04-28,12,0.05,0.00044,0.12225,1.0,0.00043,0.11266,0.0,0.009590000000000001,2,0.00042,0.05079,0.00043,0.11371,-0.07146,0.0010500000000000093,-0.07251,0.00042,0.05025,0.00043,0.11641,-0.072,0.0037500000000000033,-0.07575
2263,CVE-2024-57896,2025-01-15,CVE-2024-53197,2025-02-28,2,0.05,0.00044,0.12225,1.0,0.00044,0.15063,0.0,0.02837999999999999,3,0.00042,0.05079,0.00044,0.15157,-0.07146,0.0009400000000000241,-0.07240000000000002,0.00042,0.05025,0.00044,0.15419,-0.072,0.0035600000000000076,-0.07556
2264,CVE-2024-57900,2025-01-15,CVE-2024-38193,2025-04-17,7,0.05,0.00044,0.12225,1.0,0.00043,0.1137,0.0,0.008550000000000002,1,0.00042,0.05079,0.00043,0.11475,-0.07146,0.0010500000000000093,-0.07251,0.00042,0.05025,0.00043,0.11744,-0.072,0.003740000000000007,-0.07574
2264,CVE-2024-57900,2025-01-15,CVE-2024-43085,2025-04-28,12,0.05,0.00044,0.12225,1.0,0.00043,0.11266,0.0,0.009590000000000001,2,0.00042,0.05079,0.00043,0.11371,-0.07146,0.0010500000000000093,-0.07251,0.00042,0.05025,0.00043,0.11641,-0.072,0.0037500000000000033,-0.07575
2264,CVE-2024-57900,2025-01-15,CVE-2024-53197,2025-02-28,2,0.05,0.00044,0.12225,1.0,0.00044,0.15063,0.0,0.02837999999999999,3,0.00042,0.05079,0.00044,0.15157,-0.07146,0.0009400000000000241,-0.07240000000000002,0.00042,0.05025,0.00044,0.15419,-0.072,0.0035600000000000076,-0.07556
2265,CVE-2024-57901,2025-01-15,CVE-2024-36424,2025-04-10,4,0.05,0.00044,0.12225,1.0,0.00043,0.11266,0.0,0.009590000000000001,1,0.00044,0.12307,0.00043,0.11371,0.0008200000000000013,0.0010500000000000093,-0.00023000000000000798,0.00044,0.12558,0.00043,0.11641,0.0033299999999999996,0.0037500000000000033,-0.0004200000000000037
2265,CVE-2024-57901,2025-01-15,CVE-2024-50204,2025-05-09,10,0.05,0.00044,0.12225,1.0,0.00043,0.11266,0.0,0.009590000000000001,2,0.00044,0.12307,0.00043,0.11371,0.0008200000000000013,0.0010500000000000093,-0.00023000000000000798,0.00044,0.12558,0.00043,0.11641,0.0033299999999999996,0.0037500000000000033,-0.0004200000000000037
2265,CVE-2024-57901,2025-01-15,CVE-2024-26634,2025-05-09,7,0.05,0.00044,0.12225,1.0,0.00045,0.17612,0.0,0.05387,3,0.00044,0.12307,0.00045,0.1772,0.0008200000000000013,0.0010799999999999976,-0.00025999999999999635,0.00044,0.12558,0.00045,0.17954,0.0033299999999999996,0.0034200000000000064,-9.000000000000674e-05
2266,CVE-2024-57902,2025-01-15,CVE-2024-36424,2025-04-10,4,0.05,0.00044,0.12225,1.0,0.00043,0.11266,0.0,0.009590000000000001,1,0.00044,0.12307,0.00043,0.11371,0.0008200000000000013,0.0010500000000000093,-0.00023000000000000798,0.00044,0.12558,0.00043,0.11641,0.0033299999999999996,0.0037500000000000033,-0.0004200000000000037
2266,CVE-2024-57902,2025-01-15,CVE-2024-50204,2025-05-09,10,0.05,0.00044,0.12225,1.0,0.00043,0.11266,0.0,0.009590000000000001,2,0.00044,0.12307,0.00043,0.11371,0.0008200000000000013,0.0010500000000000093,-0.00023000000000000798,0.00044,0.12558,0.00043,0.11641,0.0033299999999999996,0.0037500000000000033,-0.0004200000000000037
2266,CVE-2024-57902,2025-01-15,CVE-2024-26634,2025-05-09,7,0.05,0.00044,0.12225,1.0,0.00045,0.17612,0.0,0.05387,3,0.00044,0.12307,0.00045,0.1772,0.0008200000000000013,0.0010799999999999976,-0.00025999999999999635,0.00044,0.12558,0.00045,0.17954,0.0033299999999999996,0.0034200000000000064,-9.000000000000674e-05
2267,CVE-2024-57968,2025-02-03,CVE-2024-41110,2025-05-09,2,0.05,0.00043,0.11479,1.0,0.00045,0.16328,0.0,0.048490000000000005,1,0.00045,0.1781,0.00045,0.16368,0.06331,0.0003999999999999837,0.06291000000000002,0.00045,0.18325,0.00045,0.16846,0.06846,0.00517999999999999,0.06328
2268,CVE-2024-57971,2025-02-16,CVE-2024-53537,2025-04-14,11,0.05,0.00045,0.17961,0.0,0.00044,0.12827,0.0,0.05134,1,0.00045,0.17965,0.00043,0.11723,4.000000000001225e-05,-0.011039999999999994,0.011080000000000007,0.00071,0.191,0.00074,0.1997,0.011390000000000011,0.07143,-0.06003999999999998
2268,CVE-2024-57971,2025-02-16,CVE-2024-30896,2025-04-08,10,0.05,0.00045,0.17961,0.0,0.00043,0.1166,0.0,0.06301,2,0.00045,0.17965,0.00043,0.11723,4.000000000001225e-05,0.0006300000000000056,-0.0005899999999999933,0.00071,0.191,0.20217,0.95074,0.011390000000000011,0.83414,-0.82275
2269,CVE-2024-58044,2025-03-04,CVE-2024-46278,2025-04-16,6,0.05,0.00043,0.11829,1.0,0.00043,0.11827,0.0,2.0000000000006124e-05,1,0.00043,0.11882,0.00043,0.11882,0.0005299999999999888,0.0005499999999999949,-2.0000000000006124e-05,0.00013,0.0096,0.03602,0.86703,-0.10869000000000001,0.74876,-0.85745
2269,CVE-2024-58044,2025-03-04,CVE-2024-29944,2025-05-19,9,0.05,0.00043,0.11829,1.0,0.00045,0.18901,0.0,0.07072,2,0.00043,0.11882,0.00045,0.18924,0.0005299999999999888,0.00022999999999998022,0.0003000000000000086,0.00013,0.0096,0.00066,0.17682,-0.10869000000000001,-0.012190000000000006,-0.0965
2271,CVE-2024-58087,2025-03-13,CVE-2024-0399,2025-04-16,2,0.05,0.00044,0.12854,0.0,0.00043,0.11935,0.0,0.00918999999999999,1,0.00103,0.25491,0.02992,0.8543,0.12637000000000004,0.73495,-0.6085799999999999,0.00103,0.2543,0.0423,0.87768,0.12576000000000004,0.7583300000000001,-0.6325700000000001
2271,CVE-2024-58087,2025-03-13,CVE-2024-22257,2025-05-30,9,0.14999999999999963,0.00044,0.12854,0.0,0.00043,0.11935,0.0,0.00918999999999999,2,0.00103,0.25491,0.00237,0.44149,0.12637000000000004,0.32214,-0.19576999999999994,0.00103,0.2543,0.00237,0.44079,0.12576000000000004,0.32144,-0.19567999999999997
2271,CVE-2024-58087,2025-03-13,CVE-2024-36623,2025-05-09,5,0.05,0.00044,0.12854,0.0,0.00045,0.18376,0.0,0.05522000000000002,3,0.00103,0.25491,0.0007,0.18614,0.12637000000000004,0.0023799999999999932,0.12399000000000004,0.00103,0.2543,0.00097,0.24396,0.12576000000000004,0.060200000000000004,0.06556000000000003
2278,CVE-2024-58250,2025-04-22,CVE-2024-39338,2025-05-27,12,2.1000000000000005,0.00014,0.01551,0.0,0.00026,0.05361,0.0,0.038099999999999995,1,0.00018,0.03065,0.00029,0.06526,0.01514,0.01165,0.00349,0.00018,0.03066,0.0003,0.06859,0.01515,0.01498,0.00017
2280,CVE-2024-5910,2025-04-06,CVE-2024-27198,2025-05-13,3,0.05,0.8954,0.99538,0.0,0.94582,1.0,0.0,0.0046199999999999575,1,0.89479,0.99537,0.94582,1.0,-1.0000000000065512e-05,0.0,-1.0000000000065512e-05,0.90821,0.99589,0.94579,1.0,0.0005100000000000104,0.0,0.0005100000000000104
2280,CVE-2024-5910,2025-04-06,CVE-2024-29943,2025-05-19,4,0.05,0.8954,0.99538,0.0,0.23938,0.9558,0.0,0.03958000000000006,2,0.89479,0.99537,0.23938,0.95588,-1.0000000000065512e-05,7.999999999996898e-05,-9.00000000000345e-05,0.90821,0.99589,0.42067,0.97237,0.0005100000000000104,0.016569999999999974,-0.016059999999999963
2280,CVE-2024-5910,2025-04-06,CVE-2024-21591,2025-05-07,2,0.05,0.8954,0.99538,0.0,0.0694,0.90577,0.0,0.08961000000000008,3,0.89479,0.99537,0.0694,0.90592,-1.0000000000065512e-05,0.00014999999999998348,-0.000160000000000049,0.90821,0.99589,0.23476,0.9562,0.0005100000000000104,0.050430000000000086,-0.049920000000000075
2284,CVE-2024-6039,2025-04-10,CVE-2024-6485,2025-05-17,3,0.15000000000000052,0.00246,0.45202,0.0,0.00312,0.51481,0.0,0.06279000000000001,1,0.00142,0.35712,0.00039,0.10967,-0.09489999999999998,-0.40514,0.31024,0.00142,0.35691,0.0005,0.15436,-0.09510999999999997,-0.36045,0.26534
2284,CVE-2024-6039,2025-04-10,CVE-2024-6531,2025-05-17,4,0.15000000000000052,0.00246,0.45202,0.0,0.00312,0.51481,0.0,0.06279000000000001,2,0.00142,0.35712,0.00037,0.10393,-0.09489999999999998,-0.41088,0.31598000000000004,0.00142,0.35691,0.00044,0.13017,-0.09510999999999997,-0.38464,0.28953
2286,CVE-2024-6244,2025-04-09,CVE-2024-1708,2025-05-13,8,0.45000000000000034,0.23291,0.95489,0.0,0.76932,0.98905,0.0,0.03415999999999997,1,0.0279,0.8527,0.47068,0.97474,-0.10219,-0.014309999999999934,-0.08788000000000007,0.0279,0.85307,0.42165,0.9725,-0.10182000000000002,-0.016549999999999954,-0.08527000000000007
2287,CVE-2024-6298,2025-04-02,CVE-2024-41110,2025-05-09,2,0.14999999999999963,0.01575,0.79902,0.0,0.01389,0.78663,0.0,0.012389999999999901,1,0.07477,0.90983,0.01644,0.80371,0.11081000000000008,0.017079999999999984,0.09373000000000009,0.07863,0.91573,0.01684,0.8127,0.11671000000000009,0.026069999999999927,0.09064000000000016
2287,CVE-2024-6298,2025-04-02,CVE-2024-37014,2025-05-19,7,0.24999999999999928,0.01575,0.79902,0.0,0.01883,0.81593,0.0,0.01691000000000009,2,0.07477,0.90983,0.01989,0.82095,0.11081000000000008,0.005019999999999913,0.10579000000000016,0.07863,0.91573,0.02498,0.84523,0.11671000000000009,0.029299999999999993,0.0874100000000001
2288,CVE-2024-6327,2025-04-17,CVE-2024-37014,2025-05-19,1,0.09999999999999964,0.01829,0.81885,0.0,0.02498,0.84441,0.0,0.025560000000000027,1,0.01829,0.81887,0.02498,0.84445,2.0000000000020002e-05,4.0000000000040004e-05,-2.0000000000020002e-05,0.01665,0.81128,0.02498,0.84517,-0.007569999999999966,0.0007599999999999829,-0.008329999999999949
2292,CVE-2024-6407,2025-04-22,CVE-2024-22257,2025-05-30,9,1.8500000000000014,0.00144,0.3582,0.0,0.00192,0.41712,0.0,0.05891999999999997,1,0.00156,0.37404,0.00148,0.36451,0.015839999999999965,-0.05260999999999999,0.06844999999999996,0.00183,0.40783,0.00148,0.36539,0.04963000000000001,-0.05173,0.10136
2292,CVE-2024-6407,2025-04-22,CVE-2024-47460,2025-05-23,6,0.8000000000000007,0.00144,0.3582,0.0,0.00102,0.29365,0.0,0.06455,2,0.00156,0.37404,0.00102,0.29335,0.015839999999999965,-0.00030000000000002247,0.016139999999999988,0.00183,0.40783,0.00102,0.29366,0.04963000000000001,9.99999999995449e-06,0.04962000000000005
2299,CVE-2024-6670,2025-03-25,CVE-2024-27198,2025-05-13,3,0.05,0.94309,0.99938,0.0,0.94582,1.0,0.0,0.0006199999999999539,1,0.94309,0.99937,0.94582,1.0,-1.0000000000065512e-05,0.0,-1.0000000000065512e-05,0.94467,0.99993,0.94579,1.0,0.0005499999999999394,0.0,0.0005499999999999394
2299,CVE-2024-6670,2025-03-25,CVE-2024-29943,2025-05-19,4,0.05,0.94309,0.99938,0.0,0.24595,0.9563,0.0,0.04308000000000001,2,0.94309,0.99937,0.24595,0.95677,-1.0000000000065512e-05,0.00046999999999997044,-0.00048000000000003595,0.94467,0.99993,0.17035,0.94564,0.0005499999999999394,-0.010660000000000003,0.011209999999999942
2299,CVE-2024-6670,2025-03-25,CVE-2024-21591,2025-05-07,2,0.05,0.94309,0.99938,0.0,0.0694,0.90489,0.0,0.09449000000000007,3,0.94309,0.99937,0.0694,0.90556,-1.0000000000065512e-05,0.0006700000000000594,-0.000680000000000125,0.94467,0.99993,0.23476,0.95598,0.0005499999999999394,0.05109000000000008,-0.05054000000000014
2300,CVE-2024-6671,2025-03-25,CVE-2024-29943,2025-05-19,4,0.05,0.12416,0.93226,0.0,0.24595,0.9563,0.0,0.02404000000000006,1,0.12416,0.93296,0.24595,0.95677,0.0007000000000000339,0.00046999999999997044,0.0002300000000000635,0.02387,0.8409,0.17035,0.94564,-0.09136,-0.010660000000000003,-0.0807
2300,CVE-2024-6671,2025-03-25,CVE-2024-21591,2025-05-07,2,0.05,0.12416,0.93226,0.0,0.0694,0.90489,0.0,0.027370000000000005,2,0.12416,0.93296,0.0694,0.90556,0.0007000000000000339,0.0006700000000000594,2.999999999997449e-05,0.02387,0.8409,0.23476,0.95598,-0.09136,0.05109000000000008,-0.14245000000000008
2300,CVE-2024-6671,2025-03-25,CVE-2024-27198,2025-05-13,3,0.05,0.12416,0.93226,0.0,0.94582,1.0,0.0,0.06774000000000002,3,0.12416,0.93296,0.94582,1.0,0.0007000000000000339,0.0,0.0007000000000000339,0.02387,0.8409,0.94579,1.0,-0.09136,0.0,-0.09136
2302,CVE-2024-6769,2024-09-27,CVE-2024-20054,2025-05-07,12,0.15000000000000052,0.00043,0.09601,0.0,0.00043,0.09601,0.0,0.0,1,0.00043,0.09629,0.00043,0.09629,0.00028000000000000247,0.00028000000000000247,0.0,0.00043,0.09833,0.00043,0.09833,0.0023200000000000026,0.0023200000000000026,0.0
2302,CVE-2024-6769,2024-09-27,CVE-2024-40893,2025-03-17,5,0.14999999999999963,0.00043,0.09601,0.0,0.00043,0.10259,0.0,0.0065800000000000025,2,0.00043,0.09629,0.00043,0.10286,0.00028000000000000247,0.00026999999999999247,1.0000000000010001e-05,0.00043,0.09833,0.00043,0.10495,0.0023200000000000026,0.002360000000000001,-3.999999999999837e-05
2302,CVE-2024-6769,2024-09-27,CVE-2024-23922,2025-04-08,7,0.14999999999999963,0.00043,0.09601,0.0,0.00046,0.16952,0.0,0.07351,3,0.00043,0.09629,0.00058,0.25769,0.00028000000000000247,0.08816999999999997,-0.08788999999999997,0.00043,0.09833,0.00058,0.26015,0.0023200000000000026,0.09062999999999999,-0.08830999999999999
2303,CVE-2024-6778,2024-10-17,CVE-2024-8376,2025-04-17,6,0.0,0.00043,0.09695,0.0,0.00044,0.10991,0.0,0.01296,1,0.00043,0.09754,0.00044,0.11089,0.0005900000000000072,0.0009800000000000086,-0.00039000000000000146,0.00043,0.10187,0.00145,0.51536,0.004920000000000008,0.40545000000000003,-0.40053000000000005
2304,CVE-2024-6784,2024-12-05,CVE-2024-41110,2025-05-09,9,0.05,0.00043,0.10597,3.0,0.00045,0.15804,0.0,0.05207000000000002,1,0.00043,0.10812,0.00045,0.16046,0.002149999999999999,0.0024199999999999777,-0.0002699999999999786,0.00043,0.11007,0.00045,0.15874,0.004100000000000006,0.0006999999999999784,0.003400000000000028
2310,CVE-2024-7344,2025-01-16,CVE-2024-22257,2025-05-30,9,0.05,0.00045,0.17624,0.0,0.00043,0.11287,0.0,0.06337000000000001,1,0.00042,0.00299,0.00043,0.11403,-0.17325000000000002,0.0011600000000000082,-0.17441,0.00042,0.0029,0.00043,0.1166,-0.17334,0.003729999999999997,-0.17707
2315,CVE-2024-7801,2025-04-05,CVE-2024-6484,2025-05-17,11,0.14999999999999963,0.00109,0.26415,0.0,0.00113,0.26944,0.0,0.005290000000000017,1,0.00982,0.74889,0.00149,0.32298,0.48473999999999995,0.053539999999999976,0.43119999999999997,0.00132,0.34148,0.00038,0.10383,0.07733000000000001,-0.16561,0.24294000000000002
2315,CVE-2024-7801,2025-04-05,CVE-2024-36621,2025-05-09,3,0.05,0.00109,0.26415,0.0,0.00097,0.24444,0.0,0.019710000000000005,2,0.00982,0.74889,0.00097,0.24396,0.48473999999999995,-0.00047999999999998044,0.48521999999999993,0.00132,0.34148,0.00078,0.24207,0.07733000000000001,-0.0023699999999999832,0.0797
2315,CVE-2024-7801,2025-04-05,CVE-2024-33663,2025-05-11,5,0.05,0.00109,0.26415,0.0,0.00093,0.23725,0.0,0.026900000000000007,3,0.00982,0.74889,0.00093,0.23663,0.48473999999999995,-0.0006199999999999817,0.4853599999999999,0.00132,0.34148,0.00041,0.1182,0.07733000000000001,-0.11904999999999999,0.19638
2316,CVE-2024-7815,2025-04-10,CVE-2024-56378,2025-05-17,7,2.1999999999999997,0.00107,0.26062,0.0,0.00098,0.24747,0.0,0.013150000000000023,1,0.00135,0.3463,0.00098,0.28747,0.08567999999999998,0.04000000000000001,0.04567999999999997,0.00164,0.38412,0.0016,0.37951,0.1235,0.13204000000000002,-0.00854000000000002
2316,CVE-2024-7815,2025-04-10,CVE-2024-32152,2025-05-18,2,0.7500000000000002,0.00107,0.26062,0.0,0.00147,0.31939,0.0,0.05876999999999999,2,0.00135,0.3463,0.00077,0.23965,0.08567999999999998,-0.07974,0.16541999999999998,0.00164,0.38412,0.00084,0.25631,0.1235,-0.06308000000000002,0.18658000000000002
2316,CVE-2024-7815,2025-04-10,CVE-2024-13176,2025-05-17,5,1.9999999999999998,0.00107,0.26062,0.0,0.00075,0.19845,0.0,0.06217000000000003,3,0.00135,0.3463,0.00033,0.0794,0.08567999999999998,-0.11904999999999999,0.20472999999999997,0.00164,0.38412,0.00033,0.07892,0.1235,-0.11952999999999998,0.24302999999999997
2319,CVE-2024-7971,2025-04-13,CVE-2024-37051,2025-05-16,12,0.3499999999999989,0.04698,0.88401,0.0,0.05467,0.89279,0.0,0.00878000000000001,1,0.00384,0.58624,0.01769,0.81598,-0.29777,-0.07680999999999993,-0.22096000000000005,0.00392,0.5921,0.01938,0.82409,-0.29191,-0.06869999999999998,-0.22321000000000002
2319,CVE-2024-7971,2025-04-13,CVE-2024-5274,2025-05-16,1,0.05,0.04698,0.88401,0.0,0.17325,0.94529,0.0,0.06128,2,0.00384,0.58624,0.01117,0.76994,-0.29777,-0.17535,-0.12241999999999997,0.00392,0.5921,0.01747,0.81514,-0.29191,-0.13015,-0.16176000000000001
2319,CVE-2024-7971,2025-04-13,CVE-2024-37014,2025-05-19,9,0.25000000000000105,0.04698,0.88401,0.0,0.01989,0.82113,0.0,0.06287999999999994,3,0.00384,0.58624,0.02498,0.84448,-0.29777,0.023349999999999982,-0.32111999999999996,0.00392,0.5921,0.02498,0.84478,-0.29191,0.02364999999999995,-0.31555999999999995
2324,CVE-2024-8376,2025-04-17,CVE-2024-47461,2025-05-23,6,0.3499999999999998,0.00251,0.48449,0.0,0.00251,0.4846,0.0,0.00010999999999999899,1,0.00251,0.48411,0.00251,0.48423,-0.00037999999999999146,-0.00036999999999998145,-1.0000000000010001e-05,0.00277,0.5083,0.00251,0.48516,0.023809999999999998,0.0005600000000000049,0.023249999999999993
2324,CVE-2024-8376,2025-04-17,CVE-2024-22257,2025-05-30,9,0.7499999999999993,0.00251,0.48449,0.0,0.00192,0.41792,0.0,0.06656999999999996,2,0.00251,0.48411,0.00192,0.41706,-0.00037999999999999146,-0.0008600000000000274,0.00048000000000003595,0.00277,0.5083,0.00161,0.38087,0.023809999999999998,-0.03705000000000003,0.060860000000000025
2325,CVE-2024-8420,2025-02-28,CVE-2024-10525,2025-04-17,8,0.0,0.00091,0.41121,1.0,0.00068,0.32844,0.0,0.08277000000000001,1,0.00091,0.41223,0.00068,0.32946,0.0010199999999999654,0.0010199999999999654,0.0,0.00064,0.16974,0.00194,0.38416,-0.24147000000000002,0.05571999999999999,-0.29719
2326,CVE-2024-8425,2025-02-28,CVE-2024-10525,2025-04-17,8,0.0,0.00091,0.41121,1.0,0.00068,0.32844,0.0,0.08277000000000001,1,0.00091,0.41223,0.00068,0.32946,0.0010199999999999654,0.0010199999999999654,0.0,0.0029,0.49449,0.00194,0.38416,0.08327999999999997,0.05571999999999999,0.027559999999999973
2329,CVE-2024-8522,2025-04-11,CVE-2024-1709,2025-05-29,1,0.05,0.88367,0.99473,0.0,0.94123,0.99902,0.0,0.004290000000000016,1,0.81226,0.99092,0.94364,0.99951,-0.00380999999999998,0.0004899999999999904,-0.0042999999999999705,0.80501,0.99063,0.94364,0.9995,-0.0040999999999999925,0.00048000000000003595,-0.0045800000000000285
2329,CVE-2024-8522,2025-04-11,CVE-2024-27198,2025-05-13,2,0.24999999999999928,0.88367,0.99473,0.0,0.94582,1.0,0.0,0.005269999999999997,2,0.81226,0.99092,0.94579,1.0,-0.00380999999999998,0.0,-0.00380999999999998,0.80501,0.99063,0.94579,1.0,-0.0040999999999999925,0.0,-0.0040999999999999925
2329,CVE-2024-8522,2025-04-11,CVE-2024-29943,2025-05-19,3,0.24999999999999928,0.88367,0.99473,0.0,0.23938,0.95585,0.0,0.038880000000000026,3,0.81226,0.99092,0.17035,0.94565,-0.00380999999999998,-0.010199999999999987,0.006390000000000007,0.80501,0.99063,0.59083,0.9808,-0.0040999999999999925,0.024950000000000028,-0.02905000000000002
2332,CVE-2024-8613,2025-03-20,CVE-2024-43085,2025-04-28,12,0.3499999999999998,0.00031,0.05405,0.0,9e-05,0.00406,0.0,0.04999,1,0.00029,0.0481,9e-05,0.00388,-0.005950000000000004,-0.00018000000000000004,-0.005770000000000004,0.00029,0.06516,7e-05,0.00371,0.011109999999999995,-0.00035000000000000005,0.011459999999999994
2333,CVE-2024-8616,2025-03-20,CVE-2024-36623,2025-05-09,5,0.14999999999999963,0.00043,0.10165,0.0,0.0007,0.18614,0.0,0.08449,1,0.00053,0.13105,0.0007,0.18295,0.029399999999999996,-0.0031899999999999984,0.032589999999999994,0.00053,0.16428,0.0007,0.22074,0.06263,0.03459999999999999,0.028030000000000013
2334,CVE-2024-8672,2024-12-18,CVE-2024-41110,2025-05-09,7,0.05,0.00045,0.17327,0.0,0.00045,0.1576,0.0,0.015670000000000017,1,0.00045,0.17324,0.00045,0.15794,-3.0000000000002247e-05,0.00034000000000000696,-0.0003700000000000092,0.00045,0.17686,0.00045,0.16167,0.003589999999999982,0.004070000000000018,-0.00048000000000003595
2336,CVE-2024-8690,2025-03-21,CVE-2024-0131,2025-05-17,2,0.05,0.00035,0.06707,0.0,0.00021,0.0322,0.0,0.034870000000000005,1,0.00035,0.06815,0.00021,0.03269,0.0010799999999999976,0.0004899999999999974,0.0005900000000000002,0.00028,0.06062,0.00022,0.04392,-0.006450000000000004,0.011720000000000001,-0.018170000000000006
2336,CVE-2024-8690,2025-03-21,CVE-2024-20900,2025-04-28,11,0.45000000000000034,0.00035,0.06707,0.0,0.00044,0.10293,0.0,0.03585999999999999,2,0.00035,0.06815,0.00045,0.10662,0.0010799999999999976,0.0036900000000000127,-0.002610000000000015,0.00028,0.06062,0.00024,0.04976,-0.006450000000000004,-0.053169999999999995,0.04671999999999999
2336,CVE-2024-8690,2025-03-21,CVE-2024-10445,2025-05-02,3,0.10000000000000053,0.00035,0.06707,0.0,0.00013,0.01054,0.0,0.056530000000000004,3,0.00035,0.06815,0.00021,0.03273,0.0010799999999999976,0.02219,-0.021110000000000004,0.00028,0.06062,0.00042,0.12513,-0.006450000000000004,0.11459,-0.12104000000000001
2338,CVE-2024-8769,2025-03-20,CVE-2024-47460,2025-05-23,7,0.14999999999999963,0.0016,0.33778,0.0,0.0019,0.38139,0.0,0.04360999999999998,1,0.00263,0.4642,0.0019,0.37599,0.12641999999999998,-0.005400000000000016,0.13182,0.00263,0.49554,0.00102,0.29486,0.15775999999999996,-0.08653,0.24428999999999995
2338,CVE-2024-8769,2025-03-20,CVE-2024-4990,2025-05-05,3,0.05,0.0016,0.33778,0.0,0.00098,0.24751,0.0,0.09027000000000002,2,0.00263,0.4642,0.00078,0.20121,0.12641999999999998,-0.04630000000000001,0.17271999999999998,0.00263,0.49554,0.0003,0.07215,0.15775999999999996,-0.17536000000000002,0.33311999999999997
2340,CVE-2024-8811,2025-04-23,CVE-2024-46687,2025-05-26,1,0.0,0.0005,0.15663,0.0,0.00043,0.12832,0.0,0.028310000000000002,1,0.0005,0.15692,0.00043,0.12869,0.00029000000000001247,0.0003700000000000092,-7.999999999999674e-05,0.00035,0.08875,0.00044,0.1331,-0.06788,0.0047800000000000065,-0.07266
2343,CVE-2024-8925,2025-04-10,CVE-2024-0131,2025-05-17,8,1.5500000000000003,0.00029,0.05142,0.0,0.00021,0.03271,0.0,0.018709999999999997,1,0.00032,0.07656,0.00022,0.04422,0.025140000000000003,0.01151,0.013630000000000003,0.00031,0.07418,0.00022,0.04367,0.022759999999999996,0.010959999999999998,0.011799999999999998
2343,CVE-2024-8925,2025-04-10,CVE-2024-0149,2025-05-17,3,0.19999999999999973,0.00029,0.05142,0.0,0.0002,0.02986,0.0,0.02156,2,0.00032,0.07656,0.0002,0.03742,0.025140000000000003,0.007560000000000001,0.017580000000000002,0.00031,0.07418,0.0002,0.03625,0.022759999999999996,0.006389999999999996,0.01637
2343,CVE-2024-8925,2025-04-10,CVE-2024-43799,2025-05-17,12,2.15,0.00029,0.05142,0.0,0.00017,0.02032,0.0,0.0311,3,0.00032,0.07656,0.00025,0.05225,0.025140000000000003,0.03193,-0.006789999999999997,0.00031,0.07418,0.00025,0.05237,0.022759999999999996,0.032049999999999995,-0.00929
2344,CVE-2024-8929,2025-04-10,CVE-2024-0147,2025-05-17,4,0.2999999999999998,0.00028,0.04758,0.0,0.00023,0.03605,0.0,0.011529999999999999,1,0.00015,0.01993,0.00023,0.04591,-0.027649999999999997,0.00986,-0.03751,0.00022,0.04341,0.00023,0.04514,-0.00417,0.00909,-0.013260000000000001
2344,CVE-2024-8929,2025-04-10,CVE-2024-53869,2025-05-17,6,0.2999999999999998,0.00028,0.04758,0.0,0.00018,0.02368,0.0,0.023899999999999998,2,0.00015,0.01993,0.00018,0.029,-0.027649999999999997,0.005320000000000002,-0.03297,0.00022,0.04341,0.00018,0.0286,-0.00417,0.004920000000000001,-0.00909
2346,CVE-2024-8945,2025-03-28,CVE-2024-26634,2025-05-09,2,0.05,0.00106,0.25705,0.0,0.00091,0.23224,0.0,0.02481,1,0.00197,0.38852,0.00091,0.23323,0.13146999999999998,0.0009899999999999909,0.13047999999999998,0.0008,0.24782,9e-05,0.00635,-0.009229999999999988,-0.22589,0.21666000000000002
2346,CVE-2024-8945,2025-03-28,CVE-2024-26626,2025-05-20,11,0.05,0.00106,0.25705,0.0,0.00091,0.23224,0.0,0.02481,2,0.00197,0.38852,0.00091,0.23323,0.13146999999999998,0.0009899999999999909,0.13047999999999998,0.0008,0.24782,0.00018,0.0286,-0.009229999999999988,-0.20364,0.19441
2346,CVE-2024-8945,2025-03-28,CVE-2024-26627,2025-05-20,12,0.05,0.00106,0.25705,0.0,0.0009,0.23104,0.0,0.026010000000000005,3,0.00197,0.38852,0.0009,0.23203,0.13146999999999998,0.0009899999999999909,0.13047999999999998,0.0008,0.24782,0.00013,0.01297,-0.009229999999999988,-0.21806999999999999,0.20884
2347,CVE-2024-8950,2024-12-25,CVE-2024-41110,2025-05-09,6,0.05,0.0005,0.20991,1.0,0.00045,0.15794,0.0,0.051970000000000016,1,0.0005,0.21083,0.00045,0.15846,0.0009199999999999764,0.0005199999999999927,0.0003999999999999837,0.0005,0.2148,0.00045,0.16249,0.004889999999999978,0.0045499999999999985,0.0003399999999999792
2348,CVE-2024-8954,2025-03-20,CVE-2024-9142,2025-04-21,3,0.05,0.00075,0.19785,0.0,0.00116,0.27561,0.0,0.07776000000000002,1,0.00082,0.20987,0.00116,0.27074,0.012020000000000003,-0.004870000000000041,0.016890000000000044,0.00086,0.26311,0.00096,0.28338,0.06526000000000001,0.007769999999999999,0.05749000000000001
2349,CVE-2024-8963,2025-01-23,CVE-2024-21887,2025-04-03,11,0.3000000000000007,0.96799,0.998,0.0,0.97258,0.99924,0.0,0.0012400000000000189,1,0.96799,0.99799,0.97258,0.99927,-9.99999999995449e-06,2.999999999997449e-05,-3.999999999992898e-05,0.9664,0.9977,0.97322,0.99949,-0.00029999999999996696,0.00024999999999997247,-0.0005499999999999394
2349,CVE-2024-8963,2025-01-23,CVE-2024-7971,2025-04-13,6,0.24999999999999928,0.96799,0.998,0.0,0.06612,0.93757,0.0,0.060429999999999984,2,0.96799,0.99799,0.06417,0.93673,-9.99999999995449e-06,-0.0008400000000000629,0.0008300000000001084,0.9664,0.9977,0.06417,0.93712,-0.00029999999999996696,-0.00045000000000006146,0.0001500000000000945
2353,CVE-2024-8999,2025-03-20,CVE-2024-39338,2025-05-27,11,0.05,0.00075,0.19785,0.0,0.00093,0.23873,0.0,0.04088,1,0.00082,0.20987,0.00024,0.03601,0.012020000000000003,-0.20272,0.21474000000000001,0.00084,0.25696,0.00026,0.05443,0.059110000000000024,-0.1843,0.24341000000000002
2354,CVE-2024-9026,2025-04-10,CVE-2024-0131,2025-05-17,8,1.3500000000000005,0.00033,0.0609,0.0,0.00021,0.03271,0.0,0.02819,1,0.00016,0.02247,0.00022,0.04422,-0.038430000000000006,0.01151,-0.049940000000000005,0.00017,0.02631,0.00022,0.04367,-0.03459,0.010959999999999998,-0.04555
2354,CVE-2024-9026,2025-04-10,CVE-2024-0149,2025-05-17,1,0.0,0.00033,0.0609,0.0,0.0002,0.02986,0.0,0.03104,2,0.00016,0.02247,0.0002,0.03742,-0.038430000000000006,0.007560000000000001,-0.04599,0.00017,0.02631,0.0002,0.03625,-0.03459,0.006389999999999996,-0.04098
2354,CVE-2024-9026,2025-04-10,CVE-2024-43799,2025-05-17,12,1.9500000000000002,0.00033,0.0609,0.0,0.00017,0.02032,0.0,0.040580000000000005,3,0.00016,0.02247,0.00025,0.05225,-0.038430000000000006,0.03193,-0.07036,0.00017,0.02631,0.00025,0.05237,-0.03459,0.032049999999999995,-0.06664
2355,CVE-2024-9053,2025-03-20,CVE-2024-48061,2025-05-19,11,0.05,0.00492,0.63049,0.0,0.00518,0.64213,0.0,0.011639999999999984,1,0.0029,0.49109,0.00518,0.63599,-0.13939999999999997,-0.006139999999999923,-0.13326000000000005,0.0029,0.52019,0.00432,0.6152,-0.11029999999999995,-0.02693000000000001,-0.08336999999999994
2355,CVE-2024-9053,2025-03-20,CVE-2024-20103,2025-05-07,5,0.05,0.00492,0.63049,0.0,0.00573,0.6624,0.0,0.031909999999999994,2,0.0029,0.49109,0.00573,0.65657,-0.13939999999999997,-0.005830000000000002,-0.13356999999999997,0.0029,0.52019,0.003,0.52758,-0.11029999999999995,-0.13481999999999994,0.024519999999999986
2355,CVE-2024-9053,2025-03-20,CVE-2024-42835,2025-05-19,10,0.05,0.00492,0.63049,0.0,0.00408,0.58544,0.0,0.045050000000000034,3,0.0029,0.49109,0.00408,0.57872,-0.13939999999999997,-0.006719999999999948,-0.13268000000000002,0.0029,0.52019,0.00475,0.63524,-0.11029999999999995,0.049800000000000066,-0.16010000000000002
2356,CVE-2024-9054,2025-04-04,CVE-2024-21833,2025-05-15,2,0.05,0.00952,0.74434,0.0,0.0128,0.7782,0.0,0.03386,1,0.06647,0.90363,0.0128,0.77865,0.15929000000000004,0.00044999999999995044,0.1588400000000001,0.08201,0.91719,0.00126,0.33343,0.17284999999999995,-0.44477,0.61762
2356,CVE-2024-9054,2025-04-04,CVE-2024-21626,2025-05-09,8,0.25000000000000105,0.00952,0.74434,0.0,0.01947,0.81893,0.0,0.07459000000000005,2,0.06647,0.90363,0.01947,0.81938,0.15929000000000004,0.00044999999999995044,0.1588400000000001,0.08201,0.91719,0.03326,0.86584,0.17284999999999995,0.04691000000000001,0.12593999999999994
2357,CVE-2024-9070,2025-03-20,CVE-2024-9142,2025-04-21,3,0.05,0.00072,0.19158,0.0,0.00116,0.27561,0.0,0.08403000000000002,1,0.00076,0.19673,0.00116,0.27074,0.005149999999999988,-0.004870000000000041,0.010020000000000029,0.00076,0.23588,0.00096,0.28338,0.044300000000000006,0.007769999999999999,0.03653000000000001
2359,CVE-2024-9099,2025-03-20,CVE-2024-43085,2025-04-28,12,0.3499999999999998,0.00035,0.06491,0.0,9e-05,0.00406,0.0,0.060849999999999994,1,0.0003,0.05194,9e-05,0.00388,-0.012969999999999995,-0.00018000000000000004,-0.012789999999999996,0.00022,0.04434,7e-05,0.00371,-0.020569999999999998,-0.00035000000000000005,-0.02022
2360,CVE-2024-9110,2024-11-16,CVE-2024-1234,2025-04-05,3,0.05,0.00043,0.10187,0.0,0.00043,0.10187,0.0,0.0,1,0.00043,0.10364,0.00043,0.10364,0.0017699999999999938,0.0017699999999999938,0.0,0.00043,0.10939,0.00043,0.10939,0.007519999999999999,0.007519999999999999,0.0
2360,CVE-2024-9110,2024-11-16,CVE-2024-6484,2025-05-17,5,0.05,0.00043,0.10187,0.0,0.00043,0.10187,0.0,0.0,2,0.00043,0.10364,0.00043,0.10364,0.0017699999999999938,0.0017699999999999938,0.0,0.00043,0.10939,0.00043,0.10939,0.007519999999999999,0.007519999999999999,0.0
2360,CVE-2024-9110,2024-11-16,CVE-2024-6485,2025-05-17,6,0.05,0.00043,0.10187,0.0,0.00043,0.10187,0.0,0.0,3,0.00043,0.10364,0.00043,0.10364,0.0017699999999999938,0.0017699999999999938,0.0,0.00043,0.10939,0.00043,0.10939,0.007519999999999999,0.007519999999999999,0.0
2363,CVE-2024-9138,2025-01-06,CVE-2024-47461,2025-05-23,5,0.05,0.00043,0.11007,0.0,0.00043,0.11007,0.0,0.0,1,0.00043,0.11157,0.00043,0.11157,0.0015000000000000013,0.0015000000000000013,0.0,0.00043,0.11488,0.00043,0.11488,0.004809999999999995,0.004809999999999995,0.0
2363,CVE-2024-9138,2025-01-06,CVE-2024-53150,2025-04-07,6,0.10000000000000053,0.00043,0.11007,0.0,0.00044,0.14865,0.0,0.03858,2,0.00043,0.11157,0.00042,0.05057,0.0015000000000000013,-0.09808,0.09958,0.00043,0.11488,0.00042,0.05074,0.004809999999999995,-0.09791,0.10271999999999999
2363,CVE-2024-9138,2025-01-06,CVE-2024-35061,2025-04-11,8,0.14999999999999963,0.00043,0.11007,0.0,0.00045,0.17473,0.0,0.06466,3,0.00043,0.11157,0.00045,0.17537,0.0015000000000000013,0.0006400000000000017,0.0008599999999999997,0.00043,0.11488,0.00045,0.17834,0.004809999999999995,0.003610000000000002,0.0011999999999999927
2365,CVE-2024-9142,2025-04-21,CVE-2024-47460,2025-05-23,6,0.8000000000000007,0.00109,0.30434,0.0,0.00102,0.29403,0.0,0.010309999999999986,1,0.00109,0.30388,0.00102,0.29344,-0.00046000000000001595,-0.0005900000000000349,0.000130000000000019,0.00122,0.32631,0.00102,0.29341,0.02196999999999999,-0.0006200000000000094,0.02259
2366,CVE-2024-9149,2025-03-04,CVE-2024-39936,2025-05-17,5,0.05,0.00087,0.39624,1.0,0.00087,0.39612,0.0,0.00011999999999995348,1,0.00087,0.39655,0.00087,0.39655,0.00031000000000003247,0.00042999999999998595,-0.00011999999999995348,0.00039,0.08715,0.00081,0.21041,-0.30909,-0.18571000000000001,-0.12337999999999996
2370,CVE-2024-9193,2025-02-28,CVE-2024-10525,2025-04-17,8,0.0,0.00091,0.41121,1.0,0.00068,0.32844,0.0,0.08277000000000001,1,0.00873,0.82592,0.00068,0.32946,0.41470999999999997,0.0010199999999999654,0.41369,0.17503,0.94539,0.00194,0.38416,0.5341799999999999,0.05571999999999999,0.4784599999999999
2371,CVE-2024-9195,2025-02-28,CVE-2024-39304,2025-04-09,10,0.05,0.0005,0.22021,1.0,0.0005,0.22027,0.0,6.0000000000004494e-05,1,0.0005,0.22131,0.0005,0.22131,0.0011000000000000176,0.0010400000000000131,6.0000000000004494e-05,0.0004,0.08965,0.20878,0.95139,-0.13056,0.73112,-0.86168
2371,CVE-2024-9195,2025-02-28,CVE-2024-48827,2025-04-06,8,0.05,0.0005,0.22021,1.0,0.00045,0.18251,0.0,0.037699999999999984,2,0.0005,0.22131,0.00045,0.1835,0.0011000000000000176,0.0009899999999999909,0.00011000000000002674,0.0004,0.08965,0.00531,0.64624,-0.13056,0.46373000000000003,-0.59429
2371,CVE-2024-9195,2025-02-28,CVE-2024-9054,2025-04-04,7,0.05,0.0005,0.22021,1.0,0.00064,0.3081,0.0,0.08789,3,0.0005,0.22131,0.00064,0.30914,0.0011000000000000176,0.001040000000000041,5.999999999997674e-05,0.0004,0.08965,0.00952,0.74321,-0.13056,0.43511000000000005,-0.5656700000000001
2372,CVE-2024-9216,2025-03-20,CVE-2024-36623,2025-05-09,3,0.05,0.00055,0.1431,0.0,0.0007,0.18614,0.0,0.043039999999999995,1,0.00047,0.1126,0.0007,0.18295,-0.0305,-0.0031899999999999984,-0.02731,0.0005,0.15399,0.0007,0.22074,0.010889999999999983,0.03459999999999999,-0.02371000000000001
2376,CVE-2024-9334,2025-02-27,CVE-2024-42057,2025-05-13,11,0.14999999999999963,0.00087,0.39565,1.0,0.0009,0.40596,0.0,0.010309999999999986,1,0.00087,0.3963,0.0009,0.40672,0.0006499999999999839,0.0007600000000000384,-0.0001100000000000545,0.00042,0.06563,0.03831,0.8,-0.33002,0.39404000000000006,-0.72406
2376,CVE-2024-9334,2025-02-27,CVE-2024-53961,2025-04-17,8,0.14999999999999963,0.00087,0.39565,1.0,0.00095,0.42272,0.0,0.027069999999999983,2,0.00087,0.3963,0.00095,0.42355,0.0006499999999999839,0.0008299999999999974,-0.00018000000000001348,0.00042,0.06563,0.00509,0.49208,-0.33002,0.06936000000000003,-0.39938
2383,CVE-2024-9458,2025-04-06,CVE-2024-0131,2025-05-17,7,0.44999999999999946,0.00029,0.05192,0.0,0.00021,0.03239,0.0,0.01953,1,0.01353,0.78469,0.00022,0.0349,0.73277,0.0025099999999999983,0.73026,0.01353,0.79028,0.00022,0.04381,0.73836,0.01142,0.72694
2383,CVE-2024-9458,2025-04-06,CVE-2024-43799,2025-05-17,6,0.25000000000000017,0.00029,0.05192,0.0,0.00017,0.01974,0.0,0.03218,2,0.01353,0.78469,0.00017,0.02004,0.73277,0.0002999999999999982,0.7324700000000001,0.01353,0.79028,0.00025,0.05218,0.73836,0.03244,0.70592
2383,CVE-2024-9458,2025-04-06,CVE-2024-7347,2025-05-17,2,0.14999999999999963,0.00029,0.05192,0.0,0.00053,0.13607,0.0,0.08415,3,0.01353,0.78469,0.00053,0.13587,0.73277,-0.00020000000000000573,0.73297,0.01353,0.79028,0.00076,0.23599,0.73836,0.09992000000000001,0.63844
2385,CVE-2024-9474,2024-11-18,CVE-2024-9380,2025-01-23,6,0.05,0.02252,0.89926,1.0,0.04637,0.92828,0.0,0.029020000000000046,1,0.97398,0.99944,0.04637,0.92862,0.10018000000000005,0.00034000000000000696,0.09984000000000004,0.97519,0.99994,0.04272,0.92195,0.1006800000000001,-0.006329999999999947,0.10701000000000005
2385,CVE-2024-9474,2024-11-18,CVE-2024-8190,2025-01-23,5,0.05,0.02252,0.89926,1.0,0.12567,0.9563,0.0,0.05704000000000009,2,0.97398,0.99944,0.12567,0.95651,0.10018000000000005,0.00020999999999993246,0.09997000000000011,0.97519,0.99994,0.11331,0.95185,0.1006800000000001,-0.004450000000000065,0.10513000000000017
2400,CVE-2024-9658,2025-03-07,CVE-2024-39304,2025-04-09,5,0.05,0.0005,0.22138,1.0,0.0005,0.22131,0.0,6.999999999998674e-05,1,0.0005,0.22174,0.0005,0.22174,0.0003599999999999992,0.00042999999999998595,-6.999999999998674e-05,0.0004,0.09112,0.20878,0.95143,-0.13026,0.73012,-0.8603799999999999
2400,CVE-2024-9658,2025-03-07,CVE-2024-4058,2025-04-17,9,0.05,0.0005,0.22138,1.0,0.00058,0.27376,0.0,0.05238000000000001,2,0.0005,0.22174,0.00058,0.27458,0.0003599999999999992,0.0008199999999999874,-0.0004599999999999882,0.0004,0.09112,0.00562,0.65809,-0.13026,0.38432999999999995,-0.5145899999999999
2404,CVE-2024-9701,2025-03-20,CVE-2024-20103,2025-05-07,5,0.05,0.00563,0.65839,0.0,0.00573,0.6624,0.0,0.004009999999999958,1,0.0029,0.49025,0.00573,0.65657,-0.16814,-0.005830000000000002,-0.16231,0.0029,0.51948,0.003,0.52758,-0.13890999999999998,-0.13481999999999994,-0.004090000000000038
2404,CVE-2024-9701,2025-03-20,CVE-2024-48061,2025-05-19,11,0.05,0.00563,0.65839,0.0,0.00518,0.64213,0.0,0.016260000000000052,2,0.0029,0.49025,0.00518,0.63599,-0.16814,-0.006139999999999923,-0.1620000000000001,0.0029,0.51948,0.00432,0.6152,-0.13890999999999998,-0.02693000000000001,-0.11197999999999997
2404,CVE-2024-9701,2025-03-20,CVE-2024-42835,2025-05-19,10,0.05,0.00563,0.65839,0.0,0.00408,0.58544,0.0,0.07295000000000007,3,0.0029,0.49025,0.00408,0.57872,-0.16814,-0.006719999999999948,-0.16142000000000006,0.0029,0.51948,0.00475,0.63524,-0.13890999999999998,0.049800000000000066,-0.18871000000000004
2407,CVE-2024-9847,2025-03-20,CVE-2024-43085,2025-04-28,12,0.25000000000000017,0.00019,0.02835,0.0,9e-05,0.00406,0.0,0.02429,1,0.00024,0.03762,9e-05,0.00388,0.00927,-0.00018000000000000004,0.00945,0.00024,0.05069,7e-05,0.00371,0.02234,-0.00035000000000000005,0.02269
2410,CVE-2024-9956,2025-03-21,CVE-2024-43085,2025-04-28,10,0.05,0.00032,0.05776,0.0,9e-05,0.00398,0.0,0.05378,1,0.00029,0.05184,9e-05,0.00395,-0.005920000000000002,-2.9999999999999645e-05,-0.005890000000000002,0.00029,0.06825,7e-05,0.00369,0.010490000000000006,-0.0002899999999999999,0.010780000000000007
2410,CVE-2024-9956,2025-03-21,CVE-2024-46954,2025-05-06,3,0.0,0.00032,0.05776,0.0,0.00059,0.15367,0.0,0.09591,2,0.00029,0.05184,0.00059,0.15318,-0.005920000000000002,-0.0004899999999999904,-0.005430000000000011,0.00029,0.06825,0.0005,0.15506,0.010490000000000006,0.0013900000000000023,0.009100000000000004
2417,CVE-2025-0101,2025-04-17,CVE-2025-30733,2025-05-19,1,0.05,0.0004,0.11296,0.0,0.00032,0.07674,0.0,0.03622,1,0.00044,0.13138,0.00041,0.11802,0.018419999999999992,0.04128,-0.022860000000000005,0.00044,0.13309,0.00044,0.13386,0.02013000000000001,0.057120000000000004,-0.036989999999999995
2436,CVE-2025-0298,2025-03-01,CVE-2025-0426,2025-05-09,7,0.14999999999999963,0.00045,0.18245,0.0,0.00043,0.11768,0.0,0.06477,1,0.00045,0.1835,0.00043,0.1187,0.0010499999999999954,0.0010199999999999931,3.0000000000002247e-05,0.0005,0.12497,0.00031,0.05392,-0.05748,-0.06376000000000001,0.006280000000000008
2490,CVE-2025-0731,2025-03-27,CVE-2025-24131,2025-04-29,3,0.05,0.00085,0.21738,0.0,0.0006,0.15662,0.0,0.06075999999999998,1,0.00093,0.23785,0.0006,0.1598,0.020470000000000016,0.0031799999999999884,0.017290000000000028,0.00093,0.27599,0.0007,0.22103,0.05861000000000002,0.06441,-0.005799999999999972
2490,CVE-2025-0731,2025-03-27,CVE-2025-24376,2025-05-09,10,0.05,0.00085,0.21738,0.0,0.00056,0.14354,0.0,0.07383999999999999,2,0.00093,0.23785,0.00056,0.14656,0.020470000000000016,0.003019999999999995,0.01745000000000002,0.00093,0.27599,0.00059,0.18717,0.05861000000000002,0.04363,0.014980000000000021
2503,CVE-2025-0804,2025-01-29,CVE-2025-24529,2025-05-17,5,0.05,0.00045,0.16142,0.0,0.00043,0.11437,0.0,0.04705000000000001,1,0.00045,0.1622,0.00043,0.11488,0.0007800000000000029,0.0005099999999999966,0.00027000000000000635,0.00045,0.1662,0.00043,0.11771,0.004779999999999979,0.0033399999999999958,0.001439999999999983
2503,CVE-2025-0804,2025-01-29,CVE-2025-24530,2025-05-17,6,0.05,0.00045,0.16142,0.0,0.00043,0.11437,0.0,0.04705000000000001,2,0.00045,0.1622,0.00043,0.11488,0.0007800000000000029,0.0005099999999999966,0.00027000000000000635,0.00045,0.1662,0.00043,0.11771,0.004779999999999979,0.0033399999999999958,0.001439999999999983
2592,CVE-2025-1468,2025-03-18,CVE-2025-27610,2025-04-26,1,0.0,0.00039,0.08844,0.0,0.00064,0.17127,0.0,0.08283,1,0.00051,0.12788,0.00064,0.16738,0.03943999999999999,-0.0038900000000000046,0.043329999999999994,0.00054,0.16949,0.0009,0.26985,0.08105,0.09857999999999997,-0.017529999999999976
2613,CVE-2025-1704,2025-04-17,CVE-2025-30733,2025-05-19,1,0.05,8e-05,0.00504,0.0,0.00032,0.07674,0.0,0.0717,1,0.0002,0.03518,0.00041,0.11802,0.030140000000000004,0.04128,-0.011139999999999994,0.0002,0.03509,0.00044,0.13386,0.030050000000000004,0.057120000000000004,-0.02707
2617,CVE-2025-1731,2025-04-23,CVE-2025-2760,2025-05-27,2,0.0,0.00013,0.0134,0.0,0.00032,0.0772,1.0,0.06380000000000001,1,0.00013,0.01424,0.00035,0.08638,0.0008399999999999987,0.009179999999999994,-0.008339999999999995,0.00055,0.17491,0.00035,0.08771,0.16151000000000001,0.010509999999999992,0.15100000000000002
2669,CVE-2025-20128,2025-01-22,CVE-2025-0401,2025-04-03,2,0.05,0.00046,0.1923,1.0,0.00045,0.1772,0.0,0.015100000000000002,1,0.00046,0.1928,0.00045,0.17795,0.0005000000000000004,0.0007500000000000007,-0.0002500000000000002,0.00043,0.11722,0.00045,0.17973,-0.07508,0.0025300000000000045,-0.07761
2680,CVE-2025-20169,2025-02-06,CVE-2025-20172,2025-05-06,3,0.05,0.00044,0.15621,0.0,0.00044,0.15621,0.0,0.0,1,0.00044,0.15643,0.00044,0.15643,0.00022000000000002573,0.00022000000000002573,0.0,0.00044,0.16098,0.00044,0.16098,0.004770000000000024,0.004770000000000024,0.0
2681,CVE-2025-20170,2025-02-06,CVE-2025-20172,2025-05-06,3,0.05,0.00044,0.15621,0.0,0.00044,0.15621,0.0,0.0,1,0.00044,0.15643,0.00044,0.15643,0.00022000000000002573,0.00022000000000002573,0.0,0.00044,0.16098,0.00044,0.16098,0.004770000000000024,0.004770000000000024,0.0
2682,CVE-2025-20171,2025-02-06,CVE-2025-20172,2025-05-06,3,0.05,0.00044,0.15621,0.0,0.00044,0.15621,0.0,0.0,1,0.00044,0.15643,0.00044,0.15643,0.00022000000000002573,0.00022000000000002573,0.0,0.00044,0.16098,0.00044,0.16098,0.004770000000000024,0.004770000000000024,0.0
2684,CVE-2025-20178,2025-04-18,CVE-2025-30733,2025-05-19,6,0.55,9e-05,0.00565,0.0,0.00032,0.07733,0.0,0.07168,1,7e-05,0.00378,0.00041,0.11811,-0.0018699999999999997,0.04078000000000001,-0.04265000000000001,8e-05,0.00447,0.00044,0.13348,-0.0011799999999999996,0.05614999999999999,-0.05732999999999999
2688,CVE-2025-20229,2025-03-26,CVE-2025-24137,2025-04-29,4,0.05,0.00084,0.21362,1.0,0.00109,0.26119,0.0,0.04756999999999997,1,0.00074,0.19772,0.00109,0.26348,-0.015899999999999997,0.0022900000000000142,-0.01819000000000001,0.00074,0.23314,0.00091,0.27212,0.019519999999999982,0.010929999999999995,0.008589999999999987
2711,CVE-2025-21194,2025-02-11,CVE-2025-21299,2025-04-17,2,0.05,0.00053,0.24189,1.0,0.00048,0.1989,0.0,0.04299,1,0.00053,0.24399,0.00048,0.20127,0.0021000000000000185,0.002370000000000011,-0.00026999999999999247,0.00053,0.24813,0.00048,0.20514,0.0062399999999999956,0.0062399999999999956,0.0
2721,CVE-2025-2126,2025-03-20,CVE-2025-0426,2025-05-09,3,0.14999999999999963,0.0003,0.05383,0.0,0.00031,0.05399,0.0,0.00016000000000000042,1,0.00247,0.44772,0.00031,0.05287,0.39389,-0.001120000000000003,0.39501000000000003,0.00285,0.51452,0.0001,0.00728,0.46069,-0.04671,0.5074
2721,CVE-2025-2126,2025-03-20,CVE-2025-24529,2025-05-17,9,0.15000000000000052,0.0003,0.05383,0.0,0.00036,0.06747,0.0,0.01364,2,0.00247,0.44772,0.00036,0.06641,0.39389,-0.0010600000000000054,0.39495,0.00285,0.51452,0.00051,0.16,0.46069,0.09253,0.36816
2721,CVE-2025-2126,2025-03-20,CVE-2025-24530,2025-05-17,10,0.15000000000000052,0.0003,0.05383,0.0,0.00036,0.06747,0.0,0.01364,3,0.00247,0.44772,0.00036,0.06641,0.39389,-0.0010600000000000054,0.39495,0.00285,0.51452,0.00051,0.16,0.46069,0.09253,0.36816
2787,CVE-2025-21590,2025-03-13,CVE-2025-24784,2025-05-09,7,0.15000000000000052,0.00043,0.11935,0.0,0.00043,0.11935,0.0,0.0,1,0.05746,0.8965,0.0003,0.05156,0.77715,-0.06778999999999999,0.84494,0.05099,0.88892,0.00034,0.06604,0.7695700000000001,-0.053309999999999996,0.8228800000000001
2798,CVE-2025-2185,2025-04-25,CVE-2025-2760,2025-05-27,3,0.25000000000000017,0.00036,0.09083,0.0,0.00032,0.07716,0.0,0.013669999999999988,1,0.00036,0.09432,0.00035,0.08787,0.003490000000000007,0.010709999999999997,-0.00721999999999999,0.00036,0.09342,0.00038,0.10582,0.002590000000000009,0.02865999999999999,-0.026069999999999982
2815,CVE-2025-22228,2025-04-24,CVE-2025-2760,2025-05-27,4,0.39999999999999947,0.00048,0.14716,0.0,0.00032,0.0772,0.0,0.06996000000000001,1,0.00048,0.14789,0.00035,0.08718,0.0007299999999999807,0.009979999999999989,-0.009250000000000008,0.00048,0.14832,0.00035,0.08766,0.0011599999999999944,0.010459999999999997,-0.009300000000000003
2816,CVE-2025-22230,2025-03-25,CVE-2025-21756,2025-04-29,7,0.05,0.00017,0.02267,1.0,0.00016,0.01877,0.0,0.0039000000000000007,1,0.00032,0.05942,0.00018,0.02667,0.036750000000000005,0.0079,0.028850000000000004,0.00013,0.01384,0.00018,0.0314,-0.00883,0.012629999999999999,-0.02146
2945,CVE-2025-23809,2025-01-22,CVE-2025-21299,2025-04-17,4,0.05,0.00043,0.11403,1.0,0.00043,0.11371,0.0,0.00032000000000000084,1,0.00043,0.11437,0.00048,0.1992,0.0003399999999999931,0.08548999999999998,-0.08514999999999999,0.00043,0.11722,0.00048,0.20129,0.0031899999999999984,0.08757999999999999,-0.08438999999999999
2964,CVE-2025-23959,2025-01-22,CVE-2025-21299,2025-04-17,4,0.05,0.00043,0.11403,1.0,0.00043,0.11371,0.0,0.00032000000000000084,1,0.00043,0.11437,0.00048,0.1992,0.0003399999999999931,0.08548999999999998,-0.08514999999999999,0.00043,0.11722,0.00048,0.20129,0.0031899999999999984,0.08757999999999999,-0.08438999999999999
2966,CVE-2025-23966,2025-01-22,CVE-2025-21299,2025-04-17,4,0.05,0.00043,0.11403,1.0,0.00043,0.11371,0.0,0.00032000000000000084,1,0.00043,0.11437,0.00048,0.1992,0.0003399999999999931,0.08548999999999998,-0.08514999999999999,0.00043,0.11722,0.00048,0.20129,0.0031899999999999984,0.08757999999999999,-0.08438999999999999
2971,CVE-2025-24027,2025-01-22,CVE-2025-0298,2025-03-01,12,0.14999999999999963,0.00043,0.11403,1.0,0.00045,0.1772,0.0,0.06316999999999999,1,0.00043,0.11437,0.00045,0.17795,0.0003399999999999931,0.0007500000000000007,-0.0004100000000000076,0.00043,0.11722,0.00045,0.17973,0.0031899999999999984,0.0025300000000000045,0.0006599999999999939
2981,CVE-2025-24076,2025-04-16,CVE-2025-2704,2025-05-17,8,0.25000000000000017,0.00062,0.19508,0.0,0.00096,0.28228,0.0,0.08719999999999997,1,0.00072,0.22641,0.00096,0.28223,0.03133,-4.999999999999449e-05,0.03137999999999999,0.00084,0.25655,0.00105,0.29804,0.06147,0.015760000000000052,0.045709999999999945
2986,CVE-2025-24097,2025-04-01,CVE-2025-24203,2025-05-09,2,0.05,9e-05,0.0045,0.0,0.00018,0.02375,0.0,0.01925,1,9e-05,0.00393,0.00012,0.00844,-0.0005699999999999993,-0.01531,0.014740000000000001,8e-05,0.00453,0.00011,0.00966,3.0000000000000512e-05,-0.01409,0.01412
2991,CVE-2025-24118,2025-01-28,CVE-2025-21299,2025-04-17,4,0.05,0.00045,0.17807,0.0,0.00048,0.19934,0.0,0.021269999999999983,1,0.00045,0.17875,0.00048,0.19921,0.0006799999999999862,-0.00012999999999999123,0.0008099999999999774,0.00045,0.18308,0.00048,0.20405,0.005009999999999987,0.00471000000000002,0.00029999999999996696
3026,CVE-2025-24279,2025-04-01,CVE-2025-24784,2025-05-09,1,0.05,0.0004,0.09067,0.0,0.0003,0.0518,0.0,0.03887,1,0.0003,0.05444,0.00034,0.066,-0.03623,0.014200000000000004,-0.05043,0.00032,0.07594,0.00034,0.085,-0.014730000000000007,0.03320000000000001,-0.047930000000000014
3112,CVE-2025-24994,2025-04-16,CVE-2025-2704,2025-05-17,8,0.25000000000000017,0.00062,0.19508,0.0,0.00096,0.28228,0.0,0.08719999999999997,1,0.00062,0.19603,0.00096,0.28223,0.0009500000000000064,-4.999999999999449e-05,0.0010000000000000009,0.00084,0.25655,0.00105,0.29804,0.06147,0.015760000000000052,0.045709999999999945
3189,CVE-2025-25777,2025-04-25,CVE-2025-2760,2025-05-27,3,0.25000000000000017,0.00027,0.05834,0.0,0.00032,0.07716,0.0,0.018820000000000003,1,0.00024,0.0492,0.00035,0.08787,-0.009140000000000002,0.010709999999999997,-0.01985,0.00024,0.04863,0.00038,0.10582,-0.009710000000000003,0.02865999999999999,-0.038369999999999994
3198,CVE-2025-2594,2025-04-22,CVE-2025-2760,2025-05-27,8,0.3499999999999998,0.00018,0.03208,0.0,0.00032,0.07716,3.0,0.04508000000000001,1,0.00056,0.17649,0.00035,0.08637,0.14441,0.009209999999999996,0.13520000000000001,0.00053,0.16713,0.00035,0.08804,0.13505,0.010879999999999987,0.12417000000000002
3257,CVE-2025-26630,2025-03-11,CVE-2025-27158,2025-04-24,10,0.05,0.00053,0.24815,1.0,0.00053,0.24815,1.0,0.0,1,0.00073,0.19616,0.00022,0.03521,-0.05199000000000001,-0.21294000000000002,0.16095,0.00077,0.20283,0.00022,0.0352,-0.04532,-0.21295,0.16763
3257,CVE-2025-26630,2025-03-11,CVE-2025-21756,2025-04-29,12,0.05,0.00053,0.24815,1.0,0.00045,0.18339,0.0,0.06476000000000001,2,0.00073,0.19616,0.00016,0.01953,-0.05199000000000001,-0.16386,0.11187,0.00077,0.20283,0.00018,0.02663,-0.04532,-0.15676,0.11144000000000001
3291,CVE-2025-2687,2025-03-24,CVE-2025-24529,2025-05-17,9,0.15000000000000052,0.00036,0.0679,0.0,0.00036,0.06635,0.0,0.0015499999999999958,1,0.00039,0.08355,0.00036,0.06807,0.015649999999999997,0.0017199999999999993,0.013929999999999998,0.00039,0.10891,0.00051,0.15937,0.041010000000000005,0.09302,-0.05201
3291,CVE-2025-2687,2025-03-24,CVE-2025-24530,2025-05-17,10,0.15000000000000052,0.00036,0.0679,0.0,0.00036,0.06635,0.0,0.0015499999999999958,2,0.00039,0.08355,0.00036,0.06807,0.015649999999999997,0.0017199999999999993,0.013929999999999998,0.00039,0.10891,0.00051,0.15937,0.041010000000000005,0.09302,-0.05201
3291,CVE-2025-2687,2025-03-24,CVE-2025-0426,2025-05-09,3,0.14999999999999963,0.00036,0.0679,0.0,0.00031,0.05312,0.0,0.014780000000000001,3,0.00039,0.08355,0.00031,0.05392,0.015649999999999997,0.0008000000000000021,0.014849999999999995,0.00039,0.10891,0.0001,0.00775,0.041010000000000005,-0.04537,0.08638000000000001
3292,CVE-2025-26870,2025-04-16,CVE-2025-30733,2025-05-19,6,0.05,0.00033,0.08039,0.0,0.00031,0.07282,0.0,0.007570000000000007,1,0.00034,0.08381,0.00034,0.08573,0.0034199999999999925,0.012910000000000005,-0.009490000000000012,0.00034,0.08433,0.00041,0.11978,0.003939999999999999,0.04696,-0.04302
3292,CVE-2025-26870,2025-04-16,CVE-2025-31162,2025-05-17,10,0.14999999999999963,0.00033,0.08039,0.0,0.00014,0.01565,0.0,0.06474,2,0.00034,0.08381,0.0002,0.03799,0.0034199999999999925,0.022340000000000002,-0.01892000000000001,0.00034,0.08433,0.00024,0.04857,0.003939999999999999,0.032920000000000005,-0.028980000000000006
3292,CVE-2025-26870,2025-04-16,CVE-2025-31163,2025-05-17,11,0.14999999999999963,0.00033,0.08039,0.0,0.00014,0.01565,0.0,0.06474,3,0.00034,0.08381,0.0002,0.03799,0.0034199999999999925,0.022340000000000002,-0.01892000000000001,0.00034,0.08433,0.00024,0.04857,0.003939999999999999,0.032920000000000005,-0.028980000000000006
3296,CVE-2025-2689,2025-03-24,CVE-2025-24529,2025-05-17,9,0.15000000000000052,0.00041,0.0893,0.0,0.00036,0.06635,0.0,0.022949999999999998,1,0.00053,0.13213,0.00036,0.06807,0.04282999999999999,0.0017199999999999993,0.041109999999999994,0.00053,0.16393,0.00051,0.15937,0.07462999999999999,0.09302,-0.018390000000000017
3296,CVE-2025-2689,2025-03-24,CVE-2025-24530,2025-05-17,10,0.15000000000000052,0.00041,0.0893,0.0,0.00036,0.06635,0.0,0.022949999999999998,2,0.00053,0.13213,0.00036,0.06807,0.04282999999999999,0.0017199999999999993,0.041109999999999994,0.00053,0.16393,0.00051,0.15937,0.07462999999999999,0.09302,-0.018390000000000017
3296,CVE-2025-2689,2025-03-24,CVE-2025-0426,2025-05-09,3,0.14999999999999963,0.00041,0.0893,0.0,0.00031,0.05312,0.0,0.036180000000000004,3,0.00053,0.13213,0.00031,0.05392,0.04282999999999999,0.0008000000000000021,0.04202999999999999,0.00053,0.16393,0.0001,0.00775,0.07462999999999999,-0.04537,0.12
3298,CVE-2025-2690,2025-03-24,CVE-2025-24529,2025-05-17,9,0.15000000000000052,0.00041,0.0893,0.0,0.00036,0.06635,0.0,0.022949999999999998,1,0.00038,0.08212,0.00036,0.06807,-0.007180000000000006,0.0017199999999999993,-0.008900000000000005,0.00038,0.10744,0.00051,0.15937,0.01813999999999999,0.09302,-0.07488000000000002
3298,CVE-2025-2690,2025-03-24,CVE-2025-24530,2025-05-17,10,0.15000000000000052,0.00041,0.0893,0.0,0.00036,0.06635,0.0,0.022949999999999998,2,0.00038,0.08212,0.00036,0.06807,-0.007180000000000006,0.0017199999999999993,-0.008900000000000005,0.00038,0.10744,0.00051,0.15937,0.01813999999999999,0.09302,-0.07488000000000002
3298,CVE-2025-2690,2025-03-24,CVE-2025-0426,2025-05-09,3,0.14999999999999963,0.00041,0.0893,0.0,0.00031,0.05312,0.0,0.036180000000000004,3,0.00038,0.08212,0.00031,0.05392,-0.007180000000000006,0.0008000000000000021,-0.007980000000000008,0.00038,0.10744,0.0001,0.00775,0.01813999999999999,-0.04537,0.06350999999999998
3325,CVE-2025-27086,2025-04-22,CVE-2025-2760,2025-05-27,8,0.3499999999999998,0.00024,0.04785,0.0,0.00032,0.07716,3.0,0.02931000000000001,1,0.00066,0.20989,0.00035,0.08637,0.16204,0.009209999999999996,0.15283,0.0007,0.22032,0.00035,0.08804,0.17246999999999998,0.010879999999999987,0.16159
3333,CVE-2025-27158,2025-04-24,CVE-2025-2760,2025-05-27,2,0.0,0.0003,0.07074,0.0,0.00032,0.0772,0.0,0.006460000000000007,1,0.00023,0.04772,0.00035,0.08718,-0.02302,0.009979999999999989,-0.03299999999999999,0.00027,0.05854,0.00035,0.08766,-0.012199999999999996,0.010459999999999997,-0.022659999999999993
3356,CVE-2025-27423,2025-03-06,CVE-2025-21299,2025-04-17,2,0.05,0.00045,0.18333,0.0,0.00048,0.20478,0.0,0.021449999999999997,1,0.00045,0.18376,0.00048,0.20514,0.0004300000000000137,0.0003599999999999992,7.00000000000145e-05,0.0007,0.18706,0.00174,0.3569,0.003730000000000011,0.15212,-0.14839
3356,CVE-2025-27423,2025-03-06,CVE-2025-24364,2025-04-22,11,0.10000000000000053,0.00045,0.18333,0.0,0.00043,0.11847,0.0,0.06485999999999999,2,0.00045,0.18376,0.00043,0.11935,0.0004300000000000137,0.0008799999999999919,-0.0004499999999999782,0.0007,0.18706,0.00105,0.25799,0.003730000000000011,0.13951999999999998,-0.13578999999999997
3364,CVE-2025-2748,2025-04-01,CVE-2025-1767,2025-05-09,7,0.05,0.00034,0.06454,0.0,0.00029,0.04901,0.0,0.015530000000000002,1,0.00554,0.65555,0.00029,0.04947,0.5910099999999999,0.0004600000000000021,0.5905499999999999,0.01662,0.81112,0.00031,0.07328,0.7465799999999999,0.02427,0.7223099999999999
3364,CVE-2025-2748,2025-04-01,CVE-2025-25069,2025-05-08,6,0.05,0.00034,0.06454,0.0,0.00041,0.09304,0.0,0.028499999999999998,2,0.00554,0.65555,0.00041,0.09413,0.5910099999999999,0.0010900000000000076,0.5899199999999999,0.01662,0.81112,0.00043,0.12728,0.7465799999999999,0.03424000000000001,0.7123399999999999
3364,CVE-2025-2748,2025-04-01,CVE-2025-30673,2025-05-17,12,0.05,0.00034,0.06454,0.0,0.00017,0.02111,0.0,0.043429999999999996,3,0.00554,0.65555,0.00054,0.13976,0.5910099999999999,0.11864999999999999,0.47235999999999995,0.01662,0.81112,0.00054,0.1708,0.7465799999999999,0.14969000000000002,0.5968899999999999
3368,CVE-2025-27487,2025-04-08,CVE-2025-26666,2025-05-10,11,0.25000000000000017,0.00078,0.20489,1.0,0.0006,0.15772,1.0,0.04716999999999999,1,0.00333,0.55213,0.00049,0.15028,0.34724,-0.007440000000000002,0.35468,0.00333,0.55408,0.00049,0.1535,0.34919,-0.0042200000000000015,0.35341
3380,CVE-2025-27561,2025-04-16,CVE-2025-30346,2025-05-17,2,0.15000000000000052,0.00038,0.10474,0.0,0.00054,0.16977,0.0,0.06503,1,0.0005,0.15381,0.00059,0.18777,0.04907,0.017999999999999988,0.031070000000000014,0.0005,0.15537,0.00049,0.15444,0.05063000000000001,-0.01533000000000001,0.06596000000000002
3380,CVE-2025-27561,2025-04-16,CVE-2025-32776,2025-05-17,6,0.25000000000000017,0.00038,0.10474,0.0,0.00012,0.01205,0.0,0.09269,2,0.0005,0.15381,0.00014,0.01522,0.04907,0.003169999999999999,0.0459,0.0005,0.15537,0.00016,0.02352,0.05063000000000001,0.01147,0.03916000000000001
3390,CVE-2025-2761,2025-04-24,CVE-2025-2760,2025-05-27,2,0.0,0.00032,0.0772,0.0,0.00032,0.0772,0.0,0.0,1,0.00044,0.13036,0.00035,0.08718,0.05316,0.009979999999999989,0.04318000000000001,0.00044,0.13097,0.00035,0.08766,0.05377,0.010459999999999997,0.04331
3394,CVE-2025-2764,2025-04-23,CVE-2025-2760,2025-05-27,6,0.25000000000000017,0.00031,0.07495,1.0,0.00032,0.0772,1.0,0.002250000000000002,1,0.00017,0.02666,0.00035,0.08638,-0.04829,0.009179999999999994,-0.05746999999999999,0.00018,0.03005,0.00035,0.08771,-0.0449,0.010509999999999992,-0.055409999999999994
3439,CVE-2025-27929,2025-04-16,CVE-2025-32776,2025-05-17,6,0.25000000000000017,0.00029,0.06671,0.0,0.00012,0.01205,0.0,0.05466000000000001,1,0.00038,0.10809,0.00014,0.01522,0.04138,0.003169999999999999,0.03821,0.00038,0.10861,0.00016,0.02352,0.04189999999999999,0.01147,0.030429999999999992
3458,CVE-2025-28101,2025-04-18,CVE-2025-30733,2025-05-19,5,0.05,0.00046,0.14136,0.0,0.00032,0.07733,0.0,0.06403000000000002,1,0.00024,0.04974,0.00041,0.11811,-0.09162000000000001,0.04078000000000001,-0.13240000000000002,0.00024,0.05072,0.00044,0.13348,-0.09064000000000001,0.05614999999999999,-0.14679
3464,CVE-2025-28169,2025-04-24,CVE-2025-2760,2025-05-27,6,0.3499999999999998,0.00018,0.03222,0.0,0.00032,0.0772,0.0,0.044980000000000006,1,0.00046,0.14068,0.00035,0.08718,0.10846,0.009979999999999989,0.09848000000000001,0.00046,0.14079,0.00035,0.08766,0.10857,0.010459999999999997,0.09811
3472,CVE-2025-2851,2025-04-26,CVE-2025-2760,2025-05-27,2,0.25000000000000017,0.00027,0.05766,0.0,0.00032,0.07728,0.0,0.01962,1,0.00042,0.12607,0.00035,0.08795,0.06840999999999998,0.010669999999999999,0.057739999999999986,0.00042,0.12528,0.00038,0.10566,0.06762,0.028380000000000002,0.03924
3490,CVE-2025-29087,2025-04-08,CVE-2025-32364,2025-05-17,11,1.0999999999999999,0.00018,0.02602,0.0,0.00013,0.01052,0.0,0.015500000000000002,1,0.00037,0.10135,0.00017,0.02755,0.07533,0.017030000000000003,0.05829999999999999,0.00039,0.11345,0.00019,0.03251,0.08743,0.021989999999999996,0.06544
3490,CVE-2025-29087,2025-04-08,CVE-2025-32365,2025-05-17,12,1.0999999999999999,0.00018,0.02602,0.0,0.00013,0.01052,0.0,0.015500000000000002,2,0.00037,0.10135,0.00017,0.02755,0.07533,0.017030000000000003,0.05829999999999999,0.00039,0.11345,0.00019,0.03251,0.08743,0.021989999999999996,0.06544
3490,CVE-2025-29087,2025-04-08,CVE-2025-3360,2025-05-17,9,0.55,0.00018,0.02602,0.0,0.00045,0.10705,0.0,0.08103,3,0.00037,0.10135,0.00083,0.25276,0.07533,0.14570999999999998,-0.07037999999999998,0.00039,0.11345,0.00083,0.25429,0.08743,0.14724,-0.059810000000000016
3544,CVE-2025-30100,2025-04-16,CVE-2025-31162,2025-05-17,3,0.15000000000000052,0.00012,0.01135,0.0,0.00014,0.01565,0.0,0.0043,1,0.00012,0.01156,0.0002,0.03799,0.00021000000000000012,0.022340000000000002,-0.022130000000000004,0.00012,0.01172,0.00024,0.04857,0.0003699999999999988,0.032920000000000005,-0.03255000000000001
3544,CVE-2025-30100,2025-04-16,CVE-2025-31163,2025-05-17,4,0.15000000000000052,0.00012,0.01135,0.0,0.00014,0.01565,0.0,0.0043,2,0.00012,0.01156,0.0002,0.03799,0.00021000000000000012,0.022340000000000002,-0.022130000000000004,0.00012,0.01172,0.00024,0.04857,0.0003699999999999988,0.032920000000000005,-0.03255000000000001
3544,CVE-2025-30100,2025-04-16,CVE-2025-31164,2025-05-17,5,0.15000000000000052,0.00012,0.01135,0.0,0.00014,0.01565,0.0,0.0043,3,0.00012,0.01156,0.0002,0.03799,0.00021000000000000012,0.022340000000000002,-0.022130000000000004,0.00012,0.01172,0.00024,0.04857,0.0003699999999999988,0.032920000000000005,-0.03255000000000001
3576,CVE-2025-30401,2025-04-08,CVE-2025-1767,2025-05-09,8,0.25000000000000017,0.00043,0.10105,0.0,0.00029,0.04947,0.0,0.05158,1,0.0018,0.4033,0.00031,0.07339,0.30225,0.023919999999999997,0.27833,0.00133,0.34342,0.00031,0.07361,0.24237,0.024139999999999995,0.21823
3576,CVE-2025-30401,2025-04-08,CVE-2025-24376,2025-05-09,9,0.25000000000000017,0.00043,0.10105,0.0,0.00059,0.15544,0.0,0.054389999999999994,2,0.0018,0.4033,0.00059,0.1853,0.30225,0.029859999999999998,0.27239,0.00133,0.34342,0.00059,0.18786,0.24237,0.032420000000000004,0.20995
3576,CVE-2025-30401,2025-04-08,CVE-2025-29781,2025-05-09,11,0.25000000000000017,0.00043,0.10105,0.0,0.00015,0.01593,0.0,0.08512,3,0.0018,0.4033,0.00015,0.01999,0.30225,0.004060000000000001,0.29819,0.00133,0.34342,0.00018,0.02854,0.24237,0.01261,0.22976
3580,CVE-2025-30427,2025-04-01,CVE-2025-2581,2025-05-17,4,0.05,0.00074,0.19572,0.0,0.00101,0.25048,0.0,0.054759999999999975,1,0.00045,0.10985,0.00101,0.25097,-0.08587,0.000490000000000046,-0.08636000000000005,0.00079,0.24562,0.0011,0.30778,0.0499,0.05730000000000002,-0.007400000000000018
3583,CVE-2025-30446,2025-04-01,CVE-2025-25069,2025-05-08,2,0.05,0.00041,0.0947,0.0,0.00041,0.09304,0.0,0.0016600000000000087,1,0.00039,0.08721,0.00041,0.09413,-0.0074900000000000105,0.0010900000000000076,-0.008580000000000018,0.00039,0.11169,0.00043,0.12728,0.01698999999999999,0.03424000000000001,-0.017250000000000015
3583,CVE-2025-30446,2025-04-01,CVE-2025-1767,2025-05-09,3,0.05,0.00041,0.0947,0.0,0.00029,0.04901,0.0,0.04569000000000001,2,0.00039,0.08721,0.00029,0.04947,-0.0074900000000000105,0.0004600000000000021,-0.007950000000000013,0.00039,0.11169,0.00031,0.07328,0.01698999999999999,0.02427,-0.007280000000000009
3583,CVE-2025-30446,2025-04-01,CVE-2025-24376,2025-05-09,4,0.05,0.00041,0.0947,0.0,0.00056,0.14569,0.0,0.05098999999999998,3,0.00039,0.08721,0.00059,0.15544,-0.0074900000000000105,0.009750000000000009,-0.01724000000000002,0.00039,0.11169,0.00059,0.18799,0.01698999999999999,0.042300000000000004,-0.025310000000000013
3602,CVE-2025-30655,2025-04-10,CVE-2025-32414,2025-05-14,10,0.14999999999999963,0.00013,0.01001,0.0,0.00013,0.00945,0.0,0.0005599999999999997,1,0.00014,0.01757,0.00017,0.02505,0.007559999999999999,0.0156,-0.00804,0.00014,0.01711,0.00036,0.0906,0.0071,0.08115,-0.07405
3602,CVE-2025-30655,2025-04-10,CVE-2025-30346,2025-05-17,11,0.14999999999999963,0.00013,0.01001,0.0,0.00036,0.07823,0.0,0.06821999999999999,2,0.00014,0.01757,0.00054,0.17076,0.007559999999999999,0.09253,-0.08497,0.00014,0.01711,0.00059,0.18877,0.0071,0.11054,-0.10344
3665,CVE-2025-31160,2025-03-29,CVE-2025-26865,2025-05-08,10,0.6500000000000001,0.00021,0.02176,0.0,0.00069,0.11737,0.0,0.09561,1,0.0002,0.02857,0.00074,0.19785,0.00681,0.08048,-0.07367,0.00046,0.13649,0.00081,0.2492,0.11473,0.13183,-0.017100000000000004
3677,CVE-2025-31201,2025-04-17,CVE-2025-30733,2025-05-19,2,0.2999999999999998,0.00046,0.13748,0.0,0.00032,0.07674,0.0,0.06073999999999999,1,0.00353,0.56745,0.00041,0.11802,0.42997,0.04128,0.38869000000000004,0.00246,0.47965,0.00044,0.13386,0.34217000000000003,0.057120000000000004,0.28505
3685,CVE-2025-31334,2025-04-05,CVE-2025-24376,2025-05-09,11,0.3499999999999998,0.00069,0.18498,0.0,0.00056,0.14712,0.0,0.037860000000000005,1,0.00075,0.19909,0.00059,0.15578,0.014109999999999984,0.008660000000000001,0.005449999999999983,0.00236,0.46571,0.00059,0.18743,0.28073000000000004,0.04031000000000001,0.24042000000000002
3685,CVE-2025-31334,2025-04-05,CVE-2025-25069,2025-05-08,9,0.3499999999999998,0.00069,0.18498,0.0,0.00041,0.09398,0.0,0.09100000000000001,2,0.00075,0.19909,0.00041,0.094,0.014109999999999984,2.0000000000006124e-05,0.014089999999999978,0.00236,0.46571,0.00043,0.12678,0.28073000000000004,0.03280000000000001,0.24793000000000004
3719,CVE-2025-32018,2025-04-08,CVE-2025-26666,2025-05-10,11,0.25000000000000017,0.00034,0.06358,1.0,0.0006,0.15772,1.0,0.09414,1,0.00034,0.08476,0.00049,0.15028,0.021180000000000004,-0.007440000000000002,0.028620000000000007,0.00034,0.08533,0.00049,0.1535,0.021750000000000005,-0.0042200000000000015,0.025970000000000007
3720,CVE-2025-32027,2025-04-11,CVE-2025-1390,2025-05-17,5,0.05,0.00029,0.05107,0.0,0.00021,0.03315,0.0,0.01792,1,0.00031,0.07607,0.00018,0.02993,0.025,-0.0032200000000000006,0.028220000000000002,0.00031,0.075,0.00021,0.0387,0.02393,0.005549999999999999,0.01838
3720,CVE-2025-32027,2025-04-11,CVE-2025-24529,2025-05-17,10,0.3500000000000007,0.00029,0.05107,0.0,0.00051,0.13105,0.0,0.07998,2,0.00031,0.07607,0.00051,0.15997,0.025,0.02892,-0.00392,0.00031,0.075,0.00051,0.16006,0.02393,0.029010000000000008,-0.005080000000000008
3720,CVE-2025-32027,2025-04-11,CVE-2025-24530,2025-05-17,11,0.3500000000000007,0.00029,0.05107,0.0,0.00051,0.13105,0.0,0.07998,3,0.00031,0.07607,0.00051,0.15997,0.025,0.02892,-0.00392,0.00031,0.075,0.00051,0.16006,0.02393,0.029010000000000008,-0.005080000000000008
3736,CVE-2025-32242,2025-04-11,CVE-2025-24529,2025-05-17,10,0.14999999999999963,0.00038,0.08239,0.0,0.00051,0.13105,0.0,0.048659999999999995,1,0.0005,0.15411,0.00051,0.15997,0.07171999999999999,0.02892,0.04279999999999999,0.0005,0.15427,0.00051,0.16006,0.07187999999999999,0.029010000000000008,0.04286999999999998
3736,CVE-2025-32242,2025-04-11,CVE-2025-24530,2025-05-17,11,0.14999999999999963,0.00038,0.08239,0.0,0.00051,0.13105,0.0,0.048659999999999995,2,0.0005,0.15411,0.00051,0.15997,0.07171999999999999,0.02892,0.04279999999999999,0.0005,0.15427,0.00051,0.16006,0.07187999999999999,0.029010000000000008,0.04286999999999998
3736,CVE-2025-32242,2025-04-11,CVE-2025-30673,2025-05-17,7,0.05,0.00038,0.08239,0.0,0.00054,0.14028,0.0,0.05788999999999998,3,0.0005,0.15411,0.00054,0.17005,0.07171999999999999,0.02977000000000002,0.04194999999999997,0.0005,0.15427,0.00059,0.18669,0.07187999999999999,0.04641000000000001,0.02546999999999998
3793,CVE-2025-3266,2025-04-07,CVE-2025-32370,2025-05-13,6,0.14999999999999963,0.00039,0.08658,0.0,0.00033,0.06331,0.0,0.02327,1,0.00049,0.12204,0.00062,0.16384,0.03545999999999999,0.10053000000000001,-0.06507000000000002,0.00053,0.16798,0.00062,0.19717,0.08139999999999999,0.13386,-0.05246000000000002
3793,CVE-2025-3266,2025-04-07,CVE-2025-25254,2025-05-16,8,0.14999999999999963,0.00039,0.08658,0.0,0.00056,0.1471,3.0,0.060520000000000004,2,0.00049,0.12204,0.00074,0.19618,0.03545999999999999,0.049079999999999985,-0.013619999999999993,0.00053,0.16798,0.00074,0.23278,0.08139999999999999,0.08567999999999998,-0.004279999999999992
3799,CVE-2025-3267,2025-04-07,CVE-2025-1767,2025-05-09,9,0.25000000000000017,0.00026,0.04301,0.0,0.00029,0.04948,0.0,0.0064700000000000035,1,0.00033,0.06068,0.00031,0.05604,0.017669999999999998,0.006559999999999996,0.011110000000000002,0.00038,0.10539,0.00031,0.07303,0.06238,0.023549999999999995,0.03883
3799,CVE-2025-3267,2025-04-07,CVE-2025-0426,2025-05-09,2,0.14999999999999963,0.00026,0.04301,0.0,0.00031,0.0549,0.0,0.011889999999999998,2,0.00033,0.06068,0.00031,0.05427,0.017669999999999998,-0.0006299999999999986,0.018299999999999997,0.00038,0.10539,0.0001,0.00787,0.06238,-0.047029999999999995,0.10941
3799,CVE-2025-3267,2025-04-07,CVE-2025-29781,2025-05-09,11,0.25000000000000017,0.00026,0.04301,0.0,0.00015,0.01588,0.0,0.02713,3,0.00033,0.06068,0.00015,0.01603,0.017669999999999998,0.00015000000000000083,0.017519999999999997,0.00038,0.10539,0.00018,0.02831,0.06238,0.01243,0.049949999999999994
3818,CVE-2025-32791,2025-04-17,CVE-2025-22866,2025-05-19,7,0.3499999999999998,0.00022,0.04458,0.0,8e-05,0.00447,0.0,0.04011,1,0.00025,0.05136,8e-05,0.00451,0.006780000000000001,4.0000000000000105e-05,0.006740000000000001,0.00025,0.05338,9e-05,0.00557,0.008799999999999995,0.0011000000000000003,0.007699999999999995
3821,CVE-2025-32818,2025-04-24,CVE-2025-2760,2025-05-27,4,0.2999999999999998,0.00038,0.10652,0.0,0.00032,0.0772,0.0,0.02932,1,0.0005,0.15581,0.00035,0.08718,0.04929,0.009979999999999989,0.03931000000000001,0.0005,0.15567,0.00035,0.08766,0.04915,0.010459999999999997,0.03869
3856,CVE-2025-32956,2025-04-21,CVE-2025-2760,2025-05-27,9,0.25000000000000017,0.00029,0.0641,1.0,0.00032,0.0772,3.0,0.0131,1,0.00031,0.07159,0.00032,0.07657,0.007489999999999997,-0.0006300000000000056,0.008120000000000002,0.0003,0.06791,0.00035,0.08821,0.003809999999999994,0.011009999999999992,-0.007199999999999998
3861,CVE-2025-3323,2025-04-07,CVE-2025-1767,2025-05-09,9,0.25000000000000017,0.00026,0.04301,0.0,0.00029,0.04948,0.0,0.0064700000000000035,1,0.00028,0.04757,0.00031,0.05604,0.0045600000000000016,0.006559999999999996,-0.001999999999999995,0.00028,0.06238,0.00031,0.07303,0.01937,0.023549999999999995,-0.004179999999999996
3861,CVE-2025-3323,2025-04-07,CVE-2025-0426,2025-05-09,2,0.14999999999999963,0.00026,0.04301,0.0,0.00031,0.0549,0.0,0.011889999999999998,2,0.00028,0.04757,0.00031,0.05427,0.0045600000000000016,-0.0006299999999999986,0.00519,0.00028,0.06238,0.0001,0.00787,0.01937,-0.047029999999999995,0.06639999999999999
3861,CVE-2025-3323,2025-04-07,CVE-2025-29781,2025-05-09,11,0.25000000000000017,0.00026,0.04301,0.0,0.00015,0.01588,0.0,0.02713,3,0.00028,0.04757,0.00015,0.01603,0.0045600000000000016,0.00015000000000000083,0.004410000000000001,0.00028,0.06238,0.00018,0.02831,0.01937,0.01243,0.006939999999999998
3862,CVE-2025-3324,2025-04-07,CVE-2025-0426,2025-05-09,2,0.14999999999999963,0.00034,0.06461,0.0,0.00031,0.0549,0.0,0.009710000000000003,1,0.00036,0.07078,0.00031,0.05427,0.006169999999999995,-0.0006299999999999986,0.0067999999999999935,0.00036,0.09158,0.0001,0.00787,0.026969999999999994,-0.047029999999999995,0.07399999999999998
3862,CVE-2025-3324,2025-04-07,CVE-2025-1767,2025-05-09,9,0.25000000000000017,0.00034,0.06461,0.0,0.00029,0.04948,0.0,0.015129999999999998,2,0.00036,0.07078,0.00031,0.05604,0.006169999999999995,0.006559999999999996,-0.00039000000000000146,0.00036,0.09158,0.00031,0.07303,0.026969999999999994,0.023549999999999995,0.0034199999999999994
3862,CVE-2025-3324,2025-04-07,CVE-2025-25069,2025-05-08,8,0.25000000000000017,0.00034,0.06461,0.0,0.00041,0.09402,0.0,0.029410000000000006,3,0.00036,0.07078,0.00041,0.09326,0.006169999999999995,-0.0007600000000000107,0.006930000000000006,0.00036,0.09158,0.00043,0.12693,0.026969999999999994,0.03290999999999998,-0.005939999999999987
3864,CVE-2025-3330,2025-04-07,CVE-2025-32370,2025-05-13,6,0.14999999999999963,0.00028,0.04737,0.0,0.00033,0.06331,0.0,0.015940000000000003,1,0.0003,0.05288,0.00062,0.16384,0.005510000000000001,0.10053000000000001,-0.09502000000000001,0.0003,0.06856,0.00062,0.19717,0.021189999999999994,0.13386,-0.11267000000000002
3864,CVE-2025-3330,2025-04-07,CVE-2025-25254,2025-05-16,8,0.14999999999999963,0.00028,0.04737,0.0,0.00056,0.1471,3.0,0.09973000000000001,2,0.0003,0.05288,0.00074,0.19618,0.005510000000000001,0.049079999999999985,-0.043569999999999984,0.0003,0.06856,0.00074,0.23278,0.021189999999999994,0.08567999999999998,-0.06448999999999999
3865,CVE-2025-3331,2025-04-07,CVE-2025-32370,2025-05-13,6,0.14999999999999963,0.00028,0.04737,0.0,0.00033,0.06331,0.0,0.015940000000000003,1,0.0003,0.05288,0.00062,0.16384,0.005510000000000001,0.10053000000000001,-0.09502000000000001,0.0003,0.06856,0.00062,0.19717,0.021189999999999994,0.13386,-0.11267000000000002
3865,CVE-2025-3331,2025-04-07,CVE-2025-25254,2025-05-16,8,0.14999999999999963,0.00028,0.04737,0.0,0.00056,0.1471,3.0,0.09973000000000001,2,0.0003,0.05288,0.00074,0.19618,0.005510000000000001,0.049079999999999985,-0.043569999999999984,0.0003,0.06856,0.00074,0.23278,0.021189999999999994,0.08567999999999998,-0.06448999999999999
3866,CVE-2025-3332,2025-04-07,CVE-2025-32370,2025-05-13,6,0.14999999999999963,0.00028,0.04737,0.0,0.00033,0.06331,0.0,0.015940000000000003,1,0.0003,0.05288,0.00062,0.16384,0.005510000000000001,0.10053000000000001,-0.09502000000000001,0.0003,0.06856,0.00062,0.19717,0.021189999999999994,0.13386,-0.11267000000000002
3866,CVE-2025-3332,2025-04-07,CVE-2025-25254,2025-05-16,8,0.14999999999999963,0.00028,0.04737,0.0,0.00056,0.1471,3.0,0.09973000000000001,2,0.0003,0.05288,0.00074,0.19618,0.005510000000000001,0.049079999999999985,-0.043569999999999984,0.0003,0.06856,0.00074,0.23278,0.021189999999999994,0.08567999999999998,-0.06448999999999999
3872,CVE-2025-3364,2025-04-08,CVE-2025-31162,2025-05-17,4,0.15000000000000052,0.00012,0.0083,0.0,0.00014,0.01178,0.0,0.0034800000000000005,1,0.00016,0.0217,0.00014,0.01544,0.0134,0.00366,0.00974,0.00016,0.02185,0.00024,0.04767,0.013550000000000001,0.03589,-0.02234
3872,CVE-2025-3364,2025-04-08,CVE-2025-31163,2025-05-17,5,0.15000000000000052,0.00012,0.0083,0.0,0.00014,0.01178,0.0,0.0034800000000000005,2,0.00016,0.0217,0.00014,0.01544,0.0134,0.00366,0.00974,0.00016,0.02185,0.00024,0.04767,0.013550000000000001,0.03589,-0.02234
3872,CVE-2025-3364,2025-04-08,CVE-2025-31164,2025-05-17,6,0.15000000000000052,0.00012,0.0083,0.0,0.00014,0.01178,0.0,0.0034800000000000005,3,0.00016,0.0217,0.00014,0.01544,0.0134,0.00366,0.00974,0.00016,0.02185,0.00024,0.04767,0.013550000000000001,0.03589,-0.02234
3877,CVE-2025-3422,2025-04-12,CVE-2025-30346,2025-05-17,2,0.05,0.00043,0.09944,0.0,0.00036,0.07786,0.0,0.021580000000000002,1,0.00048,0.14755,0.00054,0.17149,0.048109999999999986,0.09363,-0.04552000000000002,0.00048,0.14753,0.00059,0.18818,0.048089999999999994,0.11031999999999999,-0.062229999999999994
3877,CVE-2025-3422,2025-04-12,CVE-2025-32414,2025-05-14,10,0.24999999999999928,0.00043,0.09944,0.0,0.00013,0.00937,0.0,0.09007,2,0.00048,0.14755,0.00017,0.02498,0.048109999999999986,0.015609999999999999,0.03249999999999999,0.00048,0.14753,0.00036,0.09062,0.048089999999999994,0.08125,-0.03316000000000001
3878,CVE-2025-3434,2025-04-12,CVE-2025-32370,2025-05-13,2,0.05,0.00093,0.23831,0.0,0.00062,0.16445,0.0,0.07385999999999998,1,0.00123,0.32927,0.00062,0.19654,0.09096000000000001,0.03208999999999998,0.05887000000000003,0.00123,0.32793,0.00067,0.21356,0.08962,0.04910999999999999,0.04051000000000002
3878,CVE-2025-3434,2025-04-12,CVE-2025-25254,2025-05-16,1,0.0,0.00093,0.23831,0.0,0.00056,0.14682,0.0,0.09148999999999999,2,0.00123,0.32927,0.00074,0.23245,0.09096000000000001,0.08562999999999998,0.005330000000000029,0.00123,0.32793,0.00081,0.24859,0.08962,0.10177,-0.012149999999999994
3900,CVE-2025-3567,2025-04-15,CVE-2025-32364,2025-05-17,9,0.3499999999999998,0.00025,0.05169,0.0,0.00017,0.02755,0.0,0.024139999999999998,1,0.00028,0.06099,0.00017,0.02728,0.009300000000000003,-0.0002700000000000029,0.009570000000000006,0.00028,0.06225,0.00028,0.06304,0.01056,0.035489999999999994,-0.024929999999999994
3900,CVE-2025-3567,2025-04-15,CVE-2025-32365,2025-05-17,10,0.3499999999999998,0.00025,0.05169,0.0,0.00017,0.02755,0.0,0.024139999999999998,2,0.00028,0.06099,0.00017,0.02728,0.009300000000000003,-0.0002700000000000029,0.009570000000000006,0.00028,0.06225,0.00028,0.06304,0.01056,0.035489999999999994,-0.024929999999999994
3900,CVE-2025-3567,2025-04-15,CVE-2025-32728,2025-05-17,6,0.05,0.00025,0.05169,0.0,0.00012,0.01169,0.0,0.04,3,0.00028,0.06099,0.00016,0.02238,0.009300000000000003,0.01069,-0.0013899999999999971,0.00028,0.06225,0.0003,0.0704,0.01056,0.058710000000000005,-0.048150000000000005
3901,CVE-2025-3570,2025-04-15,CVE-2025-32364,2025-05-17,8,0.8,0.00029,0.06483,0.0,0.00017,0.02755,0.0,0.037279999999999994,1,0.00029,0.06716,0.00017,0.02728,0.0023299999999999987,-0.0002700000000000029,0.0026000000000000016,0.00029,0.06718,0.00028,0.06304,0.002350000000000005,0.035489999999999994,-0.03313999999999999
3901,CVE-2025-3570,2025-04-15,CVE-2025-32365,2025-05-17,9,0.8,0.00029,0.06483,0.0,0.00017,0.02755,0.0,0.037279999999999994,2,0.00029,0.06716,0.00017,0.02728,0.0023299999999999987,-0.0002700000000000029,0.0026000000000000016,0.00029,0.06718,0.00028,0.06304,0.002350000000000005,0.035489999999999994,-0.03313999999999999
3901,CVE-2025-3570,2025-04-15,CVE-2025-22866,2025-05-19,10,0.8,0.00029,0.06483,0.0,8e-05,0.00447,0.0,0.06036,3,0.00029,0.06716,8e-05,0.0045,0.0023299999999999987,2.9999999999999645e-05,0.002299999999999999,0.00029,0.06718,9e-05,0.00557,0.002350000000000005,0.0011000000000000003,0.0012500000000000046
3932,CVE-2025-3827,2025-04-21,CVE-2025-2760,2025-05-27,8,0.5,0.00028,0.06369,0.0,0.00032,0.0772,3.0,0.013510000000000008,1,0.00039,0.11174,0.00032,0.07657,0.04805000000000001,-0.0006300000000000056,0.048680000000000015,0.0003,0.06918,0.00035,0.08821,0.005490000000000009,0.011009999999999992,-0.005519999999999983
4009,CVE-2025-42599,2025-04-18,CVE-2025-26817,2025-05-22,10,0.05,0.00275,0.50646,0.0,0.00404,0.59903,0.0,0.09256999999999993,1,0.003,0.52696,0.00404,0.59887,0.020499999999999963,-0.00015999999999993797,0.0206599999999999,0.13861,0.93918,0.00415,0.60659,0.43272,0.007560000000000011,0.42516
4028,CVE-2025-43864,2025-04-26,CVE-2025-2760,2025-05-27,3,0.2999999999999998,0.00038,0.10553,0.0,0.00032,0.07728,0.0,0.028249999999999997,1,0.0005,0.15545,0.00035,0.08795,0.049920000000000006,0.010669999999999999,0.03925000000000001,0.0005,0.15545,0.00038,0.10566,0.049920000000000006,0.028380000000000002,0.021540000000000004
4029,CVE-2025-43865,2025-04-25,CVE-2025-2760,2025-05-27,6,0.44999999999999946,0.00017,0.02649,0.0,0.00032,0.07716,0.0,0.05067000000000001,1,0.00022,0.04525,0.00035,0.08787,0.01876,0.010709999999999997,0.008050000000000002,0.00022,0.04429,0.00038,0.10582,0.017800000000000003,0.02865999999999999,-0.010859999999999988
4033,CVE-2025-43922,2025-04-21,CVE-2025-2760,2025-05-27,10,0.3499999999999998,0.00013,0.01365,1.0,0.00032,0.0772,3.0,0.06355000000000001,1,0.00017,0.02484,0.00032,0.07657,0.01119,-0.0006300000000000056,0.011820000000000006,0.00017,0.02497,0.00035,0.08821,0.011319999999999998,0.011009999999999992,0.00031000000000000645
4096,CVE-2025-46252,2025-04-24,CVE-2025-2760,2025-05-27,3,0.20000000000000018,0.00027,0.05937,0.0,0.00032,0.0772,0.0,0.017830000000000006,1,0.00037,0.10115,0.00035,0.08718,0.041780000000000005,0.009979999999999989,0.031800000000000016,0.0004,0.11728,0.00035,0.08766,0.057909999999999996,0.010459999999999997,0.04745
4111,CVE-2025-46520,2025-04-25,CVE-2025-2760,2025-05-27,4,0.7000000000000002,0.00014,0.01702,0.0,0.00032,0.07716,0.0,0.060140000000000006,1,0.00015,0.02178,0.00035,0.08787,0.00476,0.010709999999999997,-0.005949999999999997,0.00015,0.02083,0.00038,0.10582,0.003810000000000001,0.02865999999999999,-0.02484999999999999
