event_id,treated_cve,treated_event_date,control_cve,control_future_event_date,candidate_rank_static,static_distance,treated_baseline_epss,treated_baseline_percentile,treated_anchor_offset,control_baseline_epss,control_baseline_percentile,control_anchor_offset,baseline_percentile_distance,match_rank
7,CVE-2013-3900,2024-12-12,CVE-2013-4786,2025-01-21,1,2.3,0.64868,0.98006,0.0,0.36512,0.97305,0.0,0.007010000000000072,1
17,CVE-2016-10099,2025-04-09,CVE-2016-9138,2025-05-12,2,4.800000000000001,0.0133,0.78259,0.0,0.00788,0.71733,0.0,0.06525999999999998,1
17,CVE-2016-10099,2025-04-09,CVE-2016-10243,2025-05-18,1,4.750000000000001,0.0133,0.78259,0.0,0.02875,0.85127,0.0,0.06867999999999996,2
23,CVE-2016-9497,2025-04-11,CVE-2016-10243,2025-05-18,1,1.25,0.06861,0.90533,0.0,0.02875,0.8514,0.0,0.05392999999999992,1
29,CVE-2017-3221,2025-04-11,CVE-2017-7117,2025-05-12,1,1.3,0.02048,0.82379,0.0,0.054,0.89221,0.0,0.06841999999999993,1
29,CVE-2017-3221,2025-04-11,CVE-2017-14227,2025-05-17,3,2.5500000000000007,0.02048,0.82379,0.0,0.00999,0.75093,0.0,0.07286000000000004,2
31,CVE-2017-5715,2025-03-13,CVE-2017-11882,2025-04-18,5,2.5,0.97469,0.99983,0.0,0.97419,0.99972,0.0,0.00010999999999994348,1
31,CVE-2017-5715,2025-03-13,CVE-2017-5754,2025-04-16,1,0.0,0.97469,0.99983,0.0,0.97132,0.99894,0.0,0.0008899999999999464,2
31,CVE-2017-5715,2025-03-13,CVE-2017-0144,2025-04-23,7,3.450000000000001,0.97469,0.99983,0.0,0.96953,0.99848,0.0,0.0013499999999999623,3
32,CVE-2017-5753,2025-03-13,CVE-2017-11882,2025-04-18,5,2.5,0.97542,0.99999,0.0,0.97419,0.99972,0.0,0.00026999999999999247,1
32,CVE-2017-5753,2025-03-13,CVE-2017-5754,2025-04-16,1,0.0,0.97542,0.99999,0.0,0.97132,0.99894,0.0,0.0010499999999999954,2
32,CVE-2017-5753,2025-03-13,CVE-2017-0144,2025-04-23,7,3.450000000000001,0.97542,0.99999,0.0,0.96953,0.99848,0.0,0.0015100000000000113,3
35,CVE-2017-8083,2025-04-10,CVE-2017-13238,2025-05-17,4,2.55,0.00038,0.08386,0.0,0.00025,0.04108,0.0,0.042780000000000006,1
36,CVE-2017-9884,2025-04-26,CVE-2017-5705,2025-05-29,1,0.05,0.00108,0.30358,0.0,0.0011,0.30723,0.0,0.0036499999999999866,1
38,CVE-2018-0171,2025-02-20,CVE-2018-1207,2025-04-16,1,0.05,0.74487,0.98386,0.0,0.03398,0.91461,0.0,0.06924999999999992,1
42,CVE-2018-1000045,2025-04-11,CVE-2018-4413,2025-05-24,3,2.55,0.00578,0.66432,0.0,0.00556,0.6564,0.0,0.007920000000000038,1
42,CVE-2018-1000045,2025-04-11,CVE-2018-4344,2025-05-24,1,0.0,0.00578,0.66432,0.0,0.00515,0.64046,0.0,0.023859999999999992,2
42,CVE-2018-1000045,2025-04-11,CVE-2018-16790,2025-05-17,2,0.2999999999999998,0.00578,0.66432,0.0,0.00508,0.63715,0.0,0.027170000000000027,3
43,CVE-2018-1000046,2025-04-11,CVE-2018-4413,2025-05-24,3,2.55,0.00578,0.66432,0.0,0.00556,0.6564,0.0,0.007920000000000038,1
43,CVE-2018-1000046,2025-04-11,CVE-2018-4344,2025-05-24,1,0.0,0.00578,0.66432,0.0,0.00515,0.64046,0.0,0.023859999999999992,2
43,CVE-2018-1000046,2025-04-11,CVE-2018-16790,2025-05-17,2,0.2999999999999998,0.00578,0.66432,0.0,0.00508,0.63715,0.0,0.027170000000000027,3
44,CVE-2018-1000047,2025-04-11,CVE-2018-0898,2025-05-16,4,4.3500000000000005,0.00968,0.74684,0.0,0.01901,0.81739,0.0,0.07055,1
44,CVE-2018-1000047,2025-04-11,CVE-2018-0899,2025-05-16,5,4.3500000000000005,0.00968,0.74684,0.0,0.01901,0.81739,0.0,0.07055,2
44,CVE-2018-1000047,2025-04-11,CVE-2018-0900,2025-05-16,6,4.3500000000000005,0.00968,0.74684,0.0,0.01901,0.81739,0.0,0.07055,3
45,CVE-2018-1000048,2025-04-11,CVE-2018-0898,2025-05-16,4,4.3500000000000005,0.00968,0.74684,0.0,0.01901,0.81739,0.0,0.07055,1
45,CVE-2018-1000048,2025-04-11,CVE-2018-0899,2025-05-16,5,4.3500000000000005,0.00968,0.74684,0.0,0.01901,0.81739,0.0,0.07055,2
45,CVE-2018-1000048,2025-04-11,CVE-2018-0900,2025-05-16,6,4.3500000000000005,0.00968,0.74684,0.0,0.01901,0.81739,0.0,0.07055,3
47,CVE-2018-10561,2025-01-29,CVE-2018-1207,2025-04-16,1,0.05,0.96379,0.99705,0.0,0.03398,0.91374,0.0,0.08331,1
48,CVE-2018-10562,2025-01-29,CVE-2018-1207,2025-04-16,1,0.05,0.971,0.99884,0.0,0.03398,0.91374,0.0,0.08509999999999995,1
51,CVE-2018-13379,2025-01-15,CVE-2018-0171,2025-02-20,7,0.7000000000000011,0.96926,0.99832,0.0,0.74487,0.9836,0.0,0.014719999999999955,1
51,CVE-2018-13379,2025-01-15,CVE-2018-1207,2025-04-16,8,0.7500000000000011,0.96926,0.99832,0.0,0.03398,0.91337,0.0,0.08494999999999997,2
53,CVE-2018-16606,2025-04-16,CVE-2018-16790,2025-05-17,3,1.8999999999999997,0.00452,0.62468,0.0,0.00508,0.64995,0.0,0.025270000000000015,1
53,CVE-2018-16606,2025-04-16,CVE-2018-4344,2025-05-24,2,1.5999999999999999,0.00452,0.62468,0.0,0.00515,0.65292,0.0,0.028239999999999932,2
53,CVE-2018-16606,2025-04-16,CVE-2018-4413,2025-05-24,1,1.05,0.00452,0.62468,0.0,0.00556,0.66811,0.0,0.04342999999999997,3
55,CVE-2018-17532,2025-01-29,CVE-2018-3846,2025-04-11,5,1.3,0.01462,0.86614,0.0,0.01015,0.83747,0.0,0.028669999999999973,1
55,CVE-2018-17532,2025-01-29,CVE-2018-3847,2025-04-11,6,1.3,0.01462,0.86614,0.0,0.00833,0.81992,0.0,0.04622000000000004,2
55,CVE-2018-17532,2025-01-29,CVE-2018-1207,2025-04-16,1,0.05,0.01462,0.86614,0.0,0.03398,0.91374,0.0,0.047599999999999976,3
56,CVE-2018-19410,2025-02-05,CVE-2018-1207,2025-04-16,1,0.05,0.04906,0.92777,0.0,0.03398,0.91404,0.0,0.01373000000000002,1
56,CVE-2018-19410,2025-02-05,CVE-2018-3846,2025-04-11,5,1.3,0.04906,0.92777,0.0,0.01015,0.8377,0.0,0.09006999999999998,2
57,CVE-2018-20817,2024-03-18,CVE-2018-1285,2025-04-22,12,0.05,0.0099,0.83166,0.0,0.00819,0.81439,0.0,0.017270000000000008,1
57,CVE-2018-20817,2024-03-18,CVE-2018-1207,2025-04-16,11,0.05,0.0099,0.83166,0.0,0.01875,0.88115,0.0,0.049490000000000034,2
57,CVE-2018-20817,2024-03-18,CVE-2018-17532,2025-01-29,8,0.05,0.0099,0.83166,0.0,0.00572,0.77416,0.0,0.057499999999999996,3
58,CVE-2018-3646,2025-04-11,CVE-2018-0898,2025-05-16,2,0.9499999999999995,0.05906,0.8972,0.0,0.01901,0.81739,0.0,0.07981000000000005,1
58,CVE-2018-3646,2025-04-11,CVE-2018-0899,2025-05-16,3,0.9499999999999995,0.05906,0.8972,0.0,0.01901,0.81739,0.0,0.07981000000000005,2
58,CVE-2018-3646,2025-04-11,CVE-2018-0900,2025-05-16,4,0.9499999999999995,0.05906,0.8972,0.0,0.01901,0.81739,0.0,0.07981000000000005,3
59,CVE-2018-3846,2025-04-11,CVE-2018-0898,2025-05-16,4,4.3500000000000005,0.02446,0.83867,0.0,0.01901,0.81739,0.0,0.021280000000000077,1
59,CVE-2018-3846,2025-04-11,CVE-2018-0899,2025-05-16,5,4.3500000000000005,0.02446,0.83867,0.0,0.01901,0.81739,0.0,0.021280000000000077,2
59,CVE-2018-3846,2025-04-11,CVE-2018-0900,2025-05-16,6,4.3500000000000005,0.02446,0.83867,0.0,0.01901,0.81739,0.0,0.021280000000000077,3
60,CVE-2018-3847,2025-04-11,CVE-2018-0898,2025-05-16,4,4.3500000000000005,0.01759,0.8104,0.0,0.01901,0.81739,0.0,0.006989999999999941,1
60,CVE-2018-3847,2025-04-11,CVE-2018-0899,2025-05-16,5,4.3500000000000005,0.01759,0.8104,0.0,0.01901,0.81739,0.0,0.006989999999999941,2
60,CVE-2018-3847,2025-04-11,CVE-2018-0900,2025-05-16,6,4.3500000000000005,0.01759,0.8104,0.0,0.01901,0.81739,0.0,0.006989999999999941,3
61,CVE-2018-3848,2025-04-11,CVE-2018-0898,2025-05-16,4,4.3500000000000005,0.02242,0.83182,0.0,0.01901,0.81739,0.0,0.014430000000000054,1
61,CVE-2018-3848,2025-04-11,CVE-2018-0899,2025-05-16,5,4.3500000000000005,0.02242,0.83182,0.0,0.01901,0.81739,0.0,0.014430000000000054,2
61,CVE-2018-3848,2025-04-11,CVE-2018-0900,2025-05-16,6,4.3500000000000005,0.02242,0.83182,0.0,0.01901,0.81739,0.0,0.014430000000000054,3
62,CVE-2018-3849,2025-04-11,CVE-2018-0898,2025-05-16,4,4.3500000000000005,0.02242,0.83182,0.0,0.01901,0.81739,0.0,0.014430000000000054,1
62,CVE-2018-3849,2025-04-11,CVE-2018-0899,2025-05-16,5,4.3500000000000005,0.02242,0.83182,0.0,0.01901,0.81739,0.0,0.014430000000000054,2
62,CVE-2018-3849,2025-04-11,CVE-2018-0900,2025-05-16,6,4.3500000000000005,0.02242,0.83182,0.0,0.01901,0.81739,0.0,0.014430000000000054,3
66,CVE-2018-8065,2023-05-31,CVE-2018-9276,2025-02-05,8,0.3499999999999998,0.9655,0.99365,0.0,0.4346,0.96808,0.0,0.02556999999999998,1
67,CVE-2018-8639,2025-03-03,CVE-2018-16606,2025-04-16,12,1.5999999999999999,0.00071,0.33943,0.0,0.00084,0.3835,0.0,0.04407,1
68,CVE-2018-9276,2025-02-05,CVE-2018-0114,2025-05-05,1,0.3499999999999998,0.811,0.98615,0.0,0.03943,0.92,0.0,0.06614999999999993,1
88,CVE-2019-1010060,2025-04-11,CVE-2019-1367,2025-05-29,4,2.6000000000000005,0.31291,0.96403,0.0,0.87865,0.99448,0.0,0.030449999999999977,1
88,CVE-2019-1010060,2025-04-11,CVE-2019-2725,2025-05-13,1,0.0,0.31291,0.96403,0.0,0.94448,0.99992,0.0,0.03588999999999998,2
88,CVE-2019-1010060,2025-04-11,CVE-2019-1069,2025-05-13,2,2.250000000000001,0.31291,0.96403,0.0,0.10373,0.92497,0.0,0.039060000000000095,3
89,CVE-2019-10652,2025-04-10,CVE-2019-0881,2025-05-16,4,0.6499999999999997,0.00829,0.72462,0.0,0.02011,0.82218,0.0,0.09755999999999998,1
92,CVE-2019-13024,2025-04-10,CVE-2019-1367,2025-05-29,4,1.3500000000000008,0.61921,0.98208,0.0,0.87865,0.99448,0.0,0.012400000000000078,1
92,CVE-2019-13024,2025-04-10,CVE-2019-2725,2025-05-13,3,1.3,0.61921,0.98208,0.0,0.94448,0.99992,0.0,0.017840000000000078,2
92,CVE-2019-13024,2025-04-10,CVE-2019-1069,2025-05-13,1,1.050000000000001,0.61921,0.98208,0.0,0.10373,0.92495,0.0,0.0571299999999999,3
97,CVE-2019-15949,2025-04-08,CVE-2019-1367,2025-05-29,4,1.3500000000000008,0.91112,0.99632,0.0,0.87865,0.99447,0.0,0.0018500000000000183,1
97,CVE-2019-15949,2025-04-08,CVE-2019-2725,2025-05-13,3,1.3,0.91112,0.99632,0.0,0.94448,0.99992,0.0,0.0036000000000000476,2
97,CVE-2019-15949,2025-04-08,CVE-2019-1069,2025-05-13,1,1.050000000000001,0.91112,0.99632,0.0,0.10373,0.92491,0.0,0.07140999999999997,3
99,CVE-2019-19245,2025-04-14,CVE-2019-0881,2025-05-16,1,2.3000000000000007,0.02567,0.84282,0.0,0.02011,0.82207,0.0,0.020750000000000046,1
99,CVE-2019-19245,2025-04-14,CVE-2019-0959,2025-05-16,3,3.1000000000000005,0.02567,0.84282,0.0,0.04197,0.8772,0.0,0.034379999999999966,2
100,CVE-2019-1937,2023-07-15,CVE-2019-1010060,2025-04-11,2,0.05,0.01127,0.82726,0.0,0.01061,0.82177,0.0,0.005489999999999995,1
100,CVE-2019-1937,2023-07-15,CVE-2019-19245,2025-04-14,1,0.0,0.01127,0.82726,0.0,0.00931,0.80889,0.0,0.018369999999999997,2
100,CVE-2019-1937,2023-07-15,CVE-2019-3568,2025-05-07,5,0.05,0.01127,0.82726,0.0,0.03528,0.90303,0.0,0.07577,3
101,CVE-2019-20893,2023-05-10,CVE-2019-9531,2025-04-11,3,0.05,0.00363,0.68188,0.0,0.00422,0.70437,0.0,0.02249000000000001,1
106,CVE-2019-5736,2025-04-24,CVE-2019-1367,2025-05-29,1,1.1499999999999997,0.55518,0.97892,0.0,0.87865,0.99416,0.0,0.015240000000000031,1
108,CVE-2019-6111,2025-04-09,CVE-2019-1367,2025-05-29,2,1.8999999999999997,0.56692,0.97938,0.0,0.87865,0.99447,0.0,0.015089999999999937,1
108,CVE-2019-6111,2025-04-09,CVE-2019-2725,2025-05-13,5,4.15,0.56692,0.97938,0.0,0.94448,0.99992,0.0,0.020540000000000003,2
108,CVE-2019-6111,2025-04-09,CVE-2019-1069,2025-05-13,3,2.1499999999999995,0.56692,0.97938,0.0,0.10373,0.92494,0.0,0.054440000000000044,3
110,CVE-2019-9531,2025-04-11,CVE-2019-0881,2025-05-16,3,2.250000000000001,0.01174,0.76901,0.0,0.02011,0.82228,0.0,0.05327000000000004,1
114,CVE-2020-0238,2024-12-04,CVE-2020-14979,2025-03-11,7,0.8499999999999999,0.00042,0.05089,0.0,0.00042,0.05089,0.0,0.0,1
119,CVE-2020-11027,2023-06-19,CVE-2020-3259,2025-04-17,9,1.7000000000000004,0.00279,0.63837,0.0,0.00246,0.61282,0.0,0.02554999999999996,1
119,CVE-2020-11027,2023-06-19,CVE-2020-11060,2023-10-09,7,1.5500000000000007,0.00279,0.63837,0.0,0.00219,0.5866,0.0,0.05176999999999998,2
120,CVE-2020-11060,2023-10-09,CVE-2020-3259,2025-04-17,2,0.14999999999999963,0.00219,0.5946,0.0,0.00246,0.62181,0.0,0.027209999999999956,1
121,CVE-2020-11560,2023-06-23,CVE-2020-14979,2025-03-11,2,0.05,0.00042,0.05675,0.0,0.00042,0.05675,0.0,0.0,1
121,CVE-2020-11560,2023-06-23,CVE-2020-27786,2024-09-09,1,0.05,0.00042,0.05675,0.0,0.00043,0.07958,0.0,0.022829999999999996,2
121,CVE-2020-11560,2023-06-23,CVE-2020-1377,2025-05-16,4,0.05,0.00042,0.05675,0.0,0.00046,0.12895,0.0,0.07220000000000001,3
122,CVE-2020-11971,2025-04-11,CVE-2020-1378,2025-05-16,1,0.05,0.02084,0.82549,0.0,0.01809,0.81321,0.0,0.012279999999999958,1
126,CVE-2020-1472,2025-03-25,CVE-2020-0601,2025-05-16,5,2.8999999999999995,0.94448,0.99991,0.0,0.93923,0.99872,0.0,0.0011899999999999133,1
126,CVE-2020-1472,2025-03-25,CVE-2020-0609,2025-05-13,6,4.6000000000000005,0.94448,0.99991,0.0,0.86889,0.99406,0.0,0.005849999999999911,2
126,CVE-2020-1472,2025-03-25,CVE-2020-0787,2025-05-13,2,2.5999999999999996,0.94448,0.99991,0.0,0.58,0.98006,0.0,0.019849999999999923,3
127,CVE-2020-14871,2025-04-09,CVE-2020-0609,2025-05-13,1,0.1999999999999993,0.88872,0.99498,0.0,0.86889,0.99398,0.0,0.0010000000000000009,1
127,CVE-2020-14871,2025-04-09,CVE-2020-0601,2025-05-16,2,2.2,0.88872,0.99498,0.0,0.93911,0.9987,0.0,0.0037200000000000566,2
127,CVE-2020-14871,2025-04-09,CVE-2020-0787,2025-05-13,3,2.45,0.88872,0.99498,0.0,0.58,0.98005,0.0,0.014929999999999999,3
129,CVE-2020-15934,2024-12-19,CVE-2020-14979,2025-03-11,5,1.050000000000001,0.00043,0.10892,1.0,0.00042,0.04956,0.0,0.05936,1
130,CVE-2020-18662,2025-04-11,CVE-2020-9859,2025-05-24,5,2.3000000000000007,0.00392,0.57478,0.0,0.00369,0.55972,0.0,0.015059999999999962,1
130,CVE-2020-18662,2025-04-11,CVE-2020-1377,2025-05-16,4,2.3000000000000007,0.00392,0.57478,0.0,0.00484,0.62608,0.0,0.05130000000000001,2
134,CVE-2020-26071,2024-11-18,CVE-2020-14979,2025-03-11,6,0.6500000000000006,0.00044,0.1177,1.0,0.00042,0.05124,0.0,0.06645999999999999,1
135,CVE-2020-27124,2024-11-18,CVE-2020-1377,2025-05-16,8,0.8499999999999999,0.00049,0.20186,1.0,0.00057,0.25154,0.0,0.049679999999999974,1
136,CVE-2020-2778,2024-09-09,CVE-2020-11971,2025-04-11,7,4.1,0.00111,0.45156,0.0,0.0014,0.50414,0.0,0.052580000000000016,1
136,CVE-2020-2778,2024-09-09,CVE-2020-7656,2025-04-08,2,2.6999999999999993,0.00111,0.45156,0.0,0.00154,0.52421,0.0,0.07264999999999994,2
136,CVE-2020-2778,2024-09-09,CVE-2020-25860,2025-04-24,4,3.1999999999999993,0.00111,0.45156,0.0,0.00165,0.53834,0.0,0.08678000000000002,3
137,CVE-2020-27786,2024-09-09,CVE-2020-14979,2025-03-11,1,0.05,0.00043,0.10368,0.0,0.00042,0.05065,0.0,0.053029999999999994,1
138,CVE-2020-28398,2024-12-10,CVE-2020-14979,2025-03-11,5,1.050000000000001,0.00043,0.10788,1.0,0.00042,0.05074,0.0,0.05714,1
139,CVE-2020-2883,2025-01-07,CVE-2020-0601,2025-05-16,10,2.000000000000001,0.96449,0.99719,0.0,0.9708,0.99874,0.0,0.0015499999999999403,1
139,CVE-2020-2883,2025-01-07,CVE-2020-1938,2025-04-24,2,0.05,0.96449,0.99719,0.0,0.97406,0.99966,0.0,0.0024699999999999722,2
139,CVE-2020-2883,2025-01-07,CVE-2020-25223,2025-04-24,3,0.05,0.96449,0.99719,0.0,0.97552,0.99999,0.0,0.0028000000000000247,3
143,CVE-2020-36084,2025-02-06,CVE-2020-9859,2025-05-24,12,2.3000000000000007,0.00101,0.43111,0.0,0.0007,0.33245,0.0,0.09865999999999997,1
145,CVE-2020-5741,2023-03-03,CVE-2020-5509,2025-04-16,1,0.05,0.20713,0.96512,0.0,0.15362,0.95991,0.0,0.005209999999999937,1
145,CVE-2020-5741,2023-03-03,CVE-2020-11060,2023-10-09,2,0.25000000000000017,0.20713,0.96512,0.0,0.26473,0.97112,0.0,0.006000000000000005,2
145,CVE-2020-5741,2023-03-03,CVE-2020-0787,2025-05-13,10,0.6499999999999997,0.20713,0.96512,0.0,0.10723,0.94659,0.0,0.018529999999999935,3
147,CVE-2020-7656,2025-04-08,CVE-2020-9859,2025-05-24,4,2.0,0.00281,0.48639,0.0,0.00369,0.55927,0.0,0.07288000000000006,1
148,CVE-2020-9236,2024-12-27,CVE-2020-14979,2025-03-11,5,1.050000000000001,0.00043,0.1094,1.0,0.00042,0.04987,0.0,0.05953,1
152,CVE-2021-20035,2025-04-17,CVE-2021-38314,2025-05-27,3,1.2500000000000002,0.26232,0.95939,0.0,0.86722,0.99356,0.0,0.034170000000000034,1
152,CVE-2021-20035,2025-04-17,CVE-2021-32030,2025-05-28,4,3.5500000000000007,0.26232,0.95939,0.0,0.93481,0.99808,0.0,0.03869,2
153,CVE-2021-20288,2025-04-09,CVE-2021-30871,2025-05-19,3,1.9500000000000002,0.00198,0.39109,0.0,0.00143,0.3135,0.0,0.07758999999999999,1
155,CVE-2021-24499,2023-06-09,CVE-2021-32030,2025-05-28,12,0.05,0.16056,0.95152,0.0,0.68002,0.97482,0.0,0.023299999999999987,1
155,CVE-2021-24499,2023-06-09,CVE-2021-44529,2025-05-13,10,0.05,0.16056,0.95152,0.0,0.9503,0.98942,0.0,0.037899999999999934,2
155,CVE-2021-24499,2023-06-09,CVE-2021-35587,2025-03-25,7,0.05,0.16056,0.95152,0.0,0.96798,0.99484,0.0,0.043319999999999914,3
156,CVE-2021-25094,2025-04-18,CVE-2021-38314,2025-05-27,5,3.0999999999999996,0.8815,0.99427,0.0,0.86722,0.99355,0.0,0.0007199999999999429,1
156,CVE-2021-25094,2025-04-18,CVE-2021-32030,2025-05-28,2,2.000000000000001,0.8815,0.99427,0.0,0.93481,0.99808,0.0,0.00380999999999998,2
157,CVE-2021-25646,2025-04-24,CVE-2021-32030,2025-05-28,2,1.3,0.94334,0.9994,0.0,0.93481,0.99808,0.0,0.0013199999999999878,1
157,CVE-2021-25646,2025-04-24,CVE-2021-38314,2025-05-27,3,3.750000000000001,0.94334,0.9994,0.0,0.86722,0.99356,0.0,0.005839999999999956,2
160,CVE-2021-26414,2023-01-16,CVE-2021-31207,2025-02-19,9,1.8499999999999999,0.03083,0.83219,0.0,0.02355,0.80842,0.0,0.023769999999999958,1
160,CVE-2021-26414,2023-01-16,CVE-2021-33813,2025-04-17,12,2.95,0.03083,0.83219,0.0,0.05242,0.89325,0.0,0.06106,2
161,CVE-2021-26855,2025-01-06,CVE-2021-22986,2025-05-13,9,0.7500000000000011,0.97508,0.99992,0.0,0.97515,0.99994,0.0,2.0000000000020002e-05,1
161,CVE-2021-26855,2025-01-06,CVE-2021-44529,2025-05-13,10,0.7500000000000011,0.97508,0.99992,0.0,0.97395,0.99964,0.0,0.000280000000000058,2
161,CVE-2021-26855,2025-01-06,CVE-2021-34473,2025-02-19,1,0.0,0.97508,0.99992,0.0,0.96461,0.99723,0.0,0.002690000000000081,3
166,CVE-2021-28976,2025-04-11,CVE-2021-27101,2025-05-28,9,2.9000000000000004,0.0249,0.84029,0.0,0.02023,0.82281,0.0,0.01747999999999994,1
168,CVE-2021-30858,2025-04-19,CVE-2021-27101,2025-05-28,1,1.25,0.01171,0.77523,0.0,0.01639,0.80906,0.0,0.03383000000000003,1
169,CVE-2021-30860,2025-04-27,CVE-2021-32030,2025-05-28,2,2.3000000000000007,0.69382,0.98527,0.0,0.93481,0.99809,0.0,0.012820000000000054,1
171,CVE-2021-30892,2025-01-13,CVE-2021-30769,2025-05-20,2,0.05,0.0007,0.33015,0.0,0.00071,0.33154,0.0,0.0013900000000000023,1
171,CVE-2021-30892,2025-01-13,CVE-2021-25742,2025-03-31,11,2.3999999999999995,0.0007,0.33015,0.0,0.00087,0.39072,0.0,0.06057000000000001,2
172,CVE-2021-30970,2025-01-13,CVE-2021-30769,2025-05-20,2,0.05,0.00071,0.33076,0.0,0.00071,0.33154,0.0,0.0007800000000000029,1
172,CVE-2021-30970,2025-01-13,CVE-2021-25742,2025-03-31,11,2.3999999999999995,0.00071,0.33076,0.0,0.00087,0.39072,0.0,0.05996000000000001,2
173,CVE-2021-31207,2025-02-19,CVE-2021-41773,2025-05-15,7,1.2000000000000004,0.91111,0.99155,0.0,0.97289,0.99936,0.0,0.007809999999999984,1
173,CVE-2021-31207,2025-02-19,CVE-2021-26857,2025-05-02,11,1.4500000000000002,0.91111,0.99155,0.0,0.61868,0.9802,0.0,0.011350000000000082,2
173,CVE-2021-31207,2025-02-19,CVE-2021-26858,2025-05-02,12,1.4500000000000002,0.91111,0.99155,0.0,0.15565,0.95955,0.0,0.03200000000000003,3
176,CVE-2021-33216,2025-04-16,CVE-2021-27101,2025-05-28,1,0.05,0.00841,0.73448,0.0,0.02023,0.82705,0.0,0.09256999999999993,1
177,CVE-2021-33813,2025-04-17,CVE-2021-30769,2025-05-20,2,2.3,0.00072,0.22786,0.0,0.00076,0.23581,0.0,0.007949999999999985,1
178,CVE-2021-34473,2025-02-19,CVE-2021-25646,2025-04-24,2,0.599999999999999,0.96568,0.99753,0.0,0.97277,0.99934,0.0,0.0018099999999999783,1
178,CVE-2021-34473,2025-02-19,CVE-2021-44529,2025-05-13,9,0.7500000000000011,0.96568,0.99753,0.0,0.97374,0.99962,0.0,0.0020899999999999253,2
178,CVE-2021-34473,2025-02-19,CVE-2021-22986,2025-05-13,8,0.7500000000000011,0.96568,0.99753,0.0,0.97525,0.99997,0.0,0.0024399999999999977,3
179,CVE-2021-34523,2025-02-19,CVE-2021-25646,2025-04-24,2,0.4999999999999993,0.95882,0.99619,0.0,0.97277,0.99934,0.0,0.003149999999999986,1
179,CVE-2021-34523,2025-02-19,CVE-2021-44529,2025-05-13,9,0.8500000000000008,0.95882,0.99619,0.0,0.97374,0.99962,0.0,0.003429999999999933,2
179,CVE-2021-34523,2025-02-19,CVE-2021-22986,2025-05-13,8,0.8500000000000008,0.95882,0.99619,0.0,0.97525,0.99997,0.0,0.0037800000000000056,3
180,CVE-2021-35587,2025-03-25,CVE-2021-27065,2025-05-02,8,2.3000000000000007,0.94197,0.99912,0.0,0.9434,0.99948,0.0,0.00036000000000002697,1
180,CVE-2021-35587,2025-03-25,CVE-2021-41773,2025-05-15,10,2.5500000000000007,0.94197,0.99912,0.0,0.94398,0.99972,0.0,0.0006000000000000449,2
180,CVE-2021-35587,2025-03-25,CVE-2021-44529,2025-05-13,3,0.05,0.94197,0.99912,0.0,0.94461,0.99994,0.0,0.0008200000000000429,3
187,CVE-2021-40449,2025-04-18,CVE-2021-38314,2025-05-27,5,2.8,0.8233,0.99155,0.0,0.86722,0.99355,0.0,0.0020000000000000018,1
187,CVE-2021-40449,2025-04-18,CVE-2021-32030,2025-05-28,1,2.250000000000001,0.8233,0.99155,0.0,0.93481,0.99808,0.0,0.006529999999999925,2
188,CVE-2021-41379,2021-11-23,CVE-2021-26414,2023-01-16,8,0.7000000000000002,0.06701,0.91310427,0.0,0.06701,0.91310427,0.0,0.0,1
188,CVE-2021-41379,2021-11-23,CVE-2021-31207,2025-02-19,10,1.1499999999999997,0.06701,0.91310427,0.0,0.76085,0.998808938,0.0,0.08570466799999998,2
190,CVE-2021-42291,2023-01-16,CVE-2021-28976,2025-04-11,5,0.3499999999999998,0.0115,0.5976,0.0,0.01156,0.60717,0.0,0.009569999999999967,1
191,CVE-2021-44228,2021-12-20,CVE-2021-22986,2025-05-13,12,0.24999999999999928,0.92515,0.999771153,0.0,0.3817,0.992181044,0.0,0.0075901090000000115,1
194,CVE-2021-44567,2025-04-11,CVE-2021-27101,2025-05-28,3,0.05,0.02631,0.8447,0.0,0.02023,0.82281,0.0,0.021889999999999965,1
195,CVE-2021-45046,2021-12-14,CVE-2021-24499,2023-06-09,6,0.8500000000000008,0.05553,0.889186877,1.0,0.02742,0.807796129,0.0,0.08139074800000001,1
196,CVE-2021-45105,2021-12-18,CVE-2021-31207,2025-02-19,7,0.7499999999999993,0.20412,0.978519074,3.0,0.76085,0.998790672,0.0,0.020271598000000002,1
196,CVE-2021-45105,2021-12-18,CVE-2021-26414,2023-01-16,9,1.1000000000000005,0.20412,0.978519074,3.0,0.06701,0.913768522,0.0,0.06475055200000002,2
206,CVE-2022-20649,2024-11-15,CVE-2022-38028,2025-04-17,6,0.3499999999999998,0.00063,0.28809,1.0,0.00051,0.21213,0.0,0.07596,1
210,CVE-2022-21907,2023-07-07,CVE-2022-42889,2025-04-18,6,0.0,0.94965,0.98945,0.0,0.87635,0.98155,0.0,0.007900000000000018,1
210,CVE-2022-21907,2023-07-07,CVE-2022-35914,2024-05-19,4,0.0,0.94965,0.98945,0.0,0.97328,0.99802,0.0,0.008569999999999967,2
210,CVE-2022-21907,2023-07-07,CVE-2022-37061,2025-04-16,5,0.0,0.94965,0.98945,0.0,0.97496,0.99956,0.0,0.010109999999999952,3
211,CVE-2022-22126,2025-04-11,CVE-2022-34707,2025-05-16,7,1.9500000000000002,0.00228,0.42836,0.0,0.0017,0.35085,0.0,0.07751000000000002,1
211,CVE-2022-22126,2025-04-11,CVE-2022-27779,2025-05-13,2,0.7999999999999998,0.00228,0.42836,0.0,0.00166,0.34537,0.0,0.08299000000000001,2
211,CVE-2022-22126,2025-04-11,CVE-2022-35768,2025-05-16,8,1.9500000000000002,0.00228,0.42836,0.0,0.00165,0.34398,0.0,0.08438000000000001,3
212,CVE-2022-22536,2025-04-02,CVE-2022-30190,2025-05-13,12,2.5,0.93844,0.99863,0.0,0.92856,0.99763,0.0,0.0010000000000000009,1
212,CVE-2022-22536,2025-04-02,CVE-2022-1388,2025-05-13,3,0.24999999999999928,0.93844,0.99863,0.0,0.94456,0.99993,0.0,0.0012999999999999678,2
212,CVE-2022-22536,2025-04-02,CVE-2022-41352,2025-05-13,4,0.24999999999999928,0.93844,0.99863,0.0,0.78354,0.98972,0.0,0.008909999999999973,3
214,CVE-2022-2274,2025-04-09,CVE-2022-41352,2025-05-13,2,0.0,0.5801,0.98006,0.0,0.80482,0.99083,0.0,0.010769999999999946,1
214,CVE-2022-2274,2025-04-09,CVE-2022-30190,2025-05-13,11,2.250000000000001,0.5801,0.98006,0.0,0.92964,0.99774,0.0,0.017679999999999918,2
214,CVE-2022-2274,2025-04-09,CVE-2022-1388,2025-05-13,1,0.0,0.5801,0.98006,0.0,0.94456,0.99993,0.0,0.019869999999999943,3
215,CVE-2022-22963,2023-07-11,CVE-2022-35914,2024-05-19,4,0.0,0.97507,0.99967,0.0,0.97399,0.99866,0.0,0.0010099999999999554,1
215,CVE-2022-22963,2023-07-11,CVE-2022-37061,2025-04-16,5,0.0,0.97507,0.99967,0.0,0.97383,0.9985,0.0,0.0011699999999998933,2
215,CVE-2022-22963,2023-07-11,CVE-2022-42889,2025-04-18,6,0.0,0.97507,0.99967,0.0,0.84011,0.97994,0.0,0.019729999999999914,3
216,CVE-2022-23053,2025-04-11,CVE-2022-34707,2025-05-16,7,1.9500000000000002,0.00228,0.42836,0.0,0.0017,0.35085,0.0,0.07751000000000002,1
216,CVE-2022-23053,2025-04-11,CVE-2022-27779,2025-05-13,2,0.7999999999999998,0.00228,0.42836,0.0,0.00166,0.34537,0.0,0.08299000000000001,2
216,CVE-2022-23053,2025-04-11,CVE-2022-35768,2025-05-16,8,1.9500000000000002,0.00228,0.42836,0.0,0.00165,0.34398,0.0,0.08438000000000001,3
217,CVE-2022-23054,2025-04-11,CVE-2022-34707,2025-05-16,7,1.9500000000000002,0.00228,0.42836,0.0,0.0017,0.35085,0.0,0.07751000000000002,1
217,CVE-2022-23054,2025-04-11,CVE-2022-27779,2025-05-13,2,0.7999999999999998,0.00228,0.42836,0.0,0.00166,0.34537,0.0,0.08299000000000001,2
217,CVE-2022-23054,2025-04-11,CVE-2022-35768,2025-05-16,8,1.9500000000000002,0.00228,0.42836,0.0,0.00165,0.34398,0.0,0.08438000000000001,3
219,CVE-2022-23513,2023-09-04,CVE-2022-40258,2025-03-18,1,0.05,0.00046,0.13996,0.0,0.00046,0.13996,0.0,0.0,1
219,CVE-2022-23513,2023-09-04,CVE-2022-4407,2025-04-16,10,0.7999999999999998,0.00046,0.13996,0.0,0.00046,0.13996,0.0,0.0,2
219,CVE-2022-23513,2023-09-04,CVE-2022-34708,2025-05-16,7,0.25000000000000017,0.00046,0.13996,0.0,0.00047,0.14406,0.0,0.0040999999999999925,3
220,CVE-2022-23824,2025-02-07,CVE-2022-29614,2025-04-09,6,0.55,0.00059,0.27368,0.0,0.00058,0.26821,0.0,0.005469999999999975,1
220,CVE-2022-23824,2025-02-07,CVE-2022-4407,2025-04-16,11,0.6499999999999997,0.00059,0.27368,0.0,0.00061,0.28617,0.0,0.012490000000000001,2
220,CVE-2022-23824,2025-02-07,CVE-2022-22126,2025-04-11,7,0.6499999999999997,0.00059,0.27368,0.0,0.00062,0.28843,0.0,0.01475000000000004,3
223,CVE-2022-24715,2023-07-15,CVE-2022-40259,2025-03-18,7,0.24999999999999928,0.00137,0.48213,0.0,0.00134,0.47776,0.0,0.004369999999999985,1
223,CVE-2022-24715,2023-07-15,CVE-2022-0811,2025-05-13,12,0.3500000000000007,0.00137,0.48213,0.0,0.00116,0.44588,0.0,0.036250000000000004,2
223,CVE-2022-24715,2023-07-15,CVE-2022-22620,2025-05-10,11,0.3500000000000007,0.00137,0.48213,0.0,0.00183,0.54626,0.0,0.06412999999999996,3
225,CVE-2022-2591,2023-05-13,CVE-2022-46908,2025-05-14,8,0.25000000000000017,0.00046,0.14074,0.0,0.00046,0.14091,0.0,0.00017000000000000348,1
225,CVE-2022-2591,2023-05-13,CVE-2022-38028,2025-04-17,10,0.3499999999999998,0.00046,0.14074,0.0,0.00048,0.14675,0.0,0.006009999999999988,2
225,CVE-2022-2591,2023-05-13,CVE-2022-29154,2025-01-16,7,0.14999999999999963,0.00046,0.14074,0.0,0.00053,0.18965,0.0,0.04891000000000001,3
227,CVE-2022-26118,2025-02-11,CVE-2022-2390,2025-04-26,5,0.6500000000000006,0.00044,0.14879,0.0,0.00044,0.14879,0.0,0.0,1
229,CVE-2022-26872,2025-03-18,CVE-2022-2601,2025-05-14,2,0.29999999999999893,0.00086,0.22718,0.0,0.00069,0.18563,0.0,0.041550000000000004,1
231,CVE-2022-27254,2025-04-15,CVE-2022-44683,2025-05-16,11,2.75,0.03562,0.87017,0.0,0.04022,0.87802,0.0,0.007850000000000024,1
231,CVE-2022-27254,2025-04-15,CVE-2022-38037,2025-05-16,8,2.75,0.03562,0.87017,0.0,0.0202,0.82675,0.0,0.043420000000000014,2
231,CVE-2022-27254,2025-04-15,CVE-2022-38038,2025-05-16,9,2.75,0.03562,0.87017,0.0,0.0202,0.82675,0.0,0.043420000000000014,3
234,CVE-2022-2827,2025-03-18,CVE-2022-21449,2025-05-05,1,0.05,0.14725,0.94023,0.0,0.54996,0.97839,0.0,0.03815999999999997,1
234,CVE-2022-2827,2025-03-18,CVE-2022-0847,2025-04-30,3,0.3499999999999998,0.14725,0.94023,0.0,0.87402,0.99431,0.0,0.05408000000000002,2
234,CVE-2022-2827,2025-03-18,CVE-2022-30190,2025-05-13,5,0.3499999999999998,0.14725,0.94023,0.0,0.92777,0.99761,0.0,0.05737999999999999,3
235,CVE-2022-29154,2025-01-16,CVE-2022-35768,2025-05-16,12,0.44999999999999946,0.00069,0.32524,0.0,0.00067,0.31876,0.0,0.006479999999999986,1
235,CVE-2022-29154,2025-01-16,CVE-2022-21449,2025-05-05,1,0.09999999999999964,0.00069,0.32524,0.0,0.00071,0.33209,0.0,0.006850000000000023,2
235,CVE-2022-29154,2025-01-16,CVE-2022-3604,2025-05-26,7,0.39999999999999947,0.00069,0.32524,0.0,0.00063,0.29923,0.0,0.026009999999999978,3
236,CVE-2022-29614,2025-04-09,CVE-2022-46908,2025-05-14,4,2.5999999999999996,0.00059,0.15546,0.0,0.00088,0.22695,0.0,0.07149000000000003,1
236,CVE-2022-29614,2025-04-09,CVE-2022-30115,2025-05-13,3,0.7000000000000002,0.00059,0.15546,0.0,0.00099,0.24784,0.0,0.09238000000000002,2
239,CVE-2022-31137,2025-01-29,CVE-2022-22536,2025-04-02,1,0.05,0.94976,0.99489,0.0,0.95749,0.99594,0.0,0.0010499999999999954,1
239,CVE-2022-31137,2025-01-29,CVE-2022-41352,2025-05-13,10,0.24999999999999928,0.94976,0.99489,0.0,0.91028,0.99131,0.0,0.0035800000000000276,2
239,CVE-2022-31137,2025-01-29,CVE-2022-37061,2025-04-16,6,0.24999999999999928,0.94976,0.99489,0.0,0.97004,0.99854,0.0,0.003649999999999931,3
240,CVE-2022-31470,2023-09-08,CVE-2022-22126,2025-04-11,2,0.05,0.00068,0.28093,0.0,0.0007,0.28871,0.0,0.007780000000000009,1
240,CVE-2022-31470,2023-09-08,CVE-2022-23053,2025-04-11,3,0.05,0.00068,0.28093,0.0,0.0007,0.28871,0.0,0.007780000000000009,2
240,CVE-2022-31470,2023-09-08,CVE-2022-23054,2025-04-11,4,0.05,0.00068,0.28093,0.0,0.0007,0.28871,0.0,0.007780000000000009,3
242,CVE-2022-31764,2025-02-06,CVE-2022-4046,2025-04-22,5,0.3500000000000007,0.00043,0.11478,1.0,0.00047,0.19541,0.0,0.08063000000000001,1
243,CVE-2022-32144,2024-12-20,CVE-2022-4046,2025-04-22,4,0.25000000000000105,0.00043,0.10892,0.0,0.00047,0.19068,0.0,0.08175999999999999,1
245,CVE-2022-3236,2025-04-17,CVE-2022-38181,2025-05-23,2,1.25,0.92859,0.99744,0.0,0.22995,0.95511,0.0,0.04232999999999998,1
250,CVE-2022-35914,2024-05-19,CVE-2022-37061,2025-04-16,1,0.0,0.97385,0.99912,0.0,0.97474,0.99965,0.0,0.0005300000000000304,1
250,CVE-2022-35914,2024-05-19,CVE-2022-42889,2025-04-18,2,0.0,0.97385,0.99912,0.0,0.97166,0.99809,0.0,0.0010299999999999754,2
250,CVE-2022-35914,2024-05-19,CVE-2022-40684,2025-03-18,10,0.05,0.97385,0.99912,0.0,0.97128,0.99795,0.0,0.0011700000000000044,3
251,CVE-2022-35919,2023-10-09,CVE-2022-29154,2025-01-16,1,0.05,0.00141,0.49396,0.0,0.00116,0.4496,0.0,0.04436000000000001,1
251,CVE-2022-35919,2023-10-09,CVE-2022-21449,2025-05-05,4,0.14999999999999963,0.00141,0.49396,0.0,0.00189,0.5602,0.0,0.06624000000000002,2
252,CVE-2022-3602,2022-11-01,CVE-2022-21449,2025-05-05,2,0.0,0.05315,0.89586,1.0,0.27302,0.97072,0.0,0.07486000000000004,1
254,CVE-2022-37061,2025-04-16,CVE-2022-38181,2025-05-23,2,1.3,0.92506,0.99714,0.0,0.22995,0.95509,0.0,0.04205000000000003,1
257,CVE-2022-37966,2023-01-16,CVE-2022-0847,2025-04-30,9,0.2999999999999998,0.05569,0.89636,0.0,0.06503,0.90664,0.0,0.010279999999999956,1
258,CVE-2022-37967,2023-01-16,CVE-2022-46908,2025-05-14,1,0.14999999999999963,0.01743,0.75593,0.0,0.01365,0.70962,0.0,0.04630999999999996,1
262,CVE-2022-38023,2023-01-16,CVE-2022-0847,2025-04-30,9,0.2999999999999998,0.05569,0.89636,0.0,0.06503,0.90664,0.0,0.010279999999999956,1
263,CVE-2022-38028,2025-04-17,CVE-2022-41966,2025-05-20,3,0.44999999999999946,0.02682,0.85004,0.0,0.04884,0.88961,0.0,0.039569999999999994,1
268,CVE-2022-40242,2025-03-18,CVE-2022-34707,2025-05-16,6,0.3499999999999998,0.00144,0.3211,0.0,0.00202,0.40344,0.0,0.08234000000000002,1
268,CVE-2022-40242,2025-03-18,CVE-2022-46908,2025-05-14,2,0.25000000000000017,0.00144,0.3211,0.0,0.00088,0.23131,0.0,0.08979000000000001,2
269,CVE-2022-40258,2025-03-18,CVE-2022-30115,2025-05-13,4,1.05,0.00069,0.1864,0.0,0.00073,0.19562,0.0,0.009219999999999978,1
269,CVE-2022-40258,2025-03-18,CVE-2022-46908,2025-05-14,5,2.3,0.00069,0.1864,0.0,0.00088,0.23131,0.0,0.04490999999999998,2
270,CVE-2022-40259,2025-03-18,CVE-2022-35768,2025-05-16,12,0.5500000000000009,0.00236,0.44584,0.0,0.00222,0.42792,0.0,0.01791999999999999,1
270,CVE-2022-40259,2025-03-18,CVE-2022-34707,2025-05-16,11,0.5500000000000009,0.00236,0.44584,0.0,0.00202,0.40344,0.0,0.04239999999999999,2
272,CVE-2022-40684,2025-03-18,CVE-2022-1388,2025-05-13,2,0.05,0.94427,0.99982,0.0,0.94456,0.99993,0.0,0.00010999999999994348,1
272,CVE-2022-40684,2025-03-18,CVE-2022-42889,2025-04-18,1,0.05,0.94427,0.99982,0.0,0.94115,0.99899,0.0,0.0008299999999999974,2
272,CVE-2022-40684,2025-03-18,CVE-2022-41352,2025-05-13,3,0.05,0.94427,0.99982,0.0,0.75449,0.9885,0.0,0.011319999999999997,3
274,CVE-2022-41328,2025-03-12,CVE-2022-30190,2025-05-13,10,1.3999999999999997,0.0521,0.93061,0.0,0.07799,0.94358,0.0,0.012969999999999926,1
274,CVE-2022-41328,2025-03-12,CVE-2022-0847,2025-04-30,8,1.3999999999999997,0.0521,0.93061,0.0,0.03123,0.91174,0.0,0.018870000000000053,2
276,CVE-2022-41358,2025-04-16,CVE-2022-3604,2025-05-26,2,2.6999999999999993,0.00244,0.4777,0.0,0.00216,0.4441,0.0,0.03360000000000002,1
277,CVE-2022-41544,2023-05-23,CVE-2022-4681,2024-03-10,5,0.0,0.00699,0.77417,0.0,0.00601,0.75343,0.0,0.02073999999999998,1
277,CVE-2022-41544,2023-05-23,CVE-2022-25148,2023-09-04,4,0.0,0.00699,0.77417,0.0,0.00898,0.80402,0.0,0.029849999999999932,2
277,CVE-2022-41544,2023-05-23,CVE-2022-4297,2023-07-03,1,0.0,0.00699,0.77417,0.0,0.0053,0.73712,0.0,0.03705000000000003,3
278,CVE-2022-41545,2025-02-19,CVE-2022-2390,2025-04-26,5,0.3500000000000007,0.00045,0.17984,0.0,0.00044,0.15118,0.0,0.02865999999999999,1
278,CVE-2022-41545,2025-02-19,CVE-2022-29614,2025-04-09,10,1.4500000000000004,0.00045,0.17984,0.0,0.00058,0.26995,0.0,0.09011000000000002,2
282,CVE-2022-42475,2025-04-13,CVE-2022-38181,2025-05-23,2,1.3,0.92863,0.99765,0.0,0.22995,0.95445,0.0,0.043200000000000016,1
283,CVE-2022-42821,2025-01-13,CVE-2022-40258,2025-03-18,3,0.20000000000000018,0.00084,0.37691,0.0,0.00078,0.35825,0.0,0.01866000000000001,1
283,CVE-2022-42821,2025-01-13,CVE-2022-34708,2025-05-16,1,0.05,0.00084,0.37691,0.0,0.00069,0.32369,0.0,0.053220000000000045,2
283,CVE-2022-42821,2025-01-13,CVE-2022-22126,2025-04-11,7,0.6499999999999997,0.00084,0.37691,0.0,0.00062,0.28415,0.0,0.09276000000000001,3
284,CVE-2022-42889,2025-04-18,CVE-2022-38181,2025-05-23,2,1.3,0.94115,0.99894,0.0,0.22995,0.95518,0.0,0.04376000000000002,1
285,CVE-2022-4297,2023-07-03,CVE-2022-4395,2024-04-02,3,0.0,0.00423,0.70736,0.0,0.00412,0.70342,0.0,0.0039399999999999435,1
285,CVE-2022-4297,2023-07-03,CVE-2022-4681,2024-03-10,2,0.0,0.00423,0.70736,0.0,0.00601,0.75508,0.0,0.047719999999999985,2
285,CVE-2022-4297,2023-07-03,CVE-2022-25148,2023-09-04,1,0.0,0.00423,0.70736,0.0,0.00898,0.80487,0.0,0.09750999999999999,3
286,CVE-2022-43939,2025-03-04,CVE-2022-38028,2025-04-17,11,0.8499999999999999,0.0169,0.87738,0.0,0.01614,0.87449,0.0,0.002890000000000059,1
286,CVE-2022-43939,2025-03-04,CVE-2022-0847,2025-04-30,8,0.7999999999999998,0.0169,0.87738,0.0,0.03123,0.91147,0.0,0.034089999999999954,2
286,CVE-2022-43939,2025-03-04,CVE-2022-26500,2025-05-13,5,0.25000000000000105,0.0169,0.87738,0.0,0.05577,0.93304,0.0,0.05565999999999993,3
291,CVE-2022-45185,2025-01-08,CVE-2022-4046,2025-04-22,1,0.05,0.00045,0.17541,0.0,0.00047,0.19226,0.0,0.016849999999999976,1
294,CVE-2022-4681,2024-03-10,CVE-2022-2070,2025-05-25,4,0.0,0.00227,0.6013,0.0,0.00177,0.54063,0.0,0.06066999999999989,1
297,CVE-2022-46945,2025-04-16,CVE-2022-46721,2025-05-19,4,1.5999999999999999,0.00071,0.22439,0.0,0.00078,0.24197,0.0,0.017579999999999985,1
297,CVE-2022-46945,2025-04-16,CVE-2022-2070,2025-05-25,2,0.7000000000000011,0.00071,0.22439,0.0,0.00083,0.25363,0.0,0.029240000000000016,2
298,CVE-2022-47076,2023-06-22,CVE-2022-24521,2025-05-13,10,0.3499999999999998,0.00064,0.26405,1.0,0.00058,0.22723,0.0,0.03682000000000002,1
298,CVE-2022-47076,2023-06-22,CVE-2022-34707,2025-05-16,12,0.3499999999999998,0.00064,0.26405,1.0,0.00053,0.19162,1.0,0.07243,2
298,CVE-2022-47076,2023-06-22,CVE-2022-29154,2025-01-16,5,0.14999999999999963,0.00064,0.26405,1.0,0.00053,0.18827,1.0,0.07578000000000001,3
299,CVE-2022-47636,2023-08-10,CVE-2022-24521,2025-05-13,3,0.05,0.00065,0.26794,1.0,0.00061,0.23886,0.0,0.029080000000000022,1
299,CVE-2022-47636,2023-08-10,CVE-2022-34707,2025-05-16,5,0.05,0.00065,0.26794,1.0,0.00053,0.19162,0.0,0.07632,2
299,CVE-2022-47636,2023-08-10,CVE-2022-37988,2025-05-16,8,0.05,0.00065,0.26794,1.0,0.00052,0.18069,0.0,0.08725000000000002,3
300,CVE-2022-47874,2023-05-05,CVE-2022-31470,2023-09-08,4,0.40000000000000036,0.00047,0.14139,0.0,0.00046,0.13975,0.0,0.0016399999999999748,1
300,CVE-2022-47874,2023-05-05,CVE-2022-4407,2025-04-16,6,0.40000000000000036,0.00047,0.14139,0.0,0.00051,0.17498,0.0,0.03359000000000001,2
300,CVE-2022-47874,2023-05-05,CVE-2022-23824,2025-02-07,12,1.05,0.00047,0.14139,0.0,0.00054,0.19484,0.0,0.053450000000000025,3
301,CVE-2022-47875,2023-05-05,CVE-2022-2601,2025-05-14,11,0.25000000000000105,0.00055,0.20631,0.0,0.00053,0.19303,0.0,0.013279999999999986,1
302,CVE-2022-47876,2023-05-05,CVE-2022-2601,2025-05-14,11,0.25000000000000105,0.00045,0.12439,0.0,0.00053,0.19303,0.0,0.06864,1
303,CVE-2022-47877,2023-05-05,CVE-2022-23513,2023-09-04,2,0.10000000000000053,0.00047,0.14139,0.0,0.00046,0.13975,0.0,0.0016399999999999748,1
303,CVE-2022-47877,2023-05-05,CVE-2022-40258,2025-03-18,6,0.15000000000000052,0.00047,0.14139,0.0,0.00046,0.13975,0.0,0.0016399999999999748,2
303,CVE-2022-47877,2023-05-05,CVE-2022-31470,2023-09-08,11,0.6999999999999993,0.00047,0.14139,0.0,0.00046,0.13975,0.0,0.0016399999999999748,3
307,CVE-2022-47945,2025-02-12,CVE-2022-3236,2025-04-17,5,0.05,0.0709,0.93993,0.0,0.10021,0.9496,0.0,0.009669999999999956,1
307,CVE-2022-47945,2025-02-12,CVE-2022-42475,2025-04-13,3,0.05,0.0709,0.93993,0.0,0.25733,0.96765,0.0,0.027719999999999967,2
307,CVE-2022-47945,2025-02-12,CVE-2022-1388,2025-05-13,7,0.05,0.0709,0.93993,0.0,0.46582,0.97577,0.0,0.03583999999999998,3
308,CVE-2022-48434,2023-05-10,CVE-2022-26872,2025-03-18,6,0.25000000000000105,0.00096,0.39015,0.0,0.00091,0.37731,0.0,0.012840000000000018,1
308,CVE-2022-48434,2023-05-10,CVE-2022-41966,2025-05-20,4,0.14999999999999963,0.00096,0.39015,0.0,0.00084,0.34343,0.0,0.046719999999999984,2
308,CVE-2022-48434,2023-05-10,CVE-2022-40259,2025-03-18,7,0.25000000000000105,0.00096,0.39015,0.0,0.00134,0.47288,0.0,0.08273000000000003,3
310,CVE-2022-4953,2023-09-08,CVE-2022-4407,2025-04-16,1,0.0,0.00046,0.14049,0.0,0.00046,0.14049,0.0,0.0,1
310,CVE-2022-4953,2023-09-08,CVE-2022-34708,2025-05-16,9,0.6499999999999997,0.00046,0.14049,0.0,0.00047,0.14464,0.0,0.004149999999999987,2
310,CVE-2022-4953,2023-09-08,CVE-2022-42821,2025-01-13,7,0.6499999999999997,0.00046,0.14049,0.0,0.00048,0.14596,0.0,0.005470000000000003,3
311,CVE-2022-4975,2025-01-27,CVE-2022-4046,2025-04-22,1,0.14999999999999963,0.0005,0.2155,1.0,0.00047,0.19501,0.0,0.020490000000000008,1
312,CVE-2023-0109,2024-11-15,CVE-2023-36803,2025-05-16,12,0.14999999999999963,0.00043,0.10187,1.0,0.00043,0.10755,0.0,0.0056800000000000045,1
312,CVE-2023-0109,2024-11-15,CVE-2023-40238,2025-05-07,8,0.14999999999999963,0.00043,0.10187,1.0,0.00045,0.1702,0.0,0.06832999999999999,2
312,CVE-2023-0109,2024-11-15,CVE-2023-36576,2025-05-16,11,0.14999999999999963,0.00043,0.10187,1.0,0.00048,0.18957,0.0,0.08769999999999999,3
313,CVE-2023-0159,2025-03-19,CVE-2023-29336,2025-05-25,2,0.2999999999999998,0.91604,0.99668,0.0,0.64975,0.98296,0.0,0.013720000000000065,1
316,CVE-2023-0455,2023-05-31,CVE-2023-27253,2023-07-20,4,0.0,0.0005,0.16862,0.0,0.00055,0.20783,0.0,0.039209999999999995,1
316,CVE-2023-0455,2023-05-31,CVE-2023-32707,2023-10-09,8,0.0,0.0005,0.16862,0.0,0.00043,0.06992,3.0,0.0987,2
321,CVE-2023-1545,2025-03-22,CVE-2023-29336,2025-05-25,2,0.2999999999999998,0.34541,0.96681,0.0,0.62322,0.98243,0.0,0.015620000000000078,1
329,CVE-2023-20118,2025-03-03,CVE-2023-45281,2025-04-11,7,0.45000000000000034,0.00069,0.33222,0.0,0.00066,0.31842,0.0,0.013800000000000034,1
329,CVE-2023-20118,2025-03-03,CVE-2023-47311,2025-04-11,8,0.45000000000000034,0.00069,0.33222,0.0,0.00066,0.31842,0.0,0.013800000000000034,2
329,CVE-2023-20118,2025-03-03,CVE-2023-44088,2025-04-10,11,0.6499999999999997,0.00069,0.33222,0.0,0.00074,0.35405,0.0,0.02182999999999996,3
332,CVE-2023-20198,2025-02-14,CVE-2023-40044,2025-04-17,1,0.05,0.87699,0.98945,0.0,0.87501,0.98928,0.0,0.00017000000000000348,1
332,CVE-2023-20198,2025-02-14,CVE-2023-41892,2025-04-27,3,0.05,0.87699,0.98945,0.0,0.83669,0.98723,0.0,0.0022199999999999998,2
332,CVE-2023-20198,2025-02-14,CVE-2023-5360,2025-04-05,8,0.24999999999999928,0.87699,0.98945,0.0,0.79632,0.98566,0.0,0.003790000000000071,3
333,CVE-2023-20273,2025-02-14,CVE-2023-0159,2025-03-19,10,0.3499999999999998,0.05724,0.93355,0.0,0.02383,0.89759,0.0,0.03595999999999999,1
333,CVE-2023-20273,2025-02-14,CVE-2023-46818,2025-04-14,1,0.05,0.05724,0.93355,0.0,0.86638,0.98869,0.0,0.05513999999999997,2
333,CVE-2023-20273,2025-02-14,CVE-2023-0669,2025-05-28,3,0.05,0.05724,0.93355,0.0,0.97003,0.99856,0.0,0.06501000000000001,3
345,CVE-2023-22515,2025-04-17,CVE-2023-36845,2025-05-29,2,0.05,0.94365,0.99951,0.0,0.94355,0.99947,0.0,4.0000000000040004e-05,1
345,CVE-2023-22515,2025-04-17,CVE-2023-29336,2025-05-25,11,2.3000000000000007,0.94365,0.99951,0.0,0.76942,0.98873,0.0,0.010780000000000012,2
346,CVE-2023-23333,2024-03-14,CVE-2023-3519,2025-01-09,10,0.05,0.89832,0.98698,0.0,0.91186,0.98797,0.0,0.0009900000000000464,1
346,CVE-2023-23333,2024-03-14,CVE-2023-5360,2025-04-05,1,0.0,0.89832,0.98698,0.0,0.96723,0.99633,0.0,0.00935000000000008,2
346,CVE-2023-23333,2024-03-14,CVE-2023-30258,2025-04-11,2,0.0,0.89832,0.98698,0.0,0.30708,0.96832,0.0,0.01866000000000001,3
348,CVE-2023-23408,2023-06-26,CVE-2023-32019,2025-05-16,11,0.25000000000000017,0.00049,0.16265,0.0,0.00045,0.12235,0.0,0.04029999999999999,1
351,CVE-2023-23956,2023-06-19,CVE-2023-29918,2023-07-28,1,0.0,0.00045,0.11984,0.0,0.00045,0.11984,0.0,0.0,1
355,CVE-2023-24059,2023-05-10,CVE-2023-1966,2025-01-07,8,0.15000000000000052,0.00159,0.50987,0.0,0.00128,0.46179,0.0,0.04808000000000007,1
358,CVE-2023-24657,2025-04-11,CVE-2023-38140,2025-05-16,7,0.6499999999999997,0.00883,0.73419,0.0,0.00883,0.73416,0.0,2.999999999997449e-05,1
358,CVE-2023-24657,2025-04-11,CVE-2023-36803,2025-05-16,6,0.6499999999999997,0.00883,0.73419,0.0,0.00914,0.73898,0.0,0.004789999999999961,2
358,CVE-2023-24657,2025-04-11,CVE-2023-36404,2025-05-16,4,0.6499999999999997,0.00883,0.73419,0.0,0.0069,0.69589,0.0,0.0383,3
361,CVE-2023-24947,2023-05-10,CVE-2023-24078,2023-07-03,1,0.05,0.00095,0.38902,0.0,0.00096,0.39005,0.0,0.0010300000000000309,1
365,CVE-2023-25440,2023-05-23,CVE-2023-29918,2023-07-28,1,0.0,0.00042,0.05691,0.0,0.00045,0.12021,0.0,0.0633,1
367,CVE-2023-25610,2025-03-24,CVE-2023-39780,2025-05-28,7,1.3,0.04545,0.88079,1.0,0.06658,0.90305,0.0,0.022260000000000058,1
367,CVE-2023-25610,2025-03-24,CVE-2023-47444,2025-04-29,6,1.3,0.04545,0.88079,1.0,0.02582,0.84191,0.0,0.038879999999999915,2
367,CVE-2023-25610,2025-03-24,CVE-2023-20963,2025-05-16,10,2.3000000000000007,0.04545,0.88079,1.0,0.01886,0.81535,0.0,0.06543999999999994,3
368,CVE-2023-2636,2023-07-28,CVE-2023-32707,2023-10-09,1,0.0,0.0005,0.16817,0.0,0.0005,0.16817,0.0,0.0,1
370,CVE-2023-26602,2025-04-16,CVE-2023-29336,2025-05-25,6,2.250000000000001,0.65502,0.98345,0.0,0.76304,0.98841,0.0,0.0049599999999999644,1
370,CVE-2023-26602,2025-04-16,CVE-2023-36845,2025-05-29,2,0.05,0.65502,0.98345,0.0,0.94355,0.99946,0.0,0.01600999999999997,2
371,CVE-2023-26801,2025-01-29,CVE-2023-38408,2025-04-09,7,0.05,0.01112,0.84462,0.0,0.04731,0.92635,0.0,0.08172999999999997,1
374,CVE-2023-27272,2025-04-15,CVE-2023-52589,2025-05-20,4,1.9000000000000001,0.0001,0.00783,0.0,0.00012,0.01048,0.0,0.0026499999999999996,1
374,CVE-2023-27272,2025-04-15,CVE-2023-4641,2025-05-17,3,1.9000000000000001,0.0001,0.00783,0.0,0.00012,0.0108,0.0,0.0029700000000000004,2
376,CVE-2023-27372,2023-06-20,CVE-2023-23333,2024-03-14,9,0.0,0.97141,0.99664,3.0,0.75984,0.97713,3.0,0.019509999999999916,1
377,CVE-2023-2745,2025-04-22,CVE-2023-29336,2025-05-25,3,2.6499999999999995,0.83921,0.99219,0.0,0.76942,0.98874,0.0,0.003450000000000064,1
377,CVE-2023-2745,2025-04-22,CVE-2023-36845,2025-05-29,11,4.7,0.83921,0.99219,0.0,0.94355,0.99948,0.0,0.007290000000000019,2
377,CVE-2023-2745,2025-04-22,CVE-2023-0669,2025-05-28,2,2.0999999999999996,0.83921,0.99219,0.0,0.94364,0.99952,0.0,0.007329999999999948,3
379,CVE-2023-27532,2024-09-10,CVE-2023-20273,2025-02-14,11,0.3499999999999998,0.0308,0.91217,0.0,0.03829,0.9207,0.0,0.008529999999999927,1
379,CVE-2023-27532,2024-09-10,CVE-2023-28252,2025-03-12,12,0.3499999999999998,0.0308,0.91217,0.0,0.01629,0.8781,0.0,0.034070000000000045,2
379,CVE-2023-27532,2024-09-10,CVE-2023-0159,2025-03-19,1,0.05,0.0308,0.91217,0.0,0.0152,0.8733,0.0,0.03887000000000007,3
384,CVE-2023-27997,2025-01-09,CVE-2023-34048,2025-03-04,1,0.0,0.10651,0.95047,0.0,0.4267,0.97409,0.0,0.023619999999999974,1
384,CVE-2023-27997,2025-01-09,CVE-2023-26602,2025-04-16,11,0.05,0.10651,0.95047,0.0,0.48519,0.97588,0.0,0.025409999999999933,2
384,CVE-2023-27997,2025-01-09,CVE-2023-38408,2025-04-09,9,0.05,0.10651,0.95047,0.0,0.04294,0.92241,0.0,0.028060000000000085,3
391,CVE-2023-28293,2023-06-26,CVE-2023-29336,2025-05-25,5,0.0,0.00064,0.26208,0.0,0.00051,0.1766,0.0,0.08547999999999997,1
393,CVE-2023-28461,2025-01-09,CVE-2023-34048,2025-03-04,1,0.0,0.35592,0.97173,0.0,0.4267,0.97409,0.0,0.0023600000000000287,1
393,CVE-2023-28461,2025-01-09,CVE-2023-26602,2025-04-16,11,0.05,0.35592,0.97173,0.0,0.48519,0.97588,0.0,0.004149999999999987,2
393,CVE-2023-28461,2025-01-09,CVE-2023-30258,2025-04-11,10,0.05,0.35592,0.97173,0.0,0.66435,0.98104,0.0,0.00931000000000004,3
394,CVE-2023-2868,2025-01-23,CVE-2023-38408,2025-04-09,12,0.45000000000000034,0.07893,0.94271,0.0,0.04294,0.92272,0.0,0.019990000000000063,1
394,CVE-2023-2868,2025-01-23,CVE-2023-34048,2025-03-04,6,0.40000000000000036,0.07893,0.94271,0.0,0.43862,0.9747,0.0,0.03198999999999996,2
394,CVE-2023-2868,2025-01-23,CVE-2023-5360,2025-04-05,11,0.45000000000000034,0.07893,0.94271,0.0,0.79632,0.98539,0.0,0.04267999999999994,3
398,CVE-2023-29689,2023-08-08,CVE-2023-30258,2025-04-11,6,0.0,0.00216,0.58784,1.0,0.00169,0.53096,1.0,0.05688000000000004,1
403,CVE-2023-30198,2023-06-26,CVE-2023-1545,2025-03-22,8,0.0,0.0009,0.37149,0.0,0.00073,0.29866,0.0,0.07283,1
405,CVE-2023-30258,2025-04-11,CVE-2023-36845,2025-05-29,3,0.05,0.92564,0.99737,0.0,0.9432,0.99944,0.0,0.0020700000000000163,1
405,CVE-2023-30258,2025-04-11,CVE-2023-34362,2025-05-13,1,0.05,0.92564,0.99737,0.0,0.94388,0.99967,0.0,0.0022999999999999687,2
405,CVE-2023-30258,2025-04-11,CVE-2023-29336,2025-05-25,7,2.250000000000001,0.92564,0.99737,0.0,0.62322,0.98224,0.0,0.015129999999999977,3
415,CVE-2023-31698,2023-05-23,CVE-2023-29918,2023-07-28,1,0.0,0.00043,0.07081,0.0,0.00045,0.12021,0.0,0.0494,1
416,CVE-2023-31699,2023-05-23,CVE-2023-1258,2023-07-19,9,0.5,0.00043,0.07081,0.0,0.00046,0.14051,0.0,0.0697,1
416,CVE-2023-31699,2023-05-23,CVE-2023-23408,2023-06-26,7,0.2999999999999998,0.00043,0.07081,0.0,0.00049,0.16315,0.0,0.09233999999999999,2
418,CVE-2023-31703,2023-05-23,CVE-2023-2868,2025-01-23,5,0.45000000000000034,0.00047,0.1422,0.0,0.00047,0.14208,3.0,0.00011999999999998123,1
419,CVE-2023-31747,2023-05-25,CVE-2023-29336,2025-05-25,9,0.0,0.00045,0.12343,0.0,0.00051,0.17721,0.0,0.05378000000000001,1
420,CVE-2023-31748,2023-05-23,CVE-2023-28285,2023-07-03,2,0.0,0.00144,0.48975,3.0,0.00116,0.44131,0.0,0.04844000000000004,1
420,CVE-2023-31748,2023-05-23,CVE-2023-28293,2023-06-26,1,0.0,0.00144,0.48975,3.0,0.00102,0.40627,0.0,0.08348,2
421,CVE-2023-3184,2023-06-13,CVE-2023-29383,2025-05-17,4,0.95,0.00045,0.12282,0.0,0.00045,0.12282,0.0,0.0,1
422,CVE-2023-3187,2023-06-13,CVE-2023-20118,2025-03-03,9,0.25000000000000017,0.00045,0.12282,0.0,0.00053,0.18789,0.0,0.06507,1
429,CVE-2023-32369,2025-01-13,CVE-2023-40238,2025-05-07,11,0.55,0.00045,0.17537,0.0,0.00045,0.17763,0.0,0.002260000000000012,1
430,CVE-2023-32560,2023-09-04,CVE-2023-30258,2025-04-11,6,0.0,0.00134,0.47971,0.0,0.00169,0.53199,0.0,0.05227999999999994,1
436,CVE-2023-33131,2023-07-07,CVE-2023-1389,2023-08-10,2,0.0,0.02137,0.877,0.0,0.01664,0.85894,0.0,0.018059999999999965,1
437,CVE-2023-33137,2023-07-03,CVE-2023-21675,2025-05-16,10,0.05,0.00113,0.43846,0.0,0.00123,0.45568,0.0,0.017219999999999958,1
437,CVE-2023-33137,2023-07-03,CVE-2023-21747,2025-05-16,11,0.05,0.00113,0.43846,0.0,0.00123,0.45568,0.0,0.017219999999999958,2
437,CVE-2023-33137,2023-07-03,CVE-2023-21748,2025-05-16,12,0.05,0.00113,0.43846,0.0,0.00123,0.45568,0.0,0.017219999999999958,3
439,CVE-2023-33148,2023-07-20,CVE-2023-21675,2025-05-16,10,0.05,0.00052,0.18486,0.0,0.00047,0.14476,0.0,0.0401,1
439,CVE-2023-33148,2023-07-20,CVE-2023-21747,2025-05-16,11,0.05,0.00052,0.18486,0.0,0.00047,0.14476,0.0,0.0401,2
439,CVE-2023-33148,2023-07-20,CVE-2023-21748,2025-05-16,12,0.05,0.00052,0.18486,0.0,0.00047,0.14476,0.0,0.0401,3
442,CVE-2023-33383,2023-08-04,CVE-2023-2745,2025-04-22,4,0.10000000000000053,0.00144,0.49432,1.0,0.00193,0.56221,0.0,0.06789,1
447,CVE-2023-33829,2023-05-25,CVE-2023-29918,2023-07-28,1,0.0,0.00043,0.07086,0.0,0.00045,0.12034,0.0,0.049479999999999996,1
448,CVE-2023-33996,2024-12-13,CVE-2023-52235,2025-04-11,12,0.05,0.00043,0.10937,1.0,0.00043,0.10843,0.0,0.0009399999999999964,1
449,CVE-2023-34039,2025-04-17,CVE-2023-36845,2025-05-29,2,0.05,0.93246,0.99787,0.0,0.94355,0.99947,0.0,0.0015999999999999348,1
449,CVE-2023-34039,2025-04-17,CVE-2023-29336,2025-05-25,11,2.3000000000000007,0.93246,0.99787,0.0,0.76942,0.98873,0.0,0.009140000000000037,2
450,CVE-2023-34048,2025-03-04,CVE-2023-26602,2025-04-16,4,0.05,0.38341,0.97343,0.0,0.52868,0.97802,0.0,0.004589999999999983,1
450,CVE-2023-34048,2025-03-04,CVE-2023-50164,2025-04-17,11,0.05,0.38341,0.97343,0.0,0.53972,0.97831,0.0,0.0048799999999999955,2
450,CVE-2023-34048,2025-03-04,CVE-2023-51467,2025-04-17,12,0.05,0.38341,0.97343,0.0,0.66653,0.98171,0.0,0.008279999999999954,3
451,CVE-2023-34096,2023-06-09,CVE-2023-20118,2025-03-03,2,0.05,0.00046,0.12951,0.0,0.00053,0.18856,0.0,0.05905000000000002,1
453,CVE-2023-34330,2025-03-18,CVE-2023-23420,2025-05-16,9,0.44999999999999946,0.00162,0.34632,0.0,0.00163,0.34737,0.0,0.0010499999999999954,1
453,CVE-2023-34330,2025-03-18,CVE-2023-23421,2025-05-16,10,0.44999999999999946,0.00162,0.34632,0.0,0.00188,0.38418,0.0,0.037860000000000005,2
453,CVE-2023-34330,2025-03-18,CVE-2023-21747,2025-05-16,5,0.44999999999999946,0.00162,0.34632,0.0,0.00226,0.43296,0.0,0.08664,3
460,CVE-2023-34723,2023-09-08,CVE-2023-1545,2025-03-22,6,0.0,0.00084,0.34768,0.0,0.00073,0.30362,0.0,0.04405999999999999,1
463,CVE-2023-34927,2024-04-02,CVE-2023-45884,2025-04-11,2,0.05,0.00054,0.20031,0.0,0.00055,0.21055,0.0,0.010239999999999999,1
463,CVE-2023-34927,2024-04-02,CVE-2023-45857,2025-05-04,3,0.05,0.00054,0.20031,0.0,0.00055,0.21055,0.0,0.010239999999999999,2
463,CVE-2023-34927,2024-04-02,CVE-2023-24626,2025-05-12,4,0.05,0.00054,0.20031,0.0,0.00062,0.24707,0.0,0.046760000000000024,3
465,CVE-2023-35082,2025-04-17,CVE-2023-36845,2025-05-29,2,0.05,0.94468,0.99994,0.0,0.94355,0.99947,0.0,0.00047000000000008146,1
465,CVE-2023-35082,2025-04-17,CVE-2023-29336,2025-05-25,11,2.3000000000000007,0.94468,0.99994,0.0,0.76942,0.98873,0.0,0.011210000000000053,2
466,CVE-2023-3519,2025-01-09,CVE-2023-43177,2025-03-25,2,0.0,0.96277,0.99684,0.0,0.96622,0.99755,0.0,0.0007100000000000994,1
466,CVE-2023-3519,2025-01-09,CVE-2023-22515,2025-04-17,12,0.05,0.96277,0.99684,0.0,0.96973,0.99844,0.0,0.0016000000000000458,2
466,CVE-2023-3519,2025-01-09,CVE-2023-5360,2025-04-05,8,0.05,0.96277,0.99684,0.0,0.7817,0.98474,0.0,0.0121,3
474,CVE-2023-36266,2023-07-28,CVE-2023-28271,2025-05-16,3,0.05,0.00042,0.0572,0.0,0.00048,0.14612,0.0,0.08892,1
476,CVE-2023-36346,2023-07-03,CVE-2023-32369,2025-01-13,7,0.14999999999999963,0.00046,0.1397,0.0,0.00045,0.12254,0.0,0.017159999999999995,1
482,CVE-2023-36811,2025-04-09,CVE-2023-52590,2025-05-20,12,0.7999999999999998,0.00022,0.03412,0.0,0.0005,0.12715,0.0,0.09303000000000002,1
482,CVE-2023-36811,2025-04-09,CVE-2023-0437,2025-05-17,5,0.5999999999999996,0.00022,0.03412,0.0,0.00052,0.13348,0.0,0.09935999999999999,2
485,CVE-2023-3710,2024-03-14,CVE-2023-30258,2025-04-11,4,0.09999999999999964,0.68018,0.97868,0.0,0.30708,0.96832,0.0,0.010360000000000036,1
485,CVE-2023-3710,2024-03-14,CVE-2023-5360,2025-04-05,3,0.09999999999999964,0.68018,0.97868,0.0,0.96723,0.99633,0.0,0.017650000000000055,2
485,CVE-2023-3710,2024-03-14,CVE-2023-27997,2025-01-09,12,0.14999999999999963,0.68018,0.97868,0.0,0.15407,0.95747,0.0,0.02120999999999995,3
486,CVE-2023-37269,2023-07-15,CVE-2023-29383,2025-05-17,3,1.3499999999999999,0.00052,0.18525,0.0,0.00045,0.12341,0.0,0.06183999999999999,1
487,CVE-2023-37534,2025-04-25,CVE-2023-7206,2025-05-26,3,0.7000000000000002,0.00029,0.06444,0.0,0.00036,0.09034,0.0,0.025900000000000006,1
492,CVE-2023-37931,2025-01-14,CVE-2023-52235,2025-04-11,10,0.05,0.00043,0.11266,1.0,0.00043,0.112,0.0,0.0006599999999999939,1
493,CVE-2023-37933,2025-03-11,CVE-2023-52235,2025-04-11,2,0.05,0.00043,0.11938,1.0,0.00043,0.11882,0.0,0.0005600000000000049,1
495,CVE-2023-37979,2023-08-04,CVE-2023-21750,2025-05-16,3,0.05,0.00053,0.18875,1.0,0.00047,0.144,0.0,0.04475000000000001,1
496,CVE-2023-38035,2025-04-17,CVE-2023-36845,2025-05-29,2,0.05,0.94435,0.99983,0.0,0.94355,0.99947,0.0,0.00036000000000002697,1
496,CVE-2023-38035,2025-04-17,CVE-2023-29336,2025-05-25,11,2.3000000000000007,0.94435,0.99983,0.0,0.76942,0.98873,0.0,0.011099999999999999,2
503,CVE-2023-38408,2025-04-09,CVE-2023-36845,2025-05-29,3,0.05,0.45307,0.97352,0.0,0.9432,0.99944,0.0,0.025919999999999943,1
503,CVE-2023-38408,2025-04-09,CVE-2023-34362,2025-05-13,1,0.0,0.45307,0.97352,0.0,0.94388,0.99966,0.0,0.02613999999999994,2
503,CVE-2023-38408,2025-04-09,CVE-2023-39780,2025-05-28,6,1.3,0.45307,0.97352,0.0,0.06658,0.90359,0.0,0.06993000000000005,3
504,CVE-2023-3849,2023-07-28,CVE-2023-29383,2025-05-17,4,0.25000000000000017,0.00045,0.1232,0.0,0.00045,0.1232,0.0,0.0,1
504,CVE-2023-3849,2023-07-28,CVE-2023-3897,2024-02-19,12,1.5499999999999998,0.00045,0.1232,0.0,0.00042,0.0572,0.0,0.066,2
507,CVE-2023-38831,2025-04-17,CVE-2023-0669,2025-05-28,12,0.6499999999999997,0.9373,0.99834,0.0,0.94364,0.99951,0.0,0.0011700000000000044,1
507,CVE-2023-38831,2025-04-17,CVE-2023-29336,2025-05-25,6,0.05,0.9373,0.99834,0.0,0.76942,0.98873,0.0,0.009610000000000007,2
509,CVE-2023-3897,2024-02-19,CVE-2023-36811,2025-04-09,2,0.14999999999999963,0.00046,0.12494,0.0,0.00045,0.12278,0.0,0.0021599999999999953,1
509,CVE-2023-3897,2024-02-19,CVE-2023-4641,2025-05-17,4,0.14999999999999963,0.00046,0.12494,0.0,0.00045,0.12013,0.0,0.004809999999999995,2
509,CVE-2023-3897,2024-02-19,CVE-2023-6710,2024-05-13,7,0.6000000000000005,0.00046,0.12494,0.0,0.00045,0.11727,0.0,0.007669999999999996,3
510,CVE-2023-39026,2023-09-04,CVE-2023-27532,2024-09-10,7,0.05,0.01308,0.84247,0.0,0.00666,0.77141,0.0,0.07106000000000001,1
513,CVE-2023-39362,2023-10-09,CVE-2023-1966,2025-01-07,10,0.25000000000000017,0.00103,0.41473,0.0,0.00128,0.47013,0.0,0.055400000000000005,1
515,CVE-2023-40044,2025-04-17,CVE-2023-36845,2025-05-29,2,0.24999999999999928,0.94427,0.99979,0.0,0.94355,0.99947,0.0,0.00031999999999998696,1
515,CVE-2023-40044,2025-04-17,CVE-2023-29336,2025-05-25,11,2.5,0.94427,0.99979,0.0,0.76942,0.98873,0.0,0.011059999999999959,2
517,CVE-2023-40278,2024-04-15,CVE-2023-47113,2025-05-03,9,0.25000000000000017,0.00043,0.08022,0.0,0.00042,0.05281,0.0,0.027409999999999997,1
518,CVE-2023-40279,2024-04-15,CVE-2023-47113,2025-05-03,9,0.25000000000000017,0.00043,0.08022,0.0,0.00042,0.05281,0.0,0.027409999999999997,1
520,CVE-2023-40547,2025-04-22,CVE-2023-39780,2025-05-28,2,0.55,0.03357,0.86627,0.0,0.01699,0.81229,0.0,0.05398000000000003,1
520,CVE-2023-40547,2025-04-22,CVE-2023-6241,2025-05-23,10,1.3000000000000007,0.03357,0.86627,0.0,0.09367,0.92292,0.0,0.05664999999999998,2
521,CVE-2023-40580,2025-04-14,CVE-2023-21675,2025-05-16,2,0.2999999999999998,0.00299,0.50338,0.0,0.00301,0.50489,0.0,0.0015099999999999003,1
521,CVE-2023-40580,2025-04-14,CVE-2023-23420,2025-05-16,7,0.2999999999999998,0.00299,0.50338,0.0,0.00279,0.48437,0.0,0.019010000000000027,2
521,CVE-2023-40580,2025-04-14,CVE-2023-21748,2025-05-16,4,0.2999999999999998,0.00299,0.50338,0.0,0.0033,0.53097,0.0,0.027590000000000003,3
527,CVE-2023-41076,2025-04-12,CVE-2023-42871,2025-05-25,10,0.5,0.00028,0.04817,0.0,0.00043,0.09946,0.0,0.05129000000000001,1
527,CVE-2023-41076,2025-04-12,CVE-2023-34332,2025-05-19,8,0.5,0.00028,0.04817,0.0,0.00045,0.1094,0.0,0.06123,2
527,CVE-2023-41076,2025-04-12,CVE-2023-51745,2025-05-18,5,0.5,0.00028,0.04817,0.0,0.00053,0.13633,0.0,0.08816000000000002,3
529,CVE-2023-4113,2023-08-04,CVE-2023-2745,2025-04-22,11,1.1000000000000005,0.00146,0.49797,1.0,0.00193,0.56221,0.0,0.06423999999999996,1
531,CVE-2023-4114,2023-08-04,CVE-2023-2745,2025-04-22,11,1.1000000000000005,0.00146,0.49797,1.0,0.00193,0.56221,0.0,0.06423999999999996,1
532,CVE-2023-4115,2023-08-04,CVE-2023-2745,2025-04-22,11,1.1000000000000005,0.00146,0.49797,1.0,0.00193,0.56221,0.0,0.06423999999999996,1
533,CVE-2023-4116,2023-08-04,CVE-2023-2745,2025-04-22,11,1.1000000000000005,0.00146,0.49797,1.0,0.00193,0.56221,0.0,0.06423999999999996,1
534,CVE-2023-4117,2023-08-04,CVE-2023-2745,2025-04-22,11,1.1000000000000005,0.00146,0.49797,1.0,0.00193,0.56221,0.0,0.06423999999999996,1
535,CVE-2023-4119,2023-08-04,CVE-2023-3897,2024-02-19,6,0.5,0.00055,0.20557,1.0,0.00046,0.12718,1.0,0.07839000000000002,1
536,CVE-2023-41425,2025-04-22,CVE-2023-29336,2025-05-25,3,1.9500000000000002,0.60716,0.98143,0.0,0.76942,0.98874,0.0,0.007309999999999928,1
536,CVE-2023-41425,2025-04-22,CVE-2023-36845,2025-05-29,11,4.000000000000001,0.60716,0.98143,0.0,0.94355,0.99948,0.0,0.01805000000000001,2
536,CVE-2023-41425,2025-04-22,CVE-2023-0669,2025-05-28,2,1.4000000000000006,0.60716,0.98143,0.0,0.94364,0.99952,0.0,0.01808999999999994,3
539,CVE-2023-4173,2023-08-08,CVE-2023-3897,2024-02-19,10,1.5499999999999998,0.00055,0.20592,1.0,0.00046,0.12759,1.0,0.07832999999999998,1
539,CVE-2023-4173,2023-08-08,CVE-2023-29383,2025-05-17,2,0.25000000000000017,0.00055,0.20592,1.0,0.00045,0.12275,1.0,0.08317,2
540,CVE-2023-4174,2023-08-08,CVE-2023-3897,2024-02-19,10,1.5499999999999998,0.00055,0.20592,1.0,0.00046,0.12759,1.0,0.07832999999999998,1
540,CVE-2023-4174,2023-08-08,CVE-2023-29383,2025-05-17,2,0.25000000000000017,0.00055,0.20592,1.0,0.00045,0.12275,1.0,0.08317,2
541,CVE-2023-41892,2025-04-27,CVE-2023-36845,2025-05-29,1,0.1999999999999993,0.93766,0.99843,0.0,0.94355,0.99948,0.0,0.0010499999999999954,1
541,CVE-2023-41892,2025-04-27,CVE-2023-0669,2025-05-28,5,3.05,0.93766,0.99843,0.0,0.94364,0.99952,0.0,0.0010899999999999244,2
544,CVE-2023-42007,2025-04-11,CVE-2023-52590,2025-05-20,7,0.14999999999999963,0.00026,0.04283,0.0,0.0005,0.12726,0.0,0.08443,1
544,CVE-2023-42007,2025-04-11,CVE-2023-0437,2025-05-17,8,0.15000000000000052,0.00026,0.04283,0.0,0.00052,0.13359,0.0,0.09075999999999998,2
546,CVE-2023-4220,2025-03-18,CVE-2023-29336,2025-05-25,2,0.2999999999999998,0.92866,0.99769,0.0,0.6143,0.98176,0.0,0.01593,1
547,CVE-2023-4278,2023-10-09,CVE-2023-45282,2025-04-11,8,0.05,0.00048,0.15034,0.0,0.00043,0.07182,0.0,0.07852,1
548,CVE-2023-42793,2024-03-14,CVE-2023-5360,2025-04-05,1,0.0,0.97345,0.99885,0.0,0.96723,0.99633,0.0,0.0025199999999999667,1
548,CVE-2023-42793,2024-03-14,CVE-2023-3519,2025-01-09,10,0.05,0.97345,0.99885,0.0,0.91186,0.98797,0.0,0.01088,2
548,CVE-2023-42793,2024-03-14,CVE-2023-30258,2025-04-11,2,0.0,0.97345,0.99885,0.0,0.30708,0.96832,0.0,0.030530000000000057,3
553,CVE-2023-43177,2025-03-25,CVE-2023-36845,2025-05-29,3,0.05,0.89356,0.9954,0.0,0.9432,0.99942,0.0,0.0040200000000000236,1
553,CVE-2023-43177,2025-03-25,CVE-2023-34362,2025-05-13,1,0.05,0.89356,0.9954,0.0,0.94388,0.99966,0.0,0.0042600000000000415,2
553,CVE-2023-43177,2025-03-25,CVE-2023-41892,2025-04-27,5,0.24999999999999928,0.89356,0.9954,0.0,0.70287,0.98609,0.0,0.00930999999999993,3
557,CVE-2023-4382,2023-09-04,CVE-2023-3897,2024-02-19,10,1.5499999999999998,0.0005,0.17088,0.0,0.00046,0.12752,0.0,0.04336000000000001,1
557,CVE-2023-4382,2023-09-04,CVE-2023-29383,2025-05-17,2,0.25000000000000017,0.0005,0.17088,0.0,0.00045,0.12261,0.0,0.04827000000000001,2
557,CVE-2023-4382,2023-09-04,CVE-2023-36811,2025-04-09,6,1.5000000000000002,0.0005,0.17088,0.0,0.00045,0.12261,0.0,0.04827000000000001,3
558,CVE-2023-43958,2025-04-23,CVE-2023-42826,2025-05-25,6,2.3000000000000007,0.00025,0.05022,0.0,0.0003,0.07065,0.0,0.020430000000000004,1
558,CVE-2023-43958,2025-04-23,CVE-2023-7206,2025-05-26,10,2.3000000000000007,0.00025,0.05022,0.0,0.00036,0.09046,0.0,0.04024,2
559,CVE-2023-4407,2023-09-04,CVE-2023-24657,2025-04-11,3,0.20000000000000018,0.00077,0.31835,0.0,0.00076,0.31308,0.0,0.005269999999999997,1
559,CVE-2023-4407,2023-09-04,CVE-2023-24626,2025-05-12,10,0.25000000000000017,0.00077,0.31835,0.0,0.00062,0.24384,0.0,0.07451000000000002,2
560,CVE-2023-44088,2025-04-10,CVE-2023-34872,2025-05-17,7,0.45000000000000034,0.00201,0.39414,0.0,0.002,0.39311,0.0,0.0010299999999999754,1
560,CVE-2023-44088,2025-04-10,CVE-2023-4039,2025-05-17,11,1.1500000000000006,0.00201,0.39414,0.0,0.00206,0.40147,0.0,0.007330000000000003,2
561,CVE-2023-44221,2025-04-25,CVE-2023-39780,2025-05-28,5,1.6500000000000006,0.0079,0.72615,0.0,0.01699,0.8124,0.0,0.08625000000000005,1
563,CVE-2023-44752,2025-04-23,CVE-2023-42826,2025-05-25,6,2.3000000000000007,0.0003,0.06873,0.0,0.0003,0.07065,0.0,0.001920000000000005,1
563,CVE-2023-44752,2025-04-23,CVE-2023-7206,2025-05-26,10,2.3000000000000007,0.0003,0.06873,0.0,0.00036,0.09046,0.0,0.02173,2
563,CVE-2023-44752,2025-04-23,CVE-2023-4369,2025-05-28,4,1.3,0.0003,0.06873,0.0,0.00053,0.16699,0.0,0.09826,3
564,CVE-2023-44755,2025-04-23,CVE-2023-42826,2025-05-25,6,2.3000000000000007,0.00014,0.01497,0.0,0.0003,0.07065,0.0,0.05568000000000001,1
564,CVE-2023-44755,2025-04-23,CVE-2023-7206,2025-05-26,10,2.3000000000000007,0.00014,0.01497,0.0,0.00036,0.09046,0.0,0.07549,2
566,CVE-2023-45277,2025-04-11,CVE-2023-28248,2025-05-16,9,0.2999999999999998,0.00897,0.73636,0.0,0.01074,0.75917,0.0,0.022809999999999997,1
566,CVE-2023-45277,2025-04-11,CVE-2023-35357,2025-05-16,12,0.2999999999999998,0.00897,0.73636,0.0,0.00746,0.70857,0.0,0.02778999999999998,2
566,CVE-2023-45277,2025-04-11,CVE-2023-28272,2025-05-16,10,0.2999999999999998,0.00897,0.73636,0.0,0.01453,0.79139,0.0,0.05503000000000002,3
567,CVE-2023-45278,2025-04-11,CVE-2023-39780,2025-05-28,2,0.599999999999999,0.10068,0.92374,0.0,0.06658,0.9037,0.0,0.020040000000000058,1
567,CVE-2023-45278,2025-04-11,CVE-2023-36845,2025-05-29,5,0.7500000000000011,0.10068,0.92374,0.0,0.9432,0.99944,0.0,0.07569999999999999,2
567,CVE-2023-45278,2025-04-11,CVE-2023-34362,2025-05-13,3,0.7000000000000011,0.10068,0.92374,0.0,0.94388,0.99967,0.0,0.07592999999999994,3
568,CVE-2023-45279,2025-04-11,CVE-2023-34872,2025-05-17,6,0.09999999999999964,0.00192,0.38308,0.0,0.002,0.3931,0.0,0.010020000000000029,1
568,CVE-2023-45279,2025-04-11,CVE-2023-4039,2025-05-17,9,0.6000000000000005,0.00192,0.38308,0.0,0.00206,0.40145,0.0,0.018369999999999997,2
569,CVE-2023-45280,2025-04-11,CVE-2023-36404,2025-05-16,2,0.09999999999999964,0.00547,0.65347,0.0,0.0069,0.69589,0.0,0.04242000000000001,1
569,CVE-2023-45280,2025-04-11,CVE-2023-38140,2025-05-16,5,0.09999999999999964,0.00547,0.65347,0.0,0.00883,0.73416,0.0,0.08069000000000004,2
569,CVE-2023-45280,2025-04-11,CVE-2023-36803,2025-05-16,4,0.09999999999999964,0.00547,0.65347,0.0,0.00914,0.73898,0.0,0.08550999999999997,3
570,CVE-2023-45281,2025-04-11,CVE-2023-4039,2025-05-17,11,1.2999999999999998,0.00212,0.40937,0.0,0.00206,0.40145,0.0,0.007920000000000038,1
570,CVE-2023-45281,2025-04-11,CVE-2023-34872,2025-05-17,8,0.5999999999999996,0.00212,0.40937,0.0,0.002,0.3931,0.0,0.016270000000000007,2
571,CVE-2023-45282,2025-04-11,CVE-2023-23421,2025-05-16,8,0.2999999999999998,0.00371,0.56091,0.0,0.00346,0.54344,0.0,0.017469999999999986,1
571,CVE-2023-45282,2025-04-11,CVE-2023-21748,2025-05-16,4,0.2999999999999998,0.00371,0.56091,0.0,0.0033,0.53142,0.0,0.029490000000000016,2
571,CVE-2023-45282,2025-04-11,CVE-2023-21675,2025-05-16,2,0.2999999999999998,0.00371,0.56091,0.0,0.00301,0.50535,0.0,0.055560000000000054,3
573,CVE-2023-4548,2023-09-08,CVE-2023-24657,2025-04-11,3,0.20000000000000018,0.00089,0.36886,0.0,0.00076,0.3136,0.0,0.05526000000000003,1
577,CVE-2023-45884,2025-04-11,CVE-2023-24626,2025-05-12,1,0.0,0.00127,0.28997,0.0,0.00074,0.19612,0.0,0.09385000000000002,1
578,CVE-2023-45885,2025-04-11,CVE-2023-34872,2025-05-17,6,0.09999999999999964,0.00192,0.38308,0.0,0.002,0.3931,0.0,0.010020000000000029,1
578,CVE-2023-45885,2025-04-11,CVE-2023-4039,2025-05-17,9,0.6000000000000005,0.00192,0.38308,0.0,0.00206,0.40145,0.0,0.018369999999999997,2
579,CVE-2023-46022,2024-03-20,CVE-2023-21675,2025-05-16,8,0.05,0.00043,0.07283,0.0,0.00043,0.07795,0.0,0.0051199999999999996,1
579,CVE-2023-46022,2024-03-20,CVE-2023-21747,2025-05-16,9,0.05,0.00043,0.07283,0.0,0.00043,0.07795,0.0,0.0051199999999999996,2
579,CVE-2023-46022,2024-03-20,CVE-2023-21748,2025-05-16,10,0.05,0.00043,0.07283,0.0,0.00043,0.07795,0.0,0.0051199999999999996,3
580,CVE-2023-46024,2024-03-20,CVE-2023-41061,2025-02-10,11,0.3499999999999998,0.00073,0.30071,0.0,0.0007,0.28601,0.0,0.01469999999999999,1
580,CVE-2023-46024,2024-03-20,CVE-2023-1545,2025-03-22,2,0.0,0.00073,0.30071,0.0,0.00084,0.34443,0.0,0.04372000000000004,2
580,CVE-2023-46024,2024-03-20,CVE-2023-45277,2025-04-11,4,0.05,0.00073,0.30071,0.0,0.00087,0.35328,0.0,0.052570000000000006,3
583,CVE-2023-46272,2025-02-20,CVE-2023-52235,2025-04-11,3,0.05,0.00046,0.18783,0.0,0.00043,0.11709,0.0,0.07074,1
584,CVE-2023-4634,2023-10-09,CVE-2023-27997,2025-01-09,11,0.05,0.05685,0.92421,0.0,0.15407,0.95239,0.0,0.028179999999999983,1
584,CVE-2023-4634,2023-10-09,CVE-2023-23333,2024-03-14,1,0.0,0.05685,0.92421,0.0,0.5361,0.97206,0.0,0.04785000000000006,2
584,CVE-2023-4634,2023-10-09,CVE-2023-42793,2024-03-14,2,0.0,0.05685,0.92421,0.0,0.97209,0.99756,0.0,0.07335000000000003,3
588,CVE-2023-46604,2025-04-17,CVE-2023-36845,2025-05-29,2,0.24999999999999928,0.94436,0.99984,0.0,0.94355,0.99947,0.0,0.00036999999999998145,1
588,CVE-2023-46604,2025-04-17,CVE-2023-29336,2025-05-25,11,2.5,0.94436,0.99984,0.0,0.76942,0.98873,0.0,0.011109999999999953,2
589,CVE-2023-46747,2025-04-17,CVE-2023-36845,2025-05-29,2,0.05,0.94441,0.99987,0.0,0.94355,0.99947,0.0,0.00040000000000006697,1
589,CVE-2023-46747,2025-04-17,CVE-2023-29336,2025-05-25,11,2.3000000000000007,0.94441,0.99987,0.0,0.76942,0.98873,0.0,0.011140000000000039,2
590,CVE-2023-46748,2025-04-17,CVE-2023-39780,2025-05-28,2,0.05,0.03698,0.87286,0.0,0.01699,0.81224,0.0,0.06062000000000001,1
592,CVE-2023-46818,2025-04-14,CVE-2023-0669,2025-05-28,1,0.0,0.80861,0.99108,0.0,0.94364,0.99957,0.0,0.008489999999999998,1
592,CVE-2023-46818,2025-04-14,CVE-2023-6241,2025-05-23,3,0.25000000000000017,0.80861,0.99108,0.0,0.10305,0.92459,0.0,0.06648999999999994,2
593,CVE-2023-4708,2023-10-09,CVE-2023-24626,2025-05-12,9,0.25000000000000017,0.00063,0.25727,0.0,0.00062,0.24613,0.0,0.011140000000000011,1
593,CVE-2023-4708,2023-10-09,CVE-2023-20109,2025-04-17,12,0.3499999999999998,0.00063,0.25727,0.0,0.0006,0.23872,0.0,0.01855000000000001,2
593,CVE-2023-4708,2023-10-09,CVE-2023-34927,2024-04-02,1,0.20000000000000018,0.00063,0.25727,0.0,0.00054,0.19983,0.0,0.05743999999999999,3
595,CVE-2023-47160,2025-02-19,CVE-2023-40580,2025-04-14,3,0.14999999999999963,0.00087,0.39355,1.0,0.00112,0.46094,0.0,0.06739,1
595,CVE-2023-47160,2025-02-19,CVE-2023-21675,2025-05-16,8,0.44999999999999946,0.00087,0.39355,1.0,0.00067,0.32321,0.0,0.07034000000000001,2
595,CVE-2023-47160,2025-02-19,CVE-2023-21748,2025-05-16,10,0.44999999999999946,0.00087,0.39355,1.0,0.00067,0.32321,0.0,0.07034000000000001,3
596,CVE-2023-47179,2025-01-02,CVE-2023-52235,2025-04-11,10,0.05,0.00043,0.11013,1.0,0.00043,0.10982,0.0,0.0003100000000000047,1
597,CVE-2023-47311,2025-04-11,CVE-2023-34872,2025-05-17,8,0.5999999999999996,0.00173,0.35638,0.0,0.002,0.3931,0.0,0.03672000000000003,1
597,CVE-2023-47311,2025-04-11,CVE-2023-4039,2025-05-17,11,1.2999999999999998,0.00173,0.35638,0.0,0.00206,0.40145,0.0,0.04507,2
602,CVE-2023-48292,2025-03-29,CVE-2023-41992,2025-05-14,9,2.0999999999999996,0.00829,0.59755,0.0,0.01102,0.64784,0.0,0.050289999999999946,1
603,CVE-2023-4863,2025-04-07,CVE-2023-39780,2025-05-28,2,0.05,0.79395,0.99024,0.0,0.06658,0.9035,0.0,0.08674000000000004,1
604,CVE-2023-48795,2025-04-14,CVE-2023-43770,2025-05-15,1,0.24999999999999928,0.58568,0.98036,0.0,0.7639,0.9888,0.0,0.008440000000000003,1
604,CVE-2023-48795,2025-04-14,CVE-2023-32019,2025-05-16,11,1.2500000000000002,0.58568,0.98036,0.0,0.09405,0.92059,0.0,0.05976999999999999,2
606,CVE-2023-49103,2025-02-12,CVE-2023-40044,2025-04-17,1,0.05,0.90886,0.99133,0.0,0.87501,0.98926,0.0,0.0020700000000000163,1
606,CVE-2023-49103,2025-02-12,CVE-2023-41892,2025-04-27,3,0.05,0.90886,0.99133,0.0,0.83669,0.98718,0.0,0.004150000000000098,2
606,CVE-2023-49103,2025-02-12,CVE-2023-43177,2025-03-25,5,0.1999999999999993,0.90886,0.99133,0.0,0.96314,0.99695,0.0,0.005619999999999958,3
607,CVE-2023-49606,2025-04-17,CVE-2023-29336,2025-05-25,11,2.3000000000000007,0.34661,0.96732,0.0,0.76942,0.98873,0.0,0.02141000000000004,1
607,CVE-2023-49606,2025-04-17,CVE-2023-36845,2025-05-29,2,0.05,0.34661,0.96732,0.0,0.94355,0.99947,0.0,0.03215000000000001,2
609,CVE-2023-4966,2025-04-14,CVE-2023-36845,2025-05-29,2,0.40000000000000036,0.94378,0.99962,0.0,0.9432,0.99944,0.0,0.00017999999999995797,1
609,CVE-2023-4966,2025-04-14,CVE-2023-39780,2025-05-28,4,0.8999999999999997,0.94378,0.99962,0.0,0.06658,0.90369,0.0,0.09592999999999996,2
612,CVE-2023-49965,2025-04-11,CVE-2023-24626,2025-05-12,1,0.2999999999999998,0.00098,0.24733,0.0,0.00074,0.19612,0.0,0.051210000000000006,1
613,CVE-2023-5009,2025-04-17,CVE-2023-34332,2025-05-19,5,0.44999999999999946,0.00022,0.04366,0.0,0.00021,0.04058,0.0,0.0030799999999999994,1
613,CVE-2023-5009,2025-04-17,CVE-2023-42826,2025-05-25,7,0.44999999999999946,0.00022,0.04366,0.0,0.0003,0.07158,0.0,0.027920000000000007,2
613,CVE-2023-5009,2025-04-17,CVE-2023-52591,2025-05-20,1,0.39999999999999947,0.00022,0.04366,0.0,0.00013,0.01292,0.0,0.030739999999999996,3
614,CVE-2023-50164,2025-04-17,CVE-2023-36845,2025-05-29,2,0.05,0.93736,0.99836,0.0,0.94355,0.99947,0.0,0.0011099999999999444,1
614,CVE-2023-50164,2025-04-17,CVE-2023-29336,2025-05-25,11,2.3000000000000007,0.93736,0.99836,0.0,0.76942,0.98873,0.0,0.009630000000000027,2
616,CVE-2023-50733,2025-01-21,CVE-2023-52235,2025-04-11,7,0.25000000000000105,0.00043,0.11371,1.0,0.00043,0.11351,0.0,0.00020000000000000573,1
618,CVE-2023-51302,2025-02-20,CVE-2023-52235,2025-04-11,3,0.05,0.00043,0.11709,0.0,0.00043,0.11709,0.0,0.0,1
619,CVE-2023-51313,2025-02-21,CVE-2023-52235,2025-04-11,3,0.05,0.00043,0.11722,0.0,0.00043,0.11722,0.0,0.0,1
620,CVE-2023-51319,2025-02-20,CVE-2023-52235,2025-04-11,3,0.05,0.00043,0.11722,1.0,0.00043,0.11709,0.0,0.0001300000000000051,1
621,CVE-2023-51333,2025-02-21,CVE-2023-52235,2025-04-11,3,0.05,0.00043,0.11722,0.0,0.00043,0.11722,0.0,0.0,1
622,CVE-2023-51336,2025-02-21,CVE-2023-52235,2025-04-11,3,0.05,0.00043,0.11722,0.0,0.00043,0.11722,0.0,0.0,1
624,CVE-2023-51467,2025-04-17,CVE-2023-36845,2025-05-29,2,0.05,0.93884,0.99857,0.0,0.94355,0.99947,0.0,0.0009000000000000119,1
624,CVE-2023-51467,2025-04-17,CVE-2023-29336,2025-05-25,11,2.3000000000000007,0.93884,0.99857,0.0,0.76942,0.98873,0.0,0.00983999999999996,2
626,CVE-2023-52235,2025-04-11,CVE-2023-23420,2025-05-16,9,1.0000000000000009,0.0025,0.45618,0.0,0.00279,0.48491,0.0,0.028730000000000033,1
626,CVE-2023-52235,2025-04-11,CVE-2023-21747,2025-05-16,5,1.0000000000000009,0.0025,0.45618,0.0,0.00226,0.42575,0.0,0.030429999999999957,2
626,CVE-2023-52235,2025-04-11,CVE-2023-21675,2025-05-16,4,1.0000000000000009,0.0025,0.45618,0.0,0.00301,0.50535,0.0,0.04916999999999999,3
630,CVE-2023-5360,2025-04-05,CVE-2023-36845,2025-05-29,3,0.05,0.92223,0.99709,0.0,0.9432,0.99944,0.0,0.0023499999999999632,1
630,CVE-2023-5360,2025-04-05,CVE-2023-34362,2025-05-13,1,0.05,0.92223,0.99709,0.0,0.94388,0.99966,0.0,0.002569999999999961,2
630,CVE-2023-5360,2025-04-05,CVE-2023-29336,2025-05-25,7,2.250000000000001,0.92223,0.99709,0.0,0.62322,0.98222,0.0,0.01487000000000005,3
631,CVE-2023-5702,2024-03-14,CVE-2023-4039,2025-05-17,5,0.55,0.00052,0.18236,0.0,0.00046,0.14279,0.0,0.039569999999999994,1
631,CVE-2023-5702,2024-03-14,CVE-2023-0437,2025-05-17,6,1.05,0.00052,0.18236,0.0,0.00046,0.14279,0.0,0.039569999999999994,2
631,CVE-2023-5702,2024-03-14,CVE-2023-36811,2025-04-09,1,0.45000000000000034,0.00052,0.18236,0.0,0.00045,0.12999,0.0,0.05237,3
635,CVE-2023-6542,2025-04-16,CVE-2023-34332,2025-05-19,6,0.7000000000000002,0.0002,0.03596,0.0,0.00021,0.04029,0.0,0.0043300000000000005,1
635,CVE-2023-6542,2025-04-16,CVE-2023-52591,2025-05-20,12,0.7500000000000002,0.0002,0.03596,0.0,0.00013,0.013,0.0,0.02296,2
635,CVE-2023-6542,2025-04-16,CVE-2023-42826,2025-05-25,7,0.7000000000000002,0.0002,0.03596,0.0,0.0003,0.07063,0.0,0.03467,3
636,CVE-2023-6710,2024-05-13,CVE-2023-46470,2025-04-11,7,0.05,0.00068,0.29292,0.0,0.00052,0.19527,0.0,0.09765000000000001,1
636,CVE-2023-6710,2024-05-13,CVE-2023-46471,2025-04-11,8,0.05,0.00068,0.29292,0.0,0.00052,0.19527,0.0,0.09765000000000001,2
637,CVE-2023-7028,2024-03-14,CVE-2023-30258,2025-04-11,12,0.1999999999999993,0.20153,0.9622,0.0,0.30708,0.96832,0.0,0.006119999999999903,1
637,CVE-2023-7028,2024-03-14,CVE-2023-40044,2025-04-17,6,0.05,0.20153,0.9622,0.0,0.84134,0.98388,0.0,0.02167999999999992,2
637,CVE-2023-7028,2024-03-14,CVE-2023-41892,2025-04-27,8,0.05,0.20153,0.9622,0.0,0.88564,0.98613,0.0,0.023929999999999896,3
641,CVE-2024-0010,2025-04-14,CVE-2024-26177,2025-05-16,12,1.2500000000000002,0.01321,0.78182,0.0,0.01593,0.80086,0.0,0.019040000000000057,1
643,CVE-2024-0114,2025-03-05,CVE-2024-0399,2025-04-16,3,0.05,0.00043,0.11829,0.0,0.00043,0.11829,0.0,0.0,1
643,CVE-2024-0114,2025-03-05,CVE-2024-22257,2025-05-30,11,0.14999999999999963,0.00043,0.11829,0.0,0.00043,0.11829,0.0,0.0,2
643,CVE-2024-0114,2025-03-05,CVE-2024-36623,2025-05-09,6,0.05,0.00043,0.11829,0.0,0.00045,0.18325,0.0,0.06495999999999999,3
646,CVE-2024-0132,2025-03-26,CVE-2024-37051,2025-05-16,8,0.3500000000000007,0.02526,0.83914,0.0,0.0519,0.88851,0.0,0.049370000000000025,1
646,CVE-2024-0132,2025-03-26,CVE-2024-21591,2025-05-07,12,0.8500000000000008,0.02526,0.83914,0.0,0.0694,0.90467,0.0,0.06552999999999998,2
646,CVE-2024-0132,2025-03-26,CVE-2024-31989,2025-05-09,1,0.05,0.02526,0.83914,0.0,0.13648,0.93558,0.0,0.09643999999999997,3
647,CVE-2024-0146,2025-01-28,CVE-2024-43085,2025-04-28,12,0.05,0.00043,0.11449,0.0,0.00043,0.11449,0.0,0.0,1
647,CVE-2024-0146,2025-01-28,CVE-2024-38193,2025-04-17,7,0.05,0.00043,0.11449,0.0,0.00043,0.11557,0.0,0.0010800000000000115,2
647,CVE-2024-0146,2025-01-28,CVE-2024-53197,2025-02-28,2,0.05,0.00043,0.11449,0.0,0.00044,0.15242,0.0,0.037930000000000005,3
651,CVE-2024-0179,2025-02-11,CVE-2024-22257,2025-05-30,5,0.05,0.00043,0.11476,1.0,0.00043,0.1146,0.0,0.00016000000000000736,1
652,CVE-2024-0204,2025-04-17,CVE-2024-1709,2025-05-29,11,0.24999999999999928,0.93318,0.99794,0.0,0.94364,0.9995,0.0,0.0015600000000000058,1
652,CVE-2024-0204,2025-04-17,CVE-2024-29943,2025-05-19,4,0.05,0.93318,0.99794,0.0,0.17035,0.94559,0.0,0.05235000000000001,2
654,CVE-2024-0399,2025-04-16,CVE-2024-20698,2025-05-18,4,0.3499999999999998,0.04809,0.88858,0.0,0.17205,0.94593,0.0,0.05735000000000001,1
654,CVE-2024-0399,2025-04-16,CVE-2024-20656,2025-05-18,3,0.3499999999999998,0.04809,0.88858,0.0,0.62083,0.98203,0.0,0.09344999999999992,2
655,CVE-2024-0566,2025-04-16,CVE-2024-20698,2025-05-18,7,0.6499999999999997,0.04833,0.88892,0.0,0.17205,0.94593,0.0,0.057010000000000005,1
655,CVE-2024-0566,2025-04-16,CVE-2024-12987,2025-05-17,2,0.14999999999999963,0.04833,0.88892,0.0,0.45389,0.97391,0.0,0.08499000000000001,2
655,CVE-2024-0566,2025-04-16,CVE-2024-20656,2025-05-18,6,0.6499999999999997,0.04833,0.88892,0.0,0.62083,0.98203,0.0,0.09310999999999992,3
658,CVE-2024-0875,2024-11-15,CVE-2024-5920,2025-05-01,4,0.05,0.00043,0.10187,1.0,0.00043,0.10163,0.0,0.0002400000000000041,1
658,CVE-2024-0875,2024-11-15,CVE-2024-32473,2025-05-09,6,0.14999999999999963,0.00043,0.10187,1.0,0.00043,0.10163,0.0,0.0002400000000000041,2
658,CVE-2024-0875,2024-11-15,CVE-2024-43803,2025-05-09,9,0.15000000000000052,0.00043,0.10187,1.0,0.00044,0.11497,0.0,0.0131,3
659,CVE-2024-10044,2024-12-30,CVE-2024-23346,2025-04-15,4,0.05,0.00043,0.10957,1.0,0.00045,0.17483,0.0,0.06526000000000001,1
665,CVE-2024-10205,2024-12-17,CVE-2024-23346,2025-04-15,9,0.14999999999999963,0.00043,0.10859,0.0,0.00045,0.17398,0.0,0.06538999999999999,1
669,CVE-2024-10338,2024-10-30,CVE-2024-32879,2025-05-11,11,0.25000000000000017,0.00045,0.1668,0.0,0.00045,0.1668,0.0,0.0,1
669,CVE-2024-10338,2024-10-30,CVE-2024-7347,2025-05-17,3,0.05,0.00045,0.1668,0.0,0.00044,0.1375,0.0,0.029299999999999993,2
669,CVE-2024-10338,2024-10-30,CVE-2024-43803,2025-05-09,10,0.25000000000000017,0.00045,0.1668,0.0,0.00044,0.11229,0.0,0.05451,3
670,CVE-2024-10349,2024-10-30,CVE-2024-50050,2025-04-29,10,0.05,0.00045,0.1668,0.0,0.00043,0.09909,0.0,0.06771,1
670,CVE-2024-10349,2024-10-30,CVE-2024-24795,2025-05-17,11,0.05,0.00045,0.1668,0.0,0.00043,0.09909,0.0,0.06771,2
681,CVE-2024-10525,2025-04-17,CVE-2024-42509,2025-05-23,6,0.05,0.00168,0.39022,0.0,0.00246,0.47957,0.0,0.08934999999999998,1
681,CVE-2024-10525,2025-04-17,CVE-2024-47460,2025-05-23,12,0.8500000000000008,0.00168,0.39022,0.0,0.00102,0.29439,0.0,0.09583000000000003,2
689,CVE-2024-10644,2025-02-11,CVE-2024-30896,2025-04-08,11,0.05,0.00043,0.11476,1.0,0.00043,0.1146,0.0,0.00016000000000000736,1
689,CVE-2024-10644,2025-02-11,CVE-2024-53537,2025-04-14,12,0.05,0.00043,0.11476,1.0,0.00044,0.1262,0.0,0.011440000000000006,2
695,CVE-2024-10773,2024-12-06,CVE-2024-35540,2025-04-10,10,0.05,0.00044,0.11931,1.0,0.0005,0.2092,0.0,0.08989,1
707,CVE-2024-10929,2025-01-22,CVE-2024-55889,2025-04-16,4,0.24999999999999928,0.00043,0.11403,1.0,0.00043,0.11371,0.0,0.00032000000000000084,1
707,CVE-2024-10929,2025-01-22,CVE-2024-44762,2025-04-03,9,0.25000000000000017,0.00043,0.11403,1.0,0.00043,0.11371,0.0,0.00032000000000000084,2
707,CVE-2024-10929,2025-01-22,CVE-2024-43803,2025-05-09,5,0.24999999999999928,0.00043,0.11403,1.0,0.00044,0.12307,0.0,0.009039999999999992,3
714,CVE-2024-10960,2025-02-12,CVE-2024-41110,2025-05-09,2,0.05,0.0005,0.21575,1.0,0.00045,0.16382,0.0,0.051930000000000004,1
717,CVE-2024-11004,2024-11-12,CVE-2024-42831,2025-04-02,4,0.05,0.00043,0.101,1.0,0.00045,0.16845,0.0,0.06744999999999998,1
717,CVE-2024-11004,2024-11-12,CVE-2024-43687,2025-04-04,5,0.05,0.00043,0.101,1.0,0.00046,0.18251,0.0,0.08151,2
717,CVE-2024-11004,2024-11-12,CVE-2024-37732,2025-04-09,6,0.05,0.00043,0.101,1.0,0.00046,0.18251,0.0,0.08151,3
729,CVE-2024-11053,2024-12-11,CVE-2024-12483,2025-04-18,9,0.35000000000000026,0.00045,0.17698,1.0,0.00045,0.17698,1.0,0.0,1
729,CVE-2024-11053,2024-12-11,CVE-2024-45310,2025-04-23,4,0.25000000000000017,0.00045,0.17698,1.0,0.00045,0.17645,0.0,0.0005300000000000027,2
729,CVE-2024-11053,2024-12-11,CVE-2024-6501,2025-05-17,7,0.3499999999999998,0.00045,0.17698,1.0,0.00045,0.17645,0.0,0.0005300000000000027,3
735,CVE-2024-11087,2025-03-08,CVE-2024-42057,2025-05-13,6,0.05,0.00091,0.4122,1.0,0.0009,0.40699,0.0,0.005209999999999992,1
735,CVE-2024-11087,2025-03-08,CVE-2024-53961,2025-04-17,3,0.05,0.00091,0.4122,1.0,0.00095,0.42394,0.0,0.011739999999999973,2
754,CVE-2024-11284,2025-03-14,CVE-2024-21894,2025-04-17,11,0.05,0.00091,0.41292,0.0,0.00105,0.45069,0.0,0.03776999999999997,1
754,CVE-2024-11284,2025-03-14,CVE-2024-10525,2025-04-17,1,0.0,0.00091,0.41292,0.0,0.00068,0.33026,0.0,0.08266000000000001,2
755,CVE-2024-11285,2025-03-14,CVE-2024-21894,2025-04-17,11,0.05,0.00091,0.41292,0.0,0.00105,0.45069,0.0,0.03776999999999997,1
755,CVE-2024-11285,2025-03-14,CVE-2024-10525,2025-04-17,1,0.0,0.00091,0.41292,0.0,0.00068,0.33026,0.0,0.08266000000000001,2
756,CVE-2024-11286,2025-03-14,CVE-2024-21894,2025-04-17,11,0.05,0.00091,0.41292,0.0,0.00105,0.45069,0.0,0.03776999999999997,1
756,CVE-2024-11286,2025-03-14,CVE-2024-10525,2025-04-17,1,0.0,0.00091,0.41292,0.0,0.00068,0.33026,0.0,0.08266000000000001,2
759,CVE-2024-11299,2025-04-23,CVE-2024-46687,2025-05-26,5,2.75,0.00038,0.1072,0.0,0.00043,0.12832,0.0,0.021119999999999986,1
759,CVE-2024-11299,2025-04-23,CVE-2024-39338,2025-05-27,4,2.45,0.00038,0.1072,0.0,0.00026,0.05352,0.0,0.053680000000000005,2
766,CVE-2024-11319,2024-11-18,CVE-2024-45310,2025-04-23,2,0.24999999999999972,0.00045,0.16969,1.0,0.00045,0.16947,0.0,0.00021999999999999797,1
766,CVE-2024-11319,2024-11-18,CVE-2024-6501,2025-05-17,9,0.7499999999999998,0.00045,0.16969,1.0,0.00045,0.16947,0.0,0.00021999999999999797,2
766,CVE-2024-11319,2024-11-18,CVE-2024-8925,2025-04-10,7,0.7499999999999998,0.00045,0.16969,1.0,0.00046,0.18346,0.0,0.013770000000000004,3
771,CVE-2024-11392,2025-04-16,CVE-2024-20656,2025-05-18,10,1.050000000000001,0.32492,0.96542,0.0,0.62083,0.98203,0.0,0.016610000000000014,1
771,CVE-2024-11392,2025-04-16,CVE-2024-20698,2025-05-18,11,1.050000000000001,0.32492,0.96542,0.0,0.17205,0.94593,0.0,0.019489999999999896,2
787,CVE-2024-11638,2025-03-10,CVE-2024-7297,2025-05-19,11,0.05,0.00043,0.11882,1.0,0.00043,0.1187,0.0,0.00011999999999999511,1
789,CVE-2024-11640,2025-03-08,CVE-2024-4058,2025-04-17,8,0.05,0.00058,0.27279,1.0,0.00058,0.27382,0.0,0.0010300000000000309,1
789,CVE-2024-11640,2025-03-08,CVE-2024-39304,2025-04-09,4,0.05,0.00058,0.27279,1.0,0.0005,0.22138,0.0,0.051409999999999983,2
789,CVE-2024-11640,2025-03-08,CVE-2024-38814,2025-04-17,7,0.05,0.00058,0.27279,1.0,0.00069,0.3328,0.0,0.06001000000000001,3
793,CVE-2024-11680,2025-04-14,CVE-2024-1709,2025-05-29,12,0.24999999999999928,0.93334,0.9981,0.0,0.94123,0.99903,0.0,0.0009299999999999864,1
793,CVE-2024-11680,2025-04-14,CVE-2024-29943,2025-05-19,4,0.05,0.93334,0.9981,0.0,0.23938,0.95586,0.0,0.042239999999999944,2
793,CVE-2024-11680,2025-04-14,CVE-2024-5274,2025-05-16,10,0.20000000000000107,0.93334,0.9981,0.0,0.17325,0.94527,0.0,0.05282999999999993,3
810,CVE-2024-11951,2025-03-05,CVE-2024-10525,2025-04-17,4,0.0,0.00091,0.41197,1.0,0.00068,0.32912,0.0,0.08284999999999998,1
811,CVE-2024-11954,2025-04-14,CVE-2024-7347,2025-05-17,9,2.6,0.00045,0.10535,0.0,0.00053,0.13529,0.0,0.029939999999999994,1
811,CVE-2024-11954,2025-04-14,CVE-2024-6381,2025-05-17,4,1.9000000000000001,0.00045,0.10535,0.0,0.00063,0.16595,0.0,0.06059999999999999,2
811,CVE-2024-11954,2025-04-14,CVE-2024-0131,2025-05-17,8,2.3000000000000003,0.00045,0.10535,0.0,0.00022,0.0348,0.0,0.07055,3
812,CVE-2024-11956,2025-04-14,CVE-2024-43799,2025-05-17,4,0.3499999999999998,4e-05,0.00122,0.0,0.00017,0.02,0.0,0.01878,1
812,CVE-2024-11956,2025-04-14,CVE-2024-0131,2025-05-17,3,0.3499999999999998,4e-05,0.00122,0.0,0.00022,0.0348,0.0,0.03358,2
824,CVE-2024-12035,2025-03-07,CVE-2024-39304,2025-04-09,5,0.05,0.00049,0.21847,1.0,0.0005,0.22131,0.0,0.002840000000000009,1
824,CVE-2024-12035,2025-03-07,CVE-2024-4058,2025-04-17,9,0.05,0.00049,0.21847,1.0,0.00058,0.27376,0.0,0.055290000000000006,2
827,CVE-2024-12058,2025-02-11,CVE-2024-54147,2025-04-23,5,0.05,0.00043,0.11476,1.0,0.00043,0.1146,0.0,0.00016000000000000736,1
827,CVE-2024-12058,2025-02-11,CVE-2024-20109,2025-05-07,8,0.14999999999999963,0.00043,0.11476,1.0,0.00043,0.1146,0.0,0.00016000000000000736,2
827,CVE-2024-12058,2025-02-11,CVE-2024-20054,2025-05-07,10,0.25000000000000017,0.00043,0.11476,1.0,0.00043,0.1146,0.0,0.00016000000000000736,3
830,CVE-2024-12085,2025-01-23,CVE-2024-44911,2025-04-11,12,0.05,0.00045,0.17742,0.0,0.00045,0.18218,0.0,0.004760000000000014,1
830,CVE-2024-12085,2025-01-23,CVE-2024-44910,2025-04-11,11,0.05,0.00045,0.17742,0.0,0.00046,0.18334,0.0,0.005920000000000009,2
830,CVE-2024-12085,2025-01-23,CVE-2024-35057,2025-04-11,7,0.05,0.00045,0.17742,0.0,0.00043,0.11403,0.0,0.06338999999999999,3
831,CVE-2024-12086,2025-01-23,CVE-2024-42831,2025-04-02,1,0.05,0.00045,0.17742,0.0,0.00045,0.17742,0.0,0.0,1
831,CVE-2024-12086,2025-01-23,CVE-2024-50861,2025-04-14,4,0.05,0.00045,0.17742,0.0,0.00045,0.17742,0.0,0.0,2
831,CVE-2024-12086,2025-01-23,CVE-2024-43687,2025-04-04,2,0.05,0.00045,0.17742,0.0,0.00046,0.1923,0.0,0.014880000000000004,3
832,CVE-2024-12087,2025-01-23,CVE-2024-12342,2025-04-17,6,0.05,0.00045,0.17742,0.0,0.00045,0.17742,0.0,0.0,1
832,CVE-2024-12087,2025-01-23,CVE-2024-3935,2025-04-17,7,0.05,0.00045,0.17742,0.0,0.00045,0.17742,0.0,0.0,2
832,CVE-2024-12087,2025-01-23,CVE-2024-36620,2025-05-09,10,0.05,0.00045,0.17742,0.0,0.00045,0.17742,0.0,0.0,3
833,CVE-2024-12088,2025-01-23,CVE-2024-12342,2025-04-17,6,0.05,0.00045,0.17742,0.0,0.00045,0.17742,0.0,0.0,1
833,CVE-2024-12088,2025-01-23,CVE-2024-3935,2025-04-17,7,0.05,0.00045,0.17742,0.0,0.00045,0.17742,0.0,0.0,2
833,CVE-2024-12088,2025-01-23,CVE-2024-36620,2025-05-09,10,0.05,0.00045,0.17742,0.0,0.00045,0.17742,0.0,0.0,3
838,CVE-2024-12097,2025-03-05,CVE-2024-10525,2025-04-17,4,0.0,0.00091,0.41197,1.0,0.00068,0.32912,0.0,0.08284999999999998,1
839,CVE-2024-12106,2024-12-31,CVE-2024-23346,2025-04-15,4,0.14999999999999963,0.00043,0.10983,1.0,0.00045,0.17483,0.0,0.06500000000000002,1
844,CVE-2024-12144,2025-03-06,CVE-2024-10525,2025-04-17,4,0.0,0.00091,0.41223,1.0,0.00068,0.32924,0.0,0.08299000000000001,1
855,CVE-2024-12281,2025-03-05,CVE-2024-10525,2025-04-17,4,0.0,0.00091,0.41197,1.0,0.00068,0.32912,0.0,0.08284999999999998,1
859,CVE-2024-12295,2025-03-19,CVE-2024-43201,2025-05-04,4,0.05,0.00039,0.08419,0.0,0.00056,0.14491,0.0,0.06072000000000001,1
864,CVE-2024-1234,2025-04-05,CVE-2024-6485,2025-05-17,3,0.05,0.00226,0.42613,0.0,0.00235,0.43761,0.0,0.01147999999999999,1
864,CVE-2024-1234,2025-04-05,CVE-2024-6531,2025-05-17,4,0.05,0.00226,0.42613,0.0,0.00235,0.43761,0.0,0.01147999999999999,2
865,CVE-2024-12342,2025-04-17,CVE-2024-29073,2025-05-18,9,1.2500000000000002,0.00098,0.2867,0.0,0.00133,0.34348,0.0,0.05678,1
866,CVE-2024-12344,2025-04-17,CVE-2024-39338,2025-05-27,11,1.5000000000000002,0.00028,0.06224,0.0,0.00026,0.05456,0.0,0.007679999999999999,1
866,CVE-2024-12344,2025-04-17,CVE-2024-26626,2025-05-20,5,0.8499999999999999,0.00028,0.06224,0.0,0.00016,0.02357,0.0,0.038669999999999996,2
866,CVE-2024-12344,2025-04-17,CVE-2024-26627,2025-05-20,6,0.8499999999999999,0.00028,0.06224,0.0,0.00013,0.01302,0.0,0.04922,3
869,CVE-2024-12368,2025-02-25,CVE-2024-0399,2025-04-16,5,0.05,0.00043,0.11771,3.0,0.00043,0.11716,0.0,0.0005499999999999949,1
869,CVE-2024-12368,2025-02-25,CVE-2024-36623,2025-05-09,8,0.05,0.00043,0.11771,3.0,0.00045,0.17956,0.0,0.06185,2
872,CVE-2024-12386,2025-02-12,CVE-2024-36623,2025-05-09,12,0.05,0.00051,0.22801,1.0,0.00045,0.17783,0.0,0.05018,1
875,CVE-2024-12431,2025-01-08,CVE-2024-46528,2025-03-27,1,0.05,0.00045,0.17502,1.0,0.00045,0.17541,0.0,0.00039000000000000146,1
875,CVE-2024-12431,2025-01-08,CVE-2024-12955,2025-04-17,4,0.05,0.00045,0.17502,1.0,0.00045,0.17541,0.0,0.00039000000000000146,2
875,CVE-2024-12431,2025-01-08,CVE-2024-56378,2025-05-17,8,0.05,0.00045,0.17502,1.0,0.00045,0.17541,0.0,0.00039000000000000146,3
879,CVE-2024-12483,2025-04-18,CVE-2024-39338,2025-05-27,9,4.1,0.00027,0.0595,0.0,0.00026,0.05445,0.0,0.005049999999999999,1
879,CVE-2024-12483,2025-04-18,CVE-2024-26626,2025-05-20,2,2.0999999999999996,0.00027,0.0595,0.0,0.00016,0.02347,0.0,0.03602999999999999,2
879,CVE-2024-12483,2025-04-18,CVE-2024-26627,2025-05-20,3,2.0999999999999996,0.00027,0.0595,0.0,0.00013,0.01301,0.0,0.04649,3
882,CVE-2024-12544,2025-03-01,CVE-2024-9054,2025-04-04,7,0.05,0.00056,0.26544,1.0,0.00064,0.30805,0.0,0.04260999999999998,1
882,CVE-2024-12544,2025-03-01,CVE-2024-39304,2025-04-09,10,0.05,0.00056,0.26544,1.0,0.0005,0.22021,0.0,0.04523000000000002,2
882,CVE-2024-12544,2025-03-01,CVE-2024-48827,2025-04-06,8,0.05,0.00056,0.26544,1.0,0.00045,0.18245,0.0,0.08299000000000001,3
883,CVE-2024-12556,2025-04-08,CVE-2024-29944,2025-05-19,11,0.3499999999999989,0.00038,0.08426,1.0,0.00066,0.17674,0.0,0.09248,1
885,CVE-2024-12563,2025-03-18,CVE-2024-43201,2025-05-04,4,0.05,0.00075,0.19791,1.0,0.00056,0.14893,0.0,0.048979999999999996,1
885,CVE-2024-12563,2025-03-18,CVE-2024-21113,2025-05-01,3,0.05,0.00075,0.19791,1.0,0.0012,0.28538,0.0,0.08747000000000002,2
887,CVE-2024-12583,2025-01-04,CVE-2024-6327,2025-04-17,4,0.05,0.00056,0.2555,1.0,0.00071,0.33038,0.0,0.07488,1
887,CVE-2024-12583,2025-01-04,CVE-2024-41110,2025-05-09,5,0.05,0.00056,0.2555,1.0,0.00045,0.15874,0.0,0.09676000000000001,2
889,CVE-2024-12626,2024-12-19,CVE-2024-24691,2025-04-17,5,0.05,0.00091,0.40175,1.0,0.00091,0.40176,0.0,1.0000000000010001e-05,1
889,CVE-2024-12626,2024-12-19,CVE-2024-26020,2025-05-18,8,0.05,0.00091,0.40175,1.0,0.00115,0.459,0.0,0.05725000000000002,2
889,CVE-2024-12626,2024-12-19,CVE-2024-7971,2025-04-13,4,0.05,0.00091,0.40175,1.0,0.0012,0.46797,0.0,0.06622,3
890,CVE-2024-12641,2024-12-16,CVE-2024-24691,2025-04-17,5,0.05,0.00091,0.40158,1.0,0.00091,0.40772,0.0,0.006140000000000034,1
890,CVE-2024-12641,2024-12-16,CVE-2024-26020,2025-05-18,8,0.05,0.00091,0.40158,1.0,0.00087,0.39046,0.0,0.011120000000000019,2
890,CVE-2024-12641,2024-12-16,CVE-2024-4671,2025-04-25,6,0.05,0.00091,0.40158,1.0,0.001,0.43019,0.0,0.028610000000000024,3
897,CVE-2024-12650,2025-03-06,CVE-2024-39143,2025-04-09,1,0.05,0.00044,0.1608,0.0,0.00045,0.1671,0.0,0.0063,1
897,CVE-2024-12650,2025-03-06,CVE-2024-51463,2025-04-15,3,0.05,0.00044,0.1608,0.0,0.00045,0.1671,0.0,0.0063,2
897,CVE-2024-12650,2025-03-06,CVE-2024-47605,2025-04-14,2,0.05,0.00044,0.1608,0.0,0.00045,0.18333,0.0,0.022529999999999994,3
900,CVE-2024-12686,2025-01-13,CVE-2024-20054,2025-05-07,1,0.05,0.00043,0.11433,0.0,0.00043,0.11157,0.0,0.0027599999999999986,1
900,CVE-2024-12686,2025-01-13,CVE-2024-35539,2025-04-10,6,0.14999999999999963,0.00043,0.11433,0.0,0.00043,0.11157,0.0,0.0027599999999999986,2
900,CVE-2024-12686,2025-01-13,CVE-2024-12342,2025-04-17,7,0.14999999999999963,0.00043,0.11433,0.0,0.00045,0.17537,0.0,0.06104,3
908,CVE-2024-12747,2025-01-23,CVE-2024-26634,2025-05-09,10,0.14999999999999963,0.00045,0.17742,0.0,0.00045,0.17742,0.0,0.0,1
908,CVE-2024-12747,2025-01-23,CVE-2024-27876,2025-04-24,8,0.14999999999999963,0.00045,0.17742,0.0,0.0005,0.21285,0.0,0.03543000000000002,2
908,CVE-2024-12747,2025-01-23,CVE-2024-36424,2025-04-10,7,0.14999999999999963,0.00045,0.17742,0.0,0.00043,0.11403,0.0,0.06338999999999999,3
909,CVE-2024-12749,2025-01-29,CVE-2024-40892,2025-03-17,2,0.05,0.00043,0.11435,1.0,0.00043,0.11437,0.0,2.0000000000006124e-05,1
909,CVE-2024-12749,2025-01-29,CVE-2024-48846,2025-04-16,4,0.05,0.00043,0.11435,1.0,0.00043,0.11437,0.0,2.0000000000006124e-05,2
909,CVE-2024-12749,2025-01-29,CVE-2024-0150,2025-05-17,5,0.05,0.00043,0.11435,1.0,0.00043,0.11437,0.0,2.0000000000006124e-05,3
912,CVE-2024-12797,2025-02-11,CVE-2024-6484,2025-05-17,8,0.15000000000000052,0.00045,0.17783,1.0,0.00046,0.19261,0.0,0.014780000000000015,1
912,CVE-2024-12797,2025-02-11,CVE-2024-1234,2025-04-05,6,0.15000000000000052,0.00045,0.17783,1.0,0.00048,0.20336,0.0,0.025530000000000025,2
912,CVE-2024-12797,2025-02-11,CVE-2024-3935,2025-04-17,11,0.20000000000000018,0.00045,0.17783,1.0,0.00051,0.22731,0.0,0.049480000000000024,3
914,CVE-2024-12803,2025-01-09,CVE-2024-47461,2025-05-23,5,0.05,0.00043,0.11133,1.0,0.00043,0.11086,0.0,0.0004699999999999982,1
914,CVE-2024-12803,2025-01-09,CVE-2024-35061,2025-04-11,9,0.14999999999999963,0.00043,0.11133,1.0,0.00045,0.17502,0.0,0.06369000000000001,2
915,CVE-2024-12805,2025-01-09,CVE-2024-47461,2025-05-23,5,0.05,0.00043,0.11133,1.0,0.00043,0.11086,0.0,0.0004699999999999982,1
915,CVE-2024-12805,2025-01-09,CVE-2024-35061,2025-04-11,9,0.14999999999999963,0.00043,0.11133,1.0,0.00045,0.17502,0.0,0.06369000000000001,2
916,CVE-2024-12810,2025-03-14,CVE-2024-4058,2025-04-17,4,0.05,0.0005,0.22185,1.0,0.00058,0.27458,0.0,0.05273,1
917,CVE-2024-12811,2025-02-28,CVE-2024-39304,2025-04-09,10,0.05,0.0005,0.22027,0.0,0.0005,0.22027,0.0,0.0,1
917,CVE-2024-12811,2025-02-28,CVE-2024-48827,2025-04-06,8,0.05,0.0005,0.22027,0.0,0.00045,0.18251,0.0,0.03775999999999999,2
917,CVE-2024-12811,2025-02-28,CVE-2024-9054,2025-04-04,7,0.05,0.0005,0.22027,0.0,0.00064,0.3081,0.0,0.08782999999999999,3
920,CVE-2024-12824,2025-03-01,CVE-2024-10525,2025-04-17,7,0.0,0.00091,0.41122,1.0,0.00068,0.3284,0.0,0.08281999999999995,1
921,CVE-2024-12828,2024-12-30,CVE-2024-41110,2025-05-09,6,0.05,0.00043,0.1123,1.0,0.00045,0.15829,0.0,0.04598999999999999,1
922,CVE-2024-12830,2024-12-20,CVE-2024-35061,2025-04-11,2,0.05,0.00044,0.12103,0.0,0.00045,0.17319,0.0,0.05216000000000001,1
922,CVE-2024-12830,2024-12-20,CVE-2024-41710,2025-01-29,10,0.14999999999999963,0.00044,0.12103,0.0,0.00045,0.17319,0.0,0.05216000000000001,2
922,CVE-2024-12830,2024-12-20,CVE-2024-44871,2025-03-27,12,0.14999999999999963,0.00044,0.12103,0.0,0.0005,0.21014,0.0,0.08911,3
923,CVE-2024-12832,2024-12-20,CVE-2024-47595,2025-04-09,2,0.05,0.00043,0.10892,0.0,0.00043,0.10892,0.0,0.0,1
923,CVE-2024-12832,2024-12-20,CVE-2024-50050,2025-04-29,5,0.05,0.00043,0.10892,0.0,0.00043,0.10892,0.0,0.0,2
923,CVE-2024-12832,2024-12-20,CVE-2024-24795,2025-05-17,6,0.05,0.00043,0.10892,0.0,0.00043,0.10892,0.0,0.0,3
924,CVE-2024-12833,2025-02-11,CVE-2024-38796,2025-04-23,6,0.24999999999999928,0.00043,0.11476,1.0,0.00043,0.1146,0.0,0.00016000000000000736,1
924,CVE-2024-12833,2025-02-11,CVE-2024-29018,2025-05-09,7,0.24999999999999928,0.00043,0.11476,1.0,0.00043,0.1146,0.0,0.00016000000000000736,2
924,CVE-2024-12833,2025-02-11,CVE-2024-47595,2025-04-09,8,0.25000000000000017,0.00043,0.11476,1.0,0.00043,0.1146,0.0,0.00016000000000000736,3
931,CVE-2024-12856,2025-01-07,CVE-2024-12987,2025-05-17,12,0.14999999999999963,0.00046,0.18392,0.0,0.00046,0.18392,0.0,0.0,1
931,CVE-2024-12856,2025-01-07,CVE-2024-35061,2025-04-11,8,0.14999999999999963,0.00046,0.18392,0.0,0.00045,0.17482,0.0,0.009099999999999997,2
931,CVE-2024-12856,2025-01-07,CVE-2024-44871,2025-03-27,1,0.05,0.00046,0.18392,0.0,0.0005,0.2111,0.0,0.02718000000000001,3
934,CVE-2024-12860,2025-02-18,CVE-2024-6671,2025-03-25,4,0.0,0.00091,0.40935,1.0,0.00124,0.48088,0.0,0.07152999999999998,1
935,CVE-2024-12876,2025-03-07,CVE-2024-10525,2025-04-17,4,0.0,0.00091,0.41226,1.0,0.00068,0.32946,0.0,0.08280000000000004,1
939,CVE-2024-12905,2025-04-22,CVE-2024-46687,2025-05-26,3,0.3499999999999998,0.00063,0.19949,0.0,0.00043,0.12851,0.0,0.07097999999999999,1
939,CVE-2024-12905,2025-04-22,CVE-2024-47460,2025-05-23,10,1.8,0.00063,0.19949,0.0,0.00102,0.29365,0.0,0.09416000000000002,2
940,CVE-2024-12916,2025-02-24,CVE-2024-39304,2025-04-09,11,0.05,0.0005,0.22034,3.0,0.0005,0.21769,0.0,0.0026500000000000135,1
940,CVE-2024-12916,2025-02-24,CVE-2024-48827,2025-04-06,9,0.05,0.0005,0.22034,3.0,0.00045,0.17964,0.0,0.040700000000000014,2
940,CVE-2024-12916,2025-02-24,CVE-2024-9054,2025-04-04,8,0.05,0.0005,0.22034,3.0,0.00064,0.30564,0.0,0.08530000000000001,3
941,CVE-2024-12917,2025-02-24,CVE-2024-39690,2025-05-09,9,0.14999999999999963,0.0005,0.22034,3.0,0.0005,0.21769,0.0,0.0026500000000000135,1
941,CVE-2024-12917,2025-02-24,CVE-2024-29944,2025-05-19,11,0.14999999999999963,0.0005,0.22034,3.0,0.00045,0.1855,0.0,0.03484000000000001,2
941,CVE-2024-12917,2025-02-24,CVE-2024-1708,2025-05-13,10,0.14999999999999963,0.0005,0.22034,3.0,0.00057,0.26819,0.0,0.047849999999999976,3
942,CVE-2024-12918,2025-02-24,CVE-2024-39304,2025-04-09,11,0.05,0.0005,0.22034,3.0,0.0005,0.21769,0.0,0.0026500000000000135,1
942,CVE-2024-12918,2025-02-24,CVE-2024-48827,2025-04-06,9,0.05,0.0005,0.22034,3.0,0.00045,0.17964,0.0,0.040700000000000014,2
942,CVE-2024-12918,2025-02-24,CVE-2024-9054,2025-04-04,8,0.05,0.0005,0.22034,3.0,0.00064,0.30564,0.0,0.08530000000000001,3
944,CVE-2024-12920,2025-03-19,CVE-2024-43201,2025-05-04,4,0.05,0.00057,0.14532,0.0,0.00056,0.14491,0.0,0.0004099999999999937,1
944,CVE-2024-12920,2025-03-19,CVE-2024-21113,2025-05-01,3,0.05,0.00057,0.14532,0.0,0.00072,0.18982,0.0,0.044499999999999984,2
946,CVE-2024-12955,2025-04-17,CVE-2024-39338,2025-05-27,12,3.5,0.00037,0.10341,0.0,0.00026,0.05456,0.0,0.048850000000000005,1
946,CVE-2024-12955,2025-04-17,CVE-2024-26626,2025-05-20,3,1.2500000000000002,0.00037,0.10341,0.0,0.00016,0.02357,0.0,0.07984,2
946,CVE-2024-12955,2025-04-17,CVE-2024-26627,2025-05-20,4,1.2500000000000002,0.00037,0.10341,0.0,0.00013,0.01302,0.0,0.09039,3
952,CVE-2024-13078,2025-01-06,CVE-2024-47595,2025-04-09,2,0.05,0.00045,0.17473,0.0,0.00043,0.11007,0.0,0.06466,1
952,CVE-2024-13078,2025-01-06,CVE-2024-50050,2025-04-29,5,0.05,0.00045,0.17473,0.0,0.00043,0.11007,0.0,0.06466,2
952,CVE-2024-13078,2025-01-06,CVE-2024-24795,2025-05-17,6,0.05,0.00045,0.17473,0.0,0.00043,0.11007,0.0,0.06466,3
953,CVE-2024-13079,2025-01-06,CVE-2024-47595,2025-04-09,2,0.05,0.00045,0.17473,0.0,0.00043,0.11007,0.0,0.06466,1
953,CVE-2024-13079,2025-01-06,CVE-2024-50050,2025-04-29,5,0.05,0.00045,0.17473,0.0,0.00043,0.11007,0.0,0.06466,2
953,CVE-2024-13079,2025-01-06,CVE-2024-24795,2025-05-17,6,0.05,0.00045,0.17473,0.0,0.00043,0.11007,0.0,0.06466,3
954,CVE-2024-13084,2025-01-06,CVE-2024-47595,2025-04-09,2,0.05,0.00045,0.17473,0.0,0.00043,0.11007,0.0,0.06466,1
954,CVE-2024-13084,2025-01-06,CVE-2024-50050,2025-04-29,5,0.05,0.00045,0.17473,0.0,0.00043,0.11007,0.0,0.06466,2
954,CVE-2024-13084,2025-01-06,CVE-2024-24795,2025-05-17,6,0.05,0.00045,0.17473,0.0,0.00043,0.11007,0.0,0.06466,3
955,CVE-2024-13085,2025-01-06,CVE-2024-35061,2025-04-11,2,0.05,0.00045,0.17473,0.0,0.00045,0.17473,0.0,0.0,1
955,CVE-2024-13085,2025-01-06,CVE-2024-12987,2025-05-17,6,0.05,0.00045,0.17473,0.0,0.00046,0.18383,0.0,0.009099999999999997,2
955,CVE-2024-13085,2025-01-06,CVE-2024-44871,2025-03-27,7,0.14999999999999963,0.00045,0.17473,0.0,0.0005,0.21091,0.0,0.03617999999999999,3
959,CVE-2024-13147,2025-03-05,CVE-2024-10525,2025-04-17,4,0.0,0.00091,0.41197,1.0,0.00068,0.32912,0.0,0.08284999999999998,1
960,CVE-2024-13148,2025-02-27,CVE-2024-10525,2025-04-17,8,0.0,0.00091,0.41126,1.0,0.00068,0.32839,0.0,0.08287,1
961,CVE-2024-13152,2025-02-14,CVE-2024-6298,2025-04-02,5,0.05,0.00091,0.40917,1.0,0.00091,0.40904,0.0,0.00012999999999996348,1
961,CVE-2024-13152,2025-02-14,CVE-2024-43102,2025-04-12,8,0.05,0.00091,0.40917,1.0,0.00091,0.40904,0.0,0.00012999999999996348,2
961,CVE-2024-13152,2025-02-14,CVE-2024-6209,2025-04-02,4,0.05,0.00091,0.40917,1.0,0.00087,0.39337,0.0,0.01579999999999998,3
962,CVE-2024-13159,2025-03-11,CVE-2024-21762,2025-04-13,3,0.05,0.01852,0.88356,0.0,0.03347,0.91467,0.0,0.03110999999999997,1
962,CVE-2024-13159,2025-03-11,CVE-2024-21410,2025-04-17,9,0.05,0.01852,0.88356,0.0,0.04739,0.92738,0.0,0.04381999999999997,2
962,CVE-2024-13159,2025-03-11,CVE-2024-11680,2025-04-14,4,0.05,0.01852,0.88356,0.0,0.46821,0.97618,0.0,0.09262000000000004,3
963,CVE-2024-13160,2025-03-11,CVE-2024-21410,2025-04-17,9,0.05,0.04186,0.92312,0.0,0.04739,0.92738,0.0,0.0042599999999999305,1
963,CVE-2024-13160,2025-03-11,CVE-2024-21762,2025-04-13,3,0.05,0.04186,0.92312,0.0,0.03347,0.91467,0.0,0.008450000000000069,2
963,CVE-2024-13160,2025-03-11,CVE-2024-11680,2025-04-14,4,0.05,0.04186,0.92312,0.0,0.46821,0.97618,0.0,0.053059999999999996,3
964,CVE-2024-13161,2025-03-11,CVE-2024-21410,2025-04-17,9,0.05,0.04186,0.92312,0.0,0.04739,0.92738,0.0,0.0042599999999999305,1
964,CVE-2024-13161,2025-03-11,CVE-2024-21762,2025-04-13,3,0.05,0.04186,0.92312,0.0,0.03347,0.91467,0.0,0.008450000000000069,2
964,CVE-2024-13161,2025-03-11,CVE-2024-11680,2025-04-14,4,0.05,0.04186,0.92312,0.0,0.46821,0.97618,0.0,0.053059999999999996,3
967,CVE-2024-13189,2025-01-08,CVE-2024-35061,2025-04-11,2,0.05,0.00045,0.17502,1.0,0.00045,0.17541,0.0,0.00039000000000000146,1
967,CVE-2024-13189,2025-01-08,CVE-2024-12987,2025-05-17,6,0.05,0.00045,0.17502,1.0,0.00046,0.1845,0.0,0.009479999999999988,2
967,CVE-2024-13189,2025-01-08,CVE-2024-44871,2025-03-27,7,0.14999999999999963,0.00045,0.17502,1.0,0.0005,0.2117,0.0,0.03667999999999999,3
968,CVE-2024-13190,2025-01-08,CVE-2024-47595,2025-04-09,2,0.05,0.00045,0.17502,1.0,0.00043,0.11128,0.0,0.06374,1
968,CVE-2024-13190,2025-01-08,CVE-2024-50050,2025-04-29,5,0.05,0.00045,0.17502,1.0,0.00043,0.11128,0.0,0.06374,2
968,CVE-2024-13190,2025-01-08,CVE-2024-24795,2025-05-17,6,0.05,0.00045,0.17502,1.0,0.00043,0.11128,0.0,0.06374,3
969,CVE-2024-13232,2025-03-05,CVE-2024-39304,2025-04-09,6,0.05,0.0005,0.22113,1.0,0.0005,0.221,0.0,0.00012999999999999123,1
969,CVE-2024-13232,2025-03-05,CVE-2024-48827,2025-04-06,4,0.05,0.0005,0.22113,1.0,0.00045,0.18325,0.0,0.03788,2
969,CVE-2024-13232,2025-03-05,CVE-2024-4058,2025-04-17,10,0.05,0.0005,0.22113,1.0,0.00058,0.27342,0.0,0.05229,3
983,CVE-2024-13315,2025-02-18,CVE-2024-39304,2025-04-09,12,0.05,0.00055,0.25964,1.0,0.0005,0.21763,0.0,0.04200999999999999,1
983,CVE-2024-13315,2025-02-18,CVE-2024-9054,2025-04-04,9,0.05,0.00055,0.25964,1.0,0.00064,0.30587,0.0,0.04622999999999999,2
983,CVE-2024-13315,2025-02-18,CVE-2024-48827,2025-04-06,10,0.05,0.00055,0.25964,1.0,0.00045,0.17981,0.0,0.07982999999999998,3
985,CVE-2024-13353,2025-02-21,CVE-2024-9054,2025-04-04,9,0.05,0.00066,0.31574,1.0,0.00064,0.30584,0.0,0.00990000000000002,1
985,CVE-2024-13353,2025-02-21,CVE-2024-24409,2025-04-09,11,0.05,0.00066,0.31574,1.0,0.00075,0.35338,0.0,0.03764000000000001,2
985,CVE-2024-13353,2025-02-21,CVE-2024-39304,2025-04-09,12,0.05,0.00066,0.31574,1.0,0.0005,0.2177,0.0,0.09804000000000002,3
986,CVE-2024-13359,2025-03-08,CVE-2024-36129,2025-05-13,8,0.14999999999999963,0.00063,0.30131,1.0,0.00062,0.29363,0.0,0.00768000000000002,1
986,CVE-2024-13359,2025-03-08,CVE-2024-43590,2025-04-14,12,0.3499999999999998,0.00063,0.30131,1.0,0.00048,0.20501,0.0,0.09630000000000002,2
988,CVE-2024-13373,2025-03-01,CVE-2024-42057,2025-05-13,8,0.05,0.00091,0.41122,1.0,0.0009,0.40602,0.0,0.005199999999999982,1
988,CVE-2024-13373,2025-03-01,CVE-2024-53961,2025-04-17,5,0.05,0.00091,0.41122,1.0,0.00095,0.42283,0.0,0.01161000000000001,2
990,CVE-2024-13376,2025-03-14,CVE-2024-4058,2025-04-17,4,0.05,0.0005,0.22185,1.0,0.00058,0.27458,0.0,0.05273,1
991,CVE-2024-13394,2025-01-15,CVE-2024-7801,2025-04-05,10,0.14999999999999963,0.00053,0.23744,1.0,0.00052,0.23272,0.0,0.004720000000000002,1
991,CVE-2024-13394,2025-01-15,CVE-2024-3935,2025-04-17,6,0.09999999999999964,0.00053,0.23744,1.0,0.00045,0.17612,0.0,0.06132000000000001,2
991,CVE-2024-13394,2025-01-15,CVE-2024-12342,2025-04-17,12,0.14999999999999963,0.00053,0.23744,1.0,0.00045,0.17612,0.0,0.06132000000000001,3
992,CVE-2024-13410,2025-03-19,CVE-2024-9142,2025-04-21,3,0.05,0.00098,0.24569,0.0,0.00116,0.27353,0.0,0.027840000000000004,1
992,CVE-2024-13410,2025-03-19,CVE-2024-6407,2025-04-22,4,0.05,0.00098,0.24569,0.0,0.00139,0.30569,0.0,0.060000000000000026,2
996,CVE-2024-13446,2025-03-12,CVE-2024-21894,2025-04-17,12,0.05,0.00091,0.41287,1.0,0.00105,0.45065,0.0,0.03777999999999998,1
996,CVE-2024-13446,2025-03-12,CVE-2024-10525,2025-04-17,1,0.0,0.00091,0.41287,1.0,0.00068,0.33005,0.0,0.08282,2
998,CVE-2024-13484,2025-01-28,CVE-2024-22257,2025-05-30,7,0.05,0.00043,0.11437,1.0,0.00043,0.11449,0.0,0.00011999999999999511,1
1002,CVE-2024-13556,2025-02-18,CVE-2024-42057,2025-05-13,10,0.05,0.00091,0.40935,1.0,0.0009,0.40413,0.0,0.005220000000000002,1
1002,CVE-2024-13556,2025-02-18,CVE-2024-53961,2025-04-17,7,0.05,0.00091,0.40935,1.0,0.00095,0.42094,0.0,0.01158999999999999,2
1008,CVE-2024-13654,2025-02-12,CVE-2024-36623,2025-05-09,12,0.05,0.00046,0.18407,0.0,0.00045,0.17783,0.0,0.006240000000000023,1
1008,CVE-2024-13654,2025-02-12,CVE-2024-0399,2025-04-16,9,0.05,0.00046,0.18407,0.0,0.00043,0.11476,0.0,0.06931000000000001,2
1009,CVE-2024-13655,2025-03-07,CVE-2024-36623,2025-05-09,5,0.05,0.00046,0.18975,1.0,0.00045,0.1835,0.0,0.0062500000000000056,1
1009,CVE-2024-13655,2025-03-07,CVE-2024-0399,2025-04-16,2,0.05,0.00046,0.18975,1.0,0.00043,0.11868,0.0,0.07107000000000001,2
1009,CVE-2024-13655,2025-03-07,CVE-2024-22257,2025-05-30,10,0.14999999999999963,0.00046,0.18975,1.0,0.00043,0.11868,0.0,0.07107000000000001,3
1010,CVE-2024-13656,2025-02-12,CVE-2024-36623,2025-05-09,12,0.05,0.00046,0.18407,0.0,0.00045,0.17783,0.0,0.006240000000000023,1
1010,CVE-2024-13656,2025-02-12,CVE-2024-0399,2025-04-16,9,0.05,0.00046,0.18407,0.0,0.00043,0.11476,0.0,0.06931000000000001,2
1011,CVE-2024-13677,2025-02-18,CVE-2024-4007,2025-04-03,8,0.05,0.00043,0.11678,0.0,0.00043,0.11678,0.0,0.0,1
1011,CVE-2024-13677,2025-02-18,CVE-2024-48827,2025-04-06,10,0.05,0.00043,0.11678,0.0,0.00045,0.17981,0.0,0.06303,2
1012,CVE-2024-13684,2025-02-18,CVE-2024-0399,2025-04-16,6,0.05,0.00043,0.11678,0.0,0.00043,0.11678,0.0,0.0,1
1012,CVE-2024-13684,2025-02-18,CVE-2024-36623,2025-05-09,9,0.05,0.00043,0.11678,0.0,0.00045,0.17981,0.0,0.06303,2
1014,CVE-2024-13709,2025-01-25,CVE-2024-46528,2025-03-27,1,0.05,0.00046,0.19261,0.0,0.00045,0.17773,0.0,0.014880000000000004,1
1014,CVE-2024-13709,2025-01-25,CVE-2024-12955,2025-04-17,4,0.05,0.00046,0.19261,0.0,0.00045,0.17773,0.0,0.014880000000000004,2
1014,CVE-2024-13709,2025-01-25,CVE-2024-56378,2025-05-17,8,0.05,0.00046,0.19261,0.0,0.00045,0.17773,0.0,0.014880000000000004,3
1019,CVE-2024-13744,2025-04-04,CVE-2024-36623,2025-05-09,1,0.05,0.0013,0.29411,0.0,0.00097,0.24432,0.0,0.04978999999999997,1
1019,CVE-2024-13744,2025-04-04,CVE-2024-54529,2025-05-10,9,0.3499999999999998,0.0013,0.29411,0.0,0.00076,0.20068,0.0,0.09342999999999999,2
1020,CVE-2024-13753,2025-02-20,CVE-2024-36623,2025-05-09,9,0.05,0.00058,0.26921,1.0,0.00045,0.1797,0.0,0.08951,1
1022,CVE-2024-13770,2025-02-13,CVE-2024-53961,2025-04-17,10,0.05,0.00071,0.3359,0.0,0.00095,0.41936,0.0,0.08346000000000003,1
1023,CVE-2024-13771,2025-03-14,CVE-2024-21894,2025-04-17,11,0.05,0.00091,0.41291,1.0,0.00105,0.45069,0.0,0.03777999999999998,1
1023,CVE-2024-13771,2025-03-14,CVE-2024-10525,2025-04-17,1,0.0,0.00091,0.41291,1.0,0.00068,0.33026,0.0,0.08265,2
1024,CVE-2024-13776,2025-04-05,CVE-2024-46954,2025-05-06,6,0.3499999999999998,0.00036,0.07244,0.0,0.00059,0.15516,0.0,0.08271999999999999,1
1025,CVE-2024-13777,2025-03-05,CVE-2024-36129,2025-05-13,10,0.14999999999999963,0.00071,0.34012,1.0,0.00062,0.29325,0.0,0.04686999999999997,1
1025,CVE-2024-13777,2025-03-05,CVE-2024-42057,2025-05-13,7,0.05,0.00071,0.34012,1.0,0.0009,0.40664,0.0,0.06652000000000002,2
1025,CVE-2024-13777,2025-03-05,CVE-2024-53961,2025-04-17,4,0.05,0.00071,0.34012,1.0,0.00095,0.42347,0.0,0.08335000000000004,3
1026,CVE-2024-13787,2025-03-05,CVE-2024-10525,2025-04-17,4,0.0,0.00071,0.34012,1.0,0.00068,0.32912,0.0,0.010999999999999954,1
1028,CVE-2024-13790,2025-03-19,CVE-2024-6407,2025-04-22,4,0.05,0.00179,0.36311,0.0,0.00139,0.30569,0.0,0.05741999999999997,1
1028,CVE-2024-13790,2025-03-19,CVE-2024-9142,2025-04-21,3,0.05,0.00179,0.36311,0.0,0.00116,0.27353,0.0,0.08957999999999999,2
1030,CVE-2024-13800,2025-02-12,CVE-2024-36623,2025-05-09,12,0.05,0.00046,0.18407,0.0,0.00045,0.17783,0.0,0.006240000000000023,1
1030,CVE-2024-13800,2025-02-12,CVE-2024-0399,2025-04-16,9,0.05,0.00046,0.18407,0.0,0.00043,0.11476,0.0,0.06931000000000001,2
1031,CVE-2024-13801,2025-03-26,CVE-2024-43085,2025-04-28,7,0.3499999999999998,0.00036,0.06858,0.0,9e-05,0.00397,0.0,0.06461,1
1031,CVE-2024-13801,2025-03-26,CVE-2024-46954,2025-05-06,8,0.3499999999999998,0.00036,0.06858,0.0,0.00059,0.1519,0.0,0.08332,2
1034,CVE-2024-13813,2025-02-11,CVE-2024-40892,2025-03-17,2,0.05,0.00043,0.11476,1.0,0.00043,0.1146,0.0,0.00016000000000000736,1
1034,CVE-2024-13813,2025-02-11,CVE-2024-48846,2025-04-16,4,0.05,0.00043,0.11476,1.0,0.00043,0.1146,0.0,0.00016000000000000736,2
1034,CVE-2024-13813,2025-02-11,CVE-2024-0150,2025-05-17,5,0.05,0.00043,0.11476,1.0,0.00043,0.1146,0.0,0.00016000000000000736,3
1035,CVE-2024-13824,2025-03-14,CVE-2024-10525,2025-04-17,1,0.0,0.00071,0.3412,1.0,0.00068,0.33026,0.0,0.010940000000000005,1
1036,CVE-2024-13830,2025-02-11,CVE-2024-38796,2025-04-23,6,0.24999999999999928,0.00043,0.11476,1.0,0.00043,0.1146,0.0,0.00016000000000000736,1
1036,CVE-2024-13830,2025-02-11,CVE-2024-29018,2025-05-09,7,0.24999999999999928,0.00043,0.11476,1.0,0.00043,0.1146,0.0,0.00016000000000000736,2
1036,CVE-2024-13830,2025-02-11,CVE-2024-47595,2025-04-09,8,0.25000000000000017,0.00043,0.11476,1.0,0.00043,0.1146,0.0,0.00016000000000000736,3
1037,CVE-2024-13842,2025-02-11,CVE-2024-38796,2025-04-23,5,0.14999999999999963,0.00043,0.11476,1.0,0.00043,0.1146,0.0,0.00016000000000000736,1
1037,CVE-2024-13842,2025-02-11,CVE-2024-29018,2025-05-09,7,0.14999999999999963,0.00043,0.11476,1.0,0.00043,0.1146,0.0,0.00016000000000000736,2
1037,CVE-2024-13842,2025-02-11,CVE-2024-8929,2025-04-10,9,0.25000000000000017,0.00043,0.11476,1.0,0.00043,0.1146,0.0,0.00016000000000000736,3
1038,CVE-2024-13843,2025-02-11,CVE-2024-38796,2025-04-23,5,0.14999999999999963,0.00043,0.11476,1.0,0.00043,0.1146,0.0,0.00016000000000000736,1
1038,CVE-2024-13843,2025-02-11,CVE-2024-29018,2025-05-09,7,0.14999999999999963,0.00043,0.11476,1.0,0.00043,0.1146,0.0,0.00016000000000000736,2
1038,CVE-2024-13843,2025-02-11,CVE-2024-8929,2025-04-10,9,0.25000000000000017,0.00043,0.11476,1.0,0.00043,0.1146,0.0,0.00016000000000000736,3
1040,CVE-2024-13852,2025-02-18,CVE-2024-48827,2025-04-06,10,0.05,0.00045,0.17981,0.0,0.00045,0.17981,0.0,0.0,1
1040,CVE-2024-13852,2025-02-18,CVE-2024-39304,2025-04-09,12,0.05,0.00045,0.17981,0.0,0.0005,0.21763,0.0,0.03781999999999999,2
1040,CVE-2024-13852,2025-02-18,CVE-2024-4007,2025-04-03,8,0.05,0.00045,0.17981,0.0,0.00043,0.11678,0.0,0.06303,3
1041,CVE-2024-13882,2025-03-08,CVE-2024-39304,2025-04-09,4,0.05,0.0005,0.22137,1.0,0.0005,0.22138,0.0,9.999999999982245e-06,1
1041,CVE-2024-13882,2025-03-08,CVE-2024-4058,2025-04-17,8,0.05,0.0005,0.22137,1.0,0.00058,0.27382,0.0,0.05245,2
1042,CVE-2024-13913,2025-03-14,CVE-2024-4058,2025-04-17,4,0.05,0.00054,0.25856,1.0,0.00058,0.27458,0.0,0.01601999999999998,1
1042,CVE-2024-13913,2025-03-14,CVE-2024-38814,2025-04-17,3,0.05,0.00054,0.25856,1.0,0.00069,0.33352,0.0,0.07495999999999997,2
1042,CVE-2024-13913,2025-03-14,CVE-2024-11392,2025-04-16,2,0.05,0.00054,0.25856,1.0,0.00075,0.3564,0.0,0.09783999999999998,3
1043,CVE-2024-13918,2025-03-10,CVE-2024-36623,2025-05-09,6,0.14999999999999963,0.00045,0.18339,1.0,0.00045,0.18337,0.0,1.9999999999992246e-05,1
1043,CVE-2024-13918,2025-03-10,CVE-2024-43590,2025-04-14,11,0.25000000000000017,0.00045,0.18339,1.0,0.00048,0.20477,0.0,0.02138000000000001,2
1043,CVE-2024-13918,2025-03-10,CVE-2024-26170,2025-04-16,12,0.25000000000000017,0.00045,0.18339,1.0,0.00052,0.24014,0.0,0.056749999999999995,3
1044,CVE-2024-13919,2025-03-10,CVE-2024-36623,2025-05-09,6,0.14999999999999963,0.00045,0.18339,1.0,0.00045,0.18337,0.0,1.9999999999992246e-05,1
1044,CVE-2024-13919,2025-03-10,CVE-2024-43590,2025-04-14,11,0.25000000000000017,0.00045,0.18339,1.0,0.00048,0.20477,0.0,0.02138000000000001,2
1044,CVE-2024-13919,2025-03-10,CVE-2024-26170,2025-04-16,12,0.25000000000000017,0.00045,0.18339,1.0,0.00052,0.24014,0.0,0.056749999999999995,3
1046,CVE-2024-13933,2025-03-19,CVE-2024-43201,2025-05-04,4,0.05,0.00057,0.14609,0.0,0.00056,0.14491,0.0,0.0011799999999999866,1
1046,CVE-2024-13933,2025-03-19,CVE-2024-21113,2025-05-01,3,0.05,0.00057,0.14609,0.0,0.00072,0.18982,0.0,0.04372999999999999,2
1058,CVE-2024-20272,2025-04-17,CVE-2024-47461,2025-05-23,2,0.14999999999999963,0.00262,0.49396,0.0,0.00251,0.4846,0.0,0.009360000000000035,1
1058,CVE-2024-20272,2025-04-17,CVE-2024-22257,2025-05-30,9,0.9499999999999995,0.00262,0.49396,0.0,0.00192,0.41792,0.0,0.07604,2
1059,CVE-2024-20397,2025-02-06,CVE-2024-44762,2025-04-03,3,0.14999999999999963,0.00043,0.11479,0.0,0.00043,0.11479,0.0,0.0,1
1059,CVE-2024-20397,2025-02-06,CVE-2024-54096,2025-04-28,9,0.14999999999999963,0.00043,0.11479,0.0,0.00043,0.11479,0.0,0.0,2
1059,CVE-2024-20397,2025-02-06,CVE-2024-6383,2025-05-17,11,0.14999999999999963,0.00043,0.11479,0.0,0.00043,0.11479,0.0,0.0,3
1060,CVE-2024-20418,2024-11-07,CVE-2024-51378,2024-12-16,8,0.0,0.00043,0.09989,0.0,0.00044,0.11348,0.0,0.013589999999999991,1
1061,CVE-2024-20419,2025-04-10,CVE-2024-1709,2025-05-29,1,0.05,0.83027,0.99211,0.0,0.94123,0.99901,0.0,0.006899999999999906,1
1061,CVE-2024-20419,2025-04-10,CVE-2024-27198,2025-05-13,2,0.24999999999999928,0.83027,0.99211,0.0,0.94582,1.0,0.0,0.007889999999999953,2
1061,CVE-2024-20419,2025-04-10,CVE-2024-29943,2025-05-19,3,0.24999999999999928,0.83027,0.99211,0.0,0.23938,0.95584,0.0,0.036270000000000024,3
1062,CVE-2024-20439,2025-03-20,CVE-2024-27198,2025-05-13,8,0.05,0.8321,0.99256,0.0,0.94582,1.0,0.0,0.007440000000000002,1
1062,CVE-2024-20439,2025-03-20,CVE-2024-21591,2025-05-07,7,0.05,0.8321,0.99256,0.0,0.0694,0.9064,0.0,0.08616000000000001,2
1063,CVE-2024-20440,2025-03-20,CVE-2024-39894,2025-05-07,7,0.05,0.72559,0.98719,0.0,0.0944,0.92144,0.0,0.06574999999999998,1
1064,CVE-2024-20481,2025-01-22,CVE-2024-8945,2025-03-28,10,0.3499999999999998,0.00181,0.55897,0.0,0.00164,0.53817,0.0,0.02079999999999993,1
1065,CVE-2024-2054,2025-04-09,CVE-2024-1709,2025-05-29,11,0.24999999999999928,0.81671,0.99146,0.0,0.94123,0.99902,0.0,0.007560000000000011,1
1065,CVE-2024-2054,2025-04-09,CVE-2024-27198,2025-05-13,1,0.05,0.81671,0.99146,0.0,0.94582,1.0,0.0,0.008539999999999992,2
1065,CVE-2024-2054,2025-04-09,CVE-2024-29943,2025-05-19,2,0.05,0.81671,0.99146,0.0,0.23938,0.95582,0.0,0.035640000000000005,3
1074,CVE-2024-21410,2025-04-17,CVE-2024-37014,2025-05-19,1,0.0,0.01258,0.78258,0.0,0.02498,0.84441,0.0,0.06182999999999994,1
1076,CVE-2024-21413,2025-02-06,CVE-2024-29943,2025-05-19,8,0.0,0.00053,0.23848,0.0,0.00046,0.18417,0.0,0.05431,1
1091,CVE-2024-21762,2025-04-13,CVE-2024-1709,2025-05-29,10,0.24999999999999928,0.90724,0.99609,0.0,0.94123,0.99903,0.0,0.0029399999999999427,1
1091,CVE-2024-21762,2025-04-13,CVE-2024-29943,2025-05-19,6,0.05,0.90724,0.99609,0.0,0.23938,0.95588,0.0,0.04021000000000008,2
1091,CVE-2024-21762,2025-04-13,CVE-2024-5274,2025-05-16,11,0.25000000000000105,0.90724,0.99609,0.0,0.17325,0.94529,0.0,0.05080000000000007,3
1093,CVE-2024-21887,2025-04-03,CVE-2024-29943,2025-05-19,11,0.7000000000000011,0.94416,0.99978,0.0,0.23938,0.95573,0.0,0.044050000000000034,1
1093,CVE-2024-21887,2025-04-03,CVE-2024-5274,2025-05-16,9,0.55,0.94416,0.99978,0.0,0.17325,0.94517,0.0,0.05461000000000005,2
1093,CVE-2024-21887,2025-04-03,CVE-2024-31989,2025-05-09,5,0.14999999999999963,0.94416,0.99978,0.0,0.08724,0.91684,0.0,0.08294000000000001,3
1094,CVE-2024-21894,2025-04-17,CVE-2024-29943,2025-05-19,4,0.05,0.12221,0.93429,0.0,0.17035,0.94559,0.0,0.011300000000000088,1
1094,CVE-2024-21894,2025-04-17,CVE-2024-1709,2025-05-29,11,0.24999999999999928,0.12221,0.93429,0.0,0.94364,0.9995,0.0,0.0652100000000001,2
1094,CVE-2024-21894,2025-04-17,CVE-2024-37014,2025-05-19,1,0.0,0.12221,0.93429,0.0,0.02498,0.84441,0.0,0.08987999999999996,3
1095,CVE-2024-21924,2025-02-11,CVE-2024-22257,2025-05-30,5,0.05,0.00043,0.11476,1.0,0.00043,0.1146,0.0,0.00016000000000000736,1
1096,CVE-2024-21925,2025-02-11,CVE-2024-22257,2025-05-30,5,0.05,0.00043,0.11476,1.0,0.00043,0.1146,0.0,0.00016000000000000736,1
1105,CVE-2024-23108,2025-04-21,CVE-2024-1709,2025-05-29,1,0.05,0.89786,0.99519,0.0,0.94364,0.99951,0.0,0.0043199999999999905,1
1107,CVE-2024-23222,2025-01-27,CVE-2024-7399,2025-05-06,2,0.0,0.0013,0.48907,0.0,0.00097,0.42159,0.0,0.06747999999999998,1
1108,CVE-2024-23346,2025-04-15,CVE-2024-29943,2025-05-19,7,0.55,0.28283,0.96159,0.0,0.17035,0.94542,0.0,0.016169999999999907,1
1109,CVE-2024-23692,2025-03-28,CVE-2024-27198,2025-05-13,3,0.05,0.94336,0.99948,0.0,0.94582,1.0,0.0,0.0005199999999999649,1
1109,CVE-2024-23692,2025-03-28,CVE-2024-29943,2025-05-19,4,0.05,0.94336,0.99948,0.0,0.24595,0.95667,0.0,0.042810000000000015,2
1109,CVE-2024-23692,2025-03-28,CVE-2024-21591,2025-05-07,2,0.05,0.94336,0.99948,0.0,0.0694,0.90548,0.0,0.09400000000000008,3
1110,CVE-2024-23733,2025-04-16,CVE-2024-29944,2025-05-19,12,0.9500000000000004,0.00121,0.32349,0.0,0.00102,0.29365,0.0,0.029839999999999978,1
1110,CVE-2024-23733,2025-04-16,CVE-2024-22257,2025-05-30,11,0.7499999999999993,0.00121,0.32349,0.0,0.00192,0.41724,0.0,0.09375,2
1116,CVE-2024-23922,2025-04-08,CVE-2024-6484,2025-05-17,10,0.44999999999999946,0.00149,0.32188,0.0,0.00149,0.32244,0.0,0.0005600000000000049,1
1116,CVE-2024-23922,2025-04-08,CVE-2024-36621,2025-05-09,4,0.3499999999999998,0.00149,0.32188,0.0,0.00097,0.2438,0.0,0.07808000000000001,2
1116,CVE-2024-23922,2025-04-08,CVE-2024-33663,2025-05-11,6,0.3499999999999998,0.00149,0.32188,0.0,0.00093,0.23656,0.0,0.08532000000000001,3
1119,CVE-2024-23942,2025-03-18,CVE-2024-0150,2025-05-17,1,0.05,0.00013,0.0106,0.0,0.0002,0.02977,0.0,0.01917,1
1119,CVE-2024-23942,2025-03-18,CVE-2024-24582,2025-04-23,10,0.45000000000000034,0.00013,0.0106,0.0,0.00024,0.03951,0.0,0.028910000000000005,2
1128,CVE-2024-24409,2025-04-09,CVE-2024-22257,2025-05-30,11,0.6500000000000015,0.00317,0.51835,0.0,0.00237,0.4408,0.0,0.07754999999999995,1
1134,CVE-2024-24582,2025-04-23,CVE-2024-39338,2025-05-27,1,0.0,0.00028,0.06168,0.0,0.00026,0.05352,0.0,0.00816,1
1134,CVE-2024-24582,2025-04-23,CVE-2024-46687,2025-05-26,2,0.2999999999999998,0.00028,0.06168,0.0,0.00043,0.12832,0.0,0.06663999999999999,2
1135,CVE-2024-24691,2025-04-17,CVE-2024-48061,2025-05-19,4,0.20000000000000107,0.00344,0.56107,0.0,0.00432,0.61489,0.0,0.05382000000000009,1
1135,CVE-2024-24691,2025-04-17,CVE-2024-42835,2025-05-19,3,0.20000000000000107,0.00344,0.56107,0.0,0.00475,0.63495,0.0,0.07388000000000006,2
1135,CVE-2024-24691,2025-04-17,CVE-2024-42509,2025-05-23,7,0.25000000000000105,0.00344,0.56107,0.0,0.00246,0.47957,0.0,0.08149999999999996,3
1140,CVE-2024-24919,2025-02-20,CVE-2024-28995,2025-04-17,5,0.05,0.96392,0.99713,0.0,0.96995,0.99854,0.0,0.0014100000000000223,1
1146,CVE-2024-2550,2024-12-27,CVE-2024-39894,2025-05-07,6,0.0,0.00043,0.10932,0.0,0.00044,0.14767,0.0,0.038349999999999995,1
1147,CVE-2024-25641,2025-04-15,CVE-2024-29943,2025-05-19,7,0.7500000000000011,0.77883,0.98919,0.0,0.17035,0.94542,0.0,0.043769999999999976,1
1153,CVE-2024-26170,2025-04-16,CVE-2024-21325,2025-05-19,3,0.0,0.01318,0.78724,0.0,0.00814,0.72981,0.0,0.05743000000000009,1
1164,CVE-2024-27348,2025-04-09,CVE-2024-1709,2025-05-29,11,0.24999999999999928,0.93863,0.99865,0.0,0.94123,0.99902,0.0,0.00036999999999998145,1
1164,CVE-2024-27348,2025-04-09,CVE-2024-27198,2025-05-13,1,0.05,0.93863,0.99865,0.0,0.94582,1.0,0.0,0.0013499999999999623,2
1164,CVE-2024-27348,2025-04-09,CVE-2024-29943,2025-05-19,2,0.05,0.93863,0.99865,0.0,0.23938,0.95582,0.0,0.042830000000000035,3
1171,CVE-2024-27746,2024-03-03,CVE-2024-2054,2025-04-09,8,0.0,0.00045,0.12438,0.0,0.00043,0.07027,3.0,0.054110000000000005,1
1172,CVE-2024-27747,2024-03-03,CVE-2024-2054,2025-04-09,8,0.0,0.00045,0.12438,0.0,0.00043,0.07027,3.0,0.054110000000000005,1
1174,CVE-2024-27876,2025-04-24,CVE-2024-46687,2025-05-26,5,2.55,0.00055,0.17409,0.0,0.00043,0.1284,0.0,0.04569000000000001,1
1176,CVE-2024-28020,2024-10-30,CVE-2024-42845,2024-12-15,6,0.0,0.0005,0.20339,0.0,0.00045,0.16722,0.0,0.03616999999999998,1
1177,CVE-2024-28595,2024-03-20,CVE-2024-2054,2025-04-09,7,0.0,0.00043,0.07283,0.0,0.00043,0.07283,0.0,0.0,1
1178,CVE-2024-28726,2024-11-13,CVE-2024-42845,2024-12-15,1,0.0,0.00043,0.101,0.0,0.00045,0.16905,0.0,0.06805,1
1179,CVE-2024-28777,2025-02-19,CVE-2024-39304,2025-04-09,12,0.05,0.0005,0.21763,1.0,0.0005,0.21771,0.0,7.999999999999674e-05,1
1179,CVE-2024-28777,2025-02-19,CVE-2024-48827,2025-04-06,10,0.05,0.0005,0.21763,1.0,0.00045,0.17984,0.0,0.03778999999999999,2
1179,CVE-2024-28777,2025-02-19,CVE-2024-9054,2025-04-04,9,0.05,0.0005,0.21763,1.0,0.00064,0.30594,0.0,0.08831,3
1183,CVE-2024-28991,2025-04-17,CVE-2024-29943,2025-05-19,7,0.8500000000000008,0.21307,0.95282,0.0,0.17035,0.94559,0.0,0.007229999999999959,1
1184,CVE-2024-28995,2025-04-17,CVE-2024-20656,2025-05-18,8,0.8499999999999999,0.94441,0.99987,0.0,0.62083,0.98207,0.0,0.017800000000000038,1
1184,CVE-2024-28995,2025-04-17,CVE-2024-20698,2025-05-18,9,0.8499999999999999,0.94441,0.99987,0.0,0.17205,0.94599,0.0,0.05388000000000004,2
1188,CVE-2024-29059,2025-02-05,CVE-2024-20440,2025-03-20,1,0.0,0.69858,0.98245,0.0,0.05659,0.93296,0.0,0.049490000000000034,1
1192,CVE-2024-2973,2025-02-18,CVE-2024-41110,2025-05-09,11,0.14999999999999963,0.00043,0.11678,0.0,0.00045,0.1659,0.0,0.04912,1
1195,CVE-2024-29849,2025-03-19,CVE-2024-27198,2025-05-13,12,0.05,0.6332,0.98206,0.0,0.94582,1.0,0.0,0.017939999999999956,1
1195,CVE-2024-29849,2025-03-19,CVE-2024-21591,2025-05-07,11,0.05,0.6332,0.98206,0.0,0.0694,0.90275,0.0,0.07930999999999999,2
1199,CVE-2024-30078,2024-06-25,CVE-2024-5836,2024-10-17,11,0.05,0.00052,0.20388,0.0,0.00054,0.21967,0.0,0.01579,1
1199,CVE-2024-30078,2024-06-25,CVE-2024-21113,2025-05-01,1,0.0,0.00052,0.20388,0.0,0.00046,0.163,0.0,0.04088,2
1203,CVE-2024-30896,2025-04-08,CVE-2024-37014,2025-05-19,11,0.7500000000000011,0.0305,0.85539,0.0,0.01989,0.82082,0.0,0.03456999999999999,1
1203,CVE-2024-30896,2025-04-08,CVE-2024-37051,2025-05-16,6,0.25000000000000105,0.0305,0.85539,0.0,0.05467,0.89269,0.0,0.0373,2
1203,CVE-2024-30896,2025-04-08,CVE-2024-31989,2025-05-09,3,0.14999999999999963,0.0305,0.85539,0.0,0.08724,0.91687,0.0,0.06147999999999998,3
1210,CVE-2024-32113,2024-05-19,CVE-2024-27348,2025-04-09,7,0.0,0.00045,0.14805,0.0,0.00045,0.14805,0.0,0.0,1
1217,CVE-2024-32896,2024-06-24,CVE-2024-21325,2025-05-19,12,0.0,0.00083,0.35603,0.0,0.00113,0.45121,0.0,0.09517999999999999,1
1220,CVE-2024-33559,2024-05-19,CVE-2024-23346,2025-04-15,1,0.0,0.00043,0.08596,0.0,0.00045,0.14805,0.0,0.06208999999999999,1
1225,CVE-2024-33896,2025-04-10,CVE-2024-26173,2025-05-16,9,0.6499999999999997,0.00848,0.72869,0.0,0.00862,0.73096,0.0,0.0022700000000001053,1
1225,CVE-2024-33896,2025-04-10,CVE-2024-43452,2025-05-16,6,0.3499999999999998,0.00848,0.72869,0.0,0.00653,0.68653,0.0,0.042159999999999975,2
1225,CVE-2024-33896,2025-04-10,CVE-2024-26178,2025-05-16,10,0.6499999999999997,0.00848,0.72869,0.0,0.0059,0.66812,0.0,0.0605699999999999,3
1226,CVE-2024-3393,2024-12-27,CVE-2024-39894,2025-05-07,6,0.0,0.00043,0.1094,1.0,0.00044,0.14767,0.0,0.03827,1
1229,CVE-2024-34331,2025-02-24,CVE-2024-29943,2025-05-19,1,0.0,0.00043,0.11721,0.0,0.00046,0.18564,0.0,0.06843,1
1231,CVE-2024-34669,2024-10-30,CVE-2024-8376,2025-04-17,6,0.0,0.00043,0.09909,0.0,0.00044,0.11229,0.0,0.013200000000000003,1
1238,CVE-2024-35057,2025-04-11,CVE-2024-39338,2025-05-27,3,0.05,0.00025,0.04061,0.0,0.00024,0.03776,0.0,0.0028499999999999984,1
1239,CVE-2024-35058,2025-04-11,CVE-2024-39338,2025-05-27,3,0.05,0.00046,0.11125,0.0,0.00024,0.03776,0.0,0.07349,1
1240,CVE-2024-35059,2025-04-11,CVE-2024-39338,2025-05-27,3,0.05,0.0004,0.08846,0.0,0.00024,0.03776,0.0,0.050699999999999995,1
1241,CVE-2024-35060,2025-04-11,CVE-2024-39338,2025-05-27,3,0.05,0.0004,0.08846,0.0,0.00024,0.03776,0.0,0.050699999999999995,1
1242,CVE-2024-35061,2025-04-11,CVE-2024-26178,2025-05-16,10,0.5,0.00614,0.67549,0.0,0.00639,0.68245,0.0,0.006959999999999966,1
1242,CVE-2024-35061,2025-04-11,CVE-2024-26182,2025-05-16,11,0.5,0.00614,0.67549,0.0,0.00639,0.68245,0.0,0.006959999999999966,2
1242,CVE-2024-35061,2025-04-11,CVE-2024-43452,2025-05-16,4,0.20000000000000018,0.00614,0.67549,0.0,0.00727,0.70414,0.0,0.028649999999999953,3
1243,CVE-2024-35133,2025-04-05,CVE-2024-7264,2025-05-27,11,0.3499999999999998,0.0165,0.80408,0.0,0.01325,0.78201,0.0,0.022070000000000034,1
1243,CVE-2024-35133,2025-04-05,CVE-2024-9676,2025-05-09,8,0.3499999999999998,0.0165,0.80408,0.0,0.02605,0.84364,0.0,0.03955999999999993,2
1250,CVE-2024-35539,2025-04-10,CVE-2024-33663,2025-05-11,1,0.05,0.00115,0.2724,0.0,0.00093,0.23714,0.0,0.035259999999999986,1
1250,CVE-2024-35539,2025-04-10,CVE-2024-6484,2025-05-17,5,0.14999999999999963,0.00115,0.2724,0.0,0.00149,0.32314,0.0,0.05074000000000001,2
1257,CVE-2024-36401,2025-04-17,CVE-2024-1709,2025-05-29,11,0.24999999999999928,0.94418,0.99975,0.0,0.94364,0.9995,0.0,0.00024999999999997247,1
1257,CVE-2024-36401,2025-04-17,CVE-2024-29943,2025-05-19,4,0.05,0.94418,0.99975,0.0,0.17035,0.94559,0.0,0.054159999999999986,2
1258,CVE-2024-36424,2025-04-10,CVE-2024-26177,2025-05-16,1,0.05,0.03701,0.86913,0.0,0.01474,0.7929,0.0,0.07622999999999991,1
1267,CVE-2024-37085,2025-04-17,CVE-2024-20656,2025-05-18,10,1.3,0.55217,0.97871,0.0,0.62083,0.98207,0.0,0.0033600000000000296,1
1267,CVE-2024-37085,2025-04-17,CVE-2024-20698,2025-05-18,11,1.3,0.55217,0.97871,0.0,0.17205,0.94599,0.0,0.03271999999999997,2
1274,CVE-2024-37361,2025-02-20,CVE-2024-41110,2025-05-09,2,0.05,0.00043,0.11709,0.0,0.00045,0.16622,0.0,0.04913000000000001,1
1275,CVE-2024-37383,2024-10-15,CVE-2024-42831,2025-04-02,4,0.05,0.00045,0.1644,0.0,0.00045,0.1644,0.0,0.0,1
1275,CVE-2024-37383,2024-10-15,CVE-2024-37732,2025-04-09,6,0.05,0.00045,0.1644,0.0,0.00046,0.17845,0.0,0.014050000000000007,2
1275,CVE-2024-37383,2024-10-15,CVE-2024-43687,2025-04-04,5,0.05,0.00045,0.1644,0.0,0.00043,0.09705,0.0,0.06735,3
1278,CVE-2024-37567,2025-02-28,CVE-2024-30896,2025-04-08,8,0.05,0.00043,0.11771,0.0,0.00043,0.11771,0.0,0.0,1
1278,CVE-2024-37567,2025-02-28,CVE-2024-53537,2025-04-14,9,0.05,0.00043,0.11771,0.0,0.00043,0.11771,0.0,0.0,2
1278,CVE-2024-37567,2025-02-28,CVE-2024-38475,2025-04-25,11,0.05,0.00043,0.11771,0.0,0.00043,0.11771,0.0,0.0,3
1279,CVE-2024-37732,2025-04-09,CVE-2024-6485,2025-05-17,3,0.3500000000000007,0.00391,0.57377,0.0,0.00312,0.51457,0.0,0.05920000000000003,1
1279,CVE-2024-37732,2025-04-09,CVE-2024-6531,2025-05-17,4,0.3500000000000007,0.00391,0.57377,0.0,0.00312,0.51457,0.0,0.05920000000000003,2
1282,CVE-2024-38030,2025-01-14,CVE-2024-38200,2025-04-03,2,0.05,0.00351,0.71722,0.0,0.00276,0.67937,0.0,0.03784999999999994,1
1283,CVE-2024-38058,2025-01-15,CVE-2024-24557,2025-05-09,9,0.15000000000000052,0.00048,0.19691,0.0,0.00053,0.23928,0.0,0.04236999999999999,1
1283,CVE-2024-38058,2025-01-15,CVE-2024-23922,2025-04-08,3,0.05,0.00048,0.19691,0.0,0.00058,0.26794,0.0,0.07103000000000001,2
1283,CVE-2024-38058,2025-01-15,CVE-2024-40893,2025-03-17,1,0.05,0.00048,0.19691,0.0,0.00043,0.11546,0.0,0.08145000000000001,3
1284,CVE-2024-38063,2024-08-14,CVE-2024-6407,2025-04-22,7,0.0,0.00091,0.39582,0.0,0.00087,0.37673,0.0,0.019089999999999996,1
1284,CVE-2024-38063,2024-08-14,CVE-2024-4885,2025-03-04,3,0.0,0.00091,0.39582,0.0,0.00072,0.31814,0.0,0.07768000000000003,2
1285,CVE-2024-38106,2024-09-10,CVE-2024-40892,2025-03-17,6,0.14999999999999963,0.00043,0.10066,0.0,0.00043,0.09537,0.0,0.005290000000000003,1
1285,CVE-2024-38106,2024-09-10,CVE-2024-38227,2024-10-17,10,0.20000000000000018,0.00043,0.10066,0.0,0.00049,0.19586,1.0,0.0952,2
1286,CVE-2024-38112,2025-04-17,CVE-2024-20656,2025-05-18,3,0.3499999999999998,0.91779,0.99653,0.0,0.62083,0.98207,0.0,0.014460000000000028,1
1286,CVE-2024-38112,2025-04-17,CVE-2024-20698,2025-05-18,4,0.3499999999999998,0.91779,0.99653,0.0,0.17205,0.94599,0.0,0.05054000000000003,2
1288,CVE-2024-38193,2025-04-17,CVE-2024-20656,2025-05-18,1,0.05,0.82355,0.99155,0.0,0.62083,0.98207,0.0,0.009480000000000044,1
1288,CVE-2024-38193,2025-04-17,CVE-2024-20698,2025-05-18,2,0.05,0.82355,0.99155,0.0,0.17205,0.94599,0.0,0.045560000000000045,2
1290,CVE-2024-38213,2025-01-21,CVE-2024-38200,2025-04-03,2,0.05,0.00311,0.69878,0.0,0.00276,0.68001,0.0,0.018769999999999953,1
1291,CVE-2024-38227,2024-10-17,CVE-2024-41710,2025-01-29,9,0.05,0.00046,0.1686,0.0,0.00045,0.16432,0.0,0.004280000000000006,1
1291,CVE-2024-38227,2024-10-17,CVE-2024-44871,2025-03-27,11,0.05,0.00046,0.1686,0.0,0.0005,0.2016,0.0,0.033,2
1292,CVE-2024-38291,2025-02-28,CVE-2024-4007,2025-04-03,6,0.05,0.00043,0.11771,0.0,0.00043,0.11771,0.0,0.0,1
1292,CVE-2024-38291,2025-02-28,CVE-2024-48827,2025-04-06,8,0.05,0.00043,0.11771,0.0,0.00045,0.18251,0.0,0.06480000000000001,2
1294,CVE-2024-38310,2025-02-12,CVE-2024-22257,2025-05-30,5,0.05,0.00043,0.11499,1.0,0.00043,0.11476,0.0,0.0002299999999999941,1
1296,CVE-2024-38392,2025-04-03,CVE-2024-4990,2025-05-05,2,0.05,0.00053,0.13747,0.0,0.0008,0.20856,0.0,0.07108999999999999,1
1298,CVE-2024-38475,2025-04-25,CVE-2024-1709,2025-05-29,5,0.9500000000000004,0.6298,0.98244,0.0,0.94364,0.99952,0.0,0.017079999999999984,1
1300,CVE-2024-38526,2024-10-09,CVE-2024-44871,2025-03-27,11,0.05,0.00065,0.29462,0.0,0.0005,0.20081,0.0,0.09381,1
1305,CVE-2024-38796,2025-04-23,CVE-2024-46687,2025-05-26,5,2.1499999999999995,0.00043,0.1272,0.0,0.00043,0.12832,0.0,0.0011199999999999821,1
1305,CVE-2024-38796,2025-04-23,CVE-2024-39338,2025-05-27,4,1.8499999999999996,0.00043,0.1272,0.0,0.00026,0.05352,0.0,0.07368000000000001,2
1306,CVE-2024-38812,2025-03-04,CVE-2024-2054,2025-04-09,8,0.05,0.00416,0.74261,0.0,0.00453,0.75379,0.0,0.011179999999999968,1
1307,CVE-2024-38813,2025-03-04,CVE-2024-38112,2025-04-17,12,0.05,0.00416,0.74261,0.0,0.00498,0.76485,0.0,0.022240000000000038,1
1308,CVE-2024-38814,2025-04-17,CVE-2024-21325,2025-05-19,10,1.050000000000001,0.01178,0.77559,0.0,0.00814,0.73008,0.0,0.04551000000000005,1
1309,CVE-2024-38944,2025-04-09,CVE-2024-37014,2025-05-19,3,0.05,0.01672,0.80532,0.0,0.01989,0.82095,0.0,0.01562999999999992,1
1310,CVE-2024-39143,2025-04-09,CVE-2024-6383,2025-05-17,10,0.15000000000000052,0.00126,0.28794,0.0,0.00163,0.33985,0.0,0.05191000000000001,1
1310,CVE-2024-39143,2025-04-09,CVE-2024-26626,2025-05-20,7,0.14999999999999963,0.00126,0.28794,0.0,0.00091,0.23259,0.0,0.05534999999999998,2
1310,CVE-2024-39143,2025-04-09,CVE-2024-26627,2025-05-20,8,0.14999999999999963,0.00126,0.28794,0.0,0.0009,0.23147,0.0,0.056469999999999965,3
1311,CVE-2024-39272,2025-02-06,CVE-2024-47460,2025-05-23,7,0.05,0.00043,0.11478,1.0,0.00043,0.11479,0.0,1.0000000000010001e-05,1
1311,CVE-2024-39272,2025-02-06,CVE-2024-31989,2025-05-09,6,0.05,0.00043,0.11478,1.0,0.00042,0.05099,0.0,0.06378999999999999,2
1312,CVE-2024-39304,2025-04-09,CVE-2024-1708,2025-05-13,8,0.45000000000000034,0.20878,0.95148,0.0,0.76932,0.98905,0.0,0.03756999999999999,1
1313,CVE-2024-39327,2025-02-18,CVE-2024-41110,2025-05-09,2,0.05,0.00043,0.11699,1.0,0.00045,0.1659,0.0,0.048909999999999995,1
1315,CVE-2024-3935,2025-04-17,CVE-2024-47461,2025-05-23,5,1.0000000000000002,0.00203,0.42963,0.0,0.00251,0.4846,0.0,0.05496999999999996,1
1315,CVE-2024-3935,2025-04-17,CVE-2024-29073,2025-05-18,9,1.2500000000000002,0.00203,0.42963,0.0,0.00133,0.34348,0.0,0.08615,2
1316,CVE-2024-39368,2024-11-13,CVE-2024-42845,2024-12-15,1,0.0,0.00043,0.10146,1.0,0.00045,0.16905,0.0,0.06759000000000001,1
1331,CVE-2024-39780,2025-04-02,CVE-2024-29944,2025-05-19,3,0.05,0.00063,0.16806,0.0,0.00066,0.1766,0.0,0.00854000000000002,1
1331,CVE-2024-39780,2025-04-02,CVE-2024-43201,2025-05-04,12,0.45000000000000034,0.00063,0.16806,0.0,0.00056,0.14649,0.0,0.021569999999999978,2
1331,CVE-2024-39780,2025-04-02,CVE-2024-39936,2025-05-17,5,0.24999999999999928,0.00063,0.16806,0.0,0.00081,0.21022,0.0,0.04216,3
1354,CVE-2024-4007,2025-04-03,CVE-2024-39936,2025-05-17,10,0.25000000000000105,0.00087,0.22407,0.0,0.00081,0.21041,0.0,0.013659999999999978,1
1354,CVE-2024-4007,2025-04-03,CVE-2024-39690,2025-05-09,11,0.45000000000000034,0.00087,0.22407,0.0,0.00126,0.28808,0.0,0.06401000000000001,2
1354,CVE-2024-4007,2025-04-03,CVE-2024-43201,2025-05-04,1,0.05,0.00087,0.22407,0.0,0.00056,0.14656,0.0,0.07751,3
1355,CVE-2024-4040,2025-03-25,CVE-2024-27198,2025-05-13,4,0.05,0.94274,0.99928,0.0,0.94582,1.0,0.0,0.0007200000000000539,1
1355,CVE-2024-4040,2025-03-25,CVE-2024-29943,2025-05-19,1,0.0,0.94274,0.99928,0.0,0.24595,0.9563,0.0,0.04297999999999991,2
1355,CVE-2024-4040,2025-03-25,CVE-2024-21591,2025-05-07,3,0.05,0.94274,0.99928,0.0,0.0694,0.90489,0.0,0.09438999999999997,3
1357,CVE-2024-40446,2025-04-23,CVE-2024-39338,2025-05-27,9,2.6000000000000005,0.00019,0.03464,0.0,0.00026,0.05352,0.0,0.01888,1
1357,CVE-2024-40446,2025-04-23,CVE-2024-46687,2025-05-26,8,2.3000000000000007,0.00019,0.03464,0.0,0.00043,0.12832,0.0,0.09367999999999999,2
1358,CVE-2024-4058,2025-04-17,CVE-2024-21325,2025-05-19,10,1.050000000000001,0.01512,0.80158,0.0,0.00814,0.73008,0.0,0.07150000000000001,1
1370,CVE-2024-40711,2025-04-17,CVE-2024-29943,2025-05-19,4,0.05,0.41018,0.97159,0.0,0.17035,0.94559,0.0,0.025999999999999912,1
1370,CVE-2024-40711,2025-04-17,CVE-2024-1709,2025-05-29,11,0.24999999999999928,0.41018,0.97159,0.0,0.94364,0.9995,0.0,0.0279100000000001,2
1374,CVE-2024-40766,2025-04-17,CVE-2024-29943,2025-05-19,4,0.05,0.18328,0.94812,0.0,0.17035,0.94559,0.0,0.002529999999999921,1
1374,CVE-2024-40766,2025-04-17,CVE-2024-1709,2025-05-29,11,0.24999999999999928,0.18328,0.94812,0.0,0.94364,0.9995,0.0,0.05138000000000009,2
1375,CVE-2024-40771,2025-01-16,CVE-2024-53197,2025-02-28,2,0.05,0.00044,0.1508,0.0,0.00044,0.1508,0.0,0.0,1
1375,CVE-2024-40771,2025-01-16,CVE-2024-38193,2025-04-17,7,0.05,0.00044,0.1508,0.0,0.00043,0.11391,0.0,0.03688999999999999,2
1375,CVE-2024-40771,2025-01-16,CVE-2024-43085,2025-04-28,12,0.05,0.00044,0.1508,0.0,0.00043,0.11287,0.0,0.03792999999999999,3
1376,CVE-2024-40864,2025-04-01,CVE-2024-7598,2025-05-09,2,0.4499999999999999,0.00043,0.09825,0.0,0.00022,0.03445,0.0,0.0638,1
1376,CVE-2024-40864,2025-04-01,CVE-2024-10445,2025-05-02,8,1.8999999999999997,0.00043,0.09825,0.0,0.00021,0.03267,0.0,0.06558,2
1376,CVE-2024-40864,2025-04-01,CVE-2024-6381,2025-05-17,6,1.5999999999999999,0.00043,0.09825,0.0,0.00063,0.16565,0.0,0.06739999999999999,3
1380,CVE-2024-40893,2025-03-17,CVE-2024-37085,2025-04-17,1,0.05,0.26252,0.95863,0.0,0.76063,0.98861,0.0,0.029980000000000007,1
1387,CVE-2024-41334,2025-02-28,CVE-2024-4007,2025-04-03,6,0.05,0.00043,0.11771,0.0,0.00043,0.11771,0.0,0.0,1
1387,CVE-2024-41334,2025-02-28,CVE-2024-48827,2025-04-06,8,0.05,0.00043,0.11771,0.0,0.00045,0.18251,0.0,0.06480000000000001,2
1388,CVE-2024-41339,2025-02-28,CVE-2024-4007,2025-04-03,6,0.05,0.00043,0.11771,0.0,0.00043,0.11771,0.0,0.0,1
1388,CVE-2024-41339,2025-02-28,CVE-2024-48827,2025-04-06,8,0.05,0.00043,0.11771,0.0,0.00045,0.18251,0.0,0.06480000000000001,2
1389,CVE-2024-41340,2025-02-28,CVE-2024-46278,2025-04-16,7,0.05,0.00043,0.11771,0.0,0.00043,0.11771,0.0,0.0,1
1389,CVE-2024-41340,2025-02-28,CVE-2024-29944,2025-05-19,10,0.05,0.00043,0.11771,0.0,0.00045,0.18834,0.0,0.07063000000000001,2
1390,CVE-2024-41710,2025-01-29,CVE-2024-35061,2025-04-11,8,0.14999999999999963,0.00045,0.17795,0.0,0.00045,0.17795,0.0,0.0,1
1390,CVE-2024-41710,2025-01-29,CVE-2024-12987,2025-05-17,12,0.14999999999999963,0.00045,0.17795,0.0,0.00046,0.1871,0.0,0.009149999999999991,2
1390,CVE-2024-41710,2025-01-29,CVE-2024-44871,2025-03-27,1,0.05,0.00045,0.17795,0.0,0.0005,0.21539,0.0,0.03744,3
1396,CVE-2024-41788,2025-04-08,CVE-2024-47460,2025-05-23,4,0.14999999999999963,0.00205,0.39852,0.0,0.00205,0.39816,0.0,0.00035999999999997145,1
1397,CVE-2024-41789,2025-04-08,CVE-2024-47460,2025-05-23,4,0.14999999999999963,0.00205,0.39852,0.0,0.00205,0.39816,0.0,0.00035999999999997145,1
1398,CVE-2024-41790,2025-04-08,CVE-2024-47460,2025-05-23,4,0.14999999999999963,0.00205,0.39852,0.0,0.00205,0.39816,0.0,0.00035999999999997145,1
1399,CVE-2024-41792,2025-04-08,CVE-2024-39936,2025-05-17,2,0.05,0.00078,0.20534,0.0,0.00081,0.21005,0.0,0.004709999999999992,1
1399,CVE-2024-41792,2025-04-08,CVE-2024-29944,2025-05-19,6,0.24999999999999928,0.00078,0.20534,0.0,0.00066,0.17674,0.0,0.028599999999999987,2
1399,CVE-2024-41792,2025-04-08,CVE-2024-39690,2025-05-09,4,0.24999999999999928,0.00078,0.20534,0.0,0.00126,0.28771,0.0,0.08237000000000003,3
1400,CVE-2024-41793,2025-04-08,CVE-2024-29944,2025-05-19,6,0.24999999999999928,0.00037,0.08,0.0,0.00066,0.17674,0.0,0.09674,1
1402,CVE-2024-41947,2025-04-15,CVE-2024-5274,2025-05-16,5,0.6499999999999997,0.00789,0.72523,0.0,0.01117,0.76953,0.0,0.044300000000000006,1
1402,CVE-2024-41947,2025-04-15,CVE-2024-37051,2025-05-16,4,0.3500000000000007,0.00789,0.72523,0.0,0.01769,0.81547,0.0,0.09023999999999999,2
1402,CVE-2024-41947,2025-04-15,CVE-2024-42835,2025-05-19,9,0.8500000000000008,0.00789,0.72523,0.0,0.00475,0.63419,0.0,0.09104000000000001,3
1407,CVE-2024-41975,2025-03-18,CVE-2024-54096,2025-04-28,3,0.05,0.00029,0.05162,0.0,7e-05,0.00321,0.0,0.04841,1
1407,CVE-2024-41975,2025-03-18,CVE-2024-44236,2025-05-09,12,0.25000000000000017,0.00029,0.05162,0.0,0.00043,0.10415,0.0,0.05253000000000001,2
1408,CVE-2024-42012,2025-01-22,CVE-2024-8929,2025-04-10,2,0.14999999999999963,0.00043,0.11403,1.0,0.00043,0.11371,0.0,0.00032000000000000084,1
1408,CVE-2024-42012,2025-01-22,CVE-2024-36424,2025-04-10,9,0.25000000000000017,0.00043,0.11403,1.0,0.00043,0.11371,0.0,0.00032000000000000084,2
1408,CVE-2024-42012,2025-01-22,CVE-2024-38796,2025-04-23,10,0.25000000000000017,0.00043,0.11403,1.0,0.00043,0.11371,0.0,0.00032000000000000084,3
1409,CVE-2024-42013,2025-01-22,CVE-2024-1234,2025-04-05,1,0.05,0.00043,0.11403,1.0,0.00043,0.11371,0.0,0.00032000000000000084,1
1409,CVE-2024-42013,2025-01-22,CVE-2024-6484,2025-05-17,3,0.05,0.00043,0.11403,1.0,0.00043,0.11371,0.0,0.00032000000000000084,2
1409,CVE-2024-42013,2025-01-22,CVE-2024-6485,2025-05-17,4,0.05,0.00043,0.11403,1.0,0.00043,0.11371,0.0,0.00032000000000000084,3
1414,CVE-2024-42327,2024-12-11,CVE-2024-41110,2025-05-09,9,0.05,0.00043,0.10788,0.0,0.00045,0.16022,0.0,0.05234,1
1424,CVE-2024-42533,2025-03-25,CVE-2024-42509,2025-05-23,9,0.05,0.00277,0.48047,1.0,0.00344,0.53858,0.0,0.05810999999999994,1
1425,CVE-2024-42640,2025-04-04,CVE-2024-27198,2025-05-13,3,0.05,0.84878,0.99296,0.0,0.94582,1.0,0.0,0.007040000000000046,1
1425,CVE-2024-42640,2025-04-04,CVE-2024-29943,2025-05-19,4,0.05,0.84878,0.99296,0.0,0.23938,0.95576,0.0,0.0371999999999999,2
1425,CVE-2024-42640,2025-04-04,CVE-2024-21591,2025-05-07,2,0.05,0.84878,0.99296,0.0,0.0694,0.90576,0.0,0.08719999999999994,3
1426,CVE-2024-42733,2025-03-10,CVE-2024-48573,2025-04-10,7,0.05,0.00043,0.1187,0.0,0.00043,0.1187,0.0,0.0,1
1426,CVE-2024-42733,2025-03-10,CVE-2024-35056,2025-04-11,8,0.05,0.00043,0.1187,0.0,0.00043,0.1187,0.0,0.0,2
1426,CVE-2024-42733,2025-03-10,CVE-2024-50672,2025-04-15,12,0.05,0.00043,0.1187,0.0,0.00043,0.1187,0.0,0.0,3
1427,CVE-2024-42831,2025-04-02,CVE-2024-36621,2025-05-09,9,0.45000000000000034,0.00102,0.25212,0.0,0.00097,0.24401,0.0,0.008110000000000006,1
1427,CVE-2024-42831,2025-04-02,CVE-2024-33663,2025-05-11,11,0.45000000000000034,0.00102,0.25212,0.0,0.00093,0.23696,0.0,0.015160000000000007,2
1427,CVE-2024-42831,2025-04-02,CVE-2024-36620,2025-05-09,8,0.45000000000000034,0.00102,0.25212,0.0,0.00092,0.23618,0.0,0.01594000000000001,3
1429,CVE-2024-42844,2025-03-06,CVE-2024-0399,2025-04-16,2,0.05,0.00043,0.11868,1.0,0.00043,0.11847,0.0,0.00020999999999998797,1
1429,CVE-2024-42844,2025-03-06,CVE-2024-22257,2025-05-30,10,0.14999999999999963,0.00043,0.11868,1.0,0.00043,0.11847,0.0,0.00020999999999998797,2
1429,CVE-2024-42844,2025-03-06,CVE-2024-36623,2025-05-09,5,0.05,0.00043,0.11868,1.0,0.00045,0.18333,0.0,0.06465,3
1432,CVE-2024-43047,2024-10-10,CVE-2024-29748,2025-02-28,12,0.05,0.00113,0.45592,0.0,0.00083,0.36153,0.0,0.09438999999999997,1
1437,CVE-2024-43102,2025-04-12,CVE-2024-48061,2025-05-19,11,0.24999999999999928,0.0068,0.69342,0.0,0.00576,0.66329,0.0,0.03012999999999999,1
1437,CVE-2024-43102,2025-04-12,CVE-2024-42835,2025-05-19,10,0.24999999999999928,0.0068,0.69342,0.0,0.00573,0.66254,0.0,0.03088000000000002,2
1438,CVE-2024-43169,2025-03-03,CVE-2024-6244,2025-04-09,11,0.05,0.00091,0.41178,1.0,0.00075,0.35763,0.0,0.054149999999999976,1
1438,CVE-2024-43169,2025-03-03,CVE-2024-24409,2025-04-09,9,0.05,0.00091,0.41178,1.0,0.00075,0.35522,0.0,0.05656,2
1438,CVE-2024-43169,2025-03-03,CVE-2024-11392,2025-04-16,12,0.05,0.00091,0.41178,1.0,0.00075,0.35463,0.0,0.05714999999999998,3
1442,CVE-2024-43243,2025-01-07,CVE-2024-2973,2025-02-18,7,0.05,0.00043,0.11128,1.0,0.00043,0.11049,0.0,0.000789999999999999,1
1443,CVE-2024-43405,2025-01-04,CVE-2024-29059,2025-02-05,2,0.09999999999999964,0.00053,0.23218,0.0,0.00059,0.2671,0.0,0.03492000000000001,1
1444,CVE-2024-43415,2024-11-12,CVE-2024-35540,2025-04-10,11,0.05,0.00045,0.16863,1.0,0.0005,0.20491,0.0,0.03628000000000001,1
1448,CVE-2024-43461,2025-03-18,CVE-2024-4367,2025-04-22,2,0.05,0.75713,0.98866,0.0,0.49012,0.97526,0.0,0.013399999999999967,1
1451,CVE-2024-4358,2025-03-28,CVE-2024-27198,2025-05-13,3,0.05,0.94087,0.99894,0.0,0.94582,1.0,0.0,0.0010599999999999499,1
1451,CVE-2024-4358,2025-03-28,CVE-2024-29943,2025-05-19,4,0.05,0.94087,0.99894,0.0,0.24595,0.95667,0.0,0.04227000000000003,2
1451,CVE-2024-4358,2025-03-28,CVE-2024-21591,2025-05-07,2,0.05,0.94087,0.99894,0.0,0.0694,0.90548,0.0,0.0934600000000001,3
1452,CVE-2024-43590,2025-04-14,CVE-2024-43641,2025-05-16,8,0.05,0.00388,0.57138,0.0,0.00294,0.4991,0.0,0.07228000000000001,1
1463,CVE-2024-4367,2025-04-22,CVE-2024-1709,2025-05-29,12,1.4999999999999993,0.31904,0.96503,0.0,0.94364,0.99951,0.0,0.034479999999999955,1
1464,CVE-2024-43687,2025-04-04,CVE-2024-36620,2025-05-09,8,0.45000000000000034,0.00084,0.21894,0.0,0.00092,0.23644,0.0,0.017500000000000016,1
1464,CVE-2024-43687,2025-04-04,CVE-2024-33663,2025-05-11,11,0.45000000000000034,0.00084,0.21894,0.0,0.00093,0.23722,0.0,0.01827999999999999,2
1464,CVE-2024-43687,2025-04-04,CVE-2024-36621,2025-05-09,9,0.45000000000000034,0.00084,0.21894,0.0,0.00097,0.24432,0.0,0.025380000000000014,3
1474,CVE-2024-44000,2025-03-28,CVE-2024-27198,2025-05-13,3,0.05,0.88493,0.99474,0.0,0.94582,1.0,0.0,0.005260000000000042,1
1474,CVE-2024-44000,2025-03-28,CVE-2024-29943,2025-05-19,4,0.05,0.88493,0.99474,0.0,0.24595,0.95667,0.0,0.03806999999999994,2
1474,CVE-2024-44000,2025-03-28,CVE-2024-21591,2025-05-07,2,0.05,0.88493,0.99474,0.0,0.0694,0.90548,0.0,0.08926,3
1476,CVE-2024-44133,2024-10-20,CVE-2024-36424,2025-04-10,8,0.05,0.00043,0.09689,0.0,0.00043,0.09689,0.0,0.0,1
1476,CVE-2024-44133,2024-10-20,CVE-2024-27876,2025-04-24,9,0.05,0.00043,0.09689,0.0,0.00044,0.10995,0.0,0.013060000000000002,2
1476,CVE-2024-44133,2024-10-20,CVE-2024-43853,2025-05-09,12,0.05,0.00043,0.09689,0.0,0.00042,0.05059,0.0,0.0463,3
1477,CVE-2024-44136,2025-01-16,CVE-2024-32473,2025-05-09,2,0.15000000000000052,0.00043,0.11287,0.0,0.00043,0.11287,0.0,0.0,1
1477,CVE-2024-44136,2025-01-16,CVE-2024-8690,2025-03-21,4,0.24999999999999928,0.00043,0.11287,0.0,0.00043,0.11287,0.0,0.0,2
1477,CVE-2024-44136,2025-01-16,CVE-2024-5920,2025-05-01,10,0.25000000000000017,0.00043,0.11287,0.0,0.00043,0.11287,0.0,0.0,3
1481,CVE-2024-44243,2025-01-13,CVE-2024-26634,2025-05-09,7,0.05,0.00045,0.17562,0.0,0.00045,0.17537,0.0,0.0002500000000000002,1
1481,CVE-2024-44243,2025-01-13,CVE-2024-27876,2025-04-24,5,0.05,0.00045,0.17562,0.0,0.0005,0.21036,0.0,0.03473999999999999,2
1481,CVE-2024-44243,2025-01-13,CVE-2024-26181,2025-05-16,12,0.05,0.00045,0.17562,0.0,0.00053,0.23613,0.0,0.06051000000000001,3
1485,CVE-2024-44541,2025-04-18,CVE-2024-29943,2025-05-19,1,0.05,0.12859,0.93611,0.0,0.17035,0.94565,0.0,0.009539999999999993,1
1485,CVE-2024-44541,2025-04-18,CVE-2024-1709,2025-05-29,10,0.24999999999999928,0.12859,0.93611,0.0,0.94364,0.99951,0.0,0.06340000000000001,2
1485,CVE-2024-44541,2025-04-18,CVE-2024-37014,2025-05-19,2,0.05,0.12859,0.93611,0.0,0.02498,0.84448,0.0,0.09162999999999999,3
1486,CVE-2024-44762,2025-04-03,CVE-2024-11831,2025-05-17,4,0.15000000000000052,0.00079,0.20665,0.0,0.00072,0.19207,0.0,0.01458000000000001,1
1486,CVE-2024-44762,2025-04-03,CVE-2024-43853,2025-05-09,6,0.25000000000000017,0.00079,0.20665,0.0,0.0007,0.18511,0.0,0.021540000000000004,2
1486,CVE-2024-44762,2025-04-03,CVE-2024-26634,2025-05-09,5,0.25000000000000017,0.00079,0.20665,0.0,0.00091,0.2332,0.0,0.02654999999999999,3
1487,CVE-2024-44871,2025-03-27,CVE-2024-21538,2025-05-07,8,0.3499999999999998,0.00473,0.61382,0.0,0.0037,0.5552,0.0,0.058620000000000005,1
1487,CVE-2024-44871,2025-03-27,CVE-2024-11237,2025-05-13,7,0.2999999999999998,0.00473,0.61382,0.0,0.00788,0.71106,0.0,0.09724,2
1488,CVE-2024-44910,2025-04-11,CVE-2024-49114,2025-05-16,11,0.2999999999999998,0.00093,0.23739,0.0,0.00139,0.30647,0.0,0.06908000000000003,1
1489,CVE-2024-44911,2025-04-11,CVE-2024-49114,2025-05-16,11,0.2999999999999998,0.00093,0.23739,0.0,0.00139,0.30647,0.0,0.06908000000000003,1
1490,CVE-2024-44912,2025-04-11,CVE-2024-49114,2025-05-16,11,0.2999999999999998,0.00093,0.23739,0.0,0.00139,0.30647,0.0,0.06908000000000003,1
1493,CVE-2024-45064,2025-04-02,CVE-2024-29944,2025-05-19,5,0.14999999999999963,0.0007,0.18571,1.0,0.00066,0.1766,0.0,0.00910999999999998,1
1493,CVE-2024-45064,2025-04-02,CVE-2024-39936,2025-05-17,4,0.14999999999999963,0.0007,0.18571,1.0,0.00081,0.21022,0.0,0.024510000000000004,2
1493,CVE-2024-45064,2025-04-02,CVE-2024-43201,2025-05-04,7,0.3500000000000007,0.0007,0.18571,1.0,0.00056,0.14649,0.0,0.03921999999999998,3
1494,CVE-2024-45084,2025-02-19,CVE-2024-36623,2025-05-09,10,0.14999999999999963,0.0005,0.21763,1.0,0.00045,0.17984,0.0,0.03778999999999999,1
1496,CVE-2024-45195,2025-02-05,CVE-2024-20440,2025-03-20,1,0.0,0.71149,0.98284,0.0,0.05659,0.93296,0.0,0.049880000000000035,1
1497,CVE-2024-45199,2025-04-04,CVE-2024-29944,2025-05-19,12,0.45000000000000034,0.00058,0.15048,0.0,0.00066,0.17713,0.0,0.026650000000000007,1
1497,CVE-2024-45199,2025-04-04,CVE-2024-39936,2025-05-17,9,0.25000000000000105,0.00058,0.15048,0.0,0.00081,0.21056,0.0,0.060079999999999995,2
1498,CVE-2024-45310,2025-04-23,CVE-2024-39338,2025-05-27,4,4.2,6e-05,0.00257,0.0,0.00026,0.05352,0.0,0.050949999999999995,1
1504,CVE-2024-45387,2024-12-23,CVE-2024-41110,2025-05-09,7,0.05,0.00043,0.10912,1.0,0.00045,0.15779,0.0,0.04867000000000002,1
1506,CVE-2024-45421,2025-02-25,CVE-2024-46278,2025-04-16,11,0.14999999999999963,0.00043,0.11771,3.0,0.00043,0.11716,0.0,0.0005499999999999949,1
1509,CVE-2024-45489,2024-09-20,CVE-2024-29849,2025-03-19,3,0.0,0.00045,0.16332,1.0,0.00043,0.09632,0.0,0.06699999999999999,1
1514,CVE-2024-45506,2024-09-07,CVE-2024-38178,2024-10-16,1,0.0,0.00858,0.82617,0.0,0.02297,0.89895,0.0,0.07278000000000007,1
1516,CVE-2024-45552,2025-04-07,CVE-2024-29944,2025-05-19,8,0.25000000000000105,0.00042,0.09648,0.0,0.00066,0.17688,0.0,0.08040000000000001,1
1520,CVE-2024-4577,2025-03-11,CVE-2024-36401,2025-04-17,11,0.05,0.95177,0.99522,0.0,0.96188,0.99671,0.0,0.0014899999999999913,1
1520,CVE-2024-4577,2025-03-11,CVE-2024-40711,2025-04-17,12,0.05,0.95177,0.99522,0.0,0.96424,0.99724,0.0,0.0020200000000000218,2
1520,CVE-2024-4577,2025-03-11,CVE-2024-0204,2025-04-17,7,0.05,0.95177,0.99522,0.0,0.64499,0.9812,0.0,0.014020000000000032,3
1522,CVE-2024-45827,2024-11-12,CVE-2024-42845,2024-12-15,1,0.0,0.00043,0.10783,1.0,0.00045,0.16888,0.0,0.06105000000000001,1
1525,CVE-2024-46278,2025-04-16,CVE-2024-21325,2025-05-19,12,0.6500000000000006,0.00569,0.6727,0.0,0.00814,0.72981,0.0,0.057109999999999994,1
1529,CVE-2024-46431,2025-02-10,CVE-2024-0399,2025-04-16,11,0.14999999999999963,0.00043,0.1146,1.0,0.00043,0.11462,0.0,2.0000000000006124e-05,1
1533,CVE-2024-46435,2025-02-10,CVE-2024-0399,2025-04-16,11,0.14999999999999963,0.00043,0.1146,1.0,0.00043,0.11462,0.0,2.0000000000006124e-05,1
1536,CVE-2024-46479,2025-01-13,CVE-2024-41110,2025-05-09,4,0.05,0.00045,0.17569,1.0,0.00045,0.15973,0.0,0.015960000000000002,1
1538,CVE-2024-46528,2025-03-27,CVE-2024-13176,2025-05-17,7,0.25000000000000017,0.00078,0.20102,0.0,0.00064,0.16809,0.0,0.032930000000000015,1
1538,CVE-2024-46528,2025-03-27,CVE-2024-56378,2025-05-17,4,0.05,0.00078,0.20102,0.0,0.00098,0.24358,0.0,0.04255999999999999,2
1538,CVE-2024-46528,2025-03-27,CVE-2024-32473,2025-05-09,10,0.45000000000000034,0.00078,0.20102,0.0,0.00061,0.15761,0.0,0.043410000000000004,3
1540,CVE-2024-46626,2024-10-01,CVE-2024-4007,2025-04-03,1,0.0,0.00043,0.09629,3.0,0.00043,0.09611,0.0,0.0001799999999999996,1
1540,CVE-2024-46626,2024-10-01,CVE-2024-4367,2025-04-22,8,0.0,0.00043,0.09629,3.0,0.00044,0.10941,0.0,0.013119999999999993,2
1541,CVE-2024-46662,2025-03-14,CVE-2024-7297,2025-05-19,10,0.05,0.00043,0.11988,1.0,0.00043,0.1198,0.0,7.999999999999674e-05,1
1559,CVE-2024-47051,2025-02-26,CVE-2024-30896,2025-04-08,8,0.05,0.00045,0.1825,1.0,0.00043,0.11704,0.0,0.06545999999999999,1
1559,CVE-2024-47051,2025-02-26,CVE-2024-53537,2025-04-14,9,0.05,0.00045,0.1825,1.0,0.00043,0.11704,0.0,0.06545999999999999,2
1559,CVE-2024-47051,2025-02-26,CVE-2024-38475,2025-04-25,11,0.05,0.00045,0.1825,1.0,0.00043,0.11704,0.0,0.06545999999999999,3
1565,CVE-2024-47176,2024-09-26,CVE-2024-33664,2025-05-11,10,0.05,0.00045,0.14865,1.0,0.00045,0.16301,0.0,0.014359999999999984,1
1565,CVE-2024-47176,2024-09-26,CVE-2024-45440,2025-04-19,7,0.05,0.00045,0.14865,1.0,0.00046,0.17685,0.0,0.028200000000000003,2
1565,CVE-2024-47176,2024-09-26,CVE-2024-30269,2025-04-06,4,0.05,0.00045,0.14865,1.0,0.00043,0.09595,0.0,0.05270000000000001,3
1567,CVE-2024-47258,2025-02-06,CVE-2024-0399,2025-04-16,10,0.05,0.00043,0.11478,1.0,0.00043,0.11479,0.0,1.0000000000010001e-05,1
1568,CVE-2024-47374,2024-10-11,CVE-2024-40892,2025-03-17,4,0.05,0.00043,0.09689,0.0,0.00043,0.09689,0.0,0.0,1
1574,CVE-2024-47516,2025-03-26,CVE-2024-42509,2025-05-23,9,0.05,0.00251,0.45486,0.0,0.00344,0.53841,0.0,0.08355000000000007,1
1577,CVE-2024-47547,2024-12-06,CVE-2024-23346,2025-04-15,12,0.14999999999999963,0.00043,0.10595,1.0,0.00045,0.17384,0.0,0.06788999999999999,1
1579,CVE-2024-47572,2025-01-14,CVE-2024-47460,2025-05-23,7,0.05,0.00043,0.11266,1.0,0.00043,0.112,0.0,0.0006599999999999939,1
1579,CVE-2024-47572,2025-01-14,CVE-2024-31989,2025-05-09,6,0.05,0.00043,0.11266,1.0,0.00042,0.05089,0.0,0.06177,2
1579,CVE-2024-47572,2025-01-14,CVE-2024-35540,2025-04-10,3,0.05,0.00043,0.11266,1.0,0.0005,0.21243,0.0,0.09977000000000001,3
1584,CVE-2024-47605,2025-04-14,CVE-2024-26462,2025-05-17,5,0.14999999999999963,0.00048,0.11871,0.0,0.00063,0.16866,0.0,0.04995000000000001,1
1584,CVE-2024-47605,2025-04-14,CVE-2024-11831,2025-05-17,1,0.05,0.00048,0.11871,0.0,0.00072,0.19144,0.0,0.07273,2
1584,CVE-2024-47605,2025-04-14,CVE-2024-0147,2025-05-17,4,0.14999999999999963,0.00048,0.11871,0.0,0.00023,0.0359,0.0,0.08281,3
1589,CVE-2024-47891,2025-01-31,CVE-2024-43085,2025-04-28,10,0.05,0.00043,0.11433,0.0,0.00043,0.11433,0.0,0.0,1
1589,CVE-2024-47891,2025-01-31,CVE-2024-38193,2025-04-17,5,0.05,0.00043,0.11433,0.0,0.00043,0.11537,0.0,0.0010399999999999993,2
1589,CVE-2024-47891,2025-01-31,CVE-2024-11477,2025-05-08,12,0.05,0.00043,0.11433,0.0,0.00045,0.163,0.0,0.048670000000000005,3
1591,CVE-2024-47908,2025-02-11,CVE-2024-30896,2025-04-08,11,0.05,0.00043,0.11759,1.0,0.00043,0.1146,0.0,0.0029900000000000065,1
1591,CVE-2024-47908,2025-02-11,CVE-2024-53537,2025-04-14,12,0.05,0.00043,0.11759,1.0,0.00044,0.1262,0.0,0.008610000000000007,2
1595,CVE-2024-48013,2025-03-17,CVE-2024-43201,2025-05-04,6,0.05,0.0006,0.15873,1.0,0.00056,0.14866,0.0,0.010070000000000023,1
1597,CVE-2024-48120,2025-03-27,CVE-2024-11831,2025-05-17,1,0.05,0.00076,0.19718,0.0,0.00072,0.18846,0.0,0.008720000000000006,1
1597,CVE-2024-48120,2025-03-27,CVE-2024-43853,2025-05-09,4,0.14999999999999963,0.00076,0.19718,0.0,0.0007,0.18151,0.0,0.01566999999999999,2
1597,CVE-2024-48120,2025-03-27,CVE-2024-26462,2025-05-17,10,0.14999999999999963,0.00076,0.19718,0.0,0.00063,0.16598,0.0,0.031200000000000006,3
1603,CVE-2024-48760,2025-04-14,CVE-2024-42509,2025-05-23,6,0.05,0.00322,0.52296,0.0,0.0037,0.55992,0.0,0.03695999999999999,1
1611,CVE-2024-48844,2025-04-15,CVE-2024-43641,2025-05-16,4,0.14999999999999963,0.00162,0.38102,0.0,0.00117,0.31827,0.0,0.06275000000000003,1
1612,CVE-2024-48845,2024-12-05,CVE-2024-23346,2025-04-15,12,0.14999999999999963,0.00043,0.10597,3.0,0.00045,0.17386,0.0,0.06788999999999999,1
1613,CVE-2024-48846,2025-04-16,CVE-2024-39338,2025-05-27,5,0.45000000000000034,0.00033,0.08205,0.0,0.00026,0.05404,0.0,0.02801,1
1613,CVE-2024-48846,2025-04-16,CVE-2024-0150,2025-05-17,1,0.05,0.00033,0.08205,0.0,0.00023,0.04558,0.0,0.036469999999999995,2
1613,CVE-2024-48846,2025-04-16,CVE-2024-46687,2025-05-26,9,0.7500000000000002,0.00033,0.08205,0.0,0.00043,0.1276,0.0,0.04554999999999999,3
1615,CVE-2024-48849,2025-01-29,CVE-2024-23346,2025-04-15,3,0.14999999999999963,0.00043,0.11435,1.0,0.00045,0.1784,0.0,0.06405000000000001,1
1616,CVE-2024-4885,2025-03-04,CVE-2024-21762,2025-04-13,1,0.0,0.85382,0.98826,0.0,0.03347,0.91452,0.0,0.07374000000000003,1
1617,CVE-2024-48852,2025-01-29,CVE-2024-23346,2025-04-15,3,0.14999999999999963,0.00043,0.11435,1.0,0.00045,0.1784,0.0,0.06405000000000001,1
1622,CVE-2024-48886,2025-01-14,CVE-2024-47460,2025-05-23,7,0.05,0.00043,0.11266,1.0,0.00043,0.112,0.0,0.0006599999999999939,1
1622,CVE-2024-48886,2025-01-14,CVE-2024-31989,2025-05-09,6,0.05,0.00043,0.11266,1.0,0.00042,0.05089,0.0,0.06177,2
1622,CVE-2024-48886,2025-01-14,CVE-2024-35540,2025-04-10,3,0.05,0.00043,0.11266,1.0,0.0005,0.21243,0.0,0.09977000000000001,3
1626,CVE-2024-48964,2024-10-30,CVE-2024-8376,2025-04-17,6,0.0,0.00043,0.10572,0.0,0.00044,0.11229,0.0,0.006570000000000006,1
1627,CVE-2024-48966,2024-11-14,CVE-2024-51378,2024-12-16,1,0.0,0.00043,0.10163,1.0,0.00044,0.11504,0.0,0.013410000000000005,1
1628,CVE-2024-48967,2024-11-14,CVE-2024-51378,2024-12-16,1,0.0,0.00043,0.10163,1.0,0.00044,0.11504,0.0,0.013410000000000005,1
1634,CVE-2024-48990,2024-12-14,CVE-2024-43590,2025-04-14,11,0.05,0.00045,0.17871,0.0,0.00048,0.19734,0.0,0.01862999999999998,1
1634,CVE-2024-48990,2024-12-14,CVE-2024-53104,2025-02-03,7,0.05,0.00045,0.17871,0.0,0.00044,0.15122,0.0,0.027490000000000014,2
1634,CVE-2024-48990,2024-12-14,CVE-2024-9956,2025-03-21,10,0.05,0.00045,0.17871,0.0,0.00043,0.10937,0.0,0.06934000000000001,3
1670,CVE-2024-49113,2025-01-11,CVE-2024-44910,2025-04-11,11,0.05,0.00046,0.18991,0.0,0.00046,0.18115,0.0,0.00875999999999999,1
1670,CVE-2024-49113,2025-01-11,CVE-2024-44911,2025-04-11,12,0.05,0.00046,0.18991,0.0,0.00045,0.17995,0.0,0.009959999999999997,2
1670,CVE-2024-49113,2025-01-11,CVE-2024-35057,2025-04-11,7,0.05,0.00046,0.18991,0.0,0.00043,0.11148,0.0,0.07843,3
1687,CVE-2024-49147,2024-12-12,CVE-2024-23346,2025-04-15,6,0.05,0.00043,0.10843,1.0,0.00045,0.17744,0.0,0.06900999999999999,1
1695,CVE-2024-49375,2025-01-14,CVE-2024-47460,2025-05-23,7,0.05,0.00043,0.11266,1.0,0.00043,0.112,0.0,0.0006599999999999939,1
1695,CVE-2024-49375,2025-01-14,CVE-2024-31989,2025-05-09,6,0.05,0.00043,0.11266,1.0,0.00042,0.05089,0.0,0.06177,2
1695,CVE-2024-49375,2025-01-14,CVE-2024-35540,2025-04-10,3,0.05,0.00043,0.11266,1.0,0.0005,0.21243,0.0,0.09977000000000001,3
1697,CVE-2024-49559,2025-03-17,CVE-2024-43201,2025-05-04,6,0.05,0.0004,0.09136,1.0,0.00056,0.14866,0.0,0.05729999999999999,1
1698,CVE-2024-4956,2025-03-28,CVE-2024-12987,2025-05-17,11,0.25000000000000017,0.93821,0.99861,0.0,0.38605,0.96945,0.0,0.029159999999999964,1
1698,CVE-2024-4956,2025-03-28,CVE-2024-39894,2025-05-07,3,0.05,0.93821,0.99861,0.0,0.12033,0.93155,0.0,0.06706000000000001,2
1703,CVE-2024-49655,2025-01-21,CVE-2024-23346,2025-04-15,3,0.05,0.00043,0.11371,1.0,0.00045,0.17729,0.0,0.06358,1
1710,CVE-2024-49767,2024-11-01,CVE-2024-8376,2025-04-17,6,0.0,0.00045,0.16666,0.0,0.00044,0.14083,0.0,0.025829999999999992,1
1724,CVE-2024-50264,2025-04-16,CVE-2024-46687,2025-05-26,4,0.0,0.00048,0.14553,0.0,0.00043,0.1276,0.0,0.01793,1
1724,CVE-2024-50264,2025-04-16,CVE-2024-39338,2025-05-27,6,0.2999999999999998,0.00048,0.14553,0.0,0.00026,0.05404,0.0,0.09148999999999999,2
1724,CVE-2024-50264,2025-04-16,CVE-2024-0150,2025-05-17,12,0.7500000000000002,0.00048,0.14553,0.0,0.00023,0.04558,0.0,0.09994999999999998,3
1725,CVE-2024-50302,2025-02-28,CVE-2024-43853,2025-05-09,5,0.05,0.00042,0.05004,0.0,0.00042,0.05004,0.0,0.0,1
1725,CVE-2024-50302,2025-02-28,CVE-2024-36424,2025-04-10,1,0.05,0.00042,0.05004,0.0,0.00043,0.11771,0.0,0.06767,2
1725,CVE-2024-50302,2025-02-28,CVE-2024-50204,2025-05-09,7,0.05,0.00042,0.05004,0.0,0.00043,0.11771,0.0,0.06767,3
1732,CVE-2024-50603,2025-01-08,CVE-2024-2973,2025-02-18,7,0.05,0.00046,0.1845,0.0,0.00043,0.11128,0.0,0.07322,1
1736,CVE-2024-50672,2025-04-15,CVE-2024-42509,2025-05-23,6,0.05,0.00259,0.49042,0.0,0.00246,0.47847,0.0,0.011950000000000016,1
1739,CVE-2024-50704,2025-03-04,CVE-2024-41110,2025-05-09,9,0.14999999999999963,0.00043,0.11829,1.0,0.00045,0.16844,0.0,0.05015,1
1741,CVE-2024-50707,2025-03-04,CVE-2024-41110,2025-05-09,9,0.14999999999999963,0.00043,0.11829,1.0,0.00045,0.16844,0.0,0.05015,1
1747,CVE-2024-50857,2025-04-14,CVE-2024-0147,2025-05-17,12,0.7500000000000002,0.00034,0.0655,0.0,0.00023,0.0359,0.0,0.0296,1
1747,CVE-2024-50857,2025-04-14,CVE-2024-0131,2025-05-17,4,0.44999999999999946,0.00034,0.0655,0.0,0.00022,0.0348,0.0,0.030700000000000005,2
1747,CVE-2024-50857,2025-04-14,CVE-2024-43799,2025-05-17,3,0.25000000000000017,0.00034,0.0655,0.0,0.00017,0.02,0.0,0.0455,3
1749,CVE-2024-50859,2025-04-14,CVE-2024-7347,2025-05-17,1,0.14999999999999963,0.00045,0.10806,0.0,0.00053,0.13529,0.0,0.02722999999999999,1
1749,CVE-2024-50859,2025-04-14,CVE-2024-0147,2025-05-17,12,0.7500000000000002,0.00045,0.10806,0.0,0.00023,0.0359,0.0,0.07216,2
1749,CVE-2024-50859,2025-04-14,CVE-2024-0131,2025-05-17,4,0.44999999999999946,0.00045,0.10806,0.0,0.00022,0.0348,0.0,0.07326,3
1750,CVE-2024-50861,2025-04-14,CVE-2024-6531,2025-05-17,4,0.3500000000000007,0.00048,0.11871,0.0,0.00037,0.08034,0.0,0.03837,1
1750,CVE-2024-50861,2025-04-14,CVE-2024-26462,2025-05-17,11,0.6499999999999997,0.00048,0.11871,0.0,0.00063,0.16866,0.0,0.04995000000000001,2
1750,CVE-2024-50861,2025-04-14,CVE-2024-0147,2025-05-17,10,0.6499999999999997,0.00048,0.11871,0.0,0.00023,0.0359,0.0,0.08281,3
1760,CVE-2024-51144,2025-03-06,CVE-2024-48827,2025-04-06,4,0.05,0.00043,0.11847,0.0,0.00045,0.18333,0.0,0.06485999999999999,1
1762,CVE-2024-51378,2024-12-16,CVE-2024-20419,2025-04-10,11,0.05,0.00211,0.59968,0.0,0.00147,0.52208,0.0,0.0776,1
1766,CVE-2024-51463,2025-04-15,CVE-2024-26462,2025-05-17,5,0.14999999999999963,0.00029,0.06603,0.0,0.00031,0.07255,0.0,0.006519999999999998,1
1766,CVE-2024-51463,2025-04-15,CVE-2024-11831,2025-05-17,1,0.05,0.00029,0.06603,0.0,0.00023,0.04662,0.0,0.019410000000000004,2
1766,CVE-2024-51463,2025-04-15,CVE-2024-0147,2025-05-17,4,0.14999999999999963,0.00029,0.06603,0.0,0.00023,0.04526,0.0,0.020770000000000004,3
1767,CVE-2024-51464,2025-04-15,CVE-2024-13176,2025-05-17,4,0.25000000000000017,0.00029,0.0648,0.0,0.00033,0.07805,0.0,0.013249999999999998,1
1767,CVE-2024-51464,2025-04-15,CVE-2024-11831,2025-05-17,11,1.1500000000000006,0.00029,0.0648,0.0,0.00023,0.04662,0.0,0.018179999999999995,2
1767,CVE-2024-51464,2025-04-15,CVE-2024-0131,2025-05-17,3,0.15000000000000052,0.00029,0.0648,0.0,0.00022,0.04355,0.0,0.021249999999999998,3
1769,CVE-2024-51466,2024-12-20,CVE-2024-41947,2025-04-15,7,0.05,0.00129,0.48256,1.0,0.0017,0.54253,0.0,0.05996999999999997,1
1769,CVE-2024-51466,2024-12-20,CVE-2024-0132,2025-03-26,5,0.05,0.00129,0.48256,1.0,0.00091,0.40175,0.0,0.08080999999999999,2
1771,CVE-2024-51505,2025-02-18,CVE-2024-0399,2025-04-16,6,0.14999999999999963,0.00043,0.11699,1.0,0.00043,0.11678,0.0,0.00021000000000000185,1
1771,CVE-2024-51505,2025-02-18,CVE-2024-36623,2025-05-09,10,0.14999999999999963,0.00043,0.11699,1.0,0.00045,0.17981,0.0,0.06282,2
1778,CVE-2024-51546,2025-04-15,CVE-2024-43641,2025-05-16,8,0.3499999999999998,0.00144,0.35773,0.0,0.00117,0.31827,0.0,0.039459999999999995,1
1780,CVE-2024-51548,2024-12-05,CVE-2024-41110,2025-05-09,9,0.05,0.00043,0.10597,3.0,0.00045,0.15804,0.0,0.05207000000000002,1
1788,CVE-2024-51615,2024-12-06,CVE-2024-23346,2025-04-15,9,0.05,0.00043,0.10595,1.0,0.00045,0.17384,0.0,0.06788999999999999,1
1794,CVE-2024-51774,2024-11-04,CVE-2024-10914,2025-04-21,1,0.0,0.00045,0.16708,0.0,0.00046,0.1815,3.0,0.014419999999999988,1
1795,CVE-2024-51788,2024-11-11,CVE-2024-51378,2024-12-16,5,0.0,0.00043,0.10065,1.0,0.00044,0.11393,0.0,0.01328,1
1796,CVE-2024-51789,2024-11-11,CVE-2024-51378,2024-12-16,5,0.0,0.00043,0.10065,1.0,0.00044,0.11393,0.0,0.01328,1
1797,CVE-2024-51790,2024-11-11,CVE-2024-51378,2024-12-16,5,0.0,0.00043,0.10065,1.0,0.00044,0.11393,0.0,0.01328,1
1798,CVE-2024-51791,2024-11-11,CVE-2024-51378,2024-12-16,5,0.0,0.00043,0.10065,1.0,0.00044,0.11393,0.0,0.01328,1
1799,CVE-2024-51792,2024-11-11,CVE-2024-51378,2024-12-16,5,0.0,0.00043,0.10065,1.0,0.00044,0.11393,0.0,0.01328,1
1800,CVE-2024-51793,2024-11-11,CVE-2024-51378,2024-12-16,5,0.0,0.00043,0.10065,1.0,0.00044,0.11393,0.0,0.01328,1
1803,CVE-2024-51818,2025-01-21,CVE-2024-23346,2025-04-15,3,0.05,0.00043,0.11371,1.0,0.00045,0.17729,0.0,0.06358,1
1810,CVE-2024-51919,2025-01-21,CVE-2024-47460,2025-05-23,7,0.05,0.00043,0.11371,1.0,0.00043,0.11351,0.0,0.00020000000000000573,1
1810,CVE-2024-51919,2025-01-21,CVE-2024-31989,2025-05-09,6,0.05,0.00043,0.11371,1.0,0.00042,0.05109,0.0,0.06262000000000001,2
1812,CVE-2024-51954,2025-03-04,CVE-2024-39690,2025-05-09,11,0.14999999999999963,0.00049,0.2114,0.0,0.0005,0.22092,0.0,0.00952,1
1812,CVE-2024-51954,2025-03-04,CVE-2024-46278,2025-04-16,8,0.14999999999999963,0.00049,0.2114,0.0,0.00043,0.11827,0.0,0.09313,2
1814,CVE-2024-5198,2025-01-15,CVE-2024-9026,2025-04-10,1,0.05,0.00043,0.11287,1.0,0.00043,0.11266,0.0,0.00021000000000000185,1
1814,CVE-2024-5198,2025-01-15,CVE-2024-48921,2025-05-09,10,0.6499999999999997,0.00043,0.11287,1.0,0.00045,0.15909,0.0,0.04622000000000001,2
1814,CVE-2024-5198,2025-01-15,CVE-2024-6501,2025-05-17,5,0.24999999999999972,0.00043,0.11287,1.0,0.00045,0.17612,0.0,0.06325,3
1815,CVE-2024-52281,2025-04-16,CVE-2024-7297,2025-05-19,1,0.14999999999999963,0.0004,0.11359,0.0,0.00061,0.19179,0.0,0.07819999999999999,1
1819,CVE-2024-52308,2024-11-14,CVE-2024-42845,2024-12-15,1,0.0,0.00043,0.10163,1.0,0.00045,0.16925,0.0,0.06762000000000001,1
1830,CVE-2024-52372,2024-11-14,CVE-2024-51378,2024-12-16,1,0.0,0.00043,0.10163,1.0,0.00044,0.11504,0.0,0.013410000000000005,1
1831,CVE-2024-52373,2024-11-14,CVE-2024-51378,2024-12-16,1,0.0,0.00043,0.10163,1.0,0.00044,0.11504,0.0,0.013410000000000005,1
1832,CVE-2024-52374,2024-11-14,CVE-2024-51378,2024-12-16,1,0.0,0.00043,0.10163,1.0,0.00044,0.11504,0.0,0.013410000000000005,1
1833,CVE-2024-52375,2024-11-14,CVE-2024-51378,2024-12-16,1,0.0,0.00043,0.10163,1.0,0.00044,0.11504,0.0,0.013410000000000005,1
1834,CVE-2024-52376,2024-11-14,CVE-2024-51378,2024-12-16,1,0.0,0.00043,0.10163,1.0,0.00044,0.11504,0.0,0.013410000000000005,1
1835,CVE-2024-52377,2024-11-14,CVE-2024-51378,2024-12-16,1,0.0,0.00043,0.10163,1.0,0.00044,0.11504,0.0,0.013410000000000005,1
1836,CVE-2024-52379,2024-11-14,CVE-2024-51378,2024-12-16,1,0.0,0.00043,0.10163,1.0,0.00044,0.11504,0.0,0.013410000000000005,1
1837,CVE-2024-52380,2024-11-14,CVE-2024-51378,2024-12-16,1,0.0,0.00043,0.10163,1.0,0.00044,0.11504,0.0,0.013410000000000005,1
1886,CVE-2024-52541,2025-02-19,CVE-2024-22257,2025-05-30,3,0.05,0.00043,0.11709,1.0,0.00043,0.11699,0.0,0.00010000000000000286,1
1886,CVE-2024-52541,2025-02-19,CVE-2024-0399,2025-04-16,9,0.14999999999999963,0.00043,0.11709,1.0,0.00043,0.11699,0.0,0.00010000000000000286,2
1886,CVE-2024-52541,2025-02-19,CVE-2024-36623,2025-05-09,12,0.14999999999999963,0.00043,0.11709,1.0,0.00045,0.17984,0.0,0.06275,3
1888,CVE-2024-52551,2024-11-14,CVE-2024-42845,2024-12-15,1,0.0,0.00043,0.10146,0.0,0.00045,0.16925,0.0,0.06779000000000002,1
1889,CVE-2024-52552,2024-11-14,CVE-2024-42845,2024-12-15,1,0.0,0.00043,0.10146,0.0,0.00045,0.16925,0.0,0.06779000000000002,1
1907,CVE-2024-52869,2025-01-08,CVE-2024-38796,2025-04-23,9,0.14999999999999963,0.00043,0.11086,1.0,0.00043,0.11128,0.0,0.0004200000000000037,1
1907,CVE-2024-52869,2025-01-08,CVE-2024-29018,2025-05-09,11,0.14999999999999963,0.00043,0.11086,1.0,0.00043,0.11128,0.0,0.0004200000000000037,2
1907,CVE-2024-52869,2025-01-08,CVE-2024-42831,2025-04-02,5,0.14999999999999963,0.00043,0.11086,1.0,0.00045,0.17541,0.0,0.06455000000000001,3
1913,CVE-2024-52902,2025-02-19,CVE-2024-39304,2025-04-09,12,0.05,0.0005,0.21763,1.0,0.0005,0.21771,0.0,7.999999999999674e-05,1
1913,CVE-2024-52902,2025-02-19,CVE-2024-48827,2025-04-06,10,0.05,0.0005,0.21763,1.0,0.00045,0.17984,0.0,0.03778999999999999,2
1913,CVE-2024-52902,2025-02-19,CVE-2024-9054,2025-04-04,9,0.05,0.0005,0.21763,1.0,0.00064,0.30594,0.0,0.08831,3
1915,CVE-2024-52961,2025-03-11,CVE-2024-7297,2025-05-19,10,0.05,0.00043,0.1222,1.0,0.00043,0.11882,0.0,0.003380000000000008,1
1916,CVE-2024-52975,2025-01-23,CVE-2024-47460,2025-05-23,7,0.05,0.00043,0.11404,1.0,0.00043,0.11403,0.0,9.999999999996123e-06,1
1916,CVE-2024-52975,2025-01-23,CVE-2024-31989,2025-05-09,6,0.05,0.00043,0.11404,1.0,0.00042,0.05104,0.0,0.063,2
1918,CVE-2024-53104,2025-02-03,CVE-2024-11477,2025-05-08,12,0.05,0.00044,0.15232,0.0,0.00045,0.16325,0.0,0.010929999999999995,1
1918,CVE-2024-53104,2025-02-03,CVE-2024-38193,2025-04-17,5,0.05,0.00044,0.15232,0.0,0.00043,0.1154,0.0,0.03692000000000001,2
1918,CVE-2024-53104,2025-02-03,CVE-2024-43085,2025-04-28,10,0.05,0.00044,0.15232,0.0,0.00043,0.11437,0.0,0.03795000000000001,3
1919,CVE-2024-53141,2025-04-19,CVE-2024-46687,2025-05-26,1,0.0,0.00038,0.10791,0.0,0.00043,0.12934,0.0,0.021430000000000005,1
1919,CVE-2024-53141,2025-04-19,CVE-2024-39338,2025-05-27,3,0.2999999999999998,0.00038,0.10791,0.0,0.00026,0.05443,0.0,0.05348000000000001,2
1920,CVE-2024-53150,2025-04-07,CVE-2024-0150,2025-05-17,1,0.05,0.00014,0.01292,0.0,0.00023,0.03551,0.0,0.02259,1
1920,CVE-2024-53150,2025-04-07,CVE-2024-39338,2025-05-27,9,0.45000000000000034,0.00014,0.01292,0.0,0.00024,0.0372,0.0,0.024279999999999996,2
1921,CVE-2024-53197,2025-02-28,CVE-2024-11477,2025-05-08,11,0.05,0.00044,0.15631,0.0,0.00045,0.16767,0.0,0.011360000000000009,1
1921,CVE-2024-53197,2025-02-28,CVE-2024-21111,2025-05-09,12,0.05,0.00044,0.15631,0.0,0.00043,0.12274,0.0,0.03357,2
1921,CVE-2024-53197,2025-02-28,CVE-2024-38193,2025-04-17,4,0.05,0.00044,0.15631,0.0,0.00043,0.11879,0.0,0.03752,3
1931,CVE-2024-53427,2025-03-04,CVE-2024-36623,2025-05-09,7,0.05,0.00045,0.18319,0.0,0.00045,0.18319,0.0,0.0,1
1931,CVE-2024-53427,2025-03-04,CVE-2024-0399,2025-04-16,4,0.05,0.00045,0.18319,0.0,0.00043,0.11827,0.0,0.06491999999999999,2
1931,CVE-2024-53427,2025-03-04,CVE-2024-22257,2025-05-30,12,0.14999999999999963,0.00045,0.18319,0.0,0.00043,0.11827,0.0,0.06491999999999999,3
1937,CVE-2024-53537,2025-04-14,CVE-2024-26020,2025-05-18,7,0.55,0.00477,0.62256,0.0,0.0054,0.65083,0.0,0.028270000000000017,1
1937,CVE-2024-53537,2025-04-14,CVE-2024-42835,2025-05-19,10,0.7500000000000011,0.00477,0.62256,0.0,0.00573,0.66228,0.0,0.03971999999999998,2
1937,CVE-2024-53537,2025-04-14,CVE-2024-48061,2025-05-19,11,0.7500000000000011,0.00477,0.62256,0.0,0.00732,0.705,0.0,0.08243999999999996,3
1939,CVE-2024-53564,2024-12-03,CVE-2024-9026,2025-04-10,11,1.1499999999999997,0.00043,0.10484,0.0,0.00043,0.10484,0.0,0.0,1
1939,CVE-2024-53564,2024-12-03,CVE-2024-48921,2025-05-09,5,0.55,0.00043,0.10484,0.0,0.00045,0.15605,0.0,0.05120999999999999,2
1939,CVE-2024-53564,2024-12-03,CVE-2024-6501,2025-05-17,8,0.95,0.00043,0.10484,0.0,0.00045,0.17329,0.0,0.06845,3
1940,CVE-2024-53582,2025-04-14,CVE-2024-21325,2025-05-19,12,0.3499999999999998,0.01132,0.76503,0.0,0.01208,0.77222,0.0,0.00719000000000003,1
1940,CVE-2024-53582,2025-04-14,CVE-2024-26173,2025-05-16,5,0.3499999999999998,0.01132,0.76503,0.0,0.00932,0.7415,0.0,0.02352999999999994,2
1940,CVE-2024-53582,2025-04-14,CVE-2024-43452,2025-05-16,1,0.05,0.01132,0.76503,0.0,0.00727,0.70382,0.0,0.06120999999999999,3
1942,CVE-2024-53586,2025-04-11,CVE-2024-29073,2025-05-18,2,0.05,0.00234,0.43486,0.0,0.00176,0.36106,0.0,0.07380000000000003,1
1942,CVE-2024-53586,2025-04-11,CVE-2024-6383,2025-05-17,1,0.05,0.00234,0.43486,0.0,0.00163,0.34016,0.0,0.0947,2
1943,CVE-2024-53591,2025-04-21,CVE-2024-46687,2025-05-26,12,2.3000000000000007,0.00055,0.17382,0.0,0.00043,0.12861,0.0,0.04521,1
1946,CVE-2024-53705,2025-01-07,CVE-2024-35057,2025-04-11,8,0.05,0.00043,0.11133,3.0,0.00043,0.11049,0.0,0.0008399999999999935,1
1946,CVE-2024-53705,2025-01-07,CVE-2024-35058,2025-04-11,9,0.05,0.00043,0.11133,3.0,0.00043,0.11049,0.0,0.0008399999999999935,2
1946,CVE-2024-53705,2025-01-07,CVE-2024-35059,2025-04-11,10,0.05,0.00043,0.11133,3.0,0.00043,0.11049,0.0,0.0008399999999999935,3
1947,CVE-2024-53706,2025-01-07,CVE-2024-38193,2025-04-17,7,0.05,0.00043,0.11133,3.0,0.00043,0.11151,0.0,0.0001799999999999996,1
1947,CVE-2024-53706,2025-01-07,CVE-2024-49138,2025-04-22,9,0.05,0.00043,0.11133,3.0,0.00043,0.11151,0.0,0.0001799999999999996,2
1947,CVE-2024-53706,2025-01-07,CVE-2024-43085,2025-04-28,12,0.05,0.00043,0.11133,3.0,0.00043,0.11049,0.0,0.0008399999999999935,3
1957,CVE-2024-53829,2025-01-21,CVE-2024-22257,2025-05-30,8,0.05,0.00043,0.11371,1.0,0.00043,0.11351,0.0,0.00020000000000000573,1
1965,CVE-2024-53920,2024-11-27,CVE-2024-43590,2025-04-14,12,0.05,0.00045,0.17226,1.0,0.00048,0.19219,0.0,0.019930000000000003,1
1965,CVE-2024-53920,2024-11-27,CVE-2024-9956,2025-03-21,11,0.05,0.00045,0.17226,1.0,0.00043,0.10406,0.0,0.0682,2
1972,CVE-2024-53961,2025-04-17,CVE-2024-22257,2025-05-30,2,0.14999999999999963,0.00152,0.37114,0.0,0.00192,0.41792,0.0,0.04677999999999999,1
1972,CVE-2024-53961,2025-04-17,CVE-2024-29944,2025-05-19,7,0.3500000000000007,0.00152,0.37114,0.0,0.00102,0.29433,0.0,0.07681000000000004,2
1975,CVE-2024-54010,2025-01-08,CVE-2024-9026,2025-04-10,1,0.15000000000000008,0.00043,0.11086,1.0,0.00043,0.11128,0.0,0.0004200000000000037,1
1975,CVE-2024-54010,2025-01-08,CVE-2024-48921,2025-05-09,10,0.7499999999999998,0.00043,0.11086,1.0,0.00045,0.15806,0.0,0.047200000000000006,2
1975,CVE-2024-54010,2025-01-08,CVE-2024-45310,2025-04-23,3,0.25000000000000017,0.00043,0.11086,1.0,0.00045,0.17541,0.0,0.06455000000000001,3
1977,CVE-2024-54032,2024-12-10,CVE-2024-23346,2025-04-15,7,0.05,0.00043,0.10788,1.0,0.00045,0.17601,0.0,0.06813,1
1978,CVE-2024-54034,2024-12-10,CVE-2024-23346,2025-04-15,7,0.05,0.00043,0.10788,1.0,0.00045,0.17601,0.0,0.06813,1
1979,CVE-2024-54036,2024-12-10,CVE-2024-23346,2025-04-15,7,0.05,0.00043,0.10788,1.0,0.00045,0.17601,0.0,0.06813,1
1987,CVE-2024-54142,2025-01-14,CVE-2024-47460,2025-05-23,7,0.05,0.00043,0.11266,1.0,0.00043,0.112,0.0,0.0006599999999999939,1
1987,CVE-2024-54142,2025-01-14,CVE-2024-31989,2025-05-09,6,0.05,0.00043,0.11266,1.0,0.00042,0.05089,0.0,0.06177,2
1987,CVE-2024-54142,2025-01-14,CVE-2024-35540,2025-04-10,3,0.05,0.00043,0.11266,1.0,0.0005,0.21243,0.0,0.09977000000000001,3
1988,CVE-2024-54147,2025-04-23,CVE-2024-39338,2025-05-27,4,1.0000000000000002,0.00032,0.07552,0.0,0.00026,0.05352,0.0,0.022000000000000006,1
1988,CVE-2024-54147,2025-04-23,CVE-2024-46687,2025-05-26,5,1.3,0.00032,0.07552,0.0,0.00043,0.12832,0.0,0.052799999999999986,2
1995,CVE-2024-54215,2024-12-09,CVE-2024-23346,2025-04-15,7,0.05,0.00043,0.10702,1.0,0.00045,0.17463,0.0,0.06761,1
1996,CVE-2024-54221,2024-12-05,CVE-2024-23346,2025-04-15,9,0.05,0.00043,0.10534,0.0,0.00045,0.17386,0.0,0.06851999999999998,1
1998,CVE-2024-54234,2024-12-13,CVE-2024-23346,2025-04-15,6,0.05,0.00043,0.10937,1.0,0.00045,0.17777,0.0,0.06840000000000002,1
2003,CVE-2024-54262,2024-12-13,CVE-2024-41110,2025-05-09,9,0.05,0.00043,0.10937,1.0,0.00045,0.16072,0.0,0.05135000000000001,1
2006,CVE-2024-54280,2024-12-16,CVE-2024-23346,2025-04-15,6,0.05,0.00043,0.10859,1.0,0.00045,0.17863,0.0,0.07004,1
2008,CVE-2024-54291,2025-03-28,CVE-2024-43201,2025-05-04,8,0.25000000000000105,0.0004,0.0629,1.0,0.00056,0.14529,0.0,0.08239,1
2009,CVE-2024-54292,2024-12-13,CVE-2024-23346,2025-04-15,6,0.05,0.00043,0.10937,1.0,0.00045,0.17777,0.0,0.06840000000000002,1
2018,CVE-2024-54362,2025-03-28,CVE-2024-43085,2025-04-28,7,0.3499999999999998,0.0003,0.04212,1.0,9e-05,0.00395,0.0,0.038169999999999996,1
2021,CVE-2024-54370,2024-12-16,CVE-2024-41110,2025-05-09,8,0.05,0.00043,0.10859,1.0,0.00045,0.16151,0.0,0.05291999999999998,1
2026,CVE-2024-54450,2024-12-28,CVE-2024-23346,2025-04-15,6,0.14999999999999963,0.00043,0.1094,0.0,0.00045,0.17458,0.0,0.06518000000000002,1
2027,CVE-2024-54492,2024-12-12,CVE-2024-42831,2025-04-02,12,0.24999999999999928,0.00045,0.17698,0.0,0.00045,0.17698,0.0,0.0,1
2027,CVE-2024-54492,2024-12-12,CVE-2024-38796,2025-04-23,1,0.05,0.00045,0.17698,0.0,0.00043,0.10812,0.0,0.06886,2
2027,CVE-2024-54492,2024-12-12,CVE-2024-29018,2025-05-09,2,0.05,0.00045,0.17698,0.0,0.00043,0.10812,0.0,0.06886,3
2037,CVE-2024-54772,2025-02-24,CVE-2024-36424,2025-04-10,12,0.14999999999999963,0.00043,0.11721,0.0,0.00043,0.11721,0.0,0.0,1
2037,CVE-2024-54772,2025-02-24,CVE-2024-11831,2025-05-17,5,0.05,0.00043,0.11721,0.0,0.00044,0.12635,0.0,0.009139999999999995,2
2037,CVE-2024-54772,2025-02-24,CVE-2024-48120,2025-03-27,1,0.05,0.00043,0.11721,0.0,0.00045,0.16496,0.0,0.04775,3
2057,CVE-2024-55211,2025-04-17,CVE-2024-39338,2025-05-27,12,0.9500000000000004,0.00017,0.02784,1.0,0.00026,0.05456,0.0,0.026719999999999997,1
2058,CVE-2024-55213,2025-02-10,CVE-2024-35539,2025-04-10,6,0.05,0.00043,0.11462,0.0,0.00043,0.11462,0.0,0.0,1
2058,CVE-2024-55213,2025-02-10,CVE-2024-53299,2025-05-08,9,0.05,0.00043,0.11462,0.0,0.00043,0.11462,0.0,0.0,2
2058,CVE-2024-55213,2025-02-10,CVE-2024-12342,2025-04-17,7,0.05,0.00043,0.11462,0.0,0.00045,0.1781,0.0,0.06348000000000001,3
2059,CVE-2024-55214,2025-02-10,CVE-2024-35539,2025-04-10,6,0.05,0.00043,0.11462,0.0,0.00043,0.11462,0.0,0.0,1
2059,CVE-2024-55214,2025-02-10,CVE-2024-53299,2025-05-08,9,0.05,0.00043,0.11462,0.0,0.00043,0.11462,0.0,0.0,2
2059,CVE-2024-55214,2025-02-10,CVE-2024-12342,2025-04-17,7,0.05,0.00043,0.11462,0.0,0.00045,0.1781,0.0,0.06348000000000001,3
2063,CVE-2024-55226,2025-01-13,CVE-2024-47605,2025-04-14,6,0.05,0.00045,0.17537,0.0,0.00045,0.17624,3.0,0.0008700000000000097,1
2063,CVE-2024-55226,2025-01-13,CVE-2024-48120,2025-03-27,4,0.05,0.00045,0.17537,0.0,0.00045,0.15817,0.0,0.017199999999999993,2
2063,CVE-2024-55226,2025-01-13,CVE-2024-39143,2025-04-09,5,0.05,0.00045,0.17537,0.0,0.00045,0.15817,0.0,0.017199999999999993,3
2069,CVE-2024-55488,2025-01-22,CVE-2024-53299,2025-05-08,9,0.05,0.00043,0.11403,1.0,0.00043,0.11431,3.0,0.0002799999999999886,1
2069,CVE-2024-55488,2025-01-22,CVE-2024-35539,2025-04-10,6,0.05,0.00043,0.11403,1.0,0.00043,0.11371,0.0,0.00032000000000000084,2
2069,CVE-2024-55488,2025-01-22,CVE-2024-3935,2025-04-17,1,0.0,0.00043,0.11403,1.0,0.00045,0.1772,0.0,0.06316999999999999,3
2077,CVE-2024-55550,2025-01-07,CVE-2024-9026,2025-04-10,9,0.6499999999999997,0.00043,0.11049,0.0,0.00043,0.11049,0.0,0.0,1
2077,CVE-2024-55550,2025-01-07,CVE-2024-48921,2025-05-09,2,0.05,0.00043,0.11049,0.0,0.00045,0.15731,0.0,0.04682,2
2077,CVE-2024-55550,2025-01-07,CVE-2024-6501,2025-05-17,7,0.4499999999999999,0.00043,0.11049,0.0,0.00045,0.17482,0.0,0.06433,3
2082,CVE-2024-55570,2025-03-07,CVE-2024-36424,2025-04-10,5,0.14999999999999963,0.00043,0.11868,0.0,0.00043,0.11868,0.0,0.0,1
2082,CVE-2024-55570,2025-03-07,CVE-2024-50204,2025-05-09,11,0.14999999999999963,0.00043,0.11868,0.0,0.00043,0.11868,0.0,0.0,2
2082,CVE-2024-55570,2025-03-07,CVE-2024-11831,2025-05-17,4,0.05,0.00043,0.11868,0.0,0.00044,0.12797,0.0,0.009290000000000007,3
2084,CVE-2024-55577,2025-01-15,CVE-2024-40892,2025-03-17,2,0.14999999999999963,0.00043,0.11287,1.0,0.00043,0.11266,0.0,0.00021000000000000185,1
2084,CVE-2024-55577,2025-01-15,CVE-2024-48846,2025-04-16,4,0.14999999999999963,0.00043,0.11287,1.0,0.00043,0.11266,0.0,0.00021000000000000185,2
2084,CVE-2024-55577,2025-01-15,CVE-2024-47461,2025-05-23,10,0.25000000000000017,0.00043,0.11287,1.0,0.00043,0.11266,0.0,0.00021000000000000185,3
2088,CVE-2024-55590,2025-03-11,CVE-2024-7297,2025-05-19,10,0.05,0.00043,0.1222,1.0,0.00043,0.11882,0.0,0.003380000000000008,1
2095,CVE-2024-55662,2024-12-12,CVE-2024-41110,2025-05-09,9,0.05,0.00045,0.17732,1.0,0.00045,0.16046,0.0,0.016860000000000014,1
2097,CVE-2024-55877,2024-12-12,CVE-2024-41110,2025-05-09,9,0.05,0.00045,0.17732,1.0,0.00045,0.16046,0.0,0.016860000000000014,1
2099,CVE-2024-55884,2024-12-12,CVE-2024-35540,2025-04-10,10,0.05,0.00045,0.17698,0.0,0.0005,0.21206,0.0,0.03508,1
2101,CVE-2024-55889,2025-04-16,CVE-2024-26626,2025-05-20,11,0.6499999999999997,0.00015,0.02025,0.0,0.00016,0.0235,0.0,0.0032499999999999994,1
2101,CVE-2024-55889,2025-04-16,CVE-2024-26627,2025-05-20,12,0.6499999999999997,0.00015,0.02025,0.0,0.00013,0.01311,0.0,0.0071400000000000005,2
2101,CVE-2024-55889,2025-04-16,CVE-2024-53869,2025-05-17,10,0.6499999999999997,0.00015,0.02025,0.0,0.00018,0.02913,0.0,0.008879999999999999,3
2105,CVE-2024-55948,2025-02-04,CVE-2024-22257,2025-05-30,7,0.05,0.00043,0.11488,1.0,0.00043,0.11479,0.0,8.999999999999286e-05,1
2107,CVE-2024-55956,2025-03-18,CVE-2024-27198,2025-05-13,9,0.05,0.90833,0.99624,0.0,0.94582,1.0,0.0,0.0037599999999999856,1
2107,CVE-2024-55956,2025-03-18,CVE-2024-44541,2025-04-18,2,0.05,0.90833,0.99624,0.0,0.27293,0.96025,0.0,0.035989999999999966,2
2107,CVE-2024-55956,2025-03-18,CVE-2024-29943,2025-05-19,1,0.0,0.90833,0.99624,0.0,0.24595,0.95702,0.0,0.03922000000000003,3
2111,CVE-2024-55972,2024-12-16,CVE-2024-23346,2025-04-15,6,0.05,0.00043,0.10859,1.0,0.00045,0.17863,0.0,0.07004,1
2115,CVE-2024-55976,2024-12-16,CVE-2024-23346,2025-04-15,6,0.05,0.00043,0.10859,1.0,0.00045,0.17863,0.0,0.07004,1
2116,CVE-2024-55977,2024-12-16,CVE-2024-23346,2025-04-15,6,0.05,0.00043,0.10859,1.0,0.00045,0.17863,0.0,0.07004,1
2117,CVE-2024-55978,2024-12-16,CVE-2024-23346,2025-04-15,6,0.05,0.00043,0.10859,1.0,0.00045,0.17863,0.0,0.07004,1
2119,CVE-2024-55980,2024-12-16,CVE-2024-23346,2025-04-15,6,0.05,0.00043,0.10859,1.0,0.00045,0.17863,0.0,0.07004,1
2120,CVE-2024-55981,2024-12-16,CVE-2024-23346,2025-04-15,6,0.05,0.00043,0.10859,1.0,0.00045,0.17863,0.0,0.07004,1
2121,CVE-2024-55982,2024-12-16,CVE-2024-23346,2025-04-15,6,0.05,0.00043,0.10859,1.0,0.00045,0.17863,0.0,0.07004,1
2127,CVE-2024-55988,2024-12-16,CVE-2024-23346,2025-04-15,6,0.05,0.00043,0.10859,1.0,0.00045,0.17863,0.0,0.07004,1
2131,CVE-2024-56039,2024-12-31,CVE-2024-23346,2025-04-15,4,0.05,0.00043,0.10983,1.0,0.00045,0.17483,0.0,0.06500000000000002,1
2134,CVE-2024-56042,2024-12-31,CVE-2024-23346,2025-04-15,4,0.05,0.00043,0.10983,1.0,0.00045,0.17483,0.0,0.06500000000000002,1
2137,CVE-2024-56045,2024-12-31,CVE-2024-23346,2025-04-15,4,0.05,0.00043,0.10983,1.0,0.00045,0.17483,0.0,0.06500000000000002,1
2138,CVE-2024-56046,2024-12-31,CVE-2024-2973,2025-02-18,7,0.05,0.00043,0.10983,1.0,0.00043,0.10957,0.0,0.00025999999999999635,1
2142,CVE-2024-56050,2024-12-18,CVE-2024-41110,2025-05-09,7,0.05,0.00043,0.10875,1.0,0.00045,0.1576,0.0,0.04884999999999999,1
2144,CVE-2024-56052,2024-12-18,CVE-2024-41110,2025-05-09,7,0.05,0.00043,0.10875,1.0,0.00045,0.1576,0.0,0.04884999999999999,1
2147,CVE-2024-56057,2024-12-18,CVE-2024-41110,2025-05-09,7,0.05,0.00043,0.10875,1.0,0.00045,0.1576,0.0,0.04884999999999999,1
2151,CVE-2024-56064,2024-12-31,CVE-2024-2973,2025-02-18,7,0.05,0.00043,0.10983,1.0,0.00043,0.10957,0.0,0.00025999999999999635,1
2154,CVE-2024-56131,2025-02-05,CVE-2024-46278,2025-04-16,11,0.05,0.00043,0.11479,1.0,0.00043,0.11488,0.0,8.999999999999286e-05,1
2155,CVE-2024-56132,2025-02-05,CVE-2024-46278,2025-04-16,11,0.05,0.00043,0.11479,1.0,0.00043,0.11488,0.0,8.999999999999286e-05,1
2156,CVE-2024-56133,2025-02-05,CVE-2024-46278,2025-04-16,11,0.05,0.00043,0.11479,1.0,0.00043,0.11488,0.0,8.999999999999286e-05,1
2157,CVE-2024-56134,2025-02-05,CVE-2024-46278,2025-04-16,11,0.05,0.00043,0.11479,1.0,0.00043,0.11488,0.0,8.999999999999286e-05,1
2158,CVE-2024-56135,2025-02-05,CVE-2024-46278,2025-04-16,11,0.05,0.00043,0.11479,1.0,0.00043,0.11488,0.0,8.999999999999286e-05,1
2159,CVE-2024-56161,2025-02-05,CVE-2024-47461,2025-05-23,5,0.05,0.00043,0.11488,0.0,0.00043,0.11488,0.0,0.0,1
2159,CVE-2024-56161,2025-02-05,CVE-2024-35061,2025-04-11,8,0.14999999999999963,0.00043,0.11488,0.0,0.00045,0.17834,0.0,0.06346,2
2159,CVE-2024-56161,2025-02-05,CVE-2024-53150,2025-04-07,6,0.10000000000000053,0.00043,0.11488,0.0,0.00042,0.05074,0.0,0.06414,3
2161,CVE-2024-56181,2025-03-11,CVE-2024-22257,2025-05-30,2,0.05,0.00043,0.11938,1.0,0.00043,0.11882,0.0,0.0005600000000000049,1
2161,CVE-2024-56181,2025-03-11,CVE-2024-0399,2025-04-16,4,0.14999999999999963,0.00043,0.11938,1.0,0.00043,0.11882,0.0,0.0005600000000000049,2
2161,CVE-2024-56181,2025-03-11,CVE-2024-46278,2025-04-16,11,0.25000000000000105,0.00043,0.11938,1.0,0.00043,0.11882,0.0,0.0005600000000000049,3
2162,CVE-2024-56182,2025-03-11,CVE-2024-22257,2025-05-30,2,0.05,0.00043,0.11938,1.0,0.00043,0.11882,0.0,0.0005600000000000049,1
2162,CVE-2024-56182,2025-03-11,CVE-2024-0399,2025-04-16,4,0.14999999999999963,0.00043,0.11938,1.0,0.00043,0.11882,0.0,0.0005600000000000049,2
2162,CVE-2024-56182,2025-03-11,CVE-2024-46278,2025-04-16,11,0.25000000000000105,0.00043,0.11938,1.0,0.00043,0.11882,0.0,0.0005600000000000049,3
2177,CVE-2024-56284,2025-01-07,CVE-2024-23346,2025-04-15,3,0.05,0.00043,0.11128,1.0,0.00045,0.17528,0.0,0.06399999999999999,1
2178,CVE-2024-56290,2025-01-07,CVE-2024-23346,2025-04-15,3,0.05,0.00043,0.11128,1.0,0.00045,0.17528,0.0,0.06399999999999999,1
2182,CVE-2024-56326,2024-12-24,CVE-2024-29748,2025-02-28,4,0.05,0.00129,0.48201,0.0,0.00095,0.41297,0.0,0.06903999999999999,1
2184,CVE-2024-56336,2025-03-11,CVE-2024-10525,2025-04-17,1,0.0,0.00091,0.41281,1.0,0.00068,0.32951,0.0,0.08329999999999999,1
2186,CVE-2024-56346,2025-03-18,CVE-2024-9142,2025-04-21,8,0.24999999999999928,0.00077,0.20264,1.0,0.00116,0.27975,0.0,0.07711000000000001,1
2187,CVE-2024-56347,2025-03-18,CVE-2024-9142,2025-04-21,7,0.25000000000000105,0.00071,0.18665,1.0,0.00116,0.27975,0.0,0.09309999999999999,1
2192,CVE-2024-56404,2025-01-24,CVE-2024-41110,2025-05-09,2,0.05,0.00045,0.17773,1.0,0.00045,0.16249,0.0,0.015240000000000004,1
2199,CVE-2024-56799,2024-12-30,CVE-2024-2973,2025-02-18,7,0.05,0.00043,0.10957,1.0,0.00043,0.10935,0.0,0.00021999999999999797,1
2200,CVE-2024-56829,2025-01-02,CVE-2024-2973,2025-02-18,7,0.05,0.00043,0.10982,0.0,0.00043,0.10982,0.0,0.0,1
2201,CVE-2024-56883,2025-02-19,CVE-2024-0399,2025-04-16,6,0.05,0.00043,0.11699,0.0,0.00043,0.11699,0.0,0.0,1
2201,CVE-2024-56883,2025-02-19,CVE-2024-36623,2025-05-09,9,0.05,0.00043,0.11699,0.0,0.00045,0.17984,0.0,0.06285,2
2204,CVE-2024-56902,2025-04-08,CVE-2024-21111,2025-05-09,9,0.2999999999999998,0.03336,0.86203,0.0,0.0466,0.88347,0.0,0.021440000000000015,1
2221,CVE-2024-5705,2025-02-20,CVE-2024-4007,2025-04-03,8,0.05,0.00043,0.11709,0.0,0.00043,0.11709,0.0,0.0,1
2221,CVE-2024-5705,2025-02-20,CVE-2024-48827,2025-04-06,10,0.05,0.00043,0.11709,0.0,0.00045,0.1797,0.0,0.06261,2
2224,CVE-2024-5706,2025-02-20,CVE-2024-4007,2025-04-03,8,0.05,0.00043,0.11709,0.0,0.00043,0.11709,0.0,0.0,1
2224,CVE-2024-5706,2025-02-20,CVE-2024-48827,2025-04-06,10,0.05,0.00043,0.11709,0.0,0.00045,0.1797,0.0,0.06261,2
2225,CVE-2024-57077,2025-02-06,CVE-2024-30896,2025-04-08,11,0.05,0.00043,0.11479,0.0,0.00043,0.11479,0.0,0.0,1
2225,CVE-2024-57077,2025-02-06,CVE-2024-53537,2025-04-14,12,0.05,0.00043,0.11479,0.0,0.00044,0.12654,0.0,0.01175000000000001,2
2228,CVE-2024-57174,2025-03-06,CVE-2024-0399,2025-04-16,2,0.05,0.00043,0.11847,0.0,0.00043,0.11847,0.0,0.0,1
2228,CVE-2024-57174,2025-03-06,CVE-2024-22257,2025-05-30,10,0.14999999999999963,0.00043,0.11847,0.0,0.00043,0.11847,0.0,0.0,2
2228,CVE-2024-57174,2025-03-06,CVE-2024-36623,2025-05-09,5,0.05,0.00043,0.11847,0.0,0.00045,0.18333,0.0,0.06485999999999999,3
2232,CVE-2024-57249,2025-02-10,CVE-2024-35539,2025-04-10,6,0.05,0.00043,0.11462,0.0,0.00043,0.11462,0.0,0.0,1
2232,CVE-2024-57249,2025-02-10,CVE-2024-53299,2025-05-08,9,0.05,0.00043,0.11462,0.0,0.00043,0.11462,0.0,0.0,2
2232,CVE-2024-57249,2025-02-10,CVE-2024-12342,2025-04-17,7,0.05,0.00043,0.11462,0.0,0.00045,0.1781,0.0,0.06348000000000001,3
2233,CVE-2024-57357,2025-02-08,CVE-2024-0399,2025-04-16,11,0.14999999999999963,0.00043,0.11748,0.0,0.00043,0.11466,0.0,0.002820000000000003,1
2237,CVE-2024-57428,2025-02-06,CVE-2024-23346,2025-04-15,3,0.05,0.00043,0.11478,1.0,0.00043,0.11891,0.0,0.004130000000000009,1
2240,CVE-2024-57432,2025-02-03,CVE-2024-35057,2025-04-11,7,0.05,0.00043,0.11437,0.0,0.00043,0.11437,0.0,0.0,1
2240,CVE-2024-57432,2025-02-03,CVE-2024-35058,2025-04-11,8,0.05,0.00043,0.11437,0.0,0.00043,0.11437,0.0,0.0,2
2240,CVE-2024-57432,2025-02-03,CVE-2024-35059,2025-04-11,9,0.05,0.00043,0.11437,0.0,0.00043,0.11437,0.0,0.0,3
2244,CVE-2024-57548,2025-01-28,CVE-2024-30896,2025-04-08,12,0.05,0.00043,0.11449,0.0,0.00043,0.11449,0.0,0.0,1
2254,CVE-2024-57699,2025-04-17,CVE-2024-39338,2025-05-27,1,0.0,0.00029,0.06741,0.0,0.00026,0.05456,0.0,0.01285,1
2254,CVE-2024-57699,2025-04-17,CVE-2024-46687,2025-05-26,7,0.2999999999999998,0.00029,0.06741,0.0,0.00043,0.12858,0.0,0.06117,2
2256,CVE-2024-57726,2025-01-16,CVE-2024-41110,2025-05-09,4,0.05,0.00043,0.11287,0.0,0.00045,0.16089,0.0,0.04802000000000001,1
2257,CVE-2024-57727,2025-01-28,CVE-2024-38813,2025-03-04,1,0.0,0.00466,0.75494,0.0,0.00416,0.74062,0.0,0.01432000000000011,1
2258,CVE-2024-57728,2025-01-28,CVE-2024-44871,2025-03-27,1,0.05,0.0005,0.2155,0.0,0.0005,0.2155,0.0,0.0,1
2258,CVE-2024-57728,2025-01-28,CVE-2024-42471,2025-04-30,10,0.14999999999999963,0.0005,0.2155,0.0,0.00053,0.24083,0.0,0.02532999999999999,2
2258,CVE-2024-57728,2025-01-28,CVE-2024-12987,2025-05-17,12,0.14999999999999963,0.0005,0.2155,0.0,0.00046,0.18724,0.0,0.028260000000000007,3
2260,CVE-2024-57823,2025-01-10,CVE-2024-23346,2025-04-15,3,0.05,0.00045,0.17529,1.0,0.00045,0.17579,0.0,0.0005000000000000004,1
2261,CVE-2024-57892,2025-01-15,CVE-2024-9956,2025-03-21,3,0.05,0.00045,0.17624,1.0,0.00046,0.19109,0.0,0.014850000000000002,1
2261,CVE-2024-57892,2025-01-15,CVE-2024-43590,2025-04-14,4,0.05,0.00045,0.17624,1.0,0.00048,0.19732,0.0,0.021079999999999988,2
2261,CVE-2024-57892,2025-01-15,CVE-2024-53197,2025-02-28,2,0.05,0.00045,0.17624,1.0,0.00044,0.15063,0.0,0.02561000000000002,3
2262,CVE-2024-57895,2025-01-15,CVE-2024-26634,2025-05-09,7,0.05,0.00045,0.17624,1.0,0.00045,0.17612,0.0,0.00012000000000000899,1
2262,CVE-2024-57895,2025-01-15,CVE-2024-27876,2025-04-24,5,0.05,0.00045,0.17624,1.0,0.0005,0.2113,0.0,0.03505999999999998,2
2262,CVE-2024-57895,2025-01-15,CVE-2024-26181,2025-05-16,12,0.05,0.00045,0.17624,1.0,0.00053,0.23723,0.0,0.06098999999999999,3
2263,CVE-2024-57896,2025-01-15,CVE-2024-38193,2025-04-17,7,0.05,0.00044,0.12225,1.0,0.00043,0.1137,0.0,0.008550000000000002,1
2263,CVE-2024-57896,2025-01-15,CVE-2024-43085,2025-04-28,12,0.05,0.00044,0.12225,1.0,0.00043,0.11266,0.0,0.009590000000000001,2
2263,CVE-2024-57896,2025-01-15,CVE-2024-53197,2025-02-28,2,0.05,0.00044,0.12225,1.0,0.00044,0.15063,0.0,0.02837999999999999,3
2264,CVE-2024-57900,2025-01-15,CVE-2024-38193,2025-04-17,7,0.05,0.00044,0.12225,1.0,0.00043,0.1137,0.0,0.008550000000000002,1
2264,CVE-2024-57900,2025-01-15,CVE-2024-43085,2025-04-28,12,0.05,0.00044,0.12225,1.0,0.00043,0.11266,0.0,0.009590000000000001,2
2264,CVE-2024-57900,2025-01-15,CVE-2024-53197,2025-02-28,2,0.05,0.00044,0.12225,1.0,0.00044,0.15063,0.0,0.02837999999999999,3
2265,CVE-2024-57901,2025-01-15,CVE-2024-36424,2025-04-10,4,0.05,0.00044,0.12225,1.0,0.00043,0.11266,0.0,0.009590000000000001,1
2265,CVE-2024-57901,2025-01-15,CVE-2024-50204,2025-05-09,10,0.05,0.00044,0.12225,1.0,0.00043,0.11266,0.0,0.009590000000000001,2
2265,CVE-2024-57901,2025-01-15,CVE-2024-26634,2025-05-09,7,0.05,0.00044,0.12225,1.0,0.00045,0.17612,0.0,0.05387,3
2266,CVE-2024-57902,2025-01-15,CVE-2024-36424,2025-04-10,4,0.05,0.00044,0.12225,1.0,0.00043,0.11266,0.0,0.009590000000000001,1
2266,CVE-2024-57902,2025-01-15,CVE-2024-50204,2025-05-09,10,0.05,0.00044,0.12225,1.0,0.00043,0.11266,0.0,0.009590000000000001,2
2266,CVE-2024-57902,2025-01-15,CVE-2024-26634,2025-05-09,7,0.05,0.00044,0.12225,1.0,0.00045,0.17612,0.0,0.05387,3
2267,CVE-2024-57968,2025-02-03,CVE-2024-41110,2025-05-09,2,0.05,0.00043,0.11479,1.0,0.00045,0.16328,0.0,0.048490000000000005,1
2268,CVE-2024-57971,2025-02-16,CVE-2024-53537,2025-04-14,11,0.05,0.00045,0.17961,0.0,0.00044,0.12827,0.0,0.05134,1
2268,CVE-2024-57971,2025-02-16,CVE-2024-30896,2025-04-08,10,0.05,0.00045,0.17961,0.0,0.00043,0.1166,0.0,0.06301,2
2269,CVE-2024-58044,2025-03-04,CVE-2024-46278,2025-04-16,6,0.05,0.00043,0.11829,1.0,0.00043,0.11827,0.0,2.0000000000006124e-05,1
2269,CVE-2024-58044,2025-03-04,CVE-2024-29944,2025-05-19,9,0.05,0.00043,0.11829,1.0,0.00045,0.18901,0.0,0.07072,2
2271,CVE-2024-58087,2025-03-13,CVE-2024-0399,2025-04-16,2,0.05,0.00044,0.12854,0.0,0.00043,0.11935,0.0,0.00918999999999999,1
2271,CVE-2024-58087,2025-03-13,CVE-2024-22257,2025-05-30,9,0.14999999999999963,0.00044,0.12854,0.0,0.00043,0.11935,0.0,0.00918999999999999,2
2271,CVE-2024-58087,2025-03-13,CVE-2024-36623,2025-05-09,5,0.05,0.00044,0.12854,0.0,0.00045,0.18376,0.0,0.05522000000000002,3
2278,CVE-2024-58250,2025-04-22,CVE-2024-39338,2025-05-27,12,2.1000000000000005,0.00014,0.01551,0.0,0.00026,0.05361,0.0,0.038099999999999995,1
2280,CVE-2024-5910,2025-04-06,CVE-2024-27198,2025-05-13,3,0.05,0.8954,0.99538,0.0,0.94582,1.0,0.0,0.0046199999999999575,1
2280,CVE-2024-5910,2025-04-06,CVE-2024-29943,2025-05-19,4,0.05,0.8954,0.99538,0.0,0.23938,0.9558,0.0,0.03958000000000006,2
2280,CVE-2024-5910,2025-04-06,CVE-2024-21591,2025-05-07,2,0.05,0.8954,0.99538,0.0,0.0694,0.90577,0.0,0.08961000000000008,3
2284,CVE-2024-6039,2025-04-10,CVE-2024-6485,2025-05-17,3,0.15000000000000052,0.00246,0.45202,0.0,0.00312,0.51481,0.0,0.06279000000000001,1
2284,CVE-2024-6039,2025-04-10,CVE-2024-6531,2025-05-17,4,0.15000000000000052,0.00246,0.45202,0.0,0.00312,0.51481,0.0,0.06279000000000001,2
2286,CVE-2024-6244,2025-04-09,CVE-2024-1708,2025-05-13,8,0.45000000000000034,0.23291,0.95489,0.0,0.76932,0.98905,0.0,0.03415999999999997,1
2287,CVE-2024-6298,2025-04-02,CVE-2024-41110,2025-05-09,2,0.14999999999999963,0.01575,0.79902,0.0,0.01389,0.78663,0.0,0.012389999999999901,1
2287,CVE-2024-6298,2025-04-02,CVE-2024-37014,2025-05-19,7,0.24999999999999928,0.01575,0.79902,0.0,0.01883,0.81593,0.0,0.01691000000000009,2
2288,CVE-2024-6327,2025-04-17,CVE-2024-37014,2025-05-19,1,0.09999999999999964,0.01829,0.81885,0.0,0.02498,0.84441,0.0,0.025560000000000027,1
2292,CVE-2024-6407,2025-04-22,CVE-2024-22257,2025-05-30,9,1.8500000000000014,0.00144,0.3582,0.0,0.00192,0.41712,0.0,0.05891999999999997,1
2292,CVE-2024-6407,2025-04-22,CVE-2024-47460,2025-05-23,6,0.8000000000000007,0.00144,0.3582,0.0,0.00102,0.29365,0.0,0.06455,2
2299,CVE-2024-6670,2025-03-25,CVE-2024-27198,2025-05-13,3,0.05,0.94309,0.99938,0.0,0.94582,1.0,0.0,0.0006199999999999539,1
2299,CVE-2024-6670,2025-03-25,CVE-2024-29943,2025-05-19,4,0.05,0.94309,0.99938,0.0,0.24595,0.9563,0.0,0.04308000000000001,2
2299,CVE-2024-6670,2025-03-25,CVE-2024-21591,2025-05-07,2,0.05,0.94309,0.99938,0.0,0.0694,0.90489,0.0,0.09449000000000007,3
2300,CVE-2024-6671,2025-03-25,CVE-2024-29943,2025-05-19,4,0.05,0.12416,0.93226,0.0,0.24595,0.9563,0.0,0.02404000000000006,1
2300,CVE-2024-6671,2025-03-25,CVE-2024-21591,2025-05-07,2,0.05,0.12416,0.93226,0.0,0.0694,0.90489,0.0,0.027370000000000005,2
2300,CVE-2024-6671,2025-03-25,CVE-2024-27198,2025-05-13,3,0.05,0.12416,0.93226,0.0,0.94582,1.0,0.0,0.06774000000000002,3
2302,CVE-2024-6769,2024-09-27,CVE-2024-20054,2025-05-07,12,0.15000000000000052,0.00043,0.09601,0.0,0.00043,0.09601,0.0,0.0,1
2302,CVE-2024-6769,2024-09-27,CVE-2024-40893,2025-03-17,5,0.14999999999999963,0.00043,0.09601,0.0,0.00043,0.10259,0.0,0.0065800000000000025,2
2302,CVE-2024-6769,2024-09-27,CVE-2024-23922,2025-04-08,7,0.14999999999999963,0.00043,0.09601,0.0,0.00046,0.16952,0.0,0.07351,3
2303,CVE-2024-6778,2024-10-17,CVE-2024-8376,2025-04-17,6,0.0,0.00043,0.09695,0.0,0.00044,0.10991,0.0,0.01296,1
2304,CVE-2024-6784,2024-12-05,CVE-2024-41110,2025-05-09,9,0.05,0.00043,0.10597,3.0,0.00045,0.15804,0.0,0.05207000000000002,1
2310,CVE-2024-7344,2025-01-16,CVE-2024-22257,2025-05-30,9,0.05,0.00045,0.17624,0.0,0.00043,0.11287,0.0,0.06337000000000001,1
2315,CVE-2024-7801,2025-04-05,CVE-2024-6484,2025-05-17,11,0.14999999999999963,0.00109,0.26415,0.0,0.00113,0.26944,0.0,0.005290000000000017,1
2315,CVE-2024-7801,2025-04-05,CVE-2024-36621,2025-05-09,3,0.05,0.00109,0.26415,0.0,0.00097,0.24444,0.0,0.019710000000000005,2
2315,CVE-2024-7801,2025-04-05,CVE-2024-33663,2025-05-11,5,0.05,0.00109,0.26415,0.0,0.00093,0.23725,0.0,0.026900000000000007,3
2316,CVE-2024-7815,2025-04-10,CVE-2024-56378,2025-05-17,7,2.1999999999999997,0.00107,0.26062,0.0,0.00098,0.24747,0.0,0.013150000000000023,1
2316,CVE-2024-7815,2025-04-10,CVE-2024-32152,2025-05-18,2,0.7500000000000002,0.00107,0.26062,0.0,0.00147,0.31939,0.0,0.05876999999999999,2
2316,CVE-2024-7815,2025-04-10,CVE-2024-13176,2025-05-17,5,1.9999999999999998,0.00107,0.26062,0.0,0.00075,0.19845,0.0,0.06217000000000003,3
2319,CVE-2024-7971,2025-04-13,CVE-2024-37051,2025-05-16,12,0.3499999999999989,0.04698,0.88401,0.0,0.05467,0.89279,0.0,0.00878000000000001,1
2319,CVE-2024-7971,2025-04-13,CVE-2024-5274,2025-05-16,1,0.05,0.04698,0.88401,0.0,0.17325,0.94529,0.0,0.06128,2
2319,CVE-2024-7971,2025-04-13,CVE-2024-37014,2025-05-19,9,0.25000000000000105,0.04698,0.88401,0.0,0.01989,0.82113,0.0,0.06287999999999994,3
2324,CVE-2024-8376,2025-04-17,CVE-2024-47461,2025-05-23,6,0.3499999999999998,0.00251,0.48449,0.0,0.00251,0.4846,0.0,0.00010999999999999899,1
2324,CVE-2024-8376,2025-04-17,CVE-2024-22257,2025-05-30,9,0.7499999999999993,0.00251,0.48449,0.0,0.00192,0.41792,0.0,0.06656999999999996,2
2325,CVE-2024-8420,2025-02-28,CVE-2024-10525,2025-04-17,8,0.0,0.00091,0.41121,1.0,0.00068,0.32844,0.0,0.08277000000000001,1
2326,CVE-2024-8425,2025-02-28,CVE-2024-10525,2025-04-17,8,0.0,0.00091,0.41121,1.0,0.00068,0.32844,0.0,0.08277000000000001,1
2329,CVE-2024-8522,2025-04-11,CVE-2024-1709,2025-05-29,1,0.05,0.88367,0.99473,0.0,0.94123,0.99902,0.0,0.004290000000000016,1
2329,CVE-2024-8522,2025-04-11,CVE-2024-27198,2025-05-13,2,0.24999999999999928,0.88367,0.99473,0.0,0.94582,1.0,0.0,0.005269999999999997,2
2329,CVE-2024-8522,2025-04-11,CVE-2024-29943,2025-05-19,3,0.24999999999999928,0.88367,0.99473,0.0,0.23938,0.95585,0.0,0.038880000000000026,3
2332,CVE-2024-8613,2025-03-20,CVE-2024-43085,2025-04-28,12,0.3499999999999998,0.00031,0.05405,0.0,9e-05,0.00406,0.0,0.04999,1
2333,CVE-2024-8616,2025-03-20,CVE-2024-36623,2025-05-09,5,0.14999999999999963,0.00043,0.10165,0.0,0.0007,0.18614,0.0,0.08449,1
2334,CVE-2024-8672,2024-12-18,CVE-2024-41110,2025-05-09,7,0.05,0.00045,0.17327,0.0,0.00045,0.1576,0.0,0.015670000000000017,1
2336,CVE-2024-8690,2025-03-21,CVE-2024-0131,2025-05-17,2,0.05,0.00035,0.06707,0.0,0.00021,0.0322,0.0,0.034870000000000005,1
2336,CVE-2024-8690,2025-03-21,CVE-2024-20900,2025-04-28,11,0.45000000000000034,0.00035,0.06707,0.0,0.00044,0.10293,0.0,0.03585999999999999,2
2336,CVE-2024-8690,2025-03-21,CVE-2024-10445,2025-05-02,3,0.10000000000000053,0.00035,0.06707,0.0,0.00013,0.01054,0.0,0.056530000000000004,3
2338,CVE-2024-8769,2025-03-20,CVE-2024-47460,2025-05-23,7,0.14999999999999963,0.0016,0.33778,0.0,0.0019,0.38139,0.0,0.04360999999999998,1
2338,CVE-2024-8769,2025-03-20,CVE-2024-4990,2025-05-05,3,0.05,0.0016,0.33778,0.0,0.00098,0.24751,0.0,0.09027000000000002,2
2340,CVE-2024-8811,2025-04-23,CVE-2024-46687,2025-05-26,1,0.0,0.0005,0.15663,0.0,0.00043,0.12832,0.0,0.028310000000000002,1
2343,CVE-2024-8925,2025-04-10,CVE-2024-0131,2025-05-17,8,1.5500000000000003,0.00029,0.05142,0.0,0.00021,0.03271,0.0,0.018709999999999997,1
2343,CVE-2024-8925,2025-04-10,CVE-2024-0149,2025-05-17,3,0.19999999999999973,0.00029,0.05142,0.0,0.0002,0.02986,0.0,0.02156,2
2343,CVE-2024-8925,2025-04-10,CVE-2024-43799,2025-05-17,12,2.15,0.00029,0.05142,0.0,0.00017,0.02032,0.0,0.0311,3
2344,CVE-2024-8929,2025-04-10,CVE-2024-0147,2025-05-17,4,0.2999999999999998,0.00028,0.04758,0.0,0.00023,0.03605,0.0,0.011529999999999999,1
2344,CVE-2024-8929,2025-04-10,CVE-2024-53869,2025-05-17,6,0.2999999999999998,0.00028,0.04758,0.0,0.00018,0.02368,0.0,0.023899999999999998,2
2346,CVE-2024-8945,2025-03-28,CVE-2024-26634,2025-05-09,2,0.05,0.00106,0.25705,0.0,0.00091,0.23224,0.0,0.02481,1
2346,CVE-2024-8945,2025-03-28,CVE-2024-26626,2025-05-20,11,0.05,0.00106,0.25705,0.0,0.00091,0.23224,0.0,0.02481,2
2346,CVE-2024-8945,2025-03-28,CVE-2024-26627,2025-05-20,12,0.05,0.00106,0.25705,0.0,0.0009,0.23104,0.0,0.026010000000000005,3
2347,CVE-2024-8950,2024-12-25,CVE-2024-41110,2025-05-09,6,0.05,0.0005,0.20991,1.0,0.00045,0.15794,0.0,0.051970000000000016,1
2348,CVE-2024-8954,2025-03-20,CVE-2024-9142,2025-04-21,3,0.05,0.00075,0.19785,0.0,0.00116,0.27561,0.0,0.07776000000000002,1
2349,CVE-2024-8963,2025-01-23,CVE-2024-21887,2025-04-03,11,0.3000000000000007,0.96799,0.998,0.0,0.97258,0.99924,0.0,0.0012400000000000189,1
2349,CVE-2024-8963,2025-01-23,CVE-2024-7971,2025-04-13,6,0.24999999999999928,0.96799,0.998,0.0,0.06612,0.93757,0.0,0.060429999999999984,2
2353,CVE-2024-8999,2025-03-20,CVE-2024-39338,2025-05-27,11,0.05,0.00075,0.19785,0.0,0.00093,0.23873,0.0,0.04088,1
2354,CVE-2024-9026,2025-04-10,CVE-2024-0131,2025-05-17,8,1.3500000000000005,0.00033,0.0609,0.0,0.00021,0.03271,0.0,0.02819,1
2354,CVE-2024-9026,2025-04-10,CVE-2024-0149,2025-05-17,1,0.0,0.00033,0.0609,0.0,0.0002,0.02986,0.0,0.03104,2
2354,CVE-2024-9026,2025-04-10,CVE-2024-43799,2025-05-17,12,1.9500000000000002,0.00033,0.0609,0.0,0.00017,0.02032,0.0,0.040580000000000005,3
2355,CVE-2024-9053,2025-03-20,CVE-2024-48061,2025-05-19,11,0.05,0.00492,0.63049,0.0,0.00518,0.64213,0.0,0.011639999999999984,1
2355,CVE-2024-9053,2025-03-20,CVE-2024-20103,2025-05-07,5,0.05,0.00492,0.63049,0.0,0.00573,0.6624,0.0,0.031909999999999994,2
2355,CVE-2024-9053,2025-03-20,CVE-2024-42835,2025-05-19,10,0.05,0.00492,0.63049,0.0,0.00408,0.58544,0.0,0.045050000000000034,3
2356,CVE-2024-9054,2025-04-04,CVE-2024-21833,2025-05-15,2,0.05,0.00952,0.74434,0.0,0.0128,0.7782,0.0,0.03386,1
2356,CVE-2024-9054,2025-04-04,CVE-2024-21626,2025-05-09,8,0.25000000000000105,0.00952,0.74434,0.0,0.01947,0.81893,0.0,0.07459000000000005,2
2357,CVE-2024-9070,2025-03-20,CVE-2024-9142,2025-04-21,3,0.05,0.00072,0.19158,0.0,0.00116,0.27561,0.0,0.08403000000000002,1
2359,CVE-2024-9099,2025-03-20,CVE-2024-43085,2025-04-28,12,0.3499999999999998,0.00035,0.06491,0.0,9e-05,0.00406,0.0,0.060849999999999994,1
2360,CVE-2024-9110,2024-11-16,CVE-2024-1234,2025-04-05,3,0.05,0.00043,0.10187,0.0,0.00043,0.10187,0.0,0.0,1
2360,CVE-2024-9110,2024-11-16,CVE-2024-6484,2025-05-17,5,0.05,0.00043,0.10187,0.0,0.00043,0.10187,0.0,0.0,2
2360,CVE-2024-9110,2024-11-16,CVE-2024-6485,2025-05-17,6,0.05,0.00043,0.10187,0.0,0.00043,0.10187,0.0,0.0,3
2363,CVE-2024-9138,2025-01-06,CVE-2024-47461,2025-05-23,5,0.05,0.00043,0.11007,0.0,0.00043,0.11007,0.0,0.0,1
2363,CVE-2024-9138,2025-01-06,CVE-2024-53150,2025-04-07,6,0.10000000000000053,0.00043,0.11007,0.0,0.00044,0.14865,0.0,0.03858,2
2363,CVE-2024-9138,2025-01-06,CVE-2024-35061,2025-04-11,8,0.14999999999999963,0.00043,0.11007,0.0,0.00045,0.17473,0.0,0.06466,3
2365,CVE-2024-9142,2025-04-21,CVE-2024-47460,2025-05-23,6,0.8000000000000007,0.00109,0.30434,0.0,0.00102,0.29403,0.0,0.010309999999999986,1
2366,CVE-2024-9149,2025-03-04,CVE-2024-39936,2025-05-17,5,0.05,0.00087,0.39624,1.0,0.00087,0.39612,0.0,0.00011999999999995348,1
2370,CVE-2024-9193,2025-02-28,CVE-2024-10525,2025-04-17,8,0.0,0.00091,0.41121,1.0,0.00068,0.32844,0.0,0.08277000000000001,1
2371,CVE-2024-9195,2025-02-28,CVE-2024-39304,2025-04-09,10,0.05,0.0005,0.22021,1.0,0.0005,0.22027,0.0,6.0000000000004494e-05,1
2371,CVE-2024-9195,2025-02-28,CVE-2024-48827,2025-04-06,8,0.05,0.0005,0.22021,1.0,0.00045,0.18251,0.0,0.037699999999999984,2
2371,CVE-2024-9195,2025-02-28,CVE-2024-9054,2025-04-04,7,0.05,0.0005,0.22021,1.0,0.00064,0.3081,0.0,0.08789,3
2372,CVE-2024-9216,2025-03-20,CVE-2024-36623,2025-05-09,3,0.05,0.00055,0.1431,0.0,0.0007,0.18614,0.0,0.043039999999999995,1
2376,CVE-2024-9334,2025-02-27,CVE-2024-42057,2025-05-13,11,0.14999999999999963,0.00087,0.39565,1.0,0.0009,0.40596,0.0,0.010309999999999986,1
2376,CVE-2024-9334,2025-02-27,CVE-2024-53961,2025-04-17,8,0.14999999999999963,0.00087,0.39565,1.0,0.00095,0.42272,0.0,0.027069999999999983,2
2383,CVE-2024-9458,2025-04-06,CVE-2024-0131,2025-05-17,7,0.44999999999999946,0.00029,0.05192,0.0,0.00021,0.03239,0.0,0.01953,1
2383,CVE-2024-9458,2025-04-06,CVE-2024-43799,2025-05-17,6,0.25000000000000017,0.00029,0.05192,0.0,0.00017,0.01974,0.0,0.03218,2
2383,CVE-2024-9458,2025-04-06,CVE-2024-7347,2025-05-17,2,0.14999999999999963,0.00029,0.05192,0.0,0.00053,0.13607,0.0,0.08415,3
2385,CVE-2024-9474,2024-11-18,CVE-2024-9380,2025-01-23,6,0.05,0.02252,0.89926,1.0,0.04637,0.92828,0.0,0.029020000000000046,1
2385,CVE-2024-9474,2024-11-18,CVE-2024-8190,2025-01-23,5,0.05,0.02252,0.89926,1.0,0.12567,0.9563,0.0,0.05704000000000009,2
2400,CVE-2024-9658,2025-03-07,CVE-2024-39304,2025-04-09,5,0.05,0.0005,0.22138,1.0,0.0005,0.22131,0.0,6.999999999998674e-05,1
2400,CVE-2024-9658,2025-03-07,CVE-2024-4058,2025-04-17,9,0.05,0.0005,0.22138,1.0,0.00058,0.27376,0.0,0.05238000000000001,2
2404,CVE-2024-9701,2025-03-20,CVE-2024-20103,2025-05-07,5,0.05,0.00563,0.65839,0.0,0.00573,0.6624,0.0,0.004009999999999958,1
2404,CVE-2024-9701,2025-03-20,CVE-2024-48061,2025-05-19,11,0.05,0.00563,0.65839,0.0,0.00518,0.64213,0.0,0.016260000000000052,2
2404,CVE-2024-9701,2025-03-20,CVE-2024-42835,2025-05-19,10,0.05,0.00563,0.65839,0.0,0.00408,0.58544,0.0,0.07295000000000007,3
2407,CVE-2024-9847,2025-03-20,CVE-2024-43085,2025-04-28,12,0.25000000000000017,0.00019,0.02835,0.0,9e-05,0.00406,0.0,0.02429,1
2410,CVE-2024-9956,2025-03-21,CVE-2024-43085,2025-04-28,10,0.05,0.00032,0.05776,0.0,9e-05,0.00398,0.0,0.05378,1
2410,CVE-2024-9956,2025-03-21,CVE-2024-46954,2025-05-06,3,0.0,0.00032,0.05776,0.0,0.00059,0.15367,0.0,0.09591,2
2417,CVE-2025-0101,2025-04-17,CVE-2025-30733,2025-05-19,1,0.05,0.0004,0.11296,0.0,0.00032,0.07674,0.0,0.03622,1
2436,CVE-2025-0298,2025-03-01,CVE-2025-0426,2025-05-09,7,0.14999999999999963,0.00045,0.18245,0.0,0.00043,0.11768,0.0,0.06477,1
2490,CVE-2025-0731,2025-03-27,CVE-2025-24131,2025-04-29,3,0.05,0.00085,0.21738,0.0,0.0006,0.15662,0.0,0.06075999999999998,1
2490,CVE-2025-0731,2025-03-27,CVE-2025-24376,2025-05-09,10,0.05,0.00085,0.21738,0.0,0.00056,0.14354,0.0,0.07383999999999999,2
2503,CVE-2025-0804,2025-01-29,CVE-2025-24529,2025-05-17,5,0.05,0.00045,0.16142,0.0,0.00043,0.11437,0.0,0.04705000000000001,1
2503,CVE-2025-0804,2025-01-29,CVE-2025-24530,2025-05-17,6,0.05,0.00045,0.16142,0.0,0.00043,0.11437,0.0,0.04705000000000001,2
2592,CVE-2025-1468,2025-03-18,CVE-2025-27610,2025-04-26,1,0.0,0.00039,0.08844,0.0,0.00064,0.17127,0.0,0.08283,1
2613,CVE-2025-1704,2025-04-17,CVE-2025-30733,2025-05-19,1,0.05,8e-05,0.00504,0.0,0.00032,0.07674,0.0,0.0717,1
2617,CVE-2025-1731,2025-04-23,CVE-2025-2760,2025-05-27,2,0.0,0.00013,0.0134,0.0,0.00032,0.0772,1.0,0.06380000000000001,1
2669,CVE-2025-20128,2025-01-22,CVE-2025-0401,2025-04-03,2,0.05,0.00046,0.1923,1.0,0.00045,0.1772,0.0,0.015100000000000002,1
2680,CVE-2025-20169,2025-02-06,CVE-2025-20172,2025-05-06,3,0.05,0.00044,0.15621,0.0,0.00044,0.15621,0.0,0.0,1
2681,CVE-2025-20170,2025-02-06,CVE-2025-20172,2025-05-06,3,0.05,0.00044,0.15621,0.0,0.00044,0.15621,0.0,0.0,1
2682,CVE-2025-20171,2025-02-06,CVE-2025-20172,2025-05-06,3,0.05,0.00044,0.15621,0.0,0.00044,0.15621,0.0,0.0,1
2684,CVE-2025-20178,2025-04-18,CVE-2025-30733,2025-05-19,6,0.55,9e-05,0.00565,0.0,0.00032,0.07733,0.0,0.07168,1
2688,CVE-2025-20229,2025-03-26,CVE-2025-24137,2025-04-29,4,0.05,0.00084,0.21362,1.0,0.00109,0.26119,0.0,0.04756999999999997,1
2711,CVE-2025-21194,2025-02-11,CVE-2025-21299,2025-04-17,2,0.05,0.00053,0.24189,1.0,0.00048,0.1989,0.0,0.04299,1
2721,CVE-2025-2126,2025-03-20,CVE-2025-0426,2025-05-09,3,0.14999999999999963,0.0003,0.05383,0.0,0.00031,0.05399,0.0,0.00016000000000000042,1
2721,CVE-2025-2126,2025-03-20,CVE-2025-24529,2025-05-17,9,0.15000000000000052,0.0003,0.05383,0.0,0.00036,0.06747,0.0,0.01364,2
2721,CVE-2025-2126,2025-03-20,CVE-2025-24530,2025-05-17,10,0.15000000000000052,0.0003,0.05383,0.0,0.00036,0.06747,0.0,0.01364,3
2787,CVE-2025-21590,2025-03-13,CVE-2025-24784,2025-05-09,7,0.15000000000000052,0.00043,0.11935,0.0,0.00043,0.11935,0.0,0.0,1
2798,CVE-2025-2185,2025-04-25,CVE-2025-2760,2025-05-27,3,0.25000000000000017,0.00036,0.09083,0.0,0.00032,0.07716,0.0,0.013669999999999988,1
2815,CVE-2025-22228,2025-04-24,CVE-2025-2760,2025-05-27,4,0.39999999999999947,0.00048,0.14716,0.0,0.00032,0.0772,0.0,0.06996000000000001,1
2816,CVE-2025-22230,2025-03-25,CVE-2025-21756,2025-04-29,7,0.05,0.00017,0.02267,1.0,0.00016,0.01877,0.0,0.0039000000000000007,1
2945,CVE-2025-23809,2025-01-22,CVE-2025-21299,2025-04-17,4,0.05,0.00043,0.11403,1.0,0.00043,0.11371,0.0,0.00032000000000000084,1
2964,CVE-2025-23959,2025-01-22,CVE-2025-21299,2025-04-17,4,0.05,0.00043,0.11403,1.0,0.00043,0.11371,0.0,0.00032000000000000084,1
2966,CVE-2025-23966,2025-01-22,CVE-2025-21299,2025-04-17,4,0.05,0.00043,0.11403,1.0,0.00043,0.11371,0.0,0.00032000000000000084,1
2971,CVE-2025-24027,2025-01-22,CVE-2025-0298,2025-03-01,12,0.14999999999999963,0.00043,0.11403,1.0,0.00045,0.1772,0.0,0.06316999999999999,1
2981,CVE-2025-24076,2025-04-16,CVE-2025-2704,2025-05-17,8,0.25000000000000017,0.00062,0.19508,0.0,0.00096,0.28228,0.0,0.08719999999999997,1
2986,CVE-2025-24097,2025-04-01,CVE-2025-24203,2025-05-09,2,0.05,9e-05,0.0045,0.0,0.00018,0.02375,0.0,0.01925,1
2991,CVE-2025-24118,2025-01-28,CVE-2025-21299,2025-04-17,4,0.05,0.00045,0.17807,0.0,0.00048,0.19934,0.0,0.021269999999999983,1
3026,CVE-2025-24279,2025-04-01,CVE-2025-24784,2025-05-09,1,0.05,0.0004,0.09067,0.0,0.0003,0.0518,0.0,0.03887,1
3112,CVE-2025-24994,2025-04-16,CVE-2025-2704,2025-05-17,8,0.25000000000000017,0.00062,0.19508,0.0,0.00096,0.28228,0.0,0.08719999999999997,1
3189,CVE-2025-25777,2025-04-25,CVE-2025-2760,2025-05-27,3,0.25000000000000017,0.00027,0.05834,0.0,0.00032,0.07716,0.0,0.018820000000000003,1
3198,CVE-2025-2594,2025-04-22,CVE-2025-2760,2025-05-27,8,0.3499999999999998,0.00018,0.03208,0.0,0.00032,0.07716,3.0,0.04508000000000001,1
3257,CVE-2025-26630,2025-03-11,CVE-2025-27158,2025-04-24,10,0.05,0.00053,0.24815,1.0,0.00053,0.24815,1.0,0.0,1
3257,CVE-2025-26630,2025-03-11,CVE-2025-21756,2025-04-29,12,0.05,0.00053,0.24815,1.0,0.00045,0.18339,0.0,0.06476000000000001,2
3291,CVE-2025-2687,2025-03-24,CVE-2025-24529,2025-05-17,9,0.15000000000000052,0.00036,0.0679,0.0,0.00036,0.06635,0.0,0.0015499999999999958,1
3291,CVE-2025-2687,2025-03-24,CVE-2025-24530,2025-05-17,10,0.15000000000000052,0.00036,0.0679,0.0,0.00036,0.06635,0.0,0.0015499999999999958,2
3291,CVE-2025-2687,2025-03-24,CVE-2025-0426,2025-05-09,3,0.14999999999999963,0.00036,0.0679,0.0,0.00031,0.05312,0.0,0.014780000000000001,3
3292,CVE-2025-26870,2025-04-16,CVE-2025-30733,2025-05-19,6,0.05,0.00033,0.08039,0.0,0.00031,0.07282,0.0,0.007570000000000007,1
3292,CVE-2025-26870,2025-04-16,CVE-2025-31162,2025-05-17,10,0.14999999999999963,0.00033,0.08039,0.0,0.00014,0.01565,0.0,0.06474,2
3292,CVE-2025-26870,2025-04-16,CVE-2025-31163,2025-05-17,11,0.14999999999999963,0.00033,0.08039,0.0,0.00014,0.01565,0.0,0.06474,3
3296,CVE-2025-2689,2025-03-24,CVE-2025-24529,2025-05-17,9,0.15000000000000052,0.00041,0.0893,0.0,0.00036,0.06635,0.0,0.022949999999999998,1
3296,CVE-2025-2689,2025-03-24,CVE-2025-24530,2025-05-17,10,0.15000000000000052,0.00041,0.0893,0.0,0.00036,0.06635,0.0,0.022949999999999998,2
3296,CVE-2025-2689,2025-03-24,CVE-2025-0426,2025-05-09,3,0.14999999999999963,0.00041,0.0893,0.0,0.00031,0.05312,0.0,0.036180000000000004,3
3298,CVE-2025-2690,2025-03-24,CVE-2025-24529,2025-05-17,9,0.15000000000000052,0.00041,0.0893,0.0,0.00036,0.06635,0.0,0.022949999999999998,1
3298,CVE-2025-2690,2025-03-24,CVE-2025-24530,2025-05-17,10,0.15000000000000052,0.00041,0.0893,0.0,0.00036,0.06635,0.0,0.022949999999999998,2
3298,CVE-2025-2690,2025-03-24,CVE-2025-0426,2025-05-09,3,0.14999999999999963,0.00041,0.0893,0.0,0.00031,0.05312,0.0,0.036180000000000004,3
3325,CVE-2025-27086,2025-04-22,CVE-2025-2760,2025-05-27,8,0.3499999999999998,0.00024,0.04785,0.0,0.00032,0.07716,3.0,0.02931000000000001,1
3333,CVE-2025-27158,2025-04-24,CVE-2025-2760,2025-05-27,2,0.0,0.0003,0.07074,0.0,0.00032,0.0772,0.0,0.006460000000000007,1
3356,CVE-2025-27423,2025-03-06,CVE-2025-21299,2025-04-17,2,0.05,0.00045,0.18333,0.0,0.00048,0.20478,0.0,0.021449999999999997,1
3356,CVE-2025-27423,2025-03-06,CVE-2025-24364,2025-04-22,11,0.10000000000000053,0.00045,0.18333,0.0,0.00043,0.11847,0.0,0.06485999999999999,2
3364,CVE-2025-2748,2025-04-01,CVE-2025-1767,2025-05-09,7,0.05,0.00034,0.06454,0.0,0.00029,0.04901,0.0,0.015530000000000002,1
3364,CVE-2025-2748,2025-04-01,CVE-2025-25069,2025-05-08,6,0.05,0.00034,0.06454,0.0,0.00041,0.09304,0.0,0.028499999999999998,2
3364,CVE-2025-2748,2025-04-01,CVE-2025-30673,2025-05-17,12,0.05,0.00034,0.06454,0.0,0.00017,0.02111,0.0,0.043429999999999996,3
3368,CVE-2025-27487,2025-04-08,CVE-2025-26666,2025-05-10,11,0.25000000000000017,0.00078,0.20489,1.0,0.0006,0.15772,1.0,0.04716999999999999,1
3380,CVE-2025-27561,2025-04-16,CVE-2025-30346,2025-05-17,2,0.15000000000000052,0.00038,0.10474,0.0,0.00054,0.16977,0.0,0.06503,1
3380,CVE-2025-27561,2025-04-16,CVE-2025-32776,2025-05-17,6,0.25000000000000017,0.00038,0.10474,0.0,0.00012,0.01205,0.0,0.09269,2
3390,CVE-2025-2761,2025-04-24,CVE-2025-2760,2025-05-27,2,0.0,0.00032,0.0772,0.0,0.00032,0.0772,0.0,0.0,1
3394,CVE-2025-2764,2025-04-23,CVE-2025-2760,2025-05-27,6,0.25000000000000017,0.00031,0.07495,1.0,0.00032,0.0772,1.0,0.002250000000000002,1
3439,CVE-2025-27929,2025-04-16,CVE-2025-32776,2025-05-17,6,0.25000000000000017,0.00029,0.06671,0.0,0.00012,0.01205,0.0,0.05466000000000001,1
3458,CVE-2025-28101,2025-04-18,CVE-2025-30733,2025-05-19,5,0.05,0.00046,0.14136,0.0,0.00032,0.07733,0.0,0.06403000000000002,1
3464,CVE-2025-28169,2025-04-24,CVE-2025-2760,2025-05-27,6,0.3499999999999998,0.00018,0.03222,0.0,0.00032,0.0772,0.0,0.044980000000000006,1
3472,CVE-2025-2851,2025-04-26,CVE-2025-2760,2025-05-27,2,0.25000000000000017,0.00027,0.05766,0.0,0.00032,0.07728,0.0,0.01962,1
3490,CVE-2025-29087,2025-04-08,CVE-2025-32364,2025-05-17,11,1.0999999999999999,0.00018,0.02602,0.0,0.00013,0.01052,0.0,0.015500000000000002,1
3490,CVE-2025-29087,2025-04-08,CVE-2025-32365,2025-05-17,12,1.0999999999999999,0.00018,0.02602,0.0,0.00013,0.01052,0.0,0.015500000000000002,2
3490,CVE-2025-29087,2025-04-08,CVE-2025-3360,2025-05-17,9,0.55,0.00018,0.02602,0.0,0.00045,0.10705,0.0,0.08103,3
3544,CVE-2025-30100,2025-04-16,CVE-2025-31162,2025-05-17,3,0.15000000000000052,0.00012,0.01135,0.0,0.00014,0.01565,0.0,0.0043,1
3544,CVE-2025-30100,2025-04-16,CVE-2025-31163,2025-05-17,4,0.15000000000000052,0.00012,0.01135,0.0,0.00014,0.01565,0.0,0.0043,2
3544,CVE-2025-30100,2025-04-16,CVE-2025-31164,2025-05-17,5,0.15000000000000052,0.00012,0.01135,0.0,0.00014,0.01565,0.0,0.0043,3
3576,CVE-2025-30401,2025-04-08,CVE-2025-1767,2025-05-09,8,0.25000000000000017,0.00043,0.10105,0.0,0.00029,0.04947,0.0,0.05158,1
3576,CVE-2025-30401,2025-04-08,CVE-2025-24376,2025-05-09,9,0.25000000000000017,0.00043,0.10105,0.0,0.00059,0.15544,0.0,0.054389999999999994,2
3576,CVE-2025-30401,2025-04-08,CVE-2025-29781,2025-05-09,11,0.25000000000000017,0.00043,0.10105,0.0,0.00015,0.01593,0.0,0.08512,3
3580,CVE-2025-30427,2025-04-01,CVE-2025-2581,2025-05-17,4,0.05,0.00074,0.19572,0.0,0.00101,0.25048,0.0,0.054759999999999975,1
3583,CVE-2025-30446,2025-04-01,CVE-2025-25069,2025-05-08,2,0.05,0.00041,0.0947,0.0,0.00041,0.09304,0.0,0.0016600000000000087,1
3583,CVE-2025-30446,2025-04-01,CVE-2025-1767,2025-05-09,3,0.05,0.00041,0.0947,0.0,0.00029,0.04901,0.0,0.04569000000000001,2
3583,CVE-2025-30446,2025-04-01,CVE-2025-24376,2025-05-09,4,0.05,0.00041,0.0947,0.0,0.00056,0.14569,0.0,0.05098999999999998,3
3602,CVE-2025-30655,2025-04-10,CVE-2025-32414,2025-05-14,10,0.14999999999999963,0.00013,0.01001,0.0,0.00013,0.00945,0.0,0.0005599999999999997,1
3602,CVE-2025-30655,2025-04-10,CVE-2025-30346,2025-05-17,11,0.14999999999999963,0.00013,0.01001,0.0,0.00036,0.07823,0.0,0.06821999999999999,2
3665,CVE-2025-31160,2025-03-29,CVE-2025-26865,2025-05-08,10,0.6500000000000001,0.00021,0.02176,0.0,0.00069,0.11737,0.0,0.09561,1
3677,CVE-2025-31201,2025-04-17,CVE-2025-30733,2025-05-19,2,0.2999999999999998,0.00046,0.13748,0.0,0.00032,0.07674,0.0,0.06073999999999999,1
3685,CVE-2025-31334,2025-04-05,CVE-2025-24376,2025-05-09,11,0.3499999999999998,0.00069,0.18498,0.0,0.00056,0.14712,0.0,0.037860000000000005,1
3685,CVE-2025-31334,2025-04-05,CVE-2025-25069,2025-05-08,9,0.3499999999999998,0.00069,0.18498,0.0,0.00041,0.09398,0.0,0.09100000000000001,2
3719,CVE-2025-32018,2025-04-08,CVE-2025-26666,2025-05-10,11,0.25000000000000017,0.00034,0.06358,1.0,0.0006,0.15772,1.0,0.09414,1
3720,CVE-2025-32027,2025-04-11,CVE-2025-1390,2025-05-17,5,0.05,0.00029,0.05107,0.0,0.00021,0.03315,0.0,0.01792,1
3720,CVE-2025-32027,2025-04-11,CVE-2025-24529,2025-05-17,10,0.3500000000000007,0.00029,0.05107,0.0,0.00051,0.13105,0.0,0.07998,2
3720,CVE-2025-32027,2025-04-11,CVE-2025-24530,2025-05-17,11,0.3500000000000007,0.00029,0.05107,0.0,0.00051,0.13105,0.0,0.07998,3
3736,CVE-2025-32242,2025-04-11,CVE-2025-24529,2025-05-17,10,0.14999999999999963,0.00038,0.08239,0.0,0.00051,0.13105,0.0,0.048659999999999995,1
3736,CVE-2025-32242,2025-04-11,CVE-2025-24530,2025-05-17,11,0.14999999999999963,0.00038,0.08239,0.0,0.00051,0.13105,0.0,0.048659999999999995,2
3736,CVE-2025-32242,2025-04-11,CVE-2025-30673,2025-05-17,7,0.05,0.00038,0.08239,0.0,0.00054,0.14028,0.0,0.05788999999999998,3
3793,CVE-2025-3266,2025-04-07,CVE-2025-32370,2025-05-13,6,0.14999999999999963,0.00039,0.08658,0.0,0.00033,0.06331,0.0,0.02327,1
3793,CVE-2025-3266,2025-04-07,CVE-2025-25254,2025-05-16,8,0.14999999999999963,0.00039,0.08658,0.0,0.00056,0.1471,3.0,0.060520000000000004,2
3799,CVE-2025-3267,2025-04-07,CVE-2025-1767,2025-05-09,9,0.25000000000000017,0.00026,0.04301,0.0,0.00029,0.04948,0.0,0.0064700000000000035,1
3799,CVE-2025-3267,2025-04-07,CVE-2025-0426,2025-05-09,2,0.14999999999999963,0.00026,0.04301,0.0,0.00031,0.0549,0.0,0.011889999999999998,2
3799,CVE-2025-3267,2025-04-07,CVE-2025-29781,2025-05-09,11,0.25000000000000017,0.00026,0.04301,0.0,0.00015,0.01588,0.0,0.02713,3
3818,CVE-2025-32791,2025-04-17,CVE-2025-22866,2025-05-19,7,0.3499999999999998,0.00022,0.04458,0.0,8e-05,0.00447,0.0,0.04011,1
3821,CVE-2025-32818,2025-04-24,CVE-2025-2760,2025-05-27,4,0.2999999999999998,0.00038,0.10652,0.0,0.00032,0.0772,0.0,0.02932,1
3856,CVE-2025-32956,2025-04-21,CVE-2025-2760,2025-05-27,9,0.25000000000000017,0.00029,0.0641,1.0,0.00032,0.0772,3.0,0.0131,1
3861,CVE-2025-3323,2025-04-07,CVE-2025-1767,2025-05-09,9,0.25000000000000017,0.00026,0.04301,0.0,0.00029,0.04948,0.0,0.0064700000000000035,1
3861,CVE-2025-3323,2025-04-07,CVE-2025-0426,2025-05-09,2,0.14999999999999963,0.00026,0.04301,0.0,0.00031,0.0549,0.0,0.011889999999999998,2
3861,CVE-2025-3323,2025-04-07,CVE-2025-29781,2025-05-09,11,0.25000000000000017,0.00026,0.04301,0.0,0.00015,0.01588,0.0,0.02713,3
3862,CVE-2025-3324,2025-04-07,CVE-2025-0426,2025-05-09,2,0.14999999999999963,0.00034,0.06461,0.0,0.00031,0.0549,0.0,0.009710000000000003,1
3862,CVE-2025-3324,2025-04-07,CVE-2025-1767,2025-05-09,9,0.25000000000000017,0.00034,0.06461,0.0,0.00029,0.04948,0.0,0.015129999999999998,2
3862,CVE-2025-3324,2025-04-07,CVE-2025-25069,2025-05-08,8,0.25000000000000017,0.00034,0.06461,0.0,0.00041,0.09402,0.0,0.029410000000000006,3
3864,CVE-2025-3330,2025-04-07,CVE-2025-32370,2025-05-13,6,0.14999999999999963,0.00028,0.04737,0.0,0.00033,0.06331,0.0,0.015940000000000003,1
3864,CVE-2025-3330,2025-04-07,CVE-2025-25254,2025-05-16,8,0.14999999999999963,0.00028,0.04737,0.0,0.00056,0.1471,3.0,0.09973000000000001,2
3865,CVE-2025-3331,2025-04-07,CVE-2025-32370,2025-05-13,6,0.14999999999999963,0.00028,0.04737,0.0,0.00033,0.06331,0.0,0.015940000000000003,1
3865,CVE-2025-3331,2025-04-07,CVE-2025-25254,2025-05-16,8,0.14999999999999963,0.00028,0.04737,0.0,0.00056,0.1471,3.0,0.09973000000000001,2
3866,CVE-2025-3332,2025-04-07,CVE-2025-32370,2025-05-13,6,0.14999999999999963,0.00028,0.04737,0.0,0.00033,0.06331,0.0,0.015940000000000003,1
3866,CVE-2025-3332,2025-04-07,CVE-2025-25254,2025-05-16,8,0.14999999999999963,0.00028,0.04737,0.0,0.00056,0.1471,3.0,0.09973000000000001,2
3872,CVE-2025-3364,2025-04-08,CVE-2025-31162,2025-05-17,4,0.15000000000000052,0.00012,0.0083,0.0,0.00014,0.01178,0.0,0.0034800000000000005,1
3872,CVE-2025-3364,2025-04-08,CVE-2025-31163,2025-05-17,5,0.15000000000000052,0.00012,0.0083,0.0,0.00014,0.01178,0.0,0.0034800000000000005,2
3872,CVE-2025-3364,2025-04-08,CVE-2025-31164,2025-05-17,6,0.15000000000000052,0.00012,0.0083,0.0,0.00014,0.01178,0.0,0.0034800000000000005,3
3877,CVE-2025-3422,2025-04-12,CVE-2025-30346,2025-05-17,2,0.05,0.00043,0.09944,0.0,0.00036,0.07786,0.0,0.021580000000000002,1
3877,CVE-2025-3422,2025-04-12,CVE-2025-32414,2025-05-14,10,0.24999999999999928,0.00043,0.09944,0.0,0.00013,0.00937,0.0,0.09007,2
3878,CVE-2025-3434,2025-04-12,CVE-2025-32370,2025-05-13,2,0.05,0.00093,0.23831,0.0,0.00062,0.16445,0.0,0.07385999999999998,1
3878,CVE-2025-3434,2025-04-12,CVE-2025-25254,2025-05-16,1,0.0,0.00093,0.23831,0.0,0.00056,0.14682,0.0,0.09148999999999999,2
3900,CVE-2025-3567,2025-04-15,CVE-2025-32364,2025-05-17,9,0.3499999999999998,0.00025,0.05169,0.0,0.00017,0.02755,0.0,0.024139999999999998,1
3900,CVE-2025-3567,2025-04-15,CVE-2025-32365,2025-05-17,10,0.3499999999999998,0.00025,0.05169,0.0,0.00017,0.02755,0.0,0.024139999999999998,2
3900,CVE-2025-3567,2025-04-15,CVE-2025-32728,2025-05-17,6,0.05,0.00025,0.05169,0.0,0.00012,0.01169,0.0,0.04,3
3901,CVE-2025-3570,2025-04-15,CVE-2025-32364,2025-05-17,8,0.8,0.00029,0.06483,0.0,0.00017,0.02755,0.0,0.037279999999999994,1
3901,CVE-2025-3570,2025-04-15,CVE-2025-32365,2025-05-17,9,0.8,0.00029,0.06483,0.0,0.00017,0.02755,0.0,0.037279999999999994,2
3901,CVE-2025-3570,2025-04-15,CVE-2025-22866,2025-05-19,10,0.8,0.00029,0.06483,0.0,8e-05,0.00447,0.0,0.06036,3
3932,CVE-2025-3827,2025-04-21,CVE-2025-2760,2025-05-27,8,0.5,0.00028,0.06369,0.0,0.00032,0.0772,3.0,0.013510000000000008,1
4009,CVE-2025-42599,2025-04-18,CVE-2025-26817,2025-05-22,10,0.05,0.00275,0.50646,0.0,0.00404,0.59903,0.0,0.09256999999999993,1
4028,CVE-2025-43864,2025-04-26,CVE-2025-2760,2025-05-27,3,0.2999999999999998,0.00038,0.10553,0.0,0.00032,0.07728,0.0,0.028249999999999997,1
4029,CVE-2025-43865,2025-04-25,CVE-2025-2760,2025-05-27,6,0.44999999999999946,0.00017,0.02649,0.0,0.00032,0.07716,0.0,0.05067000000000001,1
4033,CVE-2025-43922,2025-04-21,CVE-2025-2760,2025-05-27,10,0.3499999999999998,0.00013,0.01365,1.0,0.00032,0.0772,3.0,0.06355000000000001,1
4096,CVE-2025-46252,2025-04-24,CVE-2025-2760,2025-05-27,3,0.20000000000000018,0.00027,0.05937,0.0,0.00032,0.0772,0.0,0.017830000000000006,1
4111,CVE-2025-46520,2025-04-25,CVE-2025-2760,2025-05-27,4,0.7000000000000002,0.00014,0.01702,0.0,0.00032,0.07716,0.0,0.060140000000000006,1
