{
  "train_loss": [
    1.581261261846625,
    1.0130578284860503,
    0.6052926437643564,
    0.5477706878265133,
    0.45296821239041646,
    0.27444545056444286,
    0.251232402132137,
    0.2510126567681417,
    0.2079396150322024,
    0.1710678975883822,
    0.15869639946945016,
    0.20015026791091653,
    0.1334115553016639,
    0.12694797906914404,
    0.10502624552405383,
    0.14673109526322195,
    0.11576917202186782,
    0.11719627417317471,
    0.09555706169757071,
    0.09141183465813806,
    0.07831417843883905,
    0.11562693260158766,
    0.07086885663124703,
    0.12118057972894627,
    0.06546090461983486,
    0.07463179659657469,
    0.02269404083896572,
    0.022323996003143456,
    0.021193492951030752,
    0.02658504088736976,
    0.037058776061733564,
    0.026692088168380985,
    0.03995509600261357,
    0.015896595070628374,
    0.020023831644941235,
    0.010099854784457145,
    0.0050505331491518335,
    0.006445237989399485,
    0.005507853119672858,
    0.015697821940093816,
    0.010295012625125052,
    0.03293829296377118,
    0.010803044086111253,
    0.03070840487317968,
    0.006319528198079001,
    0.0030428443446299815,
    0.008965191526059377,
    0.003937589151455307,
    0.005142714585114463,
    0.01951870108388562,
    0.001068390477192044,
    0.012822949237203753,
    0.003689343553850931,
    0.007763944792065954,
    0.02215240816250518,
    0.0008660068526797511,
    0.0012230293632591,
    0.0011090665698772653,
    0.012498436245687904,
    0.005985037048741414
  ],
  "val_loss": [
    3.2390593031809356,
    2.538157878887529,
    2.1983968912181444,
    1.5788991442439146,
    1.871105101526094,
    2.717797652623461,
    3.4646472181343415,
    4.865349174238266,
    4.051354494156743,
    6.049839886055179,
    6.354255386123084,
    6.572381167137046,
    4.2554378732588765,
    4.424780178376435,
    8.117195412089899,
    6.7322442793255926,
    5.192856483376972,
    4.030022556923989,
    5.5360490296227365,
    3.53098836323518,
    6.250061888683413,
    4.68545080581321,
    10.157146535826227,
    11.67750544163709,
    12.02742265467557,
    8.778293982301962,
    12.99294028339244,
    8.20808515528695,
    13.635208370704204,
    12.07120968214857,
    12.86607911542058,
    14.592192698878547,
    13.346092889631787,
    13.501650604470633,
    13.34866086140275,
    13.727337322818736,
    13.954552337701122,
    14.60480468377471,
    13.401032693559925,
    12.466610744620363,
    14.742227361438175,
    13.901590747013689,
    15.173771516357858,
    17.78420521641771,
    17.725138572876652,
    16.485700174259645,
    15.904654603004456,
    15.959000008894751,
    17.0902098946025,
    16.128836165542403,
    16.568959532268345,
    16.74329816115399,
    17.148528711829954,
    17.092985104806722,
    16.34526417716096,
    17.228995645393926,
    18.191708272149164,
    18.240390285812317,
    18.249975836599866,
    17.539304526957373
  ],
  "val_prauc": [
    0.5278203064249322,
    0.5416902926895907,
    0.5701677421008481,
    0.5660470477613025,
    0.5844617305487909,
    0.5774713048299215,
    0.6044858168092712,
    0.5828920865309867,
    0.5882393598457916,
    0.5186170145483271,
    0.5642789591140386,
    0.5649074256090232,
    0.6071148499810596,
    0.5972610248188276,
    0.5462482607052583,
    0.5536185169551987,
    0.5680659341418169,
    0.5999701097471961,
    0.6082837053056384,
    0.6156242257005541,
    0.5943687155491174,
    0.6116694008411175,
    0.610893692854179,
    0.5824072718082962,
    0.5973140814153949,
    0.6008548266826693,
    0.6126469094460765,
    0.642274660941729,
    0.614476608418109,
    0.6150937982131043,
    0.6169166621479214,
    0.5997662992770265,
    0.6411006003536501,
    0.6365944937735597,
    0.6399465237481029,
    0.6483280169759148,
    0.6508432101242212,
    0.6389799429510217,
    0.6507947342136343,
    0.6517056161058405,
    0.6347920305062846,
    0.6266762342969695,
    0.6251369485417945,
    0.6229795272571949,
    0.6169827170202017,
    0.6156664085475436,
    0.6271109968232248,
    0.6267100484271659,
    0.6214955426197338,
    0.6264306563296241,
    0.6261891582093929,
    0.6273429311315661,
    0.6278801864733926,
    0.6265851402481799,
    0.6318892542625528,
    0.6261690100455638,
    0.629859424572658,
    0.6263814528070476,
    0.6296360921866712,
    0.6348788966560346
  ],
  "val_f1": [
    0.4838709677419355,
    0.48484848484848486,
    0.527027027027027,
    0.5497076023391813,
    0.5714285714285714,
    0.5151515151515151,
    0.5671641791044776,
    0.4230769230769231,
    0.55,
    0.2736842105263158,
    0.2978723404255319,
    0.3469387755102041,
    0.5081967213114754,
    0.512,
    0.2978723404255319,
    0.4423076923076923,
    0.46017699115044247,
    0.49557522123893805,
    0.4380952380952381,
    0.5985401459854015,
    0.5565217391304348,
    0.5344827586206896,
    0.25806451612903225,
    0.1797752808988764,
    0.16279069767441862,
    0.23655913978494625,
    0.18181818181818182,
    0.4117647058823529,
    0.18181818181818182,
    0.2765957446808511,
    0.25806451612903225,
    0.20224719101123595,
    0.25806451612903225,
    0.2826086956521739,
    0.3125,
    0.2978723404255319,
    0.29473684210526313,
    0.24444444444444444,
    0.3125,
    0.3434343434343434,
    0.21978021978021978,
    0.3469387755102041,
    0.2765957446808511,
    0.16091954022988506,
    0.16091954022988506,
    0.24175824175824176,
    0.24175824175824176,
    0.24175824175824176,
    0.2222222222222222,
    0.2222222222222222,
    0.2222222222222222,
    0.2222222222222222,
    0.20224719101123595,
    0.2222222222222222,
    0.24175824175824176,
    0.20224719101123595,
    0.20454545454545456,
    0.20454545454545456,
    0.20454545454545456,
    0.2247191011235955
  ]
}