{
  "train_loss": [
    1.3194373744599364,
    1.242989494868204,
    1.2039797601970375,
    1.1933449240441019,
    1.1750656991985673,
    1.1871959118978352,
    1.1467800740654588,
    1.1281719516355095,
    1.1483685632124014,
    1.1224230654696201,
    1.093684767154937,
    1.1134319271601685,
    1.1243230696265578,
    1.121676024392987,
    1.1161362334346094,
    1.1184710217705855,
    1.1095054880947086,
    1.10730627453919,
    1.093974900161121,
    1.117038939016085,
    1.0958711504936218,
    1.098709834805617,
    1.080997332613519,
    1.0833283548659467,
    1.0896768295173105,
    1.1025015432783898,
    1.08458027180205,
    1.0842251798785325,
    1.0857499165737883
  ],
  "val_loss": [
    1.2742182285554948,
    1.4154370600177395,
    1.570614016825153,
    1.4534071549292533,
    1.380377169578306,
    1.2291207871129435,
    1.2972188188183693,
    1.5986299937771213,
    1.42540451019041,
    1.1772207502395875,
    1.2556068089700514,
    1.6333284281915235,
    1.4365198343030867,
    1.311899644713248,
    1.3060658785604662,
    1.1898664966706307,
    1.5472600363915967,
    1.2396330621934706,
    1.8170518317530233,
    1.267737876984381,
    1.3278904057318164,
    1.3181065763196638,
    1.3901797110034573,
    1.5597632354305637,
    1.3406759327457798,
    1.3125242590904236,
    1.3018443199896044,
    1.3551713208998404,
    1.5028026142428
  ],
  "val_prauc": [
    0.05885667379942017,
    0.06725065163507343,
    0.10979771192471019,
    0.07287151517935721,
    0.06552357327077361,
    0.07403319017092438,
    0.12783058566963584,
    0.1439771949444375,
    0.08257045133386448,
    0.14818717283947372,
    0.1422892129292697,
    0.14518657210786537,
    0.08796108016711605,
    0.15110160233772177,
    0.07970216578192141,
    0.13676702577946453,
    0.07615081897638538,
    0.13466668790920067,
    0.14337117799641125,
    0.12814036719205427,
    0.14065978019621594,
    0.1330982085829043,
    0.14175229327293717,
    0.141520503515754,
    0.14095959427302898,
    0.1399456201181172,
    0.1417370845908741,
    0.13466660797978233,
    0.1292184590912262
  ],
  "val_f1": [
    0.0,
    0.0,
    0.0,
    0.0,
    0.06896551724137931,
    0.08163265306122448,
    0.14814814814814814,
    0.0,
    0.0,
    0.14634146341463414,
    0.13953488372093023,
    0.0,
    0.0,
    0.0,
    0.10810810810810811,
    0.12,
    0.0,
    0.0967741935483871,
    0.0,
    0.11764705882352941,
    0.11428571428571428,
    0.12903225806451613,
    0.17391304347826086,
    0.09090909090909091,
    0.12121212121212122,
    0.125,
    0.14285714285714285,
    0.09090909090909091,
    0.09523809523809523
  ]
}