{
  "train_loss": [
    0.8322887259039713,
    0.7700944338271867,
    0.7481064520665069,
    0.7389384352449161,
    0.7188062015457533,
    0.7029142409414795,
    0.7062344877280999,
    0.7106568564229937,
    0.7013646250043936,
    0.7022680196892562,
    0.6865991838832399,
    0.697591559803901,
    0.6794795669726471,
    0.6827373724078658,
    0.6676382944358522,
    0.6692534379698151,
    0.6580947364740704,
    0.6714760493579789,
    0.6611447737584659,
    0.6618524915839902,
    0.6482484871475258,
    0.6416472454569233,
    0.6416527977333734,
    0.6406011791964669,
    0.6282290964577328,
    0.6341437461660869,
    0.6436300022685113,
    0.6294832379367221,
    0.6278556263565425,
    0.6159814791892891,
    0.6253032051212158,
    0.6325315664063639,
    0.6207629572692795,
    0.6260339097300572,
    0.6233567453142422,
    0.6224293172062926,
    0.6251847933773971,
    0.6238142409876212,
    0.623900296527948,
    0.6157518103348082,
    0.6142644458149203,
    0.6051490176376418,
    0.6167462297636478,
    0.6140844037580253,
    0.6056775219404875,
    0.6189795043041457,
    0.6129392941496266,
    0.6115335248299499,
    0.613147835085048,
    0.6119326015016926,
    0.6116242607434591,
    0.6181075460282132,
    0.6121875298260456,
    0.6003590540506354,
    0.6096761658120511,
    0.6230233336859081,
    0.6022854038138887,
    0.6046251347705499,
    0.6100865716661387,
    0.6088606563966665,
    0.6115629944338727,
    0.6047906125362833,
    0.6036567183869395,
    0.6166302951710734,
    0.6050895923998818,
    0.6137113302797821,
    0.6082873449693271,
    0.6149958231259341,
    0.6185717223888606,
    0.6068222610215049,
    0.6039898039689705,
    0.616451611936982,
    0.5999365913037636,
    0.6001500663769186,
    0.6025648127444347,
    0.6126353519769451,
    0.5998552278499698,
    0.5976729530896714
  ],
  "val_loss": [
    0.7391029738567092,
    0.7098009840331294,
    0.7140618718483231,
    0.716128770262003,
    0.7023046771911058,
    0.6942160847512159,
    0.6673137349161234,
    0.7444678013297644,
    0.7009981305084445,
    0.6689118004658006,
    0.6997674395414916,
    0.6667024909772656,
    0.6816171834414656,
    0.67533336376602,
    0.6704680228775198,
    0.6778392632576552,
    0.7930461459539153,
    0.7381576584144072,
    0.6704199734059247,
    0.6880393627692353,
    0.7010325569320809,
    0.6899716383354231,
    0.6718618067150767,
    0.6832527474246242,
    0.6730256388810548,
    0.6676344427872788,
    0.6915923898870294,
    0.679583758793094,
    0.6958222470500253,
    0.6885732385245237,
    0.6940406923266974,
    0.6691523732786829,
    0.6834658187898722,
    0.6643097688528624,
    0.6789441447366368,
    0.676954584704204,
    0.6782881014726378,
    0.6680542948571119,
    0.6695673760365356,
    0.6613640839403326,
    0.6652581370012327,
    0.665787087245421,
    0.6594992544163357,
    0.6591713547029279,
    0.6660202440213073,
    0.674312119118192,
    0.6658580665561286,
    0.6619093658571894,
    0.6694782704792239,
    0.6641896665096283,
    0.6743251789699901,
    0.6656113324517553,
    0.6671487672085111,
    0.6606753847815774,
    0.6719534878026355,
    0.6639329838481817,
    0.6700672740963373,
    0.6704558909616687,
    0.6751165847209367,
    0.676208452067592,
    0.6735010323199359,
    0.6785492531277917,
    0.6670437445017424,
    0.6670623018660329,
    0.6738206134601072,
    0.6724941364743493,
    0.6648889966309071,
    0.6738368624990637,
    0.6727695112878626,
    0.6695896068757231,
    0.6711094040762294,
    0.6758785122497515,
    0.66873664137992,
    0.6719659092751417,
    0.6691093824126504,
    0.6709622466428713,
    0.6783648041838949,
    0.6708072149618105
  ],
  "val_prauc": [
    0.4823789624662845,
    0.5441512003051373,
    0.5635463984361506,
    0.5741222534666724,
    0.5621747492810497,
    0.5712884309621734,
    0.5503683590668225,
    0.5372644012210611,
    0.5765868947558564,
    0.5864687832104197,
    0.5651634098914989,
    0.5515360152483291,
    0.5625799393399088,
    0.5870693072939182,
    0.5695134615913047,
    0.5730282786964968,
    0.5409553622971367,
    0.5674371746868513,
    0.5506558329610308,
    0.5754508899059111,
    0.5821816944341811,
    0.5745589586217709,
    0.5788641313400729,
    0.5790532469476081,
    0.5827952714268742,
    0.5826386283014026,
    0.5712510641977924,
    0.573912181036997,
    0.5878417607289558,
    0.5832522568098286,
    0.5851304763367309,
    0.5786471800081886,
    0.582708859915058,
    0.5845541367422633,
    0.5779713905195313,
    0.5901059099830998,
    0.5909978943742386,
    0.5872173088744632,
    0.5894872483060817,
    0.5903966129504701,
    0.5900990456160572,
    0.5900623663306447,
    0.5875398902790289,
    0.587530940633367,
    0.5951361831471196,
    0.5964963312657066,
    0.5929411478007645,
    0.5941896270733703,
    0.5933118974182917,
    0.5956231904651945,
    0.5949873084975208,
    0.5925423659891386,
    0.5970500420412987,
    0.5930032239188827,
    0.5989647823533089,
    0.5952417903739006,
    0.5968714420512735,
    0.5953464247675421,
    0.59502753082304,
    0.5982393423642338,
    0.5989713801472258,
    0.5980074717366399,
    0.6013750401650444,
    0.5936307546821505,
    0.6001143137063867,
    0.5995530568867614,
    0.5994108373131946,
    0.5931456534228188,
    0.5986282953093411,
    0.597149599004299,
    0.5964365025838835,
    0.598424370110854,
    0.598262489078864,
    0.5926988033222041,
    0.5985324804237685,
    0.5985890067407864,
    0.5964505157342948,
    0.5983732629309441
  ],
  "val_f1": [
    0.5330188679245284,
    0.5287769784172662,
    0.5514018691588785,
    0.5991379310344828,
    0.5683760683760684,
    0.5520504731861199,
    0.5875486381322957,
    0.5866666666666667,
    0.5719424460431655,
    0.5769230769230769,
    0.5422647527910686,
    0.5801801801801801,
    0.5532591414944356,
    0.5801011804384486,
    0.6119096509240246,
    0.596,
    0.5970149253731343,
    0.6050420168067226,
    0.5959183673469388,
    0.6178861788617886,
    0.5753424657534246,
    0.5996055226824457,
    0.5952380952380952,
    0.5924453280318092,
    0.5985401459854015,
    0.5917602996254682,
    0.6,
    0.5970772442588727,
    0.5992779783393501,
    0.5917602996254682,
    0.5916666666666667,
    0.5810276679841897,
    0.6004228329809725,
    0.5835010060362174,
    0.587991718426501,
    0.5909980430528375,
    0.5835010060362174,
    0.5889328063241107,
    0.5924453280318092,
    0.5900990099009901,
    0.5961538461538461,
    0.6003824091778203,
    0.5949119373776908,
    0.6019417475728155,
    0.5945945945945946,
    0.5968992248062015,
    0.5945945945945946,
    0.593320235756385,
    0.6003898635477583,
    0.5957446808510638,
    0.5988700564971752,
    0.5971943887775552,
    0.5931558935361216,
    0.596078431372549,
    0.5954198473282443,
    0.5984555984555985,
    0.591337099811676,
    0.5909980430528375,
    0.5951035781544256,
    0.594392523364486,
    0.5992366412213741,
    0.5923217550274223,
    0.5942857142857143,
    0.5896414342629482,
    0.6007462686567164,
    0.5996204933586338,
    0.600375234521576,
    0.5984848484848485,
    0.599250936329588,
    0.5884615384615385,
    0.5902255639097744,
    0.5850860420650096,
    0.6034816247582205,
    0.5889328063241107,
    0.5962264150943396,
    0.5935727788279773,
    0.5909980430528375,
    0.5925925925925926
  ]
}