{
  "train_loss": [
    0.9180897528474982,
    0.6478377326645635,
    0.49016542597250506,
    0.36858656562187453,
    0.34450956383212045,
    0.23769844477911564,
    0.2364608334081078,
    0.20432947036302226,
    0.17782368092395534,
    0.1733631842706183,
    0.15836955353998663,
    0.19983672199569727,
    0.12273724149616266,
    0.14378813824044878,
    0.10006799274230037,
    0.1509597802029351,
    0.1218309319734875,
    0.10381609447110597,
    0.1200045151429301,
    0.07805398319843251,
    0.06343206154617126,
    0.06625636618264252,
    0.08591607351461955,
    0.053046867804286274,
    0.04162579560910341,
    0.04427796039286394,
    0.0645229694681265,
    0.030650570853429763,
    0.026842694707573337,
    0.04455085843791163,
    0.0339989739381136,
    0.02734104769726028,
    0.045766371656828723,
    0.01801920107466644,
    0.02439903104358233,
    0.03409381979533712,
    0.016583864420554886,
    0.013184856027172807,
    0.03187309358343462
  ],
  "val_loss": [
    0.69790003331084,
    0.7385918827433335,
    0.6784431463793704,
    0.7285524191040742,
    1.306130728145179,
    2.01697804572943,
    1.0437997140382465,
    2.160541521679414,
    1.7902212817417948,
    1.7751849987789203,
    1.5130108671360893,
    2.1519003369306264,
    1.0358518785551976,
    1.5485055485838337,
    2.2460076568746254,
    1.5358131661226875,
    2.8919502820231413,
    3.128664736292864,
    2.2188452062638184,
    3.296113311950313,
    2.388700067212707,
    2.1777833918795775,
    1.792259599229223,
    1.8679531000946696,
    2.9240004867315292,
    2.281504366939005,
    2.6484886650976383,
    2.512462890069736,
    2.54780141283807,
    2.277888526061648,
    2.5119162692051185,
    2.1415151687044847,
    2.8067833447926924,
    2.7942763367961896,
    2.9014399602617087,
    3.152314240407003,
    2.944336634129286,
    2.9196289950295498,
    2.600314024541723
  ],
  "val_prauc": [
    0.6729516576624096,
    0.665028758156742,
    0.7071395385999146,
    0.7006236941358223,
    0.7070743186491039,
    0.7211354910724651,
    0.7052866463142892,
    0.730149478189651,
    0.7309286426756377,
    0.662491053978234,
    0.7421512423991357,
    0.7195949446173261,
    0.7536872001829725,
    0.719013233690327,
    0.7020674236478426,
    0.7208669498671603,
    0.7334301438638762,
    0.7359492528974769,
    0.7071941096734651,
    0.734264010131077,
    0.7488629254129514,
    0.743224121805508,
    0.7681249073809391,
    0.7700578962867073,
    0.7573322386326149,
    0.7420358794268849,
    0.7417365585878581,
    0.7320017798202478,
    0.7481503655018779,
    0.7589552094003065,
    0.7462613073274358,
    0.7542711686613185,
    0.7400838329602324,
    0.753845819657519,
    0.7463309561627294,
    0.7555549493417679,
    0.7474434247473082,
    0.753990190087359,
    0.7608252642025549
  ],
  "val_f1": [
    0.6343283582089553,
    0.6015625,
    0.574585635359116,
    0.580441640378549,
    0.6486486486486487,
    0.5524861878453039,
    0.6180555555555556,
    0.6326530612244898,
    0.6415094339622641,
    0.5945945945945946,
    0.6495726495726496,
    0.6278026905829597,
    0.6589147286821705,
    0.6297872340425532,
    0.5686274509803921,
    0.6387832699619772,
    0.5968586387434555,
    0.5894736842105263,
    0.6434782608695652,
    0.6137566137566137,
    0.6509433962264151,
    0.6509433962264151,
    0.6995884773662552,
    0.6919831223628692,
    0.6473429951690821,
    0.6902654867256637,
    0.6509433962264151,
    0.669683257918552,
    0.6425339366515838,
    0.6952789699570815,
    0.6696035242290749,
    0.6530612244897959,
    0.6576576576576577,
    0.6636771300448431,
    0.669683257918552,
    0.6604651162790698,
    0.6515837104072398,
    0.6575342465753424,
    0.6637554585152838
  ]
}